iteration,Acidification,Climate change,Climate change (biogenic),Climate change (fossil),Climate change (land use),Ecotoxicity freshwater,Ecotoxicity freshwater (inorganics),Ecotoxicity freshwater (organics),Eutrophication freshwater,Eutrophication marine,Eutrophication terrestrial,Human toxicity cancer,Human toxicity cancer (inorganics),Human toxicity cancer (organics),Human toxicity non-cancer,Human toxicity non-cancer (inorganics),Human toxicity non-cancer (organics),Ionising radiation (human health),Land use,Ozone depletion,Particulate matter,Photochemical ozone formation (human health),Resource use fossils,Resource use minerals and metals,Water use
1,0.15902682983637978,14.401232604080834,0.03582826917962186,14.255490548441816,0.10991378645939569,474.9570808146143,470.14167229850057,4.815408516114435,0.026550479062569417,0.028711569760481614,0.3125938201986035,8.059111111619733e-08,7.660542872028173e-08,3.985682395915601e-09,7.443174624366177e-06,7.4178136534341576e-06,2.5360970665363456e-08,1.428457484826284,127.87521723575945,1.9502942446514006e-06,9.820398325263822e-07,0.08325023496030434,201.1213956757773,0.008181280515173877,-216.05966378527864
2,0.1733324358379605,15.705251515175854,0.037638723234179515,15.577356521878498,0.09025627006317771,1045.008486730054,1040.0050926426584,5.003394087395727,0.027135797635481275,0.029424814769682783,0.3311897167205801,-3.791456332231449e-07,-3.871346557366318e-07,7.98902251348694e-09,-4.7150191929872814e-05,-4.7177149303204646e-05,2.695737299407045e-08,0.8215611042951622,62.12258295888551,1.5890749110204636e-06,1.2173079971113847e-06,0.08558623774658235,215.5310540838371,0.009072151026657009,-975.5708253628336
3,0.18169203703534764,16.85158905339995,0.04041219124702776,16.726305401450208,0.08487146070271509,572.2313585877446,565.8485828280403,6.382775759703246,0.023995832231594152,0.031973442662434515,0.36301510248742985,8.090689738338586e-08,7.39481660662072e-08,6.95873131717863e-09,7.475888734492355e-06,7.449406037278387e-06,2.648269688141478e-08,1.4813894347217542,-18.535492060978513,1.3752244519160446e-06,1.0125372436209693e-06,0.09133312121977608,226.7196990458931,0.009228099069088093,-34.40701890571381
4,0.1724055942896701,15.592721111759351,0.04380289893106009,15.45601038528981,0.09290782753848345,698.313819555544,693.8774895968805,4.436329958662676,0.02797675889327123,0.025753089310729192,0.30181832453857727,4.2841553467815254e-07,4.239624171439099e-07,4.453117534242713e-09,4.985214206930901e-05,4.982148844678815e-05,3.06536221026055e-08,5.367876738344062,95.54182845568035,2.152436335489344e-06,9.97261477759638e-07,0.07749024470609486,217.82139757855978,0.008927284570121858,225.52511919387416
5,0.16928721450336048,14.605768751970894,0.035884793175970695,14.469601363211984,0.10028259558293963,413.5917361542403,408.09272438159627,5.499011772644208,0.025809624588491942,0.026934307324629533,0.3266302492174812,-4.278686077024255e-07,-4.3387090624670974e-07,6.0022985442841255e-09,-5.368874531395317e-05,-5.371418873440753e-05,2.544342004580962e-08,3.585491723386486,103.24704413725539,1.5091724426705726e-06,1.703576015026981e-06,0.07753000314151681,199.12607527145968,0.00829166232167382,289.3833112631319
6,0.16929448477985962,16.008249234682687,0.04375739912114153,15.87419147027018,0.09030036529136563,559.45292519265,554.7718285152383,4.681096677411211,0.02718839094182214,0.027185937138692856,0.30252535445954765,-8.538664888097118e-08,-9.117844896914575e-08,5.791800088174557e-09,-1.2409512045955e-05,-1.2436312597172091e-05,2.6800550579171435e-08,1.2672682939075164,169.27450041248716,1.2656490660492868e-06,1.3321388828649466e-06,0.08158959204205814,204.4324050208039,0.008990047744698717,-415.0111394212654
7,0.16443586759626516,14.518730452570098,0.04027169364979668,14.380975017918718,0.09748374100158345,681.0543056621902,676.8122188549999,4.2420868071903515,0.025397463218313848,0.027339325862601554,0.3177081658159372,2.3084591204585442e-07,2.2594350701904245e-07,4.902405026811993e-09,2.5730710344772403e-05,2.5703535091721055e-05,2.717525277975503e-08,1.368922998415023,-31.2890085265241,1.1276744820918717e-06,8.399566924923915e-07,0.08051798756527484,192.55380672655912,0.008372170341760191,-208.69538376331093
8,0.18193265195813574,17.729397526293894,0.043786046013920825,17.569657639236297,0.11595384104367612,603.5207125927519,598.0630838566228,5.457628736129543,0.028993103942222178,0.029042731449272798,0.32565540099450513,8.195343532576913e-08,7.688952285826829e-08,5.063912467500854e-09,6.584947404636004e-06,6.5570615260721704e-06,2.788587794362074e-08,1.997215495178565,36.1390731828363,1.5459828060514143e-06,8.620856221227558e-07,0.08603415918194504,229.54458895811064,0.009453053309450178,-505.8831457989136
9,0.16410615221136016,14.404597858245623,0.037507913084639966,14.285379701720291,0.08171024344069147,691.3164772293521,685.9363418198635,5.380135409487985,0.02517297386251851,0.0265969564179655,0.30176060561710133,-3.228217842811701e-08,-3.5871982881503806e-08,3.5898044533868074e-09,-3.652702497622759e-06,-3.680368061240487e-06,2.7665563115153276e-08,1.3535952279424983,114.04173868302297,1.2263279409894193e-06,1.105833431498921e-06,0.0792815332179586,180.51735777461744,0.008479863354569309,11.532218872504018
10,0.16933682942230915,15.186553912269417,0.036719858371045945,15.059621480214032,0.09021257368433748,503.86418100293656,498.2013365774805,5.662844425456539,0.025547692264263688,0.030221388497562948,0.3413107817673945,-3.9253337788483455e-07,-3.9989498509391107e-07,7.361607209076608e-09,-5.0167271954920134e-05,-5.019175962405546e-05,2.4487668742063705e-08,1.1729674910347012,42.697762893444185,1.403950393747155e-06,9.446875021691704e-07,0.09083532030838318,195.68077688410781,0.008285141242398611,738.3280304275331
11,0.1667574509841727,15.789605746877708,0.04299998814607213,15.664605381800525,0.08200037693111253,613.4830882001504,608.2227066000606,5.260381600089879,0.029185355715500568,0.027462137721578316,0.29621938429034966,3.575689238300603e-07,3.5251256176108467e-07,5.056362068975699e-09,3.97452870680379e-05,3.971782774191467e-05,2.7459325612360817e-08,1.8868782093036827,-29.883976367887392,1.242686043917471e-06,9.295048974254344e-07,0.08198518923622139,218.85201919019585,0.008683250554032474,-325.9649743563232
12,0.17426047793436658,16.576655639913874,0.037667985628959615,16.437482063542745,0.10150559074216435,715.1804759845676,709.8641751239193,5.316300860648431,0.03398251856984084,0.028745862323978157,0.3173878095493932,2.58486118556561e-08,1.7517923518357112e-08,8.33068833729898e-09,1.582165165408597e-06,1.5560304623301213e-06,2.6134702671923152e-08,2.4899628576373622,39.15035733479321,1.344422531699903e-06,1.055827589828101e-06,0.08496618397559419,214.85528033056218,0.008855258154445456,326.80070200405044
13,0.175852292442002,15.737384359969399,0.04180808547054532,15.598829485015232,0.096746789483624,664.863701376438,659.8067731729429,5.056928203495033,0.03382955063561953,0.028685623129264665,0.32179092080995114,3.5672585359926214e-07,3.522677719334886e-07,4.458081665773447e-09,4.1411959057631116e-05,4.138495074279667e-05,2.7008314220069364e-08,2.01770729528848,252.8265782266226,1.6693334911798038e-06,1.0417935018407966e-06,0.08621387702735081,212.93674018180175,0.008774972239139317,477.8066124035158
14,0.166257073664665,15.392996949188612,0.041385313172060706,15.255055796857217,0.09655583915933372,556.975744415655,552.0232573828572,4.952487032798177,0.02801997626124701,0.02460340356401713,0.28391859175941087,1.5455647776064854e-07,1.4937529498777428e-07,5.181182772874279e-09,1.4922449010991188e-05,1.4895788960123277e-05,2.6660050300084223e-08,3.4384656916069662,74.05451886146851,1.4489351715146513e-06,1.102130678439618e-06,0.07588360019276881,212.88793931770132,0.008686097203479399,-387.43390817159525
15,0.18098432353557548,17.311206155872448,0.043968775427568295,17.169769015081044,0.09746836536384312,685.1189150157534,679.2800397636344,5.838875252119964,0.0282146844032988,0.031537641514560254,0.3450397148503943,4.854565650878009e-07,4.797316799390079e-07,5.724885148792998e-09,5.5754813562485706e-05,5.57265296393886e-05,2.8283922831311958e-08,1.1224430498387372,-31.235146122005016,1.6603970525781486e-06,1.367747014531879e-06,0.09125447292314441,234.09485018387142,0.009386102962056898,-180.03969028637584
16,0.17596430741102803,15.546238126616622,0.04353922419917546,15.425563609192924,0.07713529322452178,662.952617418303,656.0500204741369,6.90259694416711,0.03180831737245273,0.030234215414652894,0.3379737081306594,3.3351670915780315e-07,3.262824615313095e-07,7.23424762649378e-09,3.6030610905826345e-05,3.600381758271633e-05,2.6793322773035018e-08,1.2392014975771328,-510.7838564341388,1.260412176620114e-06,9.512417135357353e-07,0.08822153299380425,205.8772590848142,0.008970438796431036,-554.100918636248
17,0.18361254303352917,15.202975938747754,0.041527574007983015,15.059462610647216,0.10198575409255176,575.4034148963493,570.0176823921308,5.385732504218705,0.02157952899371692,0.03384254531601669,0.37875069570572706,2.7744278853128834e-08,2.2232438696282183e-08,5.511840156846625e-09,1.9299341077412776e-06,1.9041969347755626e-06,2.573717265305497e-08,4.805093157473121,163.02783781386185,1.1664965718624218e-06,1.1003303216539722e-06,0.09578620619345397,206.09034514943323,0.009205043322315162,567.5241603373124
18,0.1658901340256422,14.612567797972892,0.0361267009459954,14.472118268187883,0.10432282883901398,587.4862861780917,581.5424480848047,5.943838093287565,0.026234160116901346,0.027690230625010536,0.31905024245112196,-2.9580527604813907e-07,-3.0062338587632964e-07,4.818109828190594e-09,-3.551567064398291e-05,-3.554138971657721e-05,2.571907222644147e-08,4.473596771093173,259.29079996252284,1.1205307748957991e-06,9.289159101235384e-07,0.08185235196985827,199.97518258595957,0.008288060523977264,308.3102996912485
19,0.1544319433510877,14.743323740014812,0.03810645050439551,14.624036372897695,0.08118091661271984,607.5473009989523,600.9944418094896,6.552859189462122,0.024857190656092654,0.024326538169294188,0.27298928313725096,6.196989734209719e-09,1.7164382517965891e-09,4.480551482413128e-09,-2.4200161283451713e-07,-2.6789149196535e-07,2.5889878661712402e-08,1.0422628931649625,27.146211588421288,1.2295143739743297e-06,1.375931314269015e-06,0.0759706419107883,192.51482471785488,0.008073256180166749,225.9988524866967
20,0.16559380829058803,15.247364720007827,0.03888633034544008,15.133579805688969,0.07489858397341762,528.6736375470803,524.2831397943463,4.390497752733813,0.04495474479589589,0.02904261264951645,0.31874055972513216,4.45058696145078e-08,3.8616883735594963e-08,5.8889858789128256e-09,4.951685765429927e-06,4.923553917585111e-06,2.81318473700572e-08,3.4068608234447204,42.33490076343057,1.3107151307120958e-06,8.876647757277602e-07,0.08683843750313175,199.93699167536113,0.008619394938838586,-567.103754012127
21,0.17436964995167564,15.074925257548884,0.04466423137499993,14.93558014924527,0.09468087692861482,529.5509772225183,524.3064172135507,5.24456000896725,0.027896420190115505,0.028224227920661264,0.329586333881819,3.4504115871117616e-07,3.409597018662028e-07,4.081456844973391e-09,3.8660243682473484e-05,3.863380247010602e-05,2.644121192315417e-08,1.2538933986397347,47.64493048219942,1.2202475303224106e-06,8.704816299545729e-07,0.08320472581533293,202.39395693907628,0.008467164623848724,-791.6833345633922
22,0.18406324730157647,16.606318214670495,0.04276969116921866,16.454312485752524,0.1092360377487509,603.5769300423625,598.1565601897353,5.420369852625482,0.03449010606605298,0.029892690268166384,0.3587449976304961,2.2406074783158793e-07,2.1878524758716433e-07,5.275500244423609e-09,2.5053387427636084e-05,2.5023525406328258e-05,2.98620209036536e-08,1.4940162721138908,62.361496348657234,1.2795145302926134e-06,8.650278127585944e-07,0.08777734286632921,219.8394006797247,0.009203690531741915,395.8797028506933
23,0.17389950376706864,16.40760534597845,0.04138576889326775,16.27386120066242,0.09235837642276185,673.0315134823522,668.5045561601781,4.5269573221747335,0.023388674105929715,0.0297587173298702,0.3266440427960041,-3.057921731072432e-07,-3.1121742897266513e-07,5.425255865421931e-09,-3.682360630193665e-05,-3.684953896246947e-05,2.5932660185273593e-08,2.867386856202629,93.90852644580616,1.3304814960171935e-06,1.0149559018772977e-06,0.08746741528990602,217.74459339805898,0.009644919234642597,525.7655440790049
24,0.16817683436335223,15.030176616615755,0.03515022230667801,14.922657606713583,0.07236878759549584,679.161751950288,674.9526831252336,4.209068825055155,0.029297135624640123,0.028020348335169042,0.31062427438755785,1.484860892420945e-07,1.4403056811419065e-07,4.455521127903924e-09,1.4923658052201386e-05,1.4898946452934743e-05,2.4711598713063736e-08,1.169074313875105,310.8184723375219,1.1039747566550943e-06,9.59429212756654e-07,0.08138420853717343,203.17933920043103,0.00845516029943737,-22.282078477248433
25,0.17724069633878572,16.708749616040965,0.03896828428857671,16.594422537152028,0.07535879460036232,692.0462428363808,686.9104729890076,5.135769847373868,0.023933157219878588,0.02910912158279129,0.32078475450142774,-4.776569104754842e-07,-4.832088703083717e-07,5.551959832887522e-09,-5.881221438136627e-05,-5.884329736630157e-05,3.108298446987992e-08,19.326514082739905,135.42751552582266,1.238592194399762e-06,1.0250543323108675e-06,0.08708359351153115,214.52204950340638,0.009097374897139476,-568.0367103343906
26,0.18025888291745648,16.53391888396939,0.04047658960236534,16.384999672442994,0.1084426219240262,578.2124267380057,573.1887303973799,5.023696340625424,0.033039637753981985,0.026812701386601037,0.3076766222709559,5.7564746174019476e-08,5.225084433637965e-08,5.313901837639835e-09,5.375517773675623e-06,5.347063564468154e-06,2.845420860002664e-08,2.5905471435923983,80.97557733872375,1.338286981124668e-06,1.1369834395117884e-06,0.08129262997077366,217.14106523085772,0.008946375061483098,237.9114993489111
27,0.18008408276806281,15.968923338635868,0.040635000486438984,15.873805536490902,0.0544828016585289,685.2580277900262,678.5160184308603,6.742009359166382,0.041591501995287224,0.035156619549341676,0.38520446994118385,2.810359627324077e-07,2.7550274919073564e-07,5.533213541671949e-09,3.282517502565782e-05,3.2798033534558905e-05,2.714149067456459e-08,1.9265246026028708,124.66303211950869,1.3513114371242716e-06,9.756221074199908e-07,0.10094355049784194,225.33075618870078,0.008785023097198833,267.5597007450815
28,0.1612180149272802,14.69583381082979,0.03763824988902576,14.540996386028894,0.11719917491186843,630.1730800337524,625.4096455357691,4.763434497983363,0.026118274182136515,0.025272014831177532,0.29875289569289004,5.780990644342642e-09,9.37107777720209e-10,4.843882866622439e-09,-2.977534218930522e-06,-3.0042348679274222e-06,2.6700648656786094e-08,2.3677778085756596,36.142353479124885,1.135827784183301e-06,9.130483965852973e-07,0.07486130716342036,193.87459413132976,0.008510066392107508,-581.79361837959
29,0.17412382318607286,16.137952267718504,0.044512707142933275,16.026634064779245,0.0668054957963243,828.0963238740594,823.3798678811604,4.7164559928979255,0.029887332803948247,0.029326992314148256,0.3283057488334464,-1.481354074675011e-07,-1.5419478699447658e-07,6.059379526975494e-09,-1.9238203684065346e-05,-1.926358565182548e-05,2.5381967266848824e-08,2.7124105194917734,8.749664531114224,1.2293487923550919e-06,1.0584500810515553e-06,0.08742312118705631,216.4177846577875,0.008951930393656264,690.1428479765727
30,0.1798361115451324,17.460826006051228,0.04733125904350735,17.33546415768358,0.0780305893241401,588.2010735842383,582.8861559063431,5.314917677895085,0.034645826201846155,0.033041770252704335,0.3586627785392324,2.6652499081819124e-07,2.607866917596259e-07,5.738299058565411e-09,3.0290054409845454e-05,3.026144486703007e-05,2.8609542390880545e-08,1.4274895114924673,-29.152017790888042,1.7772410267857508e-06,1.1443087884126318e-06,0.09748487363185335,239.31241588981862,0.009246463057659407,527.3658364364819
31,0.16904479851714335,15.346630065463966,0.039889831643409056,15.21385863044179,0.09288160337876628,725.6799377462744,719.3576372673907,6.322300478884576,0.02614670486319928,0.030050126392885613,0.32875462447833037,1.322131257511924e-07,1.2573911344955225e-07,6.474012301640087e-09,1.4408378627665308e-05,1.4380555491321215e-05,2.7823135868203716e-08,1.0899733393089914,19.07331488375903,1.011997613120767e-06,1.0865254991433052e-06,0.08783391395205639,195.73260657305138,0.008952101151125491,-85.87928072024351
32,0.16813850023071025,15.907050991403112,0.03887642674364203,15.759717861480276,0.108456703179195,646.3928571150801,641.5500023540466,4.842854761034848,0.02846479152677073,0.026692816709548397,0.28694423279544484,9.098069999828295e-08,8.613046718621387e-08,4.850232812069101e-09,7.401697762444758e-06,7.3766042492893866e-06,2.5093512792786098e-08,1.197332945526501,-24.750178388375893,1.5490812520433652e-06,9.890904534666143e-07,0.07982997265107622,205.0693447351397,0.009176933536970931,211.73081058698608
33,0.18048052906495565,17.177019120734457,0.042884603103778104,17.057449353489623,0.07668516414105105,558.0320767766618,551.7922025830654,6.2398741935954485,0.023259520230815164,0.03053916888838942,0.33906129682443364,9.482922909392914e-08,8.941304491023821e-08,5.416184183690965e-09,9.664507816958381e-06,9.637424905628736e-06,2.708291080273513e-08,1.210518353754376,35.12656717654336,1.1873727810424991e-06,9.227293442604031e-07,0.09138747343688348,215.46670199451708,0.008612709945503306,294.9927358847053
34,0.1683486116495629,14.847015583110258,0.0425672144724428,14.712279127913469,0.0921692407243479,756.5243059219808,751.2115946246083,5.312711297373161,0.02481145445031151,0.030768273274649306,0.3365136248144804,-6.973686973694752e-07,-7.023271424846793e-07,4.958445115204005e-09,-8.401615156165307e-05,-8.404225265785463e-05,2.6101095841545475e-08,2.311279358995631,192.28785347007937,1.2411053732026795e-06,7.281411057752833e-07,0.08958739969562729,191.18795955914308,0.008583555260796932,-80.71206452773185
35,0.166439741613723,15.305612545409613,0.04071871668940121,15.197377593162612,0.06751623555760014,567.3511040482633,562.8858335008197,4.465270547443564,0.024197552683696073,0.026144333839236443,0.30006118880778304,-2.5429962711026486e-08,-2.9788718757315048e-08,4.35875604628858e-09,-3.5273875760401842e-06,-3.5563305249162e-06,2.894294851328279e-08,2.240990380789622,121.5629630334571,1.5105793834459568e-06,1.5748114440432192e-06,0.07966081598844026,205.16437193036114,0.008599820121892839,1145.1953720961756
36,0.1543416397256189,13.771740298877521,0.0369675062695888,13.663947769932633,0.07082502267529892,563.481865832014,558.2620631349697,5.219802697044204,0.023399503116617506,0.02534342694588298,0.281291938319347,1.0289596258601532e-07,9.871795546839121e-08,4.178007117624092e-09,1.0555650002605839e-05,1.0530392572314026e-05,2.5257430021404394e-08,0.8830801066474825,-195.14575250801815,9.566406412002352e-07,1.2029452230090768e-06,0.07614666551447491,189.70061371337408,0.008054225264245532,212.58809482675588
37,0.16759286926110184,15.160455590659296,0.037723443840661584,15.04460224893051,0.07812989788812766,657.9558441220809,653.5729064797274,4.382937642353736,0.02348407601608352,0.028723825392068938,0.32853027617292047,1.5449326530917784e-07,1.5030415692828453e-07,4.189108380893295e-09,1.6812097465555237e-05,1.6786010635366016e-05,2.608682982961277e-08,1.0272637538359244,315.4433216393439,1.2028682097637816e-06,1.0418064337987714e-06,0.08428265349529429,202.00138808181393,0.00879966004761614,-370.8872633957217
38,0.17016773321898734,16.375234694868833,0.040393986798525065,16.23347364654753,0.1013670615227816,464.12165474044565,457.15293393379915,6.968720806646658,0.036878362153511285,0.025900329591905653,0.29419068964581924,8.868163868990028e-07,8.824650067399972e-07,4.351380159005393e-09,0.00010528410287734825,0.0001052568224139808,2.7280462901005197e-08,0.9895884936611186,164.6090703256433,1.2062796760599936e-06,9.216674502756896e-07,0.0764742323064057,216.1459327150322,0.008539102221121512,-704.4592590932525
39,0.18496934468507467,17.181207522311343,0.04219256549714364,17.045548876525757,0.09346608028844529,727.4441257987714,722.1959706861719,5.248155112598955,0.03148175116584537,0.034579158514013754,0.387979542318464,-4.5613879172879563e-07,-4.6227091154933765e-07,6.132119820542129e-09,-5.630186032561349e-05,-5.6329345533322334e-05,2.7485207274758814e-08,4.459984126212476,407.09529852730816,1.388854272211522e-06,1.1079105813011888e-06,0.10057550234754663,230.96757758605355,0.009055828889769366,54.98499870435171
40,0.16642306144047167,15.596159164009237,0.041542064456118064,15.481149535452747,0.07346756410037023,752.0130434341446,746.6458447294024,5.367198704742609,0.024115313519805497,0.024587045833969895,0.27691308176075363,8.583587466504692e-08,7.808319905601122e-08,7.752675609035712e-09,8.309349524827251e-06,8.283809510593837e-06,2.5540013896887966e-08,1.4575757424964693,195.39313118939234,1.2418757398693784e-06,9.22664914231849e-07,0.07310778195073468,202.66393355238472,0.009005531941155307,-1131.5374001675
41,0.1749321351172415,16.886060622727705,0.03885413762095431,16.750496201662564,0.0967102834441862,775.6636003510239,769.6255409986168,6.038059352406546,0.03066514185722418,0.028839078936435572,0.3142466816968649,3.4136941876700093e-07,3.3553618495012625e-07,5.833233816874726e-09,3.838450924359535e-05,3.835602575661982e-05,2.8483486524955982e-08,1.9292897553412307,72.52696592544598,1.9258682759950827e-06,1.5186589971515035e-06,0.08420512367552827,219.69792210371781,0.009205982842315486,-72.91663892645192
42,0.1746610882609345,15.848371168891525,0.04214670027834731,15.685835614992811,0.12038885362036618,590.0263118359736,585.4326782847842,4.593633551190114,0.02762966326620475,0.03191419941154391,0.3606270614611615,-4.889963095839769e-07,-4.946916568212318e-07,5.69534723725504e-09,-6.109529459845029e-05,-6.11219184336192e-05,2.6623834863618746e-08,1.7612917453635561,68.37193972464584,1.6839954501825522e-06,1.1889732686614438e-06,0.09308056508198372,215.95489165257817,0.008981509874465764,-2.1840860078773403
43,0.16420739799798922,15.40634589365837,0.04136673891054857,15.287361061881631,0.07761809286619069,671.6376389531554,666.4794602098281,5.158178743326373,0.033599911003824395,0.027648015664368936,0.30768044682992235,2.854729613327191e-07,2.799365725242863e-07,5.536388808432719e-09,3.1483003170921686e-05,3.14557914948705e-05,2.7211675695498387e-08,1.3126085660397715,200.5879147506872,1.1815220490697236e-06,1.0349549662967183e-06,0.08095320170202801,200.0585518633649,0.008701123089239293,-325.3843921532434
44,0.18596799368951333,18.225313204837914,0.04741233159951782,18.08266729157164,0.09523358166675742,666.9521195849748,658.3758914265502,8.576228158424136,0.031208618466722036,0.0305558623239296,0.34056831885140754,-1.2171131234533045e-07,-1.2784669768789873e-07,6.135385342568317e-09,-1.6160678962938255e-05,-1.618711351945235e-05,2.6434555959083407e-08,0.957569356555755,159.11455198984976,1.883514180002861e-06,1.1070990760805505e-06,0.0895826762818202,228.31321857447213,0.010238313168300338,-426.05072036955244
45,0.16399820343505436,15.510662436151584,0.0393255865779714,15.402869288644734,0.06846756092888029,510.846648644965,505.91006761870557,4.936581026259151,0.02491961496699401,0.025298316369121346,0.27560579356907344,-8.017433064074509e-07,-8.05745230667147e-07,4.001924259696174e-09,-9.560036081039394e-05,-9.5628285661945e-05,2.7924851207648194e-08,2.3020907286448473,181.85351554641625,1.4639412441040292e-06,1.1036251831864509e-06,0.07506714041071663,201.470187038304,0.008893516604719888,106.12337888579532
46,0.16922571669796313,16.119234976690354,0.04249093771949621,16.00776738947061,0.06897664950024708,784.3172473229686,779.0182354667825,5.299011856186281,0.027190554481581145,0.024946678335834825,0.2967538093300749,1.5629695238647467e-08,8.826555055108834e-09,6.8031401835386374e-09,-2.2999336304861766e-07,-2.572242150595667e-07,2.7230851684431966e-08,3.521751816652819,54.70794648040277,1.7011323405295774e-06,1.2898946109744407e-06,0.07665264930425264,223.2003482855243,0.009445278316283811,-133.05257724542662
47,0.17474702708148743,14.606494645666682,0.03923283518837397,14.480335828749933,0.0869259817283748,583.923137902258,577.6883597940755,6.234778108183108,0.039974539063374843,0.029831591813278494,0.36068723345341347,-7.499883945140586e-08,-8.064638464190949e-08,5.647545190503629e-09,-8.61501646330277e-06,-8.64030544656205e-06,2.5288982879958216e-08,4.266822535650137,236.8233387592608,1.0638096265135375e-06,1.3071504939163895e-06,0.08663967797943262,191.58125325862807,0.008425627647324794,1.8067033901597824
48,0.16458454054755256,14.683132642201315,0.03942833495283067,14.557972276550025,0.08573203069845774,625.6940510434644,620.7388219017872,4.955229141677152,0.02807751485356924,0.025925710075415918,0.3103593937925782,2.7108200951072705e-08,2.0967044938339412e-08,6.141156012733292e-09,2.3359468507453185e-06,2.308678054350126e-06,2.7268795874050425e-08,1.0030119009396996,43.002806930499936,1.7480941528231602e-06,8.319988072284038e-07,0.075976204970647,201.6810493687222,0.008614557225783165,-263.85979079457775
49,0.17688312488626343,16.280876417317128,0.0417553742738487,16.167473905226743,0.07164713781653882,680.1115111854391,673.2744490171902,6.837062168249962,0.02588367758067019,0.03067922657303944,0.3392904273847945,-4.010040395586207e-07,-4.0600567086201927e-07,5.001631303398564e-09,-4.9343872468917145e-05,-4.9369830256719625e-05,2.595778733108753e-08,1.9561768556104515,17.187574893374013,1.4574937628880872e-06,1.351335292453358e-06,0.0899726421649355,211.04778837388318,0.009052762516286962,770.7291391326462
50,0.1807630317400249,17.115054629858726,0.04653863503504787,16.981816628783655,0.08669936604002154,702.5038098317965,695.0912562492575,7.4125535825382345,0.028098509031756723,0.0322067829889127,0.3528936006823158,-4.511912627536175e-07,-4.5871515365799225e-07,7.523890904374649e-09,-5.615068162456424e-05,-5.617964634982502e-05,2.896472481008037e-08,1.1689276934227482,-218.33934977368463,1.4378215934158037e-06,1.014722619116162e-06,0.09561026460752917,226.19820821965044,0.00951755074633248,180.36514884322878
51,0.1798735031201017,16.012759732405563,0.04373398665562936,15.874080337952996,0.09494540779693912,614.9084860351841,609.6072893558786,5.301196679305325,0.03590310341038843,0.03099244523970162,0.36008218707834677,-8.156351532189225e-07,-8.20634216076123e-07,4.999062857200372e-09,-9.932711620814542e-05,-9.935230673386992e-05,2.5190525229064673e-08,1.2342800978455406,403.1740203103987,1.1584457871864237e-06,1.1187520376494525e-06,0.09029461063135143,226.15596332393753,0.009562794151048468,-64.10311887402622
52,0.17712901443485762,17.332007400365608,0.04228022840144932,17.20674177080719,0.0829854011569703,605.0496574418664,600.9034548040786,4.146202637787931,0.03382731389027052,0.031080443294970322,0.3334911059687754,-3.501335955491993e-08,-4.065607580663435e-08,5.642716251714409e-09,-5.4453381120711105e-06,-5.471929201458715e-06,2.6591088982026144e-08,1.9167594942879242,108.11703460942306,1.4570897694469679e-06,1.0901914906287403e-06,0.08949768446413738,226.0485329926724,0.009298771739985019,-54.72851829904721
53,0.15255651578154644,14.234575169555123,0.03853117919040864,14.12815574261622,0.06788824774849456,512.4931184265419,507.9936949522837,4.499423474257813,0.031422108081866955,0.023433401250825457,0.2565665051281215,5.952943143065709e-08,5.507458030705962e-08,4.454851123597467e-09,5.2074696061361205e-06,5.182160019594315e-06,2.5309586167258838e-08,2.2444302945638617,40.76732792333881,9.443842140842516e-07,1.0990558156986416e-06,0.07047880083740568,197.78786824718208,0.008498946190564035,-118.55118198987657
54,0.16579868887616347,14.044137509130822,0.03979698448035975,13.917477716170213,0.08686280848025338,456.0176553749785,452.0348489810172,3.9828063939612544,0.03278770774680375,0.027327594661178473,0.3126456107098838,4.053838566676502e-07,4.010145879748825e-07,4.3692686927677065e-09,4.589945510339623e-05,4.5872435152078234e-05,2.7019950938302005e-08,5.106488910520501,87.80965163021428,1.2158915595923679e-06,8.474312943414183e-07,0.08002186943467944,191.12523357786867,0.008566934569305157,-447.4577691864388
55,0.17875251326899388,15.838778046389177,0.038206993859664654,15.707012710091512,0.09355834243800218,577.2688913890569,571.9221227396058,5.3467686494513815,0.03056722614697681,0.0331693145266508,0.3677567689684846,-2.962629659264074e-07,-3.008560152403583e-07,4.593049313950862e-09,-3.703062342362481e-05,-3.705640303840707e-05,2.5779614455342975e-08,2.5967163165529037,19.052128450388015,1.5203151726357135e-06,9.528016132005949e-07,0.0957583821613434,214.17236387768043,0.009371242251382582,77.04706058044394
56,0.1734909716672811,15.013478711458404,0.039634272481966236,14.896921226760949,0.07692321221549174,515.9047777969611,509.2314475856091,6.673330211352207,0.03451793279912984,0.02947387013275234,0.3493122273892669,5.519788585313131e-07,5.457926184275952e-07,6.186240103717868e-09,6.194255731597058e-05,6.191547041646901e-05,2.708689906150592e-08,0.7859937114938037,218.3428012841734,1.5659876104982433e-06,9.180265470892421e-07,0.08505482898923708,203.53448240861542,0.008590969597851874,-923.8288988515624
57,0.18297576995099707,18.32262872895562,0.04412368197189068,18.20160167823183,0.0769033687518995,710.5814966284984,704.9856946099662,5.595802018532051,0.02453190527052497,0.02960006286988651,0.3314752562334405,-6.169083640536062e-08,-6.738621436271736e-08,5.695377957356731e-09,-8.800205135113457e-06,-8.827129115978614e-06,2.6923980359842628e-08,1.2942471106951197,122.07308965790804,1.7062814615852344e-06,1.3069250708677855e-06,0.08892794069062755,240.8168367790899,0.009817550594892116,270.74321188423255
58,0.17996652047974585,16.33698238701355,0.04324022270272608,16.19923730406126,0.09450486024956348,792.55398584458,787.2739355384361,5.280050306143828,0.037057831903578156,0.030337495704048544,0.3378449157303244,5.826275351167226e-07,5.776427882104005e-07,4.984746906322171e-09,6.648709776285517e-05,6.646176809469084e-05,2.532966775589044e-08,1.767381799340608,-135.1224806991891,1.2462316030425731e-06,9.261020893441346e-07,0.09171801684932705,223.47041883541243,0.009410240612072584,204.28869309367929
59,0.15914779193582954,14.697457615310913,0.03685701674955204,14.56933675269211,0.09126384586925251,672.8996883763131,669.0626183731325,3.8370700031804423,0.024163421628321607,0.024373736161155915,0.2791518241314139,-5.757675290354878e-09,-1.5128919146925055e-08,9.371243856570187e-09,-1.8715874254741365e-06,-1.8971120447388487e-06,2.5524618888907896e-08,1.0005914800570321,50.02804514967635,1.1085557731420453e-06,1.135077851473029e-06,0.07119006150320147,202.62571611877036,0.008211834221681305,226.7602408485427
60,0.17393297198217098,16.331650560878934,0.03769098459618185,16.215008087903154,0.07895148837959808,601.697728099397,597.3510779542016,4.346650145195909,0.0358230096448754,0.027542506835907858,0.30849025046919,-3.040771656218457e-07,-3.105693315525087e-07,6.492165930662955e-09,-3.80466444316141e-05,-3.8071640927134155e-05,2.4996495078588736e-08,1.4167479870039923,74.20427828353968,1.4855862808024805e-06,8.604279059994609e-07,0.08166274257862809,223.76135929693228,0.00847035064607021,85.73218795834055
61,0.17485516697899614,16.106890524073005,0.03820136390448568,16.005789083880448,0.06290007628807165,764.3553675408536,759.1687874073666,5.186580133487726,0.035286812361454215,0.026752274150596483,0.3075647335592167,-3.6041363135252566e-07,-3.6730830081869625e-07,6.894669466170498e-09,-4.449316128644624e-05,-4.4520137359238134e-05,2.6976072348504995e-08,2.1251097982108123,104.68744245270716,1.3940755971950929e-06,1.0206755629846494e-06,0.0807939441052698,220.99630889404858,0.009055501469531269,-325.01037430128054
62,0.1617055032004988,14.229707976373499,0.03613514117242773,14.115292934838589,0.07827990036248066,595.5999111955815,590.9943117954564,4.6055994001244756,0.03537204639047926,0.02689120924305641,0.30231447717242177,-4.87814777183757e-09,-1.2552553321822194e-08,7.674405549984633e-09,-1.9960807127989047e-06,-2.0220283714817716e-06,2.594765836904042e-08,1.004582893910313,158.2152760201852,1.327148204974036e-06,9.792832270926353e-07,0.08160687597626472,190.9343974331615,0.008324579618598272,611.4995573456417
63,0.1759519537963402,15.532902183619322,0.04144047019666453,15.388163946402273,0.10329776702038367,527.9097539083804,523.5258847747374,4.383869133643838,0.028616071876078866,0.02787487469094908,0.33596608869045536,-1.9363513750451338e-07,-1.9771471343516854e-07,4.079575930655115e-09,-2.359641797375986e-05,-2.362302955195778e-05,2.661157772687938e-08,1.0310247118103866,30.785397396996995,1.1876559497023255e-06,8.765247942974812e-07,0.07998765963089059,209.57103475456057,0.009085700829052341,411.17908758596786
64,0.18395507890876786,17.601191903515918,0.0449246205299481,17.4574878924406,0.09877939054537256,658.3733294740232,651.9481366253768,6.425192848646339,0.03556125721062211,0.030113059154961205,0.33784915579393,-6.545901268586675e-08,-7.415937054122827e-08,8.700357855361518e-09,-8.158466631614392e-06,-8.185148361633815e-06,2.668172920914852e-08,1.6461790985423699,110.25967324273297,1.485340668213437e-06,1.1255734929763332e-06,0.08728033224329551,231.45288988318256,0.00965416723633315,-465.2361461861974
65,0.17661787041697752,15.998049174765951,0.04122758029404008,15.879203643887788,0.07761795058412056,618.1397185766817,613.1916351548767,4.9480834218046805,0.027110350927488848,0.031393813637094585,0.36415406039295534,-9.049118346855589e-08,-9.669385475687944e-08,6.2026712883235355e-09,-1.1988900178406338e-05,-1.2014985603360508e-05,2.6085424426934517e-08,1.205737667681559,200.58104617756052,1.4820291536990029e-06,1.2076651122323074e-06,0.09019939283681025,220.8952054277673,0.009220577906809154,-297.5593613177616
66,0.178217578673543,16.985289142078475,0.04115735259179453,16.828107306029235,0.11602448345744437,572.4460432002178,567.7815443599633,4.664498840255767,0.03684131621705988,0.029129395522052338,0.32951483841901,1.7192411978348854e-07,1.673305774353661e-07,4.593542348122396e-09,1.9298752912585983e-05,1.927230962081851e-05,2.6443291150592003e-08,0.7657680067501649,87.66968693174267,1.3357276321441388e-06,1.5248566189186186e-06,0.08610045861291245,220.52505525116894,0.009783714764657435,-102.67720052522873
67,0.1694483306928587,16.097316572818933,0.036917613384494966,15.957353432110729,0.10304552732370734,609.1114455259683,603.1060489627822,6.005396563186032,0.02749511075517175,0.028334529771095206,0.32216941402843685,1.495318605002085e-07,1.4559707094170414e-07,3.9347895585042986e-09,1.626005930020476e-05,1.6233538625332262e-05,2.652067436710813e-08,1.641136174030958,139.17771003059394,1.458521342980749e-06,1.004828528707298e-06,0.0845661418022979,216.35048169231584,0.009110361170290173,-129.68788610816227
68,0.15438145858496574,13.441601481219616,0.03709354384755448,13.315364915807711,0.08914302156435157,749.5613336720265,745.5183040302662,4.043029641760901,0.022950757040041105,0.025347291293050706,0.29098363188039045,1.7251647802970938e-07,1.681251846266421e-07,4.391293403067303e-09,1.9474180913725963e-05,1.9447346457116602e-05,2.6834456087187788e-08,3.992637298380372,-62.070655146255184,9.121803864579622e-07,7.982705284756583e-07,0.07658133197593973,183.3234907382075,0.008340998080083694,-150.57671255981768
69,0.16412999595097738,15.380433245199397,0.039790847183387025,15.246922150735239,0.09372024728076908,709.0505685129745,702.6646505306574,6.385917982317772,0.024352350946504005,0.02684589832867226,0.296095327934087,2.6811802173792776e-07,2.6365116649032657e-07,4.466855247601171e-09,3.0166805203702077e-05,3.0141081027614948e-05,2.5724175622957368e-08,1.094205588280215,46.7101742461151,1.3479721882209157e-06,8.347796953428831e-07,0.08078142806127353,216.6714383894235,0.008370517954039479,866.2955036681742
70,0.17301143870711766,15.234154686158131,0.03591314147714357,15.134044159024427,0.06419738565655858,581.3961771333288,576.4179103271218,4.978266806208464,0.0269847184692429,0.028274173435293728,0.3137487047884595,-7.50955910071995e-07,-7.549604207568742e-07,4.004510684879606e-09,-9.047138235277797e-05,-9.049873274431092e-05,2.7350391209206523e-08,1.9541034509996167,88.12685401488756,1.3433704868871478e-06,1.1174565240894955e-06,0.08779231603180224,201.23215614478067,0.009211056090493318,-166.01856551600395
71,0.168081498934828,16.076532884755498,0.03826759043388566,15.932879392781487,0.1053859015401252,482.5464759408538,477.93335796573416,4.61311797511972,0.02609607753332045,0.02483324179704096,0.2876648477932102,-1.715006014851656e-07,-1.770070522894943e-07,5.5064508043287036e-09,-2.1953161496976417e-05,-2.1978604175364312e-05,2.5442677985630303e-08,1.7446780013274923,-83.41516373668223,1.3646543737534223e-06,1.0378678309641414e-06,0.0758029999953393,222.10339398600024,0.008567863301638478,78.45369941638637
72,0.1637596250539224,14.739384426065133,0.03894350008208987,14.6125696543439,0.08787127163914266,639.3824907543359,634.7113292598265,4.671161494508961,0.024988375817672413,0.026820900441840486,0.298089682932357,-2.6448573324427886e-08,-3.153468746494509e-08,5.086114140517203e-09,-7.04751812032917e-06,-7.074480572993643e-06,2.6962452239287786e-08,1.1256154198912673,-118.20343483310828,1.5148896191037114e-06,8.40792473944983e-07,0.08021252750210592,202.588908238228,0.008338767750704468,-629.4479400955224
73,0.16042186975686532,14.868268160246002,0.038670503454828045,14.75674204391429,0.07285561287688264,510.0584414581385,505.6224649205127,4.435976537625786,0.025841315739497165,0.02460742927731804,0.27205017452592883,3.024720103983489e-07,2.977162550131614e-07,4.755755385187568e-09,3.426687046466249e-05,3.4241466917408064e-05,2.5403546681029506e-08,1.2553747063802412,167.65687815108865,1.470375014866548e-06,8.552993541737217e-07,0.0746024745909196,198.68949626620474,0.008290624866264447,-539.3567374320182
74,0.18349622030581192,18.446909480545113,0.042682552327945954,18.31703953408175,0.08718739413541648,640.0326187457614,634.1114216709625,5.921197074799391,0.03414469953353246,0.031641653167075,0.35247422037508064,1.855861251010648e-07,1.796030515063472e-07,5.983073594717599e-09,1.9749408685695888e-05,1.9722514793014344e-05,2.6893891873024723e-08,2.4846253915921634,206.32759911722957,1.429097361948227e-06,1.1617857086157488e-06,0.09491031483876546,251.1777357285617,0.009080282127336628,276.1917535223247
75,0.16478624008882367,15.80509510023902,0.03710624905935384,15.698465008703144,0.06952384247652411,628.2725740304082,623.4115838848467,4.860990145561654,0.021958842418156106,0.027225700744141795,0.3098802293094354,4.691641952299722e-07,4.6396152585331545e-07,5.20266937665678e-09,5.477015213878352e-05,5.474219465279169e-05,2.7957485470582957e-08,3.41978862540888,30.236850175628177,1.3911562672381723e-06,9.323792018389122e-07,0.08446365740523089,209.28130331930726,0.008496923471306277,780.094488117762
76,0.1837568323359728,15.586035896919327,0.038542010899253805,15.450849424034535,0.09664446198553876,803.7059177472648,799.054991490876,4.650926256388855,0.02540159711599412,0.03188828243891119,0.39454117248403175,-2.4919691123978206e-07,-2.537310750102045e-07,4.534163770422498e-09,-3.072160410459476e-05,-3.074737743244666e-05,2.5773327482909097e-08,2.908191941652856,15.745436068864976,1.5891926585979155e-06,1.0251639516675648e-06,0.08971189079126689,207.4050427166106,0.008659812388514309,26.484723898432094
77,0.1623094874372063,15.71019750911873,0.0401392095123729,15.556726220131104,0.11333207947525585,652.5257041686094,647.3059853672322,5.21971880137662,0.02342995854529981,0.02588912741237609,0.2889384816308766,3.8796359076881257e-07,3.828667938766564e-07,5.0967968921561604e-09,4.5615670672580504e-05,4.558912006170341e-05,2.6550610389472044e-08,3.327413467380144,-201.28729852966381,1.4958835093113705e-06,7.891413027154812e-07,0.0785190091690405,216.20501075552244,0.008884654016071719,339.91483384743606
78,0.17046114937090892,16.10956607347532,0.03996328024836962,15.98993744002498,0.07966535320197139,665.3716401837246,660.587117620015,4.784522563709003,0.03052816008113383,0.027384661847685756,0.3222909131404637,4.349445748998655e-07,4.302621545699656e-07,4.6824203298999935e-09,4.983043674968223e-05,4.980265239502155e-05,2.7784354134451855e-08,1.4812060857645744,247.999403625356,1.146149730148483e-06,1.3907512817980307e-06,0.07912516553002073,212.77445015667752,0.008569624469964135,-223.23733431870915
79,0.17373359584522505,16.354276362987804,0.041043495603110366,16.216060104311968,0.09717276307272457,698.5691826562647,689.4517658477016,9.117416808563425,0.028515216019251482,0.03267382311970485,0.3570394508455273,3.762908899711338e-07,3.7153347737674443e-07,4.757412594389159e-09,4.4054264695768046e-05,4.402583745409367e-05,2.84272412216978e-08,1.3207832873317278,14.741736767485332,1.3850053067074047e-06,7.515558120343196e-07,0.09260240970285451,214.0066764262774,0.008806667001273532,-102.39549480891674
80,0.16524638021173874,15.802612716271561,0.039181113258657745,15.65175618490179,0.11167541811111167,616.6999959807625,611.7754963785474,4.9244996022156835,0.03794955722373445,0.02557125569266529,0.28100232854927604,-2.223573468828652e-07,-2.265672388184406e-07,4.209891935575295e-09,-2.742471875002119e-05,-2.7451256988404307e-05,2.65382378134024e-08,2.631323829874063,72.95794258036818,1.1547364662156885e-06,1.6482945712965586e-06,0.07559360458337677,214.41840002819802,0.008758932959698273,28.965972674855948
81,0.15193401883929336,14.263416634503457,0.03822069516544318,14.151071257231829,0.07412468210618493,643.6447523940576,638.459794165655,5.1849582284036035,0.04477143346355528,0.02415006138633537,0.2629297407032239,-4.1288743498383453e-07,-4.189708782795995e-07,6.083443295765164e-09,-5.0783908235235376e-05,-5.081056646104843e-05,2.6658225427886428e-08,1.928070255622608,202.4758769508781,1.2602764878832258e-06,7.601331005556467e-07,0.07091536437572056,196.07178565507203,0.008291720513333996,-39.58975171897964
82,0.1621133292726671,14.693351724206165,0.038216416821832806,14.580823094320383,0.07431221306394939,506.4048313056029,501.37415416373705,5.030677141866182,0.02911755867346142,0.02802633916596376,0.3164631203896116,-1.2943283836998366e-07,-1.3268908335363476e-07,3.2562449836510972e-09,-1.685244508950865e-05,-1.687812979140357e-05,2.5684701458943414e-08,2.7186215284372697,242.52964918066183,9.826517040352375e-07,8.725021437268163e-07,0.08344106364618717,193.94618941353104,0.008335132492691326,479.6457840632538
83,0.17052576330640143,16.021164635820035,0.04122959070508957,15.892393514608761,0.08754153050618806,695.7852768153662,690.8512829233174,4.93399389204927,0.02695270930159368,0.027225290812517906,0.31094569588151455,-1.734613154718522e-07,-1.7793804337205497e-07,4.476727900202741e-09,-2.0545346575430657e-05,-2.0572369401790812e-05,2.7022825996950672e-08,1.0500277215568614,154.98984548193766,1.3344059355054886e-06,1.0238598879427554e-06,0.07891701234166536,215.41625161303983,0.008895753870227245,349.5560271198692
84,0.17351418119319423,15.238023664841876,0.038404667320025405,15.110460368927324,0.08915862859452647,631.6671661197215,624.3453373969272,7.321828722794609,0.02774634630177154,0.027948599638286838,0.333026820526049,-8.055276011406262e-08,-8.626295346249616e-08,5.7101933484335225e-09,-1.1172896477121501e-05,-1.1202126472668708e-05,2.9229995233522377e-08,1.0598242003676086,81.57439895061552,1.2280458973970455e-06,1.318568925421176e-06,0.08190382238460794,203.39570140118425,0.008827962146489952,-671.0654539857687
85,0.1689413199279419,15.005042189769734,0.04051832143609699,14.852731417967355,0.11179245036628406,703.5909079926948,697.3701923717416,6.220715620953385,0.02807464389308905,0.028458786336364277,0.3192196143341091,6.190283474976799e-07,6.13796123072471e-07,5.232224425208614e-09,7.247998508892482e-05,7.245322010287784e-05,2.676498571419094e-08,1.7981797087660527,160.70712370962295,1.2775226636313788e-06,8.627751936789031e-07,0.08200240058310432,210.0947994010947,0.008565847430590724,-268.63785662813643
86,0.1819236317947153,16.2094946257476,0.03985539340954134,16.06496270618294,0.10467652615511615,531.4262980711402,526.7766869213625,4.649611149776784,0.02787230437729422,0.029782961455898645,0.33723299224340403,3.5417476180157244e-07,3.5018676538628393e-07,3.987996415288514e-09,4.0587895582916356e-05,4.056098343221992e-05,2.6912150338987715e-08,1.221086270372111,63.127978337471525,1.4962742911782998e-06,1.3272849779448549e-06,0.08687126418468291,221.04711937243863,0.009083742463476612,129.26372866430484
87,0.1804632846524542,15.460267061785052,0.040907108607188235,15.301864178705491,0.11749577447237254,578.2406587386598,569.3800495062068,8.86060923245316,0.02771445524498616,0.026194215658067815,0.3228048592514861,3.2679448310307066e-07,3.1751182210343694e-07,9.282660999633833e-09,3.6487989928977656e-05,3.646100721968125e-05,2.698270878865375e-08,1.189111908671686,102.32733495008142,1.2001232483145948e-06,1.0569220486130328e-06,0.07806745784877661,213.9038285604697,0.008462957751021209,376.5235064219805
88,0.16128097976663125,15.061901428834197,0.04217627152515098,14.922142582196633,0.09758257511241591,559.7467577952394,553.7718108972936,5.974946897945879,0.02975237740095429,0.025821681764178848,0.3048510825152444,4.88535182063544e-07,4.823479737010396e-07,6.1872083625040315e-09,5.778349231601567e-05,5.7757195469789046e-05,2.629684579505814e-08,2.079209184383206,66.33137201969299,1.529322020925483e-06,9.92656215220607e-07,0.07630105309328923,210.35198939217253,0.0088183177994833,149.20354466071967
89,0.17993966449384138,16.060610122749022,0.03809676814564052,15.9407083085666,0.08180504603678329,721.2478610060481,716.7561083591904,4.491752646857316,0.02755842362491103,0.02970932044135639,0.34904446853357035,-4.418863765423259e-08,-4.8822991996047146e-08,4.6343543418145515e-09,-7.5661612675863025e-06,-7.593061148462149e-06,2.6899880368663352e-08,1.2585742155248467,-156.58399550843717,1.2554590259785554e-06,9.155052259190397e-07,0.08589306954721371,211.35431426625564,0.00923541840798624,50.58679348235455
90,0.17155782652782461,15.46072258563221,0.039146036061665335,15.324431934767677,0.09714461480286654,480.3867684107074,475.10017508532235,5.286593325384962,0.03578577694806695,0.027857968709078383,0.30242405969664754,3.31988548275269e-07,3.255918458249832e-07,6.396702450285841e-09,3.715005158173254e-05,3.712293012771373e-05,2.7121453688991426e-08,1.0061067875320986,109.4025019635566,1.5159566385902263e-06,1.1980528950666762e-06,0.08257072256647537,207.94374078732793,0.008762386940815985,383.91958022448034
91,0.1677527192061818,14.326829999909922,0.03692726966410766,14.214062151357908,0.07584057888790498,588.1367658420497,582.8742588296701,5.262507012379965,0.03162178096387363,0.027719703082887095,0.34403846735644245,-7.299426843129877e-08,-7.833814098785492e-08,5.3438725565561554e-09,-1.1113896067698842e-05,-1.1140309260087355e-05,2.6413192073755726e-08,0.9060049054299127,-85.08796026343384,1.2715617620928103e-06,1.1572599994684437e-06,0.08160466662467288,198.18497644860994,0.008382364789412853,107.08245443684336
92,0.1830155764462298,16.230012286693945,0.04260363913926608,16.095489443356175,0.09191920419850487,927.0271206686568,921.2210577603632,5.80606290829347,0.022687594859728044,0.03035869142780696,0.34535219977321036,1.2099544197824313e-07,1.1605132398764303e-07,4.9441179906000195e-09,1.2948911493529841e-05,1.2920576233838689e-05,2.8335259340115974e-08,1.3008159400999304,48.26555461609565,1.644108659443424e-06,1.1857084888061604e-06,0.09115799509563104,231.53335805524557,0.00904947330450089,-86.89971074789082
93,0.17435829062236033,16.191009136418163,0.03759569303660358,16.064625700307428,0.08878774307413244,723.5925358194062,718.2739518242206,5.318583995185263,0.033718187754221945,0.03150180079387114,0.34740635756523747,5.978785938696416e-07,5.922734340935183e-07,5.605159776123447e-09,6.93802859895156e-05,6.935371178094138e-05,2.6574208256834733e-08,1.3750054064659558,-143.6350569817847,1.3974952177912114e-06,1.0252223002558854e-06,0.09060115349984198,212.4027594420412,0.00864824938622643,235.58843394329142
94,0.16052365933798482,14.692384699786878,0.03801652939004012,14.558827870669953,0.0955402997268835,546.8693368108791,541.362657474547,5.506679336331551,0.027596418392073878,0.024093812560299556,0.2797214132207288,-1.5609732865938317e-07,-1.6179144831450959e-07,5.6941196551264325e-09,-2.057598616048179e-05,-2.0603106145576658e-05,2.7119984587178478e-08,0.7452165064051404,53.79190701143029,1.3832833503962654e-06,1.029507225317221e-06,0.07316181096030692,196.72501793406505,0.008778984614624605,25.055471017320997
95,0.16402931391652525,15.511238104307113,0.04056596829651496,15.366636018944698,0.10403611706589966,624.0001321032206,618.6221577831349,5.377974320086877,0.031031686302611307,0.02627000741506264,0.29272210948142563,2.1369076342626162e-07,2.0831990843399667e-07,5.37085499226491e-09,2.436594731668405e-05,2.4338878587139832e-05,2.7068729100573273e-08,1.8601393750965958,95.47037925504608,1.6253709120663173e-06,8.531821402403576e-07,0.08301194327241745,199.3163513624533,0.008247612845562797,-709.7622491818584
96,0.17442466466529322,17.00546673597512,0.03970665568104874,16.869278500102133,0.0964815801919351,679.0969341028224,673.2807380444366,5.816196058387084,0.02221602888707341,0.028424530723694493,0.3154942262462345,-4.0623023428394144e-07,-4.114049800362127e-07,5.174745752270998e-09,-4.6955376838686226e-05,-4.698473304000753e-05,2.9356200890465193e-08,3.8065178863117413,71.88742105665501,1.4955102862523368e-06,1.0601518569569313e-06,0.08274474462737273,212.07749932815506,0.009237741681013344,641.8429528788092
97,0.1553026514097975,15.22468384750616,0.03837950011879346,15.09890978071848,0.08739456666889024,641.6313478121592,637.6378998418569,3.993447970302687,0.023114625491465236,0.023784569159938578,0.26262231465363206,4.207857909439913e-07,4.1619589235155844e-07,4.589898592432762e-09,4.877636549085838e-05,4.875078684547873e-05,2.5578644921334974e-08,1.3242517993214455,-72.4926915782616,1.3806151080090907e-06,6.862700604464996e-07,0.0707007571212605,204.2416489074089,0.008177297310666704,215.69491099168408
98,0.17280707947099103,17.28305035746547,0.03871712711822447,17.173441588748165,0.07089164159908029,618.2578708135765,613.5124817746504,4.745389038926178,0.02496813449600005,0.026274026216236264,0.305590153875268,2.572164588641878e-07,2.521258200235322e-07,5.090638840655643e-09,3.0428567654084248e-05,3.0400077004999698e-05,2.8490648749981617e-08,1.4494273205591732,142.49783660995948,1.247781395150803e-06,1.0200702671526207e-06,0.07851390397323772,212.739971965747,0.009358268641950508,-367.00327825024306
99,0.16019599352581945,14.116401256514525,0.036535154139377635,13.986709287740052,0.09315681463509488,795.5441220179142,790.2691761884042,5.2749458295116565,0.024270111098876553,0.024304946267303756,0.2719847723358837,-6.133462990748104e-07,-6.178840195907752e-07,4.537720515964786e-09,-7.545623909036746e-05,-7.548351281979806e-05,2.7273729115332323e-08,0.7055173896188062,-40.59569096382923,1.0732446580376366e-06,1.2096013667231534e-06,0.07124083188017954,188.3071858109758,0.008321626107411086,-325.87029132259613
100,0.16601412908093527,16.11303058915166,0.03969097921726432,16.01221157102255,0.061128038911846254,554.0392001392879,548.7532819228976,5.28591821638988,0.027193600394780665,0.026506906920112386,0.2850424638302523,4.694123881489742e-08,4.282584269255385e-08,4.115396122343571e-09,3.5923552748468367e-06,3.565363399219475e-06,2.699187518780073e-08,3.048186154088123,32.93123155652837,1.1981387150578839e-06,1.1080322608928004e-06,0.08000266040465295,211.4584949896871,0.00900253662464676,123.08480222683193
101,0.16426671901528925,15.627248621237344,0.04124838034567698,15.498860145873413,0.08714009501825513,458.72577052674393,452.28735611567686,6.438414411067459,0.022699382772079054,0.025666821643771657,0.28341839327903223,-7.230311604021184e-07,-7.287196111291973e-07,5.688450727079281e-09,-8.807018121701727e-05,-8.809582856731737e-05,2.5647349713385194e-08,1.1414133521999301,186.14059372908142,1.153858592957038e-06,9.43698929710171e-07,0.07637667837795382,211.73269550011824,0.009105201212725554,-60.7153792201816
102,0.16186852516517836,14.622592893378817,0.0366388861463923,14.473469895545223,0.11248411168720004,558.6840396114089,553.7112892815632,4.972750329846097,0.026910804733347678,0.02614518276086333,0.29705672247021886,2.788623863026968e-08,2.3046974743458817e-08,4.839263886810858e-09,-7.640315797211302e-07,-7.920796109253412e-07,2.804803091628121e-08,1.3007953920410336,24.103744298377254,1.55328225712187e-06,1.2007699133392052e-06,0.07693571336447305,193.3325162373832,0.008745497030938541,95.80670680765706
103,0.16229286387110026,15.090158520746128,0.038994332877787294,14.96175177712812,0.08941241074022156,728.4696908375762,722.8840534825131,5.585637355062576,0.023179434427117823,0.026240184475168654,0.29958219172663286,1.946662439506736e-07,1.8976315955631848e-07,4.90308439435517e-09,2.0015343714373875e-05,1.9989132378939568e-05,2.6211335080707976e-08,1.9241937038813897,198.61482900567606,1.6475958468295537e-06,1.0897705249574845e-06,0.07816111558054867,207.4204484688142,0.00832834140277331,156.62733141840909
104,0.1655441669811797,15.74050169470482,0.04085976577969883,15.601731355466642,0.09791057345848202,564.3002893959406,558.6821915605304,5.618097835410856,0.042795095208587465,0.026925211254050837,0.30247297824617936,-3.87777894500215e-07,-3.9668129407146095e-07,8.903399571245864e-09,-4.763741080448997e-05,-4.766416350786459e-05,2.675270299467395e-08,0.8532901847558835,41.928763032208366,1.280840894685679e-06,1.077876014295385e-06,0.0799115757708284,214.4662187806557,0.008714921231582597,-675.7963925376134
105,0.17815363440987797,17.4285196253144,0.046141654511501706,17.274123634892952,0.10825433590994427,648.7904314792426,643.459719733433,5.330711745811181,0.03878252426283918,0.02727790874119596,0.30525068131491667,-6.910145989498486e-08,-7.603980404202336e-08,6.9383441470384745e-09,-1.0624992859417926e-05,-1.065302084723154e-05,2.802798747386389e-08,2.3351801204611156,23.55613988358548,1.5624457694475097e-06,2.104936972467448e-06,0.08166315243223529,228.96638071605716,0.00921783449896536,771.934907743931
106,0.1773331075739318,15.768938226686823,0.0412232865371448,15.644772393178945,0.08294254697073097,558.675994078105,553.9995064916146,4.676487586491165,0.02681747137696039,0.02936530929334273,0.3330967963481057,-2.7771177536573813e-07,-2.8394553280291597e-07,6.233757437177863e-09,-3.497334621460152e-05,-3.49981673228018e-05,2.482110764982695e-08,2.648632909772994,173.88483963258642,1.549400525021318e-06,9.585170342194973e-07,0.08790398527996748,212.28387172193038,0.008777398036897137,358.8079351101187
107,0.16312466302283674,15.275826282807278,0.03980684305097889,15.131180044740082,0.10483939501621643,672.5341879121568,668.2617149375793,4.2724729745768,0.03136148403426587,0.027034611710901137,0.2986399059492584,2.4918792788898307e-07,2.4445958070564247e-07,4.728347183340799e-09,2.5551420486718337e-05,2.5525871253283407e-05,2.5549233069897514e-08,1.3276489476493372,162.63312392139864,1.1335928650694864e-06,9.66622078648339e-07,0.07925842390658756,204.00139092885263,0.008763657597618482,97.92017879765262
108,0.1776783963518991,15.362276227601503,0.03761950046073959,15.24509880113744,0.0795579260033265,552.0535392928142,545.8786680489251,6.174871243889066,0.024487296241837438,0.03391424479328002,0.3772481934978079,-7.917796544095199e-08,-8.497339521269956e-08,5.795429771747559e-09,-1.1880314627434828e-05,-1.190796825629214e-05,2.7653628409086306e-08,1.0778908661323792,392.40340732435465,1.2491919403509152e-06,9.036336460827283e-07,0.0989619949272846,208.54382986651146,0.00886677815915995,465.16650221336386
109,0.1618313878081516,14.50277945669718,0.04348015103103769,14.374253612638409,0.08504569302773152,616.270691996092,611.3314848206279,4.939207175463451,0.027289210772445012,0.026728388609870545,0.2922889050654015,1.8753589212236394e-07,1.7880547045460695e-07,8.730421667757007e-09,2.015197380329236e-05,2.012611914693376e-05,2.5854656013514786e-08,2.6840714301649182,165.38609377343593,1.152820456567522e-06,8.391984477987121e-07,0.07811788511456051,199.45804649883542,0.008741154362538613,53.968282152114625
110,0.16036350920180661,14.249739647221187,0.03866521487235362,14.140038477453693,0.07103595489513949,693.7100001384612,689.3299934646275,4.38000667383514,0.025374574538391585,0.024418632000615788,0.27785183384218015,5.23333900014542e-08,4.608146908989051e-08,6.251920911563695e-09,4.819862838566102e-06,4.794437747931851e-06,2.5425090213658052e-08,2.2221637207932567,77.81824371934817,1.2014782417408392e-06,8.583460789293925e-07,0.07746051509912388,192.15868691944092,0.008586885123271073,598.4829141004311
111,0.18335454971543122,16.288786455313165,0.040676827679441696,16.144314010855503,0.10379561677822062,696.9265339902724,692.6096455589353,4.316888431337628,0.03441277249211942,0.03107231293551372,0.36120361971799786,1.1024166019930556e-07,1.0410048993842183e-07,6.141170260883699e-09,1.1546130423679382e-05,1.1517768237840119e-05,2.836218549938943e-08,2.2203518921438894,-138.7131666994362,1.3663893489766585e-06,1.1206452030241534e-06,0.0890073915589866,214.2126994586351,0.008812021061338483,-455.61533169391623
112,0.16015527232045462,15.392784670139745,0.03592390026533552,15.258735593140207,0.09812517673420385,589.5074771773411,585.0005796862908,4.506897491051078,0.03534615484292676,0.02520183963832049,0.2822852464845103,3.1030343638289853e-07,3.0542336294979637e-07,4.8800734331021526e-09,3.691392766728394e-05,3.688808088193385e-05,2.584678486315922e-08,0.9781352512857141,151.5105042527568,1.2471092211655917e-06,8.881078185853441e-07,0.07500907175288955,202.83975861823708,0.008579349816875137,203.00323073594882
113,0.16053645443318332,14.005859087024733,0.03780277842658991,13.869770858985838,0.09828544961230354,525.8777385942057,520.6474873002181,5.230251293988002,0.019758739279051078,0.027313539129650597,0.31029804359903046,-2.620550872703901e-07,-2.6772954131936764e-07,5.674454048977557e-09,-3.309029261815255e-05,-3.3117513093558365e-05,2.722047510813514e-08,1.8810589798643105,93.00950743950213,1.4062801342910593e-06,8.765843457785018e-07,0.08030531033222721,181.70976058341324,0.008055121862781347,197.14814559375827
114,0.16893092017386746,15.465550301683137,0.0384812406861599,15.358085211002946,0.06898384999402504,516.936912442245,512.646388843889,4.290523598356716,0.02494542612665286,0.0303244822121742,0.3441490237422589,5.275126640172552e-07,5.230534631809858e-07,4.459200836269386e-09,6.0655106399130786e-05,6.062793514413937e-05,2.7171254397627782e-08,1.8365396982695084,10.317005498733486,1.5181540858457619e-06,1.1225922329148433e-06,0.08702391848464178,204.12220526854398,0.008935120481075283,58.54589439396659
115,0.17054305757046095,15.73992988431418,0.03877951580024972,15.606698758920183,0.09445160959374692,506.0251068261194,500.87863750558046,5.146469320539127,0.03149053224258993,0.028657683704369455,0.325552677899699,3.1566152634370383e-07,3.087525064085938e-07,6.909019935110049e-09,3.624502032031026e-05,3.6218891523128993e-05,2.6128796691500436e-08,1.4373959506359908,116.06221503147084,1.0471277396301885e-06,1.1748117134438556e-06,0.08352425500248595,208.88347055979216,0.008730481229606528,-549.505879968111
116,0.18903154171573217,16.578752945254223,0.04366802619961478,16.449384717083717,0.08570020197089329,719.2562692866946,712.7540394000579,6.502229886637272,0.03610017173192247,0.03417253724256818,0.3871296477167054,1.2521713412270597e-07,1.192656256300158e-07,5.9515084926901576e-09,1.3817543112550584e-05,1.3790443069097365e-05,2.7100043048107062e-08,1.9818089172766695,156.65147477056354,1.0745477114611942e-06,1.1810001612217558e-06,0.10006043486831724,225.4872653971504,0.009780997541912287,428.7614122403884
117,0.15189067721081992,14.030546011778998,0.03651341877462041,13.89885183698465,0.09518075601973001,718.8881415291969,712.9961248803206,5.892016648876702,0.02788981019030418,0.02300109062683044,0.24985067299119762,3.9357912468900784e-07,3.888709333508031e-07,4.708191338204847e-09,4.479479051529939e-05,4.476837509417211e-05,2.641542079976336e-08,0.9926289765475155,201.22340302034115,1.1132418230219832e-06,1.038022915763065e-06,0.06926575317082256,189.86410265260605,0.008309807716505278,-581.6841126198688
118,0.17605092858971202,16.88691781580162,0.039467515621494725,16.766618619725314,0.08083168045481004,651.191588678463,642.6663417318316,8.525246946630476,0.03953043204754309,0.02889051151425552,0.3422270438953738,1.1443452041350122e-08,3.266332973035818e-09,8.177119068314298e-09,-6.941966048628915e-07,-7.214134497736588e-07,2.721684454267477e-08,0.9560613573378807,70.93216938384914,1.867607999522258e-06,1.274357058891068e-06,0.08583002024582916,227.8881320683495,0.009940839623655622,-125.02020915205412
119,0.16838452238048146,15.991819352792293,0.03850361518234095,15.8727240392679,0.08059169834204863,779.0942459023813,772.8255696753873,6.268676226994923,0.02925412473090888,0.02860592844343643,0.31317290480244975,-3.8907797344294863e-08,-4.6373988129422225e-08,7.46619078512737e-09,-6.709543049812197e-06,-6.735980515073708e-06,2.6437464767472078e-08,1.439870314149041,129.3563591722387,1.3267741223517267e-06,9.794572433650067e-07,0.08634668151893207,209.76237407837715,0.009126182495327234,-545.0659640331378
120,0.15401893758394847,13.843231251052392,0.03693257392072266,13.731147086691681,0.07515159043998644,488.5387335391103,484.21357363568444,4.325159903425613,0.026393315221776282,0.023087449733420258,0.26557888247565836,-5.046720426104913e-07,-5.096417309751802e-07,4.969688364688668e-09,-6.225524404586669e-05,-6.228105869835416e-05,2.5814652090175155e-08,0.7855703174787128,147.34173088865225,9.997189506845458e-07,9.82843653199222e-07,0.06774632872885585,186.68556074800256,0.008185640277285864,123.07502620949344
121,0.16385849734877528,15.612417346087827,0.03887106657102159,15.487260505018039,0.08628577449876303,538.4928126548986,533.6244748491118,4.868337805785834,0.03349310882322038,0.026731364148263534,0.30090146375998633,2.214341316861494e-07,2.175152961826087e-07,3.918835503540716e-09,2.4329400326019063e-05,2.430423706463915e-05,2.5163261082830937e-08,2.7398868681307595,126.67578719680291,1.5092261610901063e-06,9.676870868046745e-07,0.07847388334350572,203.1709142456552,0.008805848119600954,178.89065533358098
122,0.17048285420657328,15.443043646150366,0.037574574417879966,15.322188072218113,0.08328099951437191,718.563722091969,712.5411652816181,6.0225568103510865,0.025419344022410625,0.028542370190881287,0.30706975501310374,-2.3841676166313094e-07,-2.470724804173779e-07,8.655718754247067e-09,-3.256355608846194e-05,-3.2590159671478965e-05,2.6603582635452445e-08,0.9843377022412135,72.52787879025009,1.5481649715338016e-06,9.52614415465265e-07,0.08479222050640407,201.9273027146553,0.008509346915728994,626.5302147621214
123,0.1534649293837252,14.493616580550448,0.03919813173249079,14.383619728729824,0.07079872008812972,537.3509246529392,531.4963048545043,5.854619798434596,0.025836031922211903,0.024363451200191136,0.27113478617881465,3.1840580710458484e-07,3.148131415168265e-07,3.5926655877584466e-09,3.5110321204197274e-05,3.508345326285944e-05,2.6867940778532635e-08,2.66768340030145,194.98266849836065,1.388826330143682e-06,8.360404658186192e-07,0.07211299963403975,188.9850146838279,0.008370173995024854,525.4755360051868
124,0.1683853328860395,16.29423617124768,0.04084617830611569,16.181132641954914,0.07225735098664911,659.2045659884217,653.6553609673291,5.549205021092323,0.03393429499073564,0.02718919812441603,0.30650549060019444,1.9620635361725487e-07,1.8886514529407604e-07,7.341208323178864e-09,2.2352766384423143e-05,2.2325508168534e-05,2.7258215220803507e-08,2.0790723703741874,221.25442830536264,1.2620724823874725e-06,1.0001295800483488e-06,0.08263360671308571,219.86492346777544,0.009787758340711088,-111.6873238219805
125,0.1548747578994114,13.611435326413762,0.03406850787515075,13.46612388472416,0.11124293381444642,674.0774923396555,668.5235326946657,5.553959644990341,0.02847801202118614,0.02522376464724857,0.275722379291749,-7.304474689426539e-08,-7.906076724045134e-08,6.016020346185954e-09,-1.0420059457376814e-05,-1.044635859796572e-05,2.6299140262841263e-08,1.8637756799386254,3.0631848430565363,1.3094427594162514e-06,9.950031715767667e-07,0.07543008414789616,181.65278829475102,0.008077527588168201,126.73892401642115
126,0.16202412582535358,15.262100365263251,0.03986790227346371,15.13882473926186,0.08340772372792754,711.8258679453338,707.252457208165,4.573410737168627,0.03682167091114941,0.026878914756384563,0.3017663727248068,2.7421036159608573e-07,2.703873000829694e-07,3.823061513116318e-09,2.9831051890621794e-05,2.9802683155793945e-05,2.8368734404906417e-08,1.1283021427894655,84.9005225490671,1.2528680640823258e-06,1.5019322016643195e-06,0.07586281174908231,200.5564719257314,0.008495665069485453,364.2556852030257
127,0.16628070965633396,16.256253406825113,0.04110619130316746,16.14688535391563,0.06826186160631707,924.5066433015476,917.8406117515015,6.666031550046913,0.029588174635006948,0.027425826830984032,0.29865154058374604,-1.2844184198600515e-07,-1.3462451627038435e-07,6.1826742843792155e-09,-1.5961138572051164e-05,-1.5988434378662922e-05,2.729580624580013e-08,2.985967473437386,114.50507708607067,1.3482887929312514e-06,9.68422594913664e-07,0.07954271978508068,221.45638040887218,0.008829227874675412,-46.75690021338323
128,0.17560637709384647,15.470713392046404,0.042758336663742846,15.351531099781708,0.07642395560095572,551.1352078079478,545.2051336856177,5.930074122329206,0.024406600975713146,0.030961580225129764,0.3595824725081012,-2.506805725834691e-07,-2.5749336763539827e-07,6.812795051928997e-09,-3.116907592325308e-05,-3.119599814172011e-05,2.6922218205202534e-08,1.1946243201183564,104.72927351601405,1.2397807195583476e-06,1.0935148767090445e-06,0.08992092864660083,191.8793109294217,0.008810411928354968,326.9978648204142
129,0.17493311773880418,15.632073235793223,0.04242888127137836,15.525051763970428,0.06459259055141639,664.3792847894289,658.6190695794585,5.760215209969913,0.032004928205957864,0.030193451206973768,0.3402660815573065,-3.9693304417222877e-07,-4.0309040264693276e-07,6.157358474703852e-09,-4.743097984384836e-05,-4.745917389340856e-05,2.8194049111149185e-08,1.3903857499588854,199.33723529428937,9.46509747129588e-07,9.578911461248682e-07,0.0877885137210144,203.99546064422435,0.008624623501811009,-121.77300386301067
130,0.16678718962924868,16.189286173847314,0.04448315938611629,16.014770383147873,0.13003263131332615,810.8016895445389,804.3175057482204,6.4841837963184,0.028801848441724363,0.026117133587018233,0.2863038491460241,-3.916295800817297e-07,-3.9649312453344846e-07,4.863544451718714e-09,-4.882837794316915e-05,-4.8855646337340154e-05,2.7268393538891377e-08,2.6298007838418216,275.51502401814474,1.5259037232396073e-06,1.1649960139640987e-06,0.07656176415494843,230.97125543370257,0.008667441720421932,-507.95295664845344
131,0.16992940432832426,16.116714539714547,0.04599818694328854,15.956437478959407,0.11427887381185527,743.2600789486154,738.4195922942604,4.840486654355593,0.031875736747179875,0.026601751200490256,0.3166275322969279,1.2360740686302034e-07,1.1680064964760416e-07,6.806757215416248e-09,1.2532754312066088e-05,1.2502862397873958e-05,2.989191379246449e-08,1.2441482402287145,-50.635258461045375,1.355965268915834e-06,1.0514561859105598e-06,0.07714469200357364,212.5758944761187,0.008532276755067144,5.925147121237387
132,0.17324922467784096,16.535910478832452,0.044539223516435154,16.407680106361877,0.08369114895414238,562.7674876892812,557.9905451063782,4.776942582903073,0.026244271870393868,0.025806971763757625,0.2908380962766345,5.677465547871249e-08,4.997276561452334e-08,6.80188986418917e-09,4.251970324934668e-06,4.225336429627517e-06,2.6633894833249155e-08,1.491313249696581,168.8324148725026,1.60402170391224e-06,1.0876884233065971e-06,0.07685625486949152,218.94174588565727,0.008805873399800693,-66.18536056670564
133,0.164491152675244,15.212257934116417,0.03907389727010047,15.091171598467746,0.08201243837856768,562.9274484572446,558.9812769406694,3.9461715165756877,0.03612758404142507,0.025689451555882186,0.28785468255729074,-1.8900611060277405e-07,-1.9335664779135588e-07,4.350537188581866e-09,-2.4430963169775336e-05,-2.4456598991693883e-05,2.5635821522283518e-08,5.535031777543827,113.82627153175267,1.3565256495285518e-06,8.127154686859072e-07,0.07647920404335996,202.1701587978418,0.008560868111541749,-691.3647690036414
134,0.1727813344748251,15.376057445242669,0.034750838628914336,15.28062303280168,0.06068357381207675,593.1605105827554,587.3884491012224,5.772061481534238,0.024558669724319727,0.027197273768121255,0.31467303329166435,1.0602391357806577e-07,1.0093042651484766e-07,5.0934870632181496e-09,9.229252170724766e-06,9.202743308325173e-06,2.6508862046630178e-08,1.8876182603513736,-8.535858981078507,1.356243588399689e-06,1.0685870684544496e-06,0.07972731116651681,213.42867019906873,0.008691166916998234,550.9620299903381
135,0.1686194031381258,13.646964696880342,0.03526293234808521,13.51777669115376,0.09392507337849584,466.8760368941691,460.67320100069094,6.202835893477939,0.029105471243123543,0.024265022357581042,0.31359291388548194,1.9658837917899546e-07,1.8992566900407938e-07,6.662710174916076e-09,2.1095727720747314e-05,2.1068973283455155e-05,2.675443699886117e-08,2.0233994426432362,-143.78438367174263,1.1744122565812312e-06,1.0710935886108194e-06,0.07013802801818615,188.1033879446241,0.008449151991383467,-284.7081611830099
136,0.1795330707982916,17.462809937074038,0.04441354634132531,17.35973471890255,0.05866167183015933,429.3423589604267,422.25661957874667,7.085739381680187,0.04324273050796815,0.030423548632772114,0.33776740340279365,-6.623342299988497e-07,-6.673452514516291e-07,5.011021452779764e-09,-8.057365640656412e-05,-8.060063088481682e-05,2.6974477734202898e-08,1.903914815906643,29.27216952109588,1.6773333326318724e-06,1.1739355601398154e-06,0.09036357641599393,238.05510950566526,0.009389182617723903,-666.7928090120367
137,0.173579384373715,16.093543634109068,0.03813500512758105,15.975848448530204,0.07956018045128238,453.7524535038576,448.35232695451157,5.400126549346441,0.030218340137608542,0.026698646428882245,0.29570365539162274,-5.427389009311073e-07,-5.476745817510003e-07,4.935680819893099e-09,-6.759434852249457e-05,-6.761926717033229e-05,2.4918647430447135e-08,3.415829203845325,165.37468505773455,1.672244037218019e-06,9.303855674001512e-07,0.08265892513732058,219.29324889132988,0.008637496770317511,-412.97883856472345
138,0.1773061306299742,16.08866890367526,0.0419095373185486,15.958239605040038,0.08851976131667234,720.7539445573224,716.1932131202262,4.560731437096455,0.032710433726783186,0.028788068135526843,0.31747039891915235,2.3371102047217387e-07,2.2835878742440057e-07,5.352233047773389e-09,2.8017604627677437e-05,2.7989787414748783e-05,2.781721247065127e-08,1.0046440912267722,227.96886607995503,1.2842871450837406e-06,9.982323990461787e-07,0.08400138466363274,213.8772080354795,0.009303870491026073,357.338323351245
139,0.17467412035402372,16.929279959212863,0.040222907670958485,16.795102462301458,0.09395458924044268,513.6538978622822,508.3951465922233,5.258751270059163,0.03393245455268148,0.030201783398548693,0.32733610233520194,-3.1348441589783915e-07,-3.19062411818879e-07,5.577995921039809e-09,-3.77703666924884e-05,-3.7798590121287786e-05,2.8223428375917882e-08,1.0319257253217355,36.74916020318133,1.4722454296373307e-06,1.1004517010959321e-06,0.08797885188482839,230.14512315822782,0.009078361712136947,-181.45327917619397
140,0.17062345299516657,16.14459969408508,0.041066535107957665,16.028053813970182,0.07547934500694077,524.4566352207697,519.3926259997256,5.064009221043929,0.026368330370546932,0.028156968849160555,0.31861052097342296,1.8300462100951707e-07,1.7834901964604205e-07,4.655601363475034e-09,1.9271046081435592e-05,1.9242525295037665e-05,2.852078595037879e-08,1.8147687560887087,44.851313073892875,1.2622432054058625e-06,9.872754605830504e-07,0.08448981539361401,213.21538441487613,0.00910020543013107,-762.7482367717203
141,0.16970332606348917,16.351880743931925,0.039076874607805505,16.246430944989534,0.06637292433458902,572.1345004663417,566.6028875790794,5.531612887263279,0.031026310124346975,0.026589052171997727,0.309100890244199,1.8533643380214708e-07,1.8003829819151752e-07,5.298135610629635e-09,1.945943737339352e-05,1.9431536243536064e-05,2.7901129380560992e-08,1.8784422651475072,238.90319233808572,1.305152776371142e-06,9.03011273843055e-07,0.0783300921250857,208.20914065783367,0.009100718682479046,-127.18673697541453
142,0.1718233239972399,16.482499508365393,0.038304605200879915,16.352686041685924,0.09150886147858822,556.6382447873956,550.7571829216291,5.881061865765831,0.03449394415962053,0.02711353298381877,0.31595178193274487,5.948727293661295e-08,5.493843956861966e-08,4.548833367993291e-09,4.968766428645359e-06,4.939821561053378e-06,2.894486728249766e-08,1.2178521940018645,105.81906010269876,1.133388492127016e-06,9.987397441152948e-07,0.08059217202489627,227.9032965622558,0.0082306365931618,-541.633679916742
143,0.17510730428920795,15.93765236124858,0.039859648099407986,15.804608822514059,0.09318389063511248,592.3167489053667,586.4536660126032,5.863082892763068,0.024928952968046883,0.029227924903982884,0.33243696455933136,1.5777381307342103e-07,1.5203303581503132e-07,5.7407772583897745e-09,1.4480666614742236e-05,1.4454707241947489e-05,2.595937235628626e-08,2.263999960937247,89.5751051516047,1.8959085181908633e-06,9.854299354429993e-07,0.08583239200416785,205.85347272715074,0.008555511609998805,275.0498297572349
144,0.16612400965467725,15.258652327471683,0.04687789512313198,15.125255196028984,0.08651923631956861,632.4595654532192,626.885296076916,5.574269376303836,0.026309007901943092,0.02728475349371471,0.29753165886706756,-1.320201266877582e-07,-1.3772277025160868e-07,5.702643563850578e-09,-1.6107564335988967e-05,-1.6135856760694956e-05,2.829242436996068e-08,0.9958623224533437,202.10379199260544,1.6420086198114573e-06,1.313183682296345e-06,0.0822192748011396,212.58743226084158,0.008208278466168652,-275.728536156862
145,0.17698140408345128,15.220919458506717,0.037060676548514436,15.10993048001975,0.0739283019384548,521.2220162742982,515.27182175419,5.95019452010901,0.02358737600212783,0.031769593411656305,0.357874859963984,-1.8911859531782298e-08,-2.3631172342355014e-08,4.719312810572721e-09,-4.1797184990483e-06,-4.207090218028039e-06,2.737171848634406e-08,1.5449256046357531,93.56533493245698,1.145913115936207e-06,1.2020751095530445e-06,0.09000190629033551,216.76154880948576,0.008878498994710727,530.9761057838432
146,0.17902369763734985,16.50579738000067,0.0404629285303769,16.37427330560154,0.09106114586875218,607.5200015384455,602.3309026627115,5.189098875734882,0.02976577126382197,0.031180308062785496,0.3485120737643456,-1.7958768762944732e-07,-1.8532443575286834e-07,5.736748123421004e-09,-2.6055101731881437e-05,-2.6081829072294304e-05,2.6727339759619647e-08,2.452145664880439,75.20696182919767,1.5763251381890514e-06,1.0031855627896633e-06,0.09151273603869609,219.81189424984484,0.00903062050730607,-325.63767708653086
147,0.17044828267504056,15.927264301610935,0.04290561764425978,15.78291406358086,0.10144462038581638,441.45124852402944,435.7693580414384,5.681890482591432,0.029677065248498623,0.02979083555536272,0.33646388833100804,-3.784734716178118e-07,-3.833467976998333e-07,4.8733260820215625e-09,-4.597144421260698e-05,-4.59993825996275e-05,2.793838657245014e-08,2.6205224321603664,175.99353169819696,1.1380739244747662e-06,9.79776097787479e-07,0.0899701567809574,199.91614855153483,0.008594266895580535,-311.04446014990845
148,0.1688210885956803,15.396454768227471,0.03752646512096635,15.277677214905767,0.0812510882007391,622.5267146950672,618.3640753156171,4.162639379450656,0.02452904987082156,0.030586320087485974,0.33642501104778066,-4.256506963702571e-07,-4.2972596825073304e-07,4.075271880476132e-09,-4.966617926625217e-05,-4.969232601794676e-05,2.6146751417346533e-08,1.0484851494563028,117.43611426294684,1.2182948235889823e-06,1.008556329067497e-06,0.08908133959671952,198.96651201319276,0.00836759409220533,-68.94526995475098
149,0.19737826664323063,17.452469284852523,0.04179231059155009,17.30280181400638,0.10787516025459266,734.4263136715298,728.7873914786617,5.6389221928679865,0.023103244255368968,0.04024429790870511,0.44007072637201233,2.036959719408785e-07,1.9742027722765707e-07,6.2756947132214305e-09,2.1952334911140442e-05,2.192480061372555e-05,2.7534296805220667e-08,2.144271790518303,201.6606867081688,1.8300625914916516e-06,9.458939488325663e-07,0.11369395392990127,237.2294824866623,0.008901520808982658,305.720463788869
150,0.16577843865299874,14.611909156298243,0.04065959944261578,14.499529898949046,0.07171965790657871,630.1932720882945,625.5838936967914,4.609378391505221,0.02891009623655381,0.02868945557059337,0.320991079355402,7.314759149575642e-09,2.630649691286232e-09,4.68410945828943e-09,-2.300598301146173e-06,-2.3245675075151516e-06,2.3969206102067097e-08,1.1929798646613903,-149.42609920005344,1.0092656947369996e-06,9.535410833564097e-07,0.08222266992039691,203.36683016625292,0.009180298035308931,681.5772551398986
151,0.1585430526911602,15.093667339661549,0.038756419778583705,14.996377700291768,0.05853321959119749,671.6179470126557,667.1679714240722,4.449975588583234,0.035026669090372824,0.024414984950155365,0.27658172984529844,2.069553340348309e-08,1.517674586916127e-08,5.518787534321823e-09,3.038732995328251e-07,2.759443566300075e-07,2.7928942472614414e-08,1.2439151941443682,-73.16036995191973,1.252187235977749e-06,1.3922848169022804e-06,0.07506228495218495,202.6477664341371,0.008440443600092398,51.39484059363531
152,0.16588203005140456,14.510538817381493,0.03533653259231881,14.411908116318829,0.0632941684703453,435.31575769665403,430.8308051647608,4.484952531893387,0.02781556717190497,0.028953247556068522,0.32903426388688045,-3.365962162434882e-08,-4.1629909880238317e-08,7.970288255889506e-09,-5.523287920238203e-06,-5.5498024567223745e-06,2.6514536114507357e-08,1.5861134415837799,127.77992225330178,1.4785510614789674e-06,9.893654505601118e-07,0.0836443327102289,195.3936489198084,0.008372659817463357,-300.40542618588825
153,0.17270515695015756,15.98845590936959,0.03622111387228102,15.890936994430595,0.061297801066714286,594.0405799830473,589.0035256588465,5.037054324201204,0.03650957825948709,0.02768026130945826,0.32133904714666,-8.265752671811559e-07,-8.320784394623408e-07,5.503172281184986e-09,-0.00010011983898300322,-0.00010014684869689346,2.700971347639679e-08,2.1661798343378944,92.16328767036214,1.2392471414209137e-06,1.1031214291664386e-06,0.08116133303779713,212.26089718504517,0.008740102638433256,-105.74366060746706
154,0.17480477092519947,17.088331577868743,0.04546477251610602,16.96186916200772,0.08099764334492222,784.9080920916085,779.0629297869076,5.845162304701795,0.0312627396806632,0.027605797454334162,0.3182740227737247,2.989325263751155e-07,2.951517539440425e-07,3.780772431073011e-09,3.425822654151901e-05,3.4231499238577485e-05,2.6727302457454664e-08,1.8438170983130548,103.81296291806555,1.4353619157993542e-06,1.140513145559447e-06,0.08194357041888321,232.2418499188958,0.009253739578745103,368.97943781711274
155,0.15510336778506145,14.463539722870399,0.03989976907045599,14.328200180625542,0.09543977317440233,635.7761639343661,629.7291371089921,6.047026825374895,0.03797588963225425,0.025120606196558308,0.2777431436719286,-3.143580020724141e-07,-3.185969898670299e-07,4.2389877946157956e-09,-3.821992203184463e-05,-3.824651735458595e-05,2.6595322208965176e-08,1.8767290736136546,171.86728716067572,1.1591955060007198e-06,1.0358910760571867e-06,0.07409834406836652,195.9707169134537,0.00826895996167993,-186.9279246277065
156,0.17442464466960964,16.763605007257848,0.043231728102190496,16.618753082402073,0.10162019675358258,594.2850271437086,588.9953768745464,5.289650269162655,0.02966811711905744,0.031086914871061692,0.34460700732937666,-1.4691478414031765e-07,-1.5318129222386557e-07,6.266508083547826e-09,-1.9092997242145412e-05,-1.911847524107858e-05,2.5477998382697613e-08,1.4899354248627714,186.7579572206009,1.4748940313425726e-06,1.396728860188564e-06,0.09081722598532169,221.8915980589945,0.009256154377871922,-230.59808940728544
157,0.19396738229646418,16.815977417466566,0.03989573597662239,16.678765415701715,0.0973162657882261,728.9925767393833,724.6303214906047,4.362255248777968,0.022093020056521893,0.03178562011837365,0.3688844493696521,2.1439504696949757e-07,2.062899163616054e-07,8.105130607892215e-09,2.2552297717662386e-05,2.252420844991645e-05,2.8089267267511143e-08,1.2149938380304788,344.7578659151056,1.6064126198391095e-06,1.1012607055621766e-06,0.0953283644147746,226.78934747689954,0.009035200950498586,745.816970062061
158,0.1661822510698278,15.759271620576767,0.03995832230468239,15.616114183132682,0.10319911513940429,655.7670261540651,649.1291816987437,6.637844455320952,0.02661799165431782,0.02557559371144069,0.2847497455064735,-2.2440512140529877e-07,-2.3030398985168674e-07,5.898868446388017e-09,-3.01799088030229e-05,-3.0207186908505536e-05,2.7278105212033326e-08,1.358269206729239,139.9437978207797,1.4472029503578574e-06,1.0316574594840596e-06,0.0756505792001522,205.0960928294684,0.008752863669574135,-298.240984141069
159,0.1761665399281063,14.82822380723993,0.03554020398033398,14.704879764439834,0.08780383881976199,504.8627772865426,500.0354952139998,4.827282072542916,0.031981787492687826,0.028124966234217418,0.34155302159459877,3.782400948358904e-08,3.058096323656716e-08,7.243046247021844e-09,2.2444725428156038e-06,2.2187946552629178e-06,2.5677887260657506e-08,1.1076758884088467,142.87942137855805,1.1887366702125083e-06,8.701578248286768e-07,0.08112599716615379,199.87737602681506,0.008428442868772227,278.4086522865118
160,0.17327794909475439,15.68852436038177,0.040442325873844234,15.55886123776436,0.08922079674356197,685.4950994108083,680.4391067567035,5.055992654104026,0.030562482111929187,0.028933080783777477,0.3338772051878043,-1.141902766181077e-07,-1.1899530028595159e-07,4.8050236678439236e-09,-1.6582895297211752e-05,-1.6607929996645095e-05,2.5034698782889606e-08,1.4338828112842161,97.9018261821562,1.4176981860215568e-06,1.0007258306981278e-06,0.08277197514172967,207.8247780178965,0.008933426743655841,-54.23680428283751
161,0.17017011707478358,15.430606325931695,0.040345353221532244,15.289644518795663,0.10061645391450195,729.2309423658247,723.8537396693046,5.377202696519735,0.03856837294898738,0.027542653549299783,0.30809588438660607,6.569031251133344e-07,6.509463076400542e-07,5.956817473280342e-09,7.652101142007452e-05,7.649471715200601e-05,2.629426762619891e-08,1.3297114959482985,96.15274016642057,1.3613296438253015e-06,1.733357416684262e-06,0.08084613192190279,214.12476941583023,0.008664754403692446,-269.26705121326086
162,0.16693384943336004,16.74060285634589,0.0399713668130796,16.61690847403076,0.08372301550204925,773.2807346991364,766.552202807432,6.728531891704855,0.029911089247992927,0.025576949507257585,0.2910588433399287,2.8214015223666427e-07,2.7758635505352915e-07,4.553797183135211e-09,3.300844265999252e-05,3.2981259357119224e-05,2.7183302204224586e-08,1.420823792371349,169.89691829913147,1.3983753181451934e-06,1.2801258093448374e-06,0.07820103532482049,218.0139994257367,0.009058581695265406,-263.39932773276814
163,0.16872562357870927,15.220252984314925,0.03763716459406859,15.105999332780014,0.07661648694084254,522.9402387749162,517.2915266873001,5.648712087615795,0.027297375589842365,0.027495500398314863,0.30756052877038703,2.744050110519389e-07,2.6928227160815565e-07,5.1227394437831275e-09,3.189745468793858e-05,3.187228345405475e-05,2.517123337902615e-08,1.67504169627157,-19.49712677253633,1.0948823777124083e-06,1.1514113843592312e-06,0.0828455395291124,206.27852038611806,0.008805611175011236,-519.8750416589783
164,0.1702002123892729,16.252808901318403,0.0397327663205063,16.11230277950578,0.10077335549211572,810.0726169205755,805.5583519554962,4.514264965080757,0.02151662095571377,0.028514385553905435,0.32561931783615455,-6.448303656147008e-08,-7.000909326329107e-08,5.526056701820999e-09,-8.879005055844167e-06,-8.90822221218598e-06,2.9217155839830635e-08,3.701388482639626,116.2162206411234,1.5112551777478117e-06,1.1677057925536725e-06,0.08766272683726155,205.58314889129963,0.008806619055770189,173.878212899167
165,0.1582556158647478,15.467059511577254,0.03680593084470626,15.361670918255358,0.06858266247719143,524.7231508769961,518.8589346620876,5.8642162149096375,0.032008246624646124,0.02405056583711994,0.260758817993853,1.6276393478721968e-07,1.5868013228293576e-07,4.08380250428394e-09,1.585506675918537e-05,1.5828585839891025e-05,2.6480918908418445e-08,1.4444668645674956,221.12987698731902,9.731964432585034e-07,1.0510592194638985e-06,0.07205899896567104,198.92746453958017,0.008772157932990746,502.6316851710426
166,0.17757437961278646,16.859383474941342,0.04194623592814013,16.736289866908642,0.08114737210456271,695.6728026316694,690.1344807413725,5.538321890296255,0.023309498971537185,0.031168618206462537,0.3422412032446281,-1.6777981844806533e-07,-1.7437252613641441e-07,6.592707688349096e-09,-2.2327725823779567e-05,-2.2354072655890086e-05,2.6346831427964383e-08,4.713576047590067,145.10045719875933,1.7468144687663373e-06,1.1857169817492606e-06,0.09053952944864647,222.78281932097522,0.009091433201201031,-474.9497572831542
167,0.16065057052158127,14.780035346304583,0.040063313276431575,14.645846376492903,0.09412565653524746,613.372389942746,607.039545828498,6.332844114249591,0.040514590734087405,0.025751455560171294,0.3078967075674405,1.8204651062396149e-07,1.7624668314839056e-07,5.799827475570997e-09,2.0785097510639047e-05,2.075897058888871e-05,2.6126921069816748e-08,0.9383272846143018,13.40509435059836,1.2819508766808483e-06,9.284624308882782e-07,0.0751253450614804,201.0843735339999,0.008654302542161183,-362.6483229839132
168,0.16336762273223,14.96400452138198,0.039214184501923925,14.827071118316951,0.09771921856310894,598.349803682963,591.9200055544633,6.429798128500517,0.04856662976462696,0.02592889563246847,0.2836222127754067,-4.865168412712584e-07,-4.908800907353414e-07,4.363249464082905e-09,-6.0120148489418204e-05,-6.014653310412998e-05,2.638461432612688e-08,1.229140787433527,145.0261725108289,1.26693418925143e-06,7.61857449504034e-07,0.07708448969012538,211.6958803305656,0.008272212882987911,-168.75631488701765
169,0.16406766922970178,15.493568632758754,0.043484668487174596,15.357979566497972,0.09210439777360521,507.35500736638625,501.83021987058777,5.524787495798613,0.024338894992804835,0.02659492806180151,0.2936077610855141,2.3764713378604863e-07,2.2791404873934046e-07,9.733085046708212e-09,2.4831092807497313e-05,2.4804982635725662e-05,2.6110171427448515e-08,4.9559601878164905,39.29450031991977,1.3823223955561363e-06,1.0965948958654985e-06,0.0773108170877335,207.65352633226195,0.00898757033131152,406.34069520943376
170,0.17333056544972875,17.11019168885694,0.04759683548386049,16.97718840863473,0.08540644473834848,756.6945624009313,750.5479973622637,6.146565038667318,0.03545404053293311,0.027203319099161835,0.31682300236528366,1.3025591890885292e-07,1.2480714677230938e-07,5.448772136543613e-09,1.4028072885867521e-05,1.400282509490539e-05,2.5247790527151945e-08,1.9641147151059521,109.51410887347976,1.2576398546489928e-06,1.1249196852884763e-06,0.08071668626890054,223.8190697326701,0.009467694835602704,187.98828255197623
171,0.1778729735023543,15.634825310295415,0.04213394924336398,15.507146859385433,0.08554450166661656,480.3756471421379,475.04408085765857,5.3315662844794485,0.030434429081183555,0.03186878302119711,0.3652291201967962,4.3046881627712214e-07,4.2259696255712086e-07,7.87185372000135e-09,4.907391608145188e-05,4.9047499345200856e-05,2.6416735729119382e-08,2.8932880637647487,113.54936368008543,1.6167736623131367e-06,1.5787692492465907e-06,0.09376896671699375,211.5396576739194,0.009161599034427032,84.82489375482055
172,0.16968260087244869,15.677364626389746,0.039304978488893826,15.542134891729301,0.09592475617155098,649.7009904667686,644.0488589770689,5.652131489698554,0.026764396562239695,0.029557072912860607,0.3308946479079466,5.4448253603765075e-09,1.6921972154383124e-09,3.752628144938186e-09,-3.104449251932619e-07,-3.3891938503340514e-07,2.8474459253769143e-08,0.9659020451113489,46.8602558129223,1.4811325910848624e-06,1.1513030206891172e-06,0.08655199064067419,202.74438720260935,0.008964516233168053,-329.15676006764807
173,0.17803864421835436,16.481341667058526,0.043201413868605924,16.340134463609626,0.09800578958029468,531.4954683862388,525.6869621954842,5.808506190754063,0.02717485767625117,0.032403546351175844,0.3622954932056393,2.110850474391655e-07,2.066789330799132e-07,4.406114359252336e-09,2.503241098767708e-05,2.5005631678578966e-05,2.677930864930428e-08,1.4915624059035277,61.74431703093744,1.568492419097548e-06,8.597052449407055e-07,0.09839054651642955,211.85664694301363,0.009162692277051881,-674.5797231644865
174,0.19582287045305796,15.20470288045425,0.04465569892309932,15.031651249201934,0.128395932329218,537.5978088949076,531.9590856011911,5.638723293716579,0.02502397426398568,0.04269442621140547,0.47926294257856517,-1.8448724270489958e-07,-1.8971432138150645e-07,5.227078676606879e-09,-2.327911531870333e-05,-2.3306497525459704e-05,2.7382206410567192e-08,2.7222616645384745,110.77957324900676,1.4226591514431144e-06,8.74583746631153e-07,0.11999623800576285,201.9421972481688,0.008312952446503048,-729.4166364602406
175,0.18179175854443558,15.685000945275489,0.04015597014565497,15.551839488522704,0.09300548660712894,580.6711316699093,574.5231052155449,6.148026454365391,0.02619803022715088,0.026642302110663773,0.31772931728555376,-1.316772257059135e-07,-1.3638182126891586e-07,4.704595563002367e-09,-1.545336991345212e-05,-1.5483346701860916e-05,2.997678796641058e-08,1.3815734418239645,59.67960425805731,1.4283682128009828e-06,1.103822835731691e-06,0.0802024847834439,207.2073088960936,0.008917204635458262,375.5039798618782
176,0.16528355993468705,15.373516550835916,0.0380710851311677,15.243224768960607,0.09222069674413877,510.94323775127003,505.1922153402565,5.751022411013512,0.028389367132492932,0.026277527742167038,0.3203299800606154,-5.731140338456726e-07,-5.812332926986007e-07,8.119258852928226e-09,-6.849679943435574e-05,-6.852506472320199e-05,2.8265288562588842e-08,2.2048380151424505,86.29180270193922,2.2995265109458465e-06,8.812780427826249e-07,0.0763124301430622,199.91157418286275,0.00820956657422168,105.61645457254144
177,0.1874222787581185,16.989202074694045,0.0428470923038847,16.857762337130268,0.08859264525989385,553.586129010123,548.0639330412762,5.522195968847139,0.02907252787878099,0.034391817450372585,0.4006788270225717,5.066538807815875e-08,4.559911717614794e-08,5.066270902010803e-09,3.871720641040817e-06,3.844886131435779e-06,2.68345092421343e-08,8.906758295062508,225.97656383930118,1.1990307918939055e-06,1.0167450860903193e-06,0.10149626641680654,220.74066065511178,0.00915498102375479,-313.37343931783835
178,0.16814551011720552,14.833845751623649,0.036352832191777346,14.687930636258443,0.10956228317342814,518.8167889137097,514.8165284656411,4.000260448068818,0.027765182950039498,0.02862544585134147,0.3214476778705962,-2.0818326723950834e-09,-7.235102706167953e-09,5.153270033772871e-09,-8.932705303050017e-07,-9.197784757431959e-07,2.65079449891921e-08,1.4869450076904223,73.79467300489105,1.0460168242790335e-06,8.471921537509434e-07,0.08323567284369487,199.96955655518673,0.008958076300534213,671.8348674879171
179,0.17326651052729092,15.828294115562095,0.041977688654080594,15.693553596932198,0.09276282997581586,632.8148704904503,627.8984050719646,4.916465418486697,0.02481444490266486,0.030227757538123252,0.3416029174017146,1.749287773740796e-09,-2.6442269963000566e-09,4.393514770040833e-09,-2.7368755020309327e-06,-2.7636117669186185e-06,2.673626445905288e-08,2.1391078314131184,20.33301893198203,1.3929787436350167e-06,9.650646579419679e-07,0.09132841417847858,206.21306998831915,0.00857635277574702,89.37684684232045
180,0.17223835797611028,17.481496109337638,0.042887958469145636,17.34639989897703,0.09220825189145924,696.0429545265492,689.833849474393,6.209105052157692,0.030615844372396197,0.029225965129744944,0.3186600243449844,-2.3404691336279393e-07,-2.391272764753237e-07,5.080363112529827e-09,-2.8565921851053024e-05,-2.8593416370614462e-05,2.7494519188097494e-08,2.17299896986649,90.23436427089447,1.7021199199552862e-06,9.512394546568887e-07,0.08700000877078203,226.49416082851172,0.009165082158985625,-418.36005228940485
181,0.147762511162087,13.921459211813046,0.035349707165111204,13.808868517273512,0.07724098737442017,538.6307900276137,532.7824463885084,5.848343639104679,0.020584815212327356,0.023528852898850885,0.26272438036595214,6.728009957071205e-08,6.066636744746031e-08,6.613732123251726e-09,5.957230558865318e-06,5.931284576169677e-06,2.594598236897501e-08,1.5300157149799887,-30.52999077160212,1.8803303929611503e-06,7.861023239263789e-07,0.06941830694289708,179.00074551730722,0.008045791799840772,-132.16875470920513
182,0.17655023657067614,16.897994204727173,0.046544811827345545,16.766156169877053,0.08529322302276846,585.0564930679544,580.369021850743,4.687471217212501,0.026964592948366926,0.028118902390137403,0.3200624189054433,-1.5815946974089738e-07,-1.6576762661830017e-07,7.608156877402734e-09,-2.1747527448842906e-05,-2.1773730341620575e-05,2.6202892362338756e-08,2.6937238244866104,116.31823247487402,1.377468344837788e-06,1.199896755498152e-06,0.08376292103786222,233.5918970236757,0.009476065065195995,139.87177997336858
183,0.17211231718289502,15.078005471745586,0.04212948740323945,14.916518980771787,0.11935700357056149,638.3153299552681,633.5750192906936,4.740310664575156,0.024503708740184735,0.029565003992860373,0.3298192834799471,-2.2795483311279285e-07,-2.3263415977686713e-07,4.679326664074292e-09,-2.9071761797736238e-05,-2.909767346632228e-05,2.591166835119918e-08,0.9444785818433279,166.052113500058,1.4478840374697852e-06,1.2472393164826802e-06,0.08698387032159502,205.5320933262709,0.009036706880128972,145.72687507847604
184,0.1822338149204891,15.488630067575336,0.04258998606740669,15.375317573477156,0.07072250803077343,569.765699478315,563.6992492184722,6.06645025984252,0.025743899837604618,0.0313821121311443,0.3485615718707277,-2.2786604281916236e-07,-2.3234232197569445e-07,4.476279156532171e-09,-2.8476343987768428e-05,-2.8504529358103308e-05,2.8185369671134438e-08,2.107855761536415,-44.01051321618762,1.3733259610909246e-06,9.326961234874325e-07,0.09275389386306196,203.73343508881266,0.008965298069141415,-675.187111060457
185,0.1680775635646698,14.948608654962808,0.04212917195699658,14.81582398678361,0.090655496222201,841.1050698483712,835.497848694259,5.607221154112339,0.0312644929026631,0.028969086164944036,0.3264258613072464,3.3164503689778576e-07,3.2756374537477913e-07,4.0812915230066595e-09,3.6150156251207486e-05,3.612374284569282e-05,2.6413405165816152e-08,1.1967321799935522,307.17786904965425,1.2026421480451815e-06,1.3113150384492942e-06,0.08362329147038378,190.3396371512718,0.008770282834881765,697.9641363118099
186,0.1641664439569469,15.25020432483501,0.038360285154816695,15.142849067972621,0.06899497170757311,598.6648950375484,594.0459511736502,4.618943863898044,0.021871371354634947,0.026984039865885916,0.2955854225537594,-8.661528332632198e-08,-9.116336933486854e-08,4.5480860085465365e-09,-1.2211732263476428e-05,-1.2238199495071238e-05,2.646723124114314e-08,1.7683030680950995,201.7354779776635,1.4533877416430626e-06,8.744091196680745e-07,0.077760484122008,209.69648059081166,0.008718445626849803,290.81773219400657
187,0.18123375874202677,16.831950118585127,0.038327996630936285,16.716974620540846,0.07664750141334553,638.4405393659996,632.5827579003188,5.857781465681362,0.02681517341636649,0.030267708311941522,0.34569940579367997,-1.3917222478849092e-07,-1.4483654986982887e-07,5.66432508133796e-09,-1.7263943602896832e-05,-1.7292630865478787e-05,2.868726216653749e-08,6.056597060123605,-38.43305154068705,1.3343846850226055e-06,9.952753790070166e-07,0.09038133513872712,219.30365572948716,0.009156976535361681,-78.19307931975618
188,0.16438159973023594,15.557928847303693,0.03942607874200193,15.420565512121772,0.09793725643991963,776.6931452536276,771.9714268595901,4.721718394036867,0.032947122393076456,0.027058562119219722,0.30140309083358424,-2.3550704393749325e-07,-2.3991462654993586e-07,4.4075826124425416e-09,-3.053776536923914e-05,-3.056237295017874e-05,2.4607580587462896e-08,1.8271207508430938,180.77957384072468,1.426187385176474e-06,1.3168568576407492e-06,0.08007619971535476,219.43400937146615,0.00849926002144436,596.4944021343254
189,0.15856004120114137,14.423437270102035,0.039796576697307975,14.291271812957886,0.09236888044683934,449.3923671740048,443.1209772661774,6.271389907827995,0.02666134136466259,0.02566928200721661,0.296991596854848,-3.51464431228587e-07,-3.55170945662842e-07,3.7065144342548367e-09,-4.202251863383629e-05,-4.204858301808936e-05,2.6064383886103312e-08,1.1818346566265037,105.87323314750806,1.7079035724970413e-06,9.376397231465466e-07,0.07612231836095942,182.91019543011592,0.008755685705084905,171.3882560085758
190,0.16465016183667397,15.036615708363207,0.03858257777272383,14.924834196060171,0.07319893453031706,592.6431513895985,587.6144393535114,5.028712036086476,0.025470633154826255,0.026713412220391662,0.2968512518984276,2.5404580982780204e-07,2.4771283794609536e-07,6.332971881706736e-09,2.870728232407489e-05,2.8681920251097925e-05,2.5362072428652467e-08,1.0335369478354606,295.4522192982264,1.4689825421210324e-06,7.546738576973339e-07,0.07868108874729605,201.67867741786702,0.00848015067809512,-237.78514522787736
191,0.17099900125612008,16.641899527381216,0.04176182209105285,16.511263065319476,0.08887463997068681,591.9691720858333,586.739772617411,5.22939946842231,0.03402861447897777,0.026684924842487315,0.30429109478191196,-4.654163409802053e-07,-4.7061623581535155e-07,5.1998948351461786e-09,-5.8466715922246276e-05,-5.849319136280876e-05,2.6475440077689103e-08,1.4360819756121792,416.13754150966025,1.4938415017416956e-06,1.1727034616108433e-06,0.07878806622468582,217.86033456066366,0.009129017148650055,-521.6606341341876
192,0.16292178491999118,15.034416032523573,0.04112870072807908,14.91014692769818,0.08314040409731506,535.8720167837205,530.7645230645339,5.107493719186693,0.036821460009914056,0.025805756479079556,0.28775906835427906,-4.412103632606759e-08,-4.903998007374329e-08,4.9189437476757105e-09,-6.01074566994497e-06,-6.038199281166795e-06,2.7453610961093005e-08,1.828321032261308,358.3096409399249,1.5161595999549473e-06,8.432515397618638e-07,0.07623678603389984,202.88530467573383,0.008632740156129632,479.72555071683473
193,0.18468774833142962,17.533365759997466,0.04609750829198829,17.398983417696485,0.0882848340089925,659.5233905834808,654.0376172419222,5.485773341557938,0.02723848301694723,0.031142331103274166,0.3328203638344659,6.587319696704238e-08,5.887831471665601e-08,6.994882250386412e-09,4.421896631925632e-06,4.394809642659394e-06,2.7086988650615336e-08,2.2451198808240016,77.52611406787895,1.686773103123177e-06,1.2509429236696726e-06,0.0908425126813712,242.81582717088673,0.009831609991139778,193.90005854989977
194,0.1691592516409557,16.212105041756313,0.04242730240929563,16.067514253473266,0.10216348587375584,632.9363037270775,625.9124214931113,7.0238822339652005,0.028581210660565685,0.026245700791945097,0.2909487159664928,-1.6960758391364392e-07,-1.7442315625952505e-07,4.8155723458812585e-09,-2.1843019484970665e-05,-2.187048552470896e-05,2.746603928045711e-08,1.0355281413467463,268.0871847273752,1.5980504449099728e-06,9.326851595256444e-07,0.08073172770318246,213.55744505233594,0.009218262084167058,-72.79908588660055
195,0.16677508666657126,13.952999447377858,0.039178775925058994,13.831179625334471,0.08264104611832519,486.35904117791046,479.4825801099873,6.876461067923026,0.027274556485156323,0.03022658564130436,0.3308288761770559,-1.9075800592802784e-07,-1.9636347117631087e-07,5.6054652482829995e-09,-2.296768544183999e-05,-2.2993485928327116e-05,2.5800486149581762e-08,0.9364217985861641,175.58180558050964,1.3250605289763365e-06,1.144907154848629e-06,0.08809487630554785,191.3663276745446,0.008261703607722333,194.56559492869837
196,0.19341479231231537,17.54633623003041,0.0411246833618458,17.437443561934455,0.06776798473410764,547.4720239449822,542.7647133800101,4.707310564972464,0.02640496629617047,0.03070655879970247,0.3556945796950062,2.491612333153521e-07,2.450789715474554e-07,4.082261767896559e-09,2.8413802403881272e-05,2.8384734516195474e-05,2.906788715478121e-08,2.7689138367029185,20.04890614968021,1.5141375530022129e-06,1.0934393060299185e-06,0.09152173741067987,227.83133557236334,0.009779291695963777,322.36931228067806
197,0.1898475690470723,18.243392504801207,0.04002918573520369,18.09602276705704,0.10734055200896148,686.8188075295636,680.1239728754526,6.6948346541115376,0.04364484526029348,0.03526905404769735,0.39077470599703257,-2.7497529287182e-08,-3.423225803790179e-08,6.734728750719759e-09,-6.145314061492446e-06,-6.1754154028953155e-06,3.0101340789451755e-08,2.3740083921782764,309.63201366176554,1.3909689766450476e-06,1.473162055114243e-06,0.10189285875879579,234.15627685995736,0.009365885990295213,-844.2303473483262
198,0.17734921897594014,16.14924777793332,0.03630019467395787,16.045953217381296,0.06699436587806079,727.2659146779438,721.3630249524219,5.902889725522275,0.0315786070194648,0.028181455364394845,0.3157315809354813,2.0787656041529247e-07,2.0305746121304088e-07,4.81909920225167e-09,2.3919539773020333e-05,2.3892821819332243e-05,2.6717953225804878e-08,1.4163892096406898,178.10993610251774,1.2849386924278187e-06,1.083694592776072e-06,0.08351398134024159,208.89291053261314,0.008706130657854728,533.2533846623619
199,0.15840235731498842,15.969698032281118,0.04339482174420001,15.817021452518116,0.10928175801879833,699.3097774174379,693.7419592265172,5.567818190920184,0.030622693271416777,0.02569123375748416,0.2757582732407195,-2.0668091253471337e-07,-2.133214616439106e-07,6.640549109197298e-09,-2.705295234908591e-05,-2.7079211639329867e-05,2.625928978402218e-08,1.0945485871519494,102.38749606095041,1.5200222010203193e-06,1.5675780488183607e-06,0.07510903965429859,214.8524081288873,0.009257008787823007,86.23193596907277
200,0.1830194389330836,16.557711040100035,0.037511728337686574,16.456059578314715,0.06413973344763263,576.0770376708094,570.9311700560347,5.14586761477417,0.030494369878142323,0.031206008772164045,0.3483002042449114,-1.1954249829158652e-07,-1.2549579498223465e-07,5.953296690648128e-09,-1.610024669130729e-05,-1.6127048475726783e-05,2.680178397211856e-08,1.5257602352148738,206.32957977995304,1.273000660442358e-06,7.976003114780615e-07,0.09071714002687505,218.68251130319197,0.008599354090170836,-574.7205159110908
201,0.1695470782845237,16.997583839704774,0.0411017463279932,16.85929213826503,0.0971899551117544,837.8663213976946,832.549094618891,5.317226778803943,0.0319750138037665,0.024589899877824187,0.2808563798805951,2.3403303327632902e-08,1.8220293628412365e-08,5.183009699220523e-09,7.691174035369129e-07,7.367658871905444e-07,3.2351515989084765e-08,2.0426855061802014,100.00449557056332,1.4621060612707348e-06,1.0338252888170505e-06,0.07550284710553073,228.95679712440426,0.009421468114474637,1478.6245743917934
202,0.20058976762293448,16.288275539585047,0.04290472539413093,16.15565725418574,0.08971356000517736,632.3868055247259,627.4997641511555,4.887041373570399,0.04128928639096372,0.0423403655944959,0.47954373750981244,-2.0579117195958081e-07,-2.155496136988063e-07,9.758441739225506e-09,-2.6386565810847873e-05,-2.6413280111412577e-05,2.671430025443644e-08,1.0977640319491955,229.48977536500107,1.3404056840695192e-06,1.523675015899154e-06,0.12105645680400429,216.20241328946838,0.009405437970858611,134.93256198419658
203,0.1788363103495705,17.121210923653972,0.04334149065795543,16.956570406417566,0.12129902657845137,706.9327012850313,702.4304718241505,4.502229460882005,0.03639289659192387,0.03081506260455165,0.34046380439300267,2.8292698771073077e-07,2.782510689765774e-07,4.675918734153285e-09,3.110622637566919e-05,3.107963388529311e-05,2.6592489857087034e-08,1.28616708284123,143.43737785439387,1.721837542590527e-06,1.095627353904602e-06,0.08982793357088571,227.7276467032604,0.009362659875474133,415.9053777031986
204,0.15768902619768627,15.279769758075894,0.03789963150293786,15.159718881703874,0.0821512448690807,748.9343806198523,742.8538296498862,6.0805509699669,0.023808239204045317,0.026127634710592797,0.2898928912310993,-1.3943331420029574e-07,-1.4411116503045602e-07,4.6778508301602635e-09,-1.7314290501125007e-05,-1.734006308849696e-05,2.5772586912726188e-08,1.360832444975146,63.1360819327495,1.110708669204827e-06,1.0683221534545683e-06,0.07874925787220413,205.4634294537574,0.008780844879489703,-26.18879644187018
205,0.1721302511372325,16.38986416936003,0.042562064357645785,16.261377623297335,0.08592448170504499,521.3218271572722,515.7982832873862,5.5235438698857315,0.024584307907289504,0.028706315550360045,0.3226755635792187,2.0550625927377476e-07,2.0126886878687227e-07,4.237390486902544e-09,2.1405356108010314e-05,2.137835765887497e-05,2.6998448451373824e-08,1.1453760796783459,-81.11773931370253,1.3421021753402959e-06,9.778601937756864e-07,0.08524882316211989,220.86129380833705,0.009383017465956489,-459.66463666449636
206,0.16862157297072047,14.954072784228556,0.03793047539000745,14.843091356894815,0.07305095194373239,667.1429210613537,662.6785357228816,4.4643853384724,0.03085913211389663,0.027363950243363067,0.3171640866343647,1.2016249595502548e-07,1.1450237671982321e-07,5.660119235202255e-09,1.2939346760603024e-05,1.2910331350610475e-05,2.9015409378516965e-08,1.2434986254021911,17.295380750607773,1.0155904615575227e-06,9.150323092433882e-07,0.08127794557149415,199.87933472352228,0.00870033944133712,59.962102776660686
207,0.18648734834183875,16.06293602771005,0.044582771589896195,15.905530581109506,0.11282267501064999,552.3479509641594,547.0274489428507,5.320502021308723,0.0406379405060991,0.026499720588221438,0.3162250768167639,-3.8508918825386253e-07,-3.898043105422546e-07,4.715122288392041e-09,-4.77981478152319e-05,-4.78239479207177e-05,2.5800105097985797e-08,1.9522195579946657,50.19041721483744,1.4824865103664737e-06,1.1352763599333226e-06,0.07916425343304989,213.49652833536683,0.008654420798374007,-117.1591847960517
208,0.17391663056514634,16.808859483720607,0.04379105410499249,16.675444977241476,0.08962345237414071,708.2835781626803,702.2524224691603,6.031155693521172,0.02931772851860215,0.02852482680501906,0.32058536343236155,-2.4731784782152904e-07,-2.523229976988742e-07,5.005149877345207e-09,-3.131231586169342e-05,-3.134002464425182e-05,2.77087822051034e-08,1.581466092048391,140.23379715470878,1.3660427189114713e-06,9.872089937489753e-07,0.08252320569209605,229.7747303447815,0.009394796643906026,-203.21969327961142
209,0.17125822219756445,15.420178542423164,0.03933253907683018,15.305865431082468,0.0749805722638646,733.9204030479573,728.1484979232763,5.771905124681014,0.02803809279531679,0.029819576936206103,0.3396688285374122,1.4586850198177104e-07,1.39409368574374e-07,6.459133407397057e-09,1.4110422847510106e-05,1.4082962943212657e-05,2.7459903972402004e-08,2.5153163042143607,220.51261906314215,1.193560101410016e-06,1.0242580390769184e-06,0.08725199880513822,217.04007994354313,0.009135795944305934,-202.88535503480853
210,0.1698582999384048,15.069113594608426,0.03874630604429688,14.925937503330085,0.10442978523404618,557.3454674230046,550.7130642502802,6.632403172724978,0.02567124157060085,0.028230157781600488,0.31478292015063775,2.1263126407267815e-07,2.072190705612786e-07,5.412193511399583e-09,2.3250120253657888e-05,2.322312354503941e-05,2.6996708239114006e-08,1.7058972849606933,74.70197276535043,1.2276870921896798e-06,1.2645675699855653e-06,0.08270636880299015,188.63089067097866,0.008465781901658127,427.8521633464734
211,0.171396068452608,15.75984570536695,0.040438250257409734,15.645251568187069,0.07415588692247052,630.8917060167281,625.7655100443164,5.126195972411153,0.027631743276404698,0.02647001818399993,0.30251368689168373,6.614225057610527e-07,6.563029995378418e-07,5.1195062232110415e-09,7.676470398195365e-05,7.673844124260538e-05,2.6262738959086957e-08,0.9750422190585091,101.7363215370838,2.246176821330396e-06,1.2135768431730705e-06,0.07733575229996689,219.5020638706733,0.008873489309431654,387.69916254059626
212,0.16130650469801575,14.459942078102994,0.03612863825783861,14.326201795315615,0.09761164452953792,555.578434437727,551.3438998568222,4.234534580904638,0.02563506270922977,0.02619924137635365,0.29197871052730195,1.2012388824797187e-07,1.1510809895831316e-07,5.015789289658744e-09,1.3033956597431063e-05,1.3009341291627411e-05,2.4615305382942653e-08,1.6933962333305344,-26.907555346488472,1.3659861142469867e-06,8.811838469103967e-07,0.07721829846714108,194.4083013513652,0.008377426051038563,147.1548799950524
213,0.15742911372087637,15.221492348961412,0.038044718459391155,15.082462875361399,0.10098475514062201,684.8365542748161,679.4318946014452,5.40465967337166,0.0405207221913127,0.023878070706288834,0.2656791225563408,1.4731879418326854e-07,1.4212971552907442e-07,5.189078654194141e-09,1.4675839308128956e-05,1.4649709253442154e-05,2.6130054335564573e-08,1.7376961084909301,114.2206499398515,1.4686587462769578e-06,1.10660920940726e-06,0.07365769339935872,209.55475739259276,0.008925610437432945,217.32413678720877
214,0.17820136803847395,16.488747819375803,0.04058344210183973,16.35622344534797,0.09194093192599356,648.2870514578136,643.3751608939467,4.911890563867508,0.0344665551298822,0.02953671109746051,0.3380318990676292,5.543014920539308e-07,5.471278217303444e-07,7.17367032358653e-09,6.278468184587215e-05,6.275658187037136e-05,2.8099975193114124e-08,1.873276474201917,-8.798903122889936,2.510510753461634e-06,1.085185398884121e-06,0.08897494714165124,211.0107304174922,0.009404376540664677,-835.6212219936388
215,0.1486705229522345,12.903667032977683,0.03713600940496445,12.776429936522758,0.09010108704995927,638.1904970092709,634.046316429578,4.144180579693164,0.04442564592774229,0.02627548699076738,0.2927181564293084,-9.173122728634901e-08,-9.547711815820877e-08,3.745890871859777e-09,-1.2225789523595613e-05,-1.2250950553434431e-05,2.5161029513395866e-08,1.2921136773513695,84.99628854368784,1.8213464394260131e-06,7.893759953170539e-07,0.07699767290217295,186.09079494111504,0.007784474334689662,570.4374819178483
216,0.18592692685380713,16.90231042482124,0.04159303046507207,16.785643559599265,0.07507383475690475,473.4366535285525,468.2133874771307,5.223266051422346,0.028629866520149184,0.03339783172527216,0.3622189417264367,-7.418553631989612e-07,-7.46812504603728e-07,4.957141404766893e-09,-8.949187560691656e-05,-8.951997588978227e-05,2.8100282477258918e-08,1.487373793114122,218.223660118894,1.4552937658959654e-06,8.892601778579422e-07,0.09755239609653014,226.18547185575812,0.009146855280243818,695.6919157064176
217,0.1748600836182284,15.87915896540525,0.038144880175699836,15.742487199149767,0.09852688607978333,722.1237570096891,718.1355238919489,3.9882331177402546,0.039777041058611545,0.03084885354599818,0.3536369052305522,-1.3777367916865236e-07,-1.421814989194444e-07,4.407819750792076e-09,-1.6750309360261167e-05,-1.6777542885420363e-05,2.7233524608911347e-08,1.0817897095996265,176.52419968503423,1.201628027297527e-06,1.2574879492881456e-06,0.08944986897010548,212.53895460637438,0.00873385532522774,-210.06697671569145
218,0.18320606638787748,15.807125005714028,0.03762867756409656,15.690075994442338,0.0794203337075975,789.8579688494666,785.4295899764014,4.428378873066016,0.02480208247394203,0.03206750812342999,0.362722907122552,-7.900477413193655e-08,-8.307611851879231e-08,4.071344386855717e-09,-9.63481651526898e-06,-9.661344053309698e-06,2.6527537650280408e-08,1.5743761743795837,34.556763436738265,1.157731873614666e-06,1.0557956442926732e-06,0.0931610713252864,212.87946606744723,0.008631558554949825,-496.04231321278894
219,0.16221865651841763,14.893060468025583,0.03804439848764429,14.789435370576335,0.06558069896160283,588.8215038090513,584.4024165538041,4.41908725524806,0.02320278088201473,0.02783271761207353,0.31687709297868033,1.7016724446305682e-07,1.6488782528264421e-07,5.279419180412604e-09,1.847679365739992e-05,1.84505173787916e-05,2.627627805745811e-08,0.8810466759119938,124.79323841538158,1.4769504833475413e-06,1.5588735008977173e-06,0.08010587394558313,198.82458181590076,0.008230375573390762,196.65239318217664
220,0.17756366675052768,15.31670585872176,0.037173578240396105,15.161722841151613,0.11780943932975081,495.09807601609924,489.7602924339412,5.337783582157484,0.02923223176974388,0.031201947846127412,0.35948812399380464,-6.687958501600821e-08,-7.434614405639457e-08,7.466559040386319e-09,-8.836341714620236e-06,-8.862565431072343e-06,2.622371613891063e-08,0.9504966396807061,122.83474825270548,1.132299840582936e-06,8.595021521012217e-07,0.08880716688970416,196.5971903779413,0.008806149558841065,641.6911324441835
221,0.16914945206059873,15.488064289980068,0.03940497481616201,15.32707768450129,0.12158163066261703,503.0731563171091,493.20463132388534,9.868524993223527,0.0290312989671149,0.024343676805105796,0.298161455536272,5.589981742904926e-07,5.539771425218066e-07,5.021031768686085e-09,6.475583314700408e-05,6.472980958931027e-05,2.6023557299355092e-08,2.136740929586581,147.17125576111948,1.4633170090842006e-06,1.0235963820815073e-06,0.07530947603022801,208.77406676639262,0.008533980772041493,-235.18125037510526
222,0.18043711563672682,17.35288708830515,0.045456885984919634,17.222258819700613,0.08517138261961595,617.5535483586002,612.1689461532502,5.384602205351,0.03398581470267191,0.029533550762013104,0.3439304373680028,-1.0832793353253472e-07,-1.1387112316798835e-07,5.543189635453662e-09,-1.5354727642301182e-05,-1.538175008755804e-05,2.702244472837009e-08,2.044770101687725,472.9419580026677,1.3268476205684723e-06,1.0667374998790913e-06,0.08728811694979893,233.8376220838033,0.010006033448406913,-195.43055274159906
223,0.17980855505352006,16.294363117961325,0.04120842243403515,16.1820542633627,0.0711004321645895,642.5741525210007,637.6752133935234,4.8989391274785055,0.03500753934883204,0.0304071272347432,0.34575493979296784,3.925851509905444e-08,3.403821887356452e-08,5.220296225489907e-09,2.2695068232169064e-06,2.241782806725316e-06,2.772401617133551e-08,1.1817206094378263,82.04560812450842,1.3937536383754385e-06,1.1013271379262733e-06,0.09282515741902031,219.49135702351327,0.0091855653923102,427.57442763514337
224,0.1788084953952881,16.218584158563367,0.03618312367175985,16.111020834044204,0.0713802008474048,829.8426260184706,824.014309051407,5.828316967066495,0.031100226092450667,0.0280000408896299,0.31429393933125976,-1.1811562918275105e-07,-1.2363610406312202e-07,5.5204748803709825e-09,-1.7205143240888774e-05,-1.7232022652880694e-05,2.687941151999366e-08,5.221970894976663,816.2358703170302,1.2380934164751701e-06,1.0014602685523713e-06,0.08378801735392004,210.537024636185,0.008922967825458483,-106.29258695002864
225,0.1717149113377819,16.220979275643224,0.042398995083669073,16.095831324517675,0.08274895604187883,561.7568003397647,556.616881247512,5.139919092252625,0.024026530480661723,0.02753774132984869,0.3038367828090146,3.465259746456675e-09,-1.871350459948605e-09,5.3366102064052846e-09,-4.1770793557769296e-07,-4.4546863262918686e-07,2.7760696515979965e-08,1.1477681318203752,188.7846128078244,1.2803866220427106e-06,8.834936488644898e-07,0.08253584265553704,207.71313855602222,0.008590099491532386,66.32716272007656
226,0.17581451551226618,16.08547574137115,0.041044036716149576,15.964145153418551,0.08028655123645202,737.8146838376807,732.5743025823183,5.240381255362821,0.0268544304632686,0.029893946860187603,0.34018628630007347,6.875145402971888e-08,6.38943332776818e-08,4.857120752037034e-09,4.639321364621096e-06,4.612315731053678e-06,2.700563325409618e-08,3.5243631132311797,143.85166360047182,1.6348673546064654e-06,1.1117583093560198e-06,0.08557886074362706,218.95710390826054,0.009160657567028727,134.44186800063653
227,0.1790754081366734,15.189422402193037,0.03948083669504389,15.042361432687635,0.10758013281035808,836.1121752586205,829.4145370285794,6.69763823004108,0.03088529810577332,0.03210594383659351,0.37806168315282335,4.653281625128147e-07,4.6010953667500253e-07,5.218625837812132e-09,5.426858629577031e-05,5.4242722152148485e-05,2.5864143250308892e-08,13.268480648225731,248.26378698935562,1.4383267482142497e-06,1.2076698637690684e-06,0.09136725170467819,214.8554681716179,0.009073455002519562,66.26908956357056
228,0.1822790001188132,16.780680855717797,0.04449480170180316,16.63357839617208,0.10260765784391233,605.0108926215786,599.8391537258098,5.17173889576936,0.03601018619782256,0.03125684301315451,0.35238699707566756,4.99808646497868e-07,4.92862309981096e-07,6.946336516772047e-09,5.79660510471929e-05,5.793978360244721e-05,2.6267444312939127e-08,1.249988904252028,158.36247506647103,1.8795954988105673e-06,1.3253077075177296e-06,0.09036009257521502,217.482155670167,0.00966794285192308,322.22313645725535
229,0.16050925410797598,14.891248219665146,0.03605281502647877,14.77185042100432,0.08334498363434882,694.404978786483,686.3078691551027,8.097109631380814,0.024832259957070266,0.025849698646370198,0.2850771217848606,5.427883530450157e-07,5.364012031372457e-07,6.387149907769896e-09,5.663642553197645e-05,5.661036925493992e-05,2.6056276721106634e-08,1.174210982189665,114.2514190304455,1.1548148915665126e-06,1.047612145838981e-06,0.07439550609481807,205.31672481651742,0.008806758053742468,624.2104810724477
230,0.17791688814401815,16.68030922537001,0.03958508101516649,16.561564078958575,0.07916006539626809,595.850693794806,590.6428045568082,5.207889237998848,0.030291437826736003,0.029949122015349525,0.3260766366171491,8.644976996101167e-08,8.179383566045801e-08,4.6559343005536496e-09,9.051529380347754e-06,9.023677802105558e-06,2.7851577760555073e-08,2.7335456844305805,112.4223295587861,1.3259685074007252e-06,1.3616974490364427e-06,0.08545486452270447,232.56048566657006,0.008635945182969836,-108.16950998749871
231,0.17596677413087272,15.269677611159507,0.03905456423101551,15.150588865153608,0.08003418177488344,744.4750407705247,739.7560669984067,4.718973772117173,0.028661221168252912,0.027196904423584453,0.3095937787757332,8.494738739426218e-08,7.965725730444669e-08,5.2901300898154676e-09,9.566355620477467e-06,9.539413421401352e-06,2.6942198662702108e-08,2.2817533839121493,184.44580669946384,1.3131984341662876e-06,1.0447801971757765e-06,0.08250604608872857,207.49791720563624,0.009157282031018244,-106.79557955296514
232,0.18894125279925417,16.839969768216182,0.044353064087258955,16.712260714402582,0.08335598972634248,549.2822062417093,543.498173096674,5.78403314503601,0.03444694887013032,0.030478608392964266,0.3468975069465896,3.098923804618139e-07,3.055412835825795e-07,4.3510968792343676e-09,3.426544431458524e-05,3.423996911921031e-05,2.5475194920420445e-08,1.5218013081455457,120.11716951983782,1.4957108712271313e-06,1.100055893113859e-06,0.08784258299112235,230.54639959886663,0.009196203329952449,56.88700528227946
233,0.18414635340357272,16.774960197226175,0.03862014569731095,16.6477498383885,0.08859021314036758,587.3087955186921,582.536636602186,4.7721589165060525,0.036691790830854595,0.033843195533604875,0.37322273435605596,2.3926051011339917e-07,2.293630963963851e-07,9.89741371701412e-09,2.6925211028276448e-05,2.6898604086971172e-05,2.66069407594738e-08,1.5262864966251861,77.52748364541806,1.1424064631341729e-06,8.337677232059876e-07,0.09869981675095178,236.05063171730464,0.009555247885559956,272.0736679870297
234,0.17243962901946033,16.272007190825015,0.03828022377847004,16.15241740590157,0.08130956114497652,633.72277481017,629.5396942502846,4.183080559886773,0.03386309473989304,0.027613377861478244,0.3067699760962554,-2.536578514170912e-07,-2.600583842140648e-07,6.400532796973414e-09,-3.2353181544874945e-05,-3.2380220754839516e-05,2.703920948303275e-08,2.0817030202917097,107.43884251641194,2.055079711341111e-06,9.81212139241203e-07,0.0812961707369337,206.31099037865113,0.009276092333517115,-279.85730422903
235,0.16523329480105656,15.613022093776719,0.039772876176506766,15.48920911197638,0.08404010562383181,509.7471327724994,504.25926725475216,5.487865517747572,0.027986946822487223,0.025401692175938195,0.2896323950352203,-4.801321181194661e-08,-5.418064346471533e-08,6.16743165276871e-09,-8.613241753519291e-06,-8.639921884581719e-06,2.6680130674986487e-08,1.7822986812348158,168.76220945520416,2.1090187557824505e-06,1.5499755642491313e-06,0.07514303565512673,204.2220767147608,0.008583917624250976,1.8233178402406338
236,0.16323230410394662,15.222467253070992,0.04477100149896828,15.114466972703685,0.06322927886833696,492.6350370340028,487.66119455796525,4.973842476037047,0.027524895406566288,0.026418947549458435,0.29347506377231425,8.101761292616123e-08,7.652117249348138e-08,4.496440432679854e-09,7.75407487005232e-06,7.727379283765876e-06,2.6695586046713692e-08,1.1617199338317925,152.71064235986182,1.027783142304581e-06,1.166435066086966e-06,0.07710287739650604,207.4016302770851,0.008740694742499822,509.6942545967768
237,0.17658269840952084,16.38175973999378,0.03989021245931289,16.25329340795005,0.08857611958441189,644.0471751349028,638.5456402791255,5.5015348557779795,0.03489784958584906,0.03079952498690967,0.34559514067078356,-5.669580784635565e-07,-5.718768008338886e-07,4.918722370332125e-09,-6.976462521622458e-05,-6.97911924885197e-05,2.656727164553536e-08,1.8630656583986347,62.49476072932801,2.0037068581604933e-06,9.735103618862227e-07,0.08971859819558876,213.75994033867858,0.00920403341163068,-0.6090299560619314
238,0.15756696978304044,14.742284137384273,0.03987791680701073,14.612742872595932,0.08966334798132902,856.1796122664452,851.4119218521706,4.767690414275192,0.025800567098664573,0.02353106216381065,0.2579919415001296,-2.712392100178863e-07,-2.755978547158625e-07,4.3586446979763246e-09,-3.296086904944581e-05,-3.298651372109972e-05,2.5644671096973652e-08,0.7367632673178832,74.23051366207875,1.3437535093476752e-06,1.1284623491533837e-06,0.07387877819696606,199.2994821344387,0.00883490549943717,-675.5172107671451
239,0.17301997179507211,15.902100757497927,0.03805524859463561,15.780959090652942,0.08308641825034528,660.8843491969203,656.0269291080959,4.85742008882484,0.03043338136889998,0.03101282488124895,0.34833764979142473,1.0342095480633402e-07,9.842424189931835e-08,4.996712907015675e-09,1.2397753481648199e-05,1.2370459821029382e-05,2.7293660229477832e-08,1.277093307915729,268.78561411170523,1.938921285520289e-06,1.1725853912031114e-06,0.09097654640933656,214.4847842542316,0.009023224737315616,-388.2712677408281
240,0.16302199698229253,14.25579551243573,0.036719793058559366,14.130130421000475,0.08894529837669482,539.202149104415,532.4041499608336,6.797999143582517,0.026060995576123732,0.028266978840834157,0.3255781818158918,2.280763343798129e-07,2.2327416659621795e-07,4.802167783594927e-09,2.561053335908704e-05,2.558254172383584e-05,2.7991634780381347e-08,1.3716657904122025,56.63073400767574,1.0174762331946677e-06,1.1041395430147273e-06,0.08492004408186332,196.7683699536536,0.008614845647323205,-558.0549963767326
241,0.1714090221048527,15.288503803105831,0.03739323242665235,15.181907214183022,0.06920335649615568,598.4392756273036,591.3929340249985,7.046341602305565,0.022093436451939688,0.029149730112708595,0.3368747745881661,-4.4944421338843137e-08,-5.029075723502273e-08,5.346335896179614e-09,-7.012518258774981e-06,-7.03856952681878e-06,2.6051267685312783e-08,1.3235325522865156,57.6897628818105,1.0793068232121837e-06,1.0349769308016087e-06,0.08431340631072938,211.36836236841532,0.008994620113532014,97.04825826108754
242,0.16811987919882893,15.192022007846823,0.03753427368327223,15.083099287993981,0.07138844616956957,464.33895539150564,459.3112453559991,5.027710035506567,0.023606693182015793,0.027829175167297486,0.32782853458837874,1.7592629656513395e-07,1.7108461253594368e-07,4.841684029190259e-09,1.8235057946467748e-05,1.8206120395326763e-05,2.8937550726761008e-08,1.041525385157273,133.83724704708249,1.2896321754298703e-06,8.923799313090255e-07,0.08455218801688809,207.67663221323335,0.008199264159205607,-25.251484041001277
243,0.17963046937918212,16.43432229239381,0.04140517251641421,16.32135838836387,0.07155873151352975,563.2731275474333,558.894138724597,4.378988822836838,0.02532011535112271,0.03108224065371029,0.34827778730115283,2.5714403461982203e-07,2.523669362428926e-07,4.777098376929665e-09,2.7824680771756133e-05,2.779754048217126e-05,2.7140289082484366e-08,1.0883585680534966,240.5374312966607,1.4341130930835777e-06,9.62007455870712e-07,0.09045612264805494,225.05923761810885,0.009125406444784325,-296.9224121864336
244,0.171618511898119,15.727305428613668,0.039877745481519664,15.59939571834357,0.08803196478857728,652.2626359805836,647.3488990523316,4.913736928252871,0.025142208647754537,0.02790738887620842,0.317205242321515,3.488205416276465e-07,3.4301400206631607e-07,5.8065395613304445e-09,4.0311345522973555e-05,4.028420329792877e-05,2.7142224707208756e-08,1.5337717556538843,90.30343041780266,1.3606554795895348e-06,8.614004899939897e-07,0.08382784803983642,209.6912886929645,0.008869286289067477,43.91879726292882
245,0.1755132369254899,16.059965651822708,0.04390050510471575,15.941320785044951,0.0747443616730375,649.9088504301077,644.8428761745511,5.065974255557974,0.03731353529517315,0.028288400432851215,0.3214003161435414,1.0503504377073238e-07,9.924487797562801e-08,5.790165795104408e-09,1.1342858711998307e-05,1.1314123091728363e-05,2.8735619908879525e-08,2.831259333317135,76.95925377009331,1.4304221185301997e-06,1.154724294425072e-06,0.08200754735659527,212.90116928301558,0.009087049665126369,315.21585763962867
246,0.16562651427131064,14.582278954791343,0.03539227700265947,14.454096478166289,0.09279019962239497,799.2091286242896,794.5879709230626,4.621157701226353,0.034367901444875525,0.027444395359908603,0.3203670452011152,1.5235046613484792e-07,1.4743136521118254e-07,4.9191009236654446e-09,1.6650806978347364e-05,1.6624553063334844e-05,2.6253914587619737e-08,2.2505596123875367,-106.71784770044457,1.8006917625242288e-06,1.1219478160119241e-06,0.08212020617832422,198.14406788888732,0.008384878262044424,97.15524853130228
247,0.16157420878331427,15.468431335673833,0.04048881804588391,15.343721775663594,0.08422074196435285,608.3590371961191,603.3992802186972,4.959756977422043,0.02703621244105797,0.025700855641293336,0.30283748884251394,-1.943305370163306e-07,-1.982888942234531e-07,3.958357207122506e-09,-2.371699459760527e-05,-2.374577232379528e-05,2.877772586245871e-08,0.8084890495875893,-0.4825167786406366,1.719433478356625e-06,1.2511123578507453e-06,0.07727239853795478,203.97729986001877,0.008651274197296452,216.56787316848113
248,0.18165591850437618,17.265369839882293,0.04213949093015362,17.134846854812935,0.08838349413920654,741.1169736374898,736.2160243133469,4.900949324143433,0.02551577969883851,0.03250655481815315,0.3655926540956742,-1.0474255963781466e-07,-1.0981590076302866e-07,5.073341125213987e-09,-1.2993238500549192e-05,-1.3021829261798643e-05,2.859076077032501e-08,3.6179390843539756,122.52169508213932,1.4569273943013055e-06,1.3403217050246507e-06,0.09320572462254405,244.47554434042917,0.009288985731778197,-783.8468725027114
249,0.16230278669660428,14.768453696209507,0.03985746742831292,14.677926863660117,0.05066936512107867,655.6851013399656,649.8052419351973,5.879859404768531,0.026960121490137722,0.026482890223636164,0.2899160845680636,9.34265660333896e-08,8.788256918603537e-08,5.543996847354262e-09,7.917366322879847e-06,7.89033944455981e-06,2.702687786867355e-08,0.7786687424256358,87.9758765770232,1.5695052021961627e-06,1.1538258901406737e-06,0.07863863216861483,204.83142744140162,0.008601461101701752,121.66927695209142
250,0.17275066303758926,16.371051243384223,0.042038644347546256,16.256677665684734,0.07233493335194299,575.3223373244364,570.0387503974954,5.283586926940215,0.030736114454717644,0.026939234725611445,0.33494739740144536,-1.4332576090065836e-07,-1.4869315647601783e-07,5.367395575359479e-09,-1.8755562482396356e-05,-1.8782857093100788e-05,2.729461028853068e-08,1.4146795866577033,-17.032187773607085,1.6667197064465348e-06,1.0370409377811219e-06,0.08145538725211122,226.72989485256795,0.009266677657269594,-126.26840887916387
251,0.1661291916271481,15.19250142910925,0.03835447879170552,15.064511342120062,0.08963560819748313,593.1382606037533,589.2379848800189,3.9002757237344587,0.022479256197516343,0.02893071121003248,0.3169829933078171,1.4000302418963558e-07,1.3616263717641466e-07,3.840387013220913e-09,1.5580113527975483e-05,1.5554069730364377e-05,2.6043797268346903e-08,1.6678734531025543,218.2543136016988,1.5234911089992416e-06,1.1121494819158084e-06,0.08398542899986225,198.3462559315384,0.008381136171992794,-169.31833389220537
252,0.1783093901539589,15.791078525153944,0.041418421478946844,15.642418675544082,0.10724142813091216,745.1018768053877,738.8098350148701,6.292041790517287,0.028271568497596506,0.02890849080187412,0.3296013192764749,2.4835634257889048e-08,1.837473192257507e-08,6.460902335313987e-09,1.136148657470843e-06,1.1078317308598468e-06,2.831692631268151e-08,1.7555317990051147,139.51002324752938,1.321989592375192e-06,9.98928092931717e-07,0.08619731362229005,213.61123226097928,0.009210320448589068,727.4873810376648
253,0.18464733655345147,16.817165640449073,0.0420230626450931,16.65915040450009,0.11599217330389124,644.2862524598477,639.4665266900136,4.819725769833225,0.04009629594762345,0.029625681246655874,0.3462661781549989,4.1178430578372295e-07,4.052555257269616e-07,6.528780056761254e-09,4.672575575556503e-05,4.669881220397094e-05,2.6943551170628797e-08,2.3810531661900836,215.78095424194143,1.492011245106572e-06,1.0758341718517565e-06,0.08772657467017367,231.56226850266438,0.008923484871924273,-915.582407551221
254,0.17120764832538019,16.32552955510296,0.04298402678273768,16.199743646181165,0.0828018821390554,712.765737412499,707.4345163026644,5.331221109834615,0.02832355701386076,0.027818440811074815,0.3083091031281893,-3.7547159733969924e-08,-4.274833220717516e-08,5.201172473205239e-09,-7.051941400803818e-06,-7.079362167653744e-06,2.7420766405362486e-08,1.843404960370565,-120.27691354486926,1.5401147749639717e-06,1.0322696030598173e-06,0.08185929341539269,221.85603017057682,0.008871563819443063,-227.13696876319682
255,0.15270429761321005,13.604047382750721,0.036944045981869324,13.47672996003009,0.09037337673876014,582.4750790231002,578.1231998812822,4.351879141818152,0.02725479504400909,0.021859450953039882,0.25599051925756716,3.2106511620275525e-07,3.1616125973745283e-07,4.903856465302438e-09,3.7671544787511895e-05,3.7645738042024606e-05,2.5806745025715975e-08,1.1312097392820668,44.53986958933958,1.2607531862689561e-06,7.243270005408778e-07,0.06655699168397555,179.0109645720794,0.00802445954709005,-75.8776706917306
256,0.1804992661459027,16.01750310628212,0.043299108690910526,15.877902365680809,0.09630163191040146,488.2226129490461,483.1962868763701,5.026326072675899,0.027338095480688742,0.0319782925515916,0.3713375797079494,-4.3070671567952347e-07,-4.359616477824338e-07,5.254932102910417e-09,-5.228412375710906e-05,-5.231083251992898e-05,2.6708762528601993e-08,1.378706232335678,71.99284296639806,1.452255554999963e-06,1.019130869679234e-06,0.09135239470814112,220.5373248375258,0.00957698502180234,-43.14263005049634
257,0.16848719892928304,16.464533528885852,0.040523427878077826,16.32695789652436,0.09705220448341657,509.6034650708157,503.85941025359654,5.744054817219629,0.02817576954211268,0.028891944346072746,0.3153850381564953,-4.891234613227458e-07,-4.939168292483136e-07,4.7933679255676805e-09,-5.891346033751388e-05,-5.893924100836359e-05,2.5780670318668074e-08,1.3214678155952144,167.08264073019433,1.1817962684782588e-06,1.105407444415458e-06,0.08462186799319402,226.03840845070164,0.008679773289410796,-509.7663030617032
258,0.1591737144138426,14.214926055537788,0.0381975132545847,14.105066038912481,0.07166250337071985,526.3058751271567,520.2524957562197,6.053379370937081,0.04584523657003601,0.02678745334774082,0.29956468972942996,-4.3038483276890106e-07,-4.353819260639006e-07,4.997093294999624e-09,-5.216398044663268e-05,-5.21903119640382e-05,2.6331516912697067e-08,3.3222289394613282,183.0803993011469,1.4560150084535128e-06,1.235885702747301e-06,0.07812847287826162,192.24071697675416,0.008979382171883299,-933.6056965771077
259,0.1669459761221938,15.83569869917078,0.038498714977143425,15.692168883325078,0.10503110086856052,636.3243573065823,631.6951381873148,4.629219119267897,0.038422031412546964,0.024316961272098262,0.2887253534994005,4.276715394950739e-07,4.2154108992836127e-07,6.130449566712593e-09,4.814248186011011e-05,4.8116123788748096e-05,2.635807100412591e-08,3.7378866103619144,172.56934509344987,1.2599564883603523e-06,9.839343446455826e-07,0.07697873737279705,210.2005689540422,0.008836232523331817,497.1028036959442
260,0.1743754238591554,16.00921405459833,0.040131240415177974,15.879526711388435,0.08955610279471769,819.9679220397043,815.3327303517007,4.6351916880038955,0.034797996241460454,0.029731254967232636,0.32922338357742054,-2.9933342182772736e-07,-3.056979847375476e-07,6.364562909820249e-09,-3.6869984789153574e-05,-3.689807369683951e-05,2.808890726366817e-08,0.7720952920842866,-25.485183795828647,1.5729839674170665e-06,8.60691344104995e-07,0.08734267065359573,208.52966888208536,0.008470567369108492,816.7458625209347
261,0.17846476544334686,16.213527736006448,0.038970602867905504,16.089280915754685,0.08527621738385821,589.8443496197909,585.40702704535,4.43732257444057,0.028122031355360004,0.030239057549560102,0.34615640767104977,-2.977696213517782e-07,-3.0476740440491727e-07,6.997783053139123e-09,-3.752605867171784e-05,-3.755054353178606e-05,2.448485976541268e-08,8.21811023097774,18.088109374056167,1.63094658934941e-06,1.0907193901517515e-06,0.08550990554973821,208.58354889682897,0.009215700601118327,-959.4930878401456
262,0.17803436024321226,15.973960082395227,0.042244518868669964,15.856564396913354,0.07515116661320495,500.46732913615017,495.8567326188547,4.610596517295761,0.03414886769959989,0.02961880036223986,0.3560275479295429,5.20221314508238e-07,5.153335486648618e-07,4.887765843376161e-09,5.906684952485232e-05,5.9038257535592325e-05,2.859198885426366e-08,4.582350404561338,185.4124336522195,1.4582646320734152e-06,9.350873332750302e-07,0.08648106849913799,208.8035439140295,0.00890521886396629,117.04931153399048
263,0.1671470597159775,15.78349495872914,0.03901873169934111,15.685426347639464,0.05904987939033593,649.8358751399437,643.7690271270758,6.066848012869254,0.03932526161893476,0.027556718394490646,0.3148680172910182,-2.709001636986699e-07,-2.7735470248539783e-07,6.454538786727932e-09,-3.4771180338826124e-05,-3.479813717329121e-05,2.6956833972020068e-08,1.4791004049546976,177.32381183967186,1.0891316191804033e-06,7.68175091760841e-07,0.07987458595284483,205.72502695763956,0.008736495671282181,-59.77526863430103
264,0.18883751903361137,17.013346895178525,0.04129831874797652,16.89640442085158,0.07564415557897106,716.3091133841375,711.4496178859578,4.8594954981799425,0.0388421128754425,0.030190536320292716,0.3681213645581674,4.81415572677848e-07,4.7656639089027035e-07,4.849181787577503e-09,5.471183363202107e-05,5.468566579663959e-05,2.6167834977433554e-08,1.5794279072143076,18.695125597305914,1.1654000430368376e-06,9.495909640332179e-07,0.08717342925829102,217.55752661925786,0.008910354560811736,-182.30157083808535
265,0.1604296484996642,14.670951950792897,0.03790721396235939,14.558623558133906,0.07442117869663281,846.1054140407884,841.1637355025948,4.941678538194191,0.023902496496861565,0.026236299506081702,0.2886525036313936,1.289729119531394e-07,1.2286981394268673e-07,6.103098010452675e-09,1.3924737722183367e-05,1.3899388562124225e-05,2.534915972068601e-08,2.4868118895680005,117.26308903034851,1.3719702549029145e-06,1.0015496403571941e-06,0.07831398571145051,207.7271680567061,0.00840775626099184,178.4428506004624
266,0.17960516814927083,14.890593349269825,0.037574210504459395,14.759031269924694,0.09398786884067055,687.7977299511765,682.5576917005363,5.240038250639252,0.025982816185424782,0.03190186305426801,0.3595548458349119,5.467858239006879e-07,5.414307546502574e-07,5.355069250430177e-09,6.270134559033724e-05,6.267520352103758e-05,2.6142068876037624e-08,1.568708771969228,-72.80859689493076,1.642768091725912e-06,9.115723829771102e-07,0.09406162345985183,201.50478900387705,0.008245714699085771,411.7993555354742
267,0.175533097329243,16.679978541017086,0.043095657919430055,16.52485734787064,0.11202553522701382,586.3946512285827,580.0809019019023,6.313749326679044,0.03155655285730056,0.027989847213540343,0.3243000298412144,-3.273752905143732e-07,-3.311887069937338e-07,3.813416479360563e-09,-3.8839757628319265e-05,-3.88667401879813e-05,2.69825591423517e-08,0.9743556468858655,144.67774138733387,1.3341164603323588e-06,9.73210374889232e-07,0.08334070910834777,219.04276781953834,0.009295483691706059,343.8264749640093
268,0.1655777308131739,15.49390035124528,0.040373802325781465,15.366089788769083,0.08743676015041697,499.42920366185865,494.61823821331126,4.810965448548203,0.032147125464597234,0.026655112682991648,0.29866025037005306,-2.4924309340621606e-07,-2.5460265556716057e-07,5.359562160944523e-09,-3.2111980262812374e-05,-3.2137754699450565e-05,2.577443610057397e-08,3.5185776135102333,-57.27998997118682,1.4449934524449872e-06,1.0793869539832462e-06,0.08053334808997512,227.3917588064058,0.008792482164168409,147.03013977153023
269,0.1652315517092641,16.07997481865296,0.04196679002822076,15.95895741032863,0.07905061829611013,604.7630044808237,599.3441074440565,5.418897036767837,0.039985610384030486,0.02970754364122861,0.3282690062869708,2.6554103369253416e-07,2.604467390819364e-07,5.094294610597771e-09,3.145140788780476e-05,3.142659569365792e-05,2.4812193742754932e-08,1.2186295845710224,104.26618436715519,2.009492910406811e-06,7.85266923911647e-07,0.08556508901692575,224.85545431322336,0.009103242844885348,-381.06711222270224
270,0.19461788281926443,16.77238747442156,0.04591287783222425,16.64153548300642,0.08493911358291326,684.9182682541865,679.2134960445744,5.704772209611363,0.02601002780938838,0.02858948994721063,0.33110573589613423,-5.622621721574918e-07,-5.680923647548424e-07,5.83019259735058e-09,-6.716912754300562e-05,-6.719721402881568e-05,2.8086485046490704e-08,2.1418514829370343,60.21156115930554,1.5400642129801874e-06,1.844759689913935e-06,0.08438160358427668,214.89393966847973,0.009191970855658744,901.7035628292278
271,0.1966303202445158,17.23313998163151,0.043434993049727075,17.105767246243516,0.0839377423382663,624.6556547190969,620.2448331655344,4.4108215535632045,0.03292279537214514,0.03375131335137565,0.4000266531273193,-9.4258662570698e-08,-1.0083605350093306e-07,6.577390930235058e-09,-1.3282833042194241e-05,-1.3310404598961806e-05,2.7571556277463222e-08,4.845183456148119,-1.9688105427722622,1.2737585526997718e-06,1.12513188619356e-06,0.09947856830646584,222.30382825391675,0.009538887222663871,-150.72056911609616
272,0.16735660521824,14.793938212117824,0.04065569976308415,14.658075447172052,0.09520706518268734,642.7218114986766,638.193141578205,4.528669920471917,0.034121063272262254,0.027078301544748547,0.3118944775502102,-1.0556918779736967e-07,-1.1079211156685599e-07,5.222923769486335e-09,-1.5171972848966935e-05,-1.5199054189435714e-05,2.7081340119745602e-08,0.9774812015955249,165.72652596906738,1.3306996244226537e-06,1.0994390795919212e-06,0.07878447267755384,201.63932990161544,0.009072402218017733,2.5612310151800557
273,0.17140731916541735,14.889077348192588,0.03857743412450533,14.77799466842132,0.0725052456467602,613.1792510998771,608.8047767732962,4.374474326580828,0.030073027644512713,0.02748540394167139,0.3050597171100804,-2.3096074682303034e-07,-2.3578206180123808e-07,4.821314978207762e-09,-2.8042727283835515e-05,-2.8070249485021083e-05,2.7522200664459625e-08,1.5006663637678708,132.54884016724952,1.3029486930248202e-06,1.1541129980210355e-06,0.08154936484143589,192.12878136092945,0.008790507967580406,-325.377382859042
274,0.15515127606314869,15.473448300857703,0.03774698954017067,15.338836867148444,0.09686444416908592,555.6994770753183,550.425846288676,5.27363078664123,0.03033821317492905,0.023493912825503744,0.2573495480927372,-9.798665587062146e-08,-1.0512755547239924e-07,7.140899601777806e-09,-1.5716407089047866e-05,-1.5743069549517023e-05,2.6662460055978768e-08,0.7503101467906408,82.75844907126013,1.167201658024894e-06,1.032735568507277e-06,0.07045770512436816,195.5158844694255,0.00817404703766739,-144.6704654348432
275,0.16946676594687154,14.96574820046418,0.039872438661612046,14.818403759982916,0.10747200181965544,675.5752639828471,670.7168971088946,4.858366873953159,0.029019001001734296,0.02729711477333197,0.3198614186206255,6.635044038284107e-07,6.576298474903092e-07,5.874556338101795e-09,7.566341267483126e-05,7.563823109113323e-05,2.5181583418829258e-08,5.14573010180422,274.5819583390387,1.6023486839056463e-06,9.219275997209273e-07,0.08005330961287282,197.27328945249647,0.008965458214456823,53.28274863243496
276,0.179719906739246,16.54524347349844,0.04180095672848461,16.411439786042692,0.09200273072726495,675.575841610503,670.7641378449534,4.811703765549123,0.026534743950177377,0.02993686086685397,0.33235201307269624,1.342324707633033e-07,1.280644860042711e-07,6.1679847590322915e-09,1.2977519346728112e-05,1.2949351031462393e-05,2.8168314941913256e-08,1.4192389693386969,408.03689345477744,1.384026082604142e-06,1.077688508866258e-06,0.08775713834839495,231.38879166669892,0.00980694532576938,441.1497279478881
277,0.1753059433296628,16.69493198763921,0.04027581275525034,16.57239576218755,0.08226041269640991,764.8424771553991,760.0203901477996,4.822087007599044,0.03706102227992466,0.028986348680145487,0.33558923770863575,7.183193690153297e-09,2.4245664216714915e-09,4.75862726848181e-09,-1.5443292902310675e-06,-1.5717900466428292e-06,2.7460756032010776e-08,1.122795900221858,16.501008199023783,1.5822381728469362e-06,9.572044253999249e-07,0.08267020939896988,216.6398125996229,0.009200170531954816,208.37845250663213
278,0.1803220459286404,17.40542245574246,0.04210885850209632,17.280305488929976,0.08300810831038849,747.7369120035014,742.3159315338039,5.420980469699104,0.02856346619804467,0.029125298254217787,0.3414315298749927,-1.6658592788077242e-07,-1.7042071350140367e-07,3.8347856206312464e-09,-1.984847610116443e-05,-1.9873985050544928e-05,2.550894886122847e-08,6.35505955302941,124.07024038543501,1.736745280951342e-06,1.3242956533747625e-06,0.08552659199546667,235.57249023945764,0.009288677269937195,63.14420625961793
279,0.15788677544564797,14.992727523026007,0.038300808717129924,14.90626547751584,0.04816123679303529,478.2964708130481,473.1987357054857,5.097735107562882,0.03300939983448313,0.024289693980927833,0.2727490337841071,-1.9445091554293982e-07,-1.9880217343894634e-07,4.3512578960065075e-09,-2.304299236259432e-05,-2.306864774763589e-05,2.5655384626299623e-08,1.938042057102722,154.04293497406476,1.3409878618420935e-06,1.2704727593368296e-06,0.07410070224347177,213.9897464850746,0.008674701598280514,91.24243561928324
280,0.16243771701239682,15.543815245698815,0.038568356069311846,15.419434978755321,0.08581191087418524,570.2283831890486,564.9975622414601,5.230820947589958,0.027743478372331515,0.02543137533086038,0.27975691341069686,-9.669589949008456e-09,-1.4698015823396678e-08,5.028425874388222e-09,-3.2813051566658394e-06,-3.3081298441879244e-06,2.682468711640694e-08,1.5454513756664763,61.2653848438257,1.3345741389611364e-06,9.146751357055299e-07,0.07662537522416411,223.54296789803243,0.008518981910934136,256.1712861175283
281,0.165995716858388,15.074781305257973,0.03611143019037949,14.93226266357176,0.10640721149583328,451.863591367891,445.85343511468034,6.010156253210672,0.02514147521884586,0.02850188297776296,0.3167063550794534,3.911258050190469e-07,3.872595072659722e-07,3.866297753074653e-09,4.492865790455417e-05,4.4902056696479086e-05,2.6601207730873963e-08,1.3642249362740162,233.29895364551118,1.3220220569803866e-06,7.76488946280153e-07,0.08272671453105612,183.77192283331465,0.008163673792650261,-48.13752088764613
282,0.17097957040355083,16.286898787529328,0.03827895131431327,16.162131039835494,0.08648879637952217,686.6640465057167,680.6231900583206,6.040856447395989,0.026428843255327624,0.029407764170039728,0.3303297359729236,-2.8790526399800133e-07,-2.931076405263416e-07,5.202376528340401e-09,-3.5701656061210785e-05,-3.5727718264364556e-05,2.6062202663614564e-08,2.644169558057988,73.99207030032287,1.3473123669252418e-06,1.1784798287610887e-06,0.08473771232554926,221.55307078998416,0.008583134226616381,297.06478233139023
283,0.1570738849609847,14.113798786311534,0.0417432689496723,13.986289795671349,0.08576572169051738,577.4867114455243,573.7993100929415,3.687401352581832,0.03666913710527652,0.023447201015915773,0.2682417756432337,-1.592788272743836e-07,-1.662697604067318e-07,6.990933132348168e-09,-2.2175693787019002e-05,-2.2201974961725797e-05,2.6281174280845528e-08,12.178927280792287,-95.67708264239347,1.1319548461214482e-06,8.385441096499651e-07,0.07211406371398181,196.66567928220252,0.008629415543939818,-1496.0214095283436
284,0.169536623161898,14.399097839152422,0.035338019285134234,14.279989482248382,0.08377033761890432,525.9639645888301,521.4207411666772,4.543223422153334,0.023938742842877066,0.031242516378733154,0.3508338847515239,-5.538112829883664e-07,-5.599759745420735e-07,6.1646915537069986e-09,-6.719257772240517e-05,-6.721875504046756e-05,2.6177317710021826e-08,0.8378558643994438,165.1293088786282,1.5985118321709492e-06,8.431676054894087e-07,0.0919021758500718,188.11218347560745,0.008507172812527417,433.1598487665551
285,0.1560986446808041,14.471521057728575,0.0357417448119126,14.367376199598922,0.06840311331774054,541.2665759292345,535.6962733635684,5.570302565665532,0.026892502669573076,0.025605512152219463,0.282738371453021,-2.3091909258903796e-07,-2.3463636003027777e-07,3.7172674412398264e-09,-2.6999959058494845e-05,-2.7026685096162125e-05,2.6726037316324698e-08,2.197068564631436,26.028032026137762,1.3944119348579252e-06,1.006394269361256e-06,0.07865127649774319,194.79059488511277,0.008529037303655089,184.22434839850212
286,0.16493604786124388,16.01187186549742,0.03677684703304278,15.890250857123236,0.08484416134114288,573.7381195537263,568.8510315496154,4.887088004111223,0.032310580409059125,0.02573512190736253,0.29375394611121014,-6.835488610415514e-08,-7.444379279415137e-08,6.088906689996259e-09,-8.466660509502277e-06,-8.493875691641961e-06,2.7215181673301044e-08,1.4604054266930238,104.34730469007614,1.4232453941897378e-06,8.839115074368688e-07,0.07793122392167462,213.84016908079155,0.008347765877695186,96.8148264960264
287,0.17917709174826957,16.262566913935053,0.039685704035125086,16.108637689124254,0.11424352077567299,570.9213319758492,565.2924098173612,5.62892215848864,0.03166078228672216,0.029744387404280374,0.3368820713552002,1.8204377904603397e-07,1.783169276429032e-07,3.726851403130805e-09,1.985617722910362e-05,1.9828076781190154e-05,2.810044741383007e-08,1.9214180075439367,6.245856890123088,1.7325274484133298e-06,9.094308718687586e-07,0.09154437371210736,215.24353579098607,0.00904451551768871,426.52845750691176
288,0.16373285636805046,15.143760640467425,0.03851476092889052,15.025123101106587,0.08012277843194617,435.2057667221655,429.57985123770686,5.625915484458328,0.027552274930821526,0.026015645885162877,0.29099233714880196,-1.2557423338523589e-07,-1.2892184151465155e-07,3.3476081294156824e-09,-1.568438557269972e-05,-1.571232791520968e-05,2.79423419113346e-08,0.9530348952281525,62.27663126730474,1.3967748243437745e-06,1.140990203586877e-06,0.07879111062256883,200.77138988951214,0.009224754439414362,111.29180212596202
289,0.17090115646383516,14.673965704835826,0.040021167627422985,14.533401254218441,0.10054328298995924,510.8691188463459,505.31017714598846,5.558941700357608,0.030146651797257316,0.028304632641718747,0.33013927381607233,1.6954411407252478e-07,1.6466872638642338e-07,4.875387686101449e-09,1.8840180111597155e-05,1.8814104471856957e-05,2.607563934144656e-08,0.8849107541885081,1.7055573568828468,1.161021817907682e-06,8.851084485856074e-07,0.0834404578862998,198.33621470886288,0.0082141254669731,-480.53218545929485
290,0.15369367112268803,13.336477981469042,0.03556156337662652,13.216086883304298,0.08482953478811542,740.9437346121695,735.7905900111845,5.153144600986134,0.028121992525647673,0.02227963251411261,0.2542516022352512,-1.0009169785015035e-07,-1.078361007711158e-07,7.744402920965441e-09,-1.6164766772431e-05,-1.619005332076188e-05,2.5286548024317745e-08,2.50422591381429,340.9475317565438,1.1368503787027172e-06,8.546647818788339e-07,0.06689754053684717,184.02627435750532,0.00800608059060807,817.9978657201582
291,0.16818637518246476,16.047240287636853,0.04067664997437586,15.928495217307377,0.07806842035509871,524.4927712043204,519.2504144139333,5.24235679038823,0.024861116647194176,0.0261439550017088,0.29411622668339504,2.6245855384245106e-07,2.5600672465446705e-07,6.4518291879839705e-09,3.079335725226206e-05,3.076574630730477e-05,2.761094445597786e-08,1.5613637395550466,158.04617499758933,1.8084400419095309e-06,1.0197812819971887e-06,0.07733188199546162,201.2884799466125,0.008699411055004469,139.03182718491917
292,0.1934226567428128,17.140174002697613,0.04104956003826055,16.982381268738955,0.11674317392038784,526.477490198947,520.4541471482477,6.023343050700123,0.03843080952661729,0.03478598074285825,0.39918766178243303,6.879920188933601e-07,6.837832846299002e-07,4.2087342634597484e-09,7.89213909256907e-05,7.889211448605272e-05,2.9276438793271466e-08,2.4955023617450514,252.98902699486962,1.2550163600088037e-06,1.1708436660995756e-06,0.10243883677573165,229.07209983590923,0.009293374886329668,-104.7191176525339
293,0.1646561438996773,15.800187023503607,0.03999923127258046,15.719322124689898,0.04086566754112758,531.0476503967811,526.6970527196273,4.350597677153349,0.041866224999569754,0.02683735151203792,0.29960284060167164,-3.61955873101314e-07,-3.66980922243583e-07,5.025049142269009e-09,-4.4108002807277263e-05,-4.413726990136425e-05,2.9267093743740548e-08,1.1600558261565628,322.92394677955355,1.628666021075345e-06,8.634689087663364e-07,0.07849933455750185,206.62049449412524,0.008783150842272583,-209.00021544819901
294,0.1680905554562786,15.503882525187437,0.04089265238405182,15.402238162512532,0.060751710290854556,824.1248684666241,819.2649917714692,4.859876695153494,0.032206297312056105,0.026589159045744572,0.30042875250512807,1.1680242232762083e-07,1.0965130321669575e-07,7.15111911092509e-09,1.3008526282512814e-05,1.298005234733787e-05,2.8473934816680266e-08,1.2624578404942288,-227.33068201357443,1.0919436833436032e-06,9.363090567323737e-07,0.07851712023906719,208.76495443809827,0.00923095451368329,51.248340190095405
295,0.1798148327057207,16.378895967400418,0.04273396587161516,16.249975789468433,0.08618621206036507,564.6267126984125,559.3590604965201,5.267652201891842,0.03531812374236673,0.031086730244034164,0.36296016311939305,7.514091829251228e-08,7.052312050535979e-08,4.6177977871524735e-09,7.385785157368212e-06,7.359558250843774e-06,2.622690618519931e-08,1.0675035361517629,171.105074587318,1.2651239011449735e-06,1.1257827023537079e-06,0.0913837467512875,224.9505522936396,0.009052956680120695,681.994504641475
296,0.1785606568697065,15.889078227755352,0.0388096719110817,15.77789204430136,0.0723765115429069,625.7982022681127,620.9450042663,4.853198001812338,0.03314025885917688,0.032052428961453897,0.37068629876906994,5.507279755343156e-07,5.45302830324505e-07,5.425145209810767e-09,6.36872726435021e-05,6.36611449519019e-05,2.6127691311606373e-08,1.1037758740408532,106.95800603578553,1.27834552330595e-06,1.53540828798201e-06,0.09413934968643223,212.14165471961752,0.009404428432633914,-483.09947247130003
297,0.16537817053892837,15.07921332124548,0.039812957231155535,14.940590697606735,0.09880966640758626,498.6312993174715,493.3009836907858,5.330315626686439,0.02953381548658691,0.02403060452116575,0.2789728675036767,3.290706102597859e-07,3.2473984900040495e-07,4.330761259380979e-09,3.672962204186871e-05,3.67043471454993e-05,2.5274895887631676e-08,0.887912036057967,-2.298321757005054,1.2179149397567347e-06,1.024217847878222e-06,0.07180050443532075,201.5200449854347,0.008972964991527495,254.74616398379112
298,0.17226287501804471,15.825046941656918,0.04218206318823595,15.690743026722672,0.0921218517460122,620.190914830909,613.9160754949899,6.274839335920034,0.026588972499993764,0.028067197498288638,0.33174485764222506,9.85537180472258e-07,9.805674384498675e-07,4.969742022390495e-09,0.00011473217118410653,0.00011470678977455758,2.5381409189339537e-08,1.1758462233462337,-100.06487597430676,1.2794416166181822e-06,9.920052409435053e-07,0.08344487049371126,224.2146783217055,0.00904638199843749,445.81654743597574
299,0.18044987140487598,14.726888174118212,0.03903187757616686,14.615849103995881,0.07200719254616303,489.1702375855446,483.66332051888173,5.506917066662343,0.026500803000223856,0.03198795633773835,0.3861135284600819,-6.39314138843559e-07,-6.456719483644004e-07,6.357809520841351e-09,-7.815865002427164e-05,-7.818626803689774e-05,2.7618012236263757e-08,1.0379521454279081,205.0328331262208,1.3394743500715245e-06,1.0182399336986694e-06,0.09221660305619514,202.25775131702954,0.008795897637262278,781.106360588049
300,0.1760443525079312,15.423612693115926,0.038802473611646335,15.29211403287019,0.09269618663409358,478.48492674387967,473.3799467649028,5.104979978976615,0.027333398311523836,0.03304236188434081,0.35742613043848503,5.842052940219945e-08,5.242854004890376e-08,5.991989353295654e-09,5.33831347672055e-06,5.309922583036287e-06,2.8390893293397908e-08,1.0648501379559319,-15.404763369494756,1.4144860023938153e-06,9.80679392216752e-07,0.09705195232835963,216.6465971044211,0.008861681375901171,-242.09186443260387
301,0.14436334456526329,13.750419867603537,0.0363413550139166,13.61742146409931,0.09665704849031143,553.214222954621,548.8816983848733,4.332524569748786,0.021891997775445985,0.021901357224572583,0.24673616703568738,-1.2791449506130746e-07,-1.3383010787942975e-07,5.915612818122272e-09,-1.683707609888927e-05,-1.686437175905289e-05,2.7295659635801336e-08,3.6002065969196346,110.7372368469324,1.2527598837833907e-06,8.903774802206052e-07,0.06730143939968111,178.1663743390095,0.008127370199344681,232.03329353237496
302,0.17336521005655928,15.341730068057732,0.04080103657012002,15.249255189440179,0.05167384204743449,539.5450163292995,534.8160086467336,4.729007682564937,0.02311554222070732,0.02945334657859217,0.33552000387211783,-4.206066109861123e-08,-4.788978153224969e-08,5.829120433638465e-09,-5.915730957637687e-06,-5.942343209730413e-06,2.66122517037105e-08,4.260060300142129,62.57691774914693,1.4594129501454639e-06,9.257905434250685e-07,0.08598407103969019,206.302733226216,0.008973931257493668,238.61545809405106
303,0.1799711615009241,16.179956140741496,0.043072161943808335,16.0460726553058,0.09081132349188578,529.0131670154982,523.9856871701801,5.027479845317969,0.02824028481729828,0.03060040491734865,0.3536742898928063,3.080280839555534e-07,3.0254158125348485e-07,5.48650270206857e-09,3.5693339930324956e-05,3.566676573849599e-05,2.657419145260528e-08,3.1820369433944578,94.13174684779015,1.8526501664855122e-06,8.510699218468841e-07,0.09070079687783687,226.0781908154231,0.00900251559944439,-259.4370549212772
304,0.17311949966399034,14.908316978049555,0.0392360727360969,14.794124360783542,0.07495654452991932,591.2834877634326,585.817578364642,5.465909398791579,0.02363091988732943,0.029200021196742306,0.33745164766234464,4.356453178238416e-07,4.313602626902192e-07,4.285055133622372e-09,5.0778967244404654e-05,5.075351493859566e-05,2.5452305487001116e-08,0.7986463334118168,293.0679269964392,1.2320846826184248e-06,9.292590419430411e-07,0.08612438506614582,197.86128144503238,0.0086293367238462,-96.90374980426441
305,0.1704921210934214,15.581271180029802,0.04149712512214336,15.465236203214666,0.07453785169299183,835.287330385254,829.3381507236946,5.949179661559655,0.02491060031479956,0.028102598844599085,0.31422253252595655,-1.3918424809290956e-08,-1.8680501939003004e-08,4.762077129712048e-09,-1.6424523664286374e-06,-1.6694609159514828e-06,2.7008549200313683e-08,1.6909305218694561,178.66740823653066,1.2265440685131485e-06,9.782095208852494e-07,0.0824102085103807,216.22482310976034,0.008710560018615428,-577.2714210158492
306,0.16593562797616754,15.981640321347658,0.04460397524412464,15.876286536090262,0.06074981001327086,797.9136993061235,793.881249708668,4.032449597456888,0.02686799035005087,0.026398769789703663,0.29389834820998,-4.515559813281344e-07,-4.5726265440317116e-07,5.70667307503672e-09,-5.58258509448378e-05,-5.585147179101312e-05,2.562084572967168e-08,0.9102333378284391,87.95505437758,1.51321652390423e-06,9.943005279828511e-07,0.07777850675449512,209.44789870984965,0.008938014749668743,-339.3423005835066
307,0.1691751039168137,15.562171319548431,0.04065280948590007,15.418001696324419,0.10351681373811482,683.027667228985,678.1090340772519,4.918633151733178,0.025007087153396303,0.02715574121877874,0.3076723331563035,-1.1519123444736649e-08,-1.5407827138782106e-08,3.888703694045456e-09,-1.5403485858098567e-06,-1.5660741843194876e-06,2.5725598042055155e-08,1.2247238763533432,145.47583122703256,1.3687114803971808e-06,9.62001250333572e-07,0.08008376684771484,215.2336881820705,0.00902620430679957,-838.4030918484723
308,0.16940744742398975,16.33016562465885,0.04190877431981967,16.21328396232159,0.07497288801744045,573.7640532912378,567.8506441647352,5.913409126502387,0.03224231759896159,0.027807472903619478,0.30667342976177886,-3.2980821797671857e-07,-3.352618670227979e-07,5.453649046079426e-09,-4.0306847844002894e-05,-4.0335566583751866e-05,2.8718739272824313e-08,0.8831815938423595,64.17442542377297,1.4500951188550588e-06,9.042310563364341e-07,0.08557019689485157,213.9878816725987,0.009215849164332534,-281.805675427433
309,0.17724051198003096,16.677802214366366,0.04249273974052489,16.548082908996612,0.08722656562923077,707.6235481442899,701.3655357763553,6.258012367934461,0.03876644450455783,0.030858965809139292,0.33864320946992227,1.4733827934803793e-08,8.651460113022313e-09,6.082367821781498e-09,3.1780596139908357e-07,2.8965022631943675e-07,2.8155734721498253e-08,1.1977492415239315,80.09939175409752,1.3803542614838622e-06,1.2502244338343263e-06,0.09195919891983982,220.39685022772204,0.008788017128930502,7.15179051935047
310,0.18321360208282506,17.282900176399735,0.045209532080279745,17.153194885480538,0.08449575883892069,690.9934851341886,685.1738037264643,5.81968140772469,0.027793176628802516,0.02983780029244785,0.3282847613480365,2.2364800666163907e-07,2.1700470467839733e-07,6.64330198324166e-09,2.470664526061307e-05,2.467861061820243e-05,2.803464188392026e-08,2.432928752649988,-53.77438211298175,1.2842148907409153e-06,1.1032969276896515e-06,0.08749128924164432,228.3288684578485,0.008860206111843622,-158.79832551253912
311,0.1768735443368512,16.121436056529753,0.038382751213672114,15.991039076630319,0.09201422868576217,673.7475288226442,669.2025139206779,4.545014901965024,0.03597985567984334,0.03014658382993534,0.33808768595613675,-1.5736871136818002e-07,-1.6245436283326384e-07,5.0856514650838235e-09,-2.0859272013800388e-05,-2.0887607444712574e-05,2.8335430446709635e-08,0.9109301057643324,82.33467810256795,1.5350139618562633e-06,1.0575752260876444e-06,0.0894171260381174,220.89967424319838,0.009093605695410944,-8.661755013506081
312,0.16916923552009902,15.51740851627332,0.03894707801397035,15.390523558869564,0.08793787938978838,675.8847476518691,670.7885321225813,5.096215529288571,0.020810842610999903,0.026797853513337317,0.30574491123605,8.316131214682774e-08,7.776908304893758e-08,5.3922290978902045e-09,8.50057719909314e-06,8.474591714023528e-06,2.598548464326901e-08,0.8980222354809768,27.101813673019745,1.589910577900111e-06,7.735044030067276e-07,0.07964546111652517,205.97725295084842,0.008734993572020372,-57.26217415857354
313,0.16821258713863077,16.142617289841706,0.03953616884058488,16.012940482262664,0.09014063873845592,726.851045369812,722.5890738089112,4.261971560902497,0.02378557625121347,0.02405178252845356,0.2693357521607063,3.5070305063379424e-07,3.469918634477478e-07,3.7111871860464555e-09,4.0277360829412025e-05,4.0250864941686466e-05,2.6495887200203845e-08,0.9233199072013021,266.8404857383644,1.2501502537820964e-06,9.201279319204676e-07,0.07268870355758814,216.21595361834227,0.008816976596386026,402.27427481778705
314,0.17576693446852948,16.858840368222822,0.03763707997454229,16.741976089770468,0.07922719847781058,668.3076358800159,661.8447316046384,6.462904275376911,0.026132755987694493,0.0310386647495889,0.34222301091899227,-6.138128910274633e-08,-6.607833867646791e-08,4.69704957372154e-09,-8.457344170320968e-06,-8.483302734636574e-06,2.5958563896412646e-08,1.4274691434516513,9.551835114243996,1.356749285996375e-06,1.0889472176999092e-06,0.09061405032223532,226.40876877614951,0.009035376538364124,-392.4837527990112
315,0.17782556156382198,16.070647780327107,0.04114845388303059,15.907723032054378,0.12177629438969866,657.7760424633933,653.1806616238094,4.595380839585711,0.02935690769998246,0.029756109325715104,0.3526891789275492,8.25827226748195e-07,8.188925284753445e-07,6.934698272850116e-09,9.429576856977438e-05,9.426920066217671e-05,2.6567907207984788e-08,1.1392787441082857,99.21038458697579,1.8384073518130607e-06,9.562844022468936e-07,0.08759908428705057,215.85024797856943,0.008892892551600683,-344.156350986751
316,0.17761790627236615,16.61107915797342,0.04054235375938911,16.46159380898972,0.10894299522431708,757.1637895995219,751.8544547596081,5.309334839913764,0.029407770162882436,0.029745455770159298,0.33121953430740614,1.1699751834477315e-07,1.1176889058250043e-07,5.228627762272726e-09,1.210520391700078e-05,1.2078754851075886e-05,2.644906552894503e-08,1.4459798655585814,-427.3064459387376,1.6160198501027623e-06,1.4102878450567702e-06,0.08754811163264738,213.40246462348426,0.008730504672936165,3.888124553421221
317,0.1805171372856565,16.398196005547756,0.04360772386869006,16.277651364800484,0.07693691687858346,674.7011614627783,669.736833350885,4.964328111893935,0.04087679253299572,0.031143927350344217,0.347321772334377,3.400708165873526e-07,3.3537020398574943e-07,4.700612601603102e-09,3.793964855064806e-05,3.7912803111169167e-05,2.6845438994971418e-08,3.1263216122258317,73.53888806586565,1.5836765394589761e-06,1.1021774420874347e-06,0.09130134107507708,216.31439621402006,0.00907689884352876,359.4841919057526
318,0.17109897272124233,15.935759613404901,0.038134985722174455,15.815778334447705,0.08184629323501959,595.0721285295784,589.2525798232426,5.819548706337441,0.022284185547469693,0.027574520637307323,0.30732522437334003,-1.2349198843453152e-07,-1.281099493323652e-07,4.6179608978337094e-09,-1.619979731543605e-05,-1.622658467020931e-05,2.6787354262652043e-08,1.2047116329559058,124.8524663104584,1.2668676853415272e-06,8.806574489165483e-07,0.08289335656667929,206.70633688987454,0.008399033610655617,143.9208797042511
319,0.18193913595297123,15.5678005630508,0.038301001073163594,15.472583849920916,0.056915712056722134,600.2142255576629,595.4602957293333,4.7539298283295555,0.03264293456555983,0.03620460729183984,0.4025193951573837,-4.3317326535868566e-08,-4.8072580046094304e-08,4.755253510225747e-09,-6.820537273019005e-06,-6.85078056095539e-06,3.02432875668196e-08,0.7801841490659056,65.10333696442014,1.303140212054991e-06,8.53480397697962e-07,0.10562903445960216,199.2326854586018,0.008886373414875639,534.1969679722097
320,0.1656244325370007,15.095729507357733,0.041170288792035686,14.96548195853242,0.08907726003328073,522.4882429233288,517.9768445933527,4.511398329976138,0.024601491733526888,0.026555595393578366,0.30772152631647653,2.5081326666950437e-07,2.45025173271983e-07,5.78809339752121e-09,2.974095988029128e-05,2.971443223558676e-05,2.6527644172242886e-08,1.4987535314297786,283.8762636489235,1.3408305920884774e-06,1.0266618558457055e-06,0.07951834777058216,198.37923792956886,0.00836321197269582,559.1703558740328
321,0.17422145053760302,15.658376196132314,0.03942159519516261,15.513079468405904,0.10587513253124584,685.0420745932938,680.009220572922,5.032854020372659,0.027494236888053792,0.030140937601042056,0.3488973291161794,3.243280747967903e-07,3.197271763364041e-07,4.600898460386101e-09,3.683520175993171e-05,3.680850279585921e-05,2.669896351491895e-08,2.1503948716143673,53.30865277046378,1.2811020157972116e-06,8.930619891961996e-07,0.0881852123974483,212.39013817384046,0.008991706965309446,-486.69665583095684
322,0.17232813203653508,16.206357807148603,0.04086007981115491,16.068712978409327,0.09678474892812056,514.1746209327889,509.76443844099475,4.410182491794315,0.02904763999856625,0.026654645405199275,0.3198876516964047,8.915094818762553e-10,-4.9087778026868e-09,5.800287284563061e-09,-1.194100397126074e-06,-1.2207608060067908e-06,2.666040836276095e-08,1.1326932625513457,66.15128305091424,1.3650744521160252e-06,9.586683330939783e-07,0.0783627773454466,214.28021335915145,0.00900533430671677,44.625019382283426
323,0.17033922940485044,14.481887588592686,0.0374358171830392,14.38084353411747,0.06360823729217488,586.8925472383079,580.099321483958,6.793225754350315,0.03321832657440895,0.030912184105573046,0.3477862704927708,-6.147027072077018e-07,-6.204822743893959e-07,5.779567181694161e-09,-7.346234192658837e-05,-7.348797135839931e-05,2.5629431404822026e-08,1.8517743587305866,192.53248196799314,1.2077839735071196e-06,1.087437002692298e-06,0.09132467332968035,201.22746534091726,0.008098240860515745,-76.60606299258598
324,0.16827498053749315,16.201455819089077,0.04008619932640774,16.05222601199087,0.10914360777179889,583.6155024367955,577.8674627584716,5.748039678323948,0.0318568616887695,0.028518023126779358,0.31392649561225705,2.200897853918765e-07,2.1490474978900367e-07,5.185035602872774e-09,2.5249788056777693e-05,2.5222446576997438e-05,2.734147941951344e-08,2.151920526780941,85.64108450050868,1.5429808884940453e-06,1.2809688963477118e-06,0.08392054496320014,215.93217601274347,0.009033952186313218,-227.94728446544468
325,0.1738596255051801,15.912009202286983,0.03866219182588939,15.767488420126528,0.10585859033456826,646.6145101170946,641.2891632647152,5.325346852380115,0.04031058896911606,0.031108689154523823,0.34252229904481607,-6.054511627966797e-07,-6.109542754452123e-07,5.503112648532248e-09,-7.304779382294623e-05,-7.307396293808843e-05,2.616911469205629e-08,2.33279451884466,141.41842210235026,1.4683706092518928e-06,1.2709091468499289e-06,0.08980882679171598,212.17460722891147,0.008702012722822436,510.836528904435
326,0.1847213344392506,18.159402965695623,0.0436268936120072,18.022894756841808,0.09288131524180954,556.2626755751822,549.8967495869279,6.365925988254621,0.0367561430611093,0.029777178816667717,0.33760979053426154,-1.5716656007619296e-07,-1.6177462848051494e-07,4.608068404321938e-09,-1.9584215872385862e-05,-1.9611095673748372e-05,2.687980064801501e-08,3.3659935913582606,-60.53874978101124,1.9541075855118844e-06,1.0109965429544512e-06,0.09030831241486127,239.29393684506658,0.00944499086087217,-152.32581222969657
327,0.17408140701245434,15.267614150072227,0.03945177559966733,15.135337440284303,0.09282493418825517,602.7461238434478,598.4089619701055,4.337161873342158,0.026747033264092182,0.03193197104030657,0.3601982885624254,3.0398826477950183e-07,3.0000822041116753e-07,3.980044368334459e-09,3.266258759667184e-05,3.2635807304366825e-05,2.678029183330819e-08,1.1014987511124184,30.71115378933402,1.3212211818945905e-06,8.567580392048201e-07,0.09283960682603805,205.86117627821406,0.008533966198983342,684.735450323743
328,0.1736982084106401,15.777471262050426,0.04235702472921018,15.670923786493173,0.0641904508280432,840.5102470173106,834.5490028527998,5.9612441645111724,0.03711340419665871,0.02972545421086484,0.3299929950396047,-5.2759380776217074e-08,-6.097200217552992e-08,8.212621399312804e-09,-6.023628720989618e-06,-6.050608175526199e-06,2.697945396886505e-08,2.5007395176817546,112.96196806492104,1.5153022558212583e-06,1.0729277045268732e-06,0.08655538417135454,210.5459585450319,0.00916990848842636,271.04575264305004
329,0.18442135128373274,16.438351059052657,0.042715033421509965,16.3004016665589,0.0952343590722444,565.5474900574943,559.6708076317168,5.87668242577746,0.033988260271844706,0.03000237772763065,0.34234630998193755,-9.7986618046725e-08,-1.0517078970753363e-07,7.184171660808628e-09,-1.5051365887366576e-05,-1.5078948015021093e-05,2.758212715966354e-08,1.2633881964252318,129.85772229644692,1.413715978559192e-06,9.552869444647973e-07,0.08958722430633352,226.43702553184283,0.008627489203143207,171.80022143972838
330,0.173050183433184,16.52200674448098,0.046224472672931324,16.371008119686056,0.10477415212198952,669.480984970017,663.3945934796812,6.086391490335438,0.026172273276862675,0.029226550038569908,0.3226629020059535,-7.563028750905464e-07,-7.623780110448147e-07,6.075135954268263e-09,-9.023110022318652e-05,-9.02580154419876e-05,2.6915218361359753e-08,1.522063768062002,34.484889446922196,1.2791535776660561e-06,9.460405512071578e-07,0.08596713526225494,228.2487029003739,0.009114854570107852,-103.98694302383501
331,0.17478791066877028,15.932098524919748,0.04373318232831574,15.787601141736028,0.1007642008554029,642.9459558669149,637.4572069726069,5.488748894307683,0.0341669990516616,0.029769761999182534,0.3424193167269219,3.1838809659282774e-08,2.7518398061587583e-08,4.320411597695179e-09,3.74918233912547e-06,3.7217848086464073e-06,2.7397530018856638e-08,4.364235871828355,-284.831651344338,1.4489744803113013e-06,1.4462277232405846e-06,0.08846339105990829,217.21302134568634,0.009318792837318797,428.10437303550407
332,0.16186451221792184,14.686995478439389,0.03685296945849304,14.572468052001584,0.0776744569793126,547.5187174237149,541.960025422081,5.558692001633849,0.03266531019187928,0.025453604301962692,0.2895153352098245,3.272378174196512e-07,3.2186349570905543e-07,5.374321710595921e-09,3.7247979456115244e-05,3.722139192244278e-05,2.6587533291320114e-08,1.7271590145959252,-41.29567781728653,1.1358173760917202e-06,8.26313350771235e-07,0.07628725023419394,199.72330921035024,0.008582550681248278,-10.313388061896148
333,0.17113612878002046,15.441668200480342,0.039664316394850525,15.30450222693942,0.0975016571460713,540.5934522635177,535.6921618850664,4.901290378450811,0.024126367905160706,0.030094076294181114,0.3416691038692755,-1.6476432805807399e-07,-1.7195634877791477e-07,7.192020719840705e-09,-2.3308358994224787e-05,-2.3333710991964876e-05,2.5351997348405728e-08,1.1386366238742216,131.6170822669327,1.3082049901682734e-06,1.0216461155700316e-06,0.08875075152288557,203.03025715127734,0.008474510067077605,448.7054584829066
334,0.16868417688231974,15.372545118554733,0.03906687970390594,15.204339256496443,0.12913898235438698,688.800296528775,683.5869743294735,5.213322199300935,0.0332981906356058,0.028661601120537977,0.32510997174603323,3.0758547041728554e-07,3.0382725423239935e-07,3.7582161848862405e-09,3.5394378214052274e-05,3.5370387901415085e-05,2.3990312323702378e-08,2.2123456321776462,-19.696531702272644,1.4576236671962446e-06,1.9061713372290603e-06,0.08201489270324594,212.73797057316233,0.009002094797723867,401.1725335115316
335,0.1749643615181163,16.25481964950383,0.03756527130637916,16.130254257229527,0.08700012096792456,950.3425610198428,944.9055072802819,5.437053739560512,0.026703586409823166,0.025952278446331595,0.3181986895128979,-1.3318293963078927e-07,-1.388821625438886e-07,5.699222913099386e-09,-1.7915282866232072e-05,-1.794245451519103e-05,2.717164851980231e-08,1.2407202256433494,232.65364984416195,1.3505846486501838e-06,1.0060472565948472e-06,0.07662548753790999,221.4789509319404,0.00881753976733626,-267.4209658598247
336,0.16485118492049006,15.796081327760364,0.03957037686253762,15.67018902574108,0.08632192515674979,633.8549984961336,629.1667834066403,4.688215089493614,0.03338969461174202,0.027398667925496594,0.30432014032491117,-1.2174305858863676e-07,-1.2836697776429919e-07,6.623919175662457e-09,-1.611813578867865e-05,-1.6144199338597756e-05,2.606354952037464e-08,1.366499373201413,107.08050981455268,1.2798566175752174e-06,8.886846854328465e-07,0.08208051595389364,209.47592634187959,0.008529372759518304,-122.03708318919416
337,0.17426654673591976,15.933316558600605,0.04214431076576638,15.81263477544733,0.07853747238750905,551.5702034002927,546.8014395344005,4.768763865891905,0.0283009217517317,0.028414363121080918,0.3274022032986998,3.2434130965290675e-07,3.189576462341253e-07,5.383663418781299e-09,3.450305682828636e-05,3.447711412299321e-05,2.594270477890731e-08,1.4102911225390975,-89.802491563961,1.2924069846811814e-06,1.324748091386864e-06,0.084816867421826,201.11994285334734,0.008876391518982823,231.31577601699246
338,0.16608445360302268,15.290883997267981,0.03922652974101183,15.136092937810059,0.11556452971690741,558.8390874935067,553.8260231347855,5.013064358720165,0.031437369414550394,0.02641090076964701,0.2987438753236756,2.7128525360097774e-07,2.6660493636455e-07,4.680317236427766e-09,3.0144067309446833e-05,3.0118479112677353e-05,2.5588196467542884e-08,1.1454986105473308,-172.80556424994802,1.4535100402024035e-06,8.762670326174881e-07,0.07660586662062117,208.874510667025,0.008761826807350232,41.03147732087473
339,0.1703931947904602,16.379452683061118,0.04232319072043055,16.230014887650242,0.1071146046904438,544.1858235126331,538.631433654991,5.5543898576423425,0.03413503274611765,0.029491143160063207,0.33140118004806396,7.897558900705301e-08,7.336274576555376e-08,5.6128432414992435e-09,7.558087648039286e-06,7.5312744228418414e-06,2.6813224698658052e-08,2.563007867923114,91.21320416337278,1.3464053483885256e-06,8.639306067179622e-07,0.08907990598098031,218.36388299573167,0.009279763667996117,213.3666361774185
340,0.18362136416875577,16.65964049872628,0.042120559951542264,16.53821629894151,0.07930363983323074,702.3485941866818,696.7588397144506,5.589754472232586,0.03925423331887273,0.0314420705097993,0.35255384725005706,2.0598407622372375e-07,2.011574664329759e-07,4.826609790747825e-09,2.18567388451075e-05,2.1828668670347606e-05,2.807017445463282e-08,2.353039112427778,53.81116757325701,1.205919391823915e-06,1.0336243983904275e-06,0.0912183819572563,235.12567912331792,0.008976303924466253,950.6417785123913
341,0.18271098988979742,18.321440419421513,0.046302903480992474,18.166710954501276,0.10842656143924197,602.2513740340819,596.6634684106162,5.587905623466909,0.026115090699693377,0.029880838626760498,0.33852794866885827,3.4485545341768217e-07,3.3909780403823564e-07,5.757649379446754e-09,3.968063791543942e-05,3.96509618605685e-05,2.9676054249615757e-08,4.513469838736059,288.01701652910225,1.4767303543152614e-06,1.2150620834582402e-06,0.08687856589177023,251.14960182951114,0.009607100735448033,610.522335227095
342,0.17078208784329518,15.94555635697122,0.04409787342831933,15.80619331581624,0.09526516772666146,576.4552632887983,570.7223525015468,5.732910787252084,0.020875102597994535,0.02734730114355415,0.31468643681371417,-4.5976855007826285e-07,-4.646153943437367e-07,4.8468442654739076e-09,-5.638859536831897e-05,-5.641551564611292e-05,2.692027740612939e-08,1.5773019725095923,-15.34882734214663,1.8190575897798205e-06,9.059683104573318e-07,0.08029114478455095,196.73513658339948,0.008789248108080662,-599.4675535123843
343,0.18530977755224717,16.86468844744148,0.04141389174033882,16.72457966345,0.0986948922511366,538.8884411530458,533.6248035545096,5.263637598535551,0.02544879990315023,0.03182658928310787,0.372900174996384,4.0465582056404925e-07,4.0038676893886416e-07,4.269051625185129e-09,4.674802399084408e-05,4.6720492886957424e-05,2.7531103449487764e-08,1.2147923444919417,346.3763142576845,1.3109206266595237e-06,1.2637876098482818e-06,0.09369757018949051,219.7243273856633,0.009285198930384615,-213.96832985821038
344,0.1690386279739958,17.058233416921343,0.0413582608542538,16.935022596213543,0.08185255985354552,658.3506801908699,652.7739726390662,5.576707551803714,0.024065939082302076,0.02614718898243704,0.292804123980281,-9.908673764763622e-08,-1.0298677091062628e-07,3.9000332629900154e-09,-1.468559178231323e-05,-1.4713435357582968e-05,2.7843574648356434e-08,1.0239168518918422,248.64165029359984,1.4266187237180962e-06,1.383416864450368e-06,0.07924675308868921,223.1122779369817,0.009659855385861213,279.66303743600383
345,0.1722144873789375,15.25119861553944,0.038582691599730906,15.154307443040704,0.05830848089900601,673.8157398891253,668.4284063238129,5.387333565311531,0.027530478504841974,0.029301683110181196,0.3439622948747148,-1.077931820390914e-07,-1.138660689667619e-07,6.072886927670499e-09,-1.3784688352086618e-05,-1.3809959235219551e-05,2.527088273104317e-08,4.400904191614446,47.49343441365768,1.3342172422195759e-06,8.931312883986248e-07,0.08701652862367619,206.50551349320855,0.008753653404267668,0.5137607635570021
346,0.178466054268025,17.168585382356287,0.041180687045490036,17.03393941108117,0.09346528422962479,1054.3539654962924,1048.6216021177777,5.732363378514852,0.02706599488511189,0.02777096211838713,0.3169747926739277,-1.4974976248316272e-07,-1.5563273589849533e-07,5.8829734153325945e-09,-1.945335576517212e-05,-1.9481414448659933e-05,2.8058682905444076e-08,3.897201259282931,-18.162810494185695,1.287369809567625e-06,1.3595323714981266e-06,0.08171723160942902,221.59750930527096,0.009721081813489687,-327.0949408102924
347,0.17024898950489847,15.7218785854706,0.04544842435423245,15.588097775691217,0.08833238542515053,525.3544911645558,519.4660502532555,5.888440911300327,0.028070506746240256,0.027662067879055143,0.3081507463901573,-2.085238399954001e-07,-2.1362739811047139e-07,5.103558115071325e-09,-2.5411114428095184e-05,-2.5437651378865492e-05,2.6536950169250416e-08,1.3027603306754245,194.66240170376355,1.0501385169345654e-06,8.484881491084089e-07,0.08271408007725975,207.37472009591636,0.008664599169289357,114.00887484188024
348,0.17046717802866312,15.545564246209173,0.040975056001673796,15.421399454221868,0.08318973598563317,750.6497217032473,745.3792199670632,5.270501736184867,0.02484785569037365,0.027123109452421697,0.30704845290655663,3.0233742096873486e-07,2.9663710280410025e-07,5.700318164634546e-09,3.483847431792834e-05,3.481284503504349e-05,2.5629282501846376e-08,1.5478820671350455,169.3084720088024,1.4013320469081284e-06,1.0066283488802798e-06,0.08129330542363096,213.59301678558717,0.00891738479913102,-80.67184116577846
349,0.16080502467972205,14.112239031259357,0.035773465736760345,13.983523191761364,0.09294237376123288,793.2792215432738,787.967091094885,5.31213044838802,0.02403559738367541,0.02636366019706804,0.3051575980594806,2.6923430664980083e-07,2.6427905748055197e-07,4.955249169248906e-09,3.044910516113174e-05,3.042295487377355e-05,2.6150287002476918e-08,0.8209099491270297,194.46275068610933,1.3034619600950462e-06,9.127866368958149e-07,0.07773891588081067,189.62873970572505,0.008286729499662516,-20.857577460235916
350,0.16528982606040554,15.531229491826204,0.04147275810998882,15.422453804434769,0.0673029292814488,569.2038426836573,563.469204917897,5.734637765760505,0.027181749010239054,0.02681696187214466,0.2938485267896736,-3.019507595063236e-07,-3.070049051063579e-07,5.054145600034299e-09,-3.5455948936669835e-05,-3.548231128393604e-05,2.636234700324538e-08,1.4608149714983167,111.70017422104766,1.512484238436919e-06,8.684417837300405e-07,0.07754877245244948,212.60510155283282,0.008789139037617416,-67.23531559512048
351,0.17317384345607087,16.22861245020551,0.0420856415830863,16.131206141108603,0.05532066751382273,655.4600030214477,650.5294619906482,4.930541030801456,0.029698077579450723,0.02786839009655098,0.30940070502676315,-3.11145374732202e-07,-3.168619875779575e-07,5.716612845755472e-09,-4.052354006945886e-05,-4.054969605849956e-05,2.6155988593515456e-08,1.1849849095831986,232.635850684014,1.2604625598536098e-06,9.863402294470688e-07,0.08273160808793838,221.46340473426935,0.009196471721337569,-452.59464130720244
352,0.17443194598271164,14.611801465707952,0.0396321616903877,14.479758188806809,0.0924111152107549,561.7085625063498,556.0091398198713,5.699422686479381,0.031939483636566096,0.031857915796158605,0.36178892486916303,-4.31506284119047e-07,-4.3552098216773803e-07,4.014698048690937e-09,-5.2230800723034366e-05,-5.2256522961405126e-05,2.5722237940961476e-08,1.2303523513171202,503.19884317705566,1.2611454774296051e-06,8.488401805925378e-07,0.09385507240962603,200.1980959822187,0.00873509446367494,-339.98896710846384
353,0.16489849262163042,15.720418343334545,0.03916711772418996,15.604778167865675,0.07647305774468102,556.0971868127302,550.5300002773625,5.567186535368385,0.03535825316319854,0.02416259022493326,0.26662882877235033,-1.0986527795145285e-07,-1.1432822852747886e-07,4.462950576025981e-09,-1.4345246968612188e-05,-1.4371862532878588e-05,2.6615563727274613e-08,0.9294417138843503,115.09429215508254,1.404094412621757e-06,1.0494315025982683e-06,0.07430502539850709,203.63151076629214,0.008880993123218644,-658.0076337095152
354,0.15962517566477352,14.373955031125533,0.03513652218503301,14.287789055068814,0.05102945387168414,736.985032675435,731.9798746556868,5.005158019748731,0.02638984989050932,0.029582896542756202,0.32975731263991653,-1.4330310371062353e-07,-1.4802780660859944e-07,4.724702897975922e-09,-1.6516475398339807e-05,-1.6541573980638555e-05,2.5098581873346543e-08,1.7856293896184245,126.9289192913769,1.3906593976778297e-06,1.029473502429302e-06,0.08696845647339227,190.01672236329117,0.008441174153842466,251.85449021752174
355,0.16780521736415907,14.565994896781978,0.04073031589572995,14.45297258016157,0.07229200072468092,618.4054467051919,610.5664531066911,7.838993598502328,0.038253267981911476,0.02760042707019055,0.31165925434394115,3.711907104874924e-07,3.6703726526843725e-07,4.1534452190550985e-09,4.233078356139685e-05,4.2304599529608325e-05,2.6184031091291376e-08,1.9281110803509436,146.9144604372684,1.1112519416626511e-06,9.625905031319676e-07,0.08028768260661076,200.03192148576395,0.008508042198046335,-172.82662755490855
356,0.1832139861936267,17.579638859213937,0.04034886030720115,17.449073156978912,0.09021684192781856,689.7424833391105,684.4569321542967,5.285551184814201,0.0321506662093072,0.03178193262359845,0.3425311401724871,4.740458207673574e-07,4.6762272960298825e-07,6.4230911643691736e-09,5.2289599929295e-05,5.226162897727838e-05,2.7970951538427743e-08,2.007369169030858,231.1425848561424,1.3039928927683266e-06,8.585734083071175e-07,0.09245403998685166,223.16909351293123,0.009948564835224999,-130.66804397408214
357,0.18321470632551093,16.09895326868346,0.0392184803564256,15.963829447028935,0.09590534129809683,458.94694442588957,454.2783566064187,4.668587819471345,0.03401109922970069,0.03198492664538267,0.35428167891093193,-2.640039221365347e-07,-2.6818973087337826e-07,4.185808736843587e-09,-3.1416510896666836e-05,-3.144558645810814e-05,2.9075560964518717e-08,1.054371346080874,162.77001509669645,1.1998530466516894e-06,1.019168391857377e-06,0.09215552919853182,210.4008410656654,0.008394008442896263,-461.13988764777423
358,0.1589180029978933,13.507064571004843,0.03713098741212069,13.406444165525713,0.06348941806700853,471.0922953976779,466.70646023689517,4.385835160782601,0.028882384995735692,0.026611007980929566,0.3112190659852556,5.448428693811738e-07,5.393447693134731e-07,5.498100067700639e-09,6.376737427428862e-05,6.374289716243609e-05,2.4477111618409918e-08,2.2977886899142295,-5.602464615856602,1.4668339585730974e-06,8.07194669852132e-07,0.07728863499371637,176.20266110511406,0.008149064457909284,531.9664326824713
359,0.16576357424762322,15.042325815931358,0.04101074045944888,14.932897435581193,0.06841763989071878,726.2388920097106,721.2837157766301,4.955176233081269,0.043322452803419426,0.02789932769426378,0.3140466179078591,-1.0048099493889324e-07,-1.0475429364742441e-07,4.273298708531171e-09,-1.410755227934942e-05,-1.4132431616708807e-05,2.487933692279897e-08,1.3162610284811882,196.31884934839354,1.3001106556505785e-06,1.0951616413550696e-06,0.08153189649373369,191.90583889019146,0.009028058810365358,-600.7095870599296
360,0.16557936911548965,15.97642243836568,0.03953315132491834,15.861386066908851,0.07550322013190927,478.58913111171694,472.86209414311367,5.727036968602749,0.027641123694778707,0.025120327350503444,0.28247101222861953,-1.0257276651951266e-07,-1.0818571679595354e-07,5.612950276440883e-09,-1.4092160695278729e-05,-1.4119916127763459e-05,2.7755432040216845e-08,0.8835918136471812,16.020063257877123,1.261163204127634e-06,9.539283068112347e-07,0.07708118193980178,205.65503032132895,0.008439518965580175,-440.2731979942164
361,0.15035222820359628,12.906989730878593,0.03895395419155861,12.760472693853254,0.1075630828337791,605.7240610930872,600.572209285076,5.15185180801179,0.032758753704929595,0.02169744843054905,0.2553638305110854,3.005266740498746e-07,2.9297503321521456e-07,7.55164083465989e-09,3.155896830195301e-05,3.153444519606376e-05,2.4523105471056814e-08,0.8752898096310869,147.5736046133278,1.110853068452766e-06,9.724735286376436e-07,0.06438226780903784,180.6737353859748,0.007883943289166133,-453.9660104556424
362,0.18694239933905166,17.37234382670156,0.04265691047412653,17.243280859391536,0.08640605683589926,664.9338628664965,660.0760792523847,4.857783614112361,0.027935783212712534,0.030861201739347754,0.3620479150785637,-1.0633539319642551e-07,-1.1109800377004443e-07,4.762610573618922e-09,-1.4836891350037716e-05,-1.4864155428877441e-05,2.7264078392741275e-08,2.6874561597988964,89.26274862894327,1.3842694975027425e-06,9.166448720394808e-07,0.09153102790274834,227.6472980355607,0.00978106128531672,237.84047219062995
363,0.1695576908524744,15.37355418858082,0.038921622334078254,15.238081019702737,0.09655154654400591,766.533437191312,761.5851042874045,4.948332903908469,0.04997780302462111,0.028559971547172606,0.339154176241304,-1.279411123336243e-07,-1.3315729507616474e-07,5.21618274254046e-09,-1.8660020163694544e-05,-1.868912701579838e-05,2.9106851725870905e-08,0.7525870238466963,138.34681978840587,1.8535033841480168e-06,8.907296007273955e-07,0.08287096897066333,205.54661890223613,0.008869352053800687,487.23911757614314
364,0.17092840599033052,15.657218745640002,0.040595827959342363,15.530250800480168,0.08637211720048915,708.0283559220242,702.0635828384899,5.964773083534135,0.02857946985949072,0.02693870808485142,0.31214110685175345,-5.11061236478327e-08,-5.534999446051171e-08,4.243870812678996e-09,-8.634281412834186e-06,-8.66069866591573e-06,2.6417252633745017e-08,4.0268135748286555,174.34010179288921,1.803445189996071e-06,9.970017556299029e-07,0.07951936328960893,216.63013548455697,0.009279272173693861,-254.61096901904057
365,0.16574972414841008,15.09062822453775,0.03765791578263625,14.96812550808547,0.0848448006696452,733.6406038765094,728.3063741105811,5.3342297659290185,0.02388945989330262,0.02867583164668998,0.3126409668938992,-5.477038871816836e-07,-5.530182131897223e-07,5.314326008038668e-09,-6.660519052855747e-05,-6.663168647821083e-05,2.6495949321285617e-08,2.1747434060984676,210.27480577959392,1.4662510659575001e-06,8.736549612803999e-07,0.08430697936155747,199.94111195482031,0.008676668025677833,909.6863907275583
366,0.1716330358998758,15.443350964267747,0.038346787731973794,15.307575040838076,0.09742913569769615,565.8384757648699,559.9731229323568,5.86535283251393,0.023979320348435553,0.02985301780159275,0.34173369215645194,-5.3399345751823587e-08,-5.794859735948332e-08,4.5492516076597536e-09,-8.012661645769678e-06,-8.03698925590705e-06,2.4327609799666387e-08,2.8365475744470667,161.92606832239767,1.0187204897510812e-06,9.915943995642447e-07,0.08544296428867304,211.86907616561405,0.008797781375505662,437.36210569877494
367,0.17900803327025103,16.0172436754932,0.044662715358313856,15.898263433416732,0.07431752671815492,584.0061169501774,577.6952098154246,6.310907134754694,0.02474454434489109,0.031482955802673594,0.3558459865034381,4.351347134905291e-07,4.300352608785572e-07,5.099452611971851e-09,4.982843574440903e-05,4.980207646091329e-05,2.6359282957959414e-08,1.2992618885728473,358.7454642005146,1.7794335837407972e-06,9.46547189610184e-07,0.09065776721367913,212.46541438786312,0.009429389717085781,308.5727926694044
368,0.17075286762142305,17.06480362760565,0.037581138435745405,16.93827635363146,0.08894613553844181,702.8984300665269,698.0119325509826,4.886497515544107,0.025027708272323358,0.02659278808554966,0.29880350006097184,2.5120334549072406e-09,-1.8355626408953624e-09,4.347596095802608e-09,-2.1604383628938312e-06,-2.1883689093660443e-06,2.793054588132647e-08,1.9153470273336333,-17.929739197536612,1.3575111368125495e-06,1.026838705232051e-06,0.07748463691011444,223.7195053138015,0.009109420500823365,-322.14075802982643
369,0.18747534516186173,16.561827122217597,0.04420590605070338,16.428915354819317,0.08870586134757663,618.8195372186138,613.8335561337149,4.985981084899341,0.029143930356838137,0.032173922203024743,0.3628157976096179,1.8806625570231322e-08,1.3752817861177738e-08,5.05380770905357e-09,-4.612527959530072e-07,-4.88582810470332e-07,2.733001423586741e-08,1.06606907675951,184.68369893870917,1.221439231056946e-06,1.016848734152169e-06,0.09641890853296427,223.5480563847723,0.009605761073912398,-217.8318877498441
370,0.16202902965286284,16.25793931971733,0.039709721523323145,16.144342047310975,0.07388755088303496,632.5454848676505,626.0361978707695,6.509286996881224,0.03416723751077296,0.02470574344480746,0.2685211730280029,-1.3830434897293588e-07,-1.4588898225699764e-07,7.584633284061768e-09,-1.86037735020929e-05,-1.8631066354499804e-05,2.7292851844279326e-08,1.3324132516534442,223.79728314837445,1.3103405417337063e-06,8.150971951157007e-07,0.07488889695076476,216.07266799878806,0.008911866062124232,1106.3122657813774
371,0.16902346910348315,14.859831513239888,0.040951217251207254,14.718305239412073,0.10057505657660637,454.08323397675167,447.3530829519611,6.730151024791023,0.029580207531987472,0.028757076608136162,0.31893863801942207,6.81891410559024e-08,6.367904247612118e-08,4.510098579781244e-09,6.422340715445636e-06,6.395233354658311e-06,2.7107360483675806e-08,1.1666420741141668,240.62195072670278,1.3075522648594662e-06,1.7204251245834227e-06,0.08500115090477173,202.39434228344936,0.008313776921703795,642.9382256196741
372,0.1822382310474693,16.5291697919705,0.04567811177522575,16.40812241756799,0.07536926262728207,644.4443447087773,637.7823116767144,6.662033032063657,0.026379008713131907,0.02886501593684252,0.32863855573117845,1.2532107053435494e-08,7.275039405333341e-09,5.2570676481021495e-09,-3.330656849092595e-07,-3.5791977011217557e-07,2.4854084750493412e-08,1.4572803176961864,153.6345452340155,1.4575085694915973e-06,1.0535603722317228e-06,0.08497304278222624,212.62844410743716,0.009472916240386318,1104.82111982876
373,0.1864328584859814,17.311869152911903,0.045349851918872246,17.17650659848134,0.09001270251169578,790.4758281480074,784.5448056420578,5.931022505950391,0.03639197290989801,0.03447735833992209,0.3741390926790442,-3.1504408664420174e-08,-3.746856164931423e-08,5.964152984894059e-09,-4.528890503210835e-06,-4.555685077722253e-06,2.679457385574277e-08,1.1928228011161195,-140.68255116283277,1.497966847814489e-06,1.0052786236038542e-06,0.09948070192538687,222.18214815272188,0.009443922712910625,-59.651629348650204
374,0.1635739418015669,14.547586703525573,0.037394597870597304,14.40367350811543,0.10651859753954569,488.79677198358326,483.2796681464109,5.5171038371722565,0.029193606051031322,0.024688399917964354,0.28025039306966454,2.566262920688698e-07,2.4913625712623946e-07,7.490034942630403e-09,2.664798723140484e-05,2.6622384986002367e-05,2.560224507336369e-08,2.2816123096213765,-42.07420978791757,1.2812691789572185e-06,1.1209195659686091e-06,0.0709481278900744,202.70544112256022,0.008341809050528668,251.30248950949044
375,0.16458592888583817,14.752145673940477,0.040302118094761426,14.631645175323209,0.08019838052250679,526.0382261209683,521.4553060289394,4.582920092028947,0.02291088539689763,0.02916745770366521,0.328286554078668,4.5073802734571884e-07,4.450520781737078e-07,5.685949172011135e-09,5.2531436437264884e-05,5.2505346742983636e-05,2.6089693947260515e-08,1.752453302370391,59.005109244313495,1.0270636747634988e-06,7.931351652246047e-07,0.08579128730541538,204.94596121650957,0.008916521839844307,735.2289596320406
376,0.1732555568166272,15.16064764113776,0.03918838552361422,15.04489471099656,0.07656454461758587,614.9508263837818,610.8132252112579,4.13760117252454,0.026889890385353086,0.031396550510634474,0.3562941051707343,-4.75453590181198e-07,-4.816922213996401e-07,6.238631218442238e-09,-5.72577633976912e-05,-5.728445245834772e-05,2.6689060067507614e-08,2.1735021304174245,94.79207918441351,1.0175815047459733e-06,9.75712757825629e-07,0.08925312730677025,199.59174386926466,0.008911682106095433,201.91622261879638
377,0.16647055192712484,14.518130678415035,0.03484880893431474,14.420756338470834,0.0625255310098845,541.1974379272602,537.1960944229291,4.001343504331095,0.026033162010662757,0.0277801103811165,0.3190587910387992,-7.569171321216962e-08,-8.010265401936258e-08,4.410940807192959e-09,-1.1565119523494257e-05,-1.1590851062082759e-05,2.573153806271201e-08,1.2054498867025343,32.307700096953745,1.1252253554309217e-06,9.265412772955526e-07,0.08005384482610654,198.59743457124515,0.008612423421705316,252.8727168462592
378,0.1962241804685369,17.767182045603136,0.04341985059423201,17.61498812666263,0.1087740683462707,687.676634510207,682.5859174415486,5.0907170686586,0.02825102127863623,0.03316541909027347,0.3729325965337319,-2.676042522986772e-07,-2.727702543009015e-07,5.16600200222442e-09,-3.345908415305712e-05,-3.348880055403342e-05,2.971640057320397e-08,1.3054380772519218,173.80774134701147,1.6853257655591285e-06,1.132842036290105e-06,0.10084137362882094,231.71556867644483,0.009328512047848597,-418.03165958658155
379,0.16710544245885167,15.19521776485948,0.042540353598166276,15.082493227244514,0.07018418401679755,434.5601107049845,430.3084661869765,4.251644518007797,0.024458735465320982,0.026696292416616755,0.33740840465983957,2.570545841632183e-07,2.5261238005192454e-07,4.442204111293816e-09,3.053168081310351e-05,3.0504291697446767e-05,2.7389115251913738e-08,1.2971062250284329,411.21036549589866,1.3128635652453683e-06,8.700505291539014e-07,0.08110367686002391,201.55190054971123,0.00869552725289843,-154.86185964459673
380,0.18535851132650685,16.65358505581268,0.0425786814692069,16.52380300127793,0.08720337306554465,668.0751562041,661.4115406228169,6.66361558128403,0.023656798055272377,0.03143874938102338,0.3601315298434443,-6.567489771328281e-07,-6.637322546607163e-07,6.9832775278882086e-09,-8.007669573411303e-05,-8.010414919012198e-05,2.7453455476344533e-08,1.8561468293458583,77.05264787637988,1.314148781370683e-06,9.561027705279164e-07,0.09228743159309817,217.53637254015422,0.00906592079140926,-402.46717312763576
381,0.1864116068725043,17.158455840766422,0.04337853368409242,17.047445091827875,0.0676322152544478,674.1018799881481,668.772843580937,5.329036407212231,0.026903962306895245,0.03437532800941743,0.3869631396979931,6.823368551875463e-08,6.385293404650499e-08,4.3807514722496065e-09,4.037277061536438e-06,4.010052419641659e-06,2.722464132735724e-08,1.1440228206908243,-142.53807610623144,1.398013067289904e-06,1.0335369796683034e-06,0.09883843163078407,234.7312157222019,0.009410385118717553,75.46123463556069
382,0.16341868268194693,14.774615092652292,0.042430059184814954,14.654796432788942,0.0773886006785331,649.5236360995659,644.643580265728,4.880055833839638,0.02472571893592129,0.027721330605757936,0.3074791168772471,2.4086976234739946e-08,2.0019779945559015e-08,4.067196289180911e-09,6.524608788866273e-07,6.269150937393368e-07,2.5545784822238006e-08,1.080699707293261,155.8536789631426,1.8800200439033136e-06,1.0656285468374373e-06,0.07998136213201057,205.00720606877292,0.008340223480127468,-232.30552992295725
383,0.17958299673805891,17.33113862328926,0.03813460750877501,17.2036482225623,0.08935579321818557,606.4277391437703,596.9683198011169,9.459419342653806,0.03863385827205196,0.031256872569803,0.34365604444508485,1.2851456271634117e-07,1.2249548433381973e-07,6.0190783825214555e-09,1.2749058577497929e-05,1.2721448781191712e-05,2.760979555372736e-08,1.813909003650903,111.12059948113885,1.3966522841878012e-06,1.106960556474078e-06,0.09113113885989935,227.51671330965968,0.00933532768933682,-635.5088920194194
384,0.16305067739021062,15.496847739106533,0.042605117050998814,15.393965995446525,0.06027662660900766,609.1124362586318,604.0273955919521,5.085040666680197,0.0265224678486234,0.026369428625138202,0.2903890242433511,-6.200999319905203e-08,-6.835418195636615e-08,6.344188757314093e-09,-8.408360849753595e-06,-8.434302532496697e-06,2.5941682373541814e-08,1.5775552309932133,101.3124101078752,1.4001419148476614e-06,1.0423233920151861e-06,0.07713117972827777,210.9603476659381,0.008381241621771996,391.8262510945169
385,0.17720087446961363,16.42335118034245,0.04167067375041554,16.32575415440394,0.055926352188098764,537.0659647791088,529.026640101413,8.03932467769543,0.04087597242596306,0.030893660549243942,0.3498064023097729,-2.1297904568491452e-07,-2.1960661188394602e-07,6.627566199031574e-09,-2.7320904838768544e-05,-2.734920864994074e-05,2.8303810776750367e-08,1.4520325427548681,102.4357645499433,1.3693591595343553e-06,8.788694070820255e-07,0.09262714484600522,215.61324725054934,0.008908838401508582,72.54758349276472
386,0.16224903713692826,14.703713305523173,0.0390770469032687,14.584376717463686,0.08025954115621835,590.4772345160937,583.9198254708839,6.557409045210037,0.034947268383717464,0.025426615604633572,0.2941152165938573,7.051198939897806e-08,6.511112146888948e-08,5.400867930088552e-09,6.804789938512653e-06,6.780233364265406e-06,2.45565740109311e-08,3.1000655636698657,12.039067551517512,1.2912105658570838e-06,9.005377935229603e-07,0.07860918872888042,202.38427291918842,0.008810851134860546,451.3173210832174
387,0.17488527855435132,15.987078971899514,0.04039641517328785,15.875921960594244,0.07076059613197982,511.7299767276386,506.9568089633559,4.773167764282574,0.04314109599374504,0.030497705794105386,0.333127308462728,-5.914783041493004e-07,-5.962885422397434e-07,4.810238090442977e-09,-7.09793178101423e-05,-7.100515995303732e-05,2.584214251755209e-08,1.313454522788414,203.20381163167855,1.3933981299542694e-06,1.008481430496797e-06,0.09017452352138451,209.56532766061488,0.008912865785853166,-177.03342920269188
388,0.15634235946000452,14.589648165571617,0.03574549809943912,14.478225060696998,0.07567760677517966,598.6171046660774,591.8310689919541,6.786035674122271,0.027734283076723064,0.024255254214997985,0.27023452559027594,-1.4651824702043246e-07,-1.5191131554182677e-07,5.393068521394395e-09,-1.779280014285624e-05,-1.7819581845459434e-05,2.6781702256262733e-08,1.2571253028865583,93.5657275743301,1.4252021638867298e-06,1.0849630458280218e-06,0.07488284658047992,191.8280955351043,0.007936778605584983,-49.89917816178695
389,0.16607529108615507,15.684177644763778,0.043567012530438015,15.563927669425228,0.0766829628081124,588.124670681656,581.879502301561,6.245168380093983,0.0322235905675432,0.026228601849496328,0.2971197777771555,7.005528998725821e-08,6.658233685792245e-08,3.4729531293357754e-09,5.620386425603174e-06,5.592250018258678e-06,2.8136406910757064e-08,1.4356751891610615,-11.511663352391084,1.600647794649382e-06,7.961772912296971e-07,0.07630222645823449,221.21708828999252,0.008733936406639393,-569.5295510545147
390,0.179887883082256,16.10980108673056,0.038438143153388525,15.996954650845836,0.07440829273133791,556.18725038732,551.0082585720668,5.178991815254261,0.02539463818130459,0.030382231905826125,0.35085530338868287,-4.61769649763592e-07,-4.678863453913676e-07,6.116695627775669e-09,-5.4427087115917174e-05,-5.445458988373974e-05,2.7502767307146114e-08,3.0348473681937995,59.23319966999791,1.4501110222397974e-06,1.032271956445573e-06,0.08913423793156997,216.65048441890002,0.0089665428128444,-491.68573049392944
391,0.1675912189663299,16.77647707584626,0.04142239387534942,16.625479948851677,0.10957473311922936,663.3400987081003,657.4978695349303,5.8422291731705975,0.026400796242077737,0.02790831126917997,0.3082579763709592,1.066353452058509e-07,1.0130419153492654e-07,5.331153670924376e-09,1.2748356999955726e-05,1.2720847002383997e-05,2.7509997099630224e-08,1.1765866191667158,25.734901508559513,1.546144287045317e-06,1.0162351719748806e-06,0.08436049589661276,208.0030812618853,0.008370437759726899,336.17203439582863
392,0.17147355363892314,16.506060333501964,0.037811485862859914,16.38364355898614,0.08460528865296284,543.3351902279121,538.0290014682921,5.306188759619986,0.02853898917783957,0.0270087749555256,0.3068578770607552,5.2070304844436235e-08,4.624769389799533e-08,5.822610946440888e-09,5.656437400659529e-06,5.6297749734900005e-06,2.6662426722815388e-08,1.8173966708778415,42.23931339906858,1.3531911821170767e-06,1.5307825754426436e-06,0.08200034448652577,210.62242142817365,0.00896121723018266,-766.6403518312154
393,0.17090057507281872,15.035406249922138,0.03730374070607905,14.924770878818157,0.07333163039790336,566.8318880760002,560.5115556203649,6.320332455635027,0.023613056906985806,0.027825368076456428,0.3126473369775264,-4.162255454453847e-07,-4.213553311289184e-07,5.129785683533651e-09,-5.069304322026633e-05,-5.072040504979279e-05,2.7361829104263835e-08,1.4623881720761926,277.5969607812585,1.3393468560271605e-06,1.062834720662901e-06,0.08305986015858732,195.8345805425923,0.008318049543056911,-199.3975009197693
394,0.16602127844273828,14.551317891230555,0.03886035371606185,14.406029563666586,0.10642797384790821,633.2367448095375,627.8876610056851,5.34908380385265,0.028466829310078844,0.02505610320395602,0.284624600508843,3.3194577310549057e-07,3.271867635915956e-07,4.759009513895047e-09,3.81750917258879e-05,3.8149669815668876e-05,2.5421909834408373e-08,1.2838286348297272,50.78026130985226,1.3033347118853172e-06,1.0472012838393112e-06,0.0778729522159797,188.77666816516182,0.008352407539488748,-93.62064453457151
395,0.17841038983311236,16.924859842784127,0.04165281586077821,16.792049831002466,0.09115719592088327,714.0777211707281,708.3394493001429,5.738271870584855,0.026394811857947842,0.03002281881144264,0.33723108996066403,2.7639609315387563e-07,2.6948079806338537e-07,6.915295090490297e-09,3.0856008244643674e-05,3.082969316263026e-05,2.6315081496795905e-08,1.7805904947065185,-130.05800540681543,1.1600427218798074e-06,9.385125658880536e-07,0.08760393040172511,226.2015153142977,0.008903379279836737,274.0266630112201
396,0.16821205321875832,15.598916511434373,0.04317305852709524,15.474615082180765,0.08112837072651262,523.183988975796,517.5665064107382,5.617482565057782,0.027302152811887515,0.027747871714275413,0.30637855712221257,3.6563008758664244e-07,3.598925781565572e-07,5.737509430085097e-09,4.1931412528918e-05,4.190469982659736e-05,2.6712701660111777e-08,1.2591546570525147,139.92373441787043,1.254685311600764e-06,1.4403538074590216e-06,0.08435493837729313,210.97523445368668,0.008388375884341515,95.48070422312685
397,0.16361144246373568,14.378955616174197,0.037443563694092956,14.267178209227874,0.07433384325223115,459.39429573330034,455.0728701516522,4.321425581648547,0.020008957820369315,0.02799131881229259,0.310157934823507,-1.6406702233497428e-07,-1.6870630638650635e-07,4.639284051532105e-09,-1.989526572810452e-05,-1.9921710906299385e-05,2.6445177866820226e-08,3.7824273271216544,105.96575841881162,1.2733324306161911e-06,8.68689707807326e-07,0.08290239423381268,187.01689021158637,0.008222927761769824,90.07685924842917
398,0.1781262055417506,16.35747939563081,0.03839893803955988,16.230315822806745,0.08876463478450358,614.4780371623176,609.3337082897596,5.144328872558055,0.03433785701450773,0.029773129613774475,0.3342170490332091,2.375022799588521e-08,1.7992947227353107e-08,5.75728076853209e-09,5.7627447405878836e-08,2.9554692386189565e-08,2.8072754672932962e-08,2.7149070187399422,163.36617082796582,1.5736553301678671e-06,9.340366860302572e-07,0.08793272068564126,216.03926379296718,0.00841119677305008,418.049027904789
399,0.18495115219033276,15.32225914538147,0.03813959836263049,15.19704545604622,0.08707409097262028,774.2644838109977,769.4745000828103,4.789983728187438,0.035975958892008435,0.030661047591388966,0.354574836575559,-4.845710441503441e-07,-4.893450051430434e-07,4.773960992699358e-09,-5.9051552191504206e-05,-5.907729064077743e-05,2.5738448783800273e-08,1.0723183032845314,-186.0021493033692,1.1487846537833204e-06,1.2313591607355522e-06,0.08967344858450706,205.36424042334323,0.008932828681285244,-113.52022622479035
400,0.15513257149011225,14.380699380091995,0.036339748126013344,14.248133005543833,0.09622662642214967,787.687339567217,781.5994640624914,6.087875504725479,0.03898469064613194,0.023450372979754358,0.2617300723504987,7.164350890851133e-08,6.619200083723606e-08,5.45150807127524e-09,6.212239853326723e-06,6.186680941044256e-06,2.5558911800060264e-08,0.7565063372916572,160.11425321214747,1.3480968804354393e-06,7.955941222657323e-07,0.06990509231142966,192.43882706378037,0.008418667936718624,8.900035965773895
401,0.1832536053393784,17.105296479517087,0.04428498373702129,16.953835474316712,0.10717602146334913,779.5223380857353,772.5997342738713,6.922603811863595,0.031113366582145873,0.034519055316821604,0.37755080885299064,5.388893736958798e-07,5.335395924254317e-07,5.34978127044822e-09,6.173581004869741e-05,6.171101469400242e-05,2.4795354178599542e-08,3.852175221773999,135.9270543653881,1.7834187571308741e-06,1.2219411884577834e-06,0.09948487512277589,230.06215778249236,0.009095955976491014,157.9899095738292
402,0.17216562110629652,17.102935811453943,0.04423823734487257,16.95925922826423,0.09943834584484183,540.5757658803788,534.8280124282697,5.747753452109381,0.032661221151779204,0.028153260220890205,0.3118247326809324,-2.0840434447357602e-08,-2.7855328351079052e-08,7.014893903721484e-09,-4.877360793265065e-06,-4.905126109137892e-06,2.7765315397517888e-08,2.03231499218442,172.410330274947,2.0966611777509204e-06,1.2686333047978772e-06,0.08579670137837761,223.07718868594748,0.00964830319340488,-168.12727562004056
403,0.17451066224370917,15.960335799249373,0.0400968515563286,15.828183023450412,0.09205592424262966,509.4433819493888,503.7207677043528,5.722614245036124,0.03614190075738415,0.030627682564687238,0.34535982455246284,-1.6847645611793165e-07,-1.7414772946304078e-07,5.671273345109062e-09,-2.2783669788392892e-05,-2.281246922519213e-05,2.8799436271779513e-08,3.077379059545164,35.51285571267975,1.274842684737763e-06,1.2718886562099178e-06,0.08854815948155516,212.1085512007628,0.009213628246336637,-113.56317727223905
404,0.15944438847755824,15.41190758822328,0.035892194378313536,15.284566147625329,0.09144924621964162,742.6019125894848,737.8316027208367,4.770309868647909,0.020362682159016262,0.024937608367878304,0.28778745070655287,3.53796644739976e-07,3.5002853438686636e-07,3.768110353109627e-09,3.904116643645161e-05,3.901542278565363e-05,2.574364995757209e-08,1.7219136204448242,10.200173393246121,1.1404571624531014e-06,1.1508008658633357e-06,0.07354702305019262,194.32611015617294,0.008330246870131923,18.51475649752865
405,0.1728236269269449,16.784710573302206,0.044663774652078984,16.629305622257906,0.11074117639221877,734.5647844754418,729.4163610342657,5.148423441175546,0.02459397886767269,0.028461685752702432,0.33685327166745405,1.7558417249652498e-07,1.696086684345853e-07,5.975504061939713e-09,1.9245264140478834e-05,1.9219372986496408e-05,2.589115361575059e-08,1.992881664051998,222.32323511307882,1.8099439074577071e-06,1.3339684671266155e-06,0.08367883934035264,237.82151760292444,0.009588584711493023,39.45881572029157
406,0.17662887821081727,16.793700840290594,0.04445543934758322,16.662824578978082,0.08642082196492565,450.9684976088706,445.63069156909614,5.337806039774478,0.03024106029849333,0.028401030344318196,0.3351288610921136,3.457270320017365e-07,3.401639029568392e-07,5.563129044897349e-09,3.751960209446392e-05,3.749267300086603e-05,2.692909324030362e-08,1.020114456581398,125.35704121382929,1.3585315605017833e-06,1.0753710983777586e-06,0.08295756705425505,226.85566725672496,0.009092192753172336,614.206976005773
407,0.16362798644750623,14.22247926049449,0.03835636024254239,14.086830349366261,0.09729255088568517,579.5880822981225,574.509764540205,5.078317757917925,0.020859598792543062,0.028444449981543694,0.3274296016475143,6.683320372711302e-08,6.151438673127331e-08,5.318816995839701e-09,4.142230967972836e-06,4.116297134700118e-06,2.5933832936750523e-08,2.4661943311068186,-16.744856899389667,1.282890815611194e-06,1.093448222069129e-06,0.08219894721446691,185.34710480453288,0.008606637253239985,-679.6042070726853
408,0.172917865753948,16.1966958296071,0.04081903885293299,16.035280292281247,0.12059649847292027,790.1953529884178,785.012002325093,5.183350663324661,0.03822249381950263,0.027151135834077474,0.3061171014156843,4.311826892490128e-08,3.751666784533843e-08,5.6016010795628376e-09,2.9493775822564188e-06,2.923886286268884e-06,2.5491295532824836e-08,2.728361162002635,-17.336519095136907,1.2527075643992672e-06,9.563586321232949e-07,0.07884734763851466,229.336003552483,0.00961783214123824,289.88955916125724
409,0.18804590926798315,16.924625719072473,0.04358912081347131,16.769309194777406,0.11172740348159231,591.0157809301437,586.4652572703419,4.550523659801962,0.030608133091591584,0.03431590622598715,0.3910812207553283,9.925808756810257e-08,9.407412476177338e-08,5.183962806329198e-09,1.025905806842307e-05,1.0234129353601138e-05,2.492871441377356e-08,2.773638634707076,-27.208752136790686,1.6114364350181609e-06,1.0943758069393057e-06,0.0985659338177779,229.4527600343556,0.009702077721955095,395.46716375563665
410,0.1736296733593021,16.291260886250832,0.04233835997389711,16.168899754359455,0.08002277191748113,638.8342455083637,634.1608893978113,4.673356110552343,0.03333221704138343,0.03046837764890021,0.34131561179897696,9.980688378882761e-08,9.300115336486009e-08,6.805730423967513e-09,1.1572040409623264e-05,1.1545161181272168e-05,2.6879227870818918e-08,2.0258872007375492,222.07314154386137,1.571769123017979e-06,1.28376310024483e-06,0.09004536698326514,217.559948831178,0.008816841411499536,-529.9840759031877
411,0.1812677425131096,16.694408717016366,0.04037843889429533,16.583994913476253,0.07003536464581846,621.0660421571386,614.8805876904676,6.185454466670957,0.025262755599532782,0.03013522278109169,0.3381169403058624,-4.5105657945087203e-07,-4.568941619507134e-07,5.837582499841318e-09,-5.50268781136761e-05,-5.505296039117939e-05,2.6082277140257354e-08,1.1142677249513306,115.31813447329951,1.323626786505704e-06,1.1434183388673545e-06,0.089458769793726,216.97823913490367,0.009332393885726592,-64.83746089257966
412,0.1653063046143499,14.506661881167659,0.034576071458366456,14.380663436791789,0.0914223729175025,675.4482472672776,670.948759230784,4.499488036492896,0.02474614982315892,0.025160487163415728,0.299340570549325,6.290925744638236e-07,6.23617570647731e-07,5.475003816092658e-09,7.266010339590279e-05,7.263238416930851e-05,2.7719226101427997e-08,0.5980033065989857,127.7587476933533,1.3206311156487156e-06,9.328016809962617e-07,0.07435472754515902,198.2633775559145,0.008284360042317458,253.7892991835979
413,0.17439760489178013,15.42165913410847,0.04002047969915596,15.32644099186548,0.055197662543834,717.0452035170221,711.1850546152411,5.860148901781283,0.03491484912688921,0.029500550060017443,0.32801567612191845,1.7228815642816808e-07,1.6758327476104257e-07,4.7048816671254735e-09,1.9597685424611128e-05,1.9569926767582234e-05,2.7758656633892138e-08,2.6387996223846137,152.83898039272958,1.1826806664131978e-06,8.88123913295704e-07,0.08641940819747139,218.35063770258594,0.008542151655315501,326.1743477028713
414,0.16620490913551042,15.748982772587008,0.04310719485100782,15.607067507748312,0.0988080699876871,699.2476478371387,693.6182994075551,5.629348429583166,0.03493116078265093,0.02639695651025908,0.2947918510697453,8.279327013757927e-08,7.837587989110732e-08,4.417390246471933e-09,7.312470789843487e-06,7.284796904726276e-06,2.767388475287646e-08,2.9263061224402147,-67.56779392823407,1.669812908755559e-06,1.1531675081069636e-06,0.07982553329424048,210.70135116004712,0.009049585878095914,-84.87139989971911
415,0.16278345800519414,15.746960773882051,0.0389376071198886,15.626957557748018,0.08106560901414395,658.5586597064749,653.0824810102573,5.476178696218746,0.027545080690747133,0.025059967603429635,0.27926205148087513,4.704990275789816e-07,4.6540565761881215e-07,5.0933699601694934e-09,5.3854278155318e-05,5.382800592370411e-05,2.627223102324691e-08,1.180344368018284,-27.82338846925316,1.7378678600278814e-06,1.169886352051974e-06,0.07442582301569876,217.54344044637867,0.008430280324653443,8.455592427625561
416,0.15735936380551752,15.04146928625409,0.036403580411246875,14.93842815497008,0.06663755087276585,609.9112418791369,604.14726637801,5.7639755011286535,0.023262776319986356,0.026048375227133398,0.282294720678929,-6.354767397282748e-07,-6.410358671716477e-07,5.559127443372905e-09,-7.764970135293557e-05,-7.767475216709277e-05,2.5050813674706553e-08,2.760470978556552,331.0399055721467,1.6709126975476409e-06,8.549949954322778e-07,0.07862277742819979,207.40914192095877,0.008166907496007498,399.2442836894361
417,0.16581235395809496,14.784127736988891,0.04046909174914662,14.663825536143085,0.0798331090966601,515.758510587618,510.7270390681921,5.031471519426625,0.026245719540524046,0.02471356220223936,0.29997997309647345,-4.0024599163771323e-07,-4.058926329414035e-07,5.646641303690288e-09,-4.8562991637324325e-05,-4.858830244778264e-05,2.5310809894444997e-08,1.27305622164608,170.51371801042598,1.4273850155839005e-06,1.0355965531189755e-06,0.07465849600177038,201.72599581696144,0.008588532056595079,-704.306951305748
418,0.19239086709873587,17.082995046542162,0.0428643190050892,16.92796704906562,0.11216367847145126,713.0032904555046,708.0192597856035,4.9840306698999,0.021626509555309655,0.03374295284135101,0.39213203598157687,-4.6533910352036726e-07,-4.70889897540117e-07,5.550794019749765e-09,-5.568656247506086e-05,-5.571615637178188e-05,2.95938962893116e-08,1.1913756102355397,154.19120387513792,1.3233595934201169e-06,1.4000903476625534e-06,0.09648471950059921,216.90624615288075,0.009466108931813199,370.07655737301957
419,0.16873403745581667,15.36752661532272,0.040407870446084564,15.249173378006276,0.0779453668703583,642.2227007596593,637.0024089791334,5.2202917805255575,0.03756009918388267,0.025388128829245953,0.300331338207662,8.893584397117442e-07,8.846555959326836e-07,4.702843779060771e-09,0.00010420740830299341,0.00010417956876156782,2.7839540933685922e-08,0.9322500159710396,98.21481337402417,1.1786517734647936e-06,1.3794150853150015e-06,0.0757094579143867,200.87929680542084,0.008984150895169414,294.392007263903
420,0.17067340981287127,15.605702169209977,0.03965973027729057,15.472918963648628,0.09312347528406055,544.353902870808,539.1693753940752,5.184527476733932,0.029055471003826945,0.0283175934563177,0.3141900468402166,1.0217675971137645e-07,9.763590286891298e-08,4.540856842463498e-09,1.0499308829141904e-05,1.0471640638619523e-05,2.766819017715257e-08,2.4258557693016076,201.799734684178,1.5989631869320352e-06,1.0682804082386607e-06,0.08242249430907123,211.42164511960647,0.008866960991082166,-136.42696717418403
421,0.17845730359179166,15.364651531491322,0.036330877450213836,15.275926098906995,0.05239455513411281,701.5806078231052,695.4725644348673,6.10804338823986,0.031030477929802288,0.03226925256480075,0.364677232885596,-2.7358592767641277e-07,-2.790823504532449e-07,5.496422776832092e-09,-3.538146746198261e-05,-3.54090541803736e-05,2.7586717916109553e-08,1.0851123825296272,17.22770031900309,1.494111413304787e-06,1.1032646472643313e-06,0.09248585561175593,200.73046475131997,0.008944088488305047,234.9500955022404
422,0.1761781724458348,16.073203564198266,0.04163148974349376,15.929438299698807,0.10213377475596415,587.475829174306,581.5575520603127,5.918277113992778,0.03475596747332756,0.030394255906327106,0.34141756188815336,2.9334720298264935e-08,2.335071726420782e-08,5.984003034057113e-09,2.6657707940336133e-06,2.639292273146833e-06,2.6478520431499654e-08,1.2541080379423395,72.46203804151295,1.3670198991723848e-06,1.0115606378569674e-06,0.08866456314529086,216.79725894919648,0.008742593103502385,432.76158151347045
423,0.16862162929240979,15.396347510109065,0.04151796920511521,15.269015359159777,0.08581418174417342,556.9145148493083,551.7724945227152,5.142020326592806,0.029700196669657435,0.02774074813845271,0.3106510217338873,6.140596182196469e-07,6.085862342739566e-07,5.4733839456904225e-09,7.048697962058974e-05,7.046060213603023e-05,2.6377484262850103e-08,2.0764141225212036,86.59033498256245,1.3621093395408445e-06,1.154416893718107e-06,0.081165590406317,203.14046929348854,0.008869154075430673,-132.5583979719304
424,0.1742674479408871,17.07369070854241,0.03981882891707664,16.94240414577652,0.09146773384881227,711.1680202732258,706.1714524430133,4.996567830212822,0.027198530321860794,0.02795366876852367,0.30468679611706995,5.046598446030529e-07,4.974601185257469e-07,7.199726077306279e-09,5.873638362247456e-05,5.870907501912766e-05,2.7308602871235424e-08,1.991863624725457,146.29535263400533,1.1878257978597301e-06,1.2097085957003925e-06,0.0816401064036439,217.27768591295444,0.008425096374353314,-221.2529179898247
425,0.17759295784145882,16.49688765938467,0.04406334033166878,16.345851162846984,0.10697315620601591,805.6468726334489,800.5658396367149,5.081032996733393,0.026408918660178683,0.03057318348017884,0.34882386278087185,-1.0740578151904124e-07,-1.1643952847843103e-07,9.033746959389821e-09,-1.4897492499886017e-05,-1.492331494803195e-05,2.5822447716407895e-08,1.6722219977468427,108.56640675026759,1.0984025977620166e-06,1.112332230624655e-06,0.09061704964840234,216.9940044042222,0.009158949965629857,157.18751230708676
426,0.1855005245388617,17.498650477357337,0.03991493017365088,17.367280204982894,0.09145534220078745,559.0224084569259,553.9653492538006,5.057059203126277,0.028858981297022423,0.02959486974960926,0.33658062975709396,-5.0435986353248445e-08,-5.5264598189172384e-08,4.828611835923921e-09,-6.657655816016655e-06,-6.684228719150314e-06,2.657290268579839e-08,4.136874380903209,116.19649583465451,1.1210510277582172e-06,1.3841548219236534e-06,0.08995846947562626,221.2714938754953,0.009688278814827884,-170.92536907288104
427,0.17278688840046144,16.01823297738617,0.03873573147323573,15.896101652327614,0.08339559358531937,671.0658154614014,665.406527887838,5.659287573564232,0.029615565530714615,0.028088090631035442,0.31726389199578975,6.644529572944553e-08,6.005239612271103e-08,6.392899606734523e-09,6.480170792427844e-06,6.453943954582701e-06,2.622683752058062e-08,1.5912768041490357,-55.69080586589681,1.255546826681302e-06,1.0878141653127496e-06,0.08238448585782979,205.73106173129145,0.00893536593062494,-61.240137783273894
428,0.18809888377058978,17.59060217251913,0.041050723629695675,17.45492188341778,0.09462956547165435,714.2904563822783,708.8887104537661,5.401745928512038,0.024909988553409885,0.032122093660906466,0.36029740313842634,-6.544522601272495e-08,-7.135078044640981e-08,5.905554433684902e-09,-1.1047464715939988e-05,-1.1074588834577275e-05,2.712411828378579e-08,1.48503824592805,140.7241757980581,1.5506389184115828e-06,1.3583154017980654e-06,0.09478072744805098,224.0641760251682,0.009213141161205515,-423.4407796212281
429,0.16665937102726117,14.802947472409473,0.038826131670574145,14.660768617692819,0.10335272304607925,480.39622348167177,474.9411554450636,5.45506803660849,0.02100349574045559,0.02916016702089573,0.3480278657507911,-4.399010669159345e-07,-4.4579388104958713e-07,5.8928141336526725e-09,-5.476167100279965e-05,-5.478854074354698e-05,2.6869740443966977e-08,3.6296976695875243,87.84542055462106,1.6202170139375422e-06,1.1162400383252282e-06,0.0863963078649618,191.64185989029477,0.008279034843087769,231.56069204086361
430,0.16009288855589182,14.978562843520919,0.0381468515832368,14.837608382310275,0.10280760962740762,562.3159935806684,557.0298568881113,5.286136692557529,0.021629241129298933,0.02467505626279243,0.27671153458947356,9.235473552392433e-08,8.775244002329732e-08,4.602295500626959e-09,9.399003234013918e-06,9.371232059767865e-06,2.777117366747104e-08,1.003923401485458,59.15841509010813,1.156077943310283e-06,9.759353795489478e-07,0.07348444744407838,194.96781130636003,0.008408285983876197,-252.82695193510335
431,0.17440988899889587,15.519858836579212,0.039408860312943016,15.37399629372273,0.10645368254353878,548.0257861366719,542.4742709762606,5.551515160411346,0.035344379911125795,0.027661692828741376,0.3307993458977578,-9.596256405313836e-08,-1.0091028184821144e-07,4.947717795073083e-09,-1.4009586357809121e-05,-1.403701225297143e-05,2.7425894751931535e-08,2.2992960527803836,-101.80264308358004,1.3715786221920186e-06,1.0821241221245067e-06,0.0814788594120809,208.47343982323184,0.008869983571407804,590.6535914323267
432,0.178523406831868,16.739158184170286,0.03819375675399391,16.58543127350672,0.11553315390956873,576.7036070969359,570.5006569933989,6.202950103537529,0.02827783352476144,0.030749787944176696,0.33736496072350286,-7.322024591605404e-08,-7.93109725721662e-08,6.090726656112174e-09,-8.991826992035796e-06,-9.019133419016845e-06,2.730642644365714e-08,0.9797643838299432,13.201082604268548,1.4334538368922683e-06,1.1987308433251751e-06,0.09136124717100814,217.3519165035705,0.009173350324655936,707.3809679991782
433,0.16211591169599507,14.699553940250764,0.037518031341338985,14.570158588448757,0.09187732046067013,574.7576209420243,570.4682197841299,4.2894011578952345,0.027114518356359116,0.024977135626125895,0.28922492345486406,5.125781652219598e-07,5.066940628142123e-07,5.884102407747339e-09,5.9097428055649764e-05,5.9070713713604976e-05,2.6714341605512014e-08,1.4056570323526345,194.94196395265757,9.465721837752312e-07,9.44553711019552e-07,0.07331069080835419,193.45956462418678,0.008600921524353013,436.28863048014045
434,0.16933975324062125,15.3692364819874,0.040371998989344064,15.262133305569112,0.06673117742894576,589.6291506314095,584.1838724870145,5.445278144395913,0.03202679518963246,0.027672100870905884,0.32887025931775415,5.7590229963529443e-08,5.2602805236823244e-08,4.987424726706201e-09,4.986763798644928e-06,4.9607410995593635e-06,2.6022698484270435e-08,1.775054811537423,-74.11613505985954,1.5794512423839632e-06,9.119041926588633e-07,0.08048377427234511,222.80989074410437,0.008669029576556686,246.0581451248363
435,0.16591846464805482,15.544754566359961,0.03591892080205143,15.417615407761295,0.09122023779661581,556.2154012658509,550.6197671384426,5.595634127408169,0.024583375300110785,0.02774826449915932,0.31577990639489967,-1.4253380736735677e-07,-1.4573048311891914e-07,3.1966757515623635e-09,-1.9041039354714504e-05,-1.9067540970951007e-05,2.650161578413536e-08,1.426290519902122,77.99887662492216,1.4011516242836263e-06,1.0009187931819487e-06,0.08271097142006191,209.33781466170586,0.008688961756253744,-272.57205935110414
436,0.16185792078616756,15.2920723652001,0.038632320045003915,15.135843604886974,0.11759644026812328,656.7441989039561,651.3120422940596,5.4321566098955705,0.028403563395075063,0.025207799735293697,0.27921768289372784,1.8551659200267714e-07,1.8079637350744418e-07,4.72021849523292e-09,2.1226990262213717e-05,2.1199156581574693e-05,2.783368031756683e-08,3.5201580595789426,134.42388592729463,1.6640255317794309e-06,8.988647110410791e-07,0.07808547404469822,207.3728513887915,0.0086059022374687,-1020.3379101247365
437,0.17029621818243573,16.47507932848601,0.04946450665045222,16.31647984487991,0.10913497695564404,726.8679925153422,721.13572633581,5.732266179533536,0.04009729112608779,0.027128906674481392,0.2930470678021701,3.368290407848258e-07,3.3162702725433046e-07,5.2020135304954974e-09,3.7836027516068486e-05,3.780866141616857e-05,2.7366099380599362e-08,1.9789938077541276,189.26303916209991,1.4318787985420864e-06,1.1106121077967175e-06,0.07936551731289718,225.19244146387084,0.00894531712744573,-1186.9260859128535
438,0.1604454833144204,14.511637940899394,0.04160589595528062,14.395340535912714,0.07469150903139676,634.5024899028226,629.8499143624745,4.652575540348824,0.02483193086357666,0.027630001815065676,0.30219487065886125,-1.530401009694457e-07,-1.5817336584872415e-07,5.133264879278445e-09,-1.9714691166802063e-05,-1.9741297276309522e-05,2.6606109128734666e-08,1.375786266992301,165.9132470140189,1.3214284313214243e-06,9.231077441877851e-07,0.08087894418825838,194.2986680616687,0.008789729723847825,214.28967973330236
439,0.16995997936883742,15.151489314788883,0.04268387420932389,15.032380719088795,0.07642472149076374,699.0672716932394,693.7747490665365,5.29252262670377,0.030171579014311528,0.02732754244477931,0.30860125632573027,1.1993942466160592e-07,1.1453836708295152e-07,5.401057578654388e-09,1.2052493657276707e-05,1.2025438394628483e-05,2.7055262196006677e-08,1.2392042083605763,24.605010202167335,1.3227469784524668e-06,8.996057815046173e-07,0.07817923717006531,209.54341441239586,0.008851245142204495,55.338973456065105
440,0.19941119634891669,17.084687934695907,0.04007634299554311,16.971158006337188,0.07345358536317666,493.07462850012416,487.765335326204,5.3092931739199205,0.03922023660688899,0.04191034346903883,0.4580844023090147,5.777279825727255e-07,5.732958715432382e-07,4.432111029487361e-09,6.78756480578638e-05,6.78493902114856e-05,2.6257845936259636e-08,4.719467851373402,60.154003093308106,1.5361859745849742e-06,1.171760918083049e-06,0.1171367592678107,231.9211103595634,0.009065191844799104,-1696.4102256923761
441,0.1709963181918539,15.125729943833653,0.037484392283147316,15.005384278232915,0.08286127331759063,569.1019968869223,564.4103126327931,4.691684254128918,0.03244661106957709,0.029881562809726217,0.3417735313500767,3.155356145099167e-07,3.105475898068391e-07,4.9880247030776745e-09,3.558319735219533e-05,3.55594925301872e-05,2.3704821610305766e-08,1.185618152849157,328.1791813960133,1.260161406353381e-06,1.072756813929741e-06,0.0863772555903474,212.96075960481312,0.00853950499269534,692.6092616948927
442,0.16384476670573028,14.304169501198022,0.03877937589024931,14.19365164301922,0.07173848228855342,756.5603473771133,752.0960152888828,4.4643320882310045,0.02549650506232368,0.025967134327406684,0.3025744247649358,1.4892099712398186e-07,1.4494977888322145e-07,3.971218240760422e-09,1.5105879775383363e-05,1.507833639553242e-05,2.75433793869715e-08,1.0894494862444453,89.53268707296742,1.3438745027809017e-06,9.734530152981147e-07,0.07768401785733448,191.56356190077642,0.008082964527036558,26.1072001570019
443,0.18436344966871301,15.79637296887096,0.042064459606344445,15.69256690826015,0.061741601004464665,587.5307861787647,581.6669331939045,5.863852984859459,0.02253457609134218,0.03057109864135679,0.3502792372462275,2.1531586858631048e-07,2.1061231783945432e-07,4.703550746856229e-09,2.64865002241529e-05,2.6457648798299866e-05,2.885142534443291e-08,2.0844227112272065,67.49547803081485,1.0584218579728621e-06,9.53354350051277e-07,0.08844514207264556,222.27208454235125,0.008589260788265074,66.62372968408272
444,0.18389885660702093,17.462438808072573,0.03938916735244499,17.334784623765277,0.08826501695484851,642.4586407237546,637.6571134601758,4.80152726358011,0.03954895666555005,0.027982250227970826,0.317581545712127,-2.6502633172363694e-07,-2.711639473237324e-07,6.137615600095456e-09,-3.2797199258897323e-05,-3.2824183784943396e-05,2.6984525597065584e-08,3.357504841175549,157.1071416194039,1.7100612623633812e-06,8.454432198319057e-07,0.08329112307670179,227.7205813610699,0.009229355240641494,-95.00627349220395
445,0.15980722019196397,15.633151116549513,0.03821708336281405,15.52245495518514,0.0724790780015571,738.8476427558531,734.6751902010412,4.172452554811962,0.03470944415940521,0.024687616591460456,0.27795307149141324,4.142863713068961e-07,4.0876844556627075e-07,5.517925740625519e-09,4.7942031831687855e-05,4.791450748029313e-05,2.7524351008217624e-08,2.7080708283425157,109.16122603711861,1.1320705158053505e-06,9.081895296506877e-07,0.0746625642978165,198.31678391300062,0.008325342263561101,-614.1095875031069
446,0.16753765663698822,14.391826413082281,0.03963267768444268,14.238643312195643,0.1135504232021939,694.1116786949905,687.5482146294556,6.563464065534975,0.022802681000419822,0.027180132067184747,0.3052935368220073,1.439204629240811e-08,1.0260803574784629e-08,4.131242717623481e-09,3.777900041161876e-07,3.530391337672057e-07,2.475087002838281e-08,1.1317815740606525,-0.9995268671268716,1.6203458898065461e-06,1.065799673692657e-06,0.07988942764919647,195.0081768584797,0.008023236253421284,-559.1699291038522
447,0.17563122771728976,15.07616723658679,0.04253435646138783,14.937181371524552,0.0964515086008531,608.7464585526811,602.28713215886,6.459326393820782,0.032577532130063244,0.03069610449317294,0.3458788198020371,-4.79278064828066e-08,-5.349151825969718e-08,5.563711776890579e-09,-7.507308620053185e-06,-7.53503817750949e-06,2.772955694940091e-08,2.2047023766662215,52.25630487923339,1.349829586787272e-06,1.216274687294986e-06,0.08954052582299436,201.95106250564058,0.008671881122661674,-111.70702996343789
448,0.1553282105311942,14.428180245808552,0.03564537364450155,14.303731259695098,0.08880361246894858,524.5701670580445,518.9488558718188,5.621311186225227,0.0223427814517621,0.024899536484928,0.2784806494512624,2.497656783756203e-07,2.4509351574747907e-07,4.6721626281413314e-09,2.6984034781777753e-05,2.6958801327402937e-05,2.5233453881325814e-08,1.616090753822644,99.13221190747556,1.3937600967751726e-06,1.248042834999036e-06,0.07517172158655809,192.02335840693084,0.008718004374214341,36.82594953843727
449,0.16637414160416117,15.508074104139048,0.039854921889295764,15.385195663761142,0.08302351848860891,563.0281990300848,558.2752876876157,4.752911342470776,0.02868060977837147,0.0264411898948475,0.29618302599429447,3.0529774923778073e-07,2.9986673732826044e-07,5.431011909520256e-09,3.581218761426693e-05,3.5784836268643406e-05,2.735134514300919e-08,1.8180666375141046,-127.33245951575763,1.3421687659502904e-06,8.855637808108646e-07,0.07782163327632438,200.43790298644313,0.008609441415246525,-439.0756990241289
450,0.19787749648950947,18.35855582277746,0.044769830297690126,18.241262115595376,0.07252387688439922,591.2389724700064,586.0533192798591,5.185653190149118,0.04033948783530201,0.034658451027404474,0.4118694816752002,4.080497049018094e-07,4.016924458571275e-07,6.357259044681955e-09,4.463518908694669e-05,4.460731581413992e-05,2.787327243966432e-08,1.3724728946462845,125.50500433770995,1.536373558118453e-06,1.2039284025902786e-06,0.10104672683754905,254.45357632957314,0.01033052141317539,-59.56186882468228
451,0.18638291184555644,17.29342767106707,0.03925621527299733,17.197495280283153,0.056676175510916776,706.292572934817,699.5298671307354,6.76270580408171,0.02653854059980066,0.03373695657365764,0.3706868289460242,-1.1512518347094678e-07,-1.2001023221793e-07,4.88504874698328e-09,-1.6027442099839428e-05,-1.605514601994209e-05,2.7703919704590026e-08,2.0771416368670215,100.75263106234254,1.66323898059812e-06,1.0504411483448302e-06,0.0985139972071631,230.08666156024674,0.009762740418031582,461.37948941712966
452,0.17944321817235165,17.144339846902003,0.04449819236240581,17.015894752008087,0.08394690253150199,963.4409951615858,958.1045017586948,5.336493402891213,0.03660440762402663,0.030058596853417607,0.3325456147444482,8.720266395434996e-08,8.16656966703697e-08,5.5369672839802625e-09,9.730338103841782e-06,9.703437187641234e-06,2.6900915533498203e-08,2.2238312572618333,152.19301092229819,1.8961536485547343e-06,1.162865406746176e-06,0.09074300374529731,247.04893794383258,0.009182465371491963,-505.85441096358045
453,0.18101678634184928,16.75664487211417,0.04010315371412831,16.591449218253366,0.12509250014667778,655.2166792218662,650.1723532770733,5.044325944792772,0.03047104670545265,0.029327385035971203,0.3304049194364357,-1.6508286442622069e-07,-1.701694175541208e-07,5.086553127900123e-09,-2.121123124016137e-05,-2.123830982133367e-05,2.7078580881690964e-08,7.360878894336803,82.18444482452887,2.1117597612942723e-06,1.3349319819902541e-06,0.0844374525439539,216.1746411046742,0.008932242024861958,172.22026976211873
454,0.16538621075706514,15.698222023093848,0.04117224314909362,15.57007423241336,0.08697554753139596,571.0090252667318,565.9863684266801,5.022656840051987,0.02399738157804192,0.025195960952105318,0.28812013116549595,8.975092749610227e-08,8.473382197655169e-08,5.017105519550589e-09,8.98044626475495e-06,8.952074618551889e-06,2.8371645886374455e-08,1.5654804783323284,229.41198557957787,1.204580896149778e-06,9.81413963627117e-07,0.07464509315871952,209.36497395325563,0.008432393138454154,497.48822340952574
455,0.16843409207188287,16.077726798223335,0.04123323440142699,15.957601201723556,0.07889236209835175,582.6861288695395,577.9247857670797,4.761343102460795,0.04262542872587113,0.02654321200253558,0.2873994383163992,7.366213577832067e-08,6.886916283742227e-08,4.7929729408984035e-09,5.73880761013866e-06,5.71194665369026e-06,2.686095615946544e-08,1.3421913517500075,170.9772930386021,1.2759095876884411e-06,1.0263978997491887e-06,0.07879253782017628,210.86955128188293,0.00984758653470423,-357.31956770428405
456,0.16879199317646154,16.05416708055291,0.03941198583381528,15.892533850360993,0.12222124435810698,515.2568954244879,510.46029877277823,4.796596651709692,0.03195608843686304,0.02759546689076399,0.30763480956282335,-6.02539622628219e-08,-6.67435341941249e-08,6.4895719313029866e-09,-1.1444881364199877e-05,-1.1471215834526813e-05,2.6334469994354526e-08,1.727783072804859,-77.83633858978129,1.5968546805845305e-06,9.564127847445626e-07,0.08692718667530513,213.65687364435988,0.00880967562839147,-324.6965063402795
457,0.1712045548833339,15.802581768892503,0.03670334906960926,15.675408759039485,0.09046966078341039,573.088054536051,567.2595712105596,5.828483325491783,0.02406708363665087,0.02578146244271661,0.2966658331951656,-1.655085790015138e-07,-1.7057611500409982e-07,5.067536002585987e-09,-2.15611504331771e-05,-2.158708796267223e-05,2.5937528981224766e-08,1.2112733308886958,194.80656723899426,1.2801032203551008e-06,1.072396005896204e-06,0.07642717460540513,206.66179531493478,0.008674136354944911,-40.06908439819745
458,0.1763465792857618,15.234732231820969,0.04033185750364494,15.110013419807629,0.08438695450969252,658.6147647323439,653.7166745466807,4.898090185663338,0.033020521677426584,0.03229961143091086,0.34962437384478606,-2.803240210553045e-07,-2.8529045565191715e-07,4.966434596612673e-09,-3.507988619430462e-05,-3.5107245648767415e-05,2.7359453976782836e-08,1.6966560572848972,71.74664930274244,1.200117740088524e-06,1.0064727441287486e-06,0.09333860034595132,207.43965146815748,0.008804332382903042,322.9957721038181
459,0.16897381487496183,15.855746620080794,0.039829843634122626,15.72348663009806,0.09243014634860713,814.3226716632759,808.0064882801516,6.316183383123116,0.02942441293374321,0.026780319124407693,0.3071163478041396,3.0036578686355723e-07,2.94132010388406e-07,6.233776475151215e-09,3.3410896312172066e-05,3.338422797030883e-05,2.6668341378311457e-08,3.1831660310717362,-82.98847977867509,1.4899357393908539e-06,9.048566645501195e-07,0.07762121316622807,220.47234761580137,0.008891560534538882,-105.29608589972486
460,0.16730993325594745,14.838133602173741,0.04179188636513615,14.702723155422632,0.09361856038597512,713.0383347048387,708.6250796814846,4.413255023355305,0.03597961332330529,0.02717749171653815,0.3137462606732168,3.8052602072297967e-07,3.74275218506794e-07,6.250802216185734e-09,4.206695961831992e-05,4.2040283678247834e-05,2.6675939651842702e-08,2.943686498365322,-19.82572362783572,1.5094088315527882e-06,9.468887660228835e-07,0.08068618826819034,203.31177911650624,0.008858926367965786,221.62542414246036
461,0.1696351611887207,16.19904070958772,0.040616839154653174,16.06469360572455,0.09373026470851568,665.7822349623007,659.7996934478487,5.9825415144504435,0.030740395615847686,0.027816905619596745,0.3149873755803634,4.4365568833364873e-07,4.376336911025325e-07,6.021997231116279e-09,5.017426738798249e-05,5.014748361460171e-05,2.6783772850374724e-08,1.1419744574060893,259.4792377791286,1.3831420104693338e-06,9.539587173643923e-07,0.08134153468676723,217.69930771704136,0.00875462958412592,-183.58917948723956
462,0.16804178622552718,15.754756198240894,0.03941654263361648,15.606360012039648,0.10897964356763318,590.5052961285209,582.4111018143294,8.09419431419163,0.022845767939791102,0.02488159542917223,0.2864468367213724,-3.239300708590891e-07,-3.287538378865416e-07,4.8237670274524305e-09,-3.875795245422027e-05,-3.878719231134895e-05,2.9239856545935746e-08,1.4197216220181597,24.257290035183512,1.4948302437042289e-06,1.0322838708040574e-06,0.07639502781872105,212.67310704285586,0.008472954782935676,-160.62354254892307
463,0.15818635761521213,15.25422808293498,0.03956380401040205,15.12059926673168,0.0940650121928959,665.7756984271741,661.500896503395,4.274801923780759,0.024299226084468606,0.024663227544264962,0.2771705823474365,9.681785281678247e-07,9.63438481537051e-07,4.740046630773767e-09,0.00011332927678198748,0.00011330174328403979,2.7533497658190944e-08,1.5338033455380249,133.10086120352778,1.3012187265441326e-06,9.894111375354094e-07,0.0722800597643485,207.2459364248569,0.00868725082268385,-321.7130893305157
464,0.1749340846956967,16.034374235229652,0.04328136235968709,15.878402654801764,0.11269021806819728,609.8893948675463,603.6436274593597,6.245767408187693,0.03573975400406963,0.026181175599319866,0.3160826459281432,-5.598668555395056e-07,-5.650854282946234e-07,5.2185727551182244e-09,-6.614558330880622e-05,-6.617399316677353e-05,2.8409857464435175e-08,1.455198177435868,322.4156322955549,1.6519477609621403e-06,1.7566769465239717e-06,0.07783546733792987,210.81264367693217,0.008694817040391637,650.8553859558879
465,0.1724477235748503,16.26834674743649,0.03976507535123067,16.164730843012126,0.06385082907313522,552.3507468837334,547.4600785028226,4.890668380911689,0.029457232654327474,0.027240452151556804,0.316397748365241,-3.873597613544061e-07,-3.917539120885803e-07,4.39415073417414e-09,-4.647579586652755e-05,-4.650350244771173e-05,2.7706580746058454e-08,0.9784573929788294,142.01010606849925,1.147827928946524e-06,8.375878110485083e-07,0.07929427416584325,212.6582967950859,0.008705838193023901,27.245301977732197
466,0.1768508921156773,17.463956604135443,0.04666632288997767,17.336378184258812,0.08091209698665014,699.1651337401136,692.137511308046,7.02762243206681,0.023334567806592734,0.028741829364683714,0.3225547616808674,-1.0537685932670845e-07,-1.1172125344089084e-07,6.344394114182363e-09,-1.3001607453058508e-05,-1.3028255743928953e-05,2.664829031370342e-08,1.9138897066058191,158.50729146004784,1.6504805894748682e-06,1.011245533059896e-06,0.08416490242508014,237.79531421464486,0.009378410564689976,-630.4411231954737
467,0.1918863967020521,17.33543467269754,0.04444184446924078,17.186351731630925,0.10464109659737571,727.3330617580702,721.8732012522677,5.459860505802822,0.028963617525696306,0.03129168484676744,0.3759879260894205,3.2160464541175826e-07,3.1597191555547653e-07,5.632729856281662e-09,3.57728258550727e-05,3.574461095690899e-05,2.821489777869401e-08,1.6400234010748869,136.00893896630888,1.238644268505191e-06,1.0214569547497637e-06,0.08896790681034226,229.3183558516103,0.009150319590729955,917.0126602140381
468,0.16990629465047052,15.790152289684837,0.03930283052338898,15.677970497271115,0.07287896189033312,667.4969696700641,662.1573145413679,5.339655128695395,0.03512688672302983,0.02558234090964267,0.28780335718566336,6.822933060163084e-08,6.42237187976387e-08,4.005611803992165e-09,7.913568907588592e-06,7.885928885094747e-06,2.7640021989964676e-08,1.8706236146817514,-108.23343154615503,1.3788426191632495e-06,9.166232576229899e-07,0.07742646254709595,206.2114014406395,0.009045196659747212,-63.81046502103345
469,0.17983950780065727,15.637744907252934,0.04105347249105752,15.482872793503129,0.11381864125874629,540.0176827895735,535.1939638480612,4.8237189415119985,0.03778344273783431,0.03154035870819631,0.34872062623904115,2.2144222600705507e-07,2.1581492045758788e-07,5.627305549467188e-09,2.3887869349554052e-05,2.3858905162119043e-05,2.89641869604175e-08,2.1267739045775267,230.51335861550803,1.841290454008391e-06,7.977187342378457e-07,0.09181327672560559,215.23913376651967,0.009268607182491239,-81.28722621457564
470,0.16801486151222744,14.862281658764305,0.04067244935400145,14.77608228914843,0.04552692026187577,496.3178239632336,490.38807879199334,5.929745171239986,0.030068316099849186,0.029320833231662777,0.32727072310313216,5.820680798803786e-07,5.765257131512713e-07,5.542366729107407e-09,6.730235353806659e-05,6.727519691714674e-05,2.7156620472673436e-08,3.9878223486388094,243.09608150477274,1.079897383434574e-06,8.517640203476762e-07,0.08677285696807467,198.84754290593068,0.008672405736870246,-526.1827860822823
471,0.16032812404566665,14.77133948749223,0.03922476749347679,14.637782053018048,0.09433266698070841,593.2799061898194,588.8601696607564,4.419736529063677,0.03534810508990109,0.026226681856923784,0.2838655310859076,-3.857290710279406e-08,-4.2662953425230965e-08,4.0900463224368874e-09,-6.176438250288762e-06,-6.2054451265892574e-06,2.9006875919166438e-08,1.652612500942242,173.1997758487101,1.5496054715659406e-06,1.4358198714153628e-06,0.07861079179956174,201.46254366516706,0.008581899745367043,326.47169685435165
472,0.18232272351797318,17.05671884686485,0.03750061581110969,16.934195040763736,0.08502319029000018,741.4047885379168,735.6558348471523,5.748953690763955,0.027805670166825617,0.03199189572807136,0.3659050614095288,3.696527061442804e-07,3.6267664233610867e-07,6.976063808171782e-09,4.1699671007114024e-05,4.1673430561386524e-05,2.6240445260727122e-08,1.1842416943182617,182.07542633867394,1.2658294270806574e-06,1.3384312034841619e-06,0.09410272533545995,231.28483649144033,0.009460492179689165,-335.40801487167755
473,0.16413406312895046,15.860601476253871,0.037985724477747916,15.73952126991019,0.08309448186593178,581.9101747259225,577.0199480920539,4.890226633869554,0.032951015889234186,0.02658497900057865,0.2974391794589005,2.0920706121071592e-07,2.0481716871393048e-07,4.389892496785517e-09,2.3556160221877957e-05,2.3529190690968856e-05,2.6969530408290386e-08,1.0433990409115692,84.02887957160733,1.483444740510886e-06,1.284812028935817e-06,0.07982700399213388,208.99886939376574,0.008831956142470225,89.98378056945967
474,0.17018226395531041,15.17341103349707,0.040997432524615206,15.045216231217356,0.08719736975509566,544.7637270282305,539.5647512946812,5.198975733549487,0.037270318511121774,0.02756837081505549,0.3211706928384645,3.420436522582622e-07,3.348651484485482e-07,7.178503809714183e-09,3.742443517078531e-05,3.739603492575134e-05,2.840024457338021e-08,2.730385948999109,215.7956274594007,1.686879067361863e-06,1.3030948343329438e-06,0.08182750271232427,202.99081304700385,0.008827218164301353,504.13621273019453
475,0.1753419354538326,16.455237364121285,0.04255570281441694,16.327084986668503,0.08559667463836795,529.6996198447474,526.0401334422088,3.659486402539076,0.02426498344265828,0.028712544822930418,0.32140794968017744,2.3234232438312546e-07,2.261664179163024e-07,6.175906466823134e-09,2.579593826869285e-05,2.576734315667345e-05,2.8595111541315967e-08,1.559610850202065,120.50555912427424,1.4123055865828535e-06,1.2256611592535466e-06,0.08477038218291177,219.3888458273018,0.008686614015035435,699.6841924480432
476,0.15886060508703206,14.529738867913663,0.0379304945747446,14.421402238868017,0.07040613447090172,524.6258393197593,519.5061735630743,5.119665756685491,0.02881693713469669,0.024959274234763667,0.2790476362601398,-2.8176757571692354e-08,-3.367494202776958e-08,5.49818445607723e-09,-4.406857729022163e-06,-4.433366359018833e-06,2.6508629610681175e-08,1.3177447122199335,156.07740286851256,1.3271496726534069e-06,9.522447095235307e-07,0.07356712869763853,191.0667182413134,0.008301752079001006,-875.1878909524658
477,0.18325953501688538,16.186450557293714,0.040110537244312794,16.045656664459273,0.10068335559012741,822.8926232392788,815.5368878176481,7.355735421631114,0.02995076968524392,0.0328036986223232,0.3658969056170174,4.019497865520948e-08,3.429070484078035e-08,5.904273814429131e-09,2.8345868931769877e-06,2.807100741398353e-06,2.7486151527932873e-08,1.2663753136624274,145.061613124781,1.4241003219242087e-06,1.1100297576729194e-06,0.0949015238688691,209.33167751235226,0.008900720467411596,373.78636404008284
478,0.18398951893744495,16.382599793956842,0.041525285877001106,16.247173745672843,0.09390076240699805,658.8140819191228,652.9894879801436,5.824593938980194,0.03137605817757733,0.034799276737359434,0.38324653481985055,-6.123138181412883e-07,-6.182263964557055e-07,5.912578314417542e-09,-7.357602795709374e-05,-7.360305541463183e-05,2.7027457075744652e-08,1.7529484382218385,142.67718877561683,1.7730078970367407e-06,1.1143165393125603e-06,0.10110764870103087,217.21188682492567,0.00968171193637261,-60.52599282432493
479,0.15945010557309786,14.545893458613875,0.03856925927276454,14.418941966490623,0.08838223285048868,615.6106606760998,609.8254773063841,5.785183369715536,0.026967946067234776,0.026589153709791178,0.28933663320963127,-3.42603039543402e-07,-3.5082077806794033e-07,8.217738524538224e-09,-4.112134014503716e-05,-4.114883301549462e-05,2.7492870179430796e-08,1.3375995128042584,104.15885122148586,1.1712729840119262e-06,8.814023170555664e-07,0.07687743339756806,193.82326423527135,0.007938414544677917,-241.90163271866277
480,0.1718002143346507,16.267595170638934,0.040974202480658306,16.16024729706665,0.06637367109162479,627.7405088832592,621.5367410507985,6.20376783246075,0.027377201155469755,0.027857143548727006,0.32038321020598726,5.589748987175215e-08,5.151992644074854e-08,4.3775634310035915e-09,5.207392313078055e-06,5.178641426423445e-06,2.875088627552246e-08,2.1305423237731484,169.6246410867844,1.1184952934352152e-06,1.1940614301468865e-06,0.0803194765327023,210.16485431234895,0.009420458515578494,-61.689075952056555
481,0.17054801956431487,15.288242934589816,0.035121378477783266,15.148310848068371,0.10481070804366116,666.8072252619285,660.3330726930595,6.474152568868632,0.025785322190530268,0.028625222363781115,0.3193975978936008,3.0512176151531976e-08,2.4180908902912178e-08,6.331267248619796e-09,2.0774884519013237e-06,2.0505064237315745e-06,2.698202770294367e-08,3.513635323208069,90.34375238825729,1.1632655081868476e-06,9.372756314286101e-07,0.08297338239263367,204.98315604623144,0.008398127316470926,811.1319674859396
482,0.1561771727790566,15.175346466604621,0.041141450404307583,15.040385028189467,0.09381998801084607,762.7920876835095,758.0548766346474,4.737211048861534,0.025293173066603482,0.02535488410125932,0.2806616480853864,5.390480859616617e-07,5.28575374071403e-07,1.047271189025837e-08,6.263108802965823e-05,6.260328402642254e-05,2.7804002888953567e-08,1.2539487898819726,-58.12017072279081,1.417765659222268e-06,1.0067465412096705e-06,0.07597548793696594,205.62728272376208,0.00886269147280585,43.8772665301658
483,0.1854725553750066,17.20873321618418,0.04022510009668778,17.066576486448746,0.10193162963874434,583.2833224618456,578.080802765742,5.20251969610359,0.035462586244561084,0.03230970525089514,0.35707588130894613,-2.468837128819681e-07,-2.517830060582375e-07,4.899293176269352e-09,-3.1276521476693536e-05,-3.130416465144012e-05,2.7643174373889333e-08,0.9308340653206864,238.8809725807669,1.2909258988675071e-06,1.0121610069853179e-06,0.0937754114741675,222.2907643256788,0.008923419450039327,243.78700607402516
484,0.18857460857812677,16.476973711573983,0.04189890780565909,16.349934237278973,0.08514056648934555,632.8001591016377,626.7993418583103,6.000817243329105,0.023901933136939283,0.03228785358564089,0.36005990006483335,-1.20248891152015e-07,-1.255236433192288e-07,5.274752167213877e-09,-1.653144552937842e-05,-1.655769883742264e-05,2.625330747622074e-08,3.6690747394965215,43.48474372661341,1.3947545735095308e-06,9.341271490174416e-07,0.09668744205713653,217.169984748043,0.009769386075990791,536.1127434142063
485,0.1711180025126666,15.637421528972059,0.03777993891460041,15.515176172246383,0.08446541781107378,655.3010427495637,650.9028576738614,4.398185075702708,0.0276240928196902,0.02905123313443967,0.3387818168141764,1.6961825507027123e-08,1.1604548244354459e-08,5.35727726267267e-09,8.794729970559747e-07,8.522847690645946e-07,2.7188227484134378e-08,1.7997486035664765,210.49168611252085,1.5150907600072322e-06,9.53871832977419e-07,0.08514427092520721,201.38983639540788,0.008763163701272858,301.7218158174628
486,0.16280550669788107,14.241098525610768,0.03561929039325175,14.107678936262488,0.0978002989550284,478.6845647374136,474.3194831486668,4.365081588747268,0.025517982082743765,0.02710578385113821,0.310652386262282,4.299643072058178e-07,4.2563488846544405e-07,4.329418740373938e-09,5.096891589092086e-05,5.0943296400006396e-05,2.561949055539045e-08,1.4145335797946261,10.04974580517594,1.204114256218252e-06,8.938542704269094e-07,0.07971474543191585,186.45274353934212,0.008407429680633662,-594.4702517155592
487,0.17133768762506285,15.958806305945625,0.04013531819041654,15.83161620927412,0.0870547784810898,610.466655390342,605.0746731090657,5.3919822812765545,0.02682754560355878,0.03037784789979679,0.34575621666897505,-9.081368452398897e-08,-9.54857413005581e-08,4.672056776569129e-09,-1.2461330992388327e-05,-1.2488255198504081e-05,2.692420574120944e-08,1.214657769155939,358.36769958380637,1.2861666790066139e-06,7.717519930474187e-07,0.08775528945491588,211.3144463990402,0.008963945438925532,-497.90078210230513
488,0.17112481251171877,15.155729414425629,0.04224368762685961,15.011572466968287,0.10191325983048508,679.2917326845264,670.9420772795933,8.349655404933806,0.029632173870873788,0.028967610855016045,0.3263152732455836,-2.7411993378785906e-07,-2.8060309060043624e-07,6.483156812577135e-09,-3.291449273756414e-05,-3.294169622960084e-05,2.7203491680135934e-08,4.906398947519167,34.55999188493242,1.1786663464815028e-06,1.11295980138096e-06,0.08434381913078977,205.4149395108583,0.00869316139884262,161.62924924119852
489,0.16683595512802632,17.059563533205782,0.0411459338180517,16.93137795983587,0.08703963955185993,670.4747731679587,665.4119246512953,5.062848516663823,0.03334132635598813,0.026257009486523673,0.292202880366452,5.320119463171613e-08,4.6613626479550816e-08,6.5875681521652905e-09,3.960340080715409e-06,3.932599322163797e-06,2.7740758198718974e-08,1.2438222236977108,39.00159715692255,1.207164055595868e-06,1.0187495110696672e-06,0.07807909864752084,214.31834411100223,0.008723388029105012,-208.74018702157355
490,0.16946101479679812,15.596525697012362,0.042111774747695216,15.46865493097122,0.08575899129344726,476.8100940032843,472.47289486517025,4.337199138114056,0.021784478648187933,0.027548697521318225,0.30567439254924567,-3.762740365895905e-08,-4.0885137501710584e-08,3.257733842751542e-09,-6.216069256531625e-06,-6.242718311359166e-06,2.6649054340648216e-08,1.3433488770012658,226.08342138696995,1.2221673874696788e-06,9.532406600187346e-07,0.08039111808086402,215.54649323565457,0.008933945450768506,-138.99556887266863
491,0.16771246196392225,16.420281900368316,0.04079769905744527,16.294528774859096,0.08495542645177445,825.3935047455426,819.9651908261533,5.428313919390031,0.025928212662160995,0.026721955265873253,0.29576112079375966,1.4319111502493056e-07,1.3824308077604865e-07,4.948034248881858e-09,1.6261820552435266e-05,1.6235748926626284e-05,2.607162545089012e-08,2.2469792294012283,-48.87759060203493,1.1629884474147345e-06,9.67169200256624e-07,0.07925609957165061,222.6030667715561,0.008934372813880391,-154.89327771074932
492,0.17992784720339083,16.205308018329852,0.045354983728877786,16.06014200559731,0.09981102900366293,526.1702114303203,520.5997175990098,5.570493831311676,0.04407355789455866,0.029357050749701182,0.337130985974436,1.8866542551166953e-07,1.833298561592726e-07,5.335569352396867e-09,1.6585574369298757e-05,1.6557172451353406e-05,2.8401917515067687e-08,1.2359526637468004,150.79045829620551,1.2508869212137738e-06,1.125876635654915e-06,0.0884065198357513,222.47549521764878,0.008865494265780274,320.6068603549393
493,0.17449068063314763,15.883700450244051,0.03556911317658562,15.769050668599931,0.07908066846753385,689.9621160993471,684.1827083282407,5.779407771106051,0.036544323473321996,0.030224906268486205,0.33445960867848545,-1.3751982582713212e-07,-1.417485598847195e-07,4.228734057587373e-09,-1.641869420361029e-05,-1.6445448485301765e-05,2.6754281246194063e-08,0.9968601950065923,19.187620936504377,1.380809330242569e-06,8.910559418926347e-07,0.08798669293700405,203.98881412430308,0.00900260130611753,125.85611935578436
494,0.1743660210702293,16.73507066096187,0.04158699773052,16.617231811071512,0.0762518521598375,797.4128816322333,790.9331917643384,6.479689867895129,0.028280586320788777,0.02664613227361852,0.2995935420274346,-3.9058356750464266e-07,-3.9449499294503755e-07,3.911425440394822e-09,-4.670749922033937e-05,-4.6736347042478164e-05,2.8847821610461807e-08,2.389074315048659,250.03675166101354,1.5358219572093013e-06,9.87613467432298e-07,0.07908464082473475,221.6978902562037,0.009359447340617796,413.53106880126234
495,0.16813950970535418,15.58378698062531,0.042808224546254714,15.47054267037774,0.07043608570131568,445.65974338405863,439.66503133162786,5.994712052431547,0.029311522139617803,0.025914110120214315,0.2990451445586873,2.626652551717752e-07,2.5769867388054474e-07,4.966581291230498e-09,2.9656629819533947e-05,2.9630071720260396e-05,2.6558098798766323e-08,1.4759857632550193,101.4234165598549,1.562884222168857e-06,1.3906248577312026e-06,0.07993272580760635,222.70496192358482,0.008428168951571571,-253.80936960130384
496,0.16021267393271213,14.036293031008375,0.038089317403632604,13.911879732082005,0.08632398152273567,554.7510130843325,550.4445967097843,4.306416374547782,0.023623633502126873,0.025133494509704105,0.2855018391712921,-1.8745019216759014e-07,-1.924246188214874e-07,4.974426653897256e-09,-2.3012594843157244e-05,-2.3038226618358473e-05,2.5631774934321388e-08,1.4169849216892638,242.13962962443782,1.3734727259589428e-06,8.848805844394318e-07,0.07405794253042523,193.50827591945995,0.008406056047449538,488.964294951742
497,0.17413127768803566,16.181660997802023,0.044251059906837725,16.08377623082675,0.05363370706843755,529.453212276744,524.5626401570269,4.890572119716925,0.02565601268636818,0.028592682034588472,0.3250763264365374,2.6525589196286037e-07,2.6071083776107877e-07,4.545054201781583e-09,2.963387964977383e-05,2.9606207299045887e-05,2.767235029914082e-08,1.1030217102844828,32.350397288163535,1.203248318276073e-06,1.1224022319377931e-06,0.08327933911070728,216.42394713224843,0.009200274388480428,41.24127008735013
498,0.18077746831972313,16.837593444848995,0.04056468434886719,16.699447261093106,0.09758149940702107,651.3366053134748,645.93505940895,5.401545904523903,0.02539172529840013,0.029942500416634387,0.3440838187608454,-7.144076104268607e-08,-7.520388588343342e-08,3.763124840747336e-09,-1.1756937052457657e-05,-1.1784226358705132e-05,2.7289305883169724e-08,2.1722944488151157,174.79787363926974,1.4282536575115523e-06,8.711176810372525e-07,0.08646550873697421,214.1809481343858,0.00867785190494495,129.272119490387
499,0.16985169704971492,14.869396133174817,0.03778539647989374,14.763495665312007,0.0681150713829179,600.9993517545275,595.7932503084269,5.206101446100535,0.02574316996141084,0.02898530788498685,0.3349077968438005,-3.6532420863547076e-07,-3.6867713328171577e-07,3.352924646244943e-09,-4.498073298023656e-05,-4.500590907272069e-05,2.5176092212131205e-08,1.3737698970575187,27.331745436373996,1.3656642597477947e-06,1.012872065778198e-06,0.08194043843059208,198.92920831972916,0.008306706985073086,171.93800958887005
500,0.17724566261832894,15.70953214963588,0.04082777238181349,15.577047488895548,0.09165688835851972,760.472532118421,755.2862557592507,5.186276359170496,0.03300920645662871,0.029433509366321463,0.3408302149194662,1.2063779920924845e-09,-6.634560571022082e-09,7.840938563114571e-09,-8.121161400405296e-07,-8.394635010601462e-07,2.734736053364276e-08,0.9560915534346658,279.4599199015445,1.1407580716158774e-06,9.23356645719387e-07,0.0869838051558936,210.28897738713775,0.008962701449766842,-543.5676273273448
501,0.17634901277984177,16.06767041562327,0.038533285330231384,15.943390980026026,0.0857461502670098,579.7852891410922,573.2225593657872,6.5627297753060025,0.029768633410286783,0.029528069893052056,0.3444972849770436,-5.783772333331676e-07,-5.832081479937424e-07,4.830914660574757e-09,-6.86446892453564e-05,-6.867215971714548e-05,2.747047124195568e-08,1.542661371590515,87.62919359697617,1.408321875431844e-06,1.0038455022571576e-06,0.08685462256114057,212.39749895295483,0.00875594619723016,-5.328097988101035
502,0.17831297899168838,15.820842920215826,0.04194735231910178,15.673494374026106,0.10540119387061525,644.691958588945,635.7942230568642,8.8977355320804,0.028359697078776322,0.03374393604664555,0.36676278218697483,2.4882797046733156e-07,2.408698491904065e-07,7.958121276925161e-09,2.5954807984370676e-05,2.59276889644383e-05,2.7119019590487657e-08,3.3516523607739828,-39.65804667803446,1.426733982864519e-06,9.83751750657991e-07,0.09785486758238594,226.1810526062348,0.009113815098900082,456.4828741185647
503,0.17350803042037263,15.876500094784651,0.0408255497660064,15.750196604802863,0.08547794021578135,568.3418272880228,562.8906411393103,5.45118614871405,0.026774274710909478,0.029395247995533433,0.32911136861460005,-2.7923529853018264e-07,-2.8644481044679886e-07,7.209511916616291e-09,-3.3832037744450764e-05,-3.3858121127342606e-05,2.6083382460185515e-08,2.833046557915614,103.25997690175592,1.5043271643737683e-06,9.321856216376203e-07,0.0864088891975513,211.07542795220604,0.00868778839602144,503.2977847437269
504,0.18218302239813958,15.894827284544425,0.03915292358130738,15.768961472611835,0.08671288835128307,824.7004535913543,818.5425835756907,6.1578700156632475,0.02823924546972595,0.03208766013177315,0.3616965204984853,4.528862797394137e-07,4.4896054639779514e-07,3.925733341618511e-09,5.1636897363405194e-05,5.160872947046147e-05,2.816789257551783e-08,1.1422054346062418,29.442621263267917,1.4097567560209053e-06,1.4509411098140532e-06,0.09421037936297569,214.9061094434464,0.008965599769451965,24.104626229118367
505,0.16466224084555847,17.415499070630542,0.044422966238177944,17.294995191940867,0.07608091245149813,554.600740021412,549.1672965170745,5.433443504338191,0.0245898738219761,0.02514897977566904,0.27812813520114116,2.822272054690965e-07,2.7777747255811735e-07,4.449732910979343e-09,3.090087236983243e-05,3.087374007620736e-05,2.7132292982302572e-08,2.6783542315891866,13.39061065763474,1.4689941045607433e-06,1.301092063548524e-06,0.07446365241971749,227.06706754534542,0.009108646490949187,291.02967782493397
506,0.17951589424528572,17.13440261500081,0.04174501085465901,17.002171843458555,0.0904857606875948,818.7921630621039,813.5053781173752,5.2867849447296935,0.03385758544469448,0.03056912930605494,0.33660257673264615,-3.36929790655705e-07,-3.412301616676325e-07,4.300371011927523e-09,-4.1110166202202904e-05,-4.1138844191349995e-05,2.867798870096748e-08,2.156744669241804,129.33475759764437,1.6491335934700036e-06,9.72894932039197e-07,0.0900248150624935,238.42095863892462,0.009267746560265225,157.0909863792249
507,0.17806651693654857,16.301331122529913,0.041887687518105746,16.159904219274413,0.09953921573739209,496.61113180689955,490.34955843141,6.261573375488755,0.0256325291709698,0.028027079184613925,0.3177628846340815,2.7796523591999744e-07,2.729333926596668e-07,5.031843260330542e-09,3.1459717149548925e-05,3.143283629798811e-05,2.6880850960799566e-08,1.649231300946135,41.13150198646015,1.467584387232677e-06,1.3335642252551962e-06,0.08177831513032334,214.82330971353602,0.009115136558569749,565.7890117597271
508,0.15382739115566094,13.58777046049037,0.03758880800815412,13.487433661944916,0.06274799053729607,511.79433374311395,506.0739010510599,5.720432692054117,0.023127666955896818,0.025501540765265843,0.2794038612123193,-3.5519463049766913e-07,-3.6037240875127645e-07,5.177778253607386e-09,-4.307468977737227e-05,-4.3100113947898376e-05,2.5424170036323646e-08,1.6068690284585996,-71.23004312033784,1.182131502751207e-06,8.440419723004647e-07,0.07669587993156772,181.2479201898708,0.008401854831604015,-495.6662384047695
509,0.18208526953258697,14.689203331582974,0.040435240871316044,14.591762143013018,0.05700594769864153,641.1062064471957,635.664438671781,5.441767775415398,0.031201522511580215,0.03452051800018355,0.3957616640880204,4.888599601791381e-07,4.853174949428117e-07,3.5424652363265442e-09,5.5442687772563885e-05,5.5418234847938185e-05,2.4452924231207387e-08,2.4294563812806977,215.48645662424101,1.1261156518101288e-06,1.0372937920467756e-06,0.09854088252177391,197.91705699830155,0.00872431421239452,374.23041102702246
510,0.17341838721573086,16.357942978932137,0.040292561292157,16.232738204807564,0.08491221283241408,626.3843396573828,620.871178218581,5.513161438803852,0.02604747290378618,0.02848748987573406,0.32744165590105645,1.7082552729131893e-07,1.6494276510381137e-07,5.8827621875076545e-09,1.744781581823366e-05,1.742126820408497e-05,2.654761363697688e-08,1.45723177621815,304.4830114005584,1.5199129554633854e-06,1.4997392663515275e-06,0.08508753002870308,219.16821008097446,0.009023449437111843,141.31719272185455
511,0.1548901841352328,14.26582982748783,0.04249207613378701,14.131328209544247,0.09200954180979774,525.8915657309957,521.6746034443189,4.216962286677196,0.02192655594324577,0.023621946924292953,0.2653119517281488,-7.275950747552878e-07,-7.31404372105336e-07,3.809297350048388e-09,-8.829752791988385e-05,-8.832426115425481e-05,2.6733234075335362e-08,1.2271804494710308,97.96145512273712,1.5887640987026608e-06,8.46755661064705e-07,0.0706743587586278,195.7627017623458,0.008343969881521732,-299.089355052427
512,0.1688734412264097,15.660012972445122,0.04407245669927464,15.499386488414753,0.11655402733109546,979.7710319695703,974.3246972200121,5.446334749558867,0.02572934671294885,0.025849280263296973,0.29724036301024437,-2.2910142227691458e-07,-2.3451857570231907e-07,5.417153425404515e-09,-2.9439727038742307e-05,-2.9465997123317095e-05,2.6270084239250756e-08,2.5891590866601906,95.50749246298604,1.1145850361193628e-06,1.2142638029805014e-06,0.07979497458055386,214.2913898469436,0.009429031781778318,393.04895261584716
513,0.17251407838754879,14.801838821142404,0.03514435270208322,14.689795139719118,0.07689932872120177,710.5870581013941,704.5716624031736,6.0153956982214005,0.03098914820008045,0.02875485337609986,0.32922476433557624,3.5999730476027656e-07,3.5538440574851427e-07,4.6128990117622376e-09,4.0812271371952424e-05,4.0785683091820254e-05,2.658827960739876e-08,1.4838946076565955,474.25403118329314,1.4838191084429353e-06,8.728932695252284e-07,0.08416390712695161,193.95095623503667,0.00884728762246712,-923.2666854900172
514,0.1742430832434873,16.002653415624483,0.04696805691214544,15.867528317670816,0.08815704104151889,604.4300923864748,599.0024597145654,5.427632671909425,0.023207816860532866,0.02682762355987232,0.30706244843669805,5.961996917298592e-07,5.918395922314712e-07,4.360099498388378e-09,7.013608289547059e-05,7.010940081276831e-05,2.6682082149838755e-08,3.5498106934484697,245.8348724425409,1.6007229911885174e-06,1.0623866496459064e-06,0.08021109471407474,227.34663520084956,0.009309542756419497,-111.16858569533179
515,0.17014885122569853,15.605642819839977,0.047197074529600064,15.492029887218612,0.06641585809176265,591.0366354322148,586.0487140742009,4.987921358016098,0.03170440546497116,0.028306591961701367,0.32272643882963636,3.916276937599341e-08,3.3447438209193066e-08,5.7153311668003574e-09,4.960504943137357e-06,4.9337665038421644e-06,2.6738438761722987e-08,0.9653948092959147,22.321061910948767,1.5679493534380408e-06,9.959818005987082e-07,0.08253923635993402,205.9367381297103,0.008954822477587894,-255.64748245687406
516,0.17571618294059488,16.322938134562367,0.0412463710317718,16.193293277620565,0.08839848591002875,654.0652523974542,648.7509263171802,5.314326080273201,0.02696109438443299,0.02966984382834797,0.3255776269672461,1.3399106254610695e-08,8.26754163244494e-09,5.131564622165763e-09,-1.3009925589261962e-06,-1.329314188176389e-06,2.832162887326138e-08,1.0623331256313788,260.3090112305224,1.1905611198050063e-06,1.2015681383654273e-06,0.08647283174654549,210.29596842773782,0.00914645336805227,628.402344125333
517,0.17346742997573916,15.561425558917021,0.03935512265212757,15.42642125864834,0.09564917761655571,558.5896096266948,554.4890623942323,4.1005472324626036,0.025712641839544626,0.030899782878524754,0.35431815630858554,6.716903686694131e-07,6.672117236190832e-07,4.478645050329686e-09,7.913344917806923e-05,7.910752468268128e-05,2.59244949411663e-08,1.7823315156398172,47.1916852423528,1.4226300909095804e-06,9.517847008863496e-07,0.09218992878900234,201.37864014680582,0.00850623248958827,498.52594688905083
518,0.161017341773145,15.152149672611888,0.038240044615103164,15.021663484085362,0.092246143911422,623.8090599717009,618.8439452428946,4.965114728804649,0.029627804948193448,0.024768646334182312,0.2892995510739743,1.8660225602793133e-07,1.8112621673955608e-07,5.476039288375204e-09,2.1333434588738752e-05,2.1308424560536253e-05,2.501002762838865e-08,0.8978622088276428,-60.4095824380539,1.0724171082188857e-06,1.2731917068904317e-06,0.07284142509764323,201.5258437672128,0.008615496486739017,-52.91590799698133
519,0.17888584773120883,16.13136806359121,0.042951919928200105,15.991279693708403,0.09713644995461045,866.4134376866945,860.4579675197058,5.955470166988808,0.03051075518603924,0.03216152839660362,0.3571161165878024,2.0670743108477243e-07,1.975053982611335e-07,9.202032823638947e-09,2.2788042878839628e-05,2.2761875105295338e-05,2.616777298735929e-08,1.3554226013025943,85.85489656549323,1.5022377126368095e-06,9.500076359958452e-07,0.09288248132166957,221.13145275284157,0.009765030443202349,380.6598696606443
520,0.16220198703894972,15.474183306591874,0.04128909125898617,15.334340617659825,0.0985535976730628,543.845148277521,538.1230125011144,5.722135776406305,0.03757787248126464,0.024346184276959247,0.28155564950660134,-5.431731654714472e-07,-5.493381778812452e-07,6.165012409798373e-09,-6.65656070416337e-05,-6.659298860732314e-05,2.738156534822585e-08,2.653304749351344,139.1538251605802,2.73007315368301e-06,1.2604939301005952e-06,0.07109808582978944,205.54263751767013,0.008782615759520511,341.21075150796696
521,0.16501780217998704,15.978028744703831,0.038398676428458386,15.846030136121755,0.09359993215361584,737.4145822480343,728.9042459157595,8.510336332275175,0.03359952390775363,0.025812119429523578,0.28117907020053406,-5.055702480896622e-07,-5.134312568756382e-07,7.861008785976067e-09,-6.193750014545637e-05,-6.196307806073316e-05,2.557791489759635e-08,1.005152812596366,29.153785728486078,1.6249245948491871e-06,8.882604150743628e-07,0.07584702547812586,209.40741460792674,0.008662102099058286,267.55223863025367
522,0.16088614696066203,14.729402944725024,0.043788164063260804,14.600611607242344,0.0850031734194169,481.8581476111248,475.71985428332965,6.138293327795107,0.027944408931750365,0.026467693240901327,0.29156159951388955,-1.0161123761099109e-07,-1.082160062129991e-07,6.604768602008046e-09,-1.3249773189950597e-05,-1.3275544505266531e-05,2.5771315044414296e-08,1.0981016855078578,-10.661312542414887,1.4108226889352858e-06,1.2358485953551644e-06,0.08382979519239231,211.95130411093695,0.008610403733254307,-526.1309637613367
523,0.16700704415660972,16.420828345024127,0.03865634911602043,16.289601892088307,0.09257010381979772,945.7160696614807,940.5863128243509,5.1297568371315,0.02870904137201517,0.02691380433648857,0.3034175045125472,-2.5262447530197156e-07,-2.573705197011224e-07,4.746044399150758e-09,-3.082949870487574e-05,-3.085625914035838e-05,2.6760435056488295e-08,1.1911967049259462,32.50768136406119,1.75872341733429e-06,1.4372775275142084e-06,0.07767467735557988,217.24644989424078,0.008466595181824904,690.3658457477723
524,0.1802178857056382,17.83595285137879,0.04887039218262466,17.701103038732462,0.08597942046370323,624.3926084474406,616.0103588593329,8.382249588108833,0.0368658784473076,0.029131095863316255,0.3259615701597314,-1.6788512925204822e-07,-1.731403281007906e-07,5.255198848742331e-09,-2.1382630567565627e-05,-2.141094465234854e-05,2.8314084285761942e-08,5.65028242674162,202.3239944779223,1.672904659142474e-06,9.745746757875122e-07,0.08611806743288507,233.68710788340272,0.00948171932886492,-756.784233196011
525,0.17728057751313167,16.09495573620493,0.04072175989843034,15.976994376523598,0.07723959978290078,584.567054126573,579.8791301791713,4.687923947401994,0.03051173401735026,0.03232209734731064,0.3629788026365515,1.6980403775983885e-07,1.6504621301364365e-07,4.7578247461951634e-09,1.8745102711895054e-05,1.871788612562286e-05,2.7216585970485784e-08,1.122748663536284,49.21793592117251,1.1533741578032793e-06,1.6138157535334423e-06,0.09321102301421788,218.25029870739417,0.00946209011692163,-274.81056247709876
526,0.16222403751414674,14.933033728513038,0.03759496916240763,14.808338681244226,0.08710007810640129,712.877054665167,708.3155637728903,4.561490892276175,0.026732476048702537,0.027348973968657028,0.3032800523362999,-3.1315756547650817e-07,-3.18665827386513e-07,5.508261910004854e-09,-3.994008242104306e-05,-3.996673124998322e-05,2.664882851974016e-08,1.4494527506140127,117.63194602156135,1.6309952515437792e-06,1.0941402008970398e-06,0.07866142152899273,192.94344950424795,0.008515715471174606,447.3792832875597
527,0.1783935423531538,16.88331107627673,0.04331931582131176,16.737596660615928,0.10239509983948987,834.1614771409918,828.9609314032687,5.200545737723291,0.041762601515280405,0.030398466770503674,0.34593033091009207,-1.932849304366154e-07,-1.975311852814101e-07,4.246254844794704e-09,-2.5148413749942457e-05,-2.517613698331637e-05,2.772323298542523e-08,1.6582935115422242,388.82388607892494,1.5935624153907268e-06,1.3546358038439767e-06,0.09136146026450027,240.70548997369804,0.009549400521712303,-3.354439423814256
528,0.19379419081612093,17.196519805682165,0.03933812446133774,17.079810267165968,0.07737141405486239,897.1724668622829,891.7368777670056,5.43558909527756,0.024693910169790646,0.036607249589968936,0.41090766788543914,5.005631970997041e-08,4.409745685911821e-08,5.958862850852191e-09,4.69247641288063e-06,4.664986614931368e-06,2.7489797376382526e-08,1.6942467298455264,188.166126156646,1.279844729937491e-06,1.0034179804285915e-06,0.10221452356937819,225.68878154247028,0.009903065032794044,-436.56622851834163
529,0.16076388622050183,14.163708169796992,0.03899695277500368,14.037102118883903,0.08760909813808201,645.8457978004255,639.6689177629485,6.176880037477216,0.029060554927636588,0.026163320162647805,0.2994926694606015,4.880961864699007e-07,4.840486087688761e-07,4.047577701024549e-09,5.188916566140471e-05,5.1862491226930835e-05,2.6674434143028803e-08,1.0173259790947657,151.8443969406331,1.1989258554014343e-06,9.570495827782255e-07,0.07605938265584916,185.45377456557227,0.008984299045422446,359.9455471059973
530,0.17209009029739378,16.16272450686339,0.03794210674762794,16.028861053960366,0.09592134615539669,557.6105822189874,552.2125651423704,5.3980170766179025,0.030089216334756665,0.027984883311466254,0.33044562503805214,-5.574781953040932e-07,-5.632461943905052e-07,5.7679990864120146e-09,-6.909852361220096e-05,-6.912445254789491e-05,2.5928935140235674e-08,1.6274349601975966,58.224291438577346,1.3620051071228374e-06,1.0516807493284806e-06,0.08105543791812918,208.9671707068148,0.00835283713247739,-78.94538461852062
531,0.16792150676792977,15.34912254280767,0.041421805476796685,15.219476801218049,0.08822393611282539,609.3263781558716,604.336803680756,4.989574475115265,0.022597872624961338,0.028172566365078876,0.3262973758000313,4.6581461775847563e-07,4.5969962832161263e-07,6.1149894368630124e-09,5.398503527988943e-05,5.395744897944846e-05,2.7586300116244852e-08,4.256578238074277,87.119751274139,1.1718645932689672e-06,9.232191919163718e-07,0.08318209367640511,204.82647117506266,0.00931219440511241,392.80798541683725
532,0.16124367633789624,13.365637501259048,0.03733428348090168,13.253956845258935,0.07434637251921151,591.3370117346992,587.2347138514613,4.102297883238651,0.03075972482485535,0.025879066944016798,0.29967915900064745,-1.2230586214467374e-07,-1.2648240568812675e-07,4.176543543453003e-09,-1.6392784769309475e-05,-1.6419028914960714e-05,2.624414530537741e-08,1.4138228284227297,4.131594673605068,1.0956416906964006e-06,9.43262911789656e-07,0.07456878729989908,182.08765115148253,0.008273974772297204,325.5219983347779
533,0.16848706000550537,15.043431252844547,0.03899847311202849,14.935641202404875,0.06879157732763891,618.5551929433307,613.3480076161131,5.2071853272182285,0.029699812787797795,0.029189796171350136,0.32206429285641675,3.0354105013975787e-07,2.983010078014625e-07,5.240042338295462e-09,3.435295151261029e-05,3.432758053826318e-05,2.5370973986674006e-08,3.5032305544360876,-55.132844901180434,1.3008881200423703e-06,8.857399943193705e-07,0.08354165364624368,202.33254979077367,0.008595593952388117,283.3853680498987
534,0.17124498064375415,16.094317659795493,0.03720359604246243,15.986295614490478,0.07081844926254989,766.4423194124873,760.9240180192422,5.5183013932462455,0.031927123123853596,0.028019216430695045,0.3219481522215675,-6.140238247446625e-08,-6.60234283513255e-08,4.621045876859255e-09,-8.965208688055705e-06,-8.993645526383077e-06,2.843683779711033e-08,1.8833884655666688,52.76050124878922,1.2815083087032061e-06,1.0886707517896504e-06,0.08316493599701971,213.8063411174492,0.008841158031473704,-86.19734556431104
535,0.1820089569198297,15.82369687249856,0.04112591883040319,15.694046114147307,0.08852483952085093,571.465594362483,566.59304286079,4.87255150169368,0.030840714259507563,0.031897341823694525,0.373632803881997,2.3181170330568574e-07,2.2731306643565355e-07,4.4986368700321715e-09,2.626519089249128e-05,2.623697385131486e-05,2.8217040692185713e-08,2.6761391660495524,228.06689955968235,1.6996842180585087e-06,1.0994192001982245e-06,0.09264340606586338,203.36606233530148,0.009331684965062417,-867.3583559485796
536,0.1644361375283802,15.437069722072918,0.04128081746934506,15.294346362699189,0.1014425419043825,608.5659307142976,602.3780535375753,6.187877176723057,0.02887826133579476,0.025462366139369527,0.28070028825986443,-1.3826775479142927e-07,-1.4252327952697836e-07,4.255524735549158e-09,-1.718110767854459e-05,-1.720807081462699e-05,2.6963135555602743e-08,0.828514370132523,-85.34936773856778,1.3087200823449794e-06,8.886540341249476e-07,0.07499849484001701,207.26913631183038,0.00904534570024354,347.006949777553
537,0.16504085160431545,15.021149747794007,0.0380697977984511,14.9000397588985,0.08304019109705725,592.1750857928315,587.6293160914361,4.545769701396289,0.029418864874139083,0.028450984655075267,0.3168003665680412,2.147131810113797e-08,1.7384094429374612e-08,4.087223671763365e-09,7.195962553541359e-07,6.94677561798308e-07,2.4918693201901815e-08,3.6692698226223746,105.85684503344096,1.1171931069206455e-06,1.2222179179586973e-06,0.082217590433851,202.06583181592,0.00917835329248456,417.3262860808936
538,0.15803467286858905,14.878564080333067,0.03898889928589922,14.759020543079362,0.08055463796780407,689.1909713354186,684.0263789980733,5.164592337345458,0.026660703362325178,0.02688943694208536,0.29719914270039316,-1.471691407293333e-07,-1.5181168934259012e-07,4.6425486132568455e-09,-1.84641704857129e-05,-1.8491253776348656e-05,2.708329009749974e-08,1.3382879571675734,146.0514849997371,1.4182908659367099e-06,8.797784675322252e-07,0.08019937201209379,201.99065690080027,0.008798382263474205,-138.2462338251362
539,0.16134301586524824,14.920454088677605,0.03416339045860339,14.81415071588506,0.07213998233394306,651.2838241682697,647.076765619791,4.20705854847878,0.03321643913119814,0.02367374266061168,0.2772770873952307,-4.3658155970529077e-07,-4.4095606747276633e-07,4.374507767475557e-09,-5.547779518803726e-05,-5.550446506696244e-05,2.6669878349285243e-08,1.5790564051028015,24.638499455641714,1.024905207905332e-06,8.855763468071253e-07,0.07131104798603322,194.52643481397786,0.008547260880276325,329.2468899106443
540,0.17942483641877788,17.065213170240526,0.04250976046555187,16.946719032744205,0.07598437703076528,528.9796143295193,524.2460092415209,4.733605087997995,0.029628447398551847,0.032835071597974864,0.366318502149827,1.2426352203009346e-07,1.1978673639693513e-07,4.4767856331583675e-09,1.4585309694157163e-05,1.4559748406478594e-05,2.5561287304113153e-08,5.6874517709636105,208.06895024851272,1.7832695194065015e-06,9.300863064045328e-07,0.09599636299390125,225.70920237253267,0.009359371736069476,796.3782851717115
541,0.16965639267683263,15.93557113366381,0.03853302425673175,15.802933071703988,0.09410503770308876,533.889304226616,529.314084190741,4.575220035874566,0.03428292539331559,0.028874255515634217,0.3277642426096656,3.023040290735645e-07,2.9698205765277806e-07,5.321971420786509e-09,3.366499149058354e-05,3.363911657680576e-05,2.5874913284503432e-08,1.2227114792337648,93.69431585600755,1.216673654023025e-06,1.0140820400677984e-06,0.08652819064238924,221.0989409554921,0.008364791165624198,855.8129770850455
542,0.16476107872833315,16.053536361288515,0.037630267778850646,15.9523744401761,0.06353165333356306,557.3208014660918,551.7265889977712,5.594212468320343,0.027129267823079,0.024135012787920785,0.281858642739001,3.269540031894288e-07,3.22096670653403e-07,4.857332536025836e-09,3.7635725866413615e-05,3.760839605916616e-05,2.7329806908354306e-08,1.2755470075289632,52.48224057375998,1.4325128485022643e-06,9.421953077864407e-07,0.071438710829855,208.0299775666071,0.008737675028441005,-579.2011405562171
543,0.1755138475316005,16.610795666043842,0.041101960806885295,16.483494294136168,0.08619941110078744,641.3965576919855,635.1170770716905,6.279480620296035,0.03858616308101204,0.03000665450017787,0.343285910087817,2.1240492880629533e-07,2.068361634466377e-07,5.568765359657652e-09,2.3902007064145783e-05,2.387534470833804e-05,2.6662355468535337e-08,4.167732852174469,94.96639707370997,2.912653375504531e-06,9.006269352100326e-07,0.08849115937526192,213.50635216430285,0.008947988460793034,-355.6797876561868
544,0.1681644939158867,15.518440793596044,0.039814487630739775,15.397393402070866,0.08123290389443864,705.3131284808898,700.1955669778481,5.117561503042434,0.038879665035994194,0.026437748562312516,0.3076928503973868,-7.637470846320201e-07,-7.678734290027111e-07,4.126344370691284e-09,-9.067155186120403e-05,-9.069851108431115e-05,2.695922273222871e-08,1.9977019099235358,292.99767509410754,1.415651185715219e-06,8.838850109115893e-07,0.07771245189886025,204.5430266685073,0.009104000127071224,-175.77692642390957
545,0.17967713754087877,15.846805812375587,0.04305441798994199,15.735354071059168,0.06839732332647878,645.2728481827583,639.5160320806038,5.756816102154227,0.026333267173889355,0.033831002056236945,0.3786284387293547,-5.247452332935725e-07,-5.303227212288656e-07,5.577487935293239e-09,-6.32815826714791e-05,-6.330754169594146e-05,2.5959023939807935e-08,2.8244665759446974,200.76829255673962,1.7652666220966176e-06,1.1124255396665873e-06,0.09607236314065239,209.3273394355784,0.00944728589858935,-80.57294800304317
546,0.14251920862684503,12.78472142822839,0.03453700582198966,12.684134309873443,0.06605011253295799,565.0019487904046,560.1659995948556,4.83594919554921,0.02549408320335869,0.02118245622543494,0.24431289646186494,2.551432421766072e-07,2.4671057416132874e-07,8.432668015278503e-09,2.7152506318574517e-05,2.7126617688826307e-05,2.588862937263956e-08,2.6288421891788394,246.39685889011542,1.2288186039021081e-06,8.347748421342309e-07,0.06345444450270436,180.57250601301266,0.00811558505674283,-398.94574220915
547,0.15913843896004248,14.932322776103922,0.04181488020207601,14.802996046602981,0.08751184929886544,787.169482852715,780.4808075829104,6.688675269804632,0.0312254348210187,0.026855457569977675,0.2960691847466917,7.789897474142111e-08,7.288182145965516e-08,5.017153281765955e-09,5.442829160689688e-06,5.415524797972201e-06,2.730436246227753e-08,1.5464993843342905,38.925989843757286,1.1389121418307685e-06,1.0548087529980592e-06,0.07966931884401124,191.93424441308065,0.008062029446975679,340.83128199409293
548,0.18180965326546017,16.133480054663025,0.03816259581737247,16.018132493845094,0.07718496500056052,677.356151517685,671.029752567268,6.326398950417714,0.0338509004755975,0.03345705495029172,0.3817293850633043,2.9438641161779982e-08,2.4021355056137808e-08,5.417286105642187e-09,3.2641773921453112e-06,3.237024885832935e-06,2.715250587947278e-08,8.622373618148341,61.06161779867386,1.5475312493772752e-06,1.226798034761175e-06,0.09681221176491132,221.5072193781508,0.0095253730093924,-158.49191086871997
549,0.17676192401470386,15.672232622789126,0.03757459772672461,15.558753095849282,0.07590492921312063,609.6296376326516,604.4803242385497,5.149313394102603,0.026598285748113015,0.030130280799404826,0.333116674743904,-7.476330801446262e-08,-8.082646218327021e-08,6.063154168807616e-09,-1.0483088436679237e-05,-1.0510086678643832e-05,2.699824151638678e-08,1.942543137167454,14.504894594169746,1.2214093887869576e-06,1.4074732658362229e-06,0.08778969897443423,208.12722117402498,0.008870093785204737,307.00360353908763
550,0.15810816748138912,14.737259281106109,0.038593922752317746,14.623943980436662,0.07472137791713024,489.80168021558177,484.85448790577306,4.9471923098086,0.02395234493011143,0.02495305004916048,0.281680551047459,2.0050147087497872e-07,1.96600091732588e-07,3.901379142390727e-09,2.2669206286373087e-05,2.2642914263439388e-05,2.629202263611538e-08,1.5372425942084047,222.7578522575516,1.2781662747191809e-06,8.087332106244382e-07,0.07406752437461399,189.4603310261504,0.008319834413091715,-232.42901518618874
551,0.1639946259083152,14.644073764247784,0.04140486643510579,14.523201093379539,0.07946780443313899,559.4680182765463,555.0053215915782,4.462696684969137,0.02849769945710315,0.029059581629052034,0.32000191810207934,3.868826385883021e-07,3.814143760852662e-07,5.4682625030359595e-09,4.495154970895165e-05,4.492557134393342e-05,2.5978364669861474e-08,1.0050259082333257,59.180044167472,1.3392033817168121e-06,9.535135286835068e-07,0.08395400870073232,204.01816153113995,0.008657065823885566,-37.19507353485642
552,0.17048140259970163,15.374042879536653,0.036542246405589666,15.240716003809672,0.09678462932139137,724.4310509091517,719.7740384433525,4.657012465799963,0.02093513579370872,0.028408295041832926,0.3125322537203151,9.367163348766964e-08,8.796199278972684e-08,5.709640697942817e-09,9.53759422228921e-06,9.512302172536531e-06,2.5292049296627624e-08,0.8982845710086887,-117.56890614973,1.2035863235946896e-06,1.0065413898180487e-06,0.08468249575530006,200.27835512561575,0.008794428140288304,341.89565351413876
553,0.1797082127704071,16.544745551127843,0.04173341918996335,16.407020821703362,0.09599131023451749,606.470421087728,600.7215985796788,5.748822508048763,0.029147005621066646,0.03475284261756807,0.3816401528993039,1.8145441898056074e-07,1.7460647341288707e-07,6.84794556767364e-09,1.877484487461371e-05,1.8745073458671252e-05,2.97714155116211e-08,1.2400114994893114,134.09383540035694,1.3449103947940799e-06,1.1073709837151576e-06,0.0991229768449019,220.98430029237193,0.008915005205903248,-683.0131140234935
554,0.1864344812052167,17.837952697870627,0.042431801703989996,17.719104267938015,0.07641662822862107,760.7477077765038,755.6606148869586,5.087092889545381,0.03242828916692496,0.03028336888658601,0.35173489832874605,1.9609812911748993e-07,1.8969887209146672e-07,6.399257026023236e-09,2.0510436708154877e-05,2.0483905565981733e-05,2.6531141577370214e-08,1.9198191381644563,272.92768783948344,1.4364363873442847e-06,1.2879126474736333e-06,0.08821089924681691,227.32691269168538,0.009411098136069388,-224.714250033604
555,0.1871188893723934,15.770456515557774,0.04019334657905277,15.628113233944346,0.1021499350343759,503.32441242538994,497.5974479926372,5.726964432752743,0.024294107273760628,0.03313914920225621,0.39286761495147654,7.923269113810072e-08,7.485914754025425e-08,4.373543597846496e-09,9.318773990211779e-06,9.292120094134178e-06,2.6653895558879374e-08,2.3717874982516545,-43.65641142913323,1.339208563321144e-06,1.1296876945613207e-06,0.09710709748232321,217.9841686502955,0.008509033091174385,-457.0792247286672
556,0.1735480910333053,16.507716523574974,0.04304955306983174,16.371547049873914,0.09311992063122683,539.8844258649656,534.9795748597005,4.904851005265148,0.03196351131522715,0.029637724332926805,0.331238514431923,1.5386847774497577e-07,1.492900604004456e-07,4.57841734453015e-09,1.670381616775191e-05,1.6677188776822963e-05,2.6627390433084474e-08,1.0768183873595947,-222.470215008814,1.2501279830504748e-06,1.1583295858603143e-06,0.08825229949479489,220.71488543966254,0.009200774056170076,395.0609199472701
557,0.1738407038206459,15.556763757071092,0.0408585082080714,15.443297168411206,0.07260808045181537,848.2642106015423,842.2865156728835,5.97769492865921,0.02578454047488062,0.030448674118412712,0.33189822191706453,3.3345947587588334e-07,3.2660845242666286e-07,6.851023449220681e-09,3.6082795228416704e-05,3.60573613848235e-05,2.5433843269047804e-08,1.4182731967363955,232.6977142992509,1.3575686838205544e-06,8.974184180399212e-07,0.08784846421247015,216.46415943185212,0.009449134063907582,-560.9739864028888
558,0.18264917832825855,16.687661502162296,0.04479847211468416,16.540552419306394,0.10231061074121829,712.4808556767496,705.3550823569424,7.125773319807186,0.0311076773211908,0.02966882263113896,0.3583418504936459,2.437207003505739e-07,2.367028628378612e-07,7.017837512712843e-09,2.7879535529055e-05,2.785284549498447e-05,2.6690033495651854e-08,1.641946264887482,136.91528027020604,1.7404907635082295e-06,1.0902631542383001e-06,0.08727146370533934,227.61755952838072,0.00961739239454517,-146.7921617411248
559,0.1792939143777723,16.525106627090405,0.04358804795571665,16.409808384971342,0.07171019416334665,549.9026759790403,544.2044513055067,5.698224673533087,0.027090508745994203,0.02956804012845116,0.33469811507590075,-1.2226170209284303e-07,-1.2644036513577413e-07,4.178663042931071e-09,-1.578418500456488e-05,-1.5809676735367577e-05,2.5491730368921267e-08,3.889860224889402,-197.30001749866668,1.1578156215478772e-06,9.013040338013755e-07,0.08628501281483422,217.72256021943548,0.00895550373637159,428.6788722507863
560,0.1813647622691729,16.575213617569222,0.039519020466724154,16.48552702529752,0.05016757180497289,566.0857865385049,559.7370787225449,6.3487078159599895,0.038091873935858674,0.028918165277644306,0.3399341002398125,1.2141908686484343e-07,1.1610511227487385e-07,5.313974589969574e-09,1.343356417396392e-05,1.3405671163753815e-05,2.7893009771551863e-08,1.2009892306844154,49.25971542672571,1.460425392565195e-06,1.1050624948746756e-06,0.08903749188426154,222.24108576356056,0.009329239817471338,-1010.9682597810743
561,0.1712237559832867,15.84722148648066,0.03744851541792965,15.728025423265262,0.08174754779747014,598.91431072329,591.8595851098204,7.05472561346957,0.033712159370815536,0.02698505787166634,0.3145860227838855,-6.671938324224826e-07,-6.716193604239866e-07,4.42552800150406e-09,-8.041883696728345e-05,-8.044662027721424e-05,2.7783309409236905e-08,1.2092708430389807,-148.37222803939818,1.9374417738447283e-06,1.0420558882755123e-06,0.08050211554184923,203.64259017986365,0.009033280031765924,-516.8432319507065
562,0.173467208244303,16.504206040927055,0.04334021089134296,16.361163062434745,0.0997027676009676,622.3337062286992,618.0138692385585,4.319836990141153,0.025448257330518777,0.028886983997223625,0.33124875634108825,-1.3177018702761456e-07,-1.3715532579312203e-07,5.385138765507522e-09,-1.653713295033203e-05,-1.6563132758405035e-05,2.5999807586310624e-08,5.678880016326761,146.85154793797557,1.5212936633721828e-06,1.25285638203364e-06,0.08275120575718989,221.60251152999973,0.009178770885697112,412.05974968753435
563,0.16996846727708947,16.548732724121283,0.04547022513281936,16.396768946717653,0.10649355227080669,836.5911658169142,832.1736283367825,4.41753748013171,0.022323610293939027,0.03073475705253372,0.3328233813163632,3.337149511848031e-07,3.282153547471276e-07,5.499596437675479e-09,3.751151458040655e-05,3.74832375788571e-05,2.827700116227278e-08,1.5315131928929029,297.05113075001015,1.1814102275312681e-06,1.047035962454427e-06,0.09119111291946895,231.52774697294547,0.008730887442548716,-784.7215884510451
564,0.1676823246999164,14.951870229532858,0.03829854409287152,14.825384791090897,0.08818689434908902,676.8941970740398,672.1292463335722,4.764950740468102,0.028347125957220318,0.027359522574130657,0.3056895093717515,5.574057655970945e-07,5.526230429659672e-07,4.782722631126906e-09,6.35904551920122e-05,6.356552108209366e-05,2.4934109460487323e-08,1.4472919967017956,84.48829322451991,1.3461827416139213e-06,9.385196970445249e-07,0.07884677777420271,199.82406779232923,0.008798673375061057,-100.30503403273178
565,0.16004760395233536,14.350308824132961,0.03796055395076471,14.223737682834516,0.08861058734768218,538.6963908823378,532.7773180028993,5.91907287943743,0.02608234114178621,0.028642805899033296,0.3136113387428959,9.789704648335313e-08,9.433599581520816e-08,3.56105066814495e-09,1.0381154017256683e-05,1.0354930771593903e-05,2.6223245221306238e-08,1.5273056988190779,197.66219032393613,1.237971918170374e-06,6.896457716695621e-07,0.08315202164385,196.51477317071777,0.0087207437796076,81.2904998308677
566,0.17840370627645097,16.937416783052104,0.045788083316401655,16.83373683806779,0.05789186166791029,838.8338104457246,833.0372615361399,5.796548909584558,0.028509806101156783,0.030253378925629952,0.3338703189248419,-2.0436974121505694e-07,-2.084715181003281e-07,4.10177688527118e-09,-2.5531514457026313e-05,-2.55582446797124e-05,2.673022218897957e-08,2.505676899231311,232.58257171642893,1.3635910817641498e-06,8.969079182828925e-07,0.09121968033939405,227.26040304081923,0.009431086917735984,326.9190288970267
567,0.17472790103297328,16.7086488410923,0.04677742094650409,16.56716905186612,0.09470236827967828,708.306509514942,703.5322144864867,4.7742950284556,0.037927966858598304,0.02863823164591551,0.32507390705187506,1.0226773678462962e-07,9.67751427913541e-08,5.492593993275475e-09,9.846083646237357e-06,9.818776284320718e-06,2.730736147500304e-08,1.8482377831762329,251.44881315335,1.6553625953012748e-06,9.594098903534035e-07,0.08744463289537324,233.62105087780895,0.009736306235425584,219.303601866588
568,0.1756878501801593,15.623565776227501,0.04487099473673877,15.478677418313774,0.10001736317698852,709.5956761135595,704.4928989911886,5.102777122370629,0.04048885814025947,0.025812886785878564,0.31791283455152985,2.7357521570639117e-07,2.686051793332833e-07,4.970036373108128e-09,3.265127651691707e-05,3.262287070469832e-05,2.8405811850432245e-08,1.2301963177994713,228.28595958778033,1.248475261662781e-06,1.1196665689027884e-06,0.07634551188173817,212.24440613519766,0.009381186971255753,185.58750667396635
569,0.174869336079233,15.637768563751107,0.042591097689885296,15.495394448325769,0.09978301773545367,595.5246103087998,589.538505691787,5.986104617012365,0.029514799705826614,0.030307700286756504,0.34340936101316305,-4.921129665992909e-07,-4.967383845552537e-07,4.625417955963028e-09,-5.9908338070439545e-05,-5.9934445203146334e-05,2.6107132247449872e-08,7.609808408306149,222.6185144250475,1.3724416011742593e-06,1.143734309304243e-06,0.08809381066083413,208.14839626156015,0.008847386998685666,-136.25715634626522
570,0.166572368717796,15.35859813357824,0.039403569580519014,15.234174081143374,0.08502048285434814,511.8925608648071,506.137127272476,5.7554335923314275,0.02456302026972164,0.031104028650652944,0.3449256419511549,1.0187730952362959e-07,9.831562843925798e-08,3.561681084371621e-09,1.024336394669982e-05,1.0215774777828468e-05,2.7589168414219907e-08,1.2737443523485785,57.991405841016935,1.0642142200036726e-06,1.1691626905856436e-06,0.09091562059275347,201.91696085177114,0.008512656576850505,-834.6886114806775
571,0.18438779828633095,16.767711031420472,0.03838177584808546,16.640950762598067,0.08837849297431977,619.336594921271,613.9602388962105,5.376356025059571,0.021824204036337336,0.03251267972025748,0.37188417501019005,5.729495261152533e-07,5.663082951359471e-07,6.6412309793061874e-09,6.583955858544947e-05,6.581151129509151e-05,2.804728989533693e-08,2.502034864324989,-10.1822736093527,1.5151320108203173e-06,1.2769286132579373e-06,0.09567253602766536,226.31045027823228,0.008960388016714192,109.71361175898892
572,0.16624851371798852,15.49481646132508,0.035683959757856175,15.36905232222185,0.09008017934537636,588.7882015004001,583.0034452449424,5.784756255458726,0.04305197736509914,0.0266640019648761,0.29859118200111,1.522850331046743e-07,1.418234739803717e-07,1.0461559124302555e-08,1.445230571266629e-05,1.442382744421726e-05,2.8478268140468898e-08,2.1623873992994938,57.46053397558499,1.3342912910891919e-06,8.087204964376074e-07,0.08209108278988969,194.68249975577214,0.009168786239727075,71.65643080384234
573,0.16690150211006166,15.893257124583297,0.04050256078423111,15.766817375978917,0.08593718782014476,558.8688201350781,553.4257326711974,5.443087463880717,0.03467048907646106,0.027240351827887452,0.29637434155510206,-1.4385925976985748e-07,-1.5005540067145342e-07,6.19614090159586e-09,-1.7910796475009474e-05,-1.7936119457776142e-05,2.532298239190569e-08,1.6709912608238222,289.0819916340839,1.5812574728378404e-06,1.0856476729693608e-06,0.08158099455387784,221.32637560066357,0.008898407276699265,-53.263652327771524
574,0.1613444808183693,15.43575712538526,0.03796956627453513,15.325526214038948,0.07226134507177655,612.4266492727321,606.9588359064354,5.467813366297203,0.026670812492985828,0.025128739330615584,0.28032996858220793,2.409455781507453e-08,1.644613900720826e-08,7.648418807866297e-09,3.568895829686225e-07,3.3086209717574893e-07,2.6027485276603e-08,1.8071077595049592,201.72213120819032,1.4606486617339494e-06,9.448309374812696e-07,0.07431082250702105,207.9318490193471,0.008641316819808956,35.31894053270116
575,0.1730045925695638,15.764245519846487,0.03856725837848774,15.616298023882994,0.10938023758500302,650.0590039544976,644.6977002663436,5.361303688154782,0.02386226962944171,0.028953770483921646,0.31508971207886477,-2.3012485921549444e-07,-2.3746925734786926e-07,7.344398132374772e-09,-2.8451603315893425e-05,-2.8478339849382998e-05,2.673653298520224e-08,1.9984016757508622,-14.852516436679444,1.642113770438452e-06,1.1328226971226756e-06,0.08630122477025053,207.47099580128884,0.009045770768810382,217.66103535342518
576,0.17065570184784226,15.429610007386751,0.039526971456599,15.310494046506161,0.0795889894239915,893.1604710152916,887.7461162294771,5.414354785815795,0.02273013455165427,0.029948228279043185,0.33525402943703303,-8.864408342253616e-08,-9.410210753089263e-08,5.458024108356471e-09,-1.3398966943387523e-05,-1.3426372962785088e-05,2.74060190437524e-08,0.809734072336888,-5.709442915398864,1.467462017449817e-06,9.580894480176384e-07,0.08915278155241091,204.26343575769226,0.008943541024319946,161.05869234837337
577,0.16683285536320827,14.465609245895577,0.03814528015524415,14.349940507426014,0.07752345831431906,548.4678086894884,541.8089110569387,6.658897632550131,0.03383626079799804,0.02574778399966927,0.28909808859574276,-3.949198769029697e-07,-3.9911761019281366e-07,4.197733289843797e-09,-4.6574375870483424e-05,-4.6600528424705246e-05,2.615255376725568e-08,1.390861477861911,171.71923671289392,1.4865018078339397e-06,8.754737935815611e-07,0.07664245581224424,193.19133583739648,0.00819191878074821,271.8471256732273
578,0.1679607146404016,14.960847341820656,0.03545376650358168,14.855269519955,0.07012405536207404,616.8528204121006,610.6279388257838,6.22488158631732,0.019654305432643692,0.029609697744610926,0.33920714415967457,1.0099588045917401e-07,9.536290464243169e-08,5.632975816742295e-09,1.1463835863402636e-05,1.1438459639684374e-05,2.5376223271600496e-08,4.259328012264913,95.02718083606936,1.3240344959368943e-06,8.187203530627808e-07,0.08638281383714741,200.21417243193184,0.008490626545516222,1.1068154897311615
579,0.18080242618435238,16.17975117584998,0.03942418088392833,16.038168828348084,0.10215816661796592,604.9343811060406,600.4206664095678,4.513714696472594,0.037107306268484144,0.031022062140551726,0.3505736643359104,-9.176410094485805e-08,-9.858492337385115e-08,6.820822428993072e-09,-1.2178593811712153e-05,-1.22057345892721e-05,2.7140776886987153e-08,2.6053336599683083,93.42790488000449,1.3145134628049714e-06,9.626930932414755e-07,0.0898028922620144,219.57278954524227,0.009012271192076078,-760.8358498928674
580,0.1772767161252135,17.30273425414901,0.041855755958832105,17.195285507622245,0.06559299056793319,520.7811807732606,514.6830171677802,6.098163605480271,0.03084011941912026,0.0293469606863733,0.32747013432281463,3.062912757622719e-07,2.9982917540617573e-07,6.462100356096094e-09,3.4155404009300163e-05,3.412796862470855e-05,2.7435383994869075e-08,1.1650543335310029,82.99847272409286,1.3118927185867498e-06,1.4237612436781904e-06,0.08639437961462888,231.98386743135313,0.009039793992948632,675.8806523323292
581,0.17573270458815976,16.723958905730175,0.03886961052733472,16.595728550825257,0.08936074437758121,492.8446151414568,487.64597524780316,5.198639893654995,0.024032321929131312,0.02915874819791864,0.33889599521744374,2.3253154063594954e-07,2.2810287765630846e-07,4.428662979641012e-09,2.5697821057076398e-05,2.567269632620821e-05,2.5124730341191e-08,1.2280585456367068,102.0743180509262,1.2152331976114098e-06,1.1487965289869018e-06,0.08817736765974304,225.71286238335017,0.008809726517319585,55.87711395590486
582,0.17842322595814739,17.425624652040028,0.043773285828408,17.28571136850649,0.09613999770513292,709.7463586678501,703.6519550809705,6.0944035868789985,0.034091747912391494,0.02759451897479657,0.30527651451549215,4.338120744955503e-07,4.2844688310761667e-07,5.365191387933704e-09,5.072718940519982e-05,5.0700721581239346e-05,2.6467823485527646e-08,2.357123970280621,17.519881624588944,1.8062659912974032e-06,1.0115366414814453e-06,0.08003688162421206,235.69603131295813,0.009189068356604517,320.26757523318065
583,0.16680251496457485,16.19201975732542,0.0389948380334563,16.054840828809308,0.09818409048265224,767.7254942481358,762.405474110158,5.3200201379780605,0.03259319354424374,0.027251788840223744,0.30727511084250575,3.9652549751577487e-07,3.9174980511788304e-07,4.7756923978918645e-09,4.6360528927562505e-05,4.633232094286717e-05,2.8207984231965745e-08,3.8396259403906687,141.4463721063389,1.3658249220375158e-06,9.144672509621361e-07,0.08056238996812252,212.2920597548226,0.009271959912886048,627.5174267966049
584,0.1729350670204405,15.460565863918466,0.04251367402832154,15.315547990734368,0.10250419915577508,629.7654527741637,623.147186176503,6.61826659766059,0.028646033707369397,0.028514309272604375,0.3338177757882668,4.164560494960892e-07,4.1026210558056033e-07,6.193943915528868e-09,4.720630437041045e-05,4.717928508063991e-05,2.7019289285313593e-08,1.976995188972853,278.59049094016615,1.6639307116283578e-06,1.5769416507906284e-06,0.08525344942764232,200.7649388085727,0.008450203656218298,-771.9724711699955
585,0.17501317780693068,17.365566393486613,0.044024700824927404,17.24611231094146,0.07542938172022423,676.917959530842,668.4244912531585,8.493468277683975,0.03111925266962381,0.027933644096840512,0.3126398560011507,-7.049501016303168e-08,-7.562620541549824e-08,5.131195252466546e-09,-1.0208669850344375e-05,-1.0235246079800482e-05,2.6576228996675676e-08,2.262572877102981,-14.822095591704652,1.5321113856355873e-06,9.795412042454687e-07,0.08351053058080962,231.61928737817396,0.009145616639061408,-66.0252309738762
586,0.17679716300366863,16.004305856358602,0.03974760625369006,15.864452678569164,0.10010557153574712,556.1017368014021,551.2130088264255,4.888727974976651,0.024451173491533577,0.028612555898689485,0.32549122371651357,1.8079647548552498e-07,1.750967840703e-07,5.699691415225013e-09,2.219777371741006e-05,2.217103354344982e-05,2.674017361102393e-08,2.0354394666589175,75.44297803501355,1.520716761015395e-06,1.120748702301778e-06,0.08598085363498344,216.94642866954075,0.009127593875436851,-438.69788023518777
587,0.17336308342130174,15.019299717160084,0.04097456808070891,14.891174885041393,0.08715026403798372,652.5700350655936,647.659200179472,4.91083488612333,0.026796324275688444,0.02924324751425203,0.3264543989834358,-6.771989472765104e-08,-7.324016233194974e-08,5.520267604298691e-09,-9.742890613629097e-06,-9.76897335250153e-06,2.6082738422544647e-08,1.0781341331303769,127.50363203861195,1.2275383372480158e-06,1.0328908273291246e-06,0.08822134800989252,207.79253384521542,0.008698651997459417,121.56158286538903
588,0.17207258803153824,16.311110387118017,0.03827824299207441,16.1494518160335,0.12338032809244372,772.9772784163481,769.0254829388689,3.951795477479709,0.031933068056051075,0.027406116945784275,0.3038340809186141,1.268952214498183e-07,1.2185977083701945e-07,5.035450612798866e-09,1.36050492078473e-05,1.3579302678379276e-05,2.5746529074557178e-08,8.152428602509486,305.1158817707665,1.356221818151693e-06,9.18442936260802e-07,0.0803927013200477,213.2832681948597,0.009689487178781354,526.8446132490717
589,0.16719082476765168,15.0471509392455,0.04081828508317991,14.925584167027568,0.08074848713475011,556.2539639158276,550.3859440153554,5.86801990047178,0.027318272831152443,0.029576867474951658,0.32430149502188427,3.402541092580428e-07,3.354335060270898e-07,4.820603230952956e-09,3.680582149653655e-05,3.677960585819746e-05,2.6215637940491113e-08,2.1720106336112353,159.76062543753187,1.2248020805890075e-06,9.291322045474749e-07,0.08603629618982267,211.931464379818,0.00869785446068887,-404.6776198576881
590,0.16365921760596625,14.14250805682451,0.03674358004597218,14.028687041877266,0.0770774349012756,470.52437605088335,466.08214150686916,4.442234544014366,0.04991457138802434,0.025902828954164105,0.2951976548935591,1.1330915507774334e-07,1.0715693798657973e-07,6.152217091163599e-09,1.2334981915171341e-05,1.2308850559950984e-05,2.6131354795337747e-08,1.2023557611296798,144.24549703501074,1.3135767510612175e-06,8.115091997792274e-07,0.07524823668712122,188.88262075101306,0.008045745935476462,178.1436426484488
591,0.17137210286698465,16.531526736960004,0.041459408685597,16.40309327094952,0.08697405732488757,539.5988046287424,534.7392772275934,4.859527401149258,0.02333403533342538,0.02765170909484771,0.3109034594083404,1.126903800756656e-07,1.0817976118163898e-07,4.510618894026616e-09,1.1450872293439168e-05,1.1422728489270332e-05,2.81438036183416e-08,3.835437013028407,63.82531946348386,1.6820699693067883e-06,7.642044266589488e-07,0.08035422293667044,221.9712608798056,0.009082341549052103,91.37421247910788
592,0.17825929568702192,15.472156380239834,0.04073444596418959,15.31785193136588,0.11357000290976582,616.824715641764,611.1088119516869,5.715903690078946,0.027333318142375863,0.029457910878421565,0.33219660856705696,2.0668405159060145e-08,1.4439793949677633e-08,6.228611209382502e-09,-2.418901852086993e-06,-2.44390766334827e-06,2.500581089910772e-08,1.0554852765403642,-66.42018919005066,1.4849677153417423e-06,9.720335075253574e-07,0.08669975812631608,206.96422262851206,0.008602555054956777,542.4209447829226
593,0.16122905479194383,14.117472685649352,0.03550866565621664,13.987621758306936,0.09434226168619786,523.934940451698,519.384216036544,4.550724415153145,0.025444886710015168,0.027422010498638603,0.306029248096302,-4.796721893525033e-07,-4.840232115108466e-07,4.351022158343472e-09,-5.7174415015749765e-05,-5.720013173438473e-05,2.571671828065439e-08,1.161049675582253,24.771904682696558,1.0722986899752878e-06,7.825577879475076e-07,0.08068687242792154,195.45070711463066,0.008371026789094698,-419.3791961416291
594,0.16645733759819395,15.531025001495548,0.043071376462658205,15.394882980314803,0.0930706447180888,669.6542077273182,663.4405372109453,6.21367051637354,0.027143052079936315,0.02658443459277961,0.29159947338309344,2.781800373846859e-07,2.7313445673577335e-07,5.045580648912415e-09,2.8293072053902465e-05,2.826632075269502e-05,2.675130088423781e-08,1.0455914389556684,242.43557145111944,1.4608744822591942e-06,8.487678255694069e-07,0.07858951950798526,219.76411060568842,0.009109598876303035,587.1004744867787
595,0.16258035412877492,15.308515884705415,0.0379658645916465,15.186132683090019,0.08441733702374775,536.6400304250318,531.7710246939273,4.869005731105162,0.030499651300885566,0.025454481301024515,0.285165297919239,-1.3284373762042818e-08,-2.004331487002303e-08,6.758941107980208e-09,-2.755344873278742e-06,-2.780940841242261e-06,2.559596748219753e-08,1.920001170395126,54.0142046619576,1.163950460705038e-06,1.027940425772771e-06,0.07659674752004121,204.82586539857417,0.008276619251435887,-73.30374969069908
596,0.15682579774970648,13.79011867459148,0.03507158618781325,13.65300498411973,0.10204210428393728,543.5402014218289,538.3334371224706,5.206764299357257,0.02438528592437171,0.028044443358094154,0.3152578268671365,-3.2058486577474466e-07,-3.2585354601349866e-07,5.268680238754034e-09,-4.084257727220294e-05,-4.086873835761338e-05,2.6161085088509685e-08,1.663220878788385,73.06978205508094,1.4651657941509334e-06,7.610764699937547e-07,0.08050970898120337,185.39486118015157,0.008020372821273004,-1209.8177033055272
597,0.17586505844654726,16.5743686351317,0.040375614959885175,16.449402362774446,0.0845906573973691,658.7267672186157,652.6956126008523,6.031154617763027,0.048507430558623464,0.02782431735455347,0.31758971943553455,-2.260932680343417e-07,-2.3138901774708128e-07,5.2957497127394834e-09,-2.8294372981608642e-05,-2.832137479083152e-05,2.700180884392742e-08,1.705062147087129,140.08397239793445,1.1599263061151027e-06,1.471864074126156e-06,0.08293678100036578,223.09598419153747,0.009291646244862747,-594.3871207906177
598,0.16826264720248216,15.203739742389445,0.042356430273936076,15.072022296356792,0.08936101575871509,578.67312117276,574.0626667098243,4.610454462935351,0.0457167197200744,0.02709195964744755,0.30930614763008735,3.038348328628318e-07,2.9932096926158175e-07,4.513863601250092e-09,3.427645431624912e-05,3.425078427971662e-05,2.5670036211561417e-08,2.326283497902071,120.9650886734861,1.1380120112768154e-06,9.021613655548425e-07,0.08079838330252985,200.41351754676393,0.008788727664339541,-679.4547046765292
599,0.17142052407807165,16.06197735740823,0.04008291773376648,15.916690815814306,0.10520362386015678,603.9390656059168,598.818962279574,5.120103326342274,0.03413209979355673,0.027794692201648916,0.32462903646140145,-5.671466036956422e-08,-6.15852906766307e-08,4.870630307066472e-09,-9.764405686545198e-06,-9.79046298738841e-06,2.605730027614251e-08,2.789736248692017,-29.88456283487946,3.8446398318591715e-06,1.1167993701757743e-06,0.0821470600526039,221.58942307888987,0.008789137920503379,2.0205397149993587
600,0.17725266869202053,15.336014880535377,0.03860651052914828,15.201788571673545,0.09561979833268154,498.27420378711486,493.6159495655746,4.658254221540402,0.03796791733226475,0.0280702692256521,0.33364585288822124,-5.134030795192702e-07,-5.178310760093954e-07,4.427996490125254e-09,-6.602022044434452e-05,-6.604528808770008e-05,2.5067642876527784e-08,4.856602312458137,117.3939942027728,1.495383333104212e-06,9.945858394005396e-07,0.08311568639263534,203.08413269298103,0.008668434700833675,-566.937907539047
601,0.1834455532516225,16.810289912903986,0.042247292858467345,16.660407019645643,0.10763560039987524,663.4350708095621,656.0696457928948,7.365425016667844,0.02796560295356072,0.030641573964477184,0.3445134210745116,4.823427482007811e-07,4.769877288781577e-07,5.355019322623891e-09,5.505298427701428e-05,5.502603017647412e-05,2.69541000956257e-08,1.91191440670117,176.9424886069299,1.3795584808590388e-06,9.586847165946917e-07,0.08991969527109575,232.97042583544015,0.00911767561567213,-285.27457028970457
602,0.1689516746748296,15.310604312948708,0.04129712772278832,15.153773199155504,0.11553398607041626,644.0374542779824,638.6640445904186,5.373409687562856,0.0351298953915338,0.02861541019516547,0.3206021809330627,2.0356249426814843e-08,1.5844188217976375e-08,4.512061208838459e-09,1.432550153881651e-06,1.4056572901410564e-06,2.6892863286956208e-08,2.0185070125457467,92.6731927414362,1.425900736819276e-06,1.312087702651818e-06,0.08362115692078172,213.07030399429786,0.009150311336257742,127.16587657963373
603,0.16690586806382535,15.794414468485924,0.04024687949767565,15.679735177594882,0.07443241139336489,687.0828880457473,679.0446082241466,8.038279821600138,0.03111591978262527,0.026816967491435157,0.299464745063438,-2.0149799377602246e-08,-2.5940910551986015e-08,5.791111174383778e-09,-4.346054528234014e-06,-4.372692361110484e-06,2.6637832374679078e-08,1.4413494389326467,99.69978507312818,1.4610386684516093e-06,9.073089278643479e-07,0.07744467681309317,209.17105063413243,0.00892035702426921,-57.99985372596166
604,0.15318378930819354,14.363707358395478,0.03719848501617729,14.248514631967925,0.07799424141137536,618.0188593421034,612.3821179678895,5.636741374213517,0.026296438242473283,0.02333173164219056,0.26680948328261345,-3.544259593772543e-07,-3.60762970920905e-07,6.337011543650718e-09,-4.369775531137644e-05,-4.372391564136475e-05,2.6160329525191433e-08,1.0120222190117032,110.43971355086906,1.137974454296763e-06,1.2473879647891445e-06,0.07410740511127123,196.71812504944194,0.008356723184036354,184.23312040726069
605,0.17440405617214477,15.992641893228521,0.04001627021447071,15.843213668994954,0.1094119540190953,702.2510538298999,696.1012921459633,6.149761683937584,0.0391902665461057,0.030263527023637132,0.3384683816408499,-5.9156721228577696e-08,-6.352635393305731e-08,4.369632704479605e-09,-7.567920574193412e-06,-7.594493393352498e-06,2.657281871400382e-08,0.8969985689658713,56.44124244660785,1.3961729236067822e-06,1.151997674093237e-06,0.0875819361493126,219.07833371735563,0.009212793115212923,463.87599410975236
606,0.1657036885212524,15.228222002038905,0.04210235417892893,15.104266271518393,0.08185337634158145,583.8414424219244,579.4659221222083,4.3755202997158955,0.033230648214835325,0.02847867859974252,0.310799401508054,2.9277720859526716e-07,2.876103569423058e-07,5.166851652961422e-09,3.438065020573941e-05,3.435460949681008e-05,2.60407084364277e-08,1.6286028961349008,76.33306090657538,1.229500807214971e-06,9.87876671172828e-07,0.0821024705829904,211.79881972600458,0.009024398697420605,-179.47887262193308
607,0.16909061774137468,16.61457038484053,0.0407024765048912,16.496060876023837,0.07780703231179906,624.3818315799671,619.858267431235,4.523564148732145,0.03049441488588417,0.02503345976477776,0.28068883453568266,-6.737941550927802e-08,-7.393111572630356e-08,6.551700217025507e-09,-1.0637733690949102e-05,-1.0664521890269082e-05,2.6788198767429236e-08,1.3243647966041796,118.24467752235907,1.3161995676311338e-06,1.037959141555683e-06,0.07490648630259586,216.63768940411182,0.008761299013748971,30.46100938294785
608,0.16700774926500622,15.035646819039023,0.04004387906014247,14.910268956442446,0.0853339835364353,630.080612016297,625.3625828974554,4.718029118841854,0.029663223994584032,0.026400169739032524,0.2946907373383074,3.9495235319948254e-07,3.908339771728695e-07,4.118376026612852e-09,4.4277796804385056e-05,4.4250751631401316e-05,2.7045172591542727e-08,1.5221171963168545,122.6613109883846,1.201505369764323e-06,8.967484078839152e-07,0.08308881445191808,201.22554378825797,0.00840359296217481,-1338.9485362846626
609,0.1766210908686296,15.891427790949042,0.03831644208196372,15.798558033162076,0.054553315705000424,564.7578822794934,559.1855747060616,5.572307573431145,0.02915055642392663,0.02925653098282574,0.32574852198737075,-1.3997053101686582e-07,-1.4471434609410633e-07,4.743815077240437e-09,-1.9829497565929396e-05,-1.9856585860353314e-05,2.7088294056074923e-08,1.519508706149452,-48.28553540586676,1.4881600009001057e-06,1.6902998652885286e-06,0.08503769150278088,218.78086708295135,0.008759300699115073,-718.547723289551
610,0.16734305859072066,14.531931711566479,0.03798398349115349,14.426386417811178,0.06756131026414607,653.5639576996836,649.0284270653995,4.535530634283915,0.03196950302259584,0.02918888369630182,0.3276843035428718,1.305682569391567e-07,1.224942047714155e-07,8.074052167741281e-09,1.2805381361109115e-05,1.2780715762456903e-05,2.4665598271985424e-08,0.8051504058980493,139.78693286936004,1.3124282912677845e-06,8.897476953161612e-07,0.0842607930323004,198.34354669408575,0.008460985125406321,-961.6764399710073
611,0.1710697444103276,16.376560492278983,0.041525116529330254,16.248999578568693,0.08603579718096051,538.7989777705646,531.2618601660099,7.537117604555664,0.022788401299515128,0.028882545484130117,0.3186509797838777,-8.919823624026045e-09,-1.4271530946523592e-08,5.351707322497534e-09,-2.932647240586359e-06,-2.9573477994101006e-06,2.4700558309136948e-08,1.0401922916864987,34.76812279192844,1.1418637162561054e-06,9.384963152203482e-07,0.0840101522841555,219.36154582191784,0.008839545651388956,327.0860895342621
612,0.16952723846151696,16.14910098952165,0.04406535339553359,16.020664702725522,0.08437093340059404,590.9228618361669,584.624865566298,6.297996269868569,0.034089776730476064,0.025327389996363376,0.28880359297755853,-2.2778919743989394e-07,-2.3116472729669675e-07,3.3755298568028134e-09,-2.9576082215283612e-05,-2.9602775409600043e-05,2.6693194035322017e-08,1.190780825078143,-57.03677802545158,1.4938153823126637e-06,9.951774662264977e-07,0.0761949152652823,221.92742982543018,0.009528799546998947,-242.38915373493728
613,0.15517845661531018,14.983683804686686,0.03975972832784536,14.866381863839896,0.07754221251894318,607.2904317483134,601.5974614162503,5.692970332064005,0.023040291215392566,0.02341115589119146,0.269970615816716,-8.102798183886701e-08,-8.556757812832095e-08,4.539596289453936e-09,-1.0865462582763356e-05,-1.0893420257882428e-05,2.7957674672133842e-08,1.2426431954902961,-38.99307266432566,1.2286638525267977e-06,8.060057882534301e-07,0.06915245664790376,195.4172913305103,0.0085826169536611,171.88803037429807
614,0.15953196820844037,14.01197727546918,0.043208374318330973,13.896014835484682,0.07275406566616908,510.1531412532251,503.55303432534276,6.600106927882164,0.030530184030968115,0.026891296543624182,0.30929224039972386,1.7821684237232053e-07,1.7281479422817762e-07,5.402048144142867e-09,2.0242277277462333e-05,2.0217678779906095e-05,2.459849711359464e-08,1.3203100267623995,-3.7201010537652768,1.0416504689594304e-06,1.0278353282622232e-06,0.07780715415876462,191.62064256723548,0.008110357020546168,-38.2874989199081
615,0.1803932023578974,17.396789173474556,0.04537211721133506,17.26996939116518,0.08144766509803962,678.0726376852093,671.6719611243573,6.400676560851777,0.056195051461328686,0.03246773288244928,0.35601375049075684,5.327408441460568e-07,5.285569499140378e-07,4.183894232018958e-09,6.230898475530798e-05,6.227965951047094e-05,2.9325244356462395e-08,2.6479988833883805,185.73957014690555,1.5512706400003213e-06,9.550336275286767e-07,0.09450503647434431,236.3438123084764,0.00926135256749036,343.5976518468651
616,0.1587660556696276,14.57441316052391,0.03709659438440275,14.450796351356237,0.08652021478326892,576.0594389326061,570.4751819961624,5.584256936444105,0.025116382103389845,0.023743802403942513,0.28066083081589727,5.238735530385268e-07,5.188751664974506e-07,4.998386541076322e-09,6.16146205346623e-05,6.158768914243141e-05,2.693139169363002e-08,3.1706110281025204,88.69853316531403,1.2062393386275891e-06,9.822632555785884e-07,0.07567358184655283,191.2415706751946,0.00857022237452639,39.9964251425572
617,0.1856386393944983,17.567171535684935,0.041115410947951465,17.43825510649211,0.08780101824487004,790.4170037055077,784.563232792059,5.853770913449446,0.0323113543457323,0.03270147983658301,0.3640399828742143,2.759959108689217e-07,2.687942313753152e-07,7.201679493606539e-09,2.8925115869027204e-05,2.8896750666121398e-05,2.8365202234031614e-08,2.0209787849386833,99.96570053634677,1.4702332542214388e-06,8.715105128708717e-07,0.09534381994860272,244.24414159073496,0.010008367777986483,415.6037833737864
618,0.16922822742514154,15.97934751999388,0.03863725932562169,15.854889493426626,0.08582076724163457,815.7362858724231,810.7459068255041,4.990379046918777,0.029639963335104297,0.02767276698279862,0.308487001640209,-2.640381161764293e-07,-2.686082309144102e-07,4.5701147379809754e-09,-3.22968867870277e-05,-3.232403358362649e-05,2.714679614937923e-08,1.113789448862823,-110.81946981167492,1.0545526629816606e-06,9.662045710115452e-07,0.08032543806062738,207.5979565863088,0.009741715014388119,-11.746765427760693
619,0.17892544608656807,15.758456248130916,0.0388523088390626,15.64009403488671,0.07950990440514005,612.0100931095482,605.6685728340564,6.341520275491872,0.031446800832318794,0.030008437042903086,0.3311300254901394,1.2728677137327875e-07,1.2187153737314372e-07,5.415234000134999e-09,1.336620017906601e-05,1.3338687913800371e-05,2.751226480457446e-08,1.9459782403439305,34.148965713120106,1.7122590285621537e-06,1.2697841466390611e-06,0.08817930311653104,216.76533920987887,0.008955999783270078,261.1707581665423
620,0.1729263540536769,15.081801171756837,0.040183994375706945,14.97301551336722,0.0686016640139092,620.4852466826089,615.1270311882687,5.358215494340749,0.029913209582360385,0.02865597902499122,0.33216250003818953,-3.2067560690829855e-07,-3.2614025854048634e-07,5.464651632187765e-09,-3.96853394458024e-05,-3.971288970766016e-05,2.7550261434224686e-08,3.874758704184791,9.687628986586713,1.49212309245192e-06,1.1383243910626227e-06,0.0848118439222309,202.16653222110966,0.009016545756658582,-55.831339777444555
621,0.16929363622466342,15.263603338915647,0.03698412328121245,15.153120557103396,0.07349865853104023,588.0931590651251,582.3837897705281,5.709369294597089,0.023069949028184763,0.02663524001683232,0.31249938413782563,2.6239287910585144e-08,2.0713622082126407e-08,5.525665828458739e-09,3.3670835744761454e-06,3.341945013033945e-06,2.5138561063064945e-08,0.793809931781247,105.07618794045717,1.4087733204419587e-06,1.0298724964432551e-06,0.07878010495080058,197.50737311680277,0.008422758990491483,24.861461156673613
622,0.17605100752945263,16.73011228906404,0.04083189237960415,16.595420977245066,0.09385941943936557,683.7613124526877,679.5290004525959,4.232312000091702,0.02326175785403642,0.029643995715452193,0.32443491476650543,4.2666639968305664e-07,4.212270992199634e-07,5.43930046309314e-09,4.8874263803846294e-05,4.884816383222464e-05,2.609997126970536e-08,4.412501018090739,194.92038898525658,2.0112132259645837e-06,1.0850754767236206e-06,0.08617779076203828,225.21106841233782,0.009053331768279578,259.3807706557609
623,0.17650655073468663,16.692384369109092,0.040548373069538624,16.55961839944231,0.09221759659724214,519.7698010383599,514.6791086608005,5.09069237755946,0.03312071091945093,0.02909740713303444,0.3363723124755707,3.717200284202291e-07,3.6683325478619127e-07,4.886773634037876e-09,4.323660026662196e-05,4.320964151759452e-05,2.695874849793564e-08,3.27803683696742,46.922892839852985,1.7124769578975105e-06,1.2434718557506485e-06,0.0848292506524035,230.69644026851353,0.00957008576270479,-474.7162673552202
624,0.16165992362694395,15.237379222647144,0.040182204524992333,15.129859680327892,0.06733733779426135,702.0862740101238,696.1508633342319,5.935410675892814,0.027273781617825933,0.025554428349365457,0.28833343254773086,-3.470549100876514e-07,-3.526876838463698e-07,5.6327737587184974e-09,-4.35094049617277e-05,-4.3535148551315145e-05,2.574358921013739e-08,1.178141368180195,216.3443102878804,1.3446045605026709e-06,9.828353201113052e-07,0.0759426951304466,203.5862904835056,0.008397427357695369,50.560029607955585
625,0.16116774302794767,14.702447500019941,0.0375232529768929,14.555450475876388,0.10947377116666068,517.6734209757517,512.9957270546776,4.677693921074605,0.025562016214318917,0.026625583228801483,0.2954186240530856,1.8726052678118596e-07,1.8021652423484954e-07,7.044002546336345e-09,2.0455325373185402e-05,2.0426712700342543e-05,2.8612672381550565e-08,4.893399296803992,-37.0431612929083,1.2597156246844171e-06,1.4562344325509404e-06,0.08416003666824672,196.45217520332665,0.00853653908195968,824.4497230591642
626,0.1648316279444532,16.20272256613282,0.04053572779349756,16.074601584252964,0.08758525408635963,488.4488951015599,483.34803633480954,5.100858766750739,0.026051339659373385,0.025671753901743168,0.2948894760682971,-1.586607825353585e-07,-1.6303006760635407e-07,4.369285070995597e-09,-1.8735798351078666e-05,-1.8761910066343434e-05,2.6111714784002738e-08,4.975151559762878,75.31048124045442,1.278372548524624e-06,9.686691705857526e-07,0.07638408274790884,213.10763850448325,0.008657656543580567,-115.1713396689156
627,0.17331548878513314,14.247717061491786,0.03643936406112021,14.11749924176671,0.09377845566395346,547.1932223486684,542.0974181052475,5.095804243419625,0.01878607960688857,0.030953976972029014,0.3569747187153595,9.562726961550096e-08,9.121890327347406e-08,4.408366342026899e-09,1.0343029493822355e-05,1.0316716621770577e-05,2.6312871550201733e-08,1.5615633715254942,129.69739832567004,1.3464925106890199e-06,8.871987413902735e-07,0.08987562384640742,193.92180853979755,0.008358068882651429,326.9613579431725
628,0.1618629875032016,16.148162755072267,0.04248398192770852,16.010374295759732,0.09530447738482942,594.9582006107785,589.9923652081649,4.965835402611867,0.02725528380709651,0.024713839343354086,0.2859889845487048,3.782061319058149e-07,3.7355719608665683e-07,4.648935819158184e-09,4.456253656457222e-05,4.453599721063493e-05,2.653935358153126e-08,10.396080597879179,-50.78681051411921,1.8310612090901882e-06,8.233628389236369e-07,0.07288406514322902,211.39527964432807,0.008976707459742633,-25.779380927985585
629,0.164134073486875,15.448703462094057,0.039532858267028806,15.314454414504455,0.09471618932257447,579.6495053049437,574.9229178594549,4.7265874454892565,0.030567787121345214,0.02574199773841166,0.2937708086851553,-8.569789377356029e-08,-9.243858149205731e-08,6.7406877184970476e-09,-1.107835506468209e-05,-1.1103237809246594e-05,2.4882744175114152e-08,1.6363881569848449,-100.613871967286,1.1972120072876814e-06,1.3158089957543323e-06,0.07737073451537961,207.80698502165853,0.008433073631744595,-79.76974876342592
630,0.1859971645669876,17.246575512147068,0.0422874535854362,17.113526312484023,0.09076174607760601,547.8914496879806,541.1264037761553,6.765045911825695,0.02891583406874674,0.03050873291868128,0.3355958415684289,7.469489150456318e-08,6.939268442458107e-08,5.302207079982048e-09,7.29796307495174e-06,7.272352255891151e-06,2.5610818611384624e-08,1.0905477300591357,-12.10188275424111,1.4221242770768174e-06,1.1583105909852133e-06,0.09119433134840492,243.59998751485642,0.009593064425206972,71.56432942012088
631,0.1701368751410981,14.701862366370975,0.036832773557588856,14.562360139406676,0.10266945340670892,703.9009748459016,698.791846994423,5.109127851478491,0.03443381259644994,0.031364970516757414,0.3446825959473949,1.5548987596998142e-07,1.5068982825202737e-07,4.800047717954037e-09,1.666701725470861e-05,1.664152336662863e-05,2.5493887691481064e-08,2.159768277081537,-459.1047955936168,1.1707754064884888e-06,9.50901128764891e-07,0.0899534274329174,199.709607029372,0.008822054216562536,-651.9764773781853
632,0.18015295659341732,16.60424560234367,0.040721816693178516,16.46926165760265,0.0942621280478407,653.1287076234906,646.9979772327708,6.13073039072032,0.02462645908074432,0.031045825389313417,0.3446816728432152,1.9405320862311032e-07,1.8787658355325577e-07,6.176625069854491e-09,1.9393426576135542e-05,1.9366103330424936e-05,2.732324522891357e-08,5.456474342802665,62.833105398117084,1.4276246062264744e-06,8.982111100860449e-07,0.09058456384184627,230.54234459019062,0.009078937572642023,-438.8533084210976
633,0.16815654141406405,15.00974866114538,0.03944782203688414,14.85802883468692,0.11227200442158004,667.8732020406637,663.248569580529,4.624632460134393,0.02900078128723917,0.025830027898411115,0.2961635344954385,-3.7577552388714e-07,-3.817935106577367e-07,6.017986770596721e-09,-4.7132602482964806e-05,-4.716009912954682e-05,2.7496646217322152e-08,0.8645953696469318,164.08554368147182,1.4283795648430495e-06,8.275385288040356e-07,0.07626180895788814,194.13476568923812,0.008345791321731357,2.552048408313567
634,0.16139668964425985,14.835038144562516,0.03778321709260287,14.741797588873082,0.055457338596828894,511.44217840943844,504.6853960263171,6.756782383121401,0.0295964602253852,0.026370325314616697,0.2970032038371099,-2.6116791838333715e-08,-3.122529372105138e-08,5.108501882717636e-09,-5.79944283945409e-06,-5.829813909459719e-06,3.037106959661082e-08,1.0366248521550903,-52.35021768705058,1.6467015289922922e-06,1.0652819201543447e-06,0.08307876465619647,196.2910069634216,0.00830248983595892,464.51463485864315
635,0.16958725938215738,16.00279564678621,0.04236978968419334,15.864288807996621,0.09613704910539786,588.8555750166647,584.2961497447657,4.559425271900029,0.024925696738643074,0.02711839626935045,0.2989727137466348,-5.002147953852787e-07,-5.056009480825162e-07,5.386152697237547e-09,-6.137606008132146e-05,-6.140347097515114e-05,2.7410893446629487e-08,1.0852235430949704,8.740954276453136,1.4051783673502222e-06,8.186307000834246e-07,0.08179940573942737,217.9590556137886,0.00915646470985809,-140.3710526720606
636,0.16519814228048144,16.3297295336737,0.04094279084271222,16.217608714870707,0.0711780279602843,843.614595819941,839.4096722104533,4.204923609487647,0.026737613047002836,0.027189811904622503,0.30130690099683954,-1.3509822366707505e-07,-1.405770243709152e-07,5.478800703840133e-09,-1.8425253585261243e-05,-1.8452754784955313e-05,2.7501199190143144e-08,0.9272091187544856,92.18311244987684,1.8692115915579087e-06,1.4606611050199841e-06,0.0785830456816715,213.74492678100984,0.008958452496784616,-269.971418228075
637,0.16900320740133568,15.343284425460935,0.036599164648522135,15.222072427840622,0.08461283297179134,461.7548933591391,456.37966482229655,5.375228536842399,0.024277924450554624,0.02966771166541291,0.3334165734929104,-3.286115165050078e-08,-3.741855052100098e-08,4.557398870500186e-09,-6.253829790921029e-06,-6.280311772183183e-06,2.6481980746131073e-08,1.480955832752216,-28.982018827621886,1.427243974461133e-06,8.738820799824035e-07,0.086826110761061,202.7228251663447,0.008740624637830527,71.1164293651791
638,0.17245955905418853,15.3922775234558,0.03948581951402049,15.268808884178632,0.08398281976314702,479.6256620303153,474.45493852694017,5.170723503375469,0.03156138055668326,0.03210981089573884,0.35161672269980937,-1.2401601002805357e-07,-1.2984489266128618e-07,5.828882633232626e-09,-1.4553269670115146e-05,-1.4582137429997421e-05,2.886775956903701e-08,1.1339445206515892,120.57097813054126,1.1777344919793554e-06,9.231901317549491e-07,0.09842157174088799,203.2535688772512,0.00917433055509558,465.13482718612613
639,0.18570494053404166,16.785693841844218,0.041893979401436986,16.68306766297542,0.06073219946736406,745.9674303783652,740.0302546157538,5.93717576261127,0.030167761167099207,0.03137535285932625,0.36310511941789647,8.067042147103297e-07,8.027137463927643e-07,3.990468317565417e-09,9.377364410379791e-05,9.37474628979476e-05,2.6181205457048527e-08,1.3296975402568494,122.89903272326501,1.6716471547954291e-06,1.5823043988596293e-06,0.09333650018816993,232.23109997405788,0.00955046394387658,-642.2905126185024
640,0.18742455548654882,17.583494519515174,0.04275952134028452,17.45611322234719,0.08462177582769785,546.8447807399956,540.3094343990396,6.535346340956551,0.03126673763222863,0.03374523106684993,0.3806737140708133,7.571165676275299e-08,7.121094299095414e-08,4.500713771798838e-09,8.339758112076445e-06,8.310762330513977e-06,2.899578091059139e-08,2.5908151588854302,227.94918166427829,1.2948555897861165e-06,1.1072142857827108e-06,0.09797424401193826,235.66462545399995,0.0093668516666784,242.77296453067265
641,0.17578177370883818,16.11339940086992,0.0442004175082504,15.987985169837973,0.08121381352370227,597.9772952051306,593.0977937736134,4.879501431518533,0.034234207019235185,0.02948503868352575,0.3432132579082645,1.6407846099316256e-07,1.5635281531977663e-07,7.725645673385856e-09,1.548021800786524e-05,1.545264971647885e-05,2.7568290992724694e-08,1.8624285173602675,297.66531495626975,1.2939450891827637e-06,1.4789823017773946e-06,0.08529988347652921,215.40421956155194,0.009120093109315011,-32.5888305391436
642,0.18309962169287966,17.73284970866146,0.04392833707681213,17.59754613014648,0.09137524143816765,615.4222016665094,608.5974083663202,6.824793300189778,0.03370749342003252,0.030381001757930248,0.34743643645449157,-5.194855607386362e-07,-5.240083230262778e-07,4.5227622876414614e-09,-6.280874489396476e-05,-6.283714481446106e-05,2.8399919894080052e-08,1.058530792496355,117.836876974788,1.5641468939275419e-06,1.4055268209455738e-06,0.08949265117912142,226.0274084204813,0.009490574486754791,-434.29172442936215
643,0.1803357725954868,16.117392003115782,0.0415921696282947,16.015404947193137,0.060394886294352836,604.3395465345618,598.129479522904,6.210067011658684,0.02973443411428617,0.02928583010660296,0.33442757761913067,1.4703566574585298e-07,1.4218716106571332e-07,4.848504680139671e-09,1.5243482440490353e-05,1.5216226378262886e-05,2.7256061905039602e-08,1.6851817086647798,50.604013858445406,1.3322075507897955e-06,1.111853598087358e-06,0.08511018498012127,219.90261890648264,0.00895737267208965,-373.39544260429284
644,0.18589483349958444,16.405047713733303,0.0393078627485317,16.287265695207093,0.0784741557776798,469.89880799015623,464.69869564045973,5.200112349697115,0.03133838724549842,0.029869365775937788,0.3604738572618968,5.757890042389488e-07,5.707228940174049e-07,5.066110221543815e-09,6.381323992935977e-05,6.378742312211267e-05,2.5816806745388623e-08,1.6064797181676072,-10.705805983123582,1.1970947643525419e-06,1.1384936180809434e-06,0.08619850014137925,212.97218112473533,0.008697544530728886,-499.2220599762313
645,0.18173320669963172,15.946259751126291,0.04303199757525176,15.821878860668772,0.08134889288226813,641.8336929032323,635.3490183033888,6.484674599842691,0.02290727822948387,0.032185927310118614,0.36642183935496625,5.197976185031045e-07,5.145027922640224e-07,5.2948262390824174e-09,5.880484161158696e-05,5.877750383655327e-05,2.733777453311725e-08,12.797098674038544,-22.32391341504884,1.60852929051664e-06,8.607212582431773e-07,0.09357205350591104,219.0101733372786,0.009296709017436794,-405.59748204179414
646,0.17353469265221577,15.835564667907983,0.03965460274809429,15.704908561169024,0.09100150399086585,634.7415229947383,628.5138081564766,6.227714838262068,0.02879255136422302,0.029384799587284748,0.33523047380254,4.1979734181813576e-07,4.1401838197297685e-07,5.778959845158793e-09,4.8209677238915635e-05,4.8185339431585764e-05,2.433780681376765e-08,1.4569796136246784,121.25403445990852,1.8354527299701036e-06,9.219448203174567e-07,0.08464512595858815,208.9456490569355,0.009171333803896073,178.3249095132196
647,0.1868634600487254,16.782136707225913,0.040046371410107966,16.67089574700642,0.07119458880938422,767.4941918097608,762.0477111708914,5.44648063886946,0.02540908877684853,0.03189757273954753,0.35688517590572555,1.9638952773138974e-07,1.9066173538991712e-07,5.727792341472634e-09,2.1488213773388665e-05,2.1461982726679262e-05,2.623104622812937e-08,0.8977821827837542,68.8402207269808,1.1728911502559508e-06,1.036018105156601e-06,0.09287526366530954,225.6419125994388,0.009443623563076632,-390.0564272516349
648,0.20931049130839371,18.11496184479543,0.039334336044419896,18.005479861373125,0.07014764737788869,673.7625990640245,668.2813183409176,5.481280723107263,0.031197831157828364,0.036604260340178,0.46163236315583067,1.5184061467622673e-07,1.4607731919405894e-07,5.763295482167757e-09,1.7759975794079925e-05,1.773231783845823e-05,2.7657955183644764e-08,1.4792578731644506,-82.8887813091264,1.350425336962107e-06,1.3545146312610572e-06,0.10600168581224875,244.53290244239273,0.009561042548811027,78.89804022024327
649,0.16569344444489525,16.358739169250434,0.038303759202327904,16.238823994934442,0.08161141511366415,671.2697782493863,665.1476788131056,6.122099436281546,0.040397850948971796,0.025794516226614137,0.2825015997959836,-2.089590732671833e-07,-2.1624191158418725e-07,7.28283831700395e-09,-2.8055739044889517e-05,-2.808270346813509e-05,2.696442288512121e-08,1.1798284184779542,19.303522540432375,1.992506139566338e-06,9.04641103000918e-07,0.07986881787496448,224.63106254485734,0.009401312691517458,292.66179801867474
650,0.16486645300557037,14.555299399958807,0.03729845656568287,14.444019537983047,0.07398140541007732,406.45413230288887,401.47956910185957,4.9745632010289755,0.03324270637090137,0.02776762849410579,0.3113655632473153,-3.995640738802136e-08,-4.516633276484118e-08,5.209925376819856e-09,-6.668042669699918e-06,-6.693183884573361e-06,2.5141214450345685e-08,4.113823773489556,953.9698308997694,1.0811171829532265e-06,9.186834948954435e-07,0.08202879143974712,199.4288539996447,0.008536243280154338,525.1286705073962
651,0.1658145277918905,15.684207376583018,0.04017149577421065,15.559213840388347,0.08482204042046147,615.1424708736608,610.5854674010616,4.557003472598936,0.028967099625810983,0.027029891742860652,0.3050420619328595,5.86870926478589e-08,5.182241068846644e-08,6.864681959392485e-09,4.8233707288314644e-06,4.7987252575509085e-06,2.4645470839566518e-08,5.028176408358659,55.672960901421966,1.5537929469359785e-06,1.0957651561563157e-06,0.08083085452139072,209.33938717721477,0.008762002292083317,-788.9743996749621
652,0.16280229310574823,15.606109372363047,0.04243204716238642,15.470954062428744,0.09272326277191856,575.6721974727105,570.9367424353115,4.7354550373986815,0.026379205688965457,0.026903705952062675,0.3084979212233227,1.346650728644805e-07,1.301511035540361e-07,4.513969310444382e-09,1.2596170202546113e-05,1.2568482665079053e-05,2.768753708624043e-08,1.7782289896632504,64.1069886244271,1.4162335870303046e-06,1.3033387630552956e-06,0.08295898298602171,206.61795159217647,0.00889169132061752,586.8957667371706
653,0.16575537972968793,15.236402261505933,0.04000264614669562,15.112998959485214,0.083400655874024,787.6972520097544,782.664391498801,5.03286051095352,0.031273742085835686,0.028594531673300127,0.3178619628330819,1.9042705408626075e-07,1.8603521719197708e-07,4.391836894283605e-09,2.0095174816143684e-05,2.0067769765517186e-05,2.74050502467615e-08,1.5376412168248703,270.42822604827376,1.5767742405243058e-06,9.043510900508807e-07,0.08486046530061025,208.2499457521807,0.009170027917604961,-192.13064095977552
654,0.1672062725870211,14.44025273622707,0.03647798888287638,14.335616526896757,0.06815822044743797,800.3328026705127,794.5362322517672,5.796570418747297,0.0247757307773857,0.026820643037847054,0.30063661667001224,5.303659012702628e-07,5.247915913645777e-07,5.574309905685117e-09,6.0589441181493037e-05,6.0562516814485956e-05,2.6924366559645045e-08,0.9503044867961505,-39.07321761557956,1.2417365160897014e-06,1.0582637323050897e-06,0.07937345796317948,191.58688153827347,0.008462051161017635,596.4245067616848
655,0.17225774091285517,16.074648557261945,0.04002559848450089,15.957612126964886,0.07701083181256188,638.2732500568735,632.5280418392388,5.745208217634737,0.03172158836294004,0.02629744179863567,0.3067607343031413,-5.508531821995664e-07,-5.579219630575903e-07,7.068780858023887e-09,-6.798844934741107e-05,-6.801436093430683e-05,2.5911586355916532e-08,1.2319122978309758,458.5328236624136,1.4130188903207267e-06,1.4765372668238251e-06,0.07973997247890821,219.1661883792882,0.009313135016465097,202.92444536776657
656,0.17008395021668132,16.34262035671471,0.043600321908704484,16.223933344779315,0.0750866900266894,721.0465881189939,715.914450306524,5.1321378124704475,0.02661922529849775,0.03212172907902258,0.35270189282911274,-3.288252590496739e-07,-3.328935193098881e-07,4.068260260214388e-09,-4.1376945837294816e-05,-4.140363807742521e-05,2.6692239718812662e-08,2.2941234547617015,226.36170953955684,1.4727362201897402e-06,1.5509886332382524e-06,0.09523501731675142,215.06768429972817,0.008768342459455599,384.5904433983269
657,0.17215351209657687,15.551759254030564,0.04145651919912382,15.408802457293248,0.10150027753819546,681.9424682188196,676.6436122049654,5.298856013853092,0.03612892208910845,0.02857669009416982,0.3246299418185985,-1.1952368260354556e-07,-1.2424306451894517e-07,4.719381915399612e-09,-1.6725277794542903e-05,-1.6751275480402595e-05,2.5997685522241705e-08,1.3379432604018235,38.572167089188476,1.5335839700952572e-06,1.0802216633019028e-06,0.08606932471065411,215.33655218558226,0.00929783973345565,38.40156745702188
658,0.18687198126978788,15.890878676552283,0.040452375498006655,15.773571066383091,0.07685523467118549,623.0757406361222,619.2442094782216,3.8315311579012477,0.04075330834846709,0.03258970931985759,0.37074402357547487,-1.962748164841139e-07,-2.030574023841299e-07,6.782585900015946e-09,-2.6016924857199813e-05,-2.6044098117237195e-05,2.7173259605834387e-08,1.1115098036740123,12.4024985068907,1.148304961289039e-06,1.1014675845752043e-06,0.0946901553527013,211.27500236524017,0.00888934700330613,-248.42793294368403
659,0.17813027329396758,16.0906589927697,0.04180075808061844,15.972253669287618,0.07660456540146347,848.4046881487463,842.9162871926394,5.488400956106314,0.03232150656430706,0.03160014866908899,0.35215678745996615,-4.193547780834029e-07,-4.242057832523079e-07,4.851005168904746e-09,-5.1483462554357957e-05,-5.1510675799672265e-05,2.721324462659793e-08,2.353986918017727,6.241582497105009,1.5571199422882457e-06,1.1476240777952062e-06,0.09077526986337905,223.02012828099822,0.008574053990357074,575.2713689011016
660,0.1692753730014282,15.506672579734872,0.04287348695953067,15.403480761598576,0.060318331176765425,614.6953422210734,607.4478496304166,7.247492590656395,0.02397330461249011,0.024829390637763786,0.28609634946477835,5.758830255826032e-08,5.3312586045983926e-08,4.2757165122763805e-09,4.1733372561128756e-06,4.145040589322482e-06,2.829666627428209e-08,1.461529523834391,87.51049192784063,1.4520381868970522e-06,1.1538047987831708e-06,0.07318937977277254,208.95536808297464,0.008679492264008432,332.7425963292635
661,0.17224434575572053,16.867990845501893,0.041344023993151804,16.722020521752462,0.10462629975627884,593.764250232202,588.0108742757127,5.753375956489732,0.028678604331316176,0.02780943694922591,0.3146882394821585,1.110948926863321e-07,1.0567865163987382e-07,5.416241046458332e-09,9.404469838476437e-06,9.377602279638948e-06,2.6867558367169927e-08,1.3147016159590919,60.09318292956363,1.4364455712720688e-06,8.50809010543084e-07,0.08168877875549992,220.10466772582555,0.009246765528079768,-308.47095429245564
662,0.17564473554042842,15.483931206859245,0.03906485599986832,15.362059517559324,0.08280683330005384,469.1013111448655,464.6815059261874,4.419805218677609,0.02794369633488056,0.031108104124270813,0.3485034271323449,-4.08145362191153e-07,-4.1402324975936507e-07,5.877887568212057e-09,-5.031672988480042e-05,-5.0343461090094094e-05,2.673120495392562e-08,1.4321587308049506,70.6625025986842,1.384915264873917e-06,1.1628745875442193e-06,0.08954613976653777,200.70771759887626,0.008488662366524413,-998.4444211658283
663,0.1661056605045383,15.68086950049686,0.03612773013731573,15.560342473356231,0.08439929700331306,678.9024102540268,673.7766629644817,5.125747289544812,0.03251950043180103,0.02824002027842848,0.30511729576369573,-3.7302497939366444e-07,-3.7839822009038345e-07,5.3732406967189916e-09,-4.6944392414551906e-05,-4.69720998628444e-05,2.770744796934268e-08,1.4695594927664675,127.90148795569226,1.1096869992058242e-06,9.735619128630819e-07,0.08307602959678778,206.49345243251184,0.008850584539887234,384.91853461815117
664,0.1821072864501857,16.86270768281401,0.042489084282354636,16.715463296664943,0.10475530186670642,732.814502562736,723.5798623451464,9.23464021758962,0.02590484506940406,0.03177716541537396,0.3755876373405655,-6.714616311409053e-08,-7.196980217908136e-08,4.823639064990853e-09,-1.0117433054857234e-05,-1.0143900305483301e-05,2.6467250128679814e-08,2.1054631340702885,123.6407853106316,1.7073952113600337e-06,1.3693097583103048e-06,0.08965209951391076,225.40300125052931,0.009193614954881673,135.84074314385452
665,0.17326645454203754,16.063287637921768,0.047301607090287454,15.91610130482188,0.09988472600960585,552.6567231492887,546.5744171464531,6.0823060028360905,0.03570785737319318,0.028315246268780587,0.3186202514105088,-3.064051706036046e-07,-3.12985415344839e-07,6.580244741234492e-09,-3.783635712136601e-05,-3.786435143374281e-05,2.799431195669416e-08,1.257378896208413,231.86785746297238,1.6210446193928515e-06,1.0361524216008515e-06,0.08461536854004234,222.14247593077434,0.008603530159387461,277.29729536197647
666,0.16278723138335194,15.016367763818344,0.03754527142544315,14.898979306980074,0.07984318541282803,829.8757733074226,824.9308344684014,4.94493883902038,0.025879836257746702,0.027674933733376563,0.3009481782537286,-9.924130670351096e-08,-1.0504623703195808e-07,5.804930328447131e-09,-1.3421421274716486e-05,-1.3446953162367327e-05,2.5531887268506808e-08,1.202277575765698,19.87610464331117,1.4151901887708514e-06,8.7062720884836e-07,0.08170512243062233,197.85789453295374,0.008606500262787718,343.8731406809502
667,0.1641701904634651,15.807805044056249,0.03805178983826987,15.684279775257865,0.08547347896011427,554.0340833814613,549.1006708771184,4.933412504342855,0.02399212474156367,0.027395688447920206,0.29999974609751984,4.657896257770784e-08,4.1696077432297234e-08,4.882885145410615e-09,3.2761759997246815e-06,3.2482738378276644e-06,2.7902161452974588e-08,3.136029871421167,218.72955795952655,1.1689556736204376e-06,8.726559978058251e-07,0.0814646226406921,223.51862123326947,0.008792164351388451,-159.868936686692
668,0.18079130246417494,15.848214836150394,0.04451695963927171,15.681008605828458,0.1226892706826647,607.7076047031246,603.0881713639106,4.619433339214931,0.03753573465751207,0.0312057673651237,0.35678839903794296,2.4040814257520933e-07,2.3491375436413186e-07,5.494388211077399e-09,2.6674130516902254e-05,2.6648074103698122e-05,2.6056412725523557e-08,1.677518898482087,68.8394018057996,1.5326233127112504e-06,8.949387742624034e-07,0.0912956101048538,218.77422131165034,0.009472876108959418,788.5542458007931
669,0.17031640698340092,16.403599839725945,0.03938363914797151,16.277405223230488,0.08681097734748897,622.5074306640525,616.9687648742337,5.538665789818621,0.02755261967063045,0.026834710450884827,0.30239518292150114,-1.9221665606284614e-07,-1.9785142518212976e-07,5.634769119283666e-09,-2.4995959209784667e-05,-2.502411354537744e-05,2.8154335066396824e-08,1.4515831056001067,97.42132600905575,1.6761880195533922e-06,1.0424786461003885e-06,0.07954536492882468,215.47891990265137,0.008522818837147889,394.68774219652823
670,0.16473428022685005,16.22145819505813,0.040659896091373895,16.12896714282441,0.051831156142339324,534.5608985532075,528.31542836633,6.245470186876649,0.032477879465837696,0.028907736951225754,0.3238042591635052,-2.069122425347955e-07,-2.1278352574130649e-07,5.871283206511007e-09,-2.5526629787815315e-05,-2.5553030571227306e-05,2.6400783027013204e-08,1.0331124621211587,-26.16402946334582,1.4696466268559923e-06,1.1141044078828e-06,0.08448789932053355,220.61504268949585,0.008884403656422984,215.64605045870485
671,0.17242147919630307,15.94565051672286,0.043955648983710266,15.793877711691717,0.10781715604742967,651.4284972151511,646.3697588737264,5.0587383414245775,0.023812365552043593,0.027779218276416676,0.3170703166219739,8.595367122380688e-07,8.548082667050154e-07,4.728445533053892e-09,0.00010013759705321442,0.00010011130273693138,2.6294315790738242e-08,2.1237592928769056,260.3287500365721,1.3747660277493883e-06,9.830605520226742e-07,0.08244130084754055,213.2383713649541,0.009117510186659187,-196.31452511880525
672,0.1853223751966862,16.397934813198315,0.04215321283668476,16.249845002716945,0.10593659764468759,745.0809595347108,739.2589368239405,5.822022710771337,0.03693877997487588,0.029121507031615194,0.32582759436510833,4.481858525274271e-07,4.432753243160389e-07,4.910528211388277e-09,5.129880692217774e-05,5.127070114185736e-05,2.8105779872142494e-08,6.3744829512490195,147.91915401395994,1.4285493597442459e-06,1.0345335484406119e-06,0.08738785615065148,227.40951830990073,0.009899338798310415,935.815016087945
673,0.18184154074343556,15.388082862207423,0.03625908937878695,15.269893817786503,0.08192995504213406,567.5399036983473,560.8704990031073,6.669404695238562,0.026747875096746584,0.028622764800185108,0.3308868095657426,7.600467863103204e-08,6.878969260643687e-08,7.214986024595207e-09,7.949971503548804e-06,7.923452266727158e-06,2.65192364064349e-08,14.849090109876547,162.55163280597327,1.125482902252829e-06,8.468759428732639e-07,0.08543987019447791,198.00818911582905,0.008612960209900704,-235.24099215378192
674,0.1703476688655623,15.36239105075988,0.03881572561329626,15.212151702496907,0.1114236226496752,555.5535870272705,550.842724275925,4.7108627513456796,0.038742379540544596,0.030741323448229576,0.34086497832241364,-8.665917073967449e-08,-9.081769153162653e-08,4.158520791952055e-09,-1.1215180550148022e-05,-1.124249526862471e-05,2.7314718021854757e-08,0.8948353732652032,19.283069885937763,1.9073126004372497e-06,1.2982043533919653e-06,0.090112984076457,210.39246682123334,0.008747987877695115,-198.91019135272109
675,0.1675129914646281,14.757973876495278,0.037000452730302176,14.627951467563644,0.09302195620133509,527.2483507877657,522.5891244931805,4.659226294584211,0.024945352411701156,0.02835587576513732,0.32297839482423296,7.104391560767402e-07,7.055431756908791e-07,4.895980385860956e-09,8.15210656917146e-05,8.149361394765595e-05,2.7451743739001334e-08,1.4269571604672977,-59.48350875379495,1.0889012667971713e-06,9.97851395145473e-07,0.08346979563272376,200.07455057008463,0.00858124351789226,-406.6441261010377
676,0.18733091252888426,18.023003546229376,0.046138852274678656,17.84830559881404,0.12855909514065422,541.3420752033843,534.5978597525493,6.7442154508348535,0.034162269690459726,0.03113967118051661,0.35882004803076284,1.6515185421284977e-08,1.181557525022946e-08,4.699610171055497e-09,6.401648560613973e-07,6.132813519584743e-07,2.6883503468826593e-08,5.922090076409318,65.33378315857723,1.9966988273613086e-06,1.1518800117241898e-06,0.09335621408844381,249.00740694901862,0.009143416149413924,217.4944280568916
677,0.16572247404807303,16.060974745121875,0.04249698036685664,15.928551445773827,0.08992631898118797,559.6411702231745,553.454049699707,6.187120523468102,0.03239054697359652,0.028960969384063052,0.3216750375742559,4.028870235920909e-07,3.9697343071212123e-07,5.9135928799697215e-09,4.716351724450904e-05,4.713649725751478e-05,2.701998648658803e-08,2.472085376763494,236.04505467049856,1.3512023498418104e-06,9.169505511360526e-07,0.08613849069674558,213.35587622511667,0.00924516331290728,-556.8782586467069
678,0.17280402491323638,16.720338368352937,0.04146472810118924,16.589933127156282,0.08894051309546763,617.096468508966,611.2965314003263,5.799937108639762,0.02830986663886513,0.026551143391191107,0.30381516888401283,1.2401627862617535e-07,1.1773432317342994e-07,6.281955452745429e-09,1.309400114339802e-05,1.3065767821642456e-05,2.8233320917968047e-08,0.971372839350075,17.843275751133937,1.2277565097798656e-06,1.2810393672013351e-06,0.08302519903565851,225.8388901846415,0.009206133889325839,202.03388250454555
679,0.18152515099087888,16.194811304856966,0.042480602418243814,16.044619635977256,0.10771106646146704,562.0021587457137,556.2524416464977,5.749717099215591,0.026674258987096747,0.029760406662831102,0.33064528410743593,4.973140429452428e-07,4.927450641219541e-07,4.568978823288481e-09,5.8108311757969605e-05,5.808015205623502e-05,2.8159701303748817e-08,1.6262650854558771,122.79173393642624,1.2071350361173178e-06,9.584794650712219e-07,0.09149707823873625,221.1506417258357,0.009098969528677062,229.07353261741628
680,0.17224641225514967,17.14002006660347,0.038572730360293704,17.00623719759641,0.0952101386467667,611.9739926349056,605.9209302826212,6.053062352285477,0.027834568063510517,0.02629397851441321,0.2935397550180097,9.153056631163543e-08,8.686046417854964e-08,4.670102133085784e-09,8.68066953164127e-06,8.65162523528419e-06,2.9044295942664644e-08,2.4210055716748906,125.4742314885776,1.6586031711595878e-06,1.2395732320567303e-06,0.07715426574600467,227.46145981800368,0.008753229954704874,-5.627801228537464
681,0.16461345319769413,15.156487192394714,0.039597709353558254,15.041142422158723,0.07574706088243113,714.5106062079197,708.6040801922641,5.9065260156567145,0.032459789546375246,0.027558643095518157,0.31316395784424433,-4.303451754016118e-08,-5.156468721557062e-08,8.530169675409438e-09,-8.167430850624875e-06,-8.193720681459255e-06,2.6289830539865053e-08,1.5875435176562918,33.12585263366658,1.7274527117045737e-06,1.0376760231859601e-06,0.08088683345109399,214.53284999490296,0.008282196948626697,-31.679639864661112
682,0.17936643787542653,17.067623430292567,0.040505344194367784,16.934622153536953,0.09249593256124754,819.6794869557096,813.9065541810445,5.7729327746666925,0.03296036237853227,0.03081685162948348,0.34476726164529786,-3.367156601927996e-09,-9.142534220456314e-09,5.775377618528328e-09,-5.781589930487607e-07,-6.066255795418416e-07,2.8466586034762007e-08,2.001227854912562,-332.64349372879826,1.3756946899256176e-06,1.0739859785258888e-06,0.08876104947304364,218.3315944374174,0.009469287309367767,-149.49763416134465
683,0.1902307401933342,17.28472087524537,0.04172605776180942,17.151335090591356,0.09165972689220248,765.7477125166556,760.2981555814541,5.449556935202441,0.041241913997857524,0.03452335786994289,0.390484139256705,-1.4103600217740001e-07,-1.4575261478645085e-07,4.716612609050874e-09,-1.821709629862518e-05,-1.824669551385267e-05,2.9599214674078413e-08,3.8217217824740874,137.924569316158,1.8411410678461637e-06,1.3754372162472094e-06,0.10170487917459681,218.3772470585338,0.009423551224816445,-460.3924446736919
684,0.18048935034418365,16.182626663076928,0.042021908653984995,16.038400287651655,0.10220446677128893,834.5322942081707,828.0668012378126,6.465492970358594,0.03788099279218434,0.03194113336002698,0.36881660945723116,8.859247443132163e-07,8.798695257118767e-07,6.055218601339462e-09,0.00010550924644074778,0.00010548132901714948,2.791742325598921e-08,2.035107657314378,78.59802718478826,1.3903551131652406e-06,9.112059841562414e-07,0.09040731534233551,208.01823637295527,0.009108463780347187,272.55179771536586
685,0.17507805416291894,14.857953040963402,0.040144014006738386,14.758746988190932,0.059062038765732995,542.4266546606364,538.2035700279238,4.22308463271213,0.03750833749118246,0.03011081340535757,0.3422211457335124,1.2863062981231856e-07,1.2215175626747917e-07,6.47887354483933e-09,1.400377018290977e-05,1.3977957079506718e-05,2.5813102982302336e-08,1.326316506589927,37.97174490093871,1.4651889512769146e-06,9.177626523913742e-07,0.08610092550418397,198.2222266393374,0.008449556013906723,378.14280751999013
686,0.18263264335084398,15.920902276945535,0.03985605145370578,15.787162142762108,0.0938840827297207,606.8815564532478,601.3661735343355,5.5153829189119925,0.037801542564930235,0.0328249011235975,0.3609735058510428,-1.1290975153290251e-07,-1.2035057404614424e-07,7.440822513241764e-09,-1.509171661174453e-05,-1.5118018199099837e-05,2.630158696903072e-08,1.6006803144926245,-64.59291696357361,1.5136457715625767e-06,1.6636508469548323e-06,0.0942243654111356,208.56800989712423,0.00920331907063819,-236.5415745356304
687,0.18801043188753058,17.19255498719393,0.044847412083154986,17.081130887639475,0.0665766874712965,752.0628634743742,746.4311715168734,5.631691957501191,0.04322611074892088,0.029973402063825972,0.362952921197423,-1.7892776341893462e-07,-1.8476306710238302e-07,5.8353036834483805e-09,-2.1468033338897376e-05,-2.149535429427643e-05,2.7320954987601885e-08,1.963796829143039,50.04778408496039,1.5645192559917368e-06,1.2351326134279302e-06,0.09249455059208878,240.25560329104277,0.009981675613815397,-763.8677166279913
688,0.17497585131579882,15.34451869065472,0.0410497383571256,15.204688689189373,0.09878026310822076,502.82872194225763,498.2936825247005,4.5350394175578534,0.034258376080812024,0.030397510796552764,0.34700465730897745,9.844521702876328e-08,9.226614941078217e-08,6.179067617981075e-09,9.631938118088933e-06,9.602571132228415e-06,2.936698553303888e-08,1.3953802942574205,29.08233687487732,1.236986311125483e-06,1.1103946580728187e-06,0.09023429573703062,202.15279505852556,0.008690634514543185,120.11731416367911
689,0.16493845990408706,14.71853302033683,0.03644937781709911,14.609523382269103,0.07256026025062545,811.1851675881317,805.7065639235187,5.478603664613102,0.03140680163129961,0.02763745047553413,0.3216449789146474,-5.82674805372556e-07,-5.864867171886034e-07,3.811911816047675e-09,-7.106640853378056e-05,-7.109408320035221e-05,2.767466614198994e-08,2.4276487699491343,95.28734594362817,1.3678262375737533e-06,9.147672478211277e-07,0.08055708505900772,191.32247144717607,0.008353103578652946,386.8052176776664
690,0.1829443920129135,16.87245268270654,0.04144166695128943,16.734231317495013,0.09677969826023537,555.754643881437,549.0277441465689,6.726899734867748,0.03945452037095381,0.02950436382705266,0.35094667050563205,-3.3219705583047624e-07,-3.3742194322777586e-07,5.224887397299568e-09,-4.086426565525903e-05,-4.0891087346599915e-05,2.6821690972048658e-08,1.0282218636795386,5.321305501621993,1.4484051589476315e-06,9.88461212880228e-07,0.08599692441915636,232.42018551079843,0.009431690522956346,-2.409476592338251
691,0.18230395680197656,16.133602466609997,0.04252588471295879,15.98586337035311,0.10521321154392843,703.6539836552555,698.0602247847911,5.59375887046471,0.03781997136363435,0.033108667394023066,0.37698316744303434,1.1420956386755628e-07,1.0861319228716596e-07,5.5963715803903356e-09,1.1314070858175576e-05,1.1286980191841798e-05,2.709066584117108e-08,1.1644214543538138,-13.198983781377057,1.715894189428949e-06,9.772175150700556e-07,0.0961025892905513,219.239658813782,0.009497280981263245,-229.83387304326152
692,0.17343134951208128,14.97880561028737,0.03886399462165446,14.850094209571154,0.08984740609455917,658.6944659753784,653.9740563646249,4.720409610752737,0.022454206697175468,0.03219581877120637,0.3661051469746154,5.453589591466507e-07,5.41240690282013e-07,4.118268864637702e-09,6.192636673857326e-05,6.189943848871857e-05,2.6928249513371523e-08,2.423777498833859,83.20760444914104,1.3124890543328357e-06,1.019408672846042e-06,0.09197401697730184,196.95794271734843,0.00908730513703433,-18.12353100760447
693,0.1878688703250856,17.320308499066826,0.04304159615849312,17.175312876574303,0.10195402633402846,532.7558185939201,527.4757035039952,5.280115089923784,0.03224792052188362,0.02768404731244483,0.3301072081234581,-1.9377851516112697e-07,-1.9841653156376474e-07,4.6380164026377385e-09,-2.6895210734616798e-05,-2.692396146230943e-05,2.875072721487099e-08,1.125895532824554,-44.28454819775149,1.2581117559771125e-06,1.0596466107301533e-06,0.08360001500306871,224.53421661337416,0.00921715930950248,-88.74440560015682
694,0.1902831181420218,19.440421823005067,0.04527879193320011,19.326667159278387,0.06847587179348189,684.811907260035,678.5752183018127,6.236688958221999,0.045841297544824376,0.032316461411308874,0.3706186690060357,5.119023110404291e-07,5.054578155518731e-07,6.444495488555972e-09,5.774730758421868e-05,5.771979153835429e-05,2.75160453654289e-08,3.133233821051988,93.69226516705956,1.8028173299536195e-06,9.84399418358304e-07,0.0925720190023616,257.361653705599,0.009680675564842726,793.6264258494011
695,0.16206851066348368,14.874218113076303,0.036518245194391105,14.751372050640244,0.08632781724167043,508.1168991736099,503.12600451192066,4.990894661688926,0.027793366646759174,0.02637104778670189,0.30099590002545706,-5.536581984521e-07,-5.593315113870864e-07,5.6733129349861965e-09,-6.754584210193115e-05,-6.757204083691479e-05,2.6198734544655112e-08,1.3332677680711233,204.23280987281126,1.2165512766604665e-06,8.607545099871418e-07,0.07705306243780966,188.34711958359398,0.008676341457206254,534.8369204094442
696,0.16841810878372498,14.08159391427264,0.03800354413120516,13.985075265338207,0.05851510480322906,539.5124202456612,534.8848885326701,4.62753171299014,0.028417305935759557,0.027432799819957648,0.31171499469750996,4.5676341496517966e-08,4.0030227108472976e-08,5.646114388045004e-09,4.841803271388257e-06,4.816865073099376e-06,2.493819798046646e-08,0.8824127265795509,236.13129206690982,9.682972972512375e-07,1.0393547430086906e-06,0.08405064232624142,186.26994228877797,0.008629339349284034,-243.19535636406
697,0.16878874870863572,14.842880184372232,0.03861526425870554,14.71672951237975,0.08753540773377658,559.573227677047,554.5337285354454,5.0394991416018895,0.027575547441765512,0.030438014065598436,0.346646332053669,-1.5111035523558607e-07,-1.5526729536394027e-07,4.156940128354207e-09,-1.8548685140318787e-05,-1.857622538928269e-05,2.7540248576860182e-08,2.2347811504018695,57.96251611896419,1.0883570922559999e-06,9.25430868171477e-07,0.08897991434863957,199.03587372204186,0.008474630602323887,-127.89892310835967
698,0.18797668431733272,16.86044212287394,0.04326449854366316,16.733610913751054,0.08356671057922223,625.0227984985554,619.5386351045108,5.484163394043681,0.0374787310624623,0.03409421410156857,0.39166021550675006,-3.3794856196976617e-07,-3.4510955053836134e-07,7.1609885685953974e-09,-4.153817214486738e-05,-4.156506850019815e-05,2.6896354822912362e-08,0.9847122742876451,226.65210598696993,1.3843534438951834e-06,1.3721822921894371e-06,0.098871424552356,225.01189313800356,0.008837936819680836,139.6610851327505
699,0.1612593647882661,14.424817556808339,0.03738039745829813,14.293965281083407,0.0934718782666336,452.6964371189628,447.95261258342157,4.743824535540764,0.023092546505842217,0.026315199050327167,0.2938043180599321,1.8928070167454667e-07,1.842452626904123e-07,5.035438984134323e-09,2.155835875889284e-05,2.153222148048215e-05,2.613727798882223e-08,1.3240159663760638,341.0940275243155,1.2201531211165548e-06,1.1930267808515171e-06,0.07883138590527211,192.92610126195137,0.008377478090173246,-129.6656652274396
700,0.16445834080478958,15.657342760027365,0.03934046394094424,15.55814624259319,0.05985605349323017,687.4536747556001,682.4943720721473,4.959302683451204,0.030279341014623325,0.026926966685724352,0.28872195000395623,8.192577116182928e-08,7.526412384790363e-08,6.661647313925618e-09,7.309907522920135e-06,7.28391445769711e-06,2.5993064818874247e-08,2.5151915496857438,218.01566398560448,1.4683196291838982e-06,1.0519566618683425e-06,0.07830940754245523,210.5906082530143,0.008805892032434783,-107.20517616157213
701,0.17500726135224404,14.80687464939866,0.03738042294393894,14.678154479571,0.09133974688372173,539.479200707525,533.7437760541715,5.735424653353686,0.03326486901359803,0.027635619151679183,0.3376348639516533,-4.3377730546484975e-07,-4.3833811206999444e-07,4.5608066051447795e-09,-5.2968268708147453e-05,-5.29942113833042e-05,2.5942674866731355e-08,1.050744906971722,60.972014975865754,1.3005259962679472e-06,8.495012632560374e-07,0.08176979506002044,195.48785379688817,0.008512974550544596,120.88220798244856
702,0.19159216423425796,18.226323649129576,0.04307742797597168,18.11456456513398,0.06868165601963162,872.4740524853312,865.784946793886,6.689105691444457,0.03460473862809505,0.03322455847526716,0.36533759817064404,2.2547394877784385e-07,2.1974433811940316e-07,5.729610658440659e-09,2.359918029691964e-05,2.3570914621981006e-05,2.8265674226063977e-08,1.3454587496327541,107.7683462136001,1.3290422612582402e-06,9.108662415744868e-07,0.09456691865054839,238.73560359315545,0.009594468535963957,-350.0913094257212
703,0.17869882564035008,17.519465891169858,0.04278158179127866,17.37961018368562,0.09707412569296006,633.4921537851889,628.7977836239615,4.694370161227749,0.031624090164510614,0.028826135081737193,0.31835657903569947,1.263669303885856e-07,1.2145454574128942e-07,4.912384647296167e-09,1.2618785150994859e-05,1.259217080521813e-05,2.661434530032905e-08,0.9593017894276873,48.55914237142187,1.6260392823933282e-06,1.318269443455868e-06,0.08430748569687933,231.99057070007677,0.00979364569075262,388.81373862997316
704,0.17616693563861976,16.04694997519086,0.04205206613795901,15.925852552107806,0.07904535694509439,882.8254022700244,876.7773806229264,6.048021647096889,0.036998844185939364,0.02977888386955136,0.3314950648445713,4.564379758031046e-07,4.520616544602676e-07,4.376321342836985e-09,5.2723560480222655e-05,5.269554253267274e-05,2.8017947126488273e-08,3.5494812200065207,124.43412057841255,1.3517837950017804e-06,1.1506676568081544e-06,0.08743545430932154,212.1960525008751,0.009289034615711613,393.06651859507474
705,0.17147558760220927,15.528807606140049,0.040759265790929866,15.396490076081013,0.09155826426810623,531.3310368950674,526.2424114244877,5.088625470579556,0.024233851447571595,0.028831341282175238,0.33285036396136486,-5.000056714627418e-07,-5.06980074716346e-07,6.974403253604231e-09,-6.028165419142494e-05,-6.030841888906777e-05,2.676469703531309e-08,1.732187294164463,39.631666296045275,1.628540032691923e-06,9.880795780566207e-07,0.08869297522217064,208.3021500504835,0.009274411907042288,452.99866393359116
706,0.18531834738007336,17.43031994323196,0.043377021692751885,17.295863858097793,0.09107906344141578,565.6037855499027,560.9075920389873,4.696193510915341,0.027170363648203775,0.033786414017615084,0.3737866254338195,3.545586109373367e-07,3.49926783716713e-07,4.6318272206237386e-09,4.1470455087128003e-05,4.14427045419996e-05,2.7750544790823965e-08,2.543617772384195,145.5839841561339,1.3130539382048149e-06,1.0475506223795082e-06,0.09707375765071759,234.4272685199635,0.009776952270544797,221.8838618529835
707,0.16625979152864703,15.73827790994217,0.04211899707611006,15.598428119393327,0.09773079347273216,573.8305488527203,568.7669708260779,5.063578026641567,0.031066617939920962,0.026208347153648837,0.3000301271617595,2.9154967783032353e-08,2.487177645421373e-08,4.283191328818629e-09,2.1684732606064447e-06,2.141782091070112e-06,2.6691169147743012e-08,2.8721596683734427,-16.904687945548936,1.545180335947832e-06,9.253611570878311e-07,0.08077090517304937,203.5253850562248,0.008487708918388608,60.473928785442695
708,0.17064597648849764,16.920195636899823,0.042307976897332754,16.82296541904665,0.05492224095584365,683.0901684228309,676.9249969899179,6.165171432913008,0.03113433356932137,0.029460232305128637,0.3250892081518449,-1.3810948302926553e-07,-1.4313798552827358e-07,5.02850249900803e-09,-1.6358274972329054e-05,-1.63848293637903e-05,2.655439098810361e-08,2.9115925476190965,14.261803816335393,1.491846405733081e-06,1.312424671658534e-06,0.08668743725461196,224.51702094966402,0.009270880761932372,822.5532094063346
709,0.1678518292985746,15.740378788786856,0.03570169326908362,15.618597552111899,0.08607954340587574,513.6620859276446,509.2081789677873,4.453906959857757,0.03640891681121643,0.02745065614860147,0.30577579819484063,-3.266997381080084e-08,-3.766385047243028e-08,4.993876661629451e-09,-5.607855204758703e-06,-5.633318411005634e-06,2.5463205834225604e-08,1.3090608408115414,39.8279522222432,1.2350983038647636e-06,1.195571664049903e-06,0.08178909046299443,201.89497209869853,0.008344201686825902,463.581292657811
710,0.15894364253810608,15.350018665560155,0.04242461871956527,15.211499542929948,0.09609450391064207,543.7088468610718,538.279163667749,5.42968319332335,0.037133896477667044,0.02464427263083084,0.26493691323687685,-1.1209816648311509e-08,-1.5574055769561946e-08,4.36423912125044e-09,-2.9095937763487293e-06,-2.9353584429872077e-06,2.576466620939986e-08,1.5089268842753967,30.396632288111984,1.1928190784413296e-06,8.935875933856611e-07,0.0725235007882468,212.8540280958367,0.008984087499427596,-68.81205470929672
711,0.17370624170854462,16.49022580973197,0.0393404690645485,16.36637264513897,0.08451269552845117,551.4547233043837,546.6470401396068,4.807683164777005,0.038429303994636274,0.027685053061145118,0.3112146788899624,-3.881017903711713e-07,-3.9504457086547574e-07,6.942780494304585e-09,-4.7010039877376756e-05,-4.703645129992428e-05,2.641142195914553e-08,0.8210490282165714,-77.3509860248421,1.088693421316053e-06,9.143984743300085e-07,0.08186177264258183,228.66814273277578,0.008803657180219264,270.7269593212186
712,0.17840291906898237,16.013273305312353,0.03961526809316209,15.891978685754792,0.0816793514644002,673.0810072294878,667.9132791412275,5.167728088261285,0.03686382355288452,0.028838614224295758,0.341565534059625,2.7688809860173053e-07,2.7111038203213225e-07,5.777716569598218e-09,2.8931356214121823e-05,2.8903787049440582e-05,2.7569164347282472e-08,0.801496189739717,138.67157217560663,2.0477494027256507e-06,1.009667363390909e-06,0.0867533930874187,221.07318272411618,0.009190773438459029,397.2159041366094
713,0.1660684284684475,15.42327996959007,0.03910745388986263,15.296605090310463,0.08756742538974034,512.242005185227,506.0807167235281,6.1612884616983745,0.03425716013456572,0.027272602890022295,0.3157316479797858,-1.7275482873662607e-07,-1.81735987787116e-07,8.98115905049004e-09,-2.544382271336501e-05,-2.5470923073200035e-05,2.7100359418396705e-08,1.5918192621306235,150.00639126542953,1.1141088800504866e-06,9.515931773054563e-07,0.07986037052567235,200.9065525741609,0.00840112711632756,278.4383003097928
714,0.1690784856452867,14.745008385652598,0.03782021273998213,14.633969702881263,0.07321847003135229,534.8410637357775,530.4042077558971,4.436855979880469,0.03151311576864829,0.028309202026322932,0.3168047244327516,4.55233147262919e-07,4.5020502482216386e-07,5.028122440755082e-09,5.273524532227778e-05,5.2708589225903066e-05,2.6656096064904235e-08,0.9657153951313578,100.10406162692206,1.3437101664297504e-06,1.1037339649040445e-06,0.08338651906964395,190.48087375925877,0.008551014945817786,794.959078604973
715,0.1687943900281086,15.794581585971388,0.037919318752401586,15.689340628112673,0.06732163910631343,465.4314638453307,460.3851679585061,5.046295886825422,0.02451401348716305,0.029771816524845583,0.33477907654734634,1.6936312387881365e-07,1.6494101169219644e-07,4.422112186617249e-09,1.961469000383954e-05,1.9588763925468727e-05,2.59260779517944e-08,1.828276652318814,-3.546405744565799,1.2016328249889132e-06,1.157615767140897e-06,0.0855831734695823,204.97465369000662,0.008608680326390533,-238.6286893043798
716,0.16587602895949335,16.31918269594944,0.04562989556815374,16.18946528346032,0.08408751692096846,578.0666689906105,572.1138079196472,5.952861070963237,0.020037323660437978,0.027294741554062755,0.3110401802316075,-2.414990155372854e-07,-2.4797163325114565e-07,6.472617713860286e-09,-2.855485725060067e-05,-2.8582820951801654e-05,2.7963700682436944e-08,1.667703911424012,28.93742416037869,1.6353090781122216e-06,1.0175071978495408e-06,0.08226779721385429,212.75747636758038,0.008789092131799124,-542.9564158225949
717,0.16960447316475247,15.90559680736324,0.041591832693328286,15.803009359727294,0.06099561494261704,564.2780380433038,559.5893749179068,4.688663125397206,0.027561670074500357,0.027404679225388893,0.3088941366366263,2.246537298480731e-09,-3.000920285859462e-09,5.2474575843401955e-09,-3.2491212328891596e-06,-3.2750932609504323e-06,2.5972027716867814e-08,1.199519651350325,-27.21854661706541,1.3801342082752744e-06,9.63209304600092e-07,0.08036031398177436,216.7000340534942,0.008735899152179134,444.0856527125861
718,0.18721880486544715,17.424437487478553,0.04164176555622315,17.286756849569183,0.09603887235314477,561.3535834574857,555.6843687741103,5.669214683375745,0.027944769975311017,0.03192405640149252,0.3646253607704343,2.6658108408880404e-08,2.1670834645554116e-08,4.987273763326285e-09,1.9204206791660087e-06,1.89272874425397e-06,2.7691934389685693e-08,0.9170530062681685,48.54728989308862,1.3810125211289813e-06,1.0913648148929513e-06,0.09342801277101705,225.47117441519438,0.00902487486344836,313.9200053430768
719,0.15917370869716235,14.292283584200176,0.04529488638462342,14.159031845320795,0.08795685249475249,583.3180277189497,578.3734730783416,4.9445546406075875,0.026624365108034214,0.023868280663964965,0.26795315604337067,2.4430734516569484e-07,2.39963718481918e-07,4.343626683776937e-09,2.7571324921019548e-05,2.7545670247413432e-05,2.5654673343222613e-08,0.7045971916820329,71.73801362105664,1.1628168721312267e-06,8.454393263366473e-07,0.0711449032061637,208.43749958204802,0.008484429038349891,-217.98948374489737
720,0.16138726875970782,15.535079722475317,0.04324782424556547,15.397982709236583,0.09384918899316685,755.6657984154567,750.2179340991886,5.447864316268808,0.029825073268599997,0.02395346807392553,0.26358880113007516,-7.67079355255789e-08,-8.267341789248543e-08,5.96548236690654e-09,-9.849870467585086e-06,-9.877645903297968e-06,2.777543538753977e-08,1.9582902244887141,-186.6593137121772,1.0305102659533366e-06,9.268622505799713e-07,0.07651989512544831,206.52572701465525,0.008580719523535646,-866.8558705581017
721,0.16311364601043027,14.753981509287673,0.039774615689790994,14.626957374638453,0.08724951895942984,551.4726611765774,545.8644951879842,5.608165988593324,0.029883580871957506,0.02541556581170781,0.27529957362711593,8.208479954141789e-07,8.169721122891632e-07,3.875883125015669e-09,9.615458854885507e-05,9.612796884261982e-05,2.6619705864109642e-08,2.520003241574866,70.45686737087574,1.219214436358172e-06,9.467588635579019e-07,0.07381439454898651,204.76434544149384,0.008595650212559197,362.5817055009011
722,0.1673762637183544,14.549364435946421,0.034754725711372066,14.42916173978733,0.085447970447716,484.6422911793257,478.875783003866,5.766508175460004,0.023779385795329896,0.029003244090812706,0.3365611912584518,-1.7919990468646434e-07,-1.8363928928180464e-07,4.4393845953402925e-09,-2.1145654409644894e-05,-2.117286389545484e-05,2.720948546354909e-08,0.9902942633689754,101.46238133965674,1.0024426683001687e-06,1.062349513946661e-06,0.08309425418811166,195.1761228762099,0.008348918432037073,-276.2513569972243
723,0.1612094481661011,14.738678388812124,0.03604189933957238,14.618830744557632,0.08380574491491986,674.9531986443261,670.1462784997486,4.806920144576498,0.02522127835109193,0.02624796209915874,0.2965179707252754,2.7524207779955155e-07,2.703044285647583e-07,4.937649234793153e-09,3.362804586752557e-05,3.3601886512791506e-05,2.6159354309690585e-08,1.4446018673675272,-6.6858232056753,1.1082928252815656e-06,8.612638850925283e-07,0.07630588074123279,196.01900029638284,0.008381373357572617,-18.871393066198834
724,0.17448034509929009,14.597389935041726,0.03788545974187509,14.47771534822144,0.08178912707841482,865.8858944568682,861.1613754351667,4.724519021701333,0.024361738982043735,0.028829159495433385,0.3403285747957354,-5.25473793902749e-07,-5.300884544676357e-07,4.614660564886528e-09,-6.331499222686265e-05,-6.33407460647214e-05,2.575383741335369e-08,1.2463596599658908,-59.86585044772045,1.0653966476996238e-06,9.470066857325946e-07,0.085351517056827,198.91634801239724,0.008811272454105162,485.7740343188989
725,0.16324569961668584,15.125375172214838,0.038490654000463954,15.002195751433867,0.08468876678050587,646.1920857108488,640.7391411282609,5.452944582588304,0.029905967384733268,0.02638935937505827,0.30046560727975696,2.60052605671977e-07,2.5342311083532336e-07,6.629494836653674e-09,2.9437805496738354e-05,2.9411888261519802e-05,2.5917234833748766e-08,0.7710967532547869,24.540973690227897,1.880759098303801e-06,1.2371191453238921e-06,0.07626954041300565,214.27368798635231,0.008570163219395823,-91.40270995461196
726,0.17441192407484046,16.163875880944396,0.041322869680839,16.04089352910946,0.08165948215409448,640.8266848508104,636.4475176953483,4.379167155461735,0.032590940673580863,0.029962549196127918,0.3519683809987172,3.581551142935268e-07,3.530435441383078e-07,5.1115701552188694e-09,4.137863673616164e-05,4.1353182769861225e-05,2.545396597580434e-08,1.2108740964336677,31.772030829071436,1.2759783918213048e-06,1.344171783026786e-06,0.0868872005543605,218.08483145205417,0.009200055581180776,-249.6710190631602
727,0.18055163202633295,16.375871100605625,0.04430285294257141,16.23615594761677,0.09541230004628826,758.3288624506296,751.1773916064951,7.151470844132981,0.030678187151613495,0.03248073260941901,0.3606665156799613,-3.287583473897919e-07,-3.3450571044828853e-07,5.747363058496791e-09,-3.957799472654296e-05,-3.960792063451738e-05,2.992590762561326e-08,2.8327994242630217,90.15828667717214,1.7062181621509693e-06,1.064398339430674e-06,0.09436608643938457,217.6587407635929,0.009248473867373005,625.4148344399164
728,0.16335549116882567,16.611914172329744,0.039454891427699534,16.48739638716576,0.08506289373628446,532.7390462994439,524.9623902746831,7.77665602475994,0.03491557844818004,0.023837554102673367,0.26039029730892577,-1.7347423824864197e-07,-1.785959136383329e-07,5.1216753896909235e-09,-2.0976862884312546e-05,-2.10053840072045e-05,2.8521122567914862e-08,2.3448016208728113,3.3308312859485856,1.4091652010001314e-06,9.418049768485697e-07,0.07188886490162033,221.87054199247783,0.009341891448931843,-340.0115120149412
729,0.16387289221561516,14.844547598680924,0.040855404591822214,14.73996017097629,0.06373202311281213,787.5373189622584,781.463608440371,6.073710521887512,0.026193713242130608,0.026788206598803245,0.299868330324147,-2.553630248097609e-07,-2.59865344434889e-07,4.502319625128036e-09,-3.09832110750291e-05,-3.10113526591512e-05,2.8141583804468064e-08,1.7821263634356457,214.46246168978567,1.3089853904678868e-06,9.979066083595164e-07,0.0794748393820252,203.90360469608268,0.00830335166765652,-383.7008152268654
730,0.16832307190078763,17.42635458769915,0.04914080114407114,17.23923927027319,0.13797451628189497,518.9736432991781,513.7896387443386,5.184004554839689,0.02603075592046348,0.027487131978352498,0.3186547526168986,-1.0541950473129803e-09,-6.6281375963611265e-09,5.573942549048145e-09,-1.0051975220023656e-06,-1.0359343022844904e-06,3.0736779834479844e-08,1.7694488500509415,-4.578537925097978,1.935457270604239e-06,8.952435026157215e-07,0.08142776022293435,234.21116332487935,0.009113013965177793,325.49564765083323
731,0.17595505812469997,16.045103539799882,0.04064693895998619,15.953572086915656,0.05088451392423641,588.3368514413279,582.1314455266674,6.205405914660406,0.028471414119608313,0.02684059545595239,0.32507611704171074,-3.1671096832999784e-07,-3.213234340365491e-07,4.6124657065513025e-09,-3.843955116380969e-05,-3.846630892790699e-05,2.675776362877741e-08,1.7411159375204552,120.12677370104508,1.6931140316035562e-06,1.2477843427022605e-06,0.07876780507136667,213.55082743955333,0.008938311753951813,339.95359651502804
732,0.1649039200973011,15.1078031470945,0.03692659165351623,14.96972437874658,0.10115217669440539,629.5113239127718,624.5360258842225,4.975298028550352,0.03011542469214312,0.028293811316572017,0.3243031138309415,2.7696624358279266e-09,-2.4377804232815252e-09,5.207442859109475e-09,-7.426343744115453e-07,-7.696404534126156e-07,2.700607855089093e-08,1.2058603642563357,85.09884023266042,1.4681735905464543e-06,8.940322728432946e-07,0.08198693299736988,203.86744113959264,0.008434525000175774,-80.59633541096628
733,0.16328700406856178,16.130200177081264,0.046704869419860455,16.013184701910887,0.07031060575051522,606.9075424604271,600.978935738383,5.928606722044155,0.032223559293517466,0.0258311952477624,0.2815076168650928,6.434211181814606e-07,6.380022094733104e-07,5.4189087081499875e-09,7.443048815324526e-05,7.440323878025871e-05,2.7249372443792673e-08,1.1209149858284158,181.64394985392286,1.263351140696912e-06,1.1293823160425763e-06,0.07724907595411973,215.72444947147483,0.009043501560092622,243.1402847395966
734,0.17958865401687618,17.59802059538596,0.04999973331139801,17.460057607479172,0.08796325459539141,706.544100192618,701.8923018702422,4.651798322374229,0.024461010602329202,0.03082718568438163,0.33761580303589894,3.2015576188389117e-07,3.1494881503976903e-07,5.206946844121888e-09,3.6463567463078974e-05,3.6438092867827556e-05,2.547459478065178e-08,1.1090459418945053,161.8455738877458,1.454902116965494e-06,1.3662965265441393e-06,0.08775695257620778,234.31764761991843,0.009262172309169342,-162.95888004407607
735,0.16649674519283272,14.87538236529581,0.03865920468283903,14.744798015685802,0.09192514492716866,548.5379390330563,541.8057519296109,6.732187103445874,0.023590636803050957,0.027023033125788003,0.3117903365700494,3.206036961537354e-07,3.166921102990141e-07,3.911585854721175e-09,3.7126254278248024e-05,3.710091767821441e-05,2.533659969560395e-08,1.2674107184991283,185.5308586075373,1.34624519876189e-06,9.332189880441929e-07,0.08072205061263177,206.285006642673,0.008886735078406392,404.20885405226545
736,0.17873195765170122,16.79397355136462,0.040462362979598945,16.65808000549163,0.0954311828933947,759.141777537624,754.1541513044064,4.987626233216873,0.0320388911269922,0.02852195374583882,0.31739474520581656,3.354659189935071e-07,3.2909104748607026e-07,6.374871507436908e-09,3.6885363530339264e-05,3.685797514339576e-05,2.738838646144239e-08,1.7032570753796688,99.59548652729677,1.7538759507018467e-06,1.0596238582235074e-06,0.08349183345087476,226.81411530796825,0.009790885451337496,-625.7176400428953
737,0.18243961029066746,15.785462909424218,0.03930256529661409,15.676027787893823,0.07013255623378227,673.3631809850555,666.6548892803645,6.708291704690347,0.030167598991689425,0.03299146440987294,0.3924974083533803,4.4813685895418767e-07,4.432414924842818e-07,4.895366469905748e-09,5.069782231767423e-05,5.0672353696739966e-05,2.5468620530917802e-08,1.0037978484130416,8.010530823162604,1.878061274743814e-06,1.0459613123100444e-06,0.0969383083804898,213.75183000111207,0.009295038842935054,249.24188873688217
738,0.17678956913944055,16.449606816931073,0.039261234020371606,16.328491319668423,0.08185426324227749,638.2591322544397,631.3578902668471,6.90124198759269,0.025532089724222974,0.03097374542999563,0.3422283580596909,-2.8000070723988003e-08,-3.2543391866937114e-08,4.54332114294912e-09,-3.880575211898273e-06,-3.907834717671761e-06,2.725950533873981e-08,1.344324876239273,186.4512280786941,1.5581966137329193e-06,1.1890670220073658e-06,0.09024116170732387,222.76986989982072,0.009307361923026858,21.642100321017097
739,0.16727658830241074,15.835799469359493,0.043890234577077025,15.677013470651167,0.11489576413124954,587.395701726187,581.4166560438084,5.979045682378735,0.031793147066803244,0.025930589058465174,0.2912174875043629,-3.045225901174577e-07,-3.10095899737636e-07,5.573309620178285e-09,-3.817248093842979e-05,-3.819873553415974e-05,2.6254595282970837e-08,1.4043118941739932,-119.69357186032639,1.5634016291993903e-06,1.035354901907965e-06,0.07640381203425074,224.14575584355313,0.009368421236995089,-116.65565030523521
740,0.17451308818707137,15.635202264150042,0.03779667001055387,15.547583093603247,0.0498225005362376,556.1768495415469,551.9883601538627,4.18848938768406,0.024851178306194693,0.029448036161819645,0.3346913279490343,-4.2101694348497674e-08,-4.781838489726843e-08,5.716690548770759e-09,-6.294175573527277e-06,-6.319603016682729e-06,2.5427442660142332e-08,1.1352998236880651,-67.59058512100617,1.4031743927364202e-06,8.908265953423428e-07,0.08504982951477963,216.21717694306668,0.008996577866617754,403.9248704185793
741,0.17269229652737306,16.420143751074328,0.041146261850302436,16.276743279802574,0.10225420942145122,491.55170967917775,486.2054589121469,5.346250767030868,0.029830345708683762,0.030667058205953286,0.3415741954626064,-3.154273588690066e-07,-3.2124089128303213e-07,5.81353241402551e-09,-4.08009924424455e-05,-4.0828118423638174e-05,2.71259805985677e-08,1.1071091080447213,84.77518744789522,1.455412631374023e-06,9.253144428569279e-07,0.09057793706994591,221.92376249771647,0.009036887474603036,353.5992454786183
742,0.17251950902209431,17.25604392302646,0.04217815584256585,17.13041660964871,0.08344915753518363,698.1988401080158,693.2149873158535,4.9838527921633835,0.03353238890381355,0.027947432498915625,0.30482696716556806,-4.876195026020908e-07,-4.946148717854889e-07,6.9953691833979625e-09,-5.923913793631406e-05,-5.926597751569286e-05,2.683957899499316e-08,1.0426744105358388,-524.0123026627956,1.3426090640074902e-06,8.765911354564081e-07,0.08270645985404454,227.93430061014638,0.009029722779498022,208.14947610203217
743,0.1770775561111528,15.573205248137107,0.03856287391211147,15.46134832785189,0.07329404637310537,543.7074049788894,537.8660782619686,5.8413267169214,0.03834786413999561,0.03005609079817064,0.331299969751998,7.910209806152387e-08,7.48224242291936e-08,4.279673832330283e-09,7.084939268840726e-06,7.059854553435192e-06,2.5084715056911645e-08,1.0422338764787544,-46.45764762535634,1.2342154784375916e-06,1.2688208026073882e-06,0.08733458073486254,206.33516680797854,0.008870246786391176,-365.10645779307106
744,0.15958699004954954,14.774645091848903,0.04030463788115041,14.651652307787552,0.08268814618020007,702.4916822382633,697.0991758893706,5.392506348893404,0.03299908007712439,0.025274184458625358,0.2874713029877616,2.5367980209494525e-07,2.481674479495622e-07,5.512354145383131e-09,2.707929658466751e-05,2.705108820441261e-05,2.8208379837917667e-08,1.6773970176297515,289.1824727913876,1.1614464709556728e-06,8.419901830127984e-07,0.07447828715059789,207.6463208122332,0.008531174681778974,-221.37516323522595
745,0.1566911095280295,14.042346546852027,0.037989290906250674,13.908959036317933,0.09539821962784091,644.4775103440378,639.1288449036741,5.348665440363738,0.02805784681073874,0.022288277038323197,0.2596436538019515,1.210351875660524e-07,1.1621776837073447e-07,4.817419195317982e-09,1.5118238286367341e-05,1.5091692696526253e-05,2.6545589426818376e-08,5.4151857412386315,230.62780886780274,1.3509168362079779e-06,8.859537126582579e-07,0.06803417204827748,182.38015367366302,0.008475675850007263,67.133767398891
746,0.19318938637745003,17.832851388056685,0.044137253941563384,17.696362729713393,0.09235140440173004,625.0443073554641,620.6114935169702,4.432813838495461,0.031880042369469314,0.03074155530713117,0.3825310409549664,5.05796638934085e-07,5.012221860450821e-07,4.574452889002997e-09,5.753991527735393e-05,5.751087169011144e-05,2.904358668882054e-08,3.5257896159063895,78.87429335112363,1.4018421375697223e-06,1.1824683302927314e-06,0.0925325959065318,231.74757661071033,0.009991985757968195,156.53286566073257
747,0.1653866366845649,16.968503338807132,0.040671531380837955,16.834690772605832,0.09314103482045968,598.0877850683836,592.2769916878281,5.810793380554854,0.037827372323003344,0.025237628239887008,0.2775436578075534,-1.3598047920675698e-07,-1.4158514521110253e-07,5.604666004345632e-09,-1.8385544926198983e-05,-1.8412200988751564e-05,2.6656062146336837e-08,1.5100037042546897,179.70117480388888,1.3102289480596533e-06,8.528588341119986e-07,0.07465870451103308,219.2046278482965,0.009351805042254099,218.0874426815526
748,0.1690628239415891,16.055093410843646,0.04245545769638573,15.931384651863032,0.08125330128422718,679.3059681121697,674.212993494324,5.092974617845733,0.02457167731989618,0.026624636641827435,0.3129416551658522,1.7387144074432972e-07,1.6890207602272653e-07,4.969364721603209e-09,1.8813189296185603e-05,1.8787311674387628e-05,2.587762130724448e-08,2.1453649393539815,99.7567837339546,1.7031938166279687e-06,9.72249630263446e-07,0.0802580074305324,212.55976180887671,0.009135301884392263,310.04412952330404
749,0.1655673568248779,15.26572358478811,0.03889459036377014,15.142480424068804,0.08434857035553636,702.9145233585184,696.7575361279974,6.156987230520209,0.026475362793705232,0.02619130653418088,0.288847087876493,5.132988780310383e-08,4.598499855157892e-08,5.344889251524895e-09,3.3548640707114384e-06,3.3282473527334196e-06,2.6616717607165848e-08,0.7911440199449338,-121.19408156864844,1.2079385672089625e-06,9.548372159311447e-07,0.07912971023164564,195.69606011811834,0.008590484630914169,-76.39637231505003
750,0.16513077373815627,16.438432062873463,0.036181230268642325,16.29462303035488,0.10762780224994013,831.9800753045604,824.7677500811815,7.212325223380639,0.027749871522421997,0.02640067668757945,0.29463800066692253,6.587698147431465e-07,6.530443399036755e-07,5.725474839470909e-09,7.572505765992443e-05,7.569789392878878e-05,2.716373077840546e-08,1.9606007565516401,191.03910090719808,1.4940050305124353e-06,8.862853557107994e-07,0.07883152869912033,226.19168420184596,0.008838002732447127,135.20608261681627
751,0.1869561191308975,15.920757170451612,0.03880314808047986,15.794102572374214,0.08785144999691814,598.1339566654045,592.5892705217816,5.544686143623517,0.03435825965938261,0.0338083912757722,0.4033058353439263,2.82901468171693e-07,2.779011089164523e-07,5.000359255240745e-09,3.07278904092632e-05,3.070151222388101e-05,2.637818493739311e-08,2.8452990203302067,152.40150758432753,1.2446736971155703e-06,1.0850036314600684e-06,0.0952918684230981,215.74965849636817,0.009412356534200125,622.8794330817145
752,0.18239262728879724,15.457778016252531,0.038597551334974264,15.33603158635289,0.08314887856466756,638.6478416582441,633.4988513719798,5.1489902862649055,0.029853437796262806,0.03168126882044588,0.3737722507046251,-2.3843405417421534e-07,-2.4309891627655375e-07,4.664862102338471e-09,-2.8766541356735802e-05,-2.8793772697048836e-05,2.7231339849943087e-08,3.1789758550496034,73.42948527503549,1.2893088411559122e-06,1.0611389360572053e-06,0.09139802765029569,205.96809878862436,0.008937877333393403,-178.31732976849526
753,0.17983412110001276,16.49517990326126,0.040302516917239926,16.37102264856635,0.08385473777767033,601.2343525410665,593.5436790704774,7.690673470589289,0.024748158282423004,0.029722316098883702,0.34252136506268044,-5.718008416762574e-08,-6.171505347493932e-08,4.534969307313597e-09,-8.186297628522248e-06,-8.215997246170411e-06,2.9699617323989502e-08,0.8178066184782612,68.96692331580496,1.4562602112211043e-06,1.1206021522821938e-06,0.09128835102309975,215.28764833231003,0.009023476387208552,414.27215354061536
754,0.16778653703772625,15.755532309808276,0.04030977585327843,15.653367468213013,0.06185506574198527,620.630573027751,614.3095843523143,6.320988675435714,0.02430390005179928,0.027456980104525703,0.3073205147562316,4.724018448141309e-07,4.6815497904419794e-07,4.246865769932847e-09,5.426593929920476e-05,5.4239268811160384e-05,2.6670487614883232e-08,1.06564289265728,-82.39639276855254,1.4288888436620984e-06,1.2709553554480535e-06,0.08087697999739885,207.58491363388944,0.009240500629930678,-319.41277013634044
755,0.17723864325055644,15.870392947268282,0.04133586824700013,15.742558242647085,0.08649883637419692,539.5450146213409,534.3445639594871,5.200450661852908,0.03452923435368134,0.030246864425049483,0.3396618460537374,-2.4379248839983075e-07,-2.481953954052885e-07,4.402907005457972e-09,-3.128640625059811e-05,-3.131125207965346e-05,2.4845828518640978e-08,2.025287699735494,208.59680107159681,1.6905356582742474e-06,1.7821650120822803e-06,0.08707143730908966,217.73095267112265,0.008757195421913031,-39.96772545534441
756,0.16497807752743612,15.515932227880686,0.04016171738462758,15.355534995977813,0.12023551451824632,640.7150719278693,635.0224638836087,5.6926080442602505,0.02684992599056469,0.025948484380694394,0.3011672380106108,1.8293084843499593e-07,1.7610147146427354e-07,6.829376970722356e-09,1.8670128942164857e-05,1.8642512695975483e-05,2.7616245660268058e-08,1.3336694129489208,8.683681782455505,1.2438248325728788e-06,1.2780976931664573e-06,0.076639340828219,199.74975645210102,0.00833171088312991,-648.5506284146823
757,0.17329464941929418,16.19617918856598,0.04016901508760074,16.08766737435978,0.06834279911859943,528.8901312681339,522.7542804992027,6.1358507689321495,0.02645775387973919,0.029263729298795553,0.3234099461698339,-1.4070554266984453e-07,-1.4502168217249905e-07,4.316139502654504e-09,-1.6718570421958273e-05,-1.674363640569807e-05,2.506598327945381e-08,0.7861718768700504,106.55319623016126,1.5602920162005515e-06,1.3465356264964087e-06,0.08799804220839226,218.10643330566035,0.008720040980269786,862.5457816915778
758,0.18515563074981423,17.605441689014455,0.04364692945586461,17.443114337043223,0.11868042251536996,609.5992509788808,603.9410016982138,5.658249280667926,0.0300588036407775,0.03261894424108394,0.3582315559918393,5.735885939635798e-08,5.376319578390572e-08,3.595663612452233e-09,3.2141058236417197e-06,3.186966274944988e-06,2.7139548255377457e-08,2.439469492151692,51.37010632202826,1.2857380433470634e-06,1.2000035991320744e-06,0.09453007671658166,233.32803562248608,0.009366780215827058,-595.6490891613003
759,0.16483635658606632,14.876208674199901,0.03812817529461657,14.732883125138933,0.10519737376635165,548.111780222809,542.5819263273883,5.529853895420081,0.022406031313939284,0.026569904864972283,0.3070523177701868,1.7346117256383323e-07,1.6769687798431017e-07,5.7642945795230455e-09,1.8813612767324394e-05,1.8787151801194002e-05,2.6460965569289636e-08,1.7625918611117986,166.49481982857216,1.30084959197987e-06,9.601922718266598e-07,0.07815585643686031,201.64827914003746,0.008020999942487072,-257.0156158775135
760,0.1658424746772496,14.518932893840816,0.038006102605841335,14.408581546985802,0.07234524424917736,565.836852375883,561.4428659754462,4.3939864004372415,0.03166272510577465,0.02759123598933025,0.30811609111803645,8.264109228596989e-08,7.86449510882846e-08,3.996141197685251e-09,7.3381371531873905e-06,7.311439321414906e-06,2.669783134012117e-08,0.8857152017624604,138.7328296504178,1.1907121354514435e-06,9.374323710597137e-07,0.07912376399518202,201.9224052910808,0.009331468317999237,317.18300415734484
761,0.17588553333120904,17.073103488227463,0.041429572310326554,16.957013254423906,0.07466066149323469,606.6543561599017,600.1975118543203,6.456844305580496,0.027395654299801495,0.02868681720970813,0.31827356263958473,3.944983310750967e-08,3.509301791143792e-08,4.356815196071771e-09,3.782285399301117e-06,3.756962556435655e-06,2.5322842447813177e-08,0.9370633663649851,8.397265789431913,1.9629529272154476e-06,9.056339607430386e-07,0.08439380162120204,238.41959629429724,0.00861326929101512,-914.3832908226204
762,0.16131128748161608,15.73517679804827,0.03602694277935685,15.604282953209244,0.09486690205966809,684.4857988765726,679.6727502293692,4.813048647203918,0.030253677017614035,0.02515297754166036,0.2872525403788459,-1.3516810911073162e-07,-1.412128562582766e-07,6.044747147544899e-09,-1.7724312002006813e-05,-1.774960115293835e-05,2.528915050361506e-08,1.1510860712157438,-116.90001869842366,1.2915121715225332e-06,8.34199737649183e-07,0.0722988657533818,207.12039026621122,0.00844850916251356,412.6220136615402
763,0.1782068566119844,16.301935658175626,0.03815697773655433,16.151382612018985,0.11239606842008576,639.0872320935831,633.618161308115,5.469070785469061,0.024886868724557965,0.030334924196982437,0.35732684611301113,2.932075616946551e-08,2.3236078228215517e-08,6.084677941249979e-09,1.1675291530352465e-06,1.1405615811380526e-06,2.6967571501217353e-08,0.9408074103168005,67.48761188597192,1.227529741877983e-06,1.1228804619157195e-06,0.08877347684440753,220.59144668598776,0.009544183542762031,-46.36392225813324
764,0.18526210506107835,18.697649822114006,0.045882328291486196,18.565039376937516,0.08672811688500758,594.7416727148034,588.1664675546111,6.575205160192347,0.03587368111304383,0.030590262590795357,0.3428550527996083,5.1130022985476256e-08,4.659125194318711e-08,4.538771042289125e-09,3.1283594957495214e-06,3.1010430053590413e-06,2.7316489788108453e-08,4.439467375382061,145.1508608678598,1.5416137968289018e-06,1.0467683797460324e-06,0.08884277054608498,247.40043208380953,0.009347821545039789,291.1835727183752
765,0.17045357856229296,14.277045513562118,0.03863734133238903,14.163137800779513,0.07527037145021638,676.8144623000352,672.7286472686933,4.085815031342179,0.04757967384608982,0.028326390023118996,0.3401103484601985,-2.7496599280740705e-07,-2.8180073672635443e-07,6.8347439189472774e-09,-3.3850843376984e-05,-3.3876024419673524e-05,2.518104231617957e-08,1.275278638983128,51.03226127694171,1.3942045013499856e-06,9.692142415197225e-07,0.08177401727022303,199.60845798581101,0.008558653902923721,-737.5865248962009
766,0.17810946651175932,16.105816701723732,0.044550550510865754,15.97785786492687,0.08340828628599693,620.4883760845986,614.5418415507551,5.9465345338432956,0.03238731402781064,0.028076999227504132,0.33455548692837916,-8.54750868726453e-08,-9.024936800341436e-08,4.774281130769047e-09,-1.0496744676216134e-05,-1.0524283936884666e-05,2.753926000929188e-08,0.9771974548730089,177.8469197434968,1.4300080172279527e-06,1.0319679129277765e-06,0.08281186955050095,213.25692149699637,0.009881399163198938,33.813170072753564
767,0.14966871977035615,13.874976695126994,0.03576906568087602,13.758683793523634,0.08052383592248524,565.7752188935069,560.3489600472344,5.42625884627265,0.027099784207974386,0.02199821849304435,0.24791754663185578,2.0251658194493625e-07,1.9822449448887248e-07,4.292087456063775e-09,2.2658522723679004e-05,2.263421131719068e-05,2.431140600835622e-08,2.6773078194657383,-146.1929669144571,1.3156261492487474e-06,9.790281438609946e-07,0.06561062318362988,186.292810859626,0.008270894491896849,357.873878910822
768,0.1705582073301302,15.278470689430748,0.03775462025176864,15.145050889454307,0.09566517972467081,450.4002267479786,445.30571577868056,5.09451096929787,0.022724642456848392,0.026317296374435195,0.3022835996229078,-5.419955802552603e-07,-5.481288078836655e-07,6.133227628405511e-09,-6.498074550168575e-05,-6.500854638112676e-05,2.780087900705961e-08,1.8064395074564161,98.65952446249715,1.3422329033944972e-06,9.636657592577506e-07,0.07890908991733557,201.4120009762256,0.008772573213341565,-230.32692602848329
769,0.18394377927147218,17.751554736993818,0.04645011309106166,17.608604638676873,0.09649998522588593,732.9099974513462,722.1078509768827,10.802146474463063,0.031109613437215734,0.030384572232499844,0.33679487055816376,-4.6065577480572163e-07,-4.65706748608291e-07,5.050973802569357e-09,-5.547990672674321e-05,-5.550804409622313e-05,2.8137369114450553e-08,2.116271166523208,-40.34227723033592,1.484077489022862e-06,8.958425453074909e-07,0.08802408988877997,237.08389826568967,0.009666420177273849,-163.52437432189708
770,0.15867778064782123,15.364702024760652,0.03695523425075499,15.251969294776512,0.07577749573338174,547.1346680789441,541.6295483485567,5.505119730387183,0.02785534838023415,0.025037082817067565,0.28109335156351284,2.4824709527883887e-07,2.413566831225012e-07,6.890412156337684e-09,2.721197830215268e-05,2.7185793706215418e-05,2.6184595500875333e-08,1.8379627584860223,113.76764997061792,1.3192112057167018e-06,7.809501389634999e-07,0.07362638270456677,199.24295047659098,0.008639527174894293,46.057468477350085
771,0.17349893761870688,14.990243814329778,0.04002057048173045,14.848326759448348,0.10189648439969656,705.3327369785986,699.0201257039197,6.312611274679378,0.03427048111155601,0.029951830776275657,0.3274216891028283,1.731635030623237e-07,1.6818408209865652e-07,4.979420963667201e-09,1.6239658343058743e-05,1.621355455148626e-05,2.6103790879932586e-08,1.2812623783802286,87.07513027746047,2.0832713890921677e-06,8.297313643840263e-07,0.08547267984201028,196.4212762643353,0.008459800662208562,-486.9372831176561
772,0.17114093218297283,16.02809926727484,0.039878393205402,15.878302637796859,0.10991823627258056,651.494064322239,646.7174033582972,4.77666096394285,0.032088239523124125,0.027720155780972373,0.3206282264100042,-2.4183080216299274e-07,-2.472927732567154e-07,5.461971093722532e-09,-3.142529987016176e-05,-3.1450244734842396e-05,2.4944864267825954e-08,1.4367182792008804,28.37566953997649,1.2496683277284986e-06,1.069076143231983e-06,0.08022228603868248,215.8984971218253,0.008715745640846944,358.5408162764443
773,0.17471589999087905,16.24781451615156,0.03847160653423089,16.14072541013748,0.06861749947984966,746.3970401860402,740.986693798088,5.410346387953474,0.02604201929553856,0.030421919091315475,0.34723031702644047,1.9616838011307452e-07,1.9114234341396264e-07,5.026036699111876e-09,2.0634954417266972e-05,2.0609730280816503e-05,2.5224136129142916e-08,1.4496664530434793,161.0636157050034,1.2114878768886208e-06,1.1394013478540449e-06,0.08832424031993631,207.46073858734505,0.008914307094498293,557.8997857277673
774,0.18033450179617166,16.79009153754784,0.0395623513102114,16.659681931292592,0.09084725494503938,694.581689822013,686.546640812694,8.035049009318493,0.02866859837779422,0.033394994799534554,0.3657803662190558,-4.062771606235445e-07,-4.110570678661068e-07,4.779907242562214e-09,-5.015961522552909e-05,-5.018723309487579e-05,2.7617868722656794e-08,5.592072926033951,107.32327410428056,1.4644341489711077e-06,1.0081933695459603e-06,0.09640143796656399,223.83870211144912,0.009019560875736927,213.4126614985489
775,0.17354925464300022,15.14184795385552,0.03919307624536334,14.998782870503515,0.10387200710664143,609.2846035069415,604.9862198555243,4.298383651418212,0.040328416634700257,0.030307528119951656,0.3329471380716378,-4.0014726418027447e-07,-4.0378393306750604e-07,3.6366688872316066e-09,-4.779667746261235e-05,-4.782373106991749e-05,2.7053606989336384e-08,2.138205799016289,297.46369526682713,1.3198222862219421e-06,1.1689223683084517e-06,0.08800462338315856,217.97462828182572,0.008314534878767002,116.99655659064956
776,0.1668001640391379,16.651345459426835,0.039764961485819754,16.505291056065936,0.10628944187508187,545.4731522282658,540.4004273652339,5.072724863033117,0.04509055664012226,0.026446270274661562,0.29296201353090257,1.2859430635974693e-07,1.240881739320612e-07,4.506132427685737e-09,1.3806179409886898e-05,1.377640148052974e-05,2.9777929035169878e-08,1.2129676962609035,42.817016747101604,1.2921502841405287e-06,8.410945376231245e-07,0.0774499363811385,222.42792535059107,0.008638545991806789,394.34816771684837
777,0.16122254809690473,15.271758413094549,0.0409523080947502,15.168828799479892,0.061977305519905546,559.4924740905831,553.5750039902582,5.917470100323652,0.03573021619600293,0.026631935614405137,0.29599161863350226,-3.6894192079828133e-07,-3.7376720035795686e-07,4.825279559675488e-09,-4.6420709407325777e-05,-4.644648853446775e-05,2.5779126564977387e-08,1.50170247359859,145.00416495884193,1.1472483485500431e-06,8.290472230554651e-07,0.08265400484200633,202.25115060298276,0.00875119398089913,-113.58397316853643
778,0.15495594183699915,14.749384162597298,0.03950027209406693,14.650792433749762,0.059091456753469905,636.0136090782446,630.7480824119997,5.265526666246289,0.020914011390144822,0.023372654899576094,0.2745588169129706,5.820438051448021e-07,5.766044309845501e-07,5.4393741602518045e-09,6.804684554066601e-05,6.801967399617619e-05,2.7171544188645345e-08,3.098179043160281,-65.09404977185774,1.7511144681997763e-06,1.0555659530658676e-06,0.07092594796227394,195.65130636110047,0.008576502584067166,-189.16460015268422
779,0.17338951209089903,16.130494931875592,0.03994758513929386,16.00575219758532,0.08479514915097931,688.2773746176947,683.5560656119761,4.721309005719401,0.0349809858883632,0.02841772752008968,0.3268707596301621,6.747262745168287e-07,6.696277671946832e-07,5.098507322145044e-09,7.974289797004088e-05,7.971576109076423e-05,2.713687877483522e-08,2.1374558851973644,147.81190348746298,1.2229575943767737e-06,1.0727179440825618e-06,0.08121605247768775,218.26701738217906,0.0095657853118115,948.7976844057212
780,0.19099177738160525,18.07607237575202,0.041624992975665784,17.94401174575143,0.09043563702492527,777.3039700442783,770.2734848843804,7.0304851598983324,0.026526881562056667,0.03361572959844535,0.37532439201243295,5.8848945358338955e-08,5.461758550673762e-08,4.231359851601336e-09,5.463963661865555e-06,5.437382021141364e-06,2.6581640363376347e-08,1.3950113351524271,14.954783570832008,1.921606069962721e-06,1.2479174086322421e-06,0.09685685798968477,243.53389433484568,0.009686578611307067,508.6173689799143
781,0.17511669462747623,16.6109453814978,0.040708378417275405,16.467705966991964,0.10253103608855772,665.0526098657208,659.314743946976,5.737865918746108,0.030490675415350315,0.028281401321820842,0.3193148011819027,1.8722911316067482e-07,1.8157747484015862e-07,5.651638320516172e-09,2.1582997873946364e-05,2.1554179315757014e-05,2.8818557880410366e-08,1.5054611749814355,157.53104280659164,1.7464795475380783e-06,1.5374601535059748e-06,0.08214780959218765,214.45559668840485,0.009359903418217982,418.04976955383245
782,0.17271515963347214,16.484267275766875,0.03774744492424994,16.35943406424368,0.08708576659894479,563.0317584204189,556.3122646673023,6.719493753115972,0.021350104268752487,0.029341194741895515,0.3202631635791474,4.989455671949294e-07,4.923641505269244e-07,6.581416668005002e-09,5.522753727496758e-05,5.52010445935676e-05,2.6492680752606043e-08,1.4263508159872271,-147.46489603699865,1.5656666185911504e-06,9.060968918882822e-07,0.0889967276133234,215.39730772521392,0.008320881550680772,-31.02137211286845
783,0.19292494535025637,17.855921412164463,0.04294239325632457,17.717495197638232,0.09548382126990566,607.9134862667551,598.3261644363454,9.587321830409454,0.035018051033812,0.03239026429916512,0.379187969098928,1.5174549643249488e-07,1.4632584859604768e-07,5.41964783644716e-09,1.684580051514627e-05,1.681715023027785e-05,2.8650284405523614e-08,5.142232053795206,-0.4062951311877687,1.3002083590690834e-06,1.4075091332823665e-06,0.09511652267042257,229.6756461926592,0.009584580463722433,-182.0167927804523
784,0.16965644033665458,14.887476715130882,0.037473119748796274,14.7572938605162,0.09270973486588743,456.4364440084009,451.3120749042879,5.124369104112588,0.03176831673357196,0.02927611972111838,0.3317257231328734,-3.1065550266174814e-07,-3.155509984504946e-07,4.895495788746412e-09,-3.935757553757406e-05,-3.938385941734551e-05,2.6283879441729684e-08,7.82600370240793,255.1433904657821,1.2688439084848987e-06,8.90564099845704e-07,0.08674321374844386,192.37909498795165,0.008406855584923108,314.7422774414117
785,0.16892838623564205,14.978595009208263,0.04182377421641993,14.837620008330488,0.09915122666135376,646.4565630062854,641.0766501248944,5.379912881391976,0.0316515463397151,0.027844877192658688,0.3071597286500371,5.057575800366578e-07,5.01129893854251e-07,4.627686182406721e-09,5.791737055871123e-05,5.789069677704008e-05,2.6673781234966007e-08,1.7877968899701269,-22.780129480264332,1.1053090282300103e-06,1.0045456875597839e-06,0.08320338031413486,207.07971004912548,0.008639849691320645,215.32430819178535
786,0.16167204637472243,15.542828481554642,0.036789536910551326,15.433022908862515,0.0730160357815747,507.97145035130916,503.4213925341489,4.550057817160704,0.028708567445792185,0.02484637163948289,0.27144898551273794,2.524517685583622e-07,2.46948271611668e-07,5.503496946693996e-09,2.8526392960749384e-05,2.8501346169509433e-05,2.5046790741691124e-08,2.2216083317548594,73.32637701962656,1.2587496020753682e-06,1.027296417961651e-06,0.07319246416085756,210.81055194008655,0.008763404423978237,134.17732585315025
787,0.17139895988730602,16.1924226584497,0.039787004901354825,16.060794741061777,0.09184091248657118,588.8813199315215,582.8258717113438,6.055448220177286,0.025392322609679354,0.02783086240297193,0.3195191329672055,6.32425680178382e-08,5.83946882127677e-08,4.8478798050705265e-09,6.901550280592154e-06,6.8760170195544744e-06,2.5533260433845032e-08,0.9570206368657606,237.1088618493479,1.4109923077497775e-06,8.724257243428915e-07,0.08230795546249633,218.00039738428967,0.00923552456912674,-30.595620408957075
788,0.15920912727422823,14.904806590754866,0.03736203110210913,14.78329699864605,0.08414756100670792,576.2848946024105,571.0593662622624,5.2255283401473775,0.028477757183183555,0.02413696197867028,0.2893345844926758,1.7957372404220413e-07,1.7619421658752057e-07,3.379507454683613e-09,1.9501416923666942e-05,1.947516123121455e-05,2.6255692042957287e-08,3.4366582288008023,164.7446053498233,1.1841017961380371e-06,9.537579260344521e-07,0.0716877918848287,204.49730442103805,0.008570322624814542,294.6005400109734
789,0.19322955310339407,18.459956351726603,0.04690267772451109,18.31410071125911,0.09895296274297886,637.4883362705892,632.6191812302733,4.869155040316763,0.03703121711145934,0.03237320895091873,0.3600024636696317,-3.096432526935537e-07,-3.1543742003467603e-07,5.794167341122386e-09,-3.9327700923024006e-05,-3.9355741063851755e-05,2.8040140361022588e-08,7.5737405578471515,201.73141938848002,1.4080886085049863e-06,1.0998736241690308e-06,0.09676976371062103,263.8283862418379,0.010216853593591311,965.8657922146531
790,0.17155952145019232,17.758014701440587,0.04484849320686724,17.628838958905362,0.08432724932835425,635.4808087453284,629.1610848319345,6.319723913394466,0.02425894939674194,0.027293300094355634,0.2991968168660072,2.5443283547440875e-07,2.4989765151083587e-07,4.535183963572991e-09,2.790676137008559e-05,2.787862725033106e-05,2.8134118955298436e-08,1.230741068945086,81.76960963240076,1.619037250432298e-06,9.050540894457962e-07,0.08315733318504935,235.2950479919837,0.009294300976495987,598.6556453512485
791,0.1755831420513602,16.402579732879357,0.04114393671581269,16.28693077084095,0.07450502532259497,606.4640016132007,601.3887629776252,5.075238635575748,0.02597521759337059,0.02815322957062018,0.3279256107570978,1.679195997140479e-07,1.635776140720414e-07,4.341985642006526e-09,1.9665775832420147e-05,1.964073749780119e-05,2.5038334095882885e-08,1.629287141531922,206.76538597690677,1.4593450436299233e-06,9.046555361926374e-07,0.08410797797327792,214.36021581877978,0.008710808499240247,-486.38571701248475
792,0.1787254361047704,17.75578073609818,0.04155757818855132,17.620670859593968,0.0935522983156651,759.7039744471294,754.7377318448184,4.966242602311184,0.03962759165815855,0.028099694462587227,0.31269596955680523,3.1417269084630675e-07,3.0818666120534653e-07,5.986029640960007e-09,3.5321976584942874e-05,3.5293613084500026e-05,2.8363499844932164e-08,3.9756384162099043,-75.63502725055814,1.3213769619675377e-06,9.189161514400733e-07,0.08334975536887904,231.34752821807967,0.009321844083964083,202.74981851134908
793,0.17666990543899294,16.476632195890584,0.046892044457522375,16.325766063487194,0.10397408794586756,676.7926294712187,671.2483933370146,5.544236134205158,0.02999673508099569,0.02789679112292295,0.3457582440692806,-1.1279024936725606e-07,-1.1726777714174167e-07,4.4775277744855566e-09,-1.5621962594084982e-05,-1.5649862213458344e-05,2.789961891487697e-08,1.209592517814314,19.72474753690114,1.2527092469075803e-06,1.1049185751483298e-06,0.08232129056655915,220.89954180675187,0.009014491622980944,-540.7475361074848
794,0.16424712632721913,13.964742973983704,0.03799331345924654,13.826563652423419,0.10018600810104114,472.6223895464302,466.35861743282436,6.263772113606135,0.0275857741664005,0.02875295606000121,0.33475853087716145,-2.48195518703553e-07,-2.5375227055408865e-07,5.556751850535666e-09,-3.119091530262688e-05,-3.121589789379145e-05,2.4982590793661373e-08,0.9874066098936032,251.45304940592385,1.0799586645591263e-06,1.0244681817842415e-06,0.08455746839318536,183.75656275909193,0.008247769665957817,-426.4105131940787
795,0.1833034038480765,17.42787981995037,0.04188175592547235,17.288305967275235,0.0976920967496621,698.8640470732385,691.8431400051722,7.020907068066083,0.027828000841901502,0.032140761607061565,0.3663801054898835,4.425115591349473e-07,4.3809159450817184e-07,4.419964626775596e-09,4.9519091252555e-05,4.949240823201098e-05,2.66830197837534e-08,1.993202195022938,248.2473838750086,1.3958598666935054e-06,1.2686766431560225e-06,0.09358710639775587,240.77615471887253,0.009286482272717621,-619.1848363104327
796,0.176031431905403,16.799532780862418,0.043747019415329595,16.678203910861846,0.07758185058524439,643.9965556868343,638.8704499748392,5.126105711996142,0.030064068565983728,0.027964689827465788,0.31121986666859347,1.0610311282517444e-07,1.0065627386090004e-07,5.4468389642743984e-09,9.751641279642605e-06,9.723671961982081e-06,2.7969317191688333e-08,1.6364899206841652,47.42106485254439,1.4905613439345541e-06,1.0972164710454153e-06,0.08322530280504263,226.73936707431238,0.009569643739187483,418.39508895490326
797,0.1811285719698738,15.554748672781852,0.0378233015040576,15.436607005907694,0.0803183653700981,655.6770695803475,651.2552196605503,4.421849919797771,0.026786390023245062,0.03235534414565421,0.3709923110550651,-6.800839229050733e-08,-7.3344960680221e-08,5.336568389713702e-09,-8.887612299825091e-06,-8.913478047559318e-06,2.586574742250734e-08,1.8295852359623441,-5.364216889143595,1.1255909523658594e-06,1.003760775764628e-06,0.09431831650720159,211.47944405405713,0.008554020356066856,535.8736796403882
798,0.1845925850468762,17.785039486796805,0.04464705357162594,17.64534121977529,0.09505121344988883,591.8959148933106,586.0221911674773,5.873723725832901,0.04128970920302103,0.03033667207999086,0.34254525972797706,-2.9238918133305593e-07,-2.9657987795859307e-07,4.19069662553709e-09,-3.753994188068611e-05,-3.7565540791138504e-05,2.559891008886634e-08,2.5505986544098223,219.32018433236775,1.7555798727555028e-06,1.2564537568450432e-06,0.08882767561162577,231.92782899851974,0.009210407313251944,-657.9681023485045
799,0.17440320270133178,16.800874878257087,0.04233868286996413,16.658304816627748,0.10023137875937256,600.0575891404703,595.5194420351794,4.538147105291566,0.04887026399789735,0.027211879153751367,0.31559245494088767,3.3951530193110214e-07,3.352409996327512e-07,4.274302298351022e-09,3.764303768750622e-05,3.761637891635451e-05,2.6658770765300594e-08,1.3804666961692975,70.74153722526206,1.7436459754970852e-06,9.425048437385012e-07,0.0803221514480956,216.99214537798105,0.009404279628134886,-1020.1450046511854
800,0.18119977253092007,16.123097720029584,0.04288305236735528,15.982950371342705,0.09726429631952424,700.9127560719569,696.4711127703865,4.441643301570406,0.030128658005325683,0.03251929513395893,0.3615150252599665,1.6332208730372535e-07,1.5717019501524762e-07,6.1518922884777205e-09,1.7620240153604875e-05,1.7592230628397236e-05,2.8009524840757685e-08,2.1246330456721747,218.10957848712226,1.2689992156431524e-06,1.0312945074351082e-06,0.09378680338870857,218.94326707240552,0.009380238557442959,-275.08398687609315
801,0.16349950700040036,15.857973870830623,0.038447441009191057,15.712668505790976,0.10685792403045563,517.6654137576564,512.7890467135261,4.87636704413018,0.025517680954061036,0.025819718442776883,0.28690833447033687,-3.982738439697503e-07,-4.0545718000806944e-07,7.183336038319194e-09,-4.792155670150828e-05,-4.794796034184527e-05,2.640363977035742e-08,1.502312103772875,114.18975877826101,1.1630248988982774e-06,9.829696635721366e-07,0.07619150532818085,206.6093163149348,0.009049196898066063,94.23556241432925
802,0.17241861964556407,16.621055220209175,0.038515946994296696,16.49670537964089,0.08583389357398866,725.6550232205623,721.4556236265864,4.199399593975968,0.027511541040819997,0.027024255115183464,0.2994839607247852,1.358634174013483e-07,1.3003061945504908e-07,5.832797946299234e-09,1.3416210012416459e-05,1.3389683090407333e-05,2.652692163834957e-08,1.2549226272135934,200.68058273427008,1.454230339204632e-06,1.1172795456552078e-06,0.07992742528160081,217.65674036558374,0.008958197500572616,281.48739938482595
803,0.18871808292163156,17.588560897694013,0.039055851702835265,17.460285309873445,0.0892197361177312,538.9370863946677,533.8768594145613,5.0602269801076085,0.037113023080327136,0.030873640665873985,0.3526778027589308,7.692771807139019e-07,7.624037975747034e-07,6.873383139198338e-09,8.84682170303951e-05,8.843948483654867e-05,2.8732193327027504e-08,2.8803482000896343,44.692520910831945,1.511842816168624e-06,1.243769945126034e-06,0.08995219730204003,226.00284763734285,0.00920133752434019,-253.22350835727048
804,0.17783307738929136,16.621521838316667,0.042862525382979764,16.487906189812723,0.09075312312096727,609.833393493366,604.6369320922673,5.196461401098015,0.03247828863979103,0.03025405841663863,0.33722800071988995,5.875504797222355e-07,5.829907456941944e-07,4.559734028040984e-09,6.848533396948258e-05,6.845795877540953e-05,2.737519349603978e-08,1.9555843472717271,16.71437323126355,1.4824254053583573e-06,1.1877647897825201e-06,0.08771177642379219,225.13764249810566,0.00932481015615713,-284.27000761762247
805,0.17318082345908858,16.174824661783745,0.039606800229490674,16.047973216868304,0.08724464468594853,879.590486323763,873.8410031418574,5.749483181905964,0.030411854621177,0.028050219413151424,0.3190037936262028,-2.245338372919647e-07,-2.2982968783110517e-07,5.295850539140521e-09,-2.9156482912997026e-05,-2.918419197735227e-05,2.7709063929488227e-08,1.8687494648365912,225.80722839663804,1.335618558554794e-06,8.395437811480692e-07,0.08275030901429589,212.22782854936946,0.00919582220256089,-305.43175232573685
806,0.15936931354904596,14.74486967978291,0.03836913024017977,14.618262346867693,0.08823820267503976,660.6600908733195,656.3858309735776,4.27425989974171,0.03485177717281888,0.025920079925842308,0.2846225107778029,-5.94776475113355e-07,-6.002337986325258e-07,5.457323519170838e-09,-7.05523597020255e-05,-7.057835253959662e-05,2.5992837083974285e-08,0.9583855651831448,184.9685704676632,1.1342007068345567e-06,1.1559930350974465e-06,0.0761103114810306,201.21063099326574,0.0082670459055351,292.6250040942068
807,0.17174483206384064,16.897330865985843,0.043957416759398724,16.76561222986976,0.08776121935668285,600.5094116823681,594.5563250998268,5.953086582541695,0.02403412147818842,0.028995601262037516,0.31824185790216847,1.74038245115048e-07,1.6936769178107508e-07,4.670553333972945e-09,1.859480621175664e-05,1.856933977674991e-05,2.546643460190073e-08,1.14500940951736,168.65871199882423,1.3451319754291398e-06,9.243052753788111e-07,0.08422118127729249,223.5526493867562,0.008727150192173853,170.57773805872603
808,0.18640316203025153,16.65868912330813,0.03999893703917591,16.54570861084447,0.07298157542448015,624.1873599478602,618.0017346777256,6.185625270132982,0.03009525443378769,0.031132870713865283,0.3436748345747731,1.17503613174366e-07,1.1252004944705946e-07,4.983563727306522e-09,1.0383996860672719e-05,1.0357387528959971e-05,2.660933123623908e-08,4.228455311846589,99.74676758104509,1.3635862576188895e-06,8.591954320934766e-07,0.09478748982641506,214.48698483002426,0.00919875489145895,109.27599226583334
809,0.17473512196348787,15.07431553394675,0.04169469773880305,14.949708747155938,0.08291208905200986,622.6566692516654,617.1361012637623,5.520567987904432,0.03773756986247951,0.0332481737740161,0.36784738414843443,1.3464447567178678e-07,1.2978781877912346e-07,4.856656892663417e-09,1.3260924803310873e-05,1.3234390964124337e-05,2.6533838768352188e-08,1.0575737222006474,-11.163748660650933,1.1802232041858916e-06,8.547186141342858e-07,0.09470426476102033,207.45886885952433,0.008904211329897207,159.1219426629077
810,0.17534096266371607,15.702513710179689,0.039135038249759425,15.569353998568117,0.09402467336181311,555.6061738466436,550.7911462287823,4.815027617860976,0.0352727163654421,0.03211301538879345,0.352730398979345,1.6988027125245135e-07,1.652637552503318e-07,4.616516002119652e-09,1.7926071655273245e-05,1.7899638248985858e-05,2.6433405985470274e-08,1.7958187611712673,120.25000012685702,1.4675822180063873e-06,9.585460340089721e-07,0.09387900498908376,214.75768108832298,0.008779378273646783,-158.03836038892769
811,0.1710235609642031,15.78398011694006,0.043451152188917576,15.67495714782443,0.06557181692671231,593.1734441125889,586.7741366787665,6.399307433822626,0.03071507197860162,0.027786838235694247,0.32462023183547883,5.891278346282247e-07,5.848251502562698e-07,4.3026843719550626e-09,6.872132373123424e-05,6.869374105167982e-05,2.758267914080882e-08,2.1270733194262506,55.75889009183395,1.192597320726393e-06,1.0414779879268594e-06,0.08466334073741881,209.6000830041052,0.009118103251360638,352.00390895949204
812,0.17149538095313016,16.34791145502743,0.039073381396712376,16.219330702644175,0.0895073709865394,784.0437837735955,779.6885975846172,4.355186188979949,0.031125167951379457,0.026993002672680816,0.29378376553433133,5.752513237349111e-07,5.698089819439991e-07,5.442341790911919e-09,6.622904156441144e-05,6.620159956852638e-05,2.7441995548033417e-08,1.346165794197472,-57.50921441400646,1.342195096804038e-06,9.521679888981168e-07,0.08055567794959144,209.3147336820897,0.008954105590434844,-92.28530080256496
813,0.1818165223594952,17.808890010510268,0.0438783855786895,17.670011697918262,0.09499992701331565,670.2135651246255,664.9893367920732,5.224228332552715,0.036895180441402796,0.029148446685082503,0.33189467401368583,2.6731467981590603e-07,2.613171207541752e-07,5.9975590617308275e-09,2.9392430451783795e-05,2.9365499526443346e-05,2.693092487746567e-08,1.8057455262941415,414.220135231357,1.6413642864268132e-06,1.0650736871399437e-06,0.08770622952155388,243.98858310659978,0.009900828254687358,-220.11610666696834
814,0.17155913111129734,15.541043299991035,0.04145682678624066,15.411796976823744,0.08778949638104974,613.9881981759793,608.7179922358192,5.2702059401605865,0.030978151098720635,0.028758377257187655,0.3277605173543529,-3.3920675327078664e-08,-4.0629282209249587e-08,6.708606882170939e-09,-6.393194807823123e-06,-6.419901056434522e-06,2.6706248230763235e-08,2.374241638776315,137.7631695481318,1.1589027807291191e-06,1.1713953137990254e-06,0.08363246452872028,206.53313664086812,0.009123576952166054,-263.58690506450057
815,0.16847257340199845,15.92308473028804,0.03731646861650686,15.79013642019013,0.09563184148140264,494.405024569202,490.1422155311428,4.262809038059459,0.03057858961436841,0.027970043642920547,0.31691738435779937,3.5165633247145033e-07,3.474487842096549e-07,4.2075482617955784e-09,3.917754660469357e-05,3.9150727586666456e-05,2.681901756849637e-08,1.0799735801881498,33.6410168007136,1.507174176138443e-06,1.1650477923266818e-06,0.08054008998523718,197.22829862293275,0.008470446845860046,500.68510885927026
816,0.17398476109107935,15.83543947631181,0.04042452843843771,15.732606320716352,0.062408627157023895,628.6972319942527,621.7741362561519,6.923095738101715,0.030245977393867748,0.030087917097720313,0.33776780198889644,-4.268213137117717e-07,-4.315344979208685e-07,4.71318420909701e-09,-5.12055132178645e-05,-5.123139728668126e-05,2.588406842172785e-08,0.8993772442954384,20.968466918531124,1.1435953066141e-06,1.0469863902063214e-06,0.08600545249492947,208.10357776599275,0.009531250248026405,530.32445720959
817,0.18143562895462728,16.299047191677065,0.040928909717563265,16.174104440460876,0.08401384149862988,657.8683625252874,653.2502569533452,4.618105571942288,0.032973297809342786,0.03315114103086652,0.3808641119821166,-3.4271401237185363e-07,-3.4745486143314174e-07,4.740849061288069e-09,-4.2989132991410654e-05,-4.3017637019348815e-05,2.850402755554712e-08,2.4566431948292538,-19.036691464392447,1.5655235978118076e-06,1.2498100780657164e-06,0.09625016299323484,210.6189240976019,0.008780914299201959,-194.9725456669412
818,0.16903858723780524,15.342918676776362,0.03841985929894004,15.215594345371073,0.08890447210635068,678.6916975024308,673.0232546610957,5.66844284133428,0.027146193350617406,0.029073670531859074,0.3249276737443124,-2.937908344870068e-08,-3.388065179050653e-08,4.50156834180584e-09,-4.854044321911736e-06,-4.879384674149849e-06,2.5340351861632993e-08,2.3414032243962923,290.45712466061246,1.1404873244931084e-06,9.80044038563464e-07,0.08398258911122448,196.41308033774015,0.009173036594985992,-239.4992932686282
819,0.1805175330337226,16.52225688001451,0.041535952083334306,16.411125778975684,0.06959514895548959,659.6664041148119,655.3678164117848,4.298587703026678,0.0324993760074277,0.030006943086812312,0.3470762988755551,7.009839420012312e-08,6.618096526283333e-08,3.917428937289794e-09,5.507472871188862e-06,5.479291115715229e-06,2.818175500781468e-08,3.012930120588865,264.50379735565684,1.2602713029207186e-06,1.0140694273232326e-06,0.08705600238917509,221.2551710477521,0.009472284511419002,-361.55540669167294
820,0.17891704962381708,15.8443992377705,0.03914414427436889,15.735535401050917,0.06971969244521481,612.3354516758895,605.2285835866517,7.106868089236207,0.026436459383213096,0.03125108983860619,0.35709902664682575,-1.1772424300537566e-09,-5.567192700602999e-09,4.389950270549237e-09,-2.5836631866793962e-06,-2.610303470324537e-06,2.664028329555588e-08,1.4389284199003045,72.14075794344168,1.1089473099429726e-06,1.1462890402173283e-06,0.09121493366011355,207.01549566142873,0.009162610390907993,27.12898961983592
821,0.17769058137949795,15.330121383553642,0.03893360883690415,15.203732398972488,0.08745537574424796,668.1788434018156,660.8961020715387,7.282741330277874,0.031466532523987234,0.030461473628833273,0.34823115908839264,6.891421646023353e-08,6.33000936704259e-08,5.614122789807643e-09,6.083734428154664e-06,6.054648698460407e-06,2.9085729326986772e-08,1.377907169108033,-32.59742576739409,1.0700286610139494e-06,1.2069202927230146e-06,0.09121080086260358,212.52210432809318,0.008628740683208376,-276.75583916836786
822,0.1703478001931757,16.361192403297107,0.04363086829115681,16.233690386624428,0.08387114838152093,540.0705335767539,535.504605326127,4.5659282506264125,0.03631411958560923,0.02775139773989546,0.32280621635885887,5.487734847899137e-07,5.439260342724443e-07,4.847450517469439e-09,6.359448680858728e-05,6.356844016936593e-05,2.6046638810415255e-08,6.625171049314957,-19.09010015234616,1.2349912567017343e-06,1.0759691291732475e-06,0.08427495286766945,209.73284539478618,0.009646272048339526,-191.30854795037976
823,0.16407248953904313,15.0894165639205,0.037420561626883266,14.976568187753127,0.07542781454048758,513.9432212840566,507.99927317209733,5.943948111959773,0.027197448316097474,0.026477285025583455,0.30421671881545986,-6.361822752360912e-07,-6.413883425304931e-07,5.2060672944019935e-09,-7.791065306989572e-05,-7.793779085194266e-05,2.713778173641539e-08,3.3681604613911698,-193.85295897866368,1.4355591226827162e-06,9.578583027505192e-07,0.07820335661432545,203.85887426174978,0.008234414030553323,227.67838145486985
824,0.1733030155511795,16.245282019732066,0.04011890023573044,16.093984226785366,0.11117889271096723,568.0131050711609,563.1345493130628,4.878555758097859,0.022978338731964955,0.028560954711356404,0.3142209790847409,1.4255197680075952e-07,1.358135165322931e-07,6.738460268466437e-09,1.6977970402931866e-05,1.694964766627213e-05,2.832273615231612e-08,1.5590845663355277,300.43484451940407,1.1380708647580372e-06,1.0273723486986257e-06,0.08491786665562905,212.74821501607983,0.008527717948712652,-312.15242414666045
825,0.1690796772419055,16.349982025729847,0.04290716960962316,16.223027501888538,0.08404735423168497,631.0402144112842,626.1282961087342,4.911918302550562,0.025914320079136084,0.0273999824022343,0.324735816785195,1.9023466385955456e-07,1.8350804139052734e-07,6.726622469027184e-09,2.1018047460597732e-05,2.0991334383030602e-05,2.671307703359864e-08,7.497650702142587,74.01563052082494,1.2580361996653098e-06,1.5168394813278538e-06,0.08177212530970465,214.29818685374013,0.008900177883794767,-59.50471577641383
826,0.15562303945523256,14.338995891469729,0.03587494001402435,14.213786103132712,0.08933484832299186,519.0733311785832,511.97489809665467,7.098433081928485,0.022807445007757988,0.023057899631433187,0.267493570072181,8.779974945839821e-08,8.138665231687765e-08,6.413097141520547e-09,8.287099291290913e-06,8.26113743121255e-06,2.596185979925927e-08,1.6477891711250563,289.9824550494881,1.1539557894202286e-06,1.0152743250463668e-06,0.06956672755714936,190.22276015887962,0.008645946622335237,-82.49056247623321
827,0.16282717870269903,14.27603272633747,0.03571711707674396,14.159187404321637,0.08112820493908955,498.4687597991644,493.8162334088951,4.652526390268915,0.026046503765404076,0.024896766744919658,0.2989158026017757,-5.559205661028061e-07,-5.606801338184889e-07,4.7595677156828394e-09,-6.773471944256589e-05,-6.776041631817659e-05,2.569687516518808e-08,1.379185541147836,52.23504011284156,2.162412789106762e-06,9.140210576935048e-07,0.07224673575289868,184.39218004141546,0.00803605709697821,-178.20747130177097
828,0.1736579433559665,16.1424016608116,0.041239749484770986,16.00806891039613,0.09309300093070005,687.1276967120442,682.1964259610991,4.931270750945393,0.025834060749877708,0.027828455483087246,0.3162182647287883,2.4725620285993627e-07,2.429854268284575e-07,4.27077603147879e-09,2.6541475600185966e-05,2.6514693581574058e-05,2.6782018052522366e-08,1.4510657797442321,264.3483979469381,1.6101835641662448e-06,9.857045924176369e-07,0.08192316418066292,214.07084491387835,0.008613283835142586,23.891181465953196
829,0.1769361740016036,16.846468822258554,0.03970854326568406,16.682468457004475,0.12429182198839497,778.5369653594859,772.9617001147282,5.575265244758364,0.025980252082207788,0.027677890888262755,0.3316584845596121,2.1542679123343328e-07,2.1005300593933124e-07,5.373785294102035e-09,2.342944842502775e-05,2.340301288400815e-05,2.6435540320153567e-08,1.7518622958709558,126.6759950686727,1.559525154925621e-06,9.872268985230035e-07,0.08186764882372657,228.0552925542717,0.009365862542791547,174.37605595310743
830,0.16558973178862815,15.327270333019625,0.04016649843290332,15.19057728505833,0.09652654952839335,593.1599498949579,588.2663247865528,4.893625108405513,0.037137195573513374,0.02519271750636856,0.29076877717212163,-4.245713667187449e-08,-4.9599210778550605e-08,7.1420741066761085e-09,-5.729742242165751e-06,-5.756467072940451e-06,2.672483032492594e-08,0.9733310033551961,123.13018953130114,1.8008226521845035e-06,8.174136494936027e-07,0.07417966372172283,208.1698501181985,0.008993803294584775,-429.8510978430322
831,0.1690474167688738,15.384720512731654,0.04072455430858662,15.261663544640252,0.08233241378281604,577.4179077011459,571.7834024683502,5.634505232796014,0.03405464477594106,0.028840142935566086,0.32525244212893817,-3.286854785725206e-08,-3.700009678550845e-08,4.1315489282563776e-09,-5.312034159758593e-06,-5.336504988796009e-06,2.4470828553315583e-08,9.454192152768735,182.69263961718954,1.47137147733025e-06,9.027654952612164e-07,0.08667340711367663,205.4062789629457,0.008918638314644206,176.98133555061122
832,0.17774969919464656,16.3628816249144,0.040471547831321876,16.236588637179118,0.08582143990395975,452.6347723736877,444.9889764049921,7.645795968695993,0.03332878104281623,0.029312822319458125,0.3452823069505029,1.9237467405738228e-07,1.8726354121225325e-07,5.1111328451290034e-09,1.9296528580893563e-05,1.9269772667926404e-05,2.6755912572519204e-08,1.9287015355104997,29.871401209628978,1.3235672317408876e-06,1.1143285909178091e-06,0.08805083855346386,223.53275623248567,0.00921583660232212,-105.9780320395821
833,0.16456863328402727,15.38265759129852,0.038094807253833324,15.275496986806502,0.06906579723818398,639.0052142330402,634.6413340732803,4.363880159760144,0.03155174359367513,0.02678364314282067,0.29853655811681656,5.587213209906064e-07,5.536479396431445e-07,5.073381347461932e-09,6.528661928409319e-05,6.526195026583478e-05,2.4669017599857222e-08,2.6519993195450313,55.227061666464095,1.4188998850597188e-06,1.5032526779926178e-06,0.07718904723299984,202.36275709468433,0.008405229134023355,-507.7401147894043
834,0.17592866853297215,16.072010169599174,0.04037874573638462,15.941403589153106,0.09022783470968211,546.6593897764795,541.1907239878582,5.4686657886216405,0.028617530829511757,0.029198676996467353,0.3404606593768364,3.363885491165971e-08,2.8229430585317616e-08,5.409424326342083e-09,2.9051484937166127e-06,2.87909538687449e-06,2.605310646864721e-08,12.735583791365423,127.32819290227691,1.4791210416877185e-06,1.0445662783857346e-06,0.08530580186795594,218.65671916732353,0.01007064135072288,412.6856680330975
835,0.17182784303544246,15.044068421504095,0.03867289190266374,14.913053318572151,0.09234221102928201,591.4008403489345,587.444520501022,3.9563198479143065,0.02467341464873868,0.02849955744066454,0.3232286300010974,1.9739427451428287e-07,1.9056479892804762e-07,6.829475586235301e-09,2.2310878312997512e-05,2.2285532763387356e-05,2.5345549121374818e-08,1.7784279732774353,96.78735306280144,1.419831753551498e-06,1.9053677075920056e-06,0.08357666333663219,202.16078093265955,0.00867529747878358,-15.45537529160356
836,0.17197121802209972,15.611027426383743,0.037443468862069035,15.468544379445984,0.10503957807568831,692.9281667537679,687.4923018935926,5.435864860175532,0.027651770213977044,0.029473003809377764,0.33727378569442357,4.6119003335417944e-07,4.541221944827748e-07,7.06783887140464e-09,5.317419416331017e-05,5.3149079129120196e-05,2.511503372893319e-08,1.1195467733130997,52.828594430811826,1.0642824801804662e-06,9.562206345699578e-07,0.0878012508921346,209.69158050666493,0.008589806863045314,-713.9034242489824
837,0.17730308891163102,16.30097691408988,0.042390316895820915,16.15609407338885,0.10249252380520914,728.7779778042718,722.0199774112033,6.758000393068668,0.028372888610931592,0.029174749101861214,0.3293902965379561,7.890182402055525e-07,7.845277229087702e-07,4.490517296781964e-09,9.292751427260523e-05,9.28996997176962e-05,2.7814554505039578e-08,0.8825120576075208,103.59132499214905,1.3312024987235127e-06,9.165062135721801e-07,0.08989895758490703,220.12011565067434,0.009013676447806287,11.10461625581047
838,0.16317927847743424,14.587080297122103,0.040953028179557864,14.453070403137492,0.09305686580505171,614.4056671766971,608.636320457976,5.76934671872199,0.03370934822026632,0.02615062933039028,0.29412123662695433,2.0228842429327303e-07,1.9826809599563052e-07,4.020328297642498e-09,2.0964839657533933e-05,2.093870228694766e-05,2.6137370276001186e-08,1.1412064435954647,16.068582485807646,1.2920634782894063e-06,9.332097097622943e-07,0.07745915433299015,198.46992811062734,0.008743362606709493,-174.11542809031744
839,0.16911523374750595,16.247906097499648,0.03827869294449302,16.130099999305582,0.07952740524956975,626.1378860852911,621.3587092117274,4.779176873565154,0.02393039529796923,0.02816336414917786,0.32461392727746496,2.696595697973901e-07,2.6483207190357697e-07,4.82749789381306e-09,3.064249122405411e-05,3.0615735453106724e-05,2.6755770386175633e-08,1.3816054875289299,94.6529444644959,1.5165198409765574e-06,8.23588402397452e-07,0.08451748833116249,215.2699565677829,0.008813447088876556,-564.7392001269154
840,0.16937411325252347,14.776744223684743,0.04281850820998315,14.638850214704169,0.09507550077059224,688.7623657293017,684.6582772178601,4.104088511441443,0.03155663003118953,0.028645849856940495,0.3208684410509286,-5.940503256239766e-07,-5.990122708543239e-07,4.961945230347643e-09,-7.19403052141468e-05,-7.196694330200501e-05,2.6638087481231093e-08,0.9523915313439844,96.13815119844926,1.2379296063247455e-06,8.729342195646617e-07,0.08585297681141436,201.77492658851955,0.00894932963429351,-177.73110466595335
841,0.16933521547657862,15.057038095561131,0.03886971550997747,14.91963432959202,0.09853405045913216,705.3771804095335,699.8818512701588,5.495329139374868,0.03175595849172975,0.027802402502679215,0.31751368442196787,5.183140439731429e-07,5.133170960448593e-07,4.996947928283666e-09,5.89339433705748e-05,5.890587906573431e-05,2.806430453450836e-08,1.8331397582626217,177.4732632039181,1.5797937572903386e-06,9.093057269724362e-07,0.08131279666491747,209.60313778210383,0.008989149569140287,411.46178046783643
842,0.17309489163666944,15.48186811762397,0.03860256767661796,15.344779666368396,0.09848588357895337,570.3435425492307,565.1382814929925,5.205261056237641,0.023190012628138152,0.02924252141609256,0.32969191208544185,-2.0605879820845627e-08,-2.7918088002265546e-08,7.312208181419888e-09,-5.939588063088905e-06,-5.970655911426629e-06,3.1067847914050047e-08,2.00089189996777,152.78696541221285,1.5760137627507886e-06,9.078457737517432e-07,0.08595915732776875,209.95656774699458,0.00874767282321315,-376.23907195678566
843,0.16575202895673688,14.970629252633135,0.04260796022137209,14.853370239786523,0.07465105262524202,646.3076819904785,640.4159018336954,5.89178015678217,0.030082349687132512,0.026932189734190908,0.2994637453019421,5.303557393486664e-07,5.257736055890348e-07,4.58213375963152e-09,6.175380839845723e-05,6.172767877163612e-05,2.6129626489334566e-08,1.2656522456788262,-63.161710616546365,1.154716468870839e-06,1.0422712338592106e-06,0.08266706312467986,199.9940689359846,0.008886857715608185,665.6093598848802
844,0.1749496659610518,17.48538200801,0.04040981712046159,17.363518648779134,0.08145354211040517,626.7832759039173,621.2563418494406,5.526934054476322,0.026945695447843084,0.02668483462777455,0.29945147223054375,-3.4893857924472056e-07,-3.5430171721327297e-07,5.363137968552316e-09,-4.138652048703013e-05,-4.141374726231227e-05,2.7226774803489088e-08,1.3649381334640818,148.88855436786577,1.5673997459851847e-06,1.0984826175661919e-06,0.08166954090060781,232.9367053415347,0.008990625814459613,-21.339911903525717
845,0.18244598782117924,16.815158249846426,0.04102488101334852,16.70842285925014,0.0657105095829391,586.3580261891021,581.3784517191061,4.979574469996169,0.03029338080337311,0.03261517933501681,0.3633951048705345,-5.872629948750312e-07,-5.935932325260099e-07,6.330237650978665e-09,-7.096085379786411e-05,-7.098705221906404e-05,2.6198420500227164e-08,4.588943228241495,155.7549258412093,1.20747592986294e-06,1.215403783197154e-06,0.09529206943466383,232.0965916112272,0.009143578181889416,322.984137323524
846,0.16901975790453128,14.791748601548443,0.038082742551473696,14.671564817008557,0.08210104198841174,489.0258391841728,484.33360725290805,4.692231931264903,0.03370203107182958,0.027023292408104065,0.32242459810253027,1.4143856754681553e-09,-2.8417421117717822e-09,4.256127787239941e-09,-1.3339924277135586e-06,-1.359625853094949e-06,2.563342496704054e-08,1.0431988235583103,175.9534529798167,1.301792636670894e-06,2.169998043538533e-06,0.08155964318975567,200.20059748147108,0.008757285049813301,804.6312604502546
847,0.1655650757837849,16.20843202476107,0.041215483910407545,16.104643647197225,0.06257289365343714,657.1640899024015,652.1431743315,5.02091557090166,0.030291909730687388,0.02478298255849451,0.28040826580549544,-2.3078421038146296e-08,-2.8811413349822058e-08,5.7329923116757734e-09,-3.9826818355913945e-06,-4.00858704232367e-06,2.5905206415445327e-08,1.070854647490827,79.89923093206222,1.5146383766448254e-06,9.578167323943312e-07,0.0751409430794922,227.35362194852806,0.008571434395272007,330.22397160202945
848,0.17543134955012893,16.375450948849934,0.04078946323184165,16.27571265592425,0.05894882969384222,661.7488133075475,655.977665565073,5.771147742474187,0.02436296805997913,0.028024799776760936,0.3175209184517385,1.4691045269754125e-07,1.4250206140981582e-07,4.4083912877254614e-09,1.651038762802941e-05,1.6483565435982983e-05,2.6822191634734484e-08,1.5179855114519456,-31.341830887355744,1.5411327443717273e-06,1.0374740975354269e-06,0.08386921860838649,211.12793759046775,0.009329870403999385,73.76955778092997
849,0.17326830916553274,16.589634668301272,0.042343530377552833,16.45495321303633,0.0923379248873899,591.8728219876951,585.7930773723511,6.079744615344441,0.03971127400327448,0.028300885636774555,0.33089795515881737,-7.635544633482898e-07,-7.712933476254999e-07,7.738884277210329e-09,-9.347152073541358e-05,-9.349804934551143e-05,2.652860964872976e-08,1.4516459448950112,-99.48749061839221,1.165766098777834e-06,1.0417359013452487e-06,0.0852568338570465,214.97426024051288,0.00897459207834586,-39.55236666401743
850,0.1842322780197152,16.25519310825617,0.04152498246603731,16.122189636159863,0.09147848963026596,746.0469135123196,740.0197707514305,6.027142760889529,0.028697515554282557,0.031189790140694312,0.36877323936523104,-2.8985709602712557e-07,-2.9743195985821383e-07,7.574863831088135e-09,-3.573570957292787e-05,-3.5761505096283394e-05,2.579552282587105e-08,1.5608727910566764,127.54254873767142,1.6365848482277706e-06,9.889029596120211e-07,0.09232754927339921,217.75224677552768,0.00901734798078131,-987.1675338936075
851,0.1796694105772057,16.689141561401243,0.041411579360057155,16.534146636264055,0.11358334577713355,773.1761291157943,768.4826763970135,4.693452718780586,0.02699644842506824,0.02994693846344011,0.3282713626322079,6.65474087800761e-08,6.153452363603284e-08,5.012885144043254e-09,7.058867129890919e-06,7.0323364364593985e-06,2.6530693016073012e-08,1.1699519880452596,129.95915578579826,1.1246792568814967e-06,9.468175204476858e-07,0.08802599126584346,227.6103714394436,0.008771790333061347,274.3591046193633
852,0.17898129805133225,17.01110408750883,0.04455569832222053,16.871188703911308,0.09535968527530216,665.6278106892942,659.7410792777026,5.8867314115912475,0.029134023150073643,0.031035940624170068,0.3456194923510087,2.1106572426286267e-07,2.0603067406321662e-07,5.0350501996460556e-09,2.4247242436026427e-05,2.422011676308771e-05,2.7125672093823777e-08,2.8151407313249392,187.09341213608292,1.1799653220980452e-06,1.2400251245026557e-06,0.09048058094777092,224.57525899675244,0.009066300253264237,-425.662182166353
853,0.17746139913792405,16.14277781411938,0.03787627736808435,16.01372320393478,0.09117833281651404,583.6921648085557,577.5996433341898,6.092521474366536,0.035157349743220115,0.030678362751623434,0.34802429086551906,2.5526038481704416e-08,2.0106437722760596e-08,5.4196007589438085e-09,1.35783122718703e-06,1.332193042918609e-06,2.5638183860082002e-08,1.0746858888412654,43.824289796056924,1.3166567129085086e-06,1.332533709848281e-06,0.09265726066759332,214.92979824868868,0.008723197549275976,264.28496786170854
854,0.15803959984206206,14.9118729602005,0.0418384880238644,14.777265061689715,0.09276941048692003,532.4738977392343,527.3837432241199,5.090154515114849,0.029361444411309463,0.02585780278874842,0.2940100311722655,2.381256544936805e-07,2.3348658796710388e-07,4.639066526576568e-09,2.7796999023054694e-05,2.776889072221144e-05,2.810830044265119e-08,1.1832067757589875,81.32183851996845,1.089076746353233e-06,9.415306329695255e-07,0.07565634257196745,199.90055331660935,0.008548898929049073,128.75569523123158
855,0.1664624806561514,15.029491636017744,0.03804262146960351,14.909164661051646,0.08228435349649278,701.0585520273545,695.9355589766814,5.12299305067335,0.02777401083864308,0.02720619819801703,0.31167944620704385,-8.389502907772615e-08,-8.796644115352367e-08,4.071412075797522e-09,-1.0271270245519997e-05,-1.029678731635499e-05,2.5517070516147552e-08,0.9784914099651619,38.26623764652477,1.4801861086925926e-06,7.812804993724209e-07,0.07955327564251574,192.10872911049788,0.008771348810277975,-5.104540755612106
856,0.16569653985223065,15.488075799184665,0.03598857749323773,15.365024650569481,0.08706257112194826,633.8666133358528,628.7139087456181,5.152704590235548,0.029888449111713223,0.024076431055320792,0.28271347849911704,-5.625076659736712e-07,-5.666521198590686e-07,4.144453885397326e-09,-6.941485226171716e-05,-6.944123403283128e-05,2.6381770773518822e-08,1.0468140194409556,296.07082150991187,1.188876329564311e-06,9.105618673777224e-07,0.07420063355569975,204.33216351067352,0.008548353215939762,-681.7161969058498
857,0.17087186861950865,15.962113567247693,0.04288455521252697,15.814883393837121,0.10434561819804325,634.1216225744494,628.5577178992962,5.563904675152429,0.02883599568733065,0.028972460624891384,0.32254823644587,-1.058579211877462e-07,-1.1092183289088016e-07,5.0639117031339705e-09,-1.4061958673535203e-05,-1.4088553359831435e-05,2.659468572239629e-08,2.047661643802109,60.1687149093435,1.1817999509667095e-06,1.0358550994303586e-06,0.08325733853053571,216.36833625505392,0.008906489632701683,105.18583628205033
858,0.16280204623104436,14.341122638414047,0.03864540012319295,14.235631697756734,0.06684554053411922,442.37495543734116,437.70774078786894,4.66721464947246,0.03152694403482171,0.02819934026998342,0.31202234816842545,-3.9708283626612687e-07,-4.0373452621120844e-07,6.6516899450814495e-09,-4.862525342661735e-05,-4.8652286527605144e-05,2.7033100439394407e-08,0.9081822013129387,170.7258367741827,1.0540514621370244e-06,8.46838312689702e-07,0.08159482444393033,196.21514921512556,0.008391754977172462,-304.70115253406584
859,0.18405329007776483,16.10875660110003,0.03920821950267449,15.985257304671237,0.08429107692612244,792.6838581464439,788.0648464322851,4.619011714159382,0.024422318056150985,0.03191734287768071,0.36661047361366955,2.0623413046922945e-07,2.008855331865253e-07,5.3485972827041095e-09,2.366309273903426e-05,2.363666612213789e-05,2.6426616465573842e-08,1.1995467487133706,107.15398102347993,1.4884979114258752e-06,9.8385503124335e-07,0.09151716791000289,215.62853154371072,0.009154229301866308,404.7031608797188
860,0.15849694423076285,14.201107218931003,0.03682685086629784,14.095539613057893,0.06874075500681211,516.4722114164605,510.8967037314754,5.575507684985619,0.027494429163005377,0.026842498493185245,0.2911878299544499,-1.2918195685529e-08,-1.7974589809364808e-08,5.056394123835826e-09,-3.0823115119505633e-06,-3.1085840021016473e-06,2.627248971602751e-08,3.996108490092958,42.749844320646375,1.3157816638466262e-06,1.6525793869299274e-06,0.07772162134828454,187.05307839799372,0.00820519569243333,-145.35637317282726
861,0.17057341306585835,16.20573617772748,0.036458212239923696,16.09490459283928,0.07437337264827701,561.7365556905843,556.9865341479034,4.750021542680634,0.024250616981316198,0.02966695482329827,0.3288172155195868,-5.920791152668527e-07,-5.974493149792073e-07,5.370199712354525e-09,-7.308331088861888e-05,-7.311125333574173e-05,2.7942446666244157e-08,1.6077066220031213,65.03210714496035,1.5510689013240191e-06,9.523335399268708e-07,0.08779554815434051,218.6693486541163,0.00833492744037299,-1399.03433525749
862,0.1662899508369646,15.064682474880758,0.03889784982774263,14.930247048168278,0.09553757688473663,685.4767168351267,680.9696854535727,4.507031381555061,0.03441760533050797,0.027974374876799605,0.31760042682433975,2.5486142925598123e-07,2.4891586801746924e-07,5.945561238511895e-09,2.965629907554758e-05,2.9630412818064894e-05,2.5886257087988026e-08,2.3217816844851544,137.66314130948,1.3689381522361029e-06,1.0289733044943292e-06,0.08204040181272179,205.29030523290342,0.008652695498537637,51.0843077837344
863,0.16920521404039734,15.466543781240377,0.03636835793279468,15.344422304807981,0.08575311849960093,574.9859061696623,569.1396526438718,5.8462535257903605,0.024578380475972043,0.028422336882482774,0.3195612100625488,-1.3325883034652773e-08,-1.7998346938118038e-08,4.672463903465259e-09,-1.4408175764262776e-06,-1.4671041754788662e-06,2.6286598673466066e-08,2.5497397377623305,65.53566170919493,1.1152320858619443e-06,1.3043534690240918e-06,0.081297937735031,224.0557721768303,0.008319028060673425,-829.9261976509697
864,0.16864478584556963,15.49320168670649,0.038640966435124574,15.374594232765151,0.07996648750621395,891.8875679612664,887.5298322473526,4.35773571391433,0.032659271926441635,0.030296451094315693,0.3411210133302317,8.00661517090186e-08,7.398340774634545e-08,6.082743962673158e-09,7.559050565253086e-06,7.5327401969447446e-06,2.6310367932484513e-08,2.094854920298238,146.6774533455001,1.1171844588884052e-06,8.732263953953113e-07,0.08796041612139338,203.73341020785517,0.00891588838306181,177.34564503799356
865,0.17878154642851107,16.00263554465257,0.04006446409824249,15.874090370992198,0.08848070956212996,518.85452133522,513.5875624832139,5.266958852006842,0.034840927345459384,0.029938016575163887,0.3394579178986258,5.774832916723269e-07,5.714058711174513e-07,6.077420554875556e-09,6.687081655695033e-05,6.684454832070113e-05,2.626823589803819e-08,1.7923117127778057,127.01455788586094,1.5071112098703624e-06,1.2059122904171846e-06,0.08693114344289757,220.10146858279592,0.008592592472849693,466.7665427293632
866,0.1659040651129738,14.406101431784677,0.0376299955746589,14.302826202096236,0.06564523411378322,575.6562801772542,571.1744365194419,4.4818436578115355,0.027174015636961563,0.026626012371282776,0.29941464625658737,1.1132607719989639e-07,1.0517926586280518e-07,6.1468113370912094e-09,1.0850550757653215e-05,1.0824528313864014e-05,2.6022443509748496e-08,1.9652067619095446,9.42942043848188,1.3952381372948678e-06,1.0422308774647664e-06,0.07933408057792037,201.04708140761196,0.00876063949410419,-84.15766072934639
867,0.16980117414496212,16.651531526954603,0.040222053640608636,16.51020448684293,0.10110498647106336,584.9433576996914,575.4242728758408,9.51908482384981,0.02571958801576197,0.02516750678658524,0.2814623135388745,7.618543854968236e-07,7.550984859999325e-07,6.755899496890855e-09,8.914474845240731e-05,8.911820708668563e-05,2.6541365243440912e-08,1.3701759015933468,238.23342416613366,1.5525095920825612e-06,9.866185593716962e-07,0.07665010785601875,223.49990811223813,0.009385382991695852,-672.4378988352482
868,0.1642595797631264,15.478544380964356,0.03881939414639685,15.356787077884926,0.08293790893303463,584.4835165332265,579.3110723419884,5.172444191238383,0.026217802260156176,0.024544908960224023,0.2831499437222572,-1.2148429792344675e-07,-1.26708717513928e-07,5.224419590481263e-09,-1.5465624609866648e-05,-1.5492137170021113e-05,2.651255961743815e-08,10.99707000644673,-167.76955225564228,1.2380103981460931e-06,9.726362939612283e-07,0.0744559503514057,207.39940293525746,0.008747448743626427,-63.674057222562624
869,0.16825513638791098,15.238714147312205,0.03938105760459914,15.117984425428524,0.08134866427907891,569.9003350157124,564.3546629410903,5.545672074620953,0.028084150726854402,0.02829120021031364,0.3224387500721649,2.750503309622302e-07,2.702264448020106e-07,4.823886160219618e-09,3.042102118121745e-05,3.0395095285261014e-05,2.5925895463903487e-08,1.3676551501293654,39.3430005728754,1.3171848568720998e-06,9.967189266194023e-07,0.08302527741066798,202.9496024716075,0.008863567275374159,-881.7854507516113
870,0.17436112979629495,16.320132701252373,0.04456949180132485,16.184390206585658,0.09117300286538917,601.225032378613,595.9695702038679,5.255462174744525,0.027737646241923927,0.028650553602910012,0.32899489130544946,-1.6486055008313948e-07,-1.7017415136932372e-07,5.313601286184266e-09,-2.0230618051107784e-05,-2.0258721161375715e-05,2.810310980047371e-08,1.8996914985902071,118.5530111922034,1.1624810232188915e-06,9.40405624424977e-07,0.08485542422487778,228.44125020593287,0.009140801443575932,452.6290327869401
871,0.16742360170042855,16.044013237167555,0.042494940072728,15.886127706157271,0.11539059093755086,522.9855546415484,518.1349316392539,4.850623002294659,0.03916600886631878,0.025467868217436133,0.2821906977885961,2.2663669727675166e-08,1.7440243958668204e-08,5.2234257690069486e-09,2.2712333443864188e-06,2.244382068116979e-06,2.6851275796314313e-08,0.8869564597033452,79.61843994527315,1.843158824369256e-06,1.0881748257404828e-06,0.07658380846706918,228.17636133965985,0.009146839715444109,528.3727784219691
872,0.17439826173092432,15.61206451266368,0.04074631707415946,15.476095599757432,0.09522259583208853,576.8481383543341,571.6384797815259,5.209658572808499,0.028132900133846457,0.028352511194740238,0.33002942985843176,2.3091720452906597e-07,2.2495926191707454e-07,5.957942611991438e-09,2.5882977508016257e-05,2.5857602561291282e-05,2.5374946245848302e-08,1.6159053233487979,271.189287233596,1.4029136190070485e-06,9.709453017520285e-07,0.08553931731728298,210.49380352368286,0.008425901836079431,607.826043794571
873,0.20055786699942138,16.16387496501417,0.040244347071313746,16.03524745756165,0.08838316038120585,628.8916654165112,623.7682752034403,5.123390213071322,0.02970387242791987,0.04141778018788589,0.4589953172405647,-7.407524825501296e-08,-8.406561116084614e-08,9.990362905833187e-09,-1.0329142038493105e-05,-1.035609583095438e-05,2.6953792181123508e-08,6.480831078465875,-151.26947388443915,1.252988826312241e-06,8.640588194487083e-07,0.11843694426015061,210.20327760331472,0.008971514149388623,917.7555542767795
874,0.17663133691737795,15.98156743782774,0.043182482194486164,15.870347771685411,0.06803718394784242,810.2575563198516,805.0054659597552,5.252090360096235,0.03680258647391,0.029667288575945548,0.32657753500257286,3.2785181684165925e-07,3.228741575216102e-07,4.977659320049148e-09,3.6907502894947925e-05,3.6878775691373386e-05,2.8727202914710335e-08,1.621168818781646,58.576498053963114,1.1740601899841305e-06,9.369697667184501e-07,0.08702613681962543,217.78421887265847,0.008351840624392076,-1056.1258083119365
875,0.16401731513543322,16.076567883055922,0.042129399172745496,15.949845644442405,0.08459283944077449,634.7798722769669,628.8264063104468,5.953465966520456,0.030357535070321934,0.026456377351396283,0.28869459540384745,1.8176292987099405e-07,1.7666955824759807e-07,5.0933716233960086e-09,1.8353422815346837e-05,1.8327104394395793e-05,2.6318420423196735e-08,3.82693030282441,79.87180025404132,1.382139373252432e-06,9.123230635413601e-07,0.07661097953581711,219.95265617561563,0.009169378312663918,203.75018547786203
876,0.1885490471025271,18.141020222796282,0.045852819039526885,18.002290538487852,0.09287686526890486,631.773840677705,624.828132072443,6.945708605262057,0.03688359683858433,0.031779230043232985,0.36209100456399096,-1.393222658761391e-07,-1.4688634343070949e-07,7.564077554570446e-09,-2.0238382915152733e-05,-2.0266738123069002e-05,2.8355207332641162e-08,1.2939249512410058,28.167667365577188,1.5350109072381429e-06,1.088352020793485e-06,0.09309493340024315,245.7481480154468,0.009775426779072918,-461.00818384391005
877,0.1712015019780653,16.222911035675413,0.0470426299160272,16.072996101976408,0.10287230378297321,755.4572080843654,749.2174749434981,6.239733140867784,0.03400403437885741,0.027328271567564465,0.3038220319088293,3.358725197026077e-07,3.318580358008732e-07,4.014483901734513e-09,3.635377991225273e-05,3.632583637154288e-05,2.794354012890016e-08,1.5110547192733592,-153.37269451267758,1.4959515791721835e-06,1.4229185487190699e-06,0.08079808005531773,225.41929862607736,0.009417977692591622,48.060549537250154
878,0.18008668754335305,17.100435531282432,0.04490391295358261,16.95091185867733,0.10461975965151904,592.4775635181412,586.8066610010058,5.670902517135917,0.02562829024843094,0.029757629811675637,0.3271080501733767,-2.7521145933707257e-07,-2.8029838386477596e-07,5.086924527703299e-09,-3.429010315862413e-05,-3.4316972733803426e-05,2.6869574567930494e-08,1.6649197441835335,228.01452869905614,1.3505093780940697e-06,1.1705208775209927e-06,0.08747555766607017,232.80686511460675,0.009597831705426003,-652.9623361418599
879,0.1814828464656874,17.4924602389272,0.0458763518082216,17.36263921394213,0.08394467317685482,683.7329786608668,677.3524417957034,6.380536865163876,0.02545237837681196,0.030838423894004374,0.3525161820318386,4.221092466715296e-08,3.677874442676769e-08,5.432180240385259e-09,3.2631745814608693e-06,3.235069392556305e-06,2.8105188590163423e-08,2.733104460014074,131.32949858027237,1.7770454341314374e-06,9.794349710175958e-07,0.0910932843403072,243.40807271437475,0.00966030123551345,-453.84148892963094
880,0.17084121690564075,15.742237933528235,0.03734854404507236,15.61438883488561,0.0905005545975545,717.0903080233011,711.5607481471238,5.529559876178273,0.028834432917083798,0.029060183697473208,0.32932068518368823,1.4731878508727138e-07,1.4303189982756594e-07,4.286885259705465e-09,1.4861498721085026e-05,1.4835325891710242e-05,2.6172829027647778e-08,1.7640823017999596,144.3849061687422,1.5813641285891312e-06,8.858195525304961e-07,0.0849722225508915,214.33588575209066,0.008593952617789571,145.60898474108035
881,0.17430619303173395,15.699325743352123,0.03980538336287039,15.565037987753348,0.094482372235903,653.2043403104317,646.6744451635764,6.529895146854982,0.038187330044336075,0.02573615412186455,0.30342418409391025,-3.5063872807955885e-07,-3.554449673137502e-07,4.8062392341914075e-09,-4.29019621325795e-05,-4.292902942510284e-05,2.7067292113004023e-08,2.2476172558473904,134.54287328442243,1.1498735754540234e-06,1.360336542709098e-06,0.0765040308543676,215.58211997486973,0.009222048939825154,-579.1004215476323
882,0.17547892538650595,16.007098242616316,0.039148247928366534,15.862196559738434,0.10575343494951284,548.9148478574158,544.304567350859,4.610280506557021,0.03619015703345678,0.0308328961024128,0.34702864843974374,-3.029028446657012e-07,-3.071466447778603e-07,4.243800112159058e-09,-3.8173528887115935e-05,-3.819921245438146e-05,2.568356691745357e-08,1.0296414033159302,3.9846457539997826,1.4296182871704715e-06,1.0191394832090165e-06,0.0898946377173113,200.9221235917277,0.008751006594414327,-222.98288876233528
883,0.19054183470024297,16.97738972606258,0.040064828146449925,16.84678320901514,0.09054168890099062,583.5864387636773,578.0983828734041,5.48805589027251,0.03606826757602214,0.03325673251848538,0.376372897538422,-1.4802198666551524e-07,-1.551728157112409e-07,7.150829045725722e-09,-1.861410501999606e-05,-1.8640001061945282e-05,2.589604143319923e-08,1.616478772114893,-41.18641145642479,1.7371390778584266e-06,8.795714221448601e-07,0.0948190760805538,228.19163090150684,0.009403471409373382,167.46856500040303
884,0.18692382141637454,16.889219554799634,0.04083399440688626,16.7506004749726,0.09778508542015539,701.9800290303032,695.825856829437,6.154172200866832,0.03138525518202072,0.03508041078014707,0.3933157969350012,2.9661268111769543e-07,2.919506786133165e-07,4.662002504378915e-09,3.476878852795597e-05,3.474083200923608e-05,2.7956518325526477e-08,1.667371941654686,-80.32683034340894,2.496758754242154e-06,1.0101140170197598e-06,0.10093813025777502,231.22734130714235,0.009164041148612889,-348.4067213944545
885,0.17097747215521525,15.419307408957659,0.0389634505861914,15.318083907921972,0.062260050449495105,576.6070547287183,571.4396207103742,5.16743401834414,0.041122805592720545,0.02878098562792183,0.3163247557477636,2.930415076127936e-07,2.8624908459629656e-07,6.792423016496984e-09,3.236280318305082e-05,3.233590448026774e-05,2.689870220920027e-08,1.0706640098361495,216.02101295267235,1.2391145186827294e-06,1.526273824283922e-06,0.08270383276442488,212.13296846107005,0.008752164807536189,-399.7132775250948
886,0.16801809473712498,15.28463199646876,0.0420828112532955,15.122918827850143,0.1196303573653218,646.0390017334028,641.4147238209612,4.624277912442754,0.025006350769809532,0.028430542281925566,0.3113140228266604,3.755917440207646e-07,3.70238700929066e-07,5.353043091698548e-09,4.357610145249213e-05,4.355019403986514e-05,2.590741215455914e-08,4.0479126873837155,105.33319216641274,1.3437691932968636e-06,8.359666861094264e-07,0.08333953070597164,195.46245927697805,0.008340929522019298,-226.29792477583396
887,0.17786745986730515,16.112010819159153,0.039513159035569075,15.971683404169637,0.10081425595394296,638.7149569109001,633.399902084958,5.315054825942485,0.02945277212298229,0.02925567262131578,0.3241430991569524,-7.130625149498115e-08,-7.648299574952967e-08,5.176744254548527e-09,-9.625197938336349e-06,-9.651256807227272e-06,2.6058868565852816e-08,1.4700543782441695,-12.81212391871892,1.300890357303437e-06,1.35872961272712e-06,0.08449344450277078,214.81907458033083,0.00935936700368937,-556.3708259033028
888,0.19505763076899116,17.062269233412476,0.048601057941139954,16.91230675163656,0.10136142383477269,698.2040297605481,693.3069236614728,4.897106099074754,0.03506210977115814,0.035306288262953504,0.4099054438910668,-5.366398772844882e-08,-5.852488982049499e-08,4.860902092046191e-09,-8.405288826590286e-06,-8.433674010046186e-06,2.8385182862096063e-08,1.8459065563578534,98.41220707191934,2.0473426254126937e-06,9.207075570960763e-07,0.10236270140959679,225.25659692175728,0.009566853235366093,-176.28938521701184
889,0.19228716049751385,16.403369995428672,0.040764873323304064,16.271902385304816,0.09070273680054987,804.3864482388686,798.6596211738987,5.7268270649705615,0.028769718762481012,0.03844729990379817,0.4351999624419979,-7.658986518984013e-08,-8.155903430721802e-08,4.969169117377925e-09,-1.1598032334374461e-05,-1.162422841248024e-05,2.6196077573993865e-08,1.477811865779815,360.42206604564524,1.4708100250598984e-06,1.4862420109641858e-06,0.1067076345055941,225.95871056205726,0.009295445816571194,-547.5990238238719
890,0.1747735228485752,16.598844841437174,0.03977488053502719,16.48052702149541,0.0785429394067377,667.9053899098229,663.0280288662378,4.87736104358369,0.024089746299247,0.02726637891100603,0.3109801574521952,1.943385213644764e-07,1.882094274999583e-07,6.129093864518142e-09,1.9779470498398534e-05,1.9753263784345406e-05,2.620671367306608e-08,2.4961245036333826,-171.9121361095146,1.5871900440961252e-06,9.26764713755739e-07,0.08254424846163064,227.01505215488856,0.009164025108129631,-23.501074328149116
891,0.16527055475898972,16.29255154430666,0.037002436286332735,16.165626023310264,0.08992308471006176,551.6334903534452,547.0202081479188,4.613282205526189,0.034660630749885846,0.026498515429285822,0.2980183654630463,-2.58800389155662e-07,-2.6336069935972366e-07,4.560310204061814e-09,-3.2333537465584886e-05,-3.235999545545125e-05,2.6457989312056716e-08,2.066140093501713,-43.45967029710272,1.1243206774679877e-06,9.113911294527734e-07,0.08001647459684054,212.06624117375347,0.008574037092468114,-602.5507109543923
892,0.18208300295134872,17.916488977238522,0.04277774592174984,17.7867707422058,0.08694048911097466,716.5081996891766,709.9702544218793,6.537945267296589,0.04131800944589134,0.029025782246002198,0.334371390922755,3.500557635156814e-07,3.44195113182701e-07,5.8606503329804526e-09,4.0826708499167156e-05,4.079877197430178e-05,2.7936524524664898e-08,1.9200871892888967,60.0256066794078,1.7922619324781784e-06,1.0735903597654612e-06,0.08474959044681811,250.4062479594731,0.009614000136528387,-512.9178528557741
893,0.1856287231561346,18.506591068823678,0.04350666597384222,18.35947503185159,0.1036093709982431,895.296295572846,889.8010149612265,5.4952806116187025,0.030006661140675336,0.02947469816855414,0.33120283669934075,-7.874797266121576e-08,-8.370017399041411e-08,4.952201329198377e-09,-1.194597922491877e-05,-1.1973462962284728e-05,2.7483737048929724e-08,2.1160362638942445,147.1101807994178,2.228549491717219e-06,1.161361306200556e-06,0.08730475814705128,244.20050699771093,0.009943425409142517,421.12660199894253
894,0.1703853507257648,14.66695416280572,0.0393952073175402,14.559616233446302,0.06794272204187309,605.9503492084276,600.3859216046565,5.564427603772618,0.028226510697938682,0.027491460294918064,0.31567311382043994,-2.630224178678202e-07,-2.674388033262862e-07,4.416385458465848e-09,-3.363834193077062e-05,-3.36661266631138e-05,2.7784731940267135e-08,1.0207829366979837,87.97751336485675,1.4324073237797606e-06,8.334080620876143e-07,0.08154038202559025,196.90101033674893,0.008859401288612664,-140.10705061744193
895,0.19341389965629507,19.407812831941936,0.043308435059440105,19.246775746954494,0.11772864992800212,526.8268566654157,521.7357785395867,5.091078125829124,0.03139575065765526,0.03366578784694522,0.3841321038038833,2.375000669590147e-07,2.2748062929574492e-07,1.0019437663269707e-08,2.5097656545202638e-05,2.5069347413415473e-05,2.8309131277466604e-08,1.153998034860533,198.43789630760787,1.6510742009608583e-06,1.236784509241911e-06,0.09987378977796879,250.56993103390454,0.009792438129373322,155.23240974959663
896,0.17442386652519634,17.00572361741067,0.042909798504511605,16.865019453238,0.09779436566815865,940.0705976225785,935.813322477315,4.257275145263504,0.02724436639391763,0.02706832616979861,0.3033803761470251,6.959368222630384e-08,6.486303388555308e-08,4.730648340750741e-09,6.247420487362675e-06,6.221043961445443e-06,2.637652544585109e-08,1.3053564354093217,162.23311977271726,1.8095216972795796e-06,8.4028271930706e-07,0.0796632460191899,226.95113451095128,0.009186012070715888,751.147866263329
897,0.16439188751915193,14.991728565912569,0.03802880503957549,14.861176429922772,0.09252333095022192,532.0428152702644,527.362277426129,4.680537844135361,0.03165518736605409,0.026353847317869952,0.2994255180020713,8.931778894077756e-08,8.405051313442243e-08,5.267275806355122e-09,9.417420309733083e-06,9.390876233793461e-06,2.6544075585778066e-08,4.149694419637979,175.08718270376733,1.3939159599975159e-06,8.97308666363517e-07,0.07777113187019495,205.5740905273419,0.008461808905644595,-334.77857434201724
898,0.17091287684029752,15.281002079240595,0.04024224966342268,15.167506093834074,0.07325373574309968,565.6725303331493,560.8753030503146,4.7972272828349105,0.02822472020612356,0.025295354130995668,0.29394383676974084,2.58873183352808e-07,2.52172525412549e-07,6.700657940258929e-09,2.8119650435111363e-05,2.8094269210835535e-05,2.5381223816053835e-08,0.8379424710108335,225.77946438060587,1.031641809310206e-06,1.268274609894008e-06,0.07492511169375358,200.36962503357034,0.008692181435351916,407.5677907746249
899,0.1831762020135272,18.201966939621613,0.04178124205158727,18.06104636645566,0.09913933111436533,755.0937560249994,749.1539215887127,5.939834436287198,0.036227729468417354,0.02816695276722489,0.30563646969092295,2.3770642784711684e-07,2.3308309273968863e-07,4.623335107428115e-09,2.625624716740368e-05,2.6229451668593923e-05,2.6795498262449426e-08,1.480541495739974,209.17444591277982,1.1713159660192406e-06,1.1062522037653606e-06,0.08604769146431515,239.14146206479592,0.009623810550738566,97.32813000609258
900,0.17430854641540494,15.787926625658363,0.041247892825286035,15.66499763807912,0.08168109475395288,528.7679432780963,523.7084711910302,5.059472087066276,0.020446698314197927,0.028781783622163673,0.32856039069571463,2.3901836107860557e-07,2.3317605637849632e-07,5.842304700109131e-09,2.3077757859377677e-05,2.304836297006947e-05,2.9394888952392454e-08,1.2531571650847189,129.61011356865765,1.2656662127574711e-06,1.014528114360004e-06,0.08882002901474932,210.08096140025611,0.009146922052602141,238.70532645451112
901,0.18176185452983876,17.21206914696862,0.043839480393038796,17.069474574084555,0.09875509249102708,766.5398739525735,761.1276667975446,5.412207155028397,0.031110293511207983,0.02929403722591245,0.3386408068674771,-9.31556456632235e-08,-9.795714530892953e-08,4.801499645706026e-09,-1.2082629662131512e-05,-1.2109925193749546e-05,2.7295531164024467e-08,1.440675432127544,160.34594171834107,1.5364143233228413e-06,8.49132889864006e-07,0.08536823403775999,229.92530196712946,0.009585620944766922,123.92882592399383
902,0.17779679476691573,16.13156731682741,0.04174394596891293,16.01233911970262,0.07748425115587917,749.5412468473579,742.0578467558125,7.483400091546666,0.030428865309232528,0.02899738912318776,0.3313676746361407,-4.635076921115227e-07,-4.702783010016367e-07,6.7706088901140015e-09,-5.619619885012857e-05,-5.6224797971628495e-05,2.8599121093292248e-08,1.7801890633665867,82.27375258704751,1.4893390672942531e-06,1.0133616516803805e-06,0.08764579049151824,210.42746027977373,0.009034826905110425,563.0540442825568
903,0.18134918226723068,17.61658353132949,0.048515301826641474,17.46678143229531,0.10128679720753392,874.4524891178185,868.2661546571701,6.1863344606485775,0.040476253558240874,0.030702348524239673,0.34067590404811565,3.213603563715559e-07,3.1580055982872705e-07,5.559796542828878e-09,3.729226013123213e-05,3.726435917204946e-05,2.7900958461299e-08,1.3447053588847941,91.79077027728019,1.5799271450093178e-06,9.124833527232559e-07,0.08958030497115792,238.5260566318745,0.00992528551798508,830.6392462646372
904,0.1557761045514754,14.323600502165402,0.03687949217414863,14.200276784169072,0.0864442258221832,553.0127677075693,548.0126677326814,5.000099974888936,0.021821047528283694,0.024352745602583964,0.27096665114374646,-3.356429999335657e-07,-3.3954924165198936e-07,3.90624171842379e-09,-4.074654760047204e-05,-4.0772175137507045e-05,2.562753654242194e-08,1.4642141912089401,32.06325392649041,1.571175278563164e-06,8.290271124145696e-07,0.07189178654161252,204.72769162053845,0.008360790333456289,453.9119338378523
905,0.15623142798179815,14.30453736674253,0.0374256458170561,14.175633447043731,0.09147827388174176,671.3534005617621,667.004470134136,4.348930427627873,0.028527969547997047,0.02589841762730094,0.2889377671226696,5.425723051071753e-07,5.378908819545356e-07,4.6814231526396276e-09,6.0925429318772315e-05,6.0900141583035995e-05,2.5287735372630105e-08,4.893119949971683,385.86497097059305,1.3239787448216733e-06,9.289654508010928e-07,0.07693643958304508,199.33873149496094,0.008507425700891157,-275.2738607322626
906,0.17184303957362718,16.696399082123254,0.03943190398301013,16.57753086829408,0.07943630984616001,734.6463340203151,729.0325419388402,5.613792081475874,0.03348104395031709,0.02726594026751785,0.2975905096593481,-9.514609927337889e-08,-1.018326965423131e-07,6.686597268934202e-09,-1.2411478528630817e-05,-1.2436973654032171e-05,2.5495124952230026e-08,5.816671830651338,289.8484391536497,1.5097448615418984e-06,1.0659748268428564e-06,0.07935443401610497,220.05464445335238,0.009016862394136998,-174.87097730760524
907,0.18310308624906116,17.601099873439214,0.04303556923537931,17.451693197630476,0.10637110657336313,868.2710932034345,862.556868883455,5.714224319979746,0.03371946709232385,0.03323793368037322,0.3597851667539964,-7.1539460671045e-09,-1.2212862315144755e-08,5.058916248040255e-09,-3.3721373955651998e-06,-3.3994021481561397e-06,2.7264752138944883e-08,1.704713026660604,214.83612325467618,1.4338285907046413e-06,9.000472672167512e-07,0.09798114384502801,228.8290794282325,0.009858361305806656,-199.53812350392764
908,0.1798054077359539,15.906946006243622,0.0465502050886539,15.815204139235604,0.04519166191936532,718.4174263845166,711.7280260997204,6.689400284795396,0.029493460747687755,0.03221674280294283,0.3607732219731834,-7.114009423626954e-07,-7.18059317095346e-07,6.658374732650349e-09,-8.625985410720733e-05,-8.628552341954685e-05,2.566931194377097e-08,1.7018052190316926,125.85574505630755,1.5377527389652878e-06,1.136315795052721e-06,0.09088234518899274,217.94711680075375,0.009264611962984606,786.0062117961834
909,0.15824896167131922,14.685332344155054,0.03660329710994155,14.557961039089465,0.09076800795564778,659.9532189391955,655.2510862796471,4.702132659548289,0.02326376965465495,0.0236041008758546,0.26769543378512434,2.8591437123405963e-07,2.809698025918834e-07,4.944568642176042e-09,3.258016023385072e-05,3.255514828556426e-05,2.501194785840905e-08,1.7877155376093776,137.45873361675405,1.4461484417916189e-06,1.5218162199027288e-06,0.07067245810073858,194.98289558828392,0.008051777593546729,-473.01037776733483
910,0.1669939337514007,16.14758696651004,0.03970428933090531,16.013079980916853,0.09480269626228355,623.3694911443555,618.7727726367043,4.596718507650276,0.02793772690258126,0.026320616355961526,0.28344554727136634,2.9595634370922744e-07,2.893962954253718e-07,6.560048283855658e-09,3.413121683065114e-05,3.41043419227604e-05,2.6874907543295605e-08,1.500340312150958,-128.77368885764253,1.316049092612082e-06,1.1360764456448136e-06,0.08135674921127994,211.94263935658097,0.009050633598440426,780.7925793530885
911,0.16027812400573552,14.777661006253215,0.035664849828819664,14.64537699478934,0.09661916163505563,619.3328660646948,615.5423006497829,3.79056541491177,0.03056750140729736,0.0263426512961911,0.2914214847061323,1.0393354968127956e-07,9.886281554151452e-08,5.070734139765015e-09,1.085893898302169e-05,1.0831620636788132e-05,2.7318345844703872e-08,2.3173395366035887,95.14628210120125,1.6443643562643301e-06,1.024374634807739e-06,0.08041801065901591,194.95956317375055,0.008388916351865651,-97.10264993902547
912,0.17284668985781731,15.771943294521074,0.04084987324217253,15.645123551307945,0.08596986997095923,580.5572604185971,574.6196712587997,5.93758915979761,0.028785498212395715,0.02913217675474793,0.3255682754272829,-1.1684651113891036e-07,-1.2085891143527486e-07,4.012400296364501e-09,-1.5469936513187868e-05,-1.549571060542149e-05,2.577409186445117e-08,1.2322847910427486,116.63697624623158,1.653773316339794e-06,1.0363029190006175e-06,0.08704908063449375,215.6884242204673,0.008770794667196229,-668.4091660203885
913,0.18018827474652896,16.67417361325242,0.041759168119175044,16.546249676933733,0.08616476819951259,650.4745870041461,644.8850741339429,5.589512870203197,0.02811711550805764,0.028023300177808,0.33383054341236323,-5.397025714597005e-07,-5.462042227611308e-07,6.5016513014304134e-09,-6.574686287155373e-05,-6.577388489074439e-05,2.7022018830300828e-08,1.3467605654451047,54.10147225702427,1.5092664065777065e-06,1.030868574064077e-06,0.08485725564763374,220.21717076130565,0.0094398721884944,-432.4145258129556
914,0.1674090259682431,14.574489268569478,0.041385727754669706,14.44793884105063,0.08516469976417437,816.5483778188863,812.3193496857896,4.229028133097185,0.0311976809286335,0.02464059347323028,0.288422081733198,-1.787526821897997e-07,-1.844173659358312e-07,5.6646837460314206e-09,-2.399490464927631e-05,-2.4021359597141397e-05,2.6454947503219922e-08,0.882186150453997,113.41661772643756,1.171453109948551e-06,1.1752973774369177e-06,0.07504805290497088,198.77723057994575,0.008646975761020487,316.67632537176723
915,0.17833420502987382,16.52628522669713,0.03947385017758021,16.37705334222428,0.10975803429527192,606.7990342398799,601.8175902291788,4.981444010700691,0.03357331557810431,0.028599476785509472,0.3375067486243348,3.185292062349641e-07,3.119686685846876e-07,6.560537650276386e-09,3.600110274943252e-05,3.597598563470961e-05,2.51171142426168e-08,1.1530416654046614,214.82342242573128,1.3385695140923958e-06,1.0258415249043314e-06,0.08409076260806647,224.3758253998288,0.008816682845436677,-98.1514301971738
916,0.18093064771103973,16.21459213306602,0.044089654070731434,16.07652687470792,0.09397560428736836,694.7825882452806,687.929383341891,6.853204903391317,0.027053252595527214,0.033071485640427105,0.3623402560066377,-1.3655466004284973e-07,-1.4086504909023419e-07,4.310389047384469e-09,-1.8063845988147255e-05,-1.809075787450651e-05,2.6911885986105897e-08,2.7386975956583726,146.4073345008624,1.6887126544871614e-06,9.764181904329749e-07,0.097335275177539,221.9696397669841,0.00941115118899643,79.5388733811842
917,0.16823617643517258,16.636763049182555,0.04356385002335819,16.492928044539436,0.10027115461976024,630.3904217674021,625.2637658821116,5.12665588529115,0.030670149453714095,0.02460305927593686,0.27544631579314205,-3.315243171877025e-08,-3.869815096670852e-08,5.545719247938272e-09,-4.819303065342173e-06,-4.846487831887232e-06,2.718476609535871e-08,1.3670974417780195,24.198856607778886,1.2439400017524026e-06,8.250581130177066e-07,0.07280301441746179,221.28917897969765,0.00922625555640451,25.67494934051865
918,0.1687821141221126,15.648842183274391,0.03985487295540453,15.523062112072973,0.0859251982460138,709.9650863235975,705.081287851782,4.883798471815372,0.030281397643703252,0.02780872590366733,0.3141117070263785,-2.562446596903014e-08,-3.071674583995855e-08,5.092279870928428e-09,-5.3394103083156525e-06,-5.365831113687866e-06,2.6420804820636697e-08,0.9504432606143418,230.4381525346389,1.4617617976728596e-06,9.60691750000239e-07,0.08143460977772572,203.74398341132138,0.008452866412188944,380.56575359673025
919,0.1688640812161148,15.29989971932055,0.0381919193865308,15.181798340778649,0.07990945915536972,662.7317276397341,658.122889777306,4.608837862428914,0.026141805493509397,0.025756899515058794,0.2895757848943468,-2.2823905929670078e-07,-2.3548085282825124e-07,7.241793531550463e-09,-2.783506185720724e-05,-2.7863673519437204e-05,2.861166191154753e-08,2.2688921880645943,82.09577641992898,1.176588496939006e-06,9.52405558024683e-07,0.07577287556968709,198.806018725953,0.008615600778429724,153.1772740490951
920,0.16616129339733968,14.370981971097459,0.03806846579759521,14.239175497960284,0.09373800733957902,618.9482718379243,613.952707594908,4.995564243016619,0.029988989619945946,0.025748826662632066,0.307832419950733,-1.9633641789886577e-07,-2.0035779419117493e-07,4.021376292309196e-09,-2.4831421232091925e-05,-2.4858586349558125e-05,2.7165116964375074e-08,1.471674297707927,697.2497554598126,1.2862247963217446e-06,8.621699477173227e-07,0.07834824522096866,200.33144447422484,0.008474035963925564,755.9724268215768
921,0.17751925817940947,16.291373500861724,0.038210552337019345,16.188587202959734,0.06457574556497375,678.077068518401,672.988273167993,5.088795350407984,0.02750632779043698,0.027084832878424205,0.31956276532618016,-5.572047274414439e-08,-6.242164662464265e-08,6.701173880498275e-09,-7.959965066912839e-06,-7.9866041616222e-06,2.66390941900108e-08,6.03937443486655,318.84144497915304,1.4317822883944924e-06,1.1409903946167804e-06,0.08005371086204269,220.57904986760647,0.009218971643935453,400.0085535578464
922,0.16659245106077292,15.679366735291232,0.03859414563532658,15.556054978820638,0.08471761083526716,506.4978182481146,500.3442661467605,6.153552101354263,0.02965231051541719,0.026553570766646127,0.29964612611355124,-1.112034094413817e-07,-1.1565067550127393e-07,4.4472660598922485e-09,-1.5848013372069946e-05,-1.5874245242290428e-05,2.6231869721632678e-08,1.4549027834850854,175.13051749396703,1.1033813601462612e-06,8.738686676346156e-07,0.08002125392093096,215.0650919879112,0.008645718735548643,-95.47177854291022
923,0.17733162659796245,16.62236482548499,0.04069113730485976,16.473883543580214,0.10779014459991224,600.5826656902599,595.5383637910386,5.044301899221541,0.03351620048570476,0.03185871544588763,0.36665259719160376,-1.309543601500398e-07,-1.3701818619784067e-07,6.063826047800842e-09,-1.759612256509739e-05,-1.7623062693541287e-05,2.69401279653896e-08,1.128202189627411,94.38167090631201,1.5396760709768163e-06,1.016905278406275e-06,0.09517729746955113,223.17729789959463,0.009023901669466705,-413.98100477867865
924,0.1724081255890318,16.50928368939318,0.044262746181565074,16.35718182962914,0.10783911358247394,546.9404055490422,541.700739811768,5.239665737274212,0.03618466810780013,0.027786860117957068,0.3029480395632941,8.85827710195274e-08,8.349848225584037e-08,5.084288763687042e-09,9.621246338446554e-06,9.595929651993945e-06,2.5316686143433443e-08,2.3200510355893993,62.74717634338293,1.4143198791784702e-06,9.5008383864698e-07,0.08416341434797188,220.46106641619886,0.009332735496521515,-475.12384426756125
925,0.1587620125704862,14.656116512407305,0.038254009481423816,14.539088079638061,0.07877442328781845,479.5946419902006,474.5081640882589,5.08647790194171,0.028072281103228056,0.027012953752155917,0.2940272610955305,-1.197510142986344e-08,-1.633096567467096e-08,4.355864244807528e-09,-1.9589208606485353e-06,-1.9870928708623314e-06,2.817200993371694e-08,1.0702510674402954,107.38768514374758,1.2204124930495903e-06,1.249578108682751e-06,0.08044718047848681,205.98775416175215,0.008490921947817484,-343.59609554850704
926,0.16642077719072765,14.348399532927507,0.03405322152102605,14.24707286638736,0.06727344501912386,594.784341268956,587.9519447784915,6.832396490464722,0.030796300696221968,0.029856934719878943,0.33130670277690694,-2.9711657698898955e-07,-3.0252532771843306e-07,5.408750729443427e-09,-3.750940632597866e-05,-3.753698867709014e-05,2.7582350657863608e-08,1.0487061119931422,142.11209380897617,1.2008586691097828e-06,1.6615354124204754e-06,0.08612242035371398,190.78711995911016,0.008007438871553509,-474.7677430050162
927,0.17871228794923158,16.142936198217114,0.03954564195979679,15.989716830133478,0.11367372612384165,659.8080507367329,655.1164988393101,4.69155189742267,0.025418150386554525,0.0330832750725359,0.3785745729478184,9.098105627956622e-08,8.590893543097177e-08,5.07212084859447e-09,9.365391075986366e-06,9.334757700127497e-06,3.063337526758339e-08,1.308335468386543,141.42437470941312,1.3827040246959753e-06,1.3311923387643723e-06,0.09429278430165193,210.42078171752814,0.00878449807459229,-195.0466868476551
928,0.1631174328436964,15.264260053659413,0.04050886317486441,15.13152849449811,0.09222269598643999,675.295628474122,671.2117001102388,4.083928363882879,0.03146434298430524,0.025661444928487157,0.28667042962607575,-5.819767601705699e-07,-5.876137318499854e-07,5.636971679415488e-09,-7.041975905942384e-05,-7.044650090751967e-05,2.6741847685227065e-08,4.95552538667524,218.81459354547536,1.7641014769583886e-06,1.108825643202236e-06,0.07524070526911256,197.28152804285685,0.008961170142357838,-126.526564133188
929,0.16424743660920804,15.587751576741638,0.03769725904797083,15.474856531476714,0.07519778621695257,575.6654119344917,570.7842406390506,4.881171295440841,0.03510737276066609,0.025267571824736344,0.30077628791125577,5.821504021490103e-10,-4.07886181899838e-09,4.66101222114738e-09,-1.1352886443270475e-06,-1.1624761996036262e-06,2.7187554860268772e-08,10.817292830053226,63.274185782556515,1.2838533152953859e-06,1.1116568536591741e-06,0.07654211964564261,215.23090715208227,0.008816765024505431,-236.57678568218762
930,0.15946747870513323,14.944926124449474,0.03896512947285424,14.800927565174003,0.10503342980261365,576.173268230189,572.0626046333565,4.110663596833094,0.03029110068407368,0.02702411771120684,0.29674364036533285,6.912172213255004e-07,6.856223248339138e-07,5.594896491586513e-09,8.020642389087204e-05,8.018153614948372e-05,2.4887740947977034e-08,2.7839363109211597,398.90106503551056,1.528578912221779e-06,1.0897477815807706e-06,0.07855578721703219,202.88621122720372,0.008737477568991367,-155.61675571315027
931,0.16778949692186423,15.587039485942434,0.037409071146297775,15.434693582265117,0.11493683253101691,655.5942417360479,649.4430827037207,6.151159032327235,0.03242276462531459,0.027436724819175244,0.2983857071827821,1.3380473967667432e-07,1.276970882559435e-07,6.107651420730841e-09,1.3220512347306874e-05,1.319114055559856e-05,2.9371791266542703e-08,1.3651602077461493,205.10675783383584,1.0852706373425508e-06,9.261934127845328e-07,0.08031405861139483,215.9427584454544,0.009322332163012925,190.53627746752863
932,0.17385358761419334,15.89662706473087,0.04348514563353731,15.761914374386793,0.09122754471053984,615.7849823501513,608.6187839065379,7.166198443613303,0.029635642040884227,0.03128001977260429,0.34598767853684376,4.322021826382452e-08,3.855503821364387e-08,4.665180050180664e-09,4.552436871291696e-06,4.525742359731126e-06,2.6694511131593713e-08,2.2545526337848534,231.41607349323766,1.7438365102558715e-06,1.3392815354554569e-06,0.09050885158130643,214.9382969380006,0.008941715805672162,-75.58392558374453
933,0.1755585549138996,16.81400054239817,0.040686507787333195,16.685044004270832,0.0882700303400078,707.6615047894262,700.9406711571374,6.720833632288045,0.03705693923201272,0.030949756589393917,0.3356423795263366,8.029664725424852e-08,7.406924660715257e-08,6.2274006470959215e-09,7.231235405600475e-06,7.2022427851627065e-06,2.8992619988981238e-08,8.201873593049342,184.97842087592767,1.1845697935059494e-06,1.3130438005887584e-06,0.0947190489466231,224.42965319695395,0.009337428599364652,293.2990241612779
934,0.17625087312449803,15.488851345576299,0.040740790038217,15.378597239472095,0.06951331606598773,716.263236662912,711.5456566025345,4.71758006037809,0.0300275478905988,0.03321633763735858,0.36119028541192055,5.228458152028227e-07,5.172712635776457e-07,5.5745516251768546e-09,5.960972192195252e-05,5.9583629144153884e-05,2.6092777302642095e-08,1.3556546001488616,-15.828155273792179,1.42439486653418e-06,8.558331257756396e-07,0.09576330267792404,212.6507039781311,0.009005512723445174,414.8136294839078
935,0.1733547858817969,15.229196268133343,0.03870634693715975,15.106333344952311,0.08415657624387293,874.1076516895648,868.9235505660105,5.184101123553977,0.026130388780295933,0.028289505799994792,0.3558731726964623,1.835798220834356e-07,1.7892578709903876e-07,4.654034984396823e-09,1.9048926859141064e-05,1.902326244619068e-05,2.5664412586820763e-08,1.1944128248343153,299.4054592909901,1.1536747593862535e-06,1.3080268441327652e-06,0.08096855993617748,205.71010112187903,0.008659400048039901,-37.645944876969224
936,0.17760751633636684,16.936617464670423,0.042931525414821155,16.79967712845982,0.09400881079577958,583.4988239376725,577.9374045204189,5.561419417253221,0.02286137353534024,0.029940816261107565,0.3278286163606735,2.715368656568406e-07,2.6678019298961344e-07,4.756672667226997e-09,3.043660348153191e-05,3.041071559555289e-05,2.58878852672442e-08,1.154968310638916,194.54790782506745,1.3200583895163778e-06,1.164939571329963e-06,0.08635890364442501,236.22564640460067,0.008898078473619724,-55.51304864043141
937,0.17720163220561772,15.432622236507145,0.04233459447865691,15.326179917178848,0.06410772484963824,920.4055729505471,914.8962660298015,5.509306920746054,0.03167132674212823,0.03500796666126825,0.38819320502479615,3.0440366273021704e-07,2.9985352927463023e-07,4.550133455586779e-09,3.2306021814945695e-05,3.22796627957286e-05,2.6359018736734514e-08,2.1507401457201736,74.22314441649375,1.3399565208653516e-06,9.100571222725874e-07,0.09992275749737409,219.21588047013842,0.00917212655180335,365.0618868773927
938,0.1709645056202857,14.979988994886227,0.04069144428602914,14.841916793084415,0.09738075751578142,536.9820554671549,531.0672166220834,5.9148388450720715,0.028575946107043382,0.028980405900565862,0.32015183881860604,3.2379917666860615e-07,3.1654261874560586e-07,7.256557923000384e-09,3.5938632123871036e-05,3.5912108746270606e-05,2.6523377288695516e-08,1.8184033419050152,78.21338386081521,9.936275845976743e-07,1.0756873553034355e-06,0.08631291865419813,210.41871324386176,0.008537930476290105,289.3824081533912
939,0.177743037654597,16.68733307907733,0.03978544101321648,16.541199573264446,0.10634806479966877,648.1018004266607,643.2280047091493,4.8737957175116,0.03854294828502015,0.027537871305474325,0.32049182446794044,-2.0868476241703265e-07,-2.1423726497687166e-07,5.55250255983893e-09,-2.6403824227636505e-05,-2.6429886511294902e-05,2.606228336439584e-08,0.9954739229569859,157.481017333455,1.319785842200125e-06,1.2175056063201024e-06,0.08009372338424797,221.14252746539097,0.008406940989224116,-494.6723331515086
940,0.1807777623706647,15.84321836384494,0.04077233259796118,15.712220812612602,0.09022521863437795,590.380946883695,583.9511320696372,6.429814814058897,0.02572324790132888,0.03113808039914624,0.36330205909926105,4.912685356105081e-07,4.870730217540679e-07,4.1955138564399275e-09,5.498657035049088e-05,5.496142215409467e-05,2.5148196027120768e-08,1.7064714512839991,275.04454336991506,2.051850406178822e-06,9.081190950906702e-07,0.09003086070449486,213.74414030571563,0.008792272500970063,56.89617387881117
941,0.17910659479298252,17.54422680836197,0.045096040018501135,17.387040028207412,0.11209074013605481,712.2456825718566,707.4079235406206,4.837759031236051,0.026106277710461225,0.02862857656817218,0.32376679545511294,4.35177159178857e-08,3.600599469597836e-08,7.511721221907333e-09,4.015251297596555e-06,3.988022161445009e-06,2.7229135675890068e-08,2.1376095731757094,67.14205724419608,1.994813598585706e-06,1.1147279348730983e-06,0.08910387639853193,241.02262389204705,0.008635961364350618,190.4069472069541
942,0.17976323777243686,16.581862360538377,0.039112169629049905,16.459941331335,0.08280885957433169,492.98482085329886,487.3489626039101,5.635858249388892,0.026584842802755516,0.032811257244662606,0.3650441066702361,6.016488376896474e-07,5.9693531582232e-07,4.713521867327517e-09,6.964989956066745e-05,6.962292889152731e-05,2.6970668783251407e-08,0.9939733284184807,118.59549499258954,1.2637891593274147e-06,8.75372043062608e-07,0.09477613309661598,207.94300108669967,0.008653132470343204,-93.31141209668112
943,0.18036405458152108,15.37549835212122,0.04128481634548409,15.258660463305707,0.0755530724700269,619.3301709915095,612.0724504445517,7.257720546958412,0.043019450851353794,0.030712947940096217,0.35884678967254374,4.7345956543482094e-07,4.616291353459714e-07,1.1830430088849528e-08,5.285515792477908e-05,5.2829424939689595e-05,2.5732984668223794e-08,2.164230905333423,-18.162546061840565,1.1954318645596044e-06,1.0854555125335535e-06,0.09122744097469343,206.5668435300876,0.008993970551708728,-56.67167838521436
944,0.18758324162269346,17.61118618769083,0.04306494681781075,17.471932783684156,0.09618845718885821,577.3039604509296,571.1164239666957,6.187536484235112,0.02856363311559449,0.03278456453647931,0.3732380230717774,3.0503950464076744e-07,3.001700735825748e-07,4.869431058192682e-09,3.2341628262576e-05,3.23144750157791e-05,2.71532463082925e-08,1.4110698769596421,170.9792545621378,1.3434824468216372e-06,9.896836574063329e-07,0.09416474772434648,238.54378025024505,0.009236704895847917,409.1768809910336
945,0.15651638268249507,14.621135653752372,0.04027707143866579,14.497032437874037,0.08382614443967239,495.3645592173284,489.24811599307054,6.116443224257848,0.0380411901355961,0.024300490899959018,0.2713688065788228,2.896317965498384e-07,2.8410932045475536e-07,5.522476095083015e-09,3.182123889934156e-05,3.1796321834711576e-05,2.4917064213232982e-08,0.8905913147061755,156.85241105160262,1.2505009539769135e-06,7.24825952933823e-07,0.07472256120003248,198.92137705317876,0.00861541931801144,-155.52617514625672
946,0.1589707106372286,14.70160916016692,0.03790045742224528,14.599008377715156,0.064700325029514,553.1463119560659,548.1461168946199,5.000195061445541,0.026562592741887787,0.02353168061523018,0.2576303871309515,3.135952098091594e-07,3.075951971467652e-07,6.000012662394224e-09,3.5554729198407344e-05,3.5528214880168064e-05,2.6514317771297373e-08,1.5694694197699806,494.92582460124964,1.360982373599657e-06,1.105902366077216e-06,0.06951983158888926,192.57778029798465,0.008929088897799295,14.128838557830932
947,0.1799842273252142,15.362116855289727,0.03815921750962714,15.26816883235719,0.05578880542291008,698.7145150512282,691.1589937307631,7.555521320465793,0.030626162420192348,0.029025640521328614,0.3497198512166155,-2.0353603526687247e-07,-2.1035419268518042e-07,6.818157418307958e-09,-2.5528991217243752e-05,-2.555533728535442e-05,2.6346067693015495e-08,1.2530654138481832,-14.77296087405966,1.2832994362465157e-06,9.140037708582376e-07,0.08629615866382744,208.11484317240934,0.008986867928953722,53.9563018645631
948,0.16968128840754088,15.621979555895447,0.03885550801855805,15.540795059312442,0.042328988564447285,728.7659675188318,724.4003325041094,4.365635014722329,0.030465280769723088,0.025246275094514787,0.3201589471974028,-1.1155064977771716e-07,-1.1605099399884359e-07,4.50034422112641e-09,-1.4796429259800137e-05,-1.4822876021488371e-05,2.6446761334617337e-08,1.9438525732542338,152.62235604543173,1.1571323259988508e-06,1.2032484399826783e-06,0.07588245477871763,206.9981102619078,0.009168660608314245,133.3302042779378
949,0.1740255530330676,15.782222407878217,0.03975490967154906,15.677655966128697,0.06481153207796908,508.91542885399406,502.4959281192709,6.419500734723287,0.037221517843525724,0.028536987921152526,0.31827823063596855,-2.766825815313164e-07,-2.8129413553268263e-07,4.611554001366267e-09,-3.4475175438957745e-05,-3.450059830440633e-05,2.5422865031956845e-08,0.7975748598954933,-74.49413089143577,1.1786632255348172e-06,9.719218121109515e-07,0.08177309229352928,225.97127910970008,0.009285630978685126,-551.439809489365
950,0.1838011547747995,17.62214358107036,0.04194005025538437,17.490283055387753,0.0899204754272232,644.1630961700259,638.1389147665951,6.024181403431515,0.033022005916612605,0.03230565695521949,0.3680430923092642,-5.070907018753305e-07,-5.118517691574271e-07,4.761067282096651e-09,-6.0607080144453964e-05,-6.06339766535943e-05,2.6896508543544054e-08,1.950036547291642,112.32786975055865,1.3865520206192192e-06,1.034761261805354e-06,0.09248698418511689,232.4367908019717,0.009624561448901212,717.9491115116143
951,0.1844069789267031,17.33392464945182,0.04176098827807574,17.22307107200623,0.06909258916751448,624.5318037248936,618.8305594169556,5.7012443079390795,0.03157694093123863,0.02959872358945812,0.35194818082479234,2.3704791030540883e-07,2.2998532536631368e-07,7.06258493909518e-09,2.515557605909969e-05,2.5127751603881402e-05,2.7824454826331228e-08,1.9324104754421787,284.35906112840485,1.3305846309519756e-06,1.4154392233362654e-06,0.08744897094903817,235.2657237090026,0.00982401393400693,409.64518413204223
952,0.1732327501295062,15.44657701500871,0.03816846803376336,15.332763513411216,0.07564503356373117,582.2600537996741,576.8790713997381,5.3809823999367685,0.03189932431757907,0.029945201629059014,0.33679289733915135,-5.806541466236208e-08,-6.328258418764041e-08,5.217169525278309e-09,-9.361868692988998e-06,-9.389245385936281e-06,2.73766925178693e-08,2.207465981017178,66.65375192752185,1.2535754454757269e-06,8.855153012184773e-07,0.08861275171350788,201.27029657188237,0.009170878214340063,101.97289541333794
953,0.1726498020088778,16.37483851466395,0.03960384137824748,16.25370561791383,0.08152905537187027,674.5863238192737,669.9413608164167,4.644963002855657,0.026646583371043035,0.028278211509972954,0.3086780620214544,-2.2507612809437745e-07,-2.3191214424988251e-07,6.836016155505178e-09,-2.7371515044067582e-05,-2.7397697177631942e-05,2.6182133115055978e-08,1.1515925657105048,110.32305389001355,1.3512360920017817e-06,9.240806750756378e-07,0.08527791238360029,218.10253982303237,0.008710684406879518,-418.6070784898984
954,0.1797432422849727,16.66825140016964,0.04246996997197033,16.539735054754523,0.08604637544314586,708.0740432652324,702.7904098979619,5.283633367270892,0.03107193458610877,0.03084084723247554,0.360535784391367,4.3211059547584396e-07,4.276454010880194e-07,4.465194387824481e-09,4.959761086268304e-05,4.956996947670233e-05,2.7641385387584502e-08,1.3305875184488134,155.4079282943237,1.2280912035220276e-06,1.437891632781295e-06,0.0897454477739274,223.49044021396622,0.009117429270130402,-406.6141289491643
955,0.1782935332007227,16.556052386294045,0.03822369344017825,16.408599819659383,0.1092288731944824,692.6348981239611,687.3829593716221,5.251938752339075,0.030159342340856033,0.030878540966616734,0.35410309856073047,-2.4838819580973003e-08,-3.163753660633635e-08,6.7987170253633454e-09,-4.308389851093145e-06,-4.336489809543143e-06,2.809995810741417e-08,1.0943821135281975,33.52580461013215,1.4176001855063924e-06,1.3736445332456691e-06,0.08999273188471303,200.81097886467708,0.009022597208528957,-193.04920053361093
956,0.17152385000554377,15.971785091426842,0.03898191126887794,15.855160049933295,0.07764313022467054,567.8122207499989,562.2149352989456,5.597285451054103,0.028600163965907924,0.029897508403677085,0.3502949551838855,-3.543447453237924e-07,-3.591898203514657e-07,4.845075027673179e-09,-4.3154447881776324e-05,-4.318149276310672e-05,2.70448807642438e-08,1.2795518893367033,115.18476204332066,1.6125206469495347e-06,1.2429128728221546e-06,0.08639593536784078,205.06282963417857,0.008659202527909771,389.33673613811516
957,0.16945362179229906,15.71773655152901,0.03876196207406051,15.619066676094246,0.059907913360705285,743.9934767799583,739.484986322589,4.508490457371274,0.03555799497174085,0.02851374791391386,0.325682718676162,3.095178017232238e-07,3.059001377271711e-07,3.6176639960527203e-09,3.49442177590589e-05,3.491776215798358e-05,2.6455600511006388e-08,2.3131598762276293,141.97486843135465,1.6326675367265675e-06,1.608639724303688e-06,0.08474287863893822,197.60656365501262,0.008589636771786284,-410.02110916169295
958,0.1661704427079813,15.879668267097754,0.042514329421132646,15.741341123967253,0.09581281370937064,483.1509469131529,477.7583350352894,5.392611877863122,0.027775451017557944,0.02620289550757209,0.2990144008543873,4.811755247097294e-07,4.765667841351135e-07,4.608740574615506e-09,5.571879642159047e-05,5.5690733150083385e-05,2.8063271125724205e-08,1.3300509788858512,45.73762242048031,1.4758804261120532e-06,1.0203647741411292e-06,0.07969127323197311,212.27900405004783,0.008905630449184057,195.75895091908387
959,0.15538263412522677,13.496758122968119,0.03940217901459485,13.384005105415731,0.07335083853779166,603.7078037600116,599.3981045931895,4.309699166823527,0.0314972063901344,0.025782048146944826,0.2841460798986731,-2.2860214576265223e-07,-2.3408620911777216e-07,5.484063355119945e-09,-2.9778223595528714e-05,-2.9804181196460127e-05,2.5957600545821627e-08,1.9658318326704676,113.00503126769688,1.0513011547275807e-06,7.374303780714853e-07,0.07757258792735322,183.2899309273206,0.00804762784623249,-233.0108044635972
960,0.17275021702271998,15.92878765889374,0.039280860628473024,15.829410224732785,0.060096573532480296,662.8952942222139,657.2466611245844,5.648633097629989,0.028450125886578713,0.029743956467017794,0.33170900200579095,-2.7280411861691576e-07,-2.7925460075623295e-07,6.450482139317281e-09,-3.324268237125618e-05,-3.326915275196333e-05,2.6470380319058253e-08,0.9659062927931279,39.8824546718681,1.4581472528456436e-06,9.82793828196971e-07,0.0873990101821247,212.31929903032812,0.008986079501126175,277.50286082798084
961,0.1638610645039448,15.69022781664888,0.03817970982123964,15.58136086744621,0.0706872393814315,650.5825735155444,645.4765930127271,5.10598050281716,0.0352236791123886,0.024458281764760833,0.2673144062736325,4.515348586386613e-07,4.4567558327480356e-07,5.859275363857964e-09,5.151034497627741e-05,5.148185332951344e-05,2.8491646350980107e-08,2.78172224600715,171.48681696586618,1.035086398845854e-06,9.97755299477143e-07,0.07336788423241293,212.30584421322212,0.008616313642775092,-38.07533149385927
962,0.18472199394623118,18.4990667218501,0.045074790139913834,18.350780040654183,0.10321189105600462,704.6652409172236,697.3977151805276,7.267525736695872,0.0317569579851031,0.030271309590236935,0.3343635847880942,-7.612300367539745e-08,-8.318233362027688e-08,7.0593299448794086e-09,-1.3104953880509763e-05,-1.3134177054679932e-05,2.9223173508114867e-08,1.930477978459819,135.2887294217275,1.3532025354584337e-06,1.1471768621981525e-06,0.08951855735444872,249.95615821194718,0.00991101979895693,19.351593442939702
963,0.16874314958685707,16.234832494768458,0.041032961244040336,16.12293578531608,0.07086374820833771,1079.5719753528745,1074.154718913703,5.417256439172356,0.036150341806176954,0.025426923096110707,0.3010780820210643,2.726451600796929e-07,2.6706002265561333e-07,5.58513742407966e-09,2.907400499981929e-05,2.9047513988393925e-05,2.6491011024943346e-08,2.4526239961026683,274.1925193913937,1.4205890188038133e-06,1.1601201876024922e-06,0.0751294083130692,214.86028166951616,0.009664129346809361,518.3935092507709
964,0.17994476010636717,16.38309693055898,0.041198203099882695,16.28139688036523,0.06050184709387093,758.3974776538274,753.4005407378239,4.996936916003658,0.027782592463880353,0.029727708530580304,0.3319365140509634,-3.0691968723256526e-07,-3.117788224684639e-07,4.85913523589864e-09,-3.678080129094771e-05,-3.680660722432605e-05,2.5805932910888426e-08,1.1920567896528245,-272.705138714917,1.4766858159038217e-06,8.532910564766051e-07,0.09115273931701862,218.70814591076032,0.009353788964290986,397.4264141158965
965,0.18787696311720362,17.204335276370408,0.044353258853732674,17.055735781000546,0.10424623651613761,640.562347394687,636.0771409265595,4.485206468126687,0.02545596242314798,0.034816665018815564,0.3952376962141848,2.0255497845769838e-07,1.9713400094248083e-07,5.420977515217499e-09,2.395906948836481e-05,2.3933669584744753e-05,2.5399903060061526e-08,1.9711200787896472,-36.7843800461915,1.3923402741674129e-06,1.2167839449245654e-06,0.09852093987085735,230.13263530478753,0.009252776161062367,197.1168194493739
966,0.17083331955440534,15.661583817369198,0.03910784807352462,15.536562163251693,0.08591380604397843,551.1795107398183,544.9057236892877,6.273787050529921,0.023978852981796615,0.027158183444050344,0.31055087726930614,-2.5826145085648e-08,-3.2484808362225925e-08,6.658663276577933e-09,-5.219912715742797e-06,-5.246825028544295e-06,2.6912312207691463e-08,0.9647051716230464,354.218093945115,1.8555600942373227e-06,1.0381650524739864e-06,0.07886779544683585,219.95857292895096,0.008527817405306198,-90.59273160984867
967,0.1737875063355578,16.09988108801733,0.039878013498100065,15.977856348084421,0.08214672643480855,552.5117660341216,546.2064328837948,6.305333150326017,0.036195677485996,0.028666833354038895,0.31731098449264944,1.664360951008074e-07,1.6042282471638074e-07,6.013270384426662e-09,1.8856298020409244e-05,1.882887354968744e-05,2.7424470267750482e-08,1.8547461775173444,147.74513594602254,1.2395700168990425e-06,9.763078206986936e-07,0.08365543110973463,221.87352282492338,0.008743682309400543,507.83050334477866
968,0.17428448103444139,15.662272414736682,0.043622480679886,15.551371151975124,0.06727878208167432,620.3743332000361,614.7497087913771,5.6246244086591,0.0335875463127583,0.029587934083675854,0.34068633059111314,3.130913078397224e-07,3.079924885425344e-07,5.098819297187978e-09,3.581480715691527e-05,3.5785977504935466e-05,2.882965158910291e-08,0.9257598947066368,93.20590266703725,1.194636649074146e-06,8.660834087886704e-07,0.08566949106001032,204.87212922033555,0.008588820487869641,538.5930079258142
969,0.17271221292087444,17.051483431113002,0.042669832922633745,16.955073385864132,0.05374021232623932,532.037311665382,525.368824953682,6.668486711699889,0.032377560329534,0.028504103905600455,0.3119354623841721,6.672990205094945e-08,6.05696394535683e-08,6.160262597381201e-09,6.377560001278077e-06,6.350687547258036e-06,2.6872453447634783e-08,1.4750026835235952,144.5478853761539,1.3365493167725823e-06,9.654578620400347e-07,0.08162441835988639,221.10000774387157,0.009522088348977784,-107.92348092359862
970,0.1817239417070802,17.225920209772184,0.0421092533291616,17.100351535900185,0.08345942054284237,660.3408039156612,655.1326527583838,5.208151157277158,0.03361539340029791,0.028547395437471385,0.3383852746137695,-1.6940716446578735e-07,-1.7458717088764562e-07,5.180006421858275e-09,-2.099498318811734e-05,-2.102174962589846e-05,2.6766437224825874e-08,1.0522301506402965,-41.59918206687763,1.3512753116902236e-06,1.25275003230174e-06,0.08446224895210852,227.17757075917638,0.009135266580415887,33.49514141505824
971,0.16530616110322266,15.229655411606966,0.0403925223531865,15.123550033268664,0.06571285598511549,625.2664386748997,619.4522260634423,5.814212611457184,0.028280594241187555,0.02842184254762632,0.30706371267360044,-1.8087668743004764e-08,-2.291579948700867e-08,4.82813074400389e-09,-4.1734061722002535e-06,-4.200569321946128e-06,2.7163149286790322e-08,1.0807468797733377,123.77963273321156,1.5139449537778409e-06,9.180883156427022e-07,0.08364801212789919,207.9017948427079,0.008854004863093113,-541.9420881697424
972,0.16936350613205595,15.763992912813208,0.03953729575768532,15.635639572716109,0.08881604433941652,714.0257060482279,708.388133402964,5.6375726452641075,0.03611884308242439,0.025786930678154376,0.297743201400126,-5.243630267583104e-07,-5.294225681817369e-07,5.05954142342658e-09,-6.477745521350913e-05,-6.480556637676547e-05,2.8111162765573185e-08,1.8126639497288775,214.13012092864952,1.4479171922756968e-06,1.0091866695822247e-06,0.07676114313090496,221.1089683949233,0.00899107482728918,-732.6522189917705
973,0.16694607336590955,15.711719780057903,0.04087438455069238,15.598202314481428,0.07264308102578239,528.9943023197505,524.6432612646017,4.3510410551489604,0.030922933179352817,0.02554203509815564,0.2908063266665019,-2.627168709249299e-07,-2.702800100677884e-07,7.563139142858654e-09,-3.422586356638776e-05,-3.425359099316442e-05,2.772742636026477e-08,3.9420933960665385,-4.01410907381153,1.272223505817182e-06,8.767213014952964e-07,0.07559627286001605,206.90173951259663,0.008733608004650648,54.644476184781524
974,0.17639351390067945,15.511049607831866,0.036709609785138826,15.387808576995901,0.08653142105082508,558.2921916602529,553.7991122083704,4.493079451882315,0.03323505423835829,0.03145224175957895,0.347530640043453,1.2875975770285101e-07,1.239042234545225e-07,4.855534248328424e-09,1.39502834039155e-05,1.392426708662775e-05,2.6016316924732802e-08,4.431625783289839,101.10380270551724,1.2123004605903839e-06,2.5723672330274457e-06,0.09073605817604184,209.1824014003785,0.00879458557362219,-334.4823189914114
975,0.19327520067017934,17.35020653311282,0.043971723981488124,17.18907557805953,0.11715923107180018,570.2313578966857,564.8214953378857,5.4098625588001354,0.035374389256149226,0.03812827817534247,0.42614130380011545,4.62872608044871e-07,4.577835597208277e-07,5.089048324043174e-09,5.09846402765691e-05,5.09571557458122e-05,2.748453038582204e-08,2.2347422266373993,159.9251657538897,1.2410535073219054e-06,8.869536107392301e-07,0.10906498901495582,222.6976128482601,0.009267124109403732,486.1614635653714
976,0.1684180213488981,15.318225936165812,0.03985669531673217,15.191552416845475,0.08681682400360276,782.9114981119421,777.6688552658866,5.242642846054828,0.03035018850204314,0.02541396271097016,0.2870439951526561,2.6515992961643265e-07,2.5964227795745864e-07,5.517651658974052e-09,3.103651554769629e-05,3.101004158667916e-05,2.6473960479110412e-08,1.1570610838028346,110.4296542364951,1.4171302068032524e-06,1.0458885943142208e-06,0.07801867245983903,205.02768596942258,0.008892096420625448,-155.50273204860605
977,0.1729597471369617,15.474036858131996,0.03997906746450424,15.368925783082178,0.06513200758531264,577.4368414240381,571.5116654654321,5.925175958607236,0.024263328568929522,0.02880098832966849,0.3443593052757639,3.4329617275076897e-07,3.385642958350431e-07,4.731876915725902e-09,3.854663053289931e-05,3.8518209729465104e-05,2.842080298169317e-08,1.4832494896267878,-31.711699573682235,1.4710686395422735e-06,1.1866949320699235e-06,0.08299929103064452,198.6199363029101,0.008541663291343392,-234.4533902352905
978,0.1715868002297037,14.611689393266552,0.040662348292227805,14.481046769232952,0.08998027574137099,618.4841842909583,614.1083793631007,4.375804927858326,0.02825559049305429,0.02920678755957374,0.3339386114827371,2.794714558615609e-07,2.7231931907597373e-07,7.152136785587085e-09,3.0101536957399143e-05,3.007381519984989e-05,2.7721757155772804e-08,2.6925353956255824,102.5469012043346,1.139252530820421e-06,8.48408744934653e-07,0.08580498869292498,191.19993569619982,0.008478123080011135,-224.82775288074572
979,0.17897993367485868,15.673414792262065,0.042224415424107965,15.533394741005836,0.09779563583211918,769.2321860434963,762.9971475489938,6.235038494501856,0.027337492750378622,0.02923138460021637,0.3321719959086658,-2.881066760241559e-07,-2.9328128592889036e-07,5.1746099047343415e-09,-3.727552534318192e-05,-3.730197045781925e-05,2.644511424715877e-08,4.347961041401822,218.1209595065241,1.166085943948612e-06,9.112819144622018e-07,0.08762704183221207,221.5773888238016,0.008880099444743248,457.96109843962586
980,0.16164093823002304,14.381388756126613,0.0402233151246875,14.258642342364864,0.08252309863706105,571.114086687218,566.7867768149401,4.327309872277737,0.02123302117666957,0.025564712517490745,0.30420591180637485,-1.9092459622038184e-07,-1.9600483557967213e-07,5.080239359290257e-09,-2.407109423938146e-05,-2.4096114951713964e-05,2.502071185714972e-08,2.0857771387750605,43.92205232482044,1.2154253447015306e-06,9.80981769473709e-07,0.07552567433027214,196.96081985666027,0.00860173139122563,123.03576700108079
981,0.16416345200202195,15.096652807885516,0.03918089389746387,14.973519401205982,0.08395251278206796,490.12237976069537,485.3141352836635,4.808244477031552,0.02640373355054844,0.025156559645433847,0.27808496425036133,-1.9337788222519024e-07,-1.9776651425385195e-07,4.388632028661678e-09,-2.405336384041675e-05,-2.4079063207358605e-05,2.569936649359521e-08,1.1936846121438105,216.39034239663152,1.252971553752874e-06,1.212183575416773e-06,0.07369851112145367,205.23087597346668,0.008866256196333445,220.5194059372334
982,0.1662160465339322,14.705323194193937,0.03517201795205399,14.592686462694187,0.07746471354769412,446.1257626715976,441.16357273274247,4.962189938855059,0.031349860658443716,0.027779567233262453,0.3116430676095293,-1.1161616945704032e-07,-1.1655363108563974e-07,4.937461628599432e-09,-1.4594052775466617e-05,-1.4619642918730698e-05,2.5590142897299385e-08,1.1264246310675685,-23.503500110595976,1.2903206377226258e-06,8.841160037826258e-07,0.08027689617642994,191.40913795663448,0.008174047539049214,-262.6956843524458
983,0.1632738386420489,14.92126472452508,0.04068285601336137,14.809633789418259,0.07094807909345957,646.2293019733339,641.2294994004925,4.999802572842573,0.03074760402257738,0.026828354370630365,0.30058796122849896,6.492193462400628e-07,6.445050156379213e-07,4.714330602141464e-09,7.635084601301267e-05,7.632575281881277e-05,2.509319386932533e-08,1.690896689166512,3.670981848159598,1.535334250003007e-06,8.405186159099137e-07,0.08029691365961078,205.6556025380259,0.008531842180195431,395.18589171678286
984,0.17552862318994333,16.137986631690424,0.04435573176604078,16.013148725949748,0.08048217397463446,625.3848539085708,620.2000095276685,5.184844380902508,0.03830146701905423,0.026654618167018727,0.3118399362456774,-1.9835862674207074e-07,-2.0396180715264754e-07,5.6031804105767435e-09,-2.4567141622867615e-05,-2.4594586791746072e-05,2.7445168334597618e-08,7.348845981210094,60.51824878760852,1.1567222392794923e-06,8.90010114891304e-07,0.07878137839897068,224.62875574004252,0.009113528123103684,865.4522427806942
985,0.16931724852122035,15.564642623617782,0.042633808406291704,15.429532072046563,0.09247674316492592,508.5846234276056,503.7514539460849,4.833169481520996,0.02574237680379203,0.028224517741066,0.31502044415170904,-4.181202446870909e-08,-4.651636971349733e-08,4.704345244788253e-09,-7.005214707182587e-06,-7.031565027174426e-06,2.635031944298169e-08,1.2243190215322883,87.75349778382291,1.599778391979593e-06,1.1514737448029857e-06,0.08227323343716238,202.22450164830886,0.008531958427379738,4.700160301358665
986,0.18865018896577912,17.685534889693198,0.0403974804029515,17.585698430476544,0.05943897881370363,778.6093252979812,772.0140568069676,6.595268491014242,0.036381493959110896,0.03172463099278632,0.3612585984762151,1.9253930185495213e-07,1.878480254028645e-07,4.691276452087666e-09,1.9076615778018502e-05,1.9049309912152473e-05,2.7305865314693853e-08,1.2034153767574836,121.46642185059194,1.6087522714334e-06,1.2137592597368954e-06,0.09180081871667632,224.79887611521934,0.00946419841567075,439.2695616974879
987,0.16442868095098848,15.364640851733885,0.03847481194530772,15.238259881024817,0.0879061587637609,709.9551018864269,705.3879924921062,4.567109394321304,0.029876761463082435,0.024239848933667606,0.2676101989480535,-2.3380011534361756e-07,-2.383042170605806e-07,4.504101716963047e-09,-3.021723810512043e-05,-3.024536611161087e-05,2.8128006096094496e-08,1.6703973632421045,60.186903554423566,1.1712827652918886e-06,1.0738400991925214e-06,0.07606125728248027,208.69681546349477,0.008332807468599502,216.50830907571253
988,0.164525630051722,15.332862657213822,0.03684292540896301,15.196394694276563,0.09962503752829478,758.0088707824049,753.4549856681563,4.553885114249402,0.021978339656006707,0.02823084596389681,0.3155177267266141,-2.0565742077188194e-08,-2.5203155644078242e-08,4.637413566890053e-09,-5.480477993798758e-06,-5.506869168018766e-06,2.6391173737540373e-08,1.1718047972057604,-261.69168177555827,1.0996425048020458e-06,9.401425537954508e-07,0.08252232466676997,206.17076706755182,0.008524520207561538,-17.632384025621832
989,0.169415001039382,16.433292059294995,0.03945059972421166,16.336860912032666,0.05698054753811513,646.2789441852196,641.292294895716,4.986649289503901,0.028465684350686204,0.027729131832182147,0.30793612826161104,2.427136530987423e-08,1.831248065448093e-08,5.958884655393319e-09,-4.674261767049551e-08,-7.29793588854425e-08,2.6236740554243805e-08,2.8351617913661893,-77.97833783237479,1.8039364312505537e-06,9.250441785454725e-07,0.08259840656837156,227.73251112862556,0.009068781181957988,185.75218880226112
990,0.16809169987150527,16.31920551409039,0.04325912385028432,16.191585728144627,0.08436066209548226,599.0414110456263,593.5228330028137,5.518578042812092,0.03318251664769544,0.026871365495982808,0.3008776620956244,-1.6191609173355128e-07,-1.6671353700304694e-07,4.79744526949562e-09,-2.105518023131926e-05,-2.108013788305607e-05,2.4957651271829455e-08,3.0708806919878007,85.36132306133979,1.7410179239305369e-06,8.726043812086616e-07,0.0785506765573504,225.0931589699437,0.008814425481071411,270.25840727237755
991,0.1837767431389173,18.219051342354803,0.047189450184249825,18.057529653345153,0.11433223882540028,684.6646947965861,676.8912129092405,7.773481887346069,0.03159135831369671,0.031075789656513333,0.35295333090929837,-4.331599935454785e-07,-4.406558276294582e-07,7.49583408397968e-09,-5.2836148083155466e-05,-5.2863358798424326e-05,2.7210714810117706e-08,2.0909978081515104,144.555920252287,1.4416283671546625e-06,1.4231556826080536e-06,0.08949593696879005,245.70192607872337,0.009647888204208277,622.665251976694
992,0.16911300166973728,14.88384923465933,0.041862469481091916,14.77661436795394,0.06537239722430033,668.9170374355735,663.9522282517171,4.964809183856375,0.04313188770303324,0.028000126400629675,0.32215197193766903,3.2596509625519186e-07,3.2050101303978536e-07,5.4640832154066204e-09,3.554865388513138e-05,3.5521128775734434e-05,2.7525109007190693e-08,1.1776947849519448,147.88606420390062,1.4165323703701354e-06,9.142837886974426e-07,0.08454340335976668,195.59975398079638,0.008692399748088263,262.34791104102624
993,0.1746366310421622,14.046562075986074,0.03710368731932973,13.917773898227924,0.09168449043881731,540.0031251936465,534.902902025169,5.100223168477426,0.020903351146379544,0.026982845796983623,0.31461033704392094,4.411855851611911e-07,4.3570360058000417e-07,5.4819845811869135e-09,5.156393930111128e-05,5.1537981555194706e-05,2.595774567113341e-08,1.628057309758502,150.25299293646967,1.1911342439170772e-06,9.477872119537622e-07,0.08081696904015309,190.08572907238937,0.008506316487659534,-50.54863632316574
994,0.173005039243272,16.32313744530982,0.039902965100318544,16.20420702094187,0.07902745926763297,631.0196284520159,626.2631320087368,4.756496443280509,0.02677919660724801,0.03131236154904032,0.3414834587361618,1.4944545841254546e-07,1.4464723509227568e-07,4.798223320269762e-09,1.6237235181283018e-05,1.621221325811809e-05,2.5021922788897273e-08,1.1000449695342776,1.9273263844634938,1.80269577465257e-06,1.2194042074958938e-06,0.08939540954430729,206.32624437824484,0.00896337345833815,-312.25564297504116
995,0.1601766832302172,14.500520295119143,0.03745795115314077,14.380041032165789,0.08302131180021365,658.9917145207049,653.2498081832433,5.741906337461484,0.02654302944320202,0.0250275652299071,0.2860580074428018,-1.1527832147905545e-07,-1.2090558057983007e-07,5.627259100774564e-09,-1.5905355605540993e-05,-1.5930953958909207e-05,2.5598353029018537e-08,1.7800497328228928,169.13634730281044,1.359486356300993e-06,9.891763447179597e-07,0.07281062140592083,192.85835890604108,0.008545010687125834,303.7785556437275
996,0.16198522843876875,14.556090120893872,0.036354757088340205,14.431451741866393,0.0882836219391376,666.9613389873759,662.4198871318446,4.541451855531473,0.024832134759231534,0.026571157101001,0.29616459416677376,6.64298425233518e-07,6.589513652251973e-07,5.347060008320918e-09,7.619907046291674e-05,7.61729562195698e-05,2.6114242958648275e-08,1.1096323744236354,60.49824158747678,1.2609817844280425e-06,9.841773137199075e-07,0.07859154621016815,196.92377222427638,0.008557637159292806,34.04385806524442
997,0.17928187423850384,14.629506041686444,0.036901158763724996,14.493226607457888,0.09937827546483054,578.4755935397081,571.8600297409664,6.615563798741383,0.02667563008485671,0.03171194441870748,0.3543729499749935,2.0875958958170445e-07,2.0209822854189067e-07,6.661361039813844e-09,2.2439835458544373e-05,2.241241220291442e-05,2.74232553009283e-08,0.9004467872771945,248.63794421116071,1.0469000451283703e-06,7.853800891317354e-07,0.09236129994789867,194.8492251754523,0.008361899156098605,-568.2577936171656
998,0.1748421341731726,15.958808242899664,0.042864898188737226,15.82037261760871,0.09557072710221542,726.7430223576396,721.4422930171787,5.300729340461243,0.03768564671164075,0.03252048114333406,0.36727160009945026,-4.0394455908553373e-07,-4.079906836846008e-07,4.046124599067025e-09,-4.9077335658657876e-05,-4.910428377941375e-05,2.6948120359825713e-08,3.8614087379066113,400.29630156499474,1.2681256547462458e-06,8.692624239681427e-07,0.09332921790678045,225.02797613409896,0.009164899698613359,56.115470042635025
999,0.1674956506067274,16.894790095024977,0.039566795665829387,16.75350300682723,0.10172029253191524,608.181178044731,601.5768344879984,6.604343556733063,0.03581863362413969,0.026551218144134508,0.3035309364639201,-2.1333999395222023e-07,-2.2033995096325694e-07,6.999957011036683e-09,-2.8005666459914478e-05,-2.8030275753583343e-05,2.4609293271352067e-08,2.608477284241924,190.30332719123868,1.7091622808632272e-06,8.429231110584249e-07,0.07986072435654752,227.09177301109997,0.008563932058353265,-272.2542244023907
1000,0.16955053689622476,16.44309604286751,0.03901274274998452,16.30813794056464,0.09594535955287903,566.6139988829908,561.194013015151,5.419985867840223,0.03384608105534362,0.027190717367369877,0.3149871301801638,-1.1433533395663087e-07,-1.1874203259178475e-07,4.40669863515386e-09,-1.362312336239438e-05,-1.364971394716196e-05,2.6590584103731853e-08,1.0407096941173197,107.3993278071729,1.3751273805958559e-06,1.0096396336544754e-06,0.08195776890368259,223.1818527661682,0.009272454051853084,19.699800941913054
