iteration,Acidification,Climate change,Climate change (biogenic),Climate change (fossil),Climate change (land use),Ecotoxicity freshwater,Ecotoxicity freshwater (inorganics),Ecotoxicity freshwater (organics),Eutrophication freshwater,Eutrophication marine,Eutrophication terrestrial,Human toxicity cancer,Human toxicity cancer (inorganics),Human toxicity cancer (organics),Human toxicity non-cancer,Human toxicity non-cancer (inorganics),Human toxicity non-cancer (organics),Ionising radiation (human health),Land use,Ozone depletion,Particulate matter,Photochemical ozone formation (human health),Resource use fossils,Resource use minerals and metals,Water use
1,0.05993281107520824,4.731383181885154,0.015886168172545376,4.644907117521019,0.07058989619159055,145.00447478088495,142.96780256705767,2.036672213827523,0.00880978278635626,0.0077476724037600685,0.08545538058347561,-2.0463363041960375e-07,-2.0858997919086693e-07,3.956348771263132e-09,-2.584512982571987e-05,-2.585825831588029e-05,1.3128490074049734e-08,0.3477148240653168,23.54053621670194,9.159790223349249e-07,4.0194230513478704e-07,0.024723696159675228,63.55271004157396,0.001872695835181654,123.98492020021331
2,0.05660497386001342,4.576664135026048,0.016424341417014734,4.501568716415649,0.05867107719338442,114.78300493603903,113.11222385010298,1.6707810859360988,0.006690529242166087,0.006471357468276445,0.0738877026662426,-1.2835013753384651e-07,-1.314538829256017e-07,3.103745391755152e-09,-1.5861983406535078e-05,-1.5874783226113473e-05,1.2799819465896779e-08,0.3589317720946654,14.502792695896318,3.075101888944327e-07,3.5755905379377743e-07,0.022778868627415932,60.549869450676056,0.001862679575948918,-81.95741197635925
3,0.05748765908237903,4.535215710697022,0.01606057170075297,4.468741336621306,0.050413802374962714,89.78309435397352,87.86178797782529,1.9213063761481717,0.005971519130368027,0.007347237253437341,0.08164861604625094,8.770053230794315e-09,5.4604209238486965e-09,3.3096323069456207e-09,9.594793598301773e-07,9.469533667934519e-07,1.2525992938518817e-08,0.7281320578627672,66.86914409463405,2.933175057115874e-07,4.003235691716408e-07,0.023354641960226376,58.600952576485234,0.0018545371793603188,118.72030439361333
4,0.05881001134877826,4.654916260422072,0.015634155778017845,4.57726859882138,0.062013505822674,107.39191955417147,105.58960327447272,1.8023162796987624,0.007206841949162193,0.007611421683920616,0.08442163253285506,-2.5269717341198623e-07,-2.563075278230647e-07,3.6103544110784496e-09,-3.088790027893984e-05,-3.090087727378553e-05,1.2976994756248779e-08,0.3475873938548898,7.015087524845021,3.432849105316609e-07,3.880537025456079e-07,0.022753633881163717,60.57531872056831,0.0018739742866361489,229.5962557087787
5,0.05991469793541382,4.801316243718087,0.015822369426980492,4.722900389001261,0.06259348528984575,122.59137206669615,120.95991007639537,1.6314619903007725,0.007888860221932966,0.007647712511679555,0.08672997645107265,-2.2507746133772797e-07,-2.2830007659964227e-07,3.2226152619143823e-09,-2.7842966625035127e-05,-2.7855987086386583e-05,1.3020461263667329e-08,0.37521531475310066,5.204837350691027,4.1012132972107806e-07,3.3421872279899443e-07,0.02457433106727055,66.24391741864318,0.001883084289673168,272.3370200522072
6,0.0614577017340462,4.702104281146493,0.016416632024785882,4.6234461688438175,0.06224148027789072,135.06355206870157,133.1243363973856,1.9392156713161723,0.00793768444916087,0.008118645534201155,0.09213242186549297,-2.5632083358782584e-07,-2.60516171232112e-07,4.1953376442861695e-09,-3.288998049719596e-05,-3.2902642055975245e-05,1.2661558705930851e-08,0.47644105037801326,5.779167497943188,3.5048904017542166e-07,4.4541777776472396e-07,0.028656209272305833,62.467384082581574,0.0018685501578466943,28.09655838211802
7,0.058650081547591056,4.773882525591772,0.01621257157122817,4.6916767631530405,0.06599319086750466,118.16271384409295,115.8519842187017,2.310729625391326,0.0056491722021085895,0.007006380649526901,0.07705793236714398,1.541402471504215e-07,1.514062122972135e-07,2.734034853207944e-09,1.736645431478828e-05,1.735400482941033e-05,1.2449485300965163e-08,0.4416382365885835,16.554605938009587,3.7682672988347253e-07,4.546021134355644e-07,0.02155469644136721,63.88469379782447,0.0018594902012717032,-536.1531970290425
8,0.05734347176920441,4.450290738293698,0.015077596555015746,4.365948530924041,0.06926461081464186,114.31592613121569,112.66111007601837,1.6548160551972961,0.006053680764838666,0.007100533450448602,0.0792850440517161,-4.0103896910946645e-08,-4.3478548955716906e-08,3.374652044770254e-09,-5.315634626645011e-06,-5.328864837291131e-06,1.3230210581134716e-08,0.35940492629257315,20.23388417545467,4.169678269378336e-07,3.2630928616026395e-07,0.021868312513978673,56.185363398678604,0.001887161803734024,-348.1345745403255
9,0.061033937711298746,4.800834870172732,0.01623274543923877,4.713845525990669,0.07075659874282479,152.09221154141534,149.60616969045967,2.486041850955781,0.007528724408324977,0.007155909529785585,0.08192797222821373,1.158888847996235e-07,1.1217834743736304e-07,3.710537362260415e-09,1.2297435967949968e-05,1.2284149822608646e-05,1.3286145262623754e-08,0.5256930129647271,21.538402509267417,4.6594127189434276e-07,3.937483568682443e-07,0.022826224391851488,63.04225726145646,0.001868512953245227,-142.39592511658157
10,0.06155301730883232,4.740562926429462,0.015122785490852768,4.6608471355056125,0.06459300543299669,133.81684553603444,131.85756453024803,1.9592810057864445,0.011690215554232816,0.006633924362596691,0.07237069400629086,-2.4495018469996247e-07,-2.482383124532785e-07,3.288127753316021e-09,-3.024938701197763e-05,-3.0262620020656483e-05,1.3233008570935009e-08,0.4629880877943349,48.05636831551422,4.3150630947409915e-07,3.448228051607654e-07,0.021268672376364338,64.92550672651068,0.0018796359120505112,-1025.995635940706
11,0.05767606408513187,4.778181743810536,0.01635451463539231,4.7001600511168355,0.06166717805830712,141.9975805754723,139.765280665049,2.2322999104234493,0.006006519731354928,0.007275361812570864,0.08337308281540559,8.463825547662969e-08,8.14070553558379e-08,3.2312001207918222e-09,8.80096025056292e-06,8.787956805993241e-06,1.3003444501534814e-08,0.27879036738839125,12.715226678912972,4.899542105435883e-07,3.7748754957290617e-07,0.022424363446004916,63.32558925828627,0.0018744532379097202,-625.575943086516
12,0.060343078261746584,4.8680239147645885,0.016849273848366583,4.780669912589096,0.07050472832712558,134.1897295950879,132.20001769194275,1.9897119031451067,0.006387594017068291,0.008013281754945116,0.08889003540759624,1.606982283502247e-07,1.565779810248185e-07,4.120247325406195e-09,1.7375639431250633e-05,1.7362304399580914e-05,1.333503157404105e-08,1.2927610512105894,11.14629735372009,4.0852018057668467e-07,3.894127387620942e-07,0.024620776718070593,63.622860443323106,0.001872601061130488,-126.3797912521618
13,0.05719226384943914,4.48586751979331,0.016477266925277304,4.404603052428737,0.0647872004392967,133.69766161685425,130.99229139204024,2.7053702248140152,0.0056500393593666,0.007924975603334989,0.0897042022437138,-9.891731407679198e-08,-1.025522361777923e-07,3.634922101000294e-09,-1.311043298852613e-05,-1.3123181426858726e-05,1.274843826386559e-08,1.4194156210538855,-12.074246580139251,3.965465899141519e-07,4.0079690723834696e-07,0.02448844136359202,59.3396427394022,0.001862255913983152,37.126300979157804
14,0.06663597176203163,4.929090273300334,0.016728978059720217,4.8401878295208505,0.07217346571976395,139.09362836995408,136.66110822962654,2.4325201403275076,0.00608175817112877,0.009483848956100122,0.10519177848830397,-2.906094439475387e-07,-2.955894684922489e-07,4.980024544710094e-09,-3.597778063690387e-05,-3.599134307682171e-05,1.356243983895365e-08,0.49766371386832514,33.25373684956275,3.938947757854326e-07,3.4171327664732405e-07,0.0284768421705504,65.76197884688047,0.001885262464270231,50.58460410369844
15,0.06229103942337597,4.749877947512625,0.016706236943073376,4.676918900012557,0.05625281055699613,128.9911542354245,126.95774354329814,2.0334106921261954,0.006315520413019994,0.007526478314439552,0.08772890273193752,1.967016179170683e-07,1.92860391412144e-07,3.841226504924316e-09,2.2427456294509966e-05,2.241427462119901e-05,1.3181673244367518e-08,0.30899262410948347,26.87483315305598,2.9371396752326307e-07,3.793564722365783e-07,0.023043465084440662,62.9601212571218,0.00186242884340134,-113.98150706392335
16,0.06061034746039644,4.856011759464259,0.015531013185098964,4.783686847497069,0.056793898782090124,104.7263101808601,102.72658143963905,1.9997287412209857,0.007675629625483246,0.008561908034966243,0.09460929436384356,-2.3340376452629758e-07,-2.3929519686168553e-07,5.8914323353880225e-09,-2.788035778198207e-05,-2.7893424604539434e-05,1.3066822448500984e-08,0.36823316072937934,-3.7624516111508304,3.27966210864504e-07,3.747505754730661e-07,0.026268195860311046,63.60781764658297,0.0018779069646063103,-308.35302394042355
17,0.059949392268657434,4.618887271193459,0.01589238057218569,4.554438371976264,0.048556518645009074,113.93685093582565,111.87641625615873,2.0604346796670354,0.007008353231854715,0.007195810349997132,0.09160312143034803,1.9820843411848115e-07,1.9508585689369667e-07,3.122577224784476e-09,2.275288513158145e-05,2.2739655745067276e-05,1.3229386431096803e-08,0.32769726793604836,33.040667225939075,3.3732834198876753e-07,3.36358912023572e-07,0.021901494285267113,60.51663705074427,0.0018694583578949592,171.23272593700767
18,0.05809476231156766,4.7556105772458235,0.01650890026660087,4.681237563921498,0.05786411305772369,174.7376395458069,172.55010627127314,2.1875332745340375,0.005963122457924857,0.007352006996548893,0.07961407122871758,1.9630760686084918e-07,1.9349601917885764e-07,2.8115876819915107e-09,2.264602657152528e-05,2.2633206705667802e-05,1.281986576423282e-08,0.30792879914788734,36.29661527170841,4.1661588623204546e-07,4.2274620769897815e-07,0.02263616293871211,61.31157319803839,0.0018710158296195876,292.7374960398888
19,0.06288935740641803,4.915362447203269,0.01708886561970287,4.838277661435423,0.05999592014814381,131.3379578786031,129.23346373515184,2.104494143451195,0.008682392722255591,0.008675118673238965,0.10192022598498571,-1.1545514714630594e-08,-1.4915776181342823e-08,3.3702614667122235e-09,-2.405715929492376e-06,-2.4181226626454324e-06,1.2406733064377139e-08,0.42835057856290676,41.692441814627266,3.4460903922140305e-07,3.783632235335481e-07,0.026097400115396116,66.16142340553753,0.0018511005661255814,-187.52579684053126
20,0.05724077958440263,4.559115851957342,0.015072734992839022,4.485022860341649,0.05902025662285278,115.50358007954658,113.68699989624535,1.816580183301306,0.00908519802898998,0.006518628669757698,0.07229836459397285,1.243307518011057e-07,1.2075308731203034e-07,3.5776644890753376e-09,1.4080980038331752e-05,1.4068429130356819e-05,1.2550907888775625e-08,0.3671529341578147,10.522518964618163,4.254722044830251e-07,3.573988817986623e-07,0.0208176647966912,60.19497460481455,0.0018618242299775721,18.622926010099036
21,0.057595783772608565,4.5514480724083635,0.016519075818452113,4.474410135022289,0.0605188615676216,107.98543519035691,105.77358997186599,2.211845218490979,0.0057839258845061026,0.007483842330612392,0.08212642091200903,4.2300134084079756e-09,5.521631841639018e-10,3.6778502242440758e-09,2.3310368863122812e-07,2.201559919845638e-07,1.2947696580035437e-08,0.5231279030091041,35.74945545287023,3.982502573220924e-07,3.3062655048355027e-07,0.02301187832927991,58.94252230099877,0.0018670307513509099,97.32184031929455
22,0.06061490380739155,4.550060743087501,0.017029831009179677,4.464488522186113,0.0685423898922084,133.87849737637376,131.82375831591025,2.0547390604634974,0.006876013907775608,0.007491358211686132,0.08785159821003466,-1.5431746909379077e-07,-1.5813186825858084e-07,3.814399164790104e-09,-1.910784800077515e-05,-1.912156888644372e-05,1.3720885561171455e-08,0.514648868467204,-10.46378271352856,3.748907675010768e-07,3.531042037784624e-07,0.023226162769675845,58.237548950023154,0.0018880173667934334,172.48721308679205
23,0.05980855840359762,4.654301698502837,0.015036561775151783,4.575490898721759,0.06377423800592706,126.032075494102,123.69035953368841,2.341715960413564,0.006763394046709981,0.007509046220760017,0.0828825476703351,-1.4900945982934712e-07,-1.546657036811659e-07,5.656243851818797e-09,-1.9337964998539774e-05,-1.935120362834767e-05,1.3238629717449547e-08,1.1503567928239846,25.17782929895926,2.673388946104816e-07,3.3614115135528155e-07,0.02269502911285673,62.59988887220055,0.0018570438526790787,617.2629529252422
24,0.060286044274056996,4.567638198503842,0.01530869615546515,4.4913882254921775,0.060941276856199836,119.54362774151976,117.23198559300835,2.311642148511345,0.006863862321027601,0.008744193518839026,0.09512203441264612,-1.1332836935758405e-07,-1.1780109058932282e-07,4.472721231738772e-09,-1.3843262395555656e-05,-1.3856726086458982e-05,1.3463690841277166e-08,0.6398040362393096,3.7672173758240017,3.9254877313804874e-07,4.1733663843229495e-07,0.026669048627263634,62.86942149586146,0.0018699538498715947,219.85977126720672
25,0.05768034117809775,4.817971092744014,0.01671912399462222,4.737840446439431,0.06341152230996161,123.33231510872693,120.9627393307798,2.369575777947191,0.005377527171281754,0.006804798529576846,0.07525549512778434,-1.4953869598732188e-07,-1.5321651129237342e-07,3.6778153050515136e-09,-1.7926669362064715e-05,-1.7939676197593865e-05,1.3006835438026347e-08,0.307541177698678,53.25063828468009,3.426431164407036e-07,3.8807377608471737e-07,0.02113193176508436,62.70333081152267,0.0018634925992266971,14.567527280851664
26,0.058270003975020516,4.48131590348736,0.015479312392261487,4.413405192698967,0.05243139839613099,141.65726435639678,139.66692251941097,1.9903418369857393,0.0067656140523066465,0.00697294633082938,0.0784065423067431,1.5097546212773926e-07,1.4575956356493692e-07,5.21589856280234e-09,1.619998396790753e-05,1.618752200577596e-05,1.246196205922269e-08,0.3330531477130011,37.172325864097786,3.720772618320951e-07,3.546043601155555e-07,0.022646225571249224,60.78520871447061,0.0018636552717708405,468.17933313960066
27,0.05865069764080294,4.5782149728252115,0.01404366934847761,4.504509030062849,0.05966227341388609,162.86847626920527,160.7749670022514,2.0935092669540714,0.0059987573311964994,0.008281714793836171,0.09438670015794279,-3.0539222565145356e-08,-3.400051298131401e-08,3.461290416168648e-09,-4.366369970237334e-06,-4.378604105537134e-06,1.2234135175360863e-08,0.32779549197037344,47.94230361847312,3.781163417461596e-07,4.107741273941609e-07,0.0253717530122221,59.412343297750205,0.0018509730467923683,531.9967992192273
28,0.058575364736302274,4.720618593423563,0.015451059015361165,4.647107176685481,0.058060357722721084,116.65778097036693,114.53419003661536,2.123590933751367,0.008188188154124617,0.007162233650762873,0.08386173674108034,3.560165317744654e-08,2.8677300949717172e-08,6.924352227729351e-09,3.2624395984104524e-06,3.248542696526295e-06,1.3896901800486502e-08,0.3597266779228457,47.68601148881299,3.5206842538385416e-07,3.959002826019794e-07,0.022327204850387826,63.211762426471516,0.0018903476012334366,-405.53484037641783
29,0.0575517177120143,4.672641107525159,0.016844890814185453,4.597768809330257,0.05802740738071728,151.65076615155374,149.54856227328412,2.102203878269964,0.00511871913446006,0.007085626287879566,0.07736603156449846,9.147445648360145e-08,8.797797000737457e-08,3.496486476226858e-09,8.993521237686661e-06,8.98108999830796e-06,1.2431239286730424e-08,1.8542664486761522,57.98798575458414,3.2111563957856126e-07,3.7638440836611754e-07,0.021359949725083628,63.70165912386166,0.0018527893586338694,29.651462572621313
30,0.058790609195319705,4.49183381752707,0.014509862352392518,4.42006387388416,0.05726008129051687,107.54629609343449,105.39201848561325,2.154277607821306,0.005925889999742498,0.007175736247097053,0.08610684761392264,-1.7428613456553172e-07,-1.7837906105461718e-07,4.092926489085504e-09,-2.1658490573720266e-05,-2.1671422254989505e-05,1.2931681198374673e-08,1.0289910965785016,20.146111025376204,2.7369582354667513e-07,3.156264715105335e-07,0.021506133006868468,58.788797974100554,0.0018860250751889563,-190.27260838275924
31,0.057257068926416924,4.508014299856141,0.01525649357980505,4.436578747434003,0.056179058842333644,103.20372458951022,101.6381655183882,1.5655590711219942,0.006756646539266926,0.007326596513155892,0.08267241856503918,1.9183040836478852e-07,1.8749099725025192e-07,4.3394111145365656e-09,2.1355415668831188e-05,2.1341865639353537e-05,1.3550029404908839e-08,0.3126454039385642,57.596736737174474,2.774967024519227e-07,3.908766570806695e-07,0.023525662970906504,62.54951615728287,0.0018580237537493484,-132.4189134355438
32,0.060305037331372595,4.791391666698316,0.017637080507822252,4.696862817389568,0.0768917688009262,142.3833330930341,139.99703582873448,2.386297264299759,0.0051393850320395175,0.007998259124427864,0.08698340010229708,-1.1110119379057232e-07,-1.1476480616920389e-07,3.6636123786315477e-09,-1.4638494117782687e-05,-1.4651963827207226e-05,1.3469709331073952e-08,0.314325590811319,25.310184115283025,4.73369873276354e-07,3.8910743506487116e-07,0.024083021123806798,66.9982433029747,0.0018859179181871875,64.22076792496591
33,0.061938572038110144,4.7299803165117655,0.016912872959503993,4.647771915354995,0.06529552819726614,160.80256767881178,159.03105778628404,1.7715098925278976,0.010166224078598515,0.007966520244094092,0.090561918687216,-8.950393798905933e-09,-1.3651847258372734e-08,4.701453459466804e-09,-3.011414885981734e-06,-3.0244644956193285e-06,1.3049609526536411e-08,0.38095062371734767,21.876796356223558,3.0929596326794364e-07,4.237110251611859e-07,0.024663288491135263,66.00807220730664,0.0018881605432724549,-53.56532983679108
34,0.05766609993190219,4.506379663413065,0.01738265794729733,4.437619700477327,0.051377304988440606,119.25282179567972,117.60135378504599,1.651468010633687,0.007179550366844417,0.006804458451923536,0.07560440292835213,-7.307099937012473e-08,-7.643282779959488e-08,3.3618284294701437e-09,-1.0480333962168632e-05,-1.0492266488590803e-05,1.1932526315806281e-08,0.521149536531837,22.449634999591105,3.0508952120984283e-07,3.657916350843955e-07,0.021614176612163624,58.72259605757354,0.001842669289251503,338.33213324680446
35,0.061838532517990555,4.647033245419578,0.015121150793589628,4.573930889167535,0.057981205458453436,136.32881960104876,133.20838462158585,3.120434979463058,0.007053786357597791,0.008639272872097821,0.09817778898201394,3.153656716778193e-07,3.105621940216447e-07,4.803477656174869e-09,3.5868072587904745e-05,3.585361840635882e-05,1.4454181428216533e-08,0.2822265886960397,30.780656382473296,3.583797258919941e-07,3.477177318222197e-07,0.026635446123898676,61.52835839496558,0.0018747390521527433,124.92929300948026
36,0.05833398645136872,4.494156750749869,0.014263079206778044,4.414187369608086,0.06570630193500365,132.73241113311798,130.8386407399487,1.8937703931692078,0.004669013578738182,0.007661648899443965,0.08407615009820703,-3.823020235278203e-07,-3.8581696466324326e-07,3.5149411354230273e-09,-4.697420733487617e-05,-4.6987311609225466e-05,1.3104274266150662e-08,0.5043434152512131,34.04894349698686,3.2274408002033495e-07,4.6627857078323847e-07,0.023376995971815626,61.62127581624909,0.0018800687272902826,-244.81410659717858
37,0.059669249453762584,4.690102530402135,0.016959870097009354,4.619355172676469,0.053787487628656185,122.46649246944666,120.43202483329257,2.034467636154169,0.00620678189964256,0.0070170428037974195,0.08031243352378245,-4.183050384715217e-08,-4.682459958625444e-08,4.994095739102243e-09,-5.872941984417752e-06,-5.886293068107328e-06,1.3351083592357683e-08,0.3288954715681814,45.78324547468059,3.8424391187819926e-07,3.6314085809299897e-07,0.022512592732480165,60.8392960179941,0.0018576121645248105,63.04405005250965
38,0.058210201803767056,4.613299164436029,0.016307948972112598,4.543472194005727,0.053519021458189,132.67147968160498,129.27906781523072,3.3924118663740823,0.006800377041820512,0.007954945465293852,0.08760255044160115,1.1682275054510749e-07,1.1229153227340042e-07,4.531218271707084e-09,1.121998766949023e-05,1.1206077927030975e-05,1.3909742375149392e-08,0.43042585486694807,23.143689313568743,3.411505444104002e-07,4.039735798182529e-07,0.023824532108493595,61.412673351988076,0.0018659593740042865,-428.6851564782187
39,0.060686805761324084,4.85071442705853,0.016396401436704993,4.773390231910712,0.06092779371111265,161.50370488879366,159.61278667015853,1.8909182186351974,0.008380234059986183,0.007892512545823373,0.08533044095464805,-3.1354095098272587e-07,-3.172645002085835e-07,3.7235492258575673e-09,-3.8471974754248724e-05,-3.848502082885303e-05,1.304607451588259e-08,0.31299718463848114,52.81861162999476,4.4637834767890156e-07,3.959262147404064e-07,0.024725441686563276,63.2722842383173,0.0018611375735970476,-89.85363058121993
40,0.05821406608027865,4.438535044230075,0.01604851196735263,4.356004058170531,0.0664824740921906,143.86977071279617,142.02475350681232,1.8450172059839711,0.007608989961261822,0.007242899989071989,0.0819794941895354,8.986228775614473e-08,8.66164069224706e-08,3.2458808336741218e-09,1.0699048918847967e-05,1.0686139774352515e-05,1.2909144360049401e-08,0.5481897460995124,37.038416201460585,3.128262864393551e-07,3.693224098054055e-07,0.022648704232845027,60.21490876389211,0.0018623031903862006,113.84315908973804
41,0.05893814248680433,4.660536870474663,0.01579631193355617,4.571358914126689,0.07338164441441776,126.27945960126138,124.66716478016043,1.6122948211007935,0.004960914453819586,0.007620005612708594,0.08936128177459318,-9.066374527207729e-08,-9.41642661175082e-08,3.50052084543088e-09,-1.2588863345094165e-05,-1.260205378383648e-05,1.3190438665528896e-08,0.398120197738638,18.50313955629686,2.92978993838389e-07,3.5805461896298517e-07,0.023496692334526947,59.82239168975987,0.0018588800373663225,49.86027759608896
42,0.06064095533730319,4.913492909615232,0.016702362029246264,4.831318485796257,0.0654720617897285,114.97578933083811,113.157951967545,1.8178373632930553,0.006512241754085426,0.007385649754885876,0.08124290885228751,-1.4382024103564757e-07,-1.4747162742455158e-07,3.651386388904048e-09,-1.8100045176006365e-05,-1.8113589659612178e-05,1.3544483484183093e-08,0.5201930067018942,11.449739857574723,3.783128252495515e-07,3.7598715065405746e-07,0.02357238002958866,66.35007087785135,0.0018745519492742752,-353.7654880458899
43,0.06234586172175625,4.707601679654323,0.015958144901353135,4.635217969326146,0.056425565426823296,137.3143263151205,135.49355205481206,1.820774260308512,0.007490033224161783,0.007575131022817385,0.09088911544535552,1.5212643143953484e-07,1.4809503288454167e-07,4.031398554993122e-09,1.6707035251751064e-05,1.6693162262077358e-05,1.3872989600696767e-08,0.3012506003789591,13.607124402956043,3.36304177821701e-07,4.2608815043141165e-07,0.02299785334365808,59.984255137847725,0.0018843122924825178,-0.16168008528939026
44,0.05960106361319242,4.782350482781337,0.01727894932731794,4.708474827272103,0.056596706181915854,117.16376973112465,115.09177321233749,2.071996518787191,0.008147244582016997,0.007471183645439186,0.0842968817028709,4.116870936495114e-08,3.7724041089505406e-08,3.4446682754457425e-09,2.408873980762829e-06,2.394804985705668e-06,1.4068994957133529e-08,0.3672114333974059,-1.8680968723221048,3.3260677020524677e-07,4.3842076869024875e-07,0.022549013607165852,68.41528929014873,0.0018936733146515479,230.99365997977657
45,0.05640456290763303,4.685120189419573,0.01578265685020471,4.6082480209835115,0.061089511585856675,150.55789132204478,148.22722181928862,2.3306695027561926,0.0055660108591007035,0.007474075043909368,0.07847346529892324,-1.3897631727335058e-07,-1.4205430835734056e-07,3.077991083989994e-09,-1.6555894368514954e-05,-1.656938063302241e-05,1.348626442345372e-08,0.5126918384602666,46.25553127944493,3.941722390179912e-07,3.857628442558531e-07,0.023116581377259367,63.38519372347368,0.0018750777895114458,-105.47783716111644
46,0.0582135923745674,4.672608980359687,0.01564619173599381,4.592503420511517,0.06445936811217677,132.35940625589782,130.0773122368988,2.2820940189989924,0.006877060521471579,0.006547543879005836,0.07404168993774672,1.5929742876958787e-07,1.5597733586479967e-07,3.320092904788187e-09,1.8861746591404474e-05,1.8847756331509087e-05,1.3990259771081379e-08,0.565565609819209,43.915338830018904,4.320526343112829e-07,3.859497950041696e-07,0.021631857683009778,61.92704456052522,0.0018904008339599417,-146.02853651085934
47,0.05991711925949108,4.6381060442163236,0.015428961287006136,4.5548913135820035,0.06778576934731376,144.07887103027159,140.89390106863098,3.1849699616407414,0.00667523636570837,0.007835159042027608,0.08533249943238419,1.6652010336824656e-08,1.3443775877269944e-08,3.2082344595547194e-09,8.949052907541506e-07,8.819428633144099e-07,1.2962427376698765e-08,0.522947713383924,22.709336533164667,4.2362440268485426e-07,3.6024598200458366e-07,0.024998980880542705,60.38501464876606,0.001869142843458671,159.62348541768642
48,0.06004879062271173,4.495528131986239,0.015236558496697746,4.428271918176866,0.05201965531267556,130.1280401594111,127.87132358388867,2.2567165755225504,0.007687468349815966,0.00833710390481055,0.09161057743499937,-5.08671541674059e-08,-5.422278287565998e-08,3.355628708254086e-09,-6.3119049059647705e-06,-6.325095938595015e-06,1.3191032538380885e-08,0.3150177977491835,32.396750084791385,3.415183889544093e-07,3.657105607931981e-07,0.027434412738925367,58.54848587108936,0.0018692877182414534,-205.77487580658908
49,0.05978016704099098,4.830264121311033,0.01664362245948278,4.756019029873136,0.05760146897841372,130.58489212294438,128.55133506872625,2.033557054218127,0.006455177671340402,0.008096397470304873,0.08933572237161944,3.05579215904266e-08,2.728380233559461e-08,3.2741192548319934e-09,3.0050961038924447e-06,2.992108339050364e-06,1.2987764759761314e-08,1.3962485573486605,19.146123543202002,3.16190108272517e-07,3.4917057857485434e-07,0.024150083561457435,62.429981346745905,0.0018625769452948451,-342.601263623696
50,0.05830430791511635,4.55813318474654,0.016361207093559968,4.478423283622547,0.06334869403043344,95.58267798248758,93.59708806732912,1.9855899151585354,0.005980643686597833,0.0075214854975509,0.08385320203740232,-4.643115708473712e-08,-4.9735377423513925e-08,3.304220338776801e-09,-5.450948775135014e-06,-5.46432943267421e-06,1.3380657412718017e-08,0.38096130555229973,21.045847174447353,4.098641792127423e-07,3.6439121084205096e-07,0.023279114019061867,59.05503966710327,0.0018740309994556227,-597.5265425956418
51,0.06492200241692081,4.895025190630798,0.0174787260449691,4.809403317205257,0.06814314738057094,121.08746259975487,119.11131138836706,1.9761512113876822,0.006100640975224381,0.00978908718156753,0.11100083566271188,6.987567043626602e-08,6.478818634805182e-08,5.087484088214204e-09,7.0220065471994085e-06,7.0087762635573025e-06,1.323028354499763e-08,0.8449353172299423,59.59988543485398,3.4471976257558977e-07,3.7982316470805063e-07,0.029380037033945955,63.530281732139315,0.0018785609102478463,250.93074590405013
52,0.05631647810198722,4.417060817212191,0.01610618300977781,4.333214249333965,0.0677403848684487,130.25667703421598,128.22632917646638,2.030347857749783,0.006312912051038265,0.0067447148918651535,0.07401754355982758,2.3154414315794667e-07,2.2730266447385088e-07,4.2414786840957985e-09,2.6176532624014603e-05,2.616343322334889e-05,1.3099400590550231e-08,0.6121624848480177,54.53467883148656,3.0864246251051965e-07,3.3782362766896255e-07,0.022268918731799595,58.91891382765603,0.0018582118069882388,108.91477999807921
53,0.061817502606921586,4.555270882386077,0.0156371734102298,4.487565490948201,0.05206821802764702,127.89758927736521,126.02360311279206,1.8739861645730898,0.0068630663252521795,0.007850402822944285,0.08980841309952518,-8.382915463299158e-08,-8.820040997079831e-08,4.371255337806736e-09,-1.0074937681582712e-05,-1.0088023439039803e-05,1.3085757334710476e-08,2.080181805675542,21.23637135137698,3.9437516706030155e-07,5.228037417692968e-07,0.023923607069916884,60.768798191673255,0.0018700384811060154,-322.04091537832346
54,0.05855319395404009,4.655060411007589,0.015533719759180222,4.582739487139201,0.05678720410920662,110.09921497638328,108.31093324497914,1.7882817314041612,0.00618790902337492,0.007460180269515827,0.0831385738057938,-1.9465838549162106e-07,-1.982837494354239e-07,3.625363943802924e-09,-2.3571473583564768e-05,-2.3584718605656608e-05,1.3245021992221034e-08,0.27282154345241905,-4.727709431459422,4.037556900595268e-07,4.164725665531332e-07,0.023035810041052637,61.47813127529289,0.0018639007223878931,-329.5054680878643
55,0.05825385182072046,4.547733724490355,0.016032227115678907,4.484880966266557,0.04682053110811968,132.90395018170994,129.9074042853775,2.996545896332403,0.005272901593800196,0.007478129123247819,0.08404787836177048,1.9002775303144164e-07,1.8633825181907268e-07,3.689501212369005e-09,2.1029096886215513e-05,2.1016699507175203e-05,1.2397378930961481e-08,0.3960774171790792,32.882950000990334,4.096648782816474e-07,3.7308889438600067e-07,0.02356188552073085,60.83669311230996,0.0018431210461204838,-316.2690953962215
56,0.06044038453450942,4.769816624026606,0.016429194794286436,4.702157075652157,0.05123035358016193,151.22639407557588,149.09278345212624,2.1336106234499836,0.005584313913923076,0.007465154280094517,0.08855882869157282,-2.439570027162367e-07,-2.481649019862542e-07,4.207899270017473e-09,-2.9635071461495436e-05,-2.9648477135838206e-05,1.3405674265897835e-08,0.416209628841258,25.233864366059123,4.6354010809361583e-07,3.543822807923735e-07,0.02430356151442125,61.639497970391595,0.0018511257061704634,613.8999146873034
57,0.06120206685387789,4.636703682048975,0.01617031423735454,4.569094960571793,0.051438407239828184,117.03623053937015,115.10107537168486,1.9351551676852898,0.00863694583919422,0.008087623645345201,0.09558463035131781,1.7988748166369235e-07,1.7569624081026635e-07,4.1912408534260125e-09,1.991601440715814e-05,1.9902822917045596e-05,1.3191490023740571e-08,0.4028867816888356,17.476564321081952,3.216749458196533e-07,4.210450871097303e-07,0.023783510638916365,60.66825134588522,0.001867483810451582,257.1243283244712
58,0.05900692462752342,4.726702005242293,0.015871365774056997,4.641981559515981,0.06884907995225584,114.92298490125785,113.47423915051937,1.4487457507385333,0.006805361954976001,0.006884203692253309,0.0775524990365,6.155388727348718e-08,5.7526562024728084e-08,4.0273252487590865e-09,7.23774852309899e-06,7.224415110004326e-06,1.3333412984135785e-08,1.361541956180042,-2.5077773696908414,5.097965007312397e-07,3.457420126802395e-07,0.02144705256810522,64.627560618357,0.0019041052426736762,56.46006389766626
59,0.05973912823700252,4.739658602594919,0.016616090940749666,4.663385320117313,0.05965719153685695,129.4750065723926,127.86467090519135,1.6103356672012443,0.006497328948136052,0.00716100319803912,0.0873888586902966,2.3533261293367584e-07,2.311525019797779e-07,4.180110953897973e-09,2.7347812347391328e-05,2.7334636713264465e-05,1.3175634058666244e-08,0.37597650079696904,26.568750055432265,3.034436045069698e-07,3.70665519463087e-07,0.0221161347556767,62.90645424686602,0.0018772985707825505,278.0758361551134
60,0.06151874295197998,4.51684116485842,0.015107784162132645,4.446677512776453,0.05505586791983481,153.14906035060184,151.25524951374967,1.8938108368521887,0.00839235866909626,0.007975672954442025,0.08898805405386438,-2.2474546920752202e-08,-2.7217954611127192e-08,4.743407690375e-09,-3.970575468072985e-06,-3.98468411919036e-06,1.4108651006947284e-08,0.8236040449075068,29.054250640562323,4.6178845015919216e-07,3.8902262648387114e-07,0.023773370062487774,61.804885674999994,0.0018989089305445491,374.449362216993
61,0.056292700869220044,4.465549776265879,0.01584881779820322,4.4004309885730795,0.04926996989459656,110.76744440838539,109.00168867182138,1.7657557365639514,0.007299751764180377,0.007482666515873385,0.08196438173549642,-3.337074930418427e-08,-3.66892323685577e-08,3.3184830643734204e-09,-5.753025541020906e-06,-5.76574120806563e-06,1.2715666966221308e-08,0.40841656617172906,40.68708872305502,3.332678695192642e-07,3.08288700557642e-07,0.022221671390151305,59.85395191644518,0.0018565238326548243,309.30095928056335
62,0.057893290850943094,4.645243233292991,0.015144564255466224,4.574877143557645,0.055221525479880164,134.66737366016176,132.6694913699002,1.9978822902615183,0.006085729267488448,0.0075909793580055595,0.08297997605627874,-1.0543482465828444e-07,-1.0887983109004125e-07,3.4450064317568e-09,-1.3653825056830732e-05,-1.3666534817982562e-05,1.2709761056171906e-08,0.3738297333831118,-12.461511240569537,3.996580242544379e-07,3.8308395903341606e-07,0.024040632606545594,61.1927002737997,0.001872441363191401,-391.20253232339974
63,0.06198793195201698,4.834966524414716,0.017205033686114344,4.7537393460882,0.06402214464040105,120.45622132662615,118.33802440505855,2.1181969215677663,0.0059561394757862846,0.00785238439544589,0.09145271833199028,-1.572524298954895e-07,-1.607885396957995e-07,3.5361098003100083e-09,-1.954176383696182e-05,-1.9555418871912553e-05,1.3655034841253373e-08,0.32663386435836855,7.557970402262535,3.2750971315676835e-07,3.7055782115944955e-07,0.024244062566715463,63.166901453236704,0.0018744635043721827,468.08485112203516
64,0.06018554849379309,4.65323338359686,0.01598102614462097,4.58177255721365,0.05547980023859005,131.9137834666734,129.55759655286388,2.356186913809535,0.00590604745753792,0.007071771264438596,0.08095293419809461,-7.662704627515128e-08,-8.278554924904573e-08,6.158502973894438e-09,-9.666901704611155e-06,-9.681409125776158e-06,1.4507421088518737e-08,0.9268051144074008,30.541154994191864,3.979930191696876e-07,5.360118549826388e-07,0.021939271507861548,64.86068529367674,0.0018841642979589076,-235.08047056733403
65,0.06004842225820737,4.818756934683804,0.016832759006343852,4.745118276869717,0.05680589880774341,118.46987811934092,115.45939580509675,3.0104823142441255,0.010453144219208859,0.007569153665638355,0.08647902980132481,-1.4477675187241434e-07,-1.4786078986125741e-07,3.0840379888431134e-09,-1.7836771910398773e-05,-1.7850222591665928e-05,1.3450681162288444e-08,0.3769814443205215,20.712324267297827,5.784201950619906e-07,4.012141575513271e-07,0.023338285212581286,64.92294364285429,0.0018952144178471851,-481.8019055119862
66,0.05944201328833471,4.707272119729916,0.01605195898129039,4.615272839749653,0.07594732099897272,112.54784839252358,110.64264098744296,1.9052074050805783,0.007503380046228518,0.006913300237293236,0.08063893066690679,2.4437279803401673e-07,2.4050439458451263e-07,3.868403449504016e-09,2.803449131846091e-05,2.8020550670075798e-05,1.3940648242961361e-08,0.2944218871888162,19.43406567279566,2.785315511117703e-07,3.3146345069310313e-07,0.021517132926445443,62.695677241810515,0.0018833537954028882,-90.20686956144618
67,0.05787321427792943,4.7444189235866014,0.015995048879906618,4.672222399095362,0.056201475611333394,120.33247388295887,118.0805632363676,2.2519106465910896,0.006187759315461507,0.0073330069727527624,0.0812377716078562,-3.2064095886227215e-07,-3.244663488533762e-07,3.82538999110412e-09,-3.941097383508036e-05,-3.942349465834546e-05,1.2520823180486364e-08,0.729980521565754,24.12159922748395,3.538473301488578e-07,3.35356835220848e-07,0.022425729884699524,61.64084302289308,0.0018591809923500962,-738.159743749502
68,0.05911240149779932,4.611113575716597,0.014804467244792672,4.5408033475570475,0.05550576091475754,118.2108075323869,116.47389985259436,1.736907679792558,0.007258268624202616,0.0074800303821619535,0.08139618839284617,1.6189950817814498e-07,1.588003574731557e-07,3.099150704989215e-09,1.8491250482494e-05,1.847749712407092e-05,1.3753358323016111e-08,0.28091143133288565,25.54799583476053,3.977740907617438e-07,3.6644499808738036e-07,0.023605809351152796,55.78426538839875,0.0018768582570973828,-568.2911719113381
69,0.058336199668858044,4.524832552214244,0.016640554372605296,4.445763581047952,0.06242841679368699,125.2324702059599,123.05770424276886,2.174765963191132,0.008883339600059409,0.007049746622065209,0.07623643729791697,-8.061336109221057e-08,-8.546084691914536e-08,4.847485826934774e-09,-1.041220722969013e-05,-1.0427227943125325e-05,1.502071334604189e-08,2.531219523573618,32.23454733855584,3.5480777209929265e-07,3.828024556665298e-07,0.02225533553400113,61.50206315915794,0.0018832329868175943,-527.515879140472
70,0.0591053628256782,5.0682765766464435,0.016578564364924768,4.988408911695229,0.06328910058628971,101.636395572371,99.5790231841185,2.0573723882524364,0.007947065622578464,0.007296642737152811,0.07842338169086842,-9.793680318865437e-08,-1.024509609017391e-07,4.5141577130847074e-09,-1.2355614951618042e-05,-1.2369555617076066e-05,1.3940665381982244e-08,0.350485972681283,36.625152468852946,3.0611522603486e-07,3.3242557343005006e-07,0.023391224809728148,66.98391532629269,0.0018550513563425548,370.7224961398906
71,0.059169768195214606,4.507489184023927,0.015280865916559954,4.428993988305373,0.0632143298019944,124.40589987163114,122.42304369501494,1.9828561766160904,0.0062731489571175,0.007740831213682566,0.08612196771766087,-5.5629004021237746e-08,-6.004298739646214e-08,4.413983375224405e-09,-7.4111788619850194e-06,-7.424286118387155e-06,1.310725631727073e-08,0.9505375599466619,28.401280391220112,4.721886785749542e-07,3.483567147199213e-07,0.02462198105219775,61.54578173329705,0.0018720846534744104,234.121402456718
72,0.061018563312501786,4.671431275678031,0.015658259046227918,4.581807928477797,0.07396508815400638,155.03613162173872,152.61196813399832,2.42416348774076,0.009205909797696936,0.008153202714533994,0.09217426242084072,4.2948917822003103e-08,3.950136327085329e-08,3.447554551149813e-09,3.726829378148073e-06,3.7132187479945435e-06,1.3610630074623857e-08,0.46735171269415504,-4.935542506825667,4.1334034744431485e-07,3.73258964002244e-07,0.024814387042137384,63.82689827187882,0.0018980049937470827,307.5080651272092
73,0.060081278611676364,4.5330326926902185,0.01624413657821002,4.460269050449047,0.056519505662960046,138.8189577338058,136.5131131228949,2.305844610911018,0.006562433855597134,0.008766938226733656,0.09921827320908372,-1.546650160485096e-07,-1.5859430595491172e-07,3.929289906402073e-09,-1.936299182625476e-05,-1.9377655536182145e-05,1.4663709817285456e-08,0.46656948659763886,105.04135266386135,4.102969896780436e-07,3.3858358811004604e-07,0.026937447125382052,59.23632310589244,0.0018695032857702443,384.85956936783214
74,0.05903512556325909,4.543166260344127,0.015261076167825582,4.471991469426168,0.05591371475013408,127.02093672665248,125.44492084147598,1.5760158851764459,0.007151181322434053,0.008184199103646405,0.09332423630441337,-2.368677604907789e-07,-2.416530161769197e-07,4.785255686140898e-09,-2.992146191215446e-05,-2.9934599889681077e-05,1.313797741866787e-08,0.2135054509563963,46.03738238753533,5.590868783457533e-07,3.3388611173956644e-07,0.025741088297861318,59.774105830274486,0.0018775714486723419,-379.8245403428723
75,0.057659343153966335,4.468359130535486,0.016285857121775594,4.400640442002562,0.051432831411147975,110.19614145470528,108.65489111013142,1.5412503445738905,0.005440784456971184,0.007595839152559486,0.08258846135900559,1.1638124348261541e-07,1.1187802624245375e-07,4.503217240161655e-09,1.3034538007198922e-05,1.3022024006251771e-05,1.2514000877774271e-08,0.27324120354608256,35.71751413815381,3.4172007671538256e-07,3.9340565982971054e-07,0.023065171765148117,59.247024000121044,0.0018710995556107772,374.7607459035562
76,0.05752863601405579,4.6525097028112254,0.015740650790184205,4.569541818577126,0.06722723344391496,147.41227201313353,145.51477153879134,1.8975004743424668,0.007404579981395211,0.006780303014088828,0.07274108571909409,2.3722556164673137e-07,2.2990542621965915e-07,7.320135427072146e-09,2.6319810169583036e-05,2.6306296463679125e-05,1.3513705807429258e-08,0.5193859421848301,50.048036620550334,3.8869930656989213e-07,3.737008787979361e-07,0.022173549943846415,59.70210530714449,0.0018752365807436359,-133.93311041226252
77,0.05884543308564875,4.507041071884315,0.015557849761412263,4.439849741685375,0.05163348043752784,137.38580182595254,134.01162792758174,3.3741738983708314,0.006263091567622092,0.007237981890408086,0.08144666486711997,-1.0356540685465495e-07,-1.0643374478699795e-07,2.868337932342977e-09,-1.3373849803688565e-05,-1.3386051761953788e-05,1.2201958161255086e-08,0.418349709116675,25.400090914412807,3.0225923657084355e-07,3.5718341940839226e-07,0.022204250370317292,59.229163095226426,0.001840683199575369,-266.32398423693894
78,0.05945538438795139,4.605177937207947,0.016290223616449735,4.535917556469026,0.052970157122472335,133.50950677574653,131.5331407469539,1.976366028792535,0.005834027137374738,0.008624074054210848,0.09464558083200332,-1.642100783117507e-07,-1.6681547522065566e-07,2.605396908904966e-09,-2.0951908991181557e-05,-2.0965098653332428e-05,1.3189662044707578e-08,0.26687544688486514,-27.42774524028762,3.92260122122094e-07,3.9692251226230455e-07,0.025529591607389067,66.48200588214392,0.0018708645144410274,-65.14263260163352
79,0.061708604472899733,4.66387509490092,0.017295835212533636,4.585740366186033,0.06083889350235344,140.57276044831477,138.34448627445653,2.2282741738584098,0.008767327654504138,0.008230082119300906,0.09266492952190686,-3.231444686478546e-08,-3.448031789719707e-08,2.1658710324116065e-09,-5.004675718909729e-06,-5.0182007498348515e-06,1.3525030855569483e-08,0.4088059357002308,14.699709574084384,3.3834942095156615e-07,3.5538982396623637e-07,0.02501767992911768,63.91105315286606,0.0018902062453316024,-360.6196478061097
80,0.0599167280621949,4.836266807440935,0.016976990782671432,4.753073989610676,0.06621582704758808,124.80599097640979,122.38748478031829,2.418506196091558,0.005746773345461796,0.007481727052166405,0.08364335858544461,-1.1873600846824369e-07,-1.220072926871695e-07,3.2712842189258415e-09,-1.4409931753324644e-05,-1.4423006189089708e-05,1.3074435683361004e-08,0.402324090957261,65.56422829100448,3.743663251405249e-07,4.04750801707652e-07,0.023368202183099835,61.971523661531705,0.0018772344954021425,228.07192038601625
81,0.0586274089563353,4.563546161059205,0.01601632354023625,4.490590816605847,0.05693902091312131,146.7530659677909,144.77058404053247,1.982481927258089,0.007020975721610345,0.007283789736684812,0.079821080275854,1.490175400793321e-08,9.950701705871896e-09,4.951052302061319e-09,8.15360780436376e-07,8.025197652627715e-07,1.2841015102744655e-08,0.33133429597063957,32.00113863248777,3.2557924148036163e-07,3.5036196707642403e-07,0.023194458447385387,60.90170413432594,0.0018599912801133306,-458.0896293838109
82,0.06066443682506851,4.796798204882962,0.015672753222045293,4.726425473067639,0.0546999785932765,125.92409007296632,123.8770926826206,2.0469973903456964,0.00971325138609808,0.008142219216966515,0.08924416256216543,-3.7038265416218056e-07,-3.7528079686006247e-07,4.898142697882017e-09,-4.403461528568465e-05,-4.4050194969063484e-05,1.557968325353124e-08,0.3928440114837273,22.995240463793834,3.269982675014169e-07,3.7693110232372117e-07,0.02495440386894918,63.47373109379238,0.0018638506183814704,209.19311107124804
83,0.06125617122612217,4.689175141852561,0.016885723633409542,4.610943469423613,0.06134594879553909,120.32825328006284,117.97886495086193,2.349388329200915,0.006426341783120358,0.007302524189003542,0.08058554637856806,-1.602486863942309e-07,-1.6390210868020407e-07,3.6534222859731107e-09,-2.08590615018359e-05,-2.0872072606956674e-05,1.3011105017926528e-08,0.99490929092466,1.3039851551104693,4.4850758076260223e-07,4.7189823766745216e-07,0.022617324549667594,62.29081422501245,0.001887842455657514,96.42441536140996
84,0.063340317488859,4.408845218842136,0.015485544624480794,4.332009757376392,0.06134991684126337,135.62293953170425,133.68368901121804,1.9392505204859558,0.0045829752067152235,0.00829593496852186,0.09558057801854733,-2.3969661043414625e-07,-2.4378113927114317e-07,4.0845288369970204e-09,-2.876077016099479e-05,-2.8773541227903854e-05,1.2771066826322388e-08,0.4712941377488627,48.61737392295946,2.915636308136689e-07,3.6748484140878376e-07,0.02567123378751561,57.421635126256625,0.0018679068871418722,129.86423210706744
85,0.05947206625181199,4.47158462995513,0.016170923603632027,4.402160530080634,0.05325317627086502,148.23148361250617,145.93991818464391,2.2915654278624595,0.007510500119112678,0.007958450331349221,0.09093097521573448,1.270724209543342e-07,1.225012764005925e-07,4.57114455374169e-09,1.393170689599662e-05,1.3918305962626733e-05,1.3400933293421324e-08,0.6719669374067561,67.4319859669811,3.4632306127069826e-07,4.373332606222904e-07,0.02381917567353298,63.684782596808276,0.0018649343560482423,-212.8624681495421
86,0.06398878146891178,4.833251748651728,0.01694084918749623,4.760625450227472,0.055685449236758965,117.88254707119481,116.2157899926862,1.6667570785086738,0.0069572245260831715,0.008432354739827128,0.09784956308244701,1.8327421620679004e-07,1.7869248367027504e-07,4.581732536515039e-09,2.1001751632502567e-05,2.0988525485383793e-05,1.3226147017627898e-08,0.4901424704046227,-1.2017305428191047,4.468616682636533e-07,5.041557829120101e-07,0.02513836296256709,62.95617517168365,0.0018571824779559558,93.3667123158325
87,0.056161786181681744,4.544065819380874,0.017250745437011727,4.456906298162436,0.06990877578142585,121.07645296437424,119.11996155039583,1.9564914139784664,0.008111666110721383,0.006941466400181183,0.07603346134465241,2.663910931222926e-07,2.613956223156081e-07,4.995470806684697e-09,3.009228190369495e-05,3.0079710775331232e-05,1.2571128270156915e-08,0.3865843673754526,53.87239937676585,3.094232742088296e-07,3.432550009526836e-07,0.021660144002875786,61.89470987610301,0.001846767003304904,-484.1868892230573
88,0.05918046141679248,4.885847951331026,0.016698514808807845,4.807898633203941,0.06125080331827631,129.26525410119086,127.20212254268249,2.0631315585084753,0.0058882937517806275,0.007290615779797313,0.08125917961960039,9.223966064018666e-08,8.710893299995503e-08,5.130727640231637e-09,9.836596396101021e-06,9.823702975876273e-06,1.2893420142730114e-08,0.38500857341060557,-7.513006993126775,3.080653219480703e-07,3.4001364382073953e-07,0.022396131115658392,65.10214508086936,0.0018486863403338648,-898.375621046383
89,0.05729067737231223,4.688851784295191,0.01674608086371949,4.6119566826367855,0.06014902079468667,125.70558799957772,123.64875388838067,2.056834111196892,0.007249826233734089,0.006674465715822814,0.07453595518107026,1.0755700442819055e-07,1.039605342646039e-07,3.5964701635866646e-09,1.2329475969281454e-05,1.2316269759030589e-05,1.3206210156050418e-08,0.29661394862983226,14.681657207246005,3.8677575736016025e-07,3.7387915551698e-07,0.02093851353976317,61.66965402591936,0.0018769896579143657,237.5309972852474
90,0.05823345341506177,4.536615898987694,0.016381105064019186,4.465975027683963,0.05425976623971229,123.15942267297628,120.7598206970977,2.399601975878504,0.005277907464471596,0.007533070009587312,0.08269501596124586,1.5109983187662584e-07,1.4830733006378387e-07,2.7925018128419784e-09,1.6887239580173784e-05,1.687365290014171e-05,1.3586679946886836e-08,0.3009679123677449,17.383315370799345,2.631898710945461e-07,4.220119622961788e-07,0.02282682054907778,61.280518363813115,0.0018897937472143395,123.46098843789287
91,0.060688435064324184,4.740264924286844,0.01611228027863054,4.667196792434479,0.05695585157373491,129.1461297545819,126.31516398877481,2.830965765807215,0.006849291009539061,0.008189371212643145,0.09064697730591784,1.0510088744880333e-08,7.2189972626782865e-09,3.2910914822020516e-09,-5.354873615418319e-07,-5.489653545530897e-07,1.3477992933450606e-08,0.4857915616482732,21.16176555322195,3.1309547973575037e-07,4.0464665276914874e-07,0.025007492378991428,62.511169215400336,0.001869314604039855,153.4145681852401
92,0.06182665245261359,4.5584889736927305,0.01753654701651907,4.46657099102833,0.07438143564788198,123.20553507391426,120.8217047631167,2.383830310797512,0.005383595896269421,0.008747737162278191,0.09588233199336411,-9.989692792635348e-08,-1.0446689603095664e-07,4.56996810460319e-09,-1.2748602423961099e-05,-1.2761341110716696e-05,1.2738686682242054e-08,1.1310245142515323,-9.426860127839621,4.946288469993097e-07,3.484487489637735e-07,0.026664794926567426,60.63003274551852,0.0018728187178489338,269.4758521733479
93,0.06342811902850432,4.872642382557401,0.016459327899909296,4.790340558072588,0.06584249658490403,112.33954432104603,110.18449325531545,2.155051065730561,0.007132621302351753,0.007532627403873949,0.08387938553102164,1.2704912023935926e-07,1.2366043978771016e-07,3.388680451649091e-09,1.4099671386475181e-05,1.4086746405788765e-05,1.2924980550153981e-08,4.816094977391709,31.458090451461473,5.076202334358327e-07,4.2500370012583514e-07,0.02329373259686271,66.14258390570623,0.0018667204038896712,-314.70737255549784
94,0.057783428523150986,4.4618369264486075,0.014380821108411972,4.393710160351874,0.053745944988322435,108.09576569058244,106.41946539698193,1.6763002936005258,0.008088991782622408,0.007255183549661466,0.08272496942953464,-3.9492395516227126e-08,-4.362169803944671e-08,4.129302523219583e-09,-5.612189768199502e-06,-5.6265395107497154e-06,1.434974249988464e-08,1.2964709160174923,59.339389652611246,5.521933104102731e-07,4.560852700655964e-07,0.02378467792997698,57.168076230189,0.0018908603099436361,13.523687893102306
95,0.05948278053590005,4.820600276968468,0.016076266367223542,4.73450363650698,0.07002037409426513,167.78105582910433,165.94509427524918,1.8359615538549285,0.006287314621703269,0.0072774491520757306,0.0836523552722691,1.6005989127187703e-07,1.5608711664033447e-07,3.9727746315425734e-09,1.90010091330942e-05,1.8987285527858345e-05,1.3723605170246399e-08,0.40398430227965976,35.100507337381515,6.231210037805488e-07,3.951873194242774e-07,0.02239825541053166,64.17929759146753,0.0018827297340481117,-64.69848835363246
96,0.05760754633488741,4.421117479679067,0.01477224345438149,4.342451175563794,0.06389406066089197,145.44182880779806,143.46652559774802,1.975303210050156,0.007132712414087481,0.007476863579451551,0.08506472257155007,9.094083265216015e-08,8.630586632125143e-08,4.634966330908729e-09,9.534310065382285e-06,9.521413813787515e-06,1.2896251518953736e-08,0.3734589693562326,19.359099777409057,2.984144555687255e-07,3.51482297294325e-07,0.02357694898640378,59.65089860520834,0.0018586518981284284,-555.4191015070705
97,0.05582416972417094,4.682114120430703,0.01564374013133329,4.599109238022546,0.06736114227682398,128.50190424606757,126.66039204195242,1.8415122041152938,0.005479003498432514,0.006707305215100201,0.0755086088737297,1.365181377598401e-07,1.3179466754338932e-07,4.723470216450777e-09,1.4238033986614473e-05,1.4223915397910348e-05,1.4118588620112773e-08,0.4017178883236777,30.787513881394094,3.7382018114605756e-07,3.620398806769936e-07,0.02150404410682138,59.272467882117525,0.0018813230514691463,352.11785377264823
98,0.06198596892095688,4.993075232658069,0.01779713721857998,4.900280093012764,0.07499800242672458,134.43111366298834,132.13058876900251,2.3005248939860765,0.007380096734321996,0.00872124111329107,0.09837083859645869,3.4702210259396067e-07,3.4441382981425586e-07,2.608272779704879e-09,4.043736938256758e-05,4.042440253958586e-05,1.2966842899687396e-08,1.5272245223404526,51.11951125333801,4.257959407670824e-07,4.046582249984257e-07,0.027638012339658943,66.67528070410104,0.0018483199806574497,85.22886861699726
99,0.061979088456127006,4.751453669558289,0.016755719565973312,4.679438306331684,0.05525964366063268,179.58523057345957,176.8173496289726,2.7678809444871155,0.006781207564603548,0.008705642045032476,0.09687902538257848,1.1217732063865173e-07,1.0579540839836889e-07,6.3819122402828635e-09,1.1772434869080445e-05,1.1758910050805716e-05,1.3524818128944742e-08,0.3550016458537182,70.94323418211869,4.586832874095732e-07,4.1710690060340185e-07,0.02661858893634435,60.98328551001468,0.0018815819281817285,116.68691343678256
100,0.05615875861442745,4.57379959428323,0.01671020102322463,4.494513468065691,0.06257592519431412,141.2630785591395,139.13713544904783,2.1259431100916593,0.0075028645503746605,0.0067454216430454916,0.07452198085956827,-8.711582870581114e-08,-9.191935804104507e-08,4.803529335233926e-09,-1.1762542671817238e-05,-1.17755793533889e-05,1.3036681491219457e-08,0.333573761567733,-0.5486932704254148,3.110081380619383e-07,4.6619445104434987e-07,0.02123282496745466,60.29282633848159,0.0018696825696793184,152.41644128547614
101,0.060989604380884535,4.8627634672077935,0.017279684382811755,4.771210392551812,0.07427339027316915,138.68835604157263,136.8343361821747,1.8540198593976747,0.005544735677401368,0.00778151582889881,0.08799740727067272,2.944403082903647e-07,2.8874658151835746e-07,5.693726772007262e-09,3.3425518776572494e-05,3.3412173598795656e-05,1.3345177654826644e-08,0.5553961172189192,27.76031486580509,4.085639190588905e-07,4.541968409048694e-07,0.0247970770559014,64.9307973080903,0.0018935906183831144,266.45257928473666
102,0.05747063216932608,4.637325025035074,0.01606634410934388,4.562397009514997,0.05886167141073327,110.9463614854916,109.04049198802576,1.9058694974657642,0.007435897995064445,0.006894816296882884,0.0774671926522646,4.257199328890504e-08,3.945140142027862e-08,3.120591868626396e-09,4.719063895983578e-06,4.705681982539588e-06,1.3381913332158874e-08,0.39812040123493486,50.90767938346609,2.9969066944029095e-07,7.331306303458607e-07,0.021776673818530455,60.23531165869149,0.0019101434154627697,104.96509136755185
103,0.05675577820037726,4.556742754770274,0.015999013324488436,4.492894498029203,0.04784924341658143,117.68704920586599,115.46975641170965,2.217292794156415,0.0068637353006964505,0.007371932027624112,0.07958190786810895,-1.7154570439462043e-07,-1.7618138666862587e-07,4.635682274005501e-09,-2.1760392954857576e-05,-2.177371449477179e-05,1.3321539830641978e-08,0.42754488027396964,64.94270092602758,3.310819290216133e-07,3.6109935244256254e-07,0.022012596430158803,59.68893648262562,0.0018843839130872771,-123.76494371458193
104,0.06188768127461206,4.678225046115257,0.01555987018362955,4.59900509469791,0.06366008123371629,120.4652025130807,117.27634827263232,3.1888542404482716,0.007246743732110184,0.008663931481623675,0.09766709752774756,-2.0164198265333866e-07,-2.0633257396483295e-07,4.690591311494278e-09,-2.4562853650320946e-05,-2.4576468891471538e-05,1.3615241041398036e-08,0.8524500532915285,37.8827832037426,4.360865619967227e-07,3.4426086365377634e-07,0.02630548788446867,60.792422917735834,0.0018813994567924723,156.46168360661977
105,0.05950492799474321,4.6420854450464795,0.01635816108281736,4.576149350889182,0.04957793307447984,137.5837720435232,135.6244750711617,1.9592969723614482,0.009316357402796072,0.007095710851141464,0.0816136941233585,-2.618001272428232e-07,-2.6568922543852954e-07,3.889098195706231e-09,-3.19443130279047e-05,-3.1958185901676426e-05,1.3872873678724151e-08,0.3506227177018517,61.336223483171935,3.241564354650726e-07,3.3633684548340705e-07,0.02175096898583488,63.16604489592394,0.0018785037233428645,155.26308737164936
106,0.05753898880352589,4.776006300959855,0.016501445360615836,4.69862789884923,0.06087695675000928,128.14097273420253,126.17973775186513,1.9612349823373927,0.009010414918459296,0.006728188941211127,0.07800333911837888,-7.416453665746729e-08,-7.866157886022143e-08,4.497042202754116e-09,-8.781006475448524e-06,-8.794770962690257e-06,1.3764487147505945e-08,0.8529335912177367,17.482350706794524,3.1997625073902485e-07,3.404584148298164e-07,0.022478800491707352,61.55038175300943,0.0018800171167040166,-194.00846011169415
107,0.058675786566710936,4.651395106355537,0.015592222554076267,4.579151396820108,0.05665148698135267,141.44093501290325,139.63026876085232,1.8106662520508303,0.0065857329739474006,0.007444557154825893,0.08278820292885707,1.824107328212833e-07,1.7892959031377544e-07,3.481142507507848e-09,2.053733884271627e-05,2.052430797665639e-05,1.3030865968661238e-08,0.3702149296636962,14.860640522659207,3.1336611697791574e-07,3.6262052267247676e-07,0.022626393056130664,61.49977227176155,0.001877844272951606,-104.7622448980901
108,0.0609591049689078,4.795912283990064,0.01730538869112048,4.70921397176814,0.06939292353080423,125.73238726881381,123.14826609957767,2.584121169236171,0.006911103615887014,0.008358229822657432,0.09301980256604325,4.466483777220884e-08,4.0891128065499946e-08,3.773709706708905e-09,3.548793277942575e-06,3.535255401342122e-06,1.353787652931884e-08,0.4050846267316474,27.475060180351548,4.635355948615604e-07,4.234364538903048e-07,0.025792322982645926,65.14832818798084,0.00187237093992174,-77.60000222273493
109,0.058335632669462574,4.472517458196057,0.015351554194387529,4.399907398718475,0.057258505283194226,109.21260574682059,107.22911164775971,1.9834940990608414,0.007957115628241864,0.007212093097090168,0.08106000231671653,1.1473287911137367e-08,7.439426537395346e-09,4.033861373742018e-09,1.1956435530763343e-08,-1.817401165564847e-09,1.3773836641994296e-08,1.0902369993753775,-9.810279114451525,4.628353872236009e-07,3.2407173279131845e-07,0.022363954999607256,59.301059837112625,0.0018798987321616207,222.06782621066986
110,0.05931497710511521,4.777312741645954,0.01723459892881943,4.697340083565188,0.06273805915194616,115.1289800953831,113.42215829251364,1.7068218028695472,0.005649854900096523,0.0078612346528869,0.08693356505093515,-2.8090025856070458e-08,-3.2980124488054675e-08,4.8900986319842076e-09,-5.18429004935548e-06,-5.1971140173669305e-06,1.282396791689206e-08,1.3005748256432268,23.64637436612273,3.7023028684714246e-07,3.690299907844853e-07,0.023487156272006995,64.58562475778001,0.0018671599115294766,-7.205961148462848
111,0.05627701585813461,4.583077580187777,0.016759623836892674,4.5039080544318475,0.06240990191903622,125.83794145859657,123.94171226953915,1.896229189057496,0.007163644089504471,0.007629323812419348,0.08298826698277106,-9.159701428676122e-08,-9.545878630692203e-08,3.861772020160807e-09,-1.1270023054291844e-05,-1.128383799187261e-05,1.3814937500586769e-08,0.2572581103704986,63.67983943178151,3.211156339792009e-07,3.803218798042838e-07,0.023614391632677614,57.826192611960465,0.0018831393539970379,75.67116543563861
112,0.05890271984743893,4.618648523433287,0.015719218025160155,4.545701956896663,0.05722734851146399,135.94135794209865,134.0962340114394,1.8451239306594478,0.00628183694940832,0.007061812636652144,0.08219517007275164,1.2451483066803848e-08,9.204958963297348e-09,3.2465241035064866e-09,7.984411793579953e-07,7.850380317795461e-07,1.3403147490165663e-08,0.47253248074392373,20.97793118245462,3.161543854321427e-07,4.342565363131172e-07,0.02235144382728251,61.20587760058239,0.0018929038360170811,665.9868150252005
113,0.05691583983495459,4.472016976949323,0.015011331818068442,4.399626970762265,0.05737867436899037,143.86446975111411,141.69616046998618,2.168309281128011,0.007402513968263501,0.0072445808354311666,0.08366566086274281,1.2656379003282054e-07,1.2282927650529194e-07,3.73451352752854e-09,1.3499824866127189e-05,1.3486922775795436e-05,1.290209025373352e-08,0.8937024073732378,58.91044426381135,3.679033659453622e-07,3.2588340958001643e-07,0.02307847285382855,59.939805917717884,0.0018623371602270334,-313.7080235927133
114,0.05633549335998906,4.567608684658465,0.017484147781738374,4.476508504285673,0.07361603259105415,159.70350108083636,156.96008403642753,2.7434170444086208,0.006242408490451372,0.007245769257247435,0.07676549642577006,-6.359197938028572e-08,-6.743100295697331e-08,3.839023576687573e-09,-8.519585604773225e-06,-8.532197154116907e-06,1.2611549269770877e-08,0.30144489881986036,24.60831901807316,4.339682836050638e-07,3.100178643831536e-07,0.02280551729891282,63.403099043382355,0.0018519588161975526,-342.7035898247427
115,0.0611139904635783,4.742758358131273,0.01623127210025269,4.670223935859148,0.056303150171871846,137.32248233111426,135.62011090924076,1.7023714218733188,0.006354269330001847,0.007958004043485276,0.09052029431917047,-9.556744242569206e-08,-9.926474324599989e-08,3.6973008203078224e-09,-1.1717423629624554e-05,-1.1730363970896312e-05,1.2940341183276797e-08,0.3745855286550392,2.4985707345306096,4.008782564576834e-07,3.830799360211746e-07,0.024513233503046534,63.15513893886403,0.0018706651937052754,407.15534594594556
116,0.06033293322764374,4.413116693007775,0.01527591920075086,4.333429317714483,0.0644114560925417,144.85345065205172,143.01161705547466,1.8418335965768269,0.0059479984024007,0.00893192334298816,0.09880365289901756,-1.3327867590507508e-07,-1.3731378111933062e-07,4.03510521425554e-09,-1.7182736120474695e-05,-1.7196191831542156e-05,1.3455710984725634e-08,0.3355253218215303,29.37080139138623,3.885541802092588e-07,3.2765912824230846e-07,0.026846222518175703,59.995401448381614,0.0018825511327113455,345.70412254614166
117,0.0581661988776122,4.46654401447535,0.016127780273629547,4.386999115142778,0.0634171190589412,133.1015513504658,131.26044750175404,1.8411038487117837,0.009606300798173246,0.006969869278301479,0.07838992048053765,-1.342787743670272e-08,-1.7425964891523044e-08,3.998087454820314e-09,-2.888189694720471e-06,-2.900936431428251e-06,1.2746736610063725e-08,1.1161291148822625,58.762369608112955,3.4399109545546973e-07,3.5521922259353876e-07,0.022198866833868087,59.34771916934241,0.0018734585091001407,-92.76090161332968
118,0.05811782184266726,4.72993402496429,0.017733975297258103,4.6576205193181535,0.054579530348878476,132.70204582201038,129.83165345981746,2.8703923621926095,0.006148603923150695,0.007261022746223008,0.08114889101783299,2.8499423152579703e-07,2.819867237877948e-07,3.0075077380022856e-09,3.258297329822875e-05,3.257008113122018e-05,1.2892166909253295e-08,1.1820503469258565,19.089508111810066,6.444705750377882e-07,3.9639178566284826e-07,0.029823949217609003,64.54100673979835,0.001862659694860147,-381.8073692876501
119,0.06603148599364887,4.913334582255207,0.016679041867625904,4.833300104181788,0.06335543620579139,133.1626259457142,131.47608173964716,1.6865442060671119,0.008530154002423697,0.008663762761660478,0.10387252975861898,-1.7399338440031924e-07,-1.7742558572525737e-07,3.4322013249381672e-09,-2.2091794263635797e-05,-2.210618740951491e-05,1.4393145773757838e-08,0.4687520745946621,33.23884307293634,4.3709514006594587e-07,4.084410545443794e-07,0.02619470649485128,64.97060967716875,0.0018904167272747398,243.94125529092935
120,0.057611158422563064,4.413729820485677,0.015248076773375936,4.335553096305166,0.06292864740713514,142.88354394093662,141.06596900085387,1.8175749400830483,0.006681450339522389,0.00713226473385872,0.07994445013688992,-1.1500304065888413e-07,-1.1775759101365314e-07,2.754550354768997e-09,-1.3444885444619903e-05,-1.3459223586826507e-05,1.4338142067236165e-08,0.41802653570881004,26.03538286049609,3.369904332469835e-07,3.4873222600130946e-07,0.022003526862459575,57.591912372068926,0.001889899480556192,168.06234774630957
121,0.06342576564977101,4.715635988747037,0.016670360253439986,4.64734598949718,0.051619638996417166,143.16333602522647,140.61834513636614,2.5449908888602972,0.010209470399520358,0.008343358345318732,0.10076771882140541,7.944768438363128e-08,7.466915406605799e-08,4.778530317573305e-09,7.858971655766021e-06,7.845464839872535e-06,1.3506815818520025e-08,0.3686766922898816,58.754699615819014,4.817501365385208e-07,4.367663906737523e-07,0.026126481922750522,65.52128718458339,0.001886170559978367,351.80685255270555
122,0.057432820502691134,4.536482506911598,0.015599762335598004,4.458584616236281,0.06229812833971913,164.13202069729144,162.2153767893554,1.9166439079362643,0.006148922555957277,0.0074922197258183885,0.08207710050318369,1.1596208073383487e-07,1.1352924929883277e-07,2.4328314350021292e-09,1.2691181033984813e-05,1.267784435939777e-05,1.333667448288799e-08,0.3263098248022556,42.19975084089241,2.6928664407009224e-07,3.746964081526856e-07,0.022927663910834666,58.42214401985654,0.0018770148717022722,-14.581959246322185
123,0.06315150924526416,4.729671852526114,0.01639780962748667,4.659129767261153,0.054144275637475064,104.64534773836968,101.43965242706376,3.205695311305881,0.0075282071398097995,0.008559371702969118,0.09772116203573554,2.2827807476580435e-07,2.2474032538894988e-07,3.5377493768544565e-09,2.621917279583725e-05,2.6205561388208825e-05,1.3611407539974323e-08,0.5452077465179845,23.675297514192874,5.354443486317725e-07,3.621734699648662e-07,0.02751048850058902,62.41025556591438,0.0018893313854922485,-28.178391756421206
124,0.05980077769861453,4.644179270766175,0.016031415100831534,4.563555526720392,0.06459232894495162,167.6068765177806,165.9640687779207,1.6428077398600684,0.00808491264418294,0.0076608924886844235,0.08862213411237646,-4.52515935224503e-09,-8.181593309330008e-09,3.6564339570849752e-09,-1.3642499484646767e-06,-1.3771510239054865e-06,1.2901075326414004e-08,3.6939400751980327,19.917800498325196,3.6547590467459846e-07,3.8391300422647013e-07,0.025071802097705993,60.75692884364746,0.0018637200380439076,451.7830279449822
125,0.058043873345743825,4.540130488514078,0.014265571694661501,4.461638963987194,0.06422595283222181,116.82148842250284,114.83925062900519,1.982237793497681,0.005363197060244391,0.006744675172786858,0.07486702617042601,-1.1634650388833325e-07,-1.200595237056847e-07,3.7130198173514517e-09,-1.560704853995963e-05,-1.562028910624498e-05,1.3240566161521968e-08,0.5406395739919435,13.958781237424935,2.764584178879709e-07,3.3829348876939443e-07,0.02171394888742796,57.63402782285576,0.0018844001110581029,365.93617589107043
126,0.059650214385831596,4.675462117337878,0.016490103858824264,4.600990176536665,0.05798183694238788,102.10381452856846,99.97457364380628,2.1292408847622486,0.007305136292313916,0.008368323049184617,0.09360748689475573,-2.2766022429556307e-07,-2.3197930099123485e-07,4.319076695671677e-09,-2.7767475352736205e-05,-2.7781079804777777e-05,1.3604451975749517e-08,0.3545348564765946,29.524910933628234,5.150243224105489e-07,4.187086842979674e-07,0.02456860526915382,65.38875876347755,0.0018812789762207844,-136.19572998267859
127,0.05906714241436409,4.625982959423992,0.01470590783007021,4.551464776605744,0.059812274988177636,115.00519747505734,113.35123202268775,1.6539654523695915,0.006486458962734743,0.007505370487606146,0.08346852928382342,1.9227848427556023e-07,1.875387683439608e-07,4.739715931599383e-09,2.1027325990283216e-05,2.1013754201308113e-05,1.3571788887664354e-08,0.6156592976921897,17.369723090448563,3.2478239696370404e-07,3.44011025481809e-07,0.02422124407852642,63.44320382152657,0.0018799481809404503,-499.419714520237
128,0.05898748897052906,4.675252380203159,0.015344266175202067,4.604566522117367,0.05534159191058978,153.59117651148978,151.1681260574185,2.423050454070922,0.006435489907012908,0.007271492406393661,0.08136604721133504,8.736053806949314e-08,8.267243558167229e-08,4.688102487820877e-09,9.212013509349758e-06,9.198881527106833e-06,1.3131982134840568e-08,0.9963254549892849,27.720761651445223,3.528280736779963e-07,4.343832313318834e-07,0.021492734702815496,61.01831083733549,0.0018654945564419384,-434.0489012406497
129,0.06421687594258191,4.84664085274327,0.016407377066593752,4.76163470687097,0.06859876880570585,115.06194913917165,112.15810993676695,2.903839202404703,0.005704642688729982,0.008586016476129133,0.09853311494359987,-2.0992551574489505e-07,-2.14826889066269e-07,4.901373321373945e-09,-2.5722570429013685e-05,-2.5735595422356856e-05,1.3024993250663597e-08,0.36610865786871194,25.146931520165754,3.408294894293221e-07,5.146438255077955e-07,0.026217873001169244,62.37026512780096,0.0018756197334723309,241.86040163508324
130,0.05950055598571375,4.7519837765814446,0.01504343978860772,4.677933058236587,0.05900727855625076,96.95917453204858,95.29875947383964,1.6604150582089339,0.007357181547763169,0.007533469771256003,0.08541477775841201,1.628616347736192e-07,1.588804290662612e-07,3.981205707357954e-09,1.8970680320890493e-05,1.8956579960001847e-05,1.4100360824701591e-08,0.8220650008036328,22.39422879482441,5.669499766964869e-07,4.034159328189148e-07,0.02375039695165377,67.0159434868555,0.001874590471003345,-565.0666969943763
131,0.058224510911106024,4.728101138191973,0.017439119781925555,4.656625032926455,0.05403698548359231,121.46795402035028,119.35705208018416,2.1109019401661233,0.0062820782349155965,0.007563812226887028,0.08130308562575649,-6.552595367340103e-08,-6.916714037819241e-08,3.641186704791393e-09,-8.736777520699262e-06,-8.749920391248156e-06,1.3142870461775047e-08,0.7894974730955758,24.502731579184754,4.471056585428854e-07,3.3839016176671543e-07,0.0226009965767862,62.52506534091556,0.0018751135600059293,-189.34039194768502
132,0.060158554230434376,4.725003387671277,0.016745128340784624,4.6450471183253805,0.06321114100511317,112.19510689655063,109.89061847175654,2.304488424794143,0.007616062918059276,0.007694610460970077,0.08641378937759008,-1.421089927842985e-07,-1.4618591760512386e-07,4.076924820825365e-09,-1.755936721317882e-05,-1.757220294088432e-05,1.283572754632589e-08,0.575079774028827,19.773158086827312,3.9459383102435343e-07,3.8556854473223514e-07,0.023825254438309837,61.74677880104481,0.00186166179852287,436.2850451724544
133,0.05788642172514234,4.6315011435958215,0.016603720009869566,4.554534640764152,0.0603627828217998,139.9368097807231,138.22700482460542,1.7098049561179431,0.005812950902564319,0.0074055870771904345,0.07827353648412352,4.366767581568309e-08,4.048510449291053e-08,3.182571322772568e-09,4.521369336005642e-06,4.508550314857341e-06,1.2819021065892432e-08,0.26882811810890417,-0.2732927774671091,3.7181223304896554e-07,3.9601816796400517e-07,0.022625563286559607,63.06141137797143,0.00184940043923673,373.09572691746916
134,0.06207788582359809,4.686579827887671,0.015811892924494406,4.618914105561645,0.051853829401532214,132.95035548784287,130.9747196261104,1.975635861732425,0.006399662564425765,0.00846685057004564,0.0952690056271279,8.038668871974725e-08,7.659264998385296e-08,3.7940387358942295e-09,8.910528400275547e-06,8.897012008696346e-06,1.3516391484325358e-08,0.7257936607181789,18.036117460667093,3.5365230078905325e-07,4.953817175265306e-07,0.02523851149060672,65.08301649134366,0.0018802057051277151,-192.4467667541735
135,0.05977392360769071,4.578560725301953,0.01613989815879039,4.509590999083646,0.052829828059516984,102.77009865480514,101.0886461070468,1.6814525477585218,0.009775961036239653,0.0076877799428965495,0.08532681916201143,1.1330626816883519e-07,1.0803985146451548e-07,5.266416704319684e-09,1.217159126404194e-05,1.2158581894382459e-05,1.3009369579850578e-08,0.36783811868865024,18.20847897954292,3.178773516010404e-07,3.5252582207851824e-07,0.023697532432637714,61.71268461595121,0.0018609574096677543,-99.32339858178693
136,0.05784629474954863,4.897245514582162,0.01726511816793842,4.808204488530262,0.07177590788396093,125.04649705948901,122.91779891841699,2.1286981410720935,0.007498705452956323,0.007028867768680929,0.07864859543308504,-8.12446635567061e-08,-8.670315696127247e-08,5.458493404566343e-09,-1.1551638208180797e-05,-1.1563690507868834e-05,1.2052299611126308e-08,6.882780001139291,-18.72234810799756,4.2978359438195446e-07,4.4281612140071567e-07,0.02165687085504551,67.44350978872212,0.0018397608347861991,296.5893615568493
137,0.05945583415392284,4.4837687255836185,0.016501382447287823,4.4124788144596225,0.0547885286767092,131.54440065078612,129.06517587168034,2.479224779105812,0.007319295642178295,0.007627189633632741,0.08672943967782187,1.445781182366447e-07,1.417136639729815e-07,2.8644542636631854e-09,1.5884230143524456e-05,1.5870992983818576e-05,1.3237159608578759e-08,0.5401737687305221,24.29550968379181,2.8145731850709183e-07,3.6998199853117317e-07,0.02310987542199055,60.168597442140154,0.0018863516577286837,363.1113516741875
138,0.05699404567339114,4.520525453473186,0.015172039875583097,4.445008414258502,0.060344999339101715,110.79423733232206,108.69355211178636,2.100685220535887,0.006784599999420238,0.0071849568803657215,0.07917753203535463,-2.7848553483513266e-07,-2.81947488899804e-07,3.4619540646714627e-09,-3.442841263907015e-05,-3.444163629629624e-05,1.3223657129150556e-08,1.1115524057249127,18.313017757921937,3.583942997687767e-07,3.28626673936566e-07,0.02292553028930268,61.78577413552347,0.0018548452039286992,64.97739396495899
139,0.05706889757638144,4.4386049738944555,0.014857881381380599,4.371447559850549,0.05229953266252594,143.24984534963616,141.50738368685296,1.7424616627832465,0.005682633867004677,0.0072359295607834955,0.08117721857829092,-1.6561404009195205e-07,-1.711669797682398e-07,5.552939676287809e-09,-2.082150132380599e-05,-2.083470512078916e-05,1.3203796921082921e-08,0.36873932950266913,14.599687263207528,3.480175328570247e-07,3.1084089462767334e-07,0.022277467181922528,59.70829569453687,0.001871635356998574,377.3399622753227
140,0.06116160245389063,4.925881456129389,0.016974757030688237,4.839392974046788,0.06951372505191163,114.71656991715746,112.96709194323576,1.7494779739217503,0.007396986162698781,0.00757109703681892,0.08563292339197003,1.7698128224007937e-07,1.7279991283848055e-07,4.1813694015987886e-09,1.951043993398101e-05,1.949737479075041e-05,1.3065143128381196e-08,0.4707495299519211,36.047674442315355,3.6173494851476437e-07,3.669191039460743e-07,0.023513966859369854,66.71105815921658,0.0018637013627324263,90.75093476803886
141,0.05721224268086149,4.619367840781192,0.015668704723984694,4.5427885350275,0.0609106010297055,139.21104000341307,137.28232165268196,1.9287183507311028,0.007116958000709553,0.007007830133631801,0.07779013433452986,1.448226399873625e-07,1.392645715548572e-07,5.558068432505283e-09,1.5918482332735813e-05,1.5904868989472694e-05,1.3613343178805278e-08,0.8888950876495707,-7.369559290654972,4.058133635740649e-07,3.9457930741939704e-07,0.021508001615058017,59.21047860320223,0.0018895239845089181,372.65458981447773
142,0.058198944666913985,4.627582260994551,0.01573325390818263,4.556885458077498,0.05496354900886935,129.83641251046893,127.94235460634835,1.8940579041206287,0.0054395140402983926,0.007084863555712519,0.08060106362219664,1.700125976205376e-07,1.6587909489004578e-07,4.1335027304918745e-09,1.9220818503165987e-05,1.920821463726354e-05,1.26038657856603e-08,0.5126539332937669,2.7916784077880656,3.0783400752284586e-07,4.1319849695774107e-07,0.021432078507788513,61.57959653764364,0.0018605786332795333,511.405662926838
143,0.05701663144918549,4.391947532226227,0.01611582169592998,4.3199244759878175,0.05590723454247902,138.46588628845817,135.5462262473838,2.9196600410742652,0.005661617675389967,0.007479456772967317,0.08720786301296102,5.243041099148712e-08,4.921028062915686e-08,3.220130362330257e-09,5.8416346621075044e-06,5.828332589927598e-06,1.3302072105839222e-08,0.5268567880984412,23.45776762511291,5.562729969419134e-07,3.9295387100825767e-07,0.022185493600639112,58.30190048332665,0.0018791553075817005,-70.52698353185588
144,0.058147600756062415,4.433452223387293,0.015108119913096725,4.354875180401872,0.06346892307232437,122.40229645620074,120.7939515909419,1.6083448652585821,0.005922035535964197,0.006736296789676008,0.07473353390479806,-1.4294664039570707e-07,-1.4689983853069305e-07,3.953198134985941e-09,-1.7770669463437646e-05,-1.778352683803682e-05,1.2857374540623843e-08,2.0522816028746242,18.101190120198194,3.290628487880998e-07,3.1821162895198945e-07,0.02169515120747645,59.915910350224735,0.0018695021784994425,-397.23368045474626
145,0.057421852590838665,4.453804743285277,0.014857548400111657,4.377836549375326,0.06111064550983975,118.95753595129253,116.60405783888126,2.353478112411405,0.009307743638859901,0.0076605594266839685,0.08781556146345529,3.408983049744487e-07,3.372616973937836e-07,3.6366075806651093e-09,3.913417220482732e-05,3.912045279460327e-05,1.3719410158401253e-08,0.3564381727700615,16.109320882653908,3.226524026032611e-07,3.3037478979212575e-07,0.023057604613120834,58.89755529763172,0.0018948537902703571,-170.4481241308854
146,0.05781361809248513,4.622860867978111,0.016454078639735012,4.546039880540903,0.06036690879747278,124.60501590079444,122.508291994221,2.0967239065735184,0.0076809745367806504,0.007541167421165387,0.08287963149408793,-6.951704358475606e-08,-7.294338419898066e-08,3.4263406142245954e-09,-8.64716324217557e-06,-8.660249035865997e-06,1.3085793616975994e-08,0.47419639920428636,26.936842885387957,3.525859695446601e-07,3.960865508808048e-07,0.023760006405599384,62.84269895763162,0.0018604892540893675,76.27155328895287
147,0.056965105610793924,4.647941931419269,0.016595462179709367,4.577387541256378,0.05395892798318183,130.48470714038254,128.65097058656758,1.8337365538147963,0.007908195485443751,0.006870300701001391,0.07589579124103615,3.3054765119835e-07,3.2632613280713567e-07,4.221518391214287e-09,3.8970677405992934e-05,3.895701762989714e-05,1.3659776016723977e-08,0.5683395657764498,16.83319374968281,4.2271899003835514e-07,4.1863617288079714e-07,0.021967444673110265,58.972100715209564,0.0018774619869498647,145.11300906790348
148,0.05890648005133327,4.917398129407501,0.016845187691497527,4.83440385293494,0.06614908878106342,122.67306112893353,120.94672006549514,1.726341063438497,0.006303025417068351,0.007285407107931824,0.07840106763722098,1.7039084334475627e-07,1.6529976532629708e-07,5.091078018459198e-09,1.856755822467314e-05,1.855437877724622e-05,1.3179447324087882e-08,0.26442910563666616,-88.83225028811098,4.062074038080203e-07,3.4731509821818036e-07,0.02234065163330768,64.96000348461294,0.0018817941825882162,-43.672936167094576
149,0.060313113622448546,4.662676365232032,0.016323472424016085,4.596093639664213,0.05025925314380317,106.9042536501952,104.55577218725934,2.3484814629360224,0.006332376192302583,0.007662135865467136,0.08683662444191881,-2.1780087166311933e-08,-2.6575846284715103e-08,4.795759118403162e-09,-4.058200044509483e-06,-4.07146603845993e-06,1.3265993878009406e-08,0.33711456263425194,-10.804591408139226,6.22574057701753e-07,4.0419497276011345e-07,0.023710233445235318,62.477317981737194,0.0018755696636964239,-135.28456100708536
150,0.05904344142149906,4.722908882102,0.01710128583942203,4.635523102722442,0.07028449354013545,109.3102617161223,107.62299264367984,1.6872690724424286,0.0061437608347325815,0.007622731754125028,0.08391948475236516,1.2461058593742198e-07,1.207232204873402e-07,3.8873654500817786e-09,1.4185085812546529e-05,1.4172662576575952e-05,1.2423235897236104e-08,0.327185421720744,39.68980205061124,4.005587155452626e-07,3.565944928377721e-07,0.024485744639147655,63.57532209926619,0.0018483388039862673,-758.8122634817951
151,0.06271198555524574,4.862231806148323,0.016996548197220917,4.7897744532481825,0.05546080470291893,124.10203610343865,121.92688766611447,2.1751484373242405,0.007816506941733692,0.007303667777089969,0.08506936628220474,9.221929840233506e-08,8.79952279864208e-08,4.224070415914246e-09,9.510593286473625e-06,9.49698736646921e-06,1.3605919939634376e-08,0.37278897880018613,16.90850633054951,4.3211520700327644e-07,4.2063410867505683e-07,0.023856843225821482,66.07123443597135,0.001895006919850955,170.21313777145542
152,0.057383106681216885,4.588060285937948,0.01567215814844196,4.51110975113572,0.06127837665378664,130.94979233104104,129.18228621117754,1.7675061198632862,0.00774801110694778,0.006939475987579133,0.07977366194938301,-8.237324343694046e-08,-8.540185312410357e-08,3.0286096871631217e-09,-1.0229382113674293e-05,-1.0242917256470477e-05,1.3535142706894915e-08,1.0949904675825564,16.89311231455641,2.9286319747697213e-07,4.355015739431698e-07,0.021244876416579125,58.918066298529695,0.0018782379209664744,465.18601720343304
153,0.06282619073922834,4.93004795783512,0.01667553351983,4.837719913312234,0.07565251100305566,109.32972808308483,107.33389191188586,1.9958361711989818,0.00775235244901202,0.008823224704067212,0.09520854304204925,1.9764804205155333e-07,1.9328919215659703e-07,4.358849894956237e-09,2.2767362849802587e-05,2.275346829064842e-05,1.3894559044777788e-08,0.4971126985874959,43.534634882848486,4.205420663660237e-07,4.069501025516378e-07,0.027165375606730595,67.47782230234827,0.0019002476971794306,-425.80347528846096
154,0.0588696794572678,4.615101163598318,0.01679074393755908,4.545110108045819,0.05320031161494025,116.28921383435879,113.92716778154839,2.3620460528104443,0.006076944617068588,0.007962522069986436,0.08805176963880118,6.48995533482424e-08,6.131710236991205e-08,3.5824509783303417e-09,6.694260217349426e-06,6.681383730926379e-06,1.2876486344434832e-08,0.3960714827654416,21.967148481408568,3.9135533288637417e-07,3.28255091928866e-07,0.023938946173394135,61.595606348602615,0.0018661706514467415,-109.16433956178707
155,0.057873162936034464,4.632264262913436,0.014789717468315325,4.556761237044378,0.06071330840074409,134.65875906877494,132.69829377373395,1.960465295041032,0.007650860400860313,0.006991762795585576,0.07990896626719507,-1.70418067487288e-07,-1.7461915442459307e-07,4.201086937305085e-09,-2.0394475563093694e-05,-2.0407111306487603e-05,1.2635743323326343e-08,1.856925088954859,20.31635073891835,5.280409627207656e-07,3.533265690205292e-07,0.02269666401774271,58.7481850184186,0.001858512325154932,482.95650066502776
156,0.06178358881183065,4.735497930266922,0.01681207708167586,4.653322199657094,0.06536365352815157,162.75360207516616,160.8672909178607,1.8863111573056455,0.007388109862685183,0.007604594760541631,0.08555317176946631,1.8960483526387032e-07,1.861415165249668e-07,3.4633187389035305e-09,2.1883195101399148e-05,2.1870513685259262e-05,1.268141607469869e-08,0.3619453220455363,32.27093182138136,4.5737098663025244e-07,3.754854495197745e-07,0.023860255015535597,62.85476402587963,0.0018582976106168048,56.10050958287229
157,0.05874765468801134,4.63414481114928,0.016064794166798874,4.555916772368846,0.06216324461363614,126.4313949840041,124.48532757968236,1.9460674043217385,0.006082418708822132,0.007642065224696718,0.0846506742635755,3.1542906627732765e-08,2.5116598103776114e-08,6.426308523956643e-09,2.547129882020016e-06,2.533937032698906e-06,1.3192849252039318e-08,0.38731193956519994,15.074560823196675,5.098858978246316e-07,3.7614475034562116e-07,0.023678573866976065,63.71505003373341,0.0018842686886647126,229.4077851373586
158,0.06208478200001369,4.706619968135977,0.016804842269452926,4.638242149269599,0.05157297659692474,176.15297968035003,174.22351170286407,1.9294679774862358,0.007951603750360184,0.007426031015124652,0.08430533475415741,-1.53220926136063e-07,-1.5617805048374325e-07,2.957124347680284e-09,-1.988960097793931e-05,-1.9903432254326776e-05,1.3831276289293625e-08,0.5813876121325849,28.038279453433795,4.50443882871567e-07,4.307444810763136e-07,0.023573813168718535,62.015942640805896,0.0018697948070400849,-25.39966398063416
159,0.05977942023044238,4.554437123809282,0.01477019622318094,4.485246524837806,0.054420402748294655,122.66486543876259,120.78300063486567,1.8818648038968198,0.00684592919895432,0.00754891427466854,0.08385807684229792,2.54672499202121e-07,2.4875731320770757e-07,5.9151859944133074e-09,2.8756661494585847e-05,2.8743101906208047e-05,1.355958826647801e-08,0.8879928244179564,6.277534781510537,3.681234710923857e-07,3.255716985534633e-07,0.02503620405077826,62.12422733207295,0.0018838641617029632,-215.0284056143705
160,0.0567696047486389,4.644983914435496,0.016339172671637446,4.5657807670385875,0.06286397472527025,118.51971793522306,116.21616627867573,2.303551656547268,0.005685802389081019,0.0072363722953862055,0.07937611455479349,3.471196404646672e-07,3.4350488393634786e-07,3.6147565283192576e-09,4.080685207828703e-05,4.0794217303236924e-05,1.2634774975261804e-08,0.6268896547110947,24.02290069619575,3.295725204066971e-07,3.776251171199829e-07,0.022388244947842854,61.94032243376589,0.0018477721638393162,31.928221511584525
161,0.05979840494755453,4.869707582526663,0.01706405112742391,4.79305513146649,0.05958839993274966,136.40020929214617,134.41856583833984,1.9816434538059653,0.0069784145575305,0.007839817106454353,0.08741327858923782,1.464822233171979e-07,1.4366843032397807e-07,2.813792993219831e-09,1.6922497721083523e-05,1.690991269046448e-05,1.2585030511843598e-08,0.9708635170856236,32.84580853954251,4.902524917244185e-07,3.5289422678848165e-07,0.025549263591233766,64.51763140553638,0.0018542781789518848,-189.72893427712324
162,0.0588495812038904,4.527948214543014,0.015751742156473184,4.4627053211279915,0.04949115125854887,120.83056550007252,118.00663161504585,2.8239338850265927,0.005856387109747552,0.006669365089720023,0.07642741119392857,-2.175391038475553e-07,-2.2158300074168725e-07,4.043896894131959e-09,-2.6496613446894842e-05,-2.6510858022917817e-05,1.4244575953107973e-08,0.5554154738845133,18.21885959037724,4.961934608499418e-07,3.338813762510005e-07,0.02080278817310766,59.72113574105187,0.0018859503803325467,164.99727828854975
163,0.0568014359651986,4.4952172436656,0.015494954043381056,4.422063342429665,0.0576589471925538,150.3210326053244,148.26127355474014,2.0597590505843786,0.006342688588818296,0.006960332396810875,0.07667141208412327,-1.8061529316014961e-07,-1.8376084615164825e-07,3.145552991498573e-09,-2.312015824964647e-05,-2.3134029584263762e-05,1.387133454986579e-08,0.2540617470808089,29.618980711749597,3.836606244447024e-07,3.428512449901373e-07,0.021618058772721285,59.516922131490944,0.0018930297579253456,-96.77566952147481
164,0.05409831453276321,4.274768458510346,0.01590802138453398,4.201061555442903,0.05779888168290838,147.95483969450268,146.31871730119562,1.6361223933069737,0.006064043794365292,0.006308448971192669,0.07357408272068289,-1.432801843095924e-07,-1.4611005867283567e-07,2.8298743632432315e-09,-1.6899791735873848e-05,-1.691219622709737e-05,1.2404491148062061e-08,2.0033676039190302,20.79791811108612,3.8632203855857626e-07,3.423201262395398e-07,0.0204529222863269,56.61411262939366,0.0018602268926704046,279.9394861381129
165,0.06426272803981567,4.842408381805674,0.016663212907511903,4.7648237213133084,0.06092144758485363,147.8081972137246,145.19711369711214,2.611083516612496,0.00733909907204909,0.008484604397908883,0.09468383740324815,-9.52543316568282e-08,-9.845991497348928e-08,3.2055833166610932e-09,-1.3816820196338222e-05,-1.383021521233333e-05,1.3395015902161833e-08,0.42994032394561865,31.632725235789575,4.545792446227271e-07,3.9220328726634384e-07,0.025234347551050154,62.726847511967485,0.0018782913215536297,283.0611808943486
166,0.06083151486906076,4.835074240390528,0.015814381774980794,4.756571052072405,0.06268880654314127,131.1519889165008,129.11879385960012,2.033195056900752,0.006367498075598493,0.007681276940423768,0.08266638540458161,3.133106638155126e-08,2.76124627744467e-08,3.718603607104549e-09,2.090856540272956e-06,2.0773901017238563e-06,1.346643845974346e-08,0.4480190954801898,13.308555909665095,6.916092570120063e-07,3.552875897143387e-07,0.023318423628794684,62.912138838849074,0.0018785147004517595,34.7184973842177
167,0.05735256474218029,4.4729399155744405,0.015272314186037014,4.40070791572835,0.05695968566005259,136.30856429757355,134.49008804645132,1.8184762511221684,0.006052556637727123,0.007066393992599385,0.08114474968498013,1.0246559799955868e-07,9.94716869624354e-08,2.993911037123267e-09,1.0976792111650038e-05,1.0962901534091144e-05,1.3890577448398587e-08,0.3447351995401068,23.11985699439931,3.227316301667246e-07,3.386144886800466e-07,0.02243513520373941,62.41017794886712,0.0018900217810049122,-68.64010709443619
168,0.05673248589536343,4.643740208185788,0.0160887118333705,4.57507249913332,0.052578997219097735,115.3009952789185,113.37431699373943,1.9266782851790727,0.007000140882257022,0.006982255480748411,0.0773954795748685,-1.9372409464429867e-07,-1.9669254074166094e-07,2.9684460973623055e-09,-2.501552072163227e-05,-2.5029064354609004e-05,1.3543632832131584e-08,0.4524631342106329,48.68947948003678,4.40490316625736e-07,4.1178001683856516e-07,0.021552064208071375,60.80476828860169,0.0018751945450132693,124.10613047792458
169,0.05846652308620342,4.584737450985823,0.015134335714166171,4.507711966243518,0.061891149028140045,119.86805971914546,117.92237327842804,1.9456864407175596,0.0058627726672215415,0.007057405630553368,0.07800086870045048,-1.4119867213679912e-08,-1.8515088511322747e-08,4.395221297642819e-09,-4.109421040862652e-06,-4.122261670345484e-06,1.2840629371960819e-08,0.7496630967193778,18.461130936862638,3.317198437825592e-07,3.649097692683576e-07,0.024845161108377135,60.05690604461337,0.0018647384553058962,562.874315230822
170,0.06096879150103511,4.549540056575535,0.015986597397256552,4.467071894036074,0.06648156514220425,117.85785048944871,115.5193815682212,2.338468921227615,0.008744392923697051,0.00737878803199803,0.0861543374376786,-8.607128712324863e-08,-9.055256064886306e-08,4.481273525614386e-09,-1.1810769563844845e-05,-1.182367352032737e-05,1.2903956413418527e-08,0.41429018117372407,19.477591919190964,3.432647970645337e-07,4.470494454160582e-07,0.022866882620131725,58.35550843503559,0.0018871383870020966,115.52509626903338
171,0.06611923435728378,4.982766806561116,0.017261958623235377,4.9058263375557045,0.05967851038217713,132.2099290572238,128.97809896589575,3.231830091328013,0.0051178091889282455,0.0072501870625918865,0.0835337831721238,3.675442289787351e-07,3.636137820959407e-07,3.930446882794257e-09,4.252954940559406e-05,4.2516102710652555e-05,1.3446694840915018e-08,0.2595027989189885,31.33090053016998,3.7695651377439475e-07,4.451134980299403e-07,0.023480916588131173,70.63745757970933,0.0018849339371354511,330.5250137963535
172,0.05560870389097267,4.30633117810964,0.015443363655755951,4.24458622961795,0.04630158483593405,149.81879486252382,147.86388715147535,1.9549077110485182,0.005613887339127771,0.007001508458825559,0.0800365445587796,-1.1364664929788612e-07,-1.1644354393962452e-07,2.7968946417384402e-09,-1.3854311191772539e-05,-1.3867633614475621e-05,1.3322422583415886e-08,0.3175978061715987,56.01501824334496,3.352269843205089e-07,3.427723386519493e-07,0.02207026099685209,56.60587085350107,0.0018595777065347709,477.70447340778856
173,0.06286456302432632,4.886925810625492,0.016726464211645583,4.813599074204624,0.05660027220922327,137.65551733427148,135.31291850861794,2.3425988256537327,0.00782264705632154,0.007503311431114018,0.08225754699583604,5.483706930015056e-08,5.1406211471272524e-08,3.4308578288780357e-09,3.519743978196811e-06,3.507941913655095e-06,1.1802064462550545e-08,0.42268060588466017,9.27936273286237,3.7455710703244954e-07,4.4847550935522727e-07,0.022932448468247043,66.47933786005245,0.0018352378311608099,90.90303005092119
174,0.059505878572330424,4.768703421896292,0.01654155482373548,4.683634642428944,0.0685272246436128,99.92115157352082,97.89569915606958,2.0254524174511164,0.00606457502895957,0.006758350726096731,0.07468199745404541,6.192190127241665e-08,5.864868319529097e-08,3.2732180771257357e-09,6.860378566146911e-06,6.847057635478487e-06,1.332093058771525e-08,0.44331027212791074,30.93032661625796,3.5582175754014146e-07,3.450726029128185e-07,0.02229313318226461,61.33190340662924,0.001879065081299448,-229.21886445393147
175,0.06204983113817252,4.777202251368026,0.015911514709701848,4.706611621284367,0.054679115373956914,167.2741027268331,165.73337879315503,1.5407239336780014,0.007783848970087748,0.009239583286569503,0.0994376423511697,-8.798250086568668e-08,-9.123577140179785e-08,3.2532705361111417e-09,-1.133145243285671e-05,-1.1344573601263504e-05,1.3121168285382496e-08,1.3323739978903635,34.08829973324346,3.988939462957509e-07,3.579666196300283e-07,0.02870723385474684,63.838652935497684,0.0018747218527300896,-273.50827383533397
176,0.060896782218757474,4.71285296987469,0.015619583532273176,4.631812622061698,0.06542076428071827,146.40175908926287,144.0470041610086,2.354754928254552,0.007712073402193103,0.008105529315325183,0.09138675114882043,3.547993213357563e-07,3.5085627747790345e-07,3.943043857852803e-09,4.069858176673625e-05,4.068529249666281e-05,1.328926998872363e-08,0.3969394642524146,35.71292805888272,2.9157007997982715e-07,3.519062640571163e-07,0.025076262953250023,61.25817168387666,0.0018707600250475957,111.17147791404341
177,0.05798002623427767,4.582238318343782,0.015203370154887423,4.507507870025659,0.05952707816323543,124.568810587536,122.67487963209035,1.8939309554456494,0.0063333983495543695,0.007373822986865476,0.07858179370799166,-7.516213227462716e-08,-7.871541521387915e-08,3.553282939251969e-09,-8.428303009166536e-06,-8.44184475763471e-06,1.3541748391698065e-08,0.6183008283577209,41.603914661385,4.0999614577684476e-07,3.35665623097178e-07,0.022970024748941272,60.58749276403099,0.0018736965152489542,110.53110504722554
178,0.06025997138882808,4.765240153338467,0.015606421235537666,4.686279356286947,0.06335437581598134,129.0901136280818,126.94281523217867,2.1472983959028604,0.007610404136071785,0.00847473878196191,0.09357623824940775,1.9368016478358892e-07,1.9039487020940606e-07,3.2852945741828884e-09,2.284903072243608e-05,2.283566469840632e-05,1.3366023942001386e-08,0.3871836450308641,7.133487253701718,4.4044819580638396e-07,3.7286274533084543e-07,0.025536825480442615,65.52328133975125,0.0018626592120788235,-43.47639597338548
179,0.05849195901041671,4.622413632697517,0.01622837447905185,4.545673930786401,0.0605113274320659,109.48138066363848,107.18721549890483,2.29416516473348,0.0054573471268311476,0.007831152923845671,0.08854281477360326,6.508410029685987e-08,6.135231856091056e-08,3.731781735949266e-09,7.763695137257841e-06,7.75065999526686e-06,1.3035141912393428e-08,0.37367137020987573,-2.1900237303690586,3.123098998605689e-07,4.289324063075105e-07,0.023535123096334248,58.904825477138665,0.0018608977875098336,-93.78924649230157
180,0.060765668641484465,4.976334223978277,0.017173245688448007,4.891709271775247,0.06745170651458246,119.85592579908634,117.65334804723376,2.202577751852612,0.006123715302018672,0.008294477445167195,0.08781655562333458,-1.364017598992699e-07,-1.43050286787534e-07,6.648526888264137e-09,-1.805206798038594e-05,-1.8065371689603792e-05,1.3303709140673507e-08,0.4851685216287202,13.584292030994286,4.499619677699043e-07,4.606368244162516e-07,0.02505070571762252,64.8800058637045,0.001890674783916851,-52.39382310686415
181,0.06089017956399305,4.860268874477615,0.0168007354516834,4.787917184600659,0.05555095442527227,113.12446057995534,111.18740385101013,1.9370567289452405,0.010103801700882226,0.006729291151639014,0.07605257129127038,2.444566015950456e-07,2.395315475513027e-07,4.9250540437429e-09,2.8087669754224642e-05,2.807435367019221e-05,1.3316083919613917e-08,0.710290583783708,25.87800784857917,3.141877484202225e-07,3.803203146569988e-07,0.021422717100949847,61.94077214236128,0.0018608984060573593,619.1725238974846
182,0.06142833370493093,4.7505656303867845,0.014647712758669723,4.688163707591072,0.04775421003704369,144.12589046190297,142.0155403115498,2.1103501503532973,0.006161992275239041,0.007723671692632851,0.08690436902027139,-1.6746083230298145e-07,-1.7114204803137648e-07,3.681215728395106e-09,-2.2482714588135168e-05,-2.2495809579215922e-05,1.3094990993550755e-08,0.3300447780315615,29.1180599331726,4.881402779017206e-07,4.334584659170198e-07,0.02389452178891751,62.772976024502015,0.001872904451596446,265.81235360247
183,0.060504680598206524,4.666356758412678,0.01633473309061372,4.590957842912033,0.05906418241003103,129.25411654439486,127.29725166889659,1.9568648754985376,0.016025557900823155,0.007596732896597202,0.08354633982445288,5.6169552822084216e-08,5.313011795865709e-08,3.039434863427126e-09,4.2888163345985885e-06,4.275483439457852e-06,1.3332895063579488e-08,0.7708688435287915,26.099917265755362,3.5625180976385116e-07,4.080949932242585e-07,0.02318339868917973,61.048578305855514,0.0018778265087642473,-109.5331101920915
184,0.05796737358217206,4.663528792826762,0.015153912656465028,4.59369986901479,0.05467501115550727,175.44116875274474,173.32416903788854,2.11699971485615,0.006273234420343945,0.007173379786508009,0.07933331225555838,1.4513904947582394e-07,1.426760756913732e-07,2.462973784450696e-09,1.5987090948745064e-05,1.5973911880249452e-05,1.3179068433765963e-08,0.2820529447391526,4.590513324645083,3.171183951342144e-07,3.910644681901012e-07,0.02287736704300107,61.54225957307917,0.0018775058037441574,-365.6789045416499
185,0.059238464168703195,4.750749083078539,0.01777981812602051,4.667676628643475,0.06529263630904403,141.31197172718777,138.96663154578002,2.3453401814074875,0.010879329662826315,0.0070850061722042635,0.08382978505012187,-1.0047069267168417e-09,-6.939756804170685e-09,5.935049877453853e-09,-7.618524538212704e-07,-7.761344456448764e-07,1.4281991754450308e-08,1.7286578979970149,11.509311763342527,3.456612097856108e-07,4.0165764011802777e-07,0.021942646030609282,64.07013941682538,0.0018855095966860505,319.35282218176644
186,0.05920619677431866,4.690154162878987,0.0158236195057828,4.6069425858666575,0.0673879575065467,111.26946582052182,109.56705032955247,1.7024154909693818,0.006249808918279499,0.007236283811281861,0.07956759973479204,-9.835603868387319e-08,-1.035622989960857e-07,5.206260312212548e-09,-1.2181980329659519e-05,-1.2195497497909945e-05,1.3517168167861865e-08,0.31471580560785983,17.957914705445265,3.5268878089154346e-07,3.6800638234667314e-07,0.023277693544486326,63.26298660483603,0.001868790215765383,-20.842806954292428
187,0.0582348574111543,4.6538009994903815,0.015321069332423023,4.579107151615473,0.05937277854248562,128.92373179737174,126.94365169861716,1.9800800987546532,0.005796340728313341,0.007167868011450861,0.08122007063496268,-5.941829788541278e-08,-6.249160584961862e-08,3.073307964205855e-09,-8.594959295282614e-06,-8.608674351338164e-06,1.37150559649596e-08,0.2806168582842505,29.176245962344186,4.5170597285067907e-07,4.5642931239160674e-07,0.02278122045020465,62.3993755559795,0.0018771446958736574,-42.50986397968427
188,0.05840246895492519,4.644652990180818,0.01613224099211102,4.5729656453510845,0.05555510383762276,114.77465154698092,112.91705783248916,1.857593714491756,0.008836924040634938,0.007597395367915357,0.0836245993414523,-1.015569073283707e-07,-1.053267595989775e-07,3.7698522706067855e-09,-1.2446209029349211e-05,-1.2459753548313562e-05,1.3544518858358941e-08,0.2530228954206869,-3.802073380874393,3.5116155905782654e-07,4.229539501800986e-07,0.023963454786572507,59.01556693845326,0.0018692092002966676,205.23547788222186
189,0.05863542397327562,4.532753255794443,0.01630518949792797,4.451264950450283,0.0651831158462323,137.84926344693804,135.15354212969277,2.6957213172454564,0.007726372361881939,0.007864391302473656,0.08937376737239049,5.4731215603148936e-08,5.110473677158088e-08,3.626478831568048e-09,4.765986515080833e-06,4.75229070239892e-06,1.3695812591746731e-08,0.5540332436580926,34.70404951948608,2.662708855741237e-07,3.2483294482730133e-07,0.02351527781329374,61.44788074440674,0.0018661053627999525,134.18791474257705
190,0.056756508022266075,4.511185702865408,0.015036775737744847,4.4533894957878175,0.04275943133984645,159.9077997574059,157.04715446182655,2.8606452955796557,0.005429289674579113,0.007374580777565923,0.08071952468817216,-5.554521368452606e-08,-5.9262209398168015e-08,3.7169957136419497e-09,-7.91465054121021e-06,-7.927142432521134e-06,1.2491891212803463e-08,0.9667645803158893,46.0653224080344,3.515036832961747e-07,3.5062889742876896e-07,0.02294686240165847,61.73952569556692,0.0018519246776944496,-211.38228704506173
191,0.06065830124282838,4.477242810706262,0.015112076196446599,4.4075675329389075,0.054563201570908,123.34633743689092,121.32911059138007,2.017226845510898,0.008653409442827656,0.007791859400863476,0.09395235575633244,-4.862891959582901e-08,-5.0990659178232795e-08,2.3617395824037723e-09,-6.254380374135227e-06,-6.2670653988623276e-06,1.2685024644821197e-08,0.6936402326669211,38.15417841900473,4.07516952931262e-07,4.89245555634528e-07,0.024217856039045353,59.85002765846832,0.001875095952097397,424.4920670583888
192,0.05892011864415211,4.88793687585245,0.016775791805893742,4.803928323278662,0.0672327607678947,144.77713667392553,142.6906213961761,2.086515277749565,0.008578060400050451,0.006972963035472384,0.07664322916121658,-1.284439841713513e-07,-1.3513173267891795e-07,6.687748507566598e-09,-1.840276787362502e-05,-1.841672779464476e-05,1.3959920900129168e-08,0.31260788313912047,14.31531264141285,3.066371661797353e-07,3.881794516976638e-07,0.0221218472546697,62.81550943718903,0.0018874201779461024,92.07133782582196
193,0.058194265247127036,4.536200026257603,0.01574191037337466,4.445947597614175,0.07451051827005338,168.05828979753295,165.38004307980464,2.6782467177286855,0.009378197937913661,0.0071651526705341605,0.08194706199633855,-1.3886046689499202e-07,-1.4271784765237117e-07,3.857380757379194e-09,-1.908381065049002e-05,-1.909768895426581e-05,1.3878303705636775e-08,0.3487125315524498,17.391265213129515,3.29291053476208e-07,4.5312149861610144e-07,0.02152903060175794,58.06904544672332,0.0018859618274589187,-174.88003847152686
194,0.062109601228800715,4.598495942910062,0.017208059458388564,4.517031073097399,0.06425681035427432,127.62597947183686,125.99568001871093,1.6302994531258626,0.008482844175602201,0.008438783876025561,0.09430514022062247,6.946424052407355e-08,6.570530301266734e-08,3.7589375114062225e-09,6.5560017297073685e-06,6.541835702078954e-06,1.416602754505515e-08,0.4873705060365822,11.283024678995417,3.5868202256790193e-07,3.719844128063107e-07,0.025489388563148134,60.99193703382845,0.0018919812597636095,-205.92389643476645
195,0.0604997238336817,4.627033508649384,0.015522894238408597,4.55275230388797,0.05875831052300531,120.05234785227728,117.82651733119327,2.2258305210841107,0.006067038108798123,0.008034964037299114,0.09097568340031141,1.3702424939226053e-07,1.341154174918107e-07,2.90883190044986e-09,1.497785623545505e-05,1.4964996147009775e-05,1.2860088323460371e-08,2.0712575291062496,11.375938482679096,4.0559069019653704e-07,3.4370715586741e-07,0.02469903728784954,60.711005537144416,0.0018751585508623497,-432.0348700303625
196,0.058296545501513836,4.535560907292673,0.014935819768330376,4.467715310305483,0.05290977721886053,147.8522982453316,145.89164089110253,1.9606573542290513,0.006022659377882095,0.007428219292078961,0.0842588067445516,6.765716004054839e-08,6.414351767593795e-08,3.5136423646104488e-09,4.735424648715876e-06,4.7217397425504626e-06,1.3684906087478437e-08,1.6344481475746349,30.496202986698457,3.3278991471263075e-07,4.04663766375161e-07,0.022751330426310508,59.55942153341753,0.0019023362596820455,457.8955324087424
197,0.05969118527934251,4.463812070833179,0.01680665244299002,4.388858816711565,0.05814660167862427,114.37051299924067,112.52417178123854,1.8463412180021157,0.009054621000083984,0.007253476167441625,0.0833230438216275,-1.0064608065091549e-08,-1.2632538819630832e-08,2.56793075453928e-09,-2.1119582906768542e-06,-2.125036847655895e-06,1.3078556887154833e-08,0.5131926120235794,14.881406367430097,5.094977880771731e-07,4.164466348802713e-07,0.022776315102275433,60.239487524333114,0.0018757721586210342,183.34913028691108
198,0.05529317179166693,4.328327075245845,0.014128392262364849,4.256694368976553,0.057504314006927834,122.9577122546192,121.02773778237659,1.9299744722426047,0.005506627276714409,0.006712371569653373,0.07279926330831157,1.1991956651960558e-07,1.1647835645793556e-07,3.441210061670013e-09,1.3015643790330756e-05,1.3003023104702148e-05,1.2620685526752106e-08,0.46248780942331325,37.12087678419262,3.918581911953563e-07,3.597939625418159e-07,0.022351477383503078,59.804706047885816,0.00185555444526895,-331.0351132294668
199,0.06064842193633342,4.819279132724457,0.01775198080181781,4.738164016289243,0.06336313563339624,118.99033858278273,117.02575981972699,1.9645787630556262,0.006824110323283001,0.008130966400763117,0.09115195271219415,-2.0884651066883613e-07,-2.119554152616278e-07,3.108904592791634e-09,-2.5436212971438226e-05,-2.5448705522034215e-05,1.2492550508052968e-08,0.7954579856847004,41.25781607316167,2.979876892355854e-07,3.509510797764024e-07,0.02597764705947831,64.11573858382604,0.0018460164043407005,-385.97523650798485
200,0.056433747839974784,4.602958276473471,0.015680004280803406,4.533596705815211,0.053681566377457336,117.63049654083201,116.00294225851918,1.6275542823129177,0.006487288103321599,0.006853820562203286,0.07411144557703604,-2.91335566709014e-07,-2.9723792574914444e-07,5.9023590401304995e-09,-3.524234482911507e-05,-3.525564404911695e-05,1.329921990432571e-08,0.3099937204389821,0.3155762964091039,4.1150835621663633e-07,4.1323167375798796e-07,0.02083629930016273,61.05678965535119,0.0018580449401139104,-68.82983302436742
201,0.06179084317841421,4.789331577908482,0.017684001982912072,4.716351346067169,0.055296229858400076,117.16487542305703,114.91992481827695,2.2449506047800227,0.01012347876127305,0.009217410406285051,0.10102867530747062,5.17772734273113e-10,-2.3909565705060625e-09,2.9087293047791695e-09,-1.949200989043665e-06,-1.9622448570839287e-06,1.3043867955820558e-08,0.5429649911127358,39.736987403303466,4.3139401256516357e-07,3.899172739779243e-07,0.03149445449257021,63.77992811047404,0.0018625971372209398,519.4832501306241
202,0.05806346604983488,4.70331743496136,0.015563649317636883,4.62453769883775,0.06321608680597413,122.33872009132442,120.10747195500583,2.231248136318718,0.005289386839944217,0.007249833044224519,0.08231438230797346,7.673455267945082e-08,7.35322772896924e-08,3.2022753897583807e-09,8.12430394235744e-06,8.111246346804878e-06,1.3057595453025935e-08,0.5095793326148266,59.690938303236436,3.651039319269476e-07,3.964202504632932e-07,0.022428439912304463,63.76778694261774,0.0018547527828979278,-267.84407328140196
203,0.058513191469219863,4.5081200035935725,0.01603727067759484,4.431926712241641,0.0601560206743365,138.9243578655799,137.14869104490015,1.7756668206800388,0.0050947783994944795,0.007401984772423395,0.08591846312412194,-3.914203724389487e-07,-3.953387845103291e-07,3.918412071380319e-09,-4.7157607179892386e-05,-4.717040511770366e-05,1.2797937743200374e-08,0.44691368414040245,24.70970117390819,3.11035846053956e-07,3.151253210191665e-07,0.02437553254813625,60.00120178174546,0.0018775952731803556,-231.10235776973877
204,0.06043559691604064,4.708746599918657,0.016375185597087265,4.6246602393399865,0.06771117498158441,122.71750308457123,120.87848538033528,1.8390177042360096,0.006711478728167478,0.00706151282944461,0.07778787898290025,2.0539564719618097e-07,2.007917252172025e-07,4.603921978978418e-09,2.3566615924905036e-05,2.3553105267615703e-05,1.3510657188505921e-08,0.31898659965979065,27.13341783864624,3.853219899368344e-07,3.397967460861197e-07,0.021911293717352575,63.34614470364207,0.0018829383385256145,137.778992187963
205,0.057618201741225485,4.386391803061431,0.014893567844811056,4.31897789033428,0.05252034488233948,141.42285994190692,139.4782519905956,1.9446079513114387,0.005385026607883996,0.007640681642904224,0.08775688879611615,-9.141002300654981e-08,-9.47678262074689e-08,3.3578032009191014e-09,-1.1071382978487302e-05,-1.1084897440987185e-05,1.3514462427470486e-08,0.9445202970671835,30.515949105367458,3.730895573498255e-07,3.0629004959287896e-07,0.023702357480927732,57.38566988492323,0.0018876308609224693,-110.9134236799332
206,0.06281734553849203,4.323983170383261,0.015685716215034173,4.252479542196618,0.05581791197160802,114.73894998149494,112.7184849699569,2.0204650115379548,0.006725739109834994,0.007243508244563028,0.08004484405431733,2.0532499026593508e-07,2.024657928489081e-07,2.859197417027026e-09,2.3561837041568382e-05,2.3549081912262798e-05,1.2755129224060603e-08,0.29545650933361556,22.81057817951929,3.143164816650758e-07,3.8020931642681577e-07,0.023680409249990823,60.7081609139221,0.00186532337348009,260.88766247747253
207,0.061493148241208544,4.868009386699802,0.017039316836795475,4.781936257833223,0.0690338120297827,115.02335678437395,111.7051236921984,3.3182330921755536,0.006267892282853775,0.007123769880354577,0.08221831721821904,-2.37669925930749e-07,-2.413655668262741e-07,3.695640895525063e-09,-2.8391008963572018e-05,-2.8403994020731444e-05,1.2985057091188058e-08,0.7199451821057723,23.563996978505102,3.7837134266739723e-07,4.2668792931773563e-07,0.022010956874887317,63.535505303393855,0.0018649499241919151,43.36317923479646
208,0.05852087261477808,4.527298426874313,0.015553781578986839,4.458629863939648,0.05311478135567718,143.514912188104,141.935392067821,1.5795201202830997,0.009673366267202995,0.0072265684503712265,0.08180617772572737,1.6262732093101162e-07,1.5948737494695463e-07,3.139945984057093e-09,1.8175738527565442e-05,1.816242249875612e-05,1.3316028731341924e-08,0.4672888587734083,13.11801803068908,5.211307408832255e-07,3.8967214402397523e-07,0.023046508310377557,62.31106673993625,0.0018733303157278264,402.4161036705573
209,0.05799360860922821,4.674118616274162,0.015904823514589234,4.5936793553862145,0.06453443737335868,132.62047692865596,130.6298798025097,1.9905971261465447,0.007871514550981186,0.007838643894327599,0.0847663952666127,-1.2264830995788403e-10,-3.5688156795541086e-09,3.4461673695962175e-09,-1.3679107032164633e-06,-1.3804489608644629e-06,1.2538257553130407e-08,1.1192571146522607,13.592076968702331,4.066743226644878e-07,3.5070275723643006e-07,0.02561724756638799,63.952187064576684,0.0018629105784995423,275.43649864910685
210,0.06203445158275432,4.614626400500474,0.016059306940767376,4.536459474834686,0.062107618725020824,128.52795208092982,126.24029607250142,2.2876560084282658,0.005370134699458352,0.0076912007436797875,0.09090084813562983,3.673974980699226e-08,3.146514587596552e-08,5.2746039310267345e-09,2.9384742275648826e-06,2.925379187650014e-06,1.3095039814568767e-08,0.3082269538180016,8.903127954848312,3.3936035472394366e-07,3.8539003888805075e-07,0.02452033422367495,61.15310154422248,0.0018830307485505847,-395.4104578589363
211,0.05819259453609367,4.66628203035669,0.016127305376824736,4.592955727503014,0.05719899747685093,158.2653906836809,156.20001623926666,2.0653744444145543,0.007889004575465616,0.007552891860803203,0.08531813384321793,-3.2220521638451975e-08,-3.5079079144831406e-08,2.8585575063794284e-09,-4.585655374886985e-06,-4.598534277163954e-06,1.2878902167305563e-08,1.0691846245535424,35.42963571903307,3.0922965448537893e-07,3.60783249726012e-07,0.02294184604613784,63.607906455947116,0.0018628130906127303,12.298866544806515
212,0.062043298806889816,4.898537782028884,0.016055301365899,4.816380147329339,0.06610233333364549,131.82838484661497,129.53336034967617,2.295024496938809,0.0061627185830543055,0.008629410850980051,0.09430989759194781,4.201037142090553e-08,3.6829481131658794e-08,5.180890289246734e-09,3.851273387916737e-06,3.83703402998853e-06,1.423935784591372e-08,1.1549439598954399,40.674179984246045,3.7215820990682917e-07,3.775486625324414e-07,0.027066846870410763,64.37280805328275,0.0018744730874111902,-543.9941289867356
213,0.062174443916229755,4.964920753818092,0.017273895139007525,4.884073314813208,0.06357354386587566,114.72160106813156,112.00684795612298,2.7147531120085664,0.008739636397412669,0.007336702828812366,0.08173447641322143,9.957359417988068e-08,9.592954457098887e-08,3.6440496088918106e-09,1.1239626293796647e-05,1.1226313005191873e-05,1.3313288506947021e-08,0.32126338456039927,-19.67936624113724,3.1989751113098843e-07,3.770631147348192e-07,0.022665430876736493,64.60764133148854,0.001890548263473726,-527.7787684454611
214,0.06330435698965087,4.897469975023637,0.01815449061429574,4.811310803303618,0.0680046811057239,116.82856438494683,114.28481937941844,2.543745005528424,0.007170984660993296,0.00796176282290033,0.0930441424392116,-4.985256731059633e-08,-5.530355565646806e-08,5.450988345871734e-09,-7.450474926188886e-06,-7.464005171053813e-06,1.3530244746781173e-08,0.4109563791036134,120.27581981061371,3.8607305489749724e-07,4.6313243761018326e-07,0.025828377848344096,64.26166884846768,0.0018739224249234483,403.2995570593489
215,0.07610782226484544,4.592792409877673,0.016074159208294008,4.520537272516576,0.05618097815280274,143.43598261962285,140.63558574082674,2.8003968787962106,0.0065497886504722914,0.0070570909023139426,0.0868223557131851,8.68916116033107e-08,8.305460921739436e-08,3.837002385916374e-09,9.732455860857915e-06,9.719240639577348e-06,1.3215221197549777e-08,0.5556462805265875,33.48711458515804,4.075149155626025e-07,4.469385406826334e-07,0.02265445322977219,63.20924394609159,0.0018684602086840349,-363.96604751444556
216,0.05886697937272596,4.813325581209964,0.015937689293865125,4.734641276277243,0.06274661563885574,123.49132371400378,121.42896002635842,2.062363687645452,0.006575466163406874,0.006778992144170077,0.07470352401536919,-1.9250268312140595e-07,-1.9571395616884127e-07,3.2112730474352255e-09,-2.4233354938416247e-05,-2.424603312514842e-05,1.2678186616555528e-08,0.46417586404134853,7.5514409069207415,3.2334776572841333e-07,3.953762847678738e-07,0.02154458870498979,62.833419826507686,0.0018694420257077539,-27.91931086025579
217,0.055921049807123084,4.452211266823845,0.01542642362792655,4.374083407872975,0.0627014353229444,137.26491633855593,135.1667673539239,2.0981489846320716,0.00643285209411523,0.006447980208839273,0.06994389305390217,-1.2775008379355596e-08,-1.622624801664215e-08,3.4512396372865562e-09,-2.558485464662305e-06,-2.5718412304178964e-06,1.3355765650693718e-08,0.26215922453567286,50.3579912944061,3.08371807010198e-07,4.1359837164402087e-07,0.020350135784859245,61.17412547641986,0.0018749529081475455,-313.0722495592704
218,0.05964558702011498,4.597963566128237,0.016048115466149884,4.521638848835088,0.06027660182699874,100.83535120013823,99.1813475186907,1.6540036814475354,0.006172716321213101,0.006954148157159683,0.08178832785790269,1.3816974028380475e-07,1.3194898329840857e-07,6.220756985396164e-09,1.453810881282655e-05,1.4524890532418098e-05,1.3218280290987693e-08,0.2542458491360098,22.6452376361961,2.970697892757165e-07,3.7874069520930327e-07,0.0217321524372729,59.56216362702277,0.0018707882544340413,150.09022138912906
219,0.060819763278421306,4.72130223809106,0.01650500490724485,4.637779368505862,0.06701786467795169,108.5026837283421,106.42501945453739,2.077664273804645,0.005762982625455368,0.008364427535668018,0.09424013604376542,6.043099033145403e-09,1.7508800520442612e-09,4.292218981101148e-09,-4.7632296773617855e-07,-4.897074948812976e-07,1.3384527044019206e-08,0.5504528358840044,27.681078139955133,3.397292244164712e-07,3.58051348371494e-07,0.027481496933630153,62.55430837284069,0.0018534665188977859,21.737420597314667
220,0.055960609706451905,4.6363522301559295,0.015915440099649535,4.5657777004331646,0.05465908962311569,115.55973332367422,113.34065452383456,2.219078799839672,0.007138722687271591,0.006553349354973943,0.07225291549045906,1.583454330103692e-07,1.5452967422960694e-07,3.815758780762263e-09,1.8130814360470847e-05,1.8117218690599957e-05,1.3595669788676664e-08,0.47577276078978364,10.544962583416423,2.698623110339988e-07,3.624856419612335e-07,0.020994374499317882,60.734718644471165,0.001879307250919092,-32.293330119295206
221,0.05609488716375836,4.614000643910185,0.01631205346245741,4.526155180492893,0.07153340995483404,127.47917667226298,125.0834029498903,2.3957737223727533,0.007591767430510956,0.006629184929410647,0.07459013068345219,-4.3399606089818406e-08,-4.7878707896174574e-08,4.479101806356188e-09,-5.674860571869905e-06,-5.6882479420987315e-06,1.338737013361001e-08,0.3730655628804842,20.395113358590134,4.281014811014103e-07,4.2708987711559736e-07,0.020920432191441136,60.60958800455896,0.0018714697349104332,-14.737466291347118
222,0.05561809372722554,4.510171679912273,0.015279540019177093,4.427810114289523,0.06708202560357251,130.16635358328588,128.0270592696402,2.139294313645751,0.005683745617562042,0.007129302473972377,0.08102100878369327,-2.1099008800949385e-07,-2.149608999095858e-07,3.970811900091929e-09,-2.7682377499317237e-05,-2.7695662821596337e-05,1.3285322205431168e-08,0.8588462919857784,9.785876003550875,3.6823708548581033e-07,3.994934238781979e-07,0.02202995684633788,59.784048027457054,0.0018751984629032708,247.93523011412708
223,0.058434527413421006,4.6066802224134475,0.014799960051159078,4.540967970825259,0.05091229153703046,139.9412355799756,137.89260407291266,2.048631507063132,0.0068777219611215155,0.007200049228364857,0.0799640140515899,-8.533050459246912e-08,-8.820755722211859e-08,2.877052629649466e-09,-1.176024307350939e-05,-1.1772956190132285e-05,1.271311653002833e-08,0.5651372208352476,7.27855268364932,3.493146511622543e-07,3.721780256354527e-07,0.022721238178350686,60.32334370769799,0.0018490560300499362,226.13559594250864
224,0.05581576564203034,4.631379303091313,0.016118319130509,4.563450950425824,0.051810033534979476,120.4577887296452,118.24885471822373,2.208934011421605,0.006319318327741429,0.006867245790790296,0.0761259985695997,-3.7711695931273715e-08,-4.1082759170143975e-08,3.371063238870252e-09,-5.355242048250297e-06,-5.368167808909298e-06,1.292576057786532e-08,0.45032226834069133,31.88930641769179,4.6874562629766784e-07,3.2812775039748366e-07,0.021599331388150646,60.71608575287084,0.0018688012428277711,118.41826946119181
225,0.05861606353818687,4.658495840871363,0.016546847793911797,4.584557791743765,0.057391201333686845,134.24203449526308,132.37829779230944,1.863736702953563,0.007578198954981029,0.0072011649282706916,0.08306983628603112,1.3758923299665501e-07,1.3246340480938971e-07,5.12582818726534e-09,1.4514902491850532e-05,1.4502108909162863e-05,1.2793582586082161e-08,0.7680656305226685,26.004179201551757,3.3700521187205945e-07,3.6615401833859263e-07,0.02316963224216245,61.75645961122691,0.0018746585015897558,136.63517527043268
226,0.0625959937972426,5.1211675064906,0.017527510620340383,5.038513941194314,0.0651260546759463,127.64550750619603,125.20651215535585,2.438995350840352,0.00793049940738611,0.008661584896964647,0.0964202403755093,1.1032542781104091e-07,1.0467797672375588e-07,5.647451087285067e-09,1.1140552603069037e-05,1.1127530925046517e-05,1.3021677952344628e-08,0.4628539889830427,30.125174301109315,4.866873310373939e-07,3.7435635537003506e-07,0.026197165454356897,68.07813256297558,0.001872481944257531,-481.6500416176059
227,0.058974335785217366,4.763476908361785,0.016865188171083765,4.690372803232265,0.056238916958436025,163.07429297790225,160.91458125591097,2.1597117219915427,0.007363286524231809,0.007851044930839298,0.08648974293805671,1.5278433256250101e-07,1.476772117254371e-07,5.107120837063936e-09,1.752225791610735e-05,1.750933875390513e-05,1.2919162112507922e-08,0.6160086778005125,51.97757817402851,3.3460004251668013e-07,3.957815742100577e-07,0.02394497287594526,64.29701687017797,0.001856333086665022,147.98814952803377
228,0.05638889954294182,4.392221854331923,0.015409130584547235,4.318226811388747,0.05858591235862845,132.1296788444072,130.37584556349884,1.753833280908525,0.005740873086360332,0.007451645690243776,0.08016929001867827,-1.075796363640024e-07,-1.1169734457966407e-07,4.117708215661685e-09,-1.4244377382088349e-05,-1.4257866582390025e-05,1.3489200246340915e-08,0.8154344811981479,35.081211865993154,3.5032337634663235e-07,3.7817470363378395e-07,0.02186876016067623,59.92480077243127,0.0018820904155377985,16.414884880046884
229,0.0629884047333881,4.808810152863507,0.015945561834864508,4.728965511755492,0.06389907927314971,124.45335846063483,122.34328517435227,2.1100732862825753,0.008771586500379994,0.007540184656493184,0.08648649100849556,9.63672667032298e-08,9.37777673184994e-08,2.589499384730393e-09,1.0904173170361906e-05,1.0889919546670084e-05,1.4253623594890513e-08,0.45206227926527676,28.874420337900265,3.164905178695365e-07,3.8295557192931003e-07,0.02267723435894639,65.34590486550711,0.001884067318493081,185.7793334813623
230,0.061698172171221956,4.919307446838584,0.01751059645753882,4.8217235148393325,0.08007333554171231,155.71725619750362,153.50356409742173,2.213692100081922,0.006217767575151074,0.0077275088978774375,0.08965032556138365,4.7333221744727936e-08,4.353236885680275e-08,3.800852887925172e-09,4.479937819430926e-06,4.467126749651328e-06,1.2811069653844694e-08,0.4152327644071748,30.275607175540564,3.771178005038041e-07,3.6870959256301404e-07,0.026668031811272946,66.42764087878274,0.0018664372469634912,321.8022971126434
231,0.059946581291458,4.44946522926254,0.015534651312316324,4.384529795787359,0.0494007821628643,128.61915344951547,126.59383311468265,2.0253203348329385,0.007982434126181498,0.007490712180002387,0.08551886423051286,-1.219101419287368e-07,-1.2411991377048396e-07,2.2097718417471033e-09,-1.5656427970805652e-05,-1.566962290740962e-05,1.31949365060442e-08,0.3703429424926498,11.320289699336485,3.9892330469034545e-07,3.664227040966305e-07,0.02366839223285867,58.3213094725351,0.0018797152470560142,-76.81051198139949
232,0.058913659349536955,4.60707220417516,0.016433535074439877,4.524034005524162,0.06660466357655774,158.50562007970788,156.64466363460608,1.8609564451015959,0.005458604898936477,0.008084341497189009,0.09249057588153962,-1.390121546299044e-07,-1.4172428454545526e-07,2.712129915550883e-09,-1.768869881606287e-05,-1.7702943924974463e-05,1.4245108850719973e-08,0.9102420756246948,8.90239805911075,5.054858209856374e-07,4.662877328518664e-07,0.023331845254360467,61.598786496573084,0.0018604997565071415,-189.23022825404996
233,0.06047676368225126,4.423190684342556,0.015955571121742375,4.350555691353906,0.05667942186690738,121.62308910373112,119.60001920655513,2.023069897175988,0.006589070094972897,0.007586334036760089,0.08482029027581632,-1.1204019835904257e-07,-1.1666481669313143e-07,4.624618334088895e-09,-1.4582836410923444e-05,-1.4597186976668472e-05,1.4350565654203557e-08,0.3010055690177884,-19.091592093428016,3.132143954299432e-07,3.837535331539042e-07,0.023450006913677872,60.32214911686785,0.001899567257175508,-446.787387671121
234,0.06034786191107579,4.9088749740610185,0.017422309964632676,4.833925389143949,0.057527274952437556,133.5414416796757,131.38232876993249,2.1591129097429382,0.009036169692814757,0.007666673771738484,0.08973587692056864,-3.0478205967539947e-08,-3.372142742214738e-08,3.2432214546074303e-09,-4.831716111793253e-06,-4.844259356027297e-06,1.2543244114671895e-08,0.558742613827,11.341815417257285,3.8367383415519304e-07,4.521731472435865e-07,0.02334689483033052,65.94215556115121,0.0018540099377784098,213.41818520081688
235,0.05763846478607854,4.621575589917509,0.015218023600894946,4.538843174026647,0.06751439228996643,126.50158509096343,124.37692654777841,2.12465854318508,0.006378714922837632,0.0076037783395886205,0.08581892632453324,-6.31822797953642e-08,-6.729812034424624e-08,4.115840548882057e-09,-8.575721848712326e-06,-8.5885789782945e-06,1.2857129518491478e-08,0.4627009676488435,8.62753629318849,3.105340346694541e-07,3.8201912310436226e-07,0.023837616438749994,62.48032685183024,0.0018667818854524044,269.8114536045264
236,0.06021673945995649,4.722937470044183,0.01577385191271393,4.649943440598808,0.05722017753266186,119.49713575143403,117.36664916294094,2.130486588493166,0.007932612154547896,0.007293611867750715,0.08524205179181736,-1.9605353557239945e-07,-1.994539018899754e-07,3.4003663175760494e-09,-2.376966507736735e-05,-2.3783938869576223e-05,1.4273792133353783e-08,0.5019601261893278,36.167800033815304,3.5438724665003474e-07,4.1820006373252986e-07,0.023192744216290136,62.98475309880427,0.001893003888277755,-153.87479953151478
237,0.05957605089740162,4.608435983397425,0.014561262470307111,4.542267225964991,0.05160749496212612,144.61063760644222,142.68044537573894,1.9301922307033066,0.007976771769547185,0.00716403016857112,0.0796499626955712,9.030808181297981e-08,8.693805302026566e-08,3.3700287927141413e-09,9.729560613605475e-06,9.71555568604812e-06,1.400492749726311e-08,0.4137339168078611,9.736705616987916,3.0844955070944356e-07,3.983284992364244e-07,0.02247008578157692,61.21723271378472,0.0019012993567850296,-79.69289323563726
238,0.05649715286039406,4.635022604737521,0.01649524065401881,4.5613764466776745,0.057150917405826396,90.69447976491863,88.85038286939547,1.8440968955231372,0.006148933779528015,0.007204451777716766,0.07840178490369287,-1.1901945927412309e-07,-1.2202223286586813e-07,3.00277359174505e-09,-1.4611815507266516e-05,-1.4624881292228953e-05,1.3065784882431728e-08,0.5761881274396483,-11.303054443394684,3.2830495527103145e-07,3.329129176484458e-07,0.02258919227444207,63.90990981267397,0.0018773080897001432,-511.956637728897
239,0.05788018583882277,4.474964727726668,0.015094062047865531,4.402584422895536,0.05728624278326589,147.118599074455,145.35126721648575,1.7673318579695363,0.008141004691952993,0.007998776792341391,0.08772920996859476,-9.551299433771006e-08,-9.804761200510708e-08,2.534617667397033e-09,-1.2207474387849812e-05,-1.2220663618775703e-05,1.3189230824772265e-08,0.6542874203447593,18.564757197041047,3.0281264900775726e-07,3.362100669538342e-07,0.024028380878827922,61.67323399143926,0.0018883046606359612,-1115.4040335897466
240,0.05923537157840938,4.448607383251215,0.01638889767676468,4.369621201566867,0.0625972840075838,150.8639719887059,149.28982879931846,1.574143189387389,0.006161045231235003,0.008003289879877832,0.08849374477221018,-3.072676117361263e-08,-3.477487120314156e-08,4.048110029528934e-09,-3.6641622465788353e-06,-3.6771122167378417e-06,1.2949970081578913e-08,0.8263333508328643,21.249005234257872,3.446769689048148e-07,3.4738921551214915e-07,0.024211057364199342,57.70083998893118,0.0018637154079434379,-829.7400972393143
241,0.06087849795626446,4.69441919205012,0.014994684071871295,4.62267766048987,0.05674684748837705,140.5542834774071,138.50155905156737,2.0527244258399993,0.005830393171793797,0.007189018547797067,0.08104010567694696,-1.2491908369943655e-07,-1.286423639703312e-07,3.7232802708946903e-09,-1.6289191692108956e-05,-1.630267106819903e-05,1.3479376002424922e-08,1.828021457098479,96.85649871587219,3.799308190651114e-07,3.9854183011901595e-07,0.02236053337125854,60.726518490632145,0.0018745422934649256,35.26022372916486
242,0.05689160785329266,4.621517649495074,0.015443293616220372,4.544943840357355,0.061130515521499104,136.34547071571808,134.58699011822043,1.7584805974975257,0.006861145404375132,0.006979014132507266,0.07717534386864945,2.3865611713697817e-08,1.992375692052921e-08,3.941854793168612e-09,1.4737534279088752e-06,1.4606629029318726e-06,1.3090524890899652e-08,0.5123072912766056,7.116808119596407,3.2444009099316706e-07,3.3086674077877033e-07,0.02244511669314633,61.628937343289,0.0018583227410885362,-371.147585092579
243,0.056896692661628466,4.529625664799342,0.014814301015102244,4.465687202141362,0.04912416164287767,117.75115366981206,115.48754050683858,2.2636131629734173,0.008438806107821073,0.007306291256784716,0.08100188484668891,7.137296571394272e-08,6.730050782045631e-08,4.0724578934863815e-09,8.037403136777981e-06,8.023385521173449e-06,1.4017615515769254e-08,0.32192047060293116,16.144334176255764,3.0959016287283215e-07,3.63688287479158e-07,0.022941525102149574,59.165964295600865,0.0018920714644457542,-390.3981214405044
244,0.05895237840294005,4.562486248389838,0.0158024199248726,4.486107310841293,0.06057651762367309,133.34034234929885,131.63999930592533,1.7003430433735074,0.008507585483749323,0.007068984345286634,0.07818825998868434,6.323669874990843e-09,2.741289205978806e-09,3.582380669012035e-09,6.033025425255696e-07,5.888379643120384e-07,1.4464578124232127e-08,0.31852314066914034,11.140691587873814,3.070836758287615e-07,3.421737745618764e-07,0.023310262646353153,62.36248180162265,0.0018954820574637802,112.34537059389959
245,0.058170208710651296,4.535803271432242,0.015131228467288023,4.4664193109910215,0.054252731973931774,142.83384924765167,140.40593186244632,2.427917385205192,0.006235245072545909,0.00731403714758886,0.0804089139731714,1.369512040360938e-07,1.3402785805872945e-07,2.9233459773643703e-09,1.5168625507857237e-05,1.5154891895211058e-05,1.3733612578136961e-08,0.5128788672224696,28.931356347356026,3.1033623884125737e-07,3.9590350478420613e-07,0.02222539181176291,57.20293185561107,0.0018715883973952126,-581.955238574471
246,0.057274991892687276,4.577120918389015,0.015955939425449112,4.510726381245606,0.050438597717960235,111.6279514251433,109.98053353164728,1.6474178934961798,0.005985371396898512,0.007164509794749946,0.0803739859924683,-7.885742242541404e-08,-8.286120247431534e-08,4.0037800489013114e-09,-1.003137259782374e-05,-1.0045109773376263e-05,1.3737175453471324e-08,0.3741778856154214,-27.656687843226145,4.3263993700053053e-07,3.6754338528568247e-07,0.022185233379413662,59.70257991931362,0.0018775327382966453,223.73243087497576
247,0.0598600944949078,4.6323454646057085,0.0165644291515791,4.556306752341601,0.059474283112528135,125.21098565839931,123.27337033061808,1.937615327781304,0.006211983402211805,0.007133009678720357,0.08281097886370077,1.4264477625018876e-07,1.398174679199967e-07,2.827308330192055e-09,1.634078404314561e-05,1.6327356114476606e-05,1.3427928557311255e-08,0.3111007665880432,29.33341356409474,3.4194730523066537e-07,3.6193351558374674e-07,0.022593751398706553,61.01481739072473,0.0018771773451323505,199.30285103065216
248,0.060026027754923966,4.559612581236219,0.014413380217999733,4.48408010626932,0.061119094748898234,134.61823503336916,132.85877678545842,1.7594582479109935,0.006466931511849343,0.007331545212785137,0.0849528861160309,1.965357571531646e-07,1.9304430283455719e-07,3.4914543186074454e-09,2.2293077323982905e-05,2.2280530337322225e-05,1.2546986583752678e-08,0.24075453660737062,20.664791397707006,5.862322782089034e-07,4.0379558365588574e-07,0.023868669974382504,60.05792488159866,0.0018680240797433385,490.106339833359
249,0.056593397885045124,4.483602428507211,0.015406595535971918,4.417478718361186,0.050717114610053494,126.56017673955759,124.21817234947034,2.3420043900871215,0.006361385185816204,0.0065153983571553985,0.07649454283636813,-6.818199625576012e-08,-7.300707485030951e-08,4.825078594549378e-09,-8.640408915071934e-06,-8.653591085179505e-06,1.3182170023144909e-08,0.9038620300176451,15.006341867908558,4.2441787183601325e-07,3.6079572686256357e-07,0.020423083810143048,57.89734367779864,0.001872929366134051,172.8786624391787
250,0.06388904474222049,5.135778768400056,0.016873403375216155,5.063366676226112,0.05553868879872885,106.05085079048328,103.55883978548174,2.4920110050016198,0.00656285654339417,0.008744199046515395,0.09530574919395808,-1.381121993186164e-07,-1.4292056663714874e-07,4.808367318532389e-09,-1.7521658582422393e-05,-1.753477297170449e-05,1.3114389201303053e-08,0.46512165775126624,21.713426030296752,4.28290589634758e-07,4.4957865713916956e-07,0.027189324763632464,69.08366367172357,0.0018826367756736993,107.86671678573111
251,0.05911566857665474,4.691187356462535,0.0154337479994819,4.619785116790565,0.05596849167248938,137.38509321955613,135.62103592838415,1.764057291171896,0.0060464965002877576,0.007854156161727441,0.09036749455142834,-1.2797998811162255e-07,-1.3100489460955388e-07,3.0249064979313766e-09,-1.676009416557383e-05,-1.6773598770771545e-05,1.3504605121874448e-08,0.503485073077979,32.84914475351729,2.901412516872467e-07,4.922294348796621e-07,0.024958618464327464,61.0810309721053,0.001884983609416016,136.67719751941422
252,0.056460331704781215,4.437686008892447,0.015547764662378616,4.369597245278799,0.05254099895127077,129.10097283959885,127.33405092988157,1.7669219097172315,0.008415296158566019,0.006817873252610847,0.07307835274934972,-1.3925431883000485e-08,-1.738054248258549e-08,3.455110599585009e-09,-2.8147383817898194e-06,-2.8274647497197658e-06,1.272636785394925e-08,0.5620131848830084,19.029895901184624,3.2175762596366383e-07,3.3008797828275345e-07,0.021357506390330645,58.17243682059952,0.001869812195706321,-335.8595411793267
253,0.05736448320366176,4.55444308129663,0.01639318038675884,4.480429995234481,0.057619905675390264,123.48754511874809,121.59115888410727,1.8963862346407903,0.0071700152459194255,0.007321455911913794,0.0821550728951891,-2.3687797635968802e-07,-2.396988643468175e-07,2.820887987129463e-09,-2.8967621170512226e-05,-2.8981177071952393e-05,1.355590134965725e-08,0.4425764599591514,17.073734993296462,3.686754281007622e-07,3.3294832191521124e-07,0.021922732128380237,63.23821942239117,0.0018956848445029397,400.9876984954135
254,0.05730830906909524,4.7594130409148026,0.01703467459991922,4.673714122673385,0.06866424364149872,125.40669462376519,121.51121614319774,3.8954784805673315,0.006134959747545145,0.0072823347879398545,0.08146157962483906,-5.838103701131663e-08,-6.265906323385964e-08,4.278026222542997e-09,-7.77925772186733e-06,-7.791693646090592e-06,1.2435924162795205e-08,0.4901976531257458,7.4216632432306815,5.135785428296952e-07,3.6323278737249317e-07,0.022621280690358948,65.24129486345042,0.0018545375937608429,-225.21991603960578
255,0.05796732409582577,4.4598611384029505,0.014605709063166805,4.390096071328877,0.055159358010907024,117.31350494111736,115.80386787993608,1.509637061181154,0.007328883145748623,0.00744671691440454,0.08272631727238496,1.3719412680946252e-07,1.3329153063666018e-07,3.902596172802331e-09,1.5557938748699293e-05,1.5543333886657075e-05,1.4604861962548268e-08,0.43128245451811287,29.459860935986633,4.3046852280706374e-07,3.330446465759093e-07,0.02343632078790157,59.12709176324174,0.0018778229363409851,-102.56247177181422
256,0.06139710868533934,4.6506283648314595,0.01586100042746095,4.5817869977851124,0.05298036661888413,118.81467297814909,117.01480421286182,1.7998687652870438,0.005030521170135221,0.0075404325505550075,0.08141954607397438,8.071994427039812e-08,7.642796189738324e-08,4.291982373014893e-09,7.6081258235268005e-06,7.595479589113837e-06,1.2646234344257155e-08,0.34902370728838206,67.80430745537086,4.460734170979408e-07,4.1786171735984823e-07,0.023391314227594853,65.95735546795598,0.001861120964520205,307.96368531286134
257,0.0595188310870486,4.685669408199971,0.01509797701672765,4.623001878438754,0.04756955274448827,114.68676547457186,112.77790521300042,1.908860261571578,0.006921942060063753,0.007346923293183121,0.08081059186492107,-6.147513315306717e-08,-6.589812685980764e-08,4.422993706740498e-09,-7.322502024990957e-06,-7.335241143631211e-06,1.2739118543802549e-08,0.7948637308712889,25.03139122107731,2.668434005178395e-07,4.0142261928229684e-07,0.02242475569319995,63.0098140825955,0.001867896311086989,250.40565880419535
258,0.05890730550577618,4.7498677001204035,0.01662333771462948,4.676404970176096,0.056839392229678556,190.8579624908259,188.68159982817187,2.1763626626536925,0.006603613688998574,0.0075243504056529235,0.08511808388687313,-1.6219578207974975e-07,-1.6561358191318326e-07,3.4177998334335583e-09,-2.0826488138041768e-05,-2.0839610372509722e-05,1.3122234387479263e-08,0.40150816729338723,43.38815603848159,3.2264081827943674e-07,3.4061711908646334e-07,0.024185023568632134,63.04352185511463,0.0018620288782862115,-72.45204653253813
259,0.056582990056626876,4.343885288408103,0.015881373260516723,4.27315218440314,0.05485173074444625,130.09067797909165,128.22507797368115,1.8656000054102861,0.006622402934494472,0.006466072742407404,0.07343407198594726,-1.0902944487426276e-08,-1.4368889670628869e-08,3.4659451832025874e-09,-1.5582342017841162e-06,-1.5704907909318575e-06,1.2256589071757308e-08,0.30908662446690227,28.83104562485588,4.323712025792298e-07,3.798170879344513e-07,0.020405844139703203,58.11265453347837,0.0018565356697195993,-533.483658916166
260,0.05858378095395399,4.562869650160722,0.015951095765452946,4.4915124518271,0.055406102568168046,99.39217927129064,97.5396724986548,1.8525067726358546,0.006782325482120887,0.007502098774374753,0.08668769805349842,-7.688092212600943e-08,-7.98496799390554e-08,2.9687578130459755e-09,-9.553438319192767e-06,-9.566310190100576e-06,1.2871870825676149e-08,0.3995528767349561,19.161495521528256,3.4496983196439896e-07,3.2164737706510193e-07,0.023419012938226836,60.653420751256796,0.0018686755721827914,23.290922105138634
261,0.06026272853735326,4.764822474526012,0.017368151900712742,4.683381429275756,0.06407289334954369,139.52425631170377,137.41865402322185,2.105602288482191,0.006272037819658543,0.007243365226538809,0.08329094139816004,2.1753342467282328e-07,2.1197114815864786e-07,5.562276514175411e-09,2.3885966106605132e-05,2.387277858916376e-05,1.3187517360356627e-08,0.40701487405962133,32.55145205192063,2.9537934819868344e-07,5.361505703283021e-07,0.023111193081729802,61.934945262131365,0.001863357610553579,-367.5135692927147
262,0.05997244634013968,4.586811970770741,0.014954126209059221,4.51604694437042,0.05581090019126196,127.71836000603611,125.65149758601393,2.066862420022249,0.0062357285187436004,0.007186793743532456,0.08122049153282027,1.3620533096473397e-07,1.3297646430689618e-07,3.228866657837915e-09,1.5081220803777463e-05,1.5067635605033346e-05,1.3585198695812e-08,1.7693860459706325,29.117781179574852,3.0758389723426857e-07,4.045886875045515e-07,0.022378001318987602,59.73457928293074,0.0018830579757227956,-144.46541514352248
263,0.05990445823027008,4.671104709178232,0.01583414636382281,4.5928177841280124,0.062452778686396926,113.72340173463394,111.85353478103343,1.8698669536005124,0.009742934704276672,0.007722100466225144,0.09072679707248739,-3.73623414219406e-07,-3.7607009176255143e-07,2.4466775431453645e-09,-4.582894031344812e-05,-4.5842294451136954e-05,1.3354137585791627e-08,0.4628919329278015,55.608519515020284,3.7896524101608003e-07,4.312944389923863e-07,0.023625064025696047,61.56442534455697,0.0018872283744820325,21.701364583842405
264,0.060808527976315425,4.643628274047235,0.01599876667898663,4.566713674256108,0.06091583311214112,126.44076490347253,124.26837651811883,2.1723883853536554,0.009083184777068877,0.007407769679417593,0.08632880237164774,2.0354291603117632e-07,2.0045536735021574e-07,3.0875486809604986e-09,2.151204553949743e-05,2.1498782224615396e-05,1.3263314805145252e-08,0.4420827185159695,23.31198695137733,3.402191142464375e-07,3.358618929157032e-07,0.022974461419645664,63.383414273569684,0.0018776863917653324,44.59881274440204
265,0.055342378222591075,4.455346054309628,0.01553340110671122,4.38359365998709,0.05621899321582643,135.69173213204553,133.7367819071644,1.9549502248813937,0.006204854908840708,0.00683296894964838,0.07846031028450595,7.686794483388496e-08,7.323684871580542e-08,3.631096118079548e-09,8.307024248851023e-06,8.293630363923425e-06,1.3393884852774588e-08,0.8284757826986522,19.705783096480964,2.905017398631882e-07,3.8316925173969184e-07,0.020918446188587098,61.24717591123205,0.0018792514270073977,211.35909926205431
266,0.0585841020630829,4.542849785324775,0.015338044649364823,4.46761275563894,0.05989898503647032,148.59279328623313,146.50706330757572,2.085729978656945,0.005470018681824787,0.007305782477699362,0.08289408863837612,2.1718856436306358e-07,2.129331705434997e-07,4.255393819563886e-09,2.4228276308351757e-05,2.4215261249790855e-05,1.301505842624472e-08,0.5509207006805059,44.684630693132355,3.825641131286661e-07,3.4944151749130455e-07,0.023480255744416294,60.29254876227496,0.001864123932079991,-26.570979934280786
267,0.05705665094761897,4.582369273628805,0.01510753120124594,4.507832275195,0.05942946723256062,109.66530328231605,107.61196783381861,2.0533354484975437,0.0053047996505877345,0.006952254341777728,0.07760022626597915,2.044101353919192e-08,1.6960379997782587e-08,3.4806335414093365e-09,1.663733208393271e-06,1.6502744456123936e-06,1.3458762698223554e-08,0.42777406510207383,-0.43119341496838126,3.6783637753083886e-07,3.4887208044855694e-07,0.021266793411288953,60.213544022223175,0.0018934751576588377,168.35941409584984
268,0.062461568684853974,4.796287894957414,0.017336767289089037,4.701896656590354,0.0770544710779708,115.66480620508052,113.81088088091157,1.8539253241688933,0.0065856499202907705,0.007404718922107529,0.08244742880797185,6.983111987011169e-08,6.714311575309411e-08,2.6880041170175676e-09,7.889013052825343e-06,7.875586627689108e-06,1.3426425047401028e-08,0.41856562228773575,43.38285804017068,4.6861721546928053e-07,4.653379453821525e-07,0.024846471118758914,62.20071208480729,0.0018805310273279443,429.43446910106377
269,0.05997647898914584,4.666664316053709,0.016952046970457938,4.581833839852591,0.06787842923066124,161.60338508861275,159.79489192706322,1.8084931615496358,0.0055042607131015366,0.006973867280881739,0.07878477680085011,5.5207391969910794e-08,5.0979135134639595e-08,4.228256835271191e-09,5.882863582395141e-06,5.869303399971151e-06,1.3560182336249697e-08,0.5038328408117354,-4.238447562835896,4.318496284782023e-07,3.4985080730488553e-07,0.02200538030906901,63.08986677025794,0.0018840073497526767,64.11075540506954
270,0.05780401968773232,4.514243813638407,0.016147627960430528,4.438562135210988,0.05953405046698981,129.43216698451872,127.42672873351263,2.0054382510061903,0.006517456855238314,0.007462303910244596,0.0817025184831792,-1.232812168181482e-07,-1.2683059447446526e-07,3.549377656317056e-09,-1.6039185561223278e-05,-1.6052428900636196e-05,1.3243339350842228e-08,0.31525733619956026,45.114159716238234,3.143884936512278e-07,3.242024348923062e-07,0.022782064287053098,58.60627657919977,0.0018739964446195872,-533.51495136532
271,0.05725809063642836,4.7526667126308295,0.01627853046934889,4.677475144651578,0.05891303750990111,126.3620903793879,124.69880663893403,1.6632837404539493,0.007242018442882161,0.006739727613016,0.07376804740209764,2.1266381150608136e-07,2.1017302521973117e-07,2.4907862863501276e-09,2.3691637310366072e-05,2.3678592692018707e-05,1.304461824865138e-08,0.3111673695525333,25.76016397335224,3.570314883469369e-07,3.4240299604523543e-07,0.020626504525896636,63.678050788889706,0.0018747528890748332,327.0341885388689
272,0.060051599786950835,5.0221640388511135,0.017175094783633115,4.9417803213652265,0.06320862270225408,138.27596962848347,136.09391743891408,2.182052189569192,0.006908539057228008,0.0070829511373414625,0.08051723699068383,-5.6933799156934636e-08,-6.334580928833029e-08,6.412010131395653e-09,-8.007661937302534e-06,-8.021577958319695e-06,1.3916020914224079e-08,1.8375278387604808,2.699545645842201,3.608671421265705e-07,3.7483475700719764e-07,0.02250575100177739,65.46129621648623,0.0018897994724631011,-66.29693556644634
273,0.05754909745513754,4.555488119535989,0.01475620695664359,4.484335157536998,0.0563967550423472,111.88010908960355,109.71642555326046,2.1636835363431324,0.007704630039562884,0.007514647791042586,0.08321481193550351,-1.1408966685558449e-07,-1.1817044109310994e-07,4.080774237525464e-09,-1.4440626077269659e-05,-1.4453894242818116e-05,1.32681654740646e-08,0.30711437590850754,10.343358046398642,2.6436656977517626e-07,3.718261374684787e-07,0.02314586604346359,58.120382143568534,0.001877600303279813,-431.19462042499754
274,0.06144376102890975,4.496931284917194,0.015094264050762597,4.423067105628145,0.05876991523828722,106.9590184403328,105.09896928633856,1.8600491539940656,0.005441088894692396,0.009448522596414077,0.10511147500831804,4.3533944626493057e-08,4.052480408816047e-08,3.0091405383325736e-09,4.796138751537224e-06,4.783169740022051e-06,1.2969011455922002e-08,0.43164207945444155,59.73407888689891,3.525836280226368e-07,3.6837995926045234e-07,0.030545381443901353,60.602013542029354,0.0018810054784567081,-232.39825458916584
275,0.055227547916559636,4.445917166113147,0.015284291107387113,4.37081826872965,0.059814606276109225,146.96641904308413,145.06857699392194,1.8978420491623536,0.00609943346684945,0.006740637707674622,0.07533079583860441,-3.997281618415058e-08,-4.7328660121015e-08,7.355843936864409e-09,-5.622678392158167e-06,-5.6348642873307195e-06,1.2185895076416623e-08,0.4089782408762368,16.819151220802272,4.10710546420045e-07,3.166521443434913e-07,0.02099749170400699,59.87625562834243,0.0018489453011275056,72.68770710847184
276,0.061726104454745225,4.681568126944939,0.015833125428313832,4.60833396380456,0.05740103771206634,127.91687107378485,126.11606549891417,1.800805574870649,0.005356713082242684,0.0073624666768275825,0.08509918476248651,2.6869225431976005e-07,2.6514134209246127e-07,3.550912227298792e-09,3.1407893702567e-05,3.1394658070118923e-05,1.3235632367118744e-08,0.27901763026942555,12.246283493752792,5.349277379594212e-07,3.800963769755408e-07,0.022553072089984433,61.49455523191194,0.0018475091288883364,24.52445682425423
277,0.05681008923689338,4.460010698599119,0.015005815292535278,4.391620260511399,0.05338462279518578,111.44118714860772,109.71255949404862,1.7286276545592398,0.005419816946388446,0.00696554134105551,0.07897916431769891,-8.697978778629617e-08,-9.083244926507772e-08,3.852661478781564e-09,-1.15231280713538e-05,-1.1536582145030153e-05,1.3454073602671464e-08,1.6316458295631922,33.75431339764255,3.419367867675576e-07,3.817689121232992e-07,0.023980636220404816,57.80593373893068,0.0018723933729098427,235.9525016204816
278,0.05901709860434773,4.637859323295175,0.01696191488017202,4.553061120405945,0.06783628800905747,159.9104970121961,158.0167372425245,1.8937597696717332,0.008997364648891054,0.007861881322004653,0.08938196511102671,-1.7956080099374863e-07,-1.831510361317146e-07,3.590235137965977e-09,-2.216725193975984e-05,-2.2180186405449105e-05,1.2934465598352436e-08,0.38116498281932865,30.303297245038134,3.1901207186369545e-07,3.841886106058346e-07,0.02419584689497369,60.930181092444705,0.0018641855133402028,-706.6012019239511
279,0.06062910672810385,4.697144469712841,0.01717527001981679,4.613185481065672,0.06678371862735148,140.3718958703243,138.27503882453803,2.096857045786008,0.005537750314692999,0.008066582188780556,0.08966013717889575,-4.2567600921934e-08,-4.5238496686739536e-08,2.670895764805528e-09,-5.837595382601294e-06,-5.850331123066769e-06,1.2735740365131697e-08,0.6317674581109454,56.03821238128187,4.546958960341628e-07,4.617493253511965e-07,0.024187997255113187,61.90807469428556,0.0018596529349229893,-378.9922239084808
280,0.05997886399363781,4.628421043120292,0.015699229687403997,4.556441113841538,0.056280699591349556,125.15169852978592,122.77332238759337,2.378376142192612,0.009119258025684253,0.008070414255834149,0.0901392527421577,-2.355171136199462e-07,-2.397314637657934e-07,4.2143501458471675e-09,-2.8340674284619584e-05,-2.8353150525344784e-05,1.2476240608991888e-08,0.38624961944344804,35.3325872653447,3.417551225723368e-07,3.8307916770911863e-07,0.024743394201332,63.638544989980744,0.001863911372876908,-34.058142818902525
281,0.06020938816500099,4.425040155386756,0.014714588169908798,4.356925752124341,0.0533998150925071,109.76844122737913,107.19764805711246,2.570793170266597,0.0065107005999990265,0.007511779022194721,0.08742179454749395,5.068357700666818e-08,4.52863655294468e-08,5.397211477221393e-09,5.75461970609826e-06,5.7417403468177324e-06,1.2879359209634648e-08,0.879947442956543,8.225194383082275,3.096971962757988e-07,3.6212700259826155e-07,0.022889944305160854,57.992538982662566,0.0018622548028536265,-141.21941926746103
282,0.0582430261293288,4.736187875171196,0.01647107966507223,4.659661706899361,0.06005508860676251,142.96783050788812,141.1761874996647,1.7916430082237316,0.007324224046606795,0.007485481162489382,0.08063084888228393,4.4877349781009315e-07,4.452806382493401e-07,3.492859560753056e-09,5.2338696324999735e-05,5.2325145081315035e-05,1.3551243586669022e-08,0.3865016907752522,16.58638071513212,5.028836738750132e-07,3.4716055684988755e-07,0.023056577023989,63.38794928283443,0.001869125549062227,48.224610727612344
283,0.057053561489563,4.608281452699241,0.01473975796224064,4.535508911186453,0.058032783550548306,126.90097209449783,125.12390714891873,1.777064945579094,0.007365679931097797,0.007143507773972399,0.08077997792295599,-1.965739758325912e-07,-1.990119425032719e-07,2.4379666706806963e-09,-2.444057019701274e-05,-2.4454467858370162e-05,1.3897661258199898e-08,0.501511218630567,17.711040962484923,3.485933957487908e-07,3.27407141434026e-07,0.021372574951438877,60.48864134227278,0.0018727987445704554,306.26384241824644
284,0.05622140919523764,4.5817043173866825,0.016349935432280777,4.504737530925104,0.06061685102929767,125.68342570983651,123.74923992714734,1.9341857826892446,0.005976660747070344,0.006888805782988696,0.07641279541540785,6.036776597209077e-08,5.773292236317563e-08,2.6348436089151747e-09,4.692808288917713e-06,4.67965720176193e-06,1.3151087076808457e-08,0.5336709107530823,9.122342871607296,3.849392563782935e-07,3.576584657620867e-07,0.021902477867843526,57.60255757989174,0.001888687769797687,324.9909400599495
285,0.05858695772027411,4.729431858131256,0.01700050222502104,4.643673070799683,0.06875828510655102,126.85119978828239,124.77364005566946,2.077559732612944,0.009210894908837716,0.007853867232857976,0.08861780075254286,-1.6898354630060606e-07,-1.7427435655268308e-07,5.290810252076999e-09,-2.0833404801124663e-05,-2.0846419815550023e-05,1.3015014326614418e-08,0.2976715644284612,40.005735040669535,2.996823141548358e-07,3.657772824416971e-07,0.025718544101003087,61.44610437300492,0.0018614184902889163,-473.09426192829324
286,0.062099129407309606,4.69159570490662,0.015837128849132718,4.608862662539336,0.0668959135181505,144.6769798916875,142.83938109419276,1.837598797494966,0.006030639805829802,0.00762037348247713,0.08819654048771376,-6.944019257866013e-08,-7.24234738680635e-08,2.9832812894033933e-09,-9.478986151934296e-06,-9.492926284808464e-06,1.3940132775206635e-08,1.3008936042848387,7.874797290813546,4.4392825533515204e-07,3.3800759244608524e-07,0.0241074732532178,63.17161131776803,0.0018725442615126625,317.65771823266505
287,0.060841676160341945,4.619171163657629,0.01725398423955564,4.530782651528496,0.07113452788957726,111.04688194491362,108.68975158204773,2.3571303628659868,0.0063853981653829986,0.007700503798966465,0.08599044850817923,-5.243215227195396e-08,-5.647355361537521e-08,4.041401343421267e-09,-7.064668953548722e-06,-7.078616254579896e-06,1.3947300962019014e-08,0.9413336617442318,27.154310787335255,3.5022427817215296e-07,3.384276323925789e-07,0.02404482892536236,58.09355970445911,0.0018914685549069237,28.838077211339623
288,0.06341084893249264,4.965797701492018,0.015194496110387486,4.8902059317070625,0.06039727367456803,118.47592394534199,116.413029323791,2.0628946215511497,0.007304686366278546,0.007695274686689134,0.08574276349767135,-6.349516034297898e-08,-6.628418660722777e-08,2.789026264248831e-09,-9.513322936938572e-06,-9.526792196531466e-06,1.3469259457235237e-08,0.43522932477995696,31.770717982684047,5.066886609688913e-07,4.995281765696527e-07,0.023562504201947502,66.82578224060669,0.0018699839097007568,52.598181162802575
289,0.06243446889651786,4.948833268075751,0.018750975072692036,4.854570753908703,0.07551153909435594,127.19110161661212,125.25921042469918,1.9318911919129744,0.007669560556110325,0.007947745643919563,0.08940341312599102,-8.368493767300254e-08,-8.710115028993704e-08,3.4162126169344594e-09,-1.2155848800329129e-05,-1.2169221051423907e-05,1.3372250984335783e-08,0.40799680871231103,35.67868350098607,3.4141023273406224e-07,4.41287541883142e-07,0.027050815150965572,64.81446477926133,0.0018763912319455134,588.7462675461229
290,0.054944339469847094,4.32093151345808,0.014658414220894332,4.255632709444089,0.050640389793097366,166.36099433228625,164.52840701966906,1.832587312617645,0.0054988070208589635,0.006304577301389296,0.07111079220533341,8.595671689725365e-08,8.343042536315547e-08,2.5262915340981993e-09,9.118369893303727e-06,9.105487900083423e-06,1.2881993143720655e-08,0.3930535113754836,9.457996883582942,5.776525441178987e-07,3.406239669751469e-07,0.019380577004750127,58.116746324437635,0.0018673852110444563,-538.7531885101207
291,0.06107517331709861,4.815569549637767,0.016060245141754973,4.73582848438523,0.06368082011078122,128.39243327592618,126.19080004242687,2.2016332334992774,0.006987202296166363,0.007786660766138485,0.0873298754182898,6.93081283078751e-08,6.572814510353752e-08,3.579983204337576e-09,7.863718429442197e-06,7.850391379861279e-06,1.3327049469478926e-08,0.3480444485343889,-24.48914763888558,4.2977330217343924e-07,3.881591006006041e-07,0.023562164501276912,63.45167579042063,0.00187490265736,334.13645391276714
292,0.060926910896279315,4.800582022431249,0.01618035215863665,4.720148426875489,0.06425324339712439,131.7891140476568,129.42924926983653,2.3598647778203112,0.006308207744818333,0.007249457782001344,0.07994795406159334,6.479986644506194e-09,1.7323791105868957e-09,4.7476075339192924e-09,-5.200542510501982e-07,-5.331416388049916e-07,1.3087387637296587e-08,0.9131862070176457,52.163954863548256,5.908068889387287e-07,3.7128033069746425e-07,0.022065656472833338,64.0669420943864,0.0018800218591006666,-194.1734672581324
293,0.0592699020719151,4.466408507620915,0.01495232041293999,4.392614476883182,0.058841710324792094,130.6531367038411,128.55363682688625,2.0994998769548925,0.011584578141400152,0.0075989233377269615,0.08809356815671977,1.0809868009176904e-07,1.0534041867695274e-07,2.7582614148163388e-09,1.1882375885030076e-05,1.1869529695327322e-05,1.2846189614070976e-08,0.505398891823602,38.50529444649108,3.3612089285942406e-07,3.524767020575252e-07,0.023042582178095527,58.27945801910383,0.0018751006824796938,-223.61468363191534
294,0.055458518965486384,4.374153525230341,0.015256636932552458,4.303527628535044,0.055369259762744504,123.41415779317651,121.6669271748348,1.747230618341676,0.005608622012398144,0.0066792855793342855,0.0738869803119047,3.6213169704623883e-07,3.5873745860435974e-07,3.3942384418790182e-09,4.2345706171187025e-05,4.2332028692039305e-05,1.3677479051206119e-08,0.45707038123574806,60.51540939172562,3.557236675441862e-07,3.4251389399010025e-07,0.020824007111919247,56.263918637534985,0.0018679342711353931,238.89256965425147
295,0.05561990906023112,4.2886407171128145,0.01461438691507773,4.230339218066442,0.04368711213129388,110.49055704034224,108.50053481298896,1.99002222735326,0.008075556158246688,0.006838852186851775,0.076389261276409,2.278056569664662e-07,2.2382585986803261e-07,3.979797098433622e-09,2.721792572140453e-05,2.7204720694846265e-05,1.3205026491933781e-08,0.837477251411278,28.513129263044068,3.161377045137013e-07,3.592152195742064e-07,0.0220444186275181,56.66651070146402,0.0018745482369108082,-881.3820644552052
296,0.05911258385129353,4.472569347623095,0.01454356282097616,4.402214016122281,0.055811768679837365,136.0049778913131,134.0416704545854,1.9633074367274166,0.005942744031266249,0.0072670598624949775,0.0802672908592242,-6.356912946805115e-08,-6.66062069850321e-08,3.0370775169809377e-09,-8.197507021706495e-06,-8.210206863874718e-06,1.2699842072147254e-08,0.469227992842298,5.758828508648579,3.9535650341436e-07,3.562251937787723e-07,0.02193578077597203,59.241222976962675,0.0018708595154903918,-94.87797261230799
297,0.06413759349973933,4.62939213666731,0.015005862988711118,4.567782311828293,0.04660396185030594,112.65455948776824,111.02303622058254,1.6315232671857451,0.007298011728752318,0.00867720596413571,0.0930751737373528,-1.648597964577589e-07,-1.6924895628684102e-07,4.38915982908212e-09,-2.1232935697106998e-05,-2.1246913924793398e-05,1.39782276412534e-08,0.40266322366547713,23.02877114226215,4.763597013179732e-07,3.74027333824249e-07,0.026445994467100584,61.099361115466365,0.0018887314226577923,111.75777272182313
298,0.05976783636738148,4.598779762263573,0.017319937464312537,4.518346582676849,0.06311324212241046,169.34548065649477,167.50123587964254,1.844244776852431,0.006483234333539825,0.007909978862016177,0.08672264372255759,3.9940164231957777e-07,3.9580932744694036e-07,3.592314872637416e-09,4.4997405813911354e-05,4.498440173931247e-05,1.3004074512340467e-08,0.7489635167730401,32.28193524624405,3.307792527845419e-07,3.8347767508908693e-07,0.024013703003838646,61.71026840241595,0.001874040573793362,-48.08279704565621
299,0.05585438611246723,4.549101865930861,0.014937738692901149,4.478212210184655,0.05595191705330495,112.85937183810141,111.07704006723093,1.7823317708704973,0.005798806343782662,0.007028096978853592,0.0782083399382597,-1.3070584800846086e-07,-1.3484396006329144e-07,4.138112054830573e-09,-1.5288641570666554e-05,-1.5301627161083322e-05,1.2985590340587716e-08,0.874392356666341,7.935971746979182,3.615650382434029e-07,3.5064864988811696e-07,0.022060635212128196,60.23460509701949,0.0018493506610922999,252.02381943052524
300,0.05675097041818742,4.529776191735898,0.015986103348542873,4.447650669281515,0.0661394191058414,124.64805005254007,122.8319687980707,1.816081254469566,0.0106015712901268,0.007211291438389536,0.07756979397510196,-6.235611245290378e-08,-6.536168455578328e-08,3.005572102879491e-09,-8.54151865789591e-06,-8.553796253047222e-06,1.2277595070054848e-08,0.32175233298159395,2.062841601729773,3.4271205736905244e-07,3.878184159747301e-07,0.023778665165928053,62.85571350556394,0.0018585201386471437,454.47670310183685
301,0.05711530659636386,4.5752831542370425,0.015677734745468658,4.500587117640972,0.05901830185060303,139.67723409765227,137.548072777675,2.129161319977307,0.005971257722533969,0.006898672961733463,0.07652752622820751,-1.2933942664214515e-07,-1.329660923355914e-07,3.626665693446302e-09,-1.5806530845456664e-05,-1.5820326131299688e-05,1.3795285762494351e-08,0.6179804747343658,24.53477742404396,3.3450021434955156e-07,3.63948129097885e-07,0.021579755270586795,60.63820227435416,0.0018715822748814174,-428.6566571460885
302,0.05963347282470014,4.555190080395899,0.015539483613587876,4.481219701224007,0.05843089555830331,132.65204205752158,130.3124786030761,2.33956345444525,0.006085846974215443,0.007358323339692202,0.08751209204288588,-7.830734485616407e-08,-8.149362479765904e-08,3.1862799414949863e-09,-9.49466186670191e-06,-9.507541351438463e-06,1.2879484693064514e-08,0.5732227589439238,15.475925157881344,5.157504569021795e-07,3.8169683944847817e-07,0.02274266080723608,60.54143154877528,0.0018520582522436417,422.75575107626946
303,0.05876861634809128,4.473794562427811,0.015870734708690385,4.409138133784914,0.048785693934207265,147.0245160581238,144.96539291790117,2.0591231402226287,0.00797552588365404,0.007085088684489735,0.08050645187848404,-5.202724571359368e-08,-5.515510113073312e-08,3.1278554171394207e-09,-7.0232354681162666e-06,-7.036445338471029e-06,1.3209870266712529e-08,0.4499682036147298,28.636918926632607,3.619855576009069e-07,3.7945023363218095e-07,0.022283846039117334,59.83232538727158,0.0018811870518206785,124.4291456348601
304,0.05911488788236579,4.614154885280792,0.015122459704442105,4.543874755105318,0.05515767047103229,178.53897428063172,176.55356094021928,1.9854133404125156,0.005820974289964291,0.007936907943323315,0.0892262335528908,1.899400918641417e-08,1.5086731738389886e-08,3.9072774480243045e-09,1.4701508153328472e-06,1.4575343779084146e-06,1.2616437315863591e-08,0.27089692305507224,67.38117762449028,3.244335595115925e-07,3.432222440033996e-07,0.02383145220410645,62.13825843582431,0.00186860258046832,-545.745072069551
305,0.05621709501838153,4.485238788747899,0.016174398923560047,4.40684909742399,0.06221529240034908,136.235059325941,134.18215802719206,2.052901298748778,0.006069976903274638,0.007493029179407965,0.07952822671212477,1.0492705861337922e-07,1.0175701559810124e-07,3.1700430152779937e-09,1.1023808943971768e-05,1.1009929871599715e-05,1.3879072218873704e-08,0.34123903391043425,20.284535980742948,3.863937734110991e-07,3.096255141802327e-07,0.022593119552172025,60.75676524527066,0.0018909199669384382,413.98922023436717
306,0.060030092500110495,4.779332104045628,0.01634712435749974,4.697612372108264,0.06537260757986464,116.86863716746446,114.76157948065664,2.107057686807909,0.006539918954508424,0.0073801184540489015,0.0828906204634289,9.609827697448648e-09,5.490005543400666e-09,4.119822154047984e-09,6.469261466387033e-08,5.1876264761195124e-08,1.2816349815668461e-08,2.13211690219768,34.145964580218546,3.155047988556636e-07,3.8646674567937256e-07,0.02218795814410885,62.74500321562545,0.0018848606332940018,-97.89745839317584
307,0.06083230683433388,4.602527566506602,0.015271600076143069,4.523663825154295,0.06359214127616247,140.56502076782024,138.162437251063,2.4025835167571774,0.005935485570683926,0.007261301651989855,0.0836973313112733,1.1528808854182249e-07,1.1200458362020883e-07,3.2835049216136508e-09,1.2918016647126708e-05,1.290453148157273e-05,1.3485165471634286e-08,0.681389490029859,62.12217800529267,3.3246652643181555e-07,4.634684986962298e-07,0.02239011871926309,62.15341568523627,0.0018932294326709515,-277.02323506269977
308,0.06211909871169327,4.732629770622684,0.016354497140829292,4.656705868914078,0.05956940456777593,123.61806052486413,121.10848904286715,2.509571481996887,0.006823455990247208,0.007871868712610546,0.0843749264531866,-1.633331786026405e-07,-1.6686200613840576e-07,3.52882753576525e-09,-2.0250119290795796e-05,-2.026433883171422e-05,1.4219540841403335e-08,0.5949571720395926,42.39556210334488,3.1834889031562214e-07,3.989431605000476e-07,0.024056531829528972,62.89354845032939,0.0019072894952252828,-403.12522224149143
309,0.0561048516392631,4.547011536645441,0.015191663617838736,4.476014867733119,0.05580500529448429,134.30943186345397,132.62413685499135,1.6852950084627403,0.007673431033087321,0.0069459530087109984,0.07819482892222586,2.84640582033527e-07,2.812870085235705e-07,3.3535735099566365e-09,3.302354454740354e-05,3.301084395669724e-05,1.27005906151002e-08,2.312405222378434,21.787162884431808,4.7353223773364895e-07,3.9456409195326234e-07,0.02285149330226451,63.04580356231794,0.0018718781782248743,-218.13514003899536
310,0.058960791163064304,4.491308795577813,0.015228553275770232,4.41202407261922,0.06405616968282302,147.18457654860532,145.13285984857245,2.0517167000328485,0.006872720722635778,0.007070663531360071,0.07957907309422169,-2.6739098839081867e-07,-2.7105610354040685e-07,3.6651151495880855e-09,-3.3301359133273784e-05,-3.331420570076868e-05,1.2846567421296265e-08,0.3406941825749784,31.62788476540304,3.7222318137389033e-07,3.856099404419126e-07,0.021691042310459957,58.38165647458104,0.0018678899935244276,269.2189269868668
311,0.060848330678644924,4.597336926347772,0.01449074424457806,4.522970791201518,0.05987539090167643,103.72426059259452,101.82902183033006,1.8952387622644271,0.007074061973175719,0.008619484183699682,0.09538333875342545,-6.222344985454993e-08,-6.659786042428781e-08,4.374410569737909e-09,-8.306484429934395e-06,-8.320567201658786e-06,1.4082771626592612e-08,2.281795699135082,36.37438627708255,3.3435694062042315e-07,4.767114091117847e-07,0.02572467732302586,61.67270437419405,0.0018730811901910432,-201.95526246228656
312,0.05864576723076004,4.64004200553683,0.0168010760826542,4.566993347893325,0.05624758156085052,109.60671584681856,107.317908574137,2.2888072726816158,0.007189411441062282,0.006888888225959795,0.07723287048812422,-3.438559859095404e-08,-3.787689951417385e-08,3.491300923219795e-09,-4.46453382159233e-06,-4.478458764878849e-06,1.3924943211530146e-08,0.6669412879003357,32.178839710047576,4.1892743720392093e-07,3.688906492248519e-07,0.021153406118573605,61.33170495471944,0.0018728358145525875,332.1890316034405
313,0.06224953121654666,4.920968248353836,0.015294949474143784,4.8562207280482035,0.04945257083148864,112.88493458634157,110.88844663047911,1.9964879558624253,0.005989808200272709,0.007440614980327852,0.08452971354944093,-5.1531360996939046e-09,-9.39517003777049e-09,4.2420339380765845e-09,-1.1410848528987003e-06,-1.1539510292500128e-06,1.2866176234557473e-08,0.7530987767163162,40.27562379701105,2.9270782740907756e-07,4.504836128566604e-07,0.023438682148473024,66.95761779096557,0.0018617945630429527,449.0386541401058
314,0.05794365960477246,4.659017850763359,0.0165017950460011,4.575179355959182,0.06733669975817638,100.70443426727907,98.50365870647684,2.200775560802273,0.006839213278416175,0.007411303039803322,0.08190137329434326,1.9946218041465996e-07,1.955351714354886e-07,3.927008979171303e-09,2.2818613596628318e-05,2.2806093949977397e-05,1.2519646572812536e-08,0.3507428469141486,24.179974363471214,5.200338595533462e-07,4.0661711866708074e-07,0.02214655338101683,60.05555264526378,0.0018582716177248026,159.4710865107454
315,0.05748447979860989,4.944032932735459,0.01660066313879315,4.859039497475025,0.06839277212164094,120.8282362259534,119.06291699911428,1.765319226839061,0.00799463033468436,0.006732697870264111,0.07619030187625021,-1.7097402130319136e-08,-2.001465384432399e-08,2.9172517140048545e-09,-2.7036304422837056e-06,-2.7158513988503446e-06,1.2220956460620621e-08,0.35754550599191093,32.30401817252261,2.889758245599819e-07,3.8199970255400564e-07,0.02114784927000064,64.70325085794795,0.001836154485521177,121.46905705130303
316,0.060533923751267885,5.0409179533667965,0.017729827803925152,4.963963999249719,0.05922412631315163,122.05819274148386,119.98175948689654,2.076433254587196,0.00520272762355528,0.008048167339173622,0.08833423418578099,-2.1015949455002992e-08,-2.439535862889652e-08,3.379409173893528e-09,-4.168731755373105e-06,-4.1821133398595745e-06,1.3381584357723309e-08,0.4037623478489641,39.36434733031297,2.8655931172067806e-07,3.698234345251278e-07,0.024898762366030745,68.17957316064268,0.0018740658170364505,236.3117014444897
317,0.05718181816352332,4.533306723246902,0.016623956210966042,4.458948326979998,0.057734440055937614,121.09865254635643,119.30169537261706,1.7969571737393648,0.006529013965265596,0.007262269198828741,0.08073865586769047,-2.094825894393949e-08,-2.5281260379058156e-08,4.333001435118663e-09,-2.737886434794904e-06,-2.7506991459619503e-06,1.2812711097838892e-08,0.5597282103284326,12.593551242888449,3.454647943738987e-07,3.9116295746211576e-07,0.02194830715727351,58.25622499816101,0.0018696091630279225,-40.491618544827816
318,0.05905836025504781,4.487770286041862,0.014886821756762616,4.411920406697995,0.06096305758710412,110.40361319822979,108.34391431629085,2.0596988819388913,0.006906878225966251,0.007582264626436842,0.08306114156157701,1.3939795387959717e-08,1.1006438552745392e-08,2.9333568352143477e-09,6.265934644975321e-07,6.131846989291021e-07,1.3408765514644087e-08,0.505336968316233,36.32163484600348,3.36551912254395e-07,3.387892325455297e-07,0.02307968690894841,58.569332571498826,0.001866752042772122,-651.1574964098827
319,0.0605690843486843,4.718766966306595,0.01613446198503481,4.638814978563029,0.06381752575853111,107.42228432532985,105.65947435950096,1.7628099658288188,0.006202088179377128,0.00900885260727948,0.09987946826583602,-2.0093378725953758e-07,-2.0529119817090085e-07,4.357410911363225e-09,-2.44407384485347e-05,-2.4453596494476545e-05,1.2858045850427059e-08,0.2539571209399769,37.85003856152158,3.682686025197646e-07,3.5910989546409717e-07,0.026488409786960643,64.3607078574488,0.001858837598587799,220.84148093249541
320,0.06264502031885734,4.876773730216406,0.017701392195643414,4.781295487411946,0.07777685060881655,107.52573150042456,105.20026567892363,2.3254658215009574,0.007397743660661186,0.008009769810918171,0.08835049023504257,1.5612647323136483e-07,1.528213038605584e-07,3.305169370806347e-09,1.682858108987934e-05,1.6815576632289126e-05,1.3004457503369764e-08,0.2586929005148983,-1.921249422502797,3.265697797856226e-07,3.8885478048811467e-07,0.024726866188827492,65.13565295513285,0.001874445128273498,-783.0632176735676
321,0.058888920931315314,4.922106391823627,0.016221962792659656,4.836890260967395,0.06899416806357266,118.92468881276513,116.4916665792067,2.4330222335585354,0.007059884991359881,0.0066615688888924714,0.07510190675124105,-1.6869323671659424e-07,-1.727801017785523e-07,4.086865061958084e-09,-2.124136926937495e-05,-2.1254211765856238e-05,1.284249639853668e-08,1.0203629153140847,33.514521470949745,3.626274369098264e-07,3.5786293911371414e-07,0.02096506609685934,64.43775568745183,0.0018819906261091902,-685.3930343363113
322,0.05934815943485723,4.60426602202667,0.016304686567242075,4.527808782946197,0.06015255251323177,153.76292971949584,151.19886660323783,2.564063116257966,0.0068163049760169864,0.006789109511756614,0.07694791335690165,1.02900194750228e-07,1.0005141957780576e-07,2.8487751724222234e-09,1.137138630374099e-05,1.1358070604624386e-05,1.3315699044707646e-08,0.7035102877204717,10.308565528563413,3.872134439503325e-07,3.458692411472796e-07,0.021815253223984296,63.58859290958016,0.0018677771336439834,406.01214666435817
323,0.05577266170819098,4.499133141532547,0.015063390118765906,4.421757908265079,0.06231184314870319,170.10756143882372,167.97512568840776,2.1324357504162985,0.007120497100969887,0.006950056204082322,0.07582115327025142,-1.5176134892969034e-07,-1.5661669270909345e-07,4.8553437794031555e-09,-1.9504928902551244e-05,-1.951856484520823e-05,1.3635942569865144e-08,0.3698484051156109,19.263549100457237,3.7431439302299993e-07,3.603876128094985e-07,0.02200156682256556,57.70165023637776,0.0018707354593464904,59.515502990748246
324,0.05979622530768037,4.522811871098018,0.016729710365398234,4.444876975451826,0.06120518528079353,103.34580863173638,101.2031483862335,2.142660245502977,0.006686270276339754,0.00742242680623153,0.08253141457858765,8.049293420757549e-08,7.698926111126266e-08,3.5036730963128167e-09,7.9957292861756e-06,7.982455983869145e-06,1.3273302222003146e-08,1.2875778461488052,55.53689415967756,4.0310980752979545e-07,3.1089917936683493e-07,0.023137446599761972,59.58693063046789,0.0018818606640785404,-40.1172340615326
325,0.059583423873412394,4.829926836688127,0.015328003303294523,4.75398288468315,0.060615948701683194,149.17515435484614,146.21795888118066,2.957195473665727,0.0065315032050482415,0.007974304493713278,0.08950201436015127,2.115263318921576e-07,2.0755656349478002e-07,3.969768397377604e-09,2.453092554508253e-05,2.451733729572128e-05,1.358824925738312e-08,0.38844606596645326,22.119446608293618,4.522115224225185e-07,4.6711509003733413e-07,0.02466659057778823,63.144107328594366,0.0018688483843445766,-629.0237187698276
326,0.058028635414326464,4.583442674484311,0.015059369314261096,4.499632353580714,0.0687509515893353,97.68507369060514,95.48622563232792,2.1988480582773273,0.005119470869223599,0.00740048222782077,0.08405869351960293,-2.4155789811357634e-08,-2.9432802264290826e-08,5.2770124529331946e-09,-4.564788139871808e-06,-4.577689980323567e-06,1.2901840374519979e-08,0.7108812475282826,45.9688203723434,4.0060015130847113e-07,4.199427497293405e-07,0.024072546337172714,58.608105389413964,0.001875938266832381,93.08254613992267
327,0.058239148492700434,4.524125210598498,0.01597438902385175,4.450548404274038,0.05760241730060868,103.38477476653794,101.40872560619155,1.9760491603463586,0.005511429693571194,0.0076083753540207395,0.08456067874112115,2.3319555722582708e-07,2.3000859800768196e-07,3.1869592181451308e-09,2.7124273228290534e-05,2.7110810395124616e-05,1.3462833094835813e-08,0.5265205571480626,39.685417299752764,3.339035061593661e-07,3.4699840956711537e-07,0.023194491633781893,57.74041448929472,0.0018976177860030043,225.30387115484382
328,0.05940877723982118,4.613083418461471,0.015123762524554024,4.542567115948432,0.0553925399884836,118.91180604295471,117.09168163795742,1.820124404997216,0.007550941685259808,0.006810571347707358,0.07718416451127826,2.1038249333006425e-07,2.065297412300311e-07,3.852752100033099e-09,2.3205795710365926e-05,2.3192684663039223e-05,1.3111047252128779e-08,0.2963128048787701,13.699380048573188,4.1443143290411957e-07,3.9346478248145285e-07,0.021324384543606217,58.473103826214206,0.0018812847071695447,208.25289747883153
329,0.058555309757942424,4.417440668116369,0.014913363824309155,4.350755053191011,0.05177225110104772,110.71648718816408,107.98047711948519,2.7360100686789317,0.005410867577254685,0.00821458926409688,0.09555199729790323,-3.6437109670673494e-07,-3.693034902073864e-07,4.932393500651537e-09,-4.44232382902555e-05,-4.443551473954062e-05,1.2276449177535486e-08,0.9078673732477833,23.267036732011125,3.6277525548436935e-07,3.6051837127106983e-07,0.024898733149580604,60.23590730501908,0.0018522147063474463,-447.38156964712243
330,0.05872671698359893,4.435758066033611,0.01601712900050731,4.3669788017697115,0.05276213526339288,112.3147960263574,110.59229518223493,1.7225008441224603,0.005465010373159385,0.007474758088353562,0.0851254116885702,1.212803125457324e-07,1.1793366282189598e-07,3.346649723836344e-09,1.2713528208820331e-05,1.2700186112410057e-05,1.3342096348613806e-08,0.34362188353248774,31.040564464058736,3.3471222855080657e-07,4.237856355238762e-07,0.022178231633907447,57.94537755952842,0.0018857242722941413,154.6185847642655
331,0.06149010319574239,4.916536752297265,0.01722499086355384,4.837435406752314,0.06187635468139766,134.11667647069143,131.72223372554123,2.394442745150263,0.005553690890384641,0.007558087009965819,0.08379025054684895,2.6509325736642614e-07,2.608036897274226e-07,4.2895676390034065e-09,2.987613712090548e-05,2.986302577264631e-05,1.311134818059646e-08,0.27551962748571357,26.091807104842196,4.06867297243638e-07,4.315507577777582e-07,0.022993285680778942,66.61874621291987,0.001876711929875621,237.74659373751092
332,0.05658628195930682,4.478851020295707,0.015437973097474904,4.404241943861093,0.05917110333713885,124.5893611613866,122.55538133183794,2.033979829548706,0.005644264001915772,0.006527571173602158,0.07775698346292574,1.2140337541835823e-07,1.1869281158320903e-07,2.71056383514923e-09,1.450081666418707e-05,1.4487610617724583e-05,1.3206046333349628e-08,0.46297740597229103,39.76017622015307,2.557452818344148e-07,4.019055566028693e-07,0.019975866818269447,59.276419264298326,0.0018759076558475007,30.827866466436262
333,0.059324044289604604,4.49826307498465,0.014658525858185318,4.424543724791695,0.05906082433477068,121.26091431515273,119.62551253022673,1.6354017849259934,0.0069417933438815915,0.006914910946155424,0.0803337035204817,-6.741300204880464e-08,-7.053387735544491e-08,3.120875306640233e-09,-8.633054306221212e-06,-8.647219621534687e-06,1.41653152288676e-08,0.2721121778935667,31.19319474550673,3.6123875783747864e-07,3.6501838325571536e-07,0.020979123176033065,59.78405809632981,0.0019006369596286257,223.8456755165348
334,0.05821723335804817,4.738198527052016,0.016133005940793293,4.661364425941715,0.06070109516950771,154.3365005466324,152.41148417725134,1.9250163693810518,0.009890784372845062,0.006984828464723283,0.07816996316499246,-2.462564991305474e-07,-2.4940703845554783e-07,3.15053932500045e-09,-2.9440776876957478e-05,-2.9454787426142556e-05,1.4010549069064878e-08,0.6663262489990924,6.418650272336529,3.5274571038191936e-07,4.0370768566873286e-07,0.022071068971587532,62.16203854140587,0.0018699582278573496,575.7404219055115
335,0.05927276081481317,4.801515162025318,0.017640558985651478,4.715939129665635,0.06793547337403089,152.70202392154837,150.52406458144984,2.1779593400985466,0.008002976691060624,0.007293695048156299,0.07880789307050294,-2.234466617373081e-07,-2.2813752721201815e-07,4.690865474710066e-09,-2.7383934712542588e-05,-2.7396867977512306e-05,1.2933264860841026e-08,0.30495165968024707,37.660180340929884,3.7677462538506287e-07,3.708107490794498e-07,0.023839581817886635,65.06762751368717,0.0018589537745376794,-13.934177417089359
336,0.055302314913845206,4.46154672727563,0.015402926450511386,4.400427681649803,0.04571611917531597,126.9823732700362,125.03926284310914,1.9431104269271822,0.006029964261163855,0.0069648872473545495,0.07647257454717928,-1.5002918492750418e-07,-1.5332147211298146e-07,3.292287185477293e-09,-1.8756742893496853e-05,-1.8769839317138423e-05,1.3096423525230744e-08,0.22596491368190738,33.09158328333708,3.4241479930211563e-07,2.9197976347945473e-07,0.020808421748142104,57.612839608275586,0.0018491705209431086,-252.54543502476372
337,0.058175098628301766,4.640450854325121,0.016074778039159382,4.559309297487529,0.0650667787984325,157.8309402889086,156.06462701157784,1.766313277330811,0.0057880671381350815,0.00731873096913984,0.08106060152390623,1.1980341857214316e-07,1.1690096301798047e-07,2.902455554162737e-09,1.2796678729967987e-05,1.2784026854048278e-05,1.2651875815787493e-08,0.39594003248266013,31.316729496510344,3.075561102011369e-07,3.662301606547354e-07,0.023043060963935054,62.86882440068227,0.001862449563865041,213.60180730277852
338,0.05689852505547478,4.39442496876122,0.015405174432148916,4.327540175259172,0.05147961906989931,106.64202299933724,104.26134530499205,2.380677694345167,0.006382752255256589,0.007648639736536231,0.08505537203617619,-1.901592421362143e-07,-1.947740140973393e-07,4.614771961125053e-09,-2.3614772863876394e-05,-2.362785072794772e-05,1.3077863981051957e-08,0.35667188047890463,1.87158812698235,4.080479261314474e-07,3.947446339783901e-07,0.024321522449535244,59.79134361856829,0.0018794513353876706,617.2315953237899
339,0.06053478483227794,4.7850626902408715,0.0159453509545431,4.721475834610438,0.04764150467588999,130.54675792541622,128.52819552644678,2.0185623989695243,0.0068223269176875285,0.007907947341182909,0.08505434736516922,8.011157539257418e-08,7.68979918877921e-08,3.2135835047820943e-09,8.480918238721841e-06,8.467913653231588e-06,1.3004585395284534e-08,0.31547848748053287,43.908731331601906,3.1449718961555683e-07,3.613063035725358e-07,0.02478842880113809,60.47185157963801,0.001884393711916113,-98.01718316465849
340,0.06231712020440354,4.730681771652599,0.016543407002976723,4.65387818989538,0.06026017475424289,111.33508992393357,108.87466831202372,2.460421611909792,0.007203009956951678,0.008094105199864926,0.09295088398247842,-1.6417566416281471e-07,-1.69011333155417e-07,4.835668992602244e-09,-2.104463496472775e-05,-2.105889765579171e-05,1.426269100174654e-08,0.4871894089724667,7.672524575551598,3.421977135692467e-07,4.413859907430423e-07,0.025131365707040075,62.94147187694099,0.0018949550259452013,-404.1255858551076
341,0.05829897206877709,4.605238427103193,0.015483442618289463,4.519448445200605,0.07030653928429849,99.06060714429321,96.71168536214702,2.348921782146184,0.007158576554967046,0.007069847262289439,0.07960789150606486,-2.201188489092236e-09,-4.897549570284986e-09,2.6963610811927455e-09,-1.9210031502006516e-06,-1.9337603021951994e-06,1.2757151926424619e-08,0.7262782117606493,7.0087360583225085,3.3133042444197093e-07,3.768186636976353e-07,0.022214623711959144,60.23877788735021,0.001868129786844947,23.174955705585035
342,0.062497975202686865,4.905508791399628,0.018401213983657287,4.826905982719777,0.060201594696193746,112.01286977283101,110.12060011827523,1.8922696545558462,0.006373609861485004,0.008255259043498869,0.09211271890005507,-2.2038983561935056e-07,-2.2531073250820752e-07,4.920896888856937e-09,-2.6482255610537146e-05,-2.649633141028125e-05,1.4075799657951945e-08,1.489513450623677,30.57002494545517,3.673526356775942e-07,3.7620131382562185e-07,0.025203343665925155,66.32919215676428,0.0018800241095354752,-120.36347405357446
343,0.06043678114903545,4.704289863857975,0.016017762292740535,4.615639710845246,0.07263239071998837,118.32891162709396,116.64264113048357,1.6862704966104485,0.007402282690620653,0.007354974820758054,0.08594860578059615,7.583173709475563e-08,7.204384334185573e-08,3.787893752899837e-09,7.60508600394988e-06,7.592103682457227e-06,1.2982321422429992e-08,0.29592741558364755,-0.7929721418831346,3.1913359251610255e-07,3.7194474106972434e-07,0.024197581546523638,61.57461896139931,0.0018687122736571144,-490.1554533508847
344,0.057330117266658404,4.496493742690106,0.01703266492054761,4.412490961133782,0.06697011663577579,141.23871850636115,139.46577020466205,1.7729483016994065,0.006275258053673453,0.007050535240818989,0.08167549359230311,-5.252340179523628e-08,-5.646983253249056e-08,3.946430737254278e-09,-6.984677023059981e-06,-6.997431922616825e-06,1.2754899431019943e-08,0.6177108746560767,26.38377197192064,3.8932083933210327e-07,5.119023821138709e-07,0.020979219116591733,60.628129453615074,0.0018615123105713497,324.8535223538379
345,0.05788502732786257,4.4137687688633385,0.016216573297652796,4.334798739260584,0.06275345630510229,152.94202529837813,150.99358807427993,1.948437224098157,0.007255037007602088,0.00776472750920108,0.08772926594831826,-3.0407002698578873e-07,-3.090889375828776e-07,5.018910597088829e-09,-3.757456150711742e-05,-3.7587732505247604e-05,1.3170998069953227e-08,1.2226938759344328,42.68379668685757,2.93657466807921e-07,3.403387324784308e-07,0.024245740129344925,58.592666816187204,0.0018810283752520825,-182.91407743165882
346,0.05747839022408286,4.4938335580505235,0.014739063963865066,4.423948771615456,0.055145722471201246,117.20537802131736,115.46783115090113,1.7375468704162984,0.007641956569593788,0.007413840139976681,0.08304579595242034,9.402904426884234e-08,9.12559712746206e-08,2.7730729942217314e-09,1.0657779505033919e-05,1.0645092518540266e-05,1.268698639201442e-08,0.29162073187353993,-25.06691024421522,2.865999533429981e-07,3.6876433467833254e-07,0.02306089809447248,57.70487734991433,0.0018704233558800541,263.28028131803876
347,0.05954196668540875,4.616418516371812,0.014803577262727933,4.54301437091256,0.05860056819652539,137.62788978272891,135.10292365280185,2.5249661299269843,0.00633181767148746,0.00760886816199326,0.08446025166648717,-3.460930114170393e-07,-3.522257071390245e-07,6.132695721985175e-09,-4.201899036360732e-05,-4.203234991623717e-05,1.335955256669191e-08,0.3787684107558671,19.022857043259652,3.987500672833665e-07,3.840770584539594e-07,0.02336540160204084,62.242362013287234,0.0018873680586628434,100.99765848178458
348,0.06417880182590088,4.9192569058950095,0.017093132538164163,4.832628436936265,0.06953533642058062,131.54286535006196,129.25052628013125,2.2923390699307085,0.009448946303433311,0.007937835842287168,0.08768784773503739,1.8083468347995493e-08,1.2817278651622687e-08,5.266189696372824e-09,1.0355037803751433e-06,1.021676782624009e-06,1.3826997666458393e-08,0.4167700269552024,31.325122155674606,3.883961241706294e-07,3.9657141324260204e-07,0.025502341077267864,64.52214990053938,0.0018826263376320357,240.86116892218706
349,0.056880357043035186,4.4001483495291,0.016433081962132196,4.319900163650865,0.06381510391610297,112.96315784043558,111.2882910040713,1.6748668363642398,0.008371323900847827,0.006690737884331546,0.07636934219104746,2.2396203888192346e-07,2.2038924522880373e-07,3.5727936531197244e-09,2.6995261817396724e-05,2.698182664354405e-05,1.3435173758089154e-08,0.2836786453100698,22.650301758998676,3.677442437576709e-07,3.361020185609993e-07,0.0205134198925766,59.703900125360704,0.0018977715952907333,62.70227720367029
350,0.06043965809687963,4.544634897328797,0.015418704904550972,4.467851429451567,0.061364762972678406,91.66521305290968,89.73376997868596,1.9314430742236335,0.006380803643709622,0.007746052489550012,0.08880793170413871,-2.0759853724162212e-07,-2.1165295039343902e-07,4.054413151816849e-09,-2.5254719980917515e-05,-2.5267430762092053e-05,1.2710781088797728e-08,0.23345964151242388,19.135187771979957,3.646349296423061e-07,3.797316352861218e-07,0.023808635797295547,59.976757482195495,0.0018485305639914782,-387.03946808398996
351,0.05755248989021047,4.461781127847832,0.014599078128980645,4.3943192055082365,0.05286284421061461,126.34119034635135,124.78227406376546,1.5589162825860636,0.006865964183405457,0.006903489086589273,0.07489675945031897,4.753972142729621e-09,1.514351206996285e-09,3.2396209357333363e-09,-3.000162561529217e-07,-3.1328752957639867e-07,1.3271273336686307e-08,0.4411384647321051,70.88292739615488,5.268074034243424e-07,3.8616184674412875e-07,0.0220130327780209,57.86652747427712,0.0018770619515752576,46.87037875342776
352,0.058469269865062456,4.407858570477462,0.015574347952269479,4.336105682069439,0.05617854045575322,138.32498438751773,136.20791654915297,2.1170678383646915,0.005581938790783945,0.00799810331906279,0.0920182469117172,1.247750231314689e-07,1.2234024145240127e-07,2.4347816790676175e-09,1.4028152248947783e-05,1.4015395298806613e-05,1.2756950077169025e-08,1.0238267695275935,31.406545925420144,3.130559680931395e-07,3.425380797450927e-07,0.024875808620582727,60.99885080795205,0.0018694834603939353,133.6825379992979
353,0.06204116898953929,4.6931148227079635,0.01602217667529394,4.621501203904355,0.05559144212831475,136.1804642552415,134.0673800247093,2.1130842305322677,0.007724432413109167,0.0078679744354888,0.09504734363981873,5.811314076148827e-10,-3.326338967688067e-09,3.907470375302958e-09,-7.458605357899189e-07,-7.596082034433974e-07,1.3747667588844047e-08,0.4970840442269509,29.11219986417252,3.049004102124262e-07,3.691785243370592e-07,0.025166642529445307,62.68775452150116,0.0018894683896919834,249.81152226602353
354,0.05895719167590353,4.395160788113075,0.014599425510709089,4.3157831097058095,0.0647782528965556,155.69929071578056,153.50580525086426,2.193485464916279,0.007791747176259376,0.00764380486773566,0.08749715544215836,6.688174402846686e-08,6.369204416509396e-08,3.1896998633728853e-09,7.36406516938691e-06,7.350828677477911e-06,1.3236491814913534e-08,0.45168101334038513,37.78695601380256,4.19319743063547e-07,3.5816631058511256e-07,0.02525826309601351,60.199733685458625,0.0018762022430468103,-320.07194717198445
355,0.06151835730698905,4.950407920696667,0.016904632556480382,4.873299974125072,0.0602033140151134,125.94118478802618,123.56940279321246,2.371781994813746,0.006131345269039935,0.007787178843870741,0.0892878024423658,-4.2467743370351935e-08,-4.6292233377650864e-08,3.824490007298936e-09,-6.332292854447341e-06,-6.345575283036611e-06,1.3282428508113205e-08,0.6761416470238739,36.51152635233075,3.9074990802807815e-07,4.447964453065405e-07,0.02387650876885085,61.293981667570534,0.0018699511483911584,-454.7571763877836
356,0.0617993173574189,5.093027955426425,0.017397067704561037,5.003283059563158,0.07234782815870672,126.5998973229953,123.88504560202551,2.7148517209698073,0.008571306769213341,0.008562783259746099,0.09311789237765714,-1.398210342449218e-07,-1.4392357246454166e-07,4.102538219619943e-09,-1.805168107256734e-05,-1.8064655882122317e-05,1.2974809461334614e-08,0.29857418028958344,25.3506720478523,5.254100784767745e-07,4.0642337889401843e-07,0.025775644181568996,66.93937016106193,0.0018539354087898333,-138.10064858060605
357,0.06202383956452744,4.761526131728577,0.015647263372466202,4.6775082755642226,0.06837059279188921,132.42104195129903,130.2068470388856,2.2141949124135776,0.007267428862705317,0.008073971398878622,0.09420200873139645,3.125679350410774e-07,3.091718627452532e-07,3.3960722958242865e-09,3.723733302833581e-05,3.72237344626482e-05,1.3598565583331163e-08,0.4183216215141366,45.434295047391224,4.3255623972159877e-07,4.0379435679136464e-07,0.02529335655177052,62.28808009794287,0.0018670409979620348,-228.75246719050665
358,0.06291518852684354,4.832964579498806,0.016693489267692232,4.753931834545305,0.062339255685808226,116.67242167132049,114.116955324,2.555466347320548,0.007349254092565375,0.00783989776236236,0.09089712838420402,2.0435444415171134e-09,-1.6555425573455432e-09,3.6990869988626583e-09,-8.608296650194989e-07,-8.743927881135136e-07,1.3563123017560968e-08,0.35243383436469544,15.432183017963068,2.714349454983864e-07,4.303377000852786e-07,0.025336522177759294,62.362480922413255,0.0018797086810063487,-670.1404781473307
359,0.06213311015032206,4.64452119686146,0.016709249771045834,4.575206903942009,0.0526050431484048,149.8032709530053,148.05033208036377,1.7529388726417954,0.005973089086140674,0.008632942926376666,0.09969145950149022,-5.953001084301819e-09,-1.0152836373485161e-08,4.1998352891833405e-09,-1.7259691725696323e-06,-1.7398635850813355e-06,1.3894412435613412e-08,0.682746277643092,14.514506005152857,4.1791180178494224e-07,3.6605182830825883e-07,0.026370868988826155,60.31525384129439,0.0018926388525773994,103.91688044144439
360,0.06421638648797205,4.742672539713716,0.016791195588549832,4.670071674790471,0.0558096693346957,127.07546474883762,125.29040505688637,1.7850596919512536,0.007497117245605989,0.008445738191320964,0.09483769505379812,-6.830261050425007e-08,-7.354584482769452e-08,5.243234323444441e-09,-8.411670851917696e-06,-8.425412801293924e-06,1.3741949262293177e-08,0.391573275084071,1.4599503845859454,6.150325565354252e-07,4.136969688788396e-07,0.02559231908827254,64.24848879777039,0.0018805646143794995,-390.83669210534754
361,0.05782410280261924,4.672313498240984,0.01584533708789618,4.592375321279988,0.06409283987309926,121.05540447400392,119.05372411190477,2.0016803620991044,0.0074162181060311505,0.007152482233013836,0.0777507099743232,2.8479392344506376e-07,2.8111062814870945e-07,3.683295296354271e-09,3.267100947313713e-05,3.265713944995688e-05,1.3870023095274263e-08,0.4569392411553005,19.163483800059385,3.8198830464692447e-07,3.6078313454281346e-07,0.02312680918500083,61.97076113327694,0.0018926139911663166,106.13419044049533
362,0.05927244693074917,4.791894712026739,0.01715734869425011,4.710024840214205,0.06471252311828474,177.7447778630202,175.27616354877856,2.468614314241834,0.008218656861079334,0.007828557118769086,0.08285515261204522,-4.4488967580988814e-08,-4.734129322210302e-08,2.85232564111422e-09,-6.019072744526864e-06,-6.032255277665298e-06,1.3182533057280621e-08,1.1355423299912426,48.532505078307544,6.034970073086864e-07,3.7021094561545733e-07,0.02364062923570608,62.52707624106732,0.001873902547504515,64.91702250446451
363,0.057131734993223084,4.687378628097948,0.01748501586772352,4.61547836466392,0.05441524756630345,136.71031615115822,134.52549302998725,2.1848231211706888,0.005906475656642418,0.007375181786437768,0.08579527611399451,2.98788359983912e-07,2.94661546361243e-07,4.1268136226690365e-09,3.474644271009174e-05,3.473301515250939e-05,1.342755748606156e-08,0.48579473722151956,41.910938207511414,4.3826773264224844e-07,3.662444164927452e-07,0.024136688871150013,58.592852320523406,0.0018609074137684873,-422.3363795681935
364,0.059315466511361714,4.563849630654638,0.015941555654664014,4.484151830041734,0.06375624495824013,127.92986223516961,125.94465514152516,1.985207093644557,0.006405412799863726,0.007314450636777954,0.08086892333871096,-6.6035188174042e-08,-7.079531019635443e-08,4.7601220223124295e-09,-9.119736932060027e-06,-9.133523734898844e-06,1.378680272103043e-08,0.8222567709388717,24.141112723475832,3.908311838354638e-07,4.209558349968893e-07,0.022677027920346222,63.76830273926426,0.001894682668390165,182.9132749599753
365,0.05516128170231582,4.529407070866521,0.015653227422733968,4.456905984075669,0.056847859368118585,116.27223428193993,114.32627314067038,1.9459611412696245,0.00806695929332721,0.0070841517481216665,0.0777831820558469,1.0639773023136132e-07,1.0132124105139265e-07,5.0764891799686666e-09,1.1758905030364909e-05,1.1745542572302367e-05,1.3362457978987298e-08,0.30785396498942796,42.91796067299733,2.938610137265338e-07,3.541660038574859e-07,0.021412338262111464,60.61560541500085,0.0018859246904142717,563.0923624166535
366,0.05904546641906209,4.6733899136756465,0.015511138687732733,4.587167459527497,0.07071131546041716,106.92940561235447,104.94038045694593,1.9890251554084841,0.007006032781487368,0.006863495784944292,0.0777308324443738,1.27780634930093e-07,1.2308142019173367e-07,4.6992147383593025e-09,1.4210509100520385e-05,1.4197147423918335e-05,1.3361676507682632e-08,0.3386932851852809,-5.224090442781507,4.933522603278122e-07,3.527079131079157e-07,0.023004299949297594,62.20115982971858,0.0018591728660888984,-83.3228378707272
367,0.05927716161526878,4.771708562617164,0.016102389116630155,4.6998357464831635,0.0557704270173692,127.31833349002106,124.45241831607602,2.8659151739450337,0.007750801513701499,0.007047132491014912,0.08143637560233281,3.895411242644522e-08,3.561530900773144e-08,3.3388034187137735e-09,3.5700064493824135e-06,3.555909044928265e-06,1.4097404300221498e-08,1.1071758638120774,25.46565728319955,3.076257001448249e-07,4.5843197351722687e-07,0.023734503320405196,60.25221507691659,0.0018809260193240864,520.9720120090315
368,0.05811929965940879,4.729869063989893,0.016394785000469012,4.6564361053265,0.05703817366292506,124.66693271450265,122.71801635197583,1.9489163625266512,0.005426774333959201,0.00735442543450412,0.08201010139568907,-1.6841773829189414e-07,-1.7116313838947232e-07,2.7454000975781257e-09,-2.057579600949526e-05,-2.058863388905931e-05,1.2837879458138351e-08,0.37837873257598564,28.525995795557016,3.838550339008435e-07,3.479414270838842e-07,0.023232928853630326,62.81009988777146,0.0018593675100307596,209.80893973448065
369,0.05855352462321302,4.6475010761148505,0.01588376097143031,4.575455529429226,0.05616178571419443,123.93823665681182,120.72564345766098,3.212593199150895,0.005932564002139845,0.007675901184798466,0.08349758186297568,1.416912607812754e-07,1.3667840228759651e-07,5.0128584936789334e-09,1.6003454054837554e-05,1.5991043187864512e-05,1.2410866872620227e-08,0.8506582730746949,35.4326788759618,3.2389331876400147e-07,3.5323582164648084e-07,0.023308638650588596,62.94839400712204,0.0018560808257022032,-249.64573779484726
370,0.05951324446963098,4.569323631919429,0.016024908628062388,4.495419764568773,0.05787895872259358,107.39951774549874,105.34347752234878,2.056040223149974,0.007794261433970629,0.007094031501078555,0.07704694780735265,-2.1201927077231716e-07,-2.1505364063202285e-07,3.0343698597056978e-09,-2.6067268614066472e-05,-2.6081765094387754e-05,1.4496480225548475e-08,0.37823499275246053,-3.069278713118133,4.715711107677558e-07,4.495776552697738e-07,0.022081685746024194,64.02398957920641,0.0018786307854409348,-485.66406050006754
371,0.058949150304592066,4.505401814079444,0.01659462927690846,4.424887467012069,0.06391971779046647,121.00442156046186,118.89075356627461,2.11366799418732,0.006728706972858058,0.007251300303790586,0.08245410774505023,1.440625874397826e-07,1.4046632704442635e-07,3.5962603953562447e-09,1.642743012763746e-05,1.6413811092648205e-05,1.3619034902946357e-08,0.24306956000406874,16.483175670248354,3.176710827481981e-07,3.457866098191553e-07,0.023445478752614858,59.227035885472176,0.0018614851894082957,-597.6626655160348
372,0.057917434328271955,4.748229281893744,0.015486895305402853,4.67593277529181,0.056809611296532225,129.68935871247575,126.25087515837014,3.438483554105742,0.006970731368090268,0.007247039617812843,0.07944902486846643,-1.8901855779140794e-08,-2.1639752370809145e-08,2.737896591668364e-09,-2.373996789110011e-06,-2.3876444484786012e-06,1.364765929400364e-08,1.7104734726134583,18.191752431199536,3.665738828864463e-07,4.0271256856605225e-07,0.0229496044356492,61.84984801859475,0.0018877157835887534,-40.66547463688221
373,0.05727584388477747,4.536848321925852,0.016637344495548084,4.45560172125561,0.0646092561746945,137.28829419823083,135.26878619114822,2.019508007082781,0.006603265283194998,0.006702898552851947,0.07275680662292401,1.5150116773301458e-07,1.479569503296063e-07,3.544217403408344e-09,1.7761064806522116e-05,1.7747236745884966e-05,1.3828060540105099e-08,1.2205597646365178,40.34710000494217,2.967422915451301e-07,3.635476741088599e-07,0.021570928161083185,62.59772916368622,0.0019040658317822136,-75.58145097773877
374,0.05609737651074053,4.479136196592433,0.015754535530838467,4.403272143462883,0.0601095175987108,124.51323481122203,122.69200116275847,1.8212336484634646,0.005881762886391903,0.0073328155943267635,0.0794231376185186,-1.3778404591394272e-07,-1.4142696598359863e-07,3.6429200696559737e-09,-1.683191728492758e-05,-1.6845447781966256e-05,1.3530496977579022e-08,0.48882061083079176,21.798225897634577,2.5286154368498584e-07,3.592697255900178e-07,0.02289077867758853,61.00199570396353,0.0018857422488656606,-651.6628570469879
375,0.059354230049662615,4.58963381643569,0.016079629521494825,4.5114123244884174,0.06214186242577774,120.31792614124087,117.37093911737873,2.9469870238620457,0.008051492321468179,0.0074921316315094645,0.08572548027899118,-1.5035685435329977e-07,-1.5357404009598928e-07,3.2171857426894605e-09,-1.859050123287664e-05,-1.8603706615462545e-05,1.3205382513243272e-08,0.6120463899130804,7.558671115097852,3.343382837655155e-07,3.4108721454114537e-07,0.02337217409471442,62.921483047817574,0.001862889759000484,-330.51620250749147
376,0.05522052311491297,4.332950523705783,0.015486299933534944,4.254263642455041,0.06320058131720725,112.06623867967164,110.53335078657021,1.5328878931014571,0.006191044191157377,0.006783373000833236,0.07568001551925696,3.7259835937933977e-08,3.436598938409424e-08,2.8938465538397373e-09,4.1248922229092814e-06,4.111014105087949e-06,1.3878117736340062e-08,0.21438782723595995,4.2291376521707456,3.7245083434153135e-07,3.174322285584193e-07,0.02076963211683743,56.98917760803218,0.001863255281802611,-356.64692173008234
377,0.059582678100219236,4.788185785991029,0.017690331355998706,4.699516689795418,0.07097876483961256,111.12581927328732,109.09529254165885,2.030526731628601,0.006059352938597332,0.0073068213861203135,0.08362260608581738,1.2796314901072593e-07,1.2496315855896223e-07,2.999990451763679e-09,1.4238674331484752e-05,1.4226004147952866e-05,1.2670183432598726e-08,0.36484715544545915,8.498405824306145,2.7855176128054684e-07,3.85860738381749e-07,0.02418280711704591,63.187316006550404,0.0018664128622609205,-862.911280595441
378,0.055747451618239796,4.418438263996707,0.017870128942326466,4.345026795053935,0.055541340000444486,138.76172258696414,136.6478467938514,2.1138757931125522,0.006019453462765629,0.006760828626441739,0.07521419260498004,-8.994105944191813e-09,-1.3442790763487992e-08,4.448684819296175e-09,-2.51758243641582e-06,-2.5308835553277475e-06,1.330111881964462e-08,0.8956000913188165,32.802201785771615,4.4037323318986815e-07,3.2914379643020666e-07,0.020724924751008983,62.991472244071794,0.0018810200862085023,191.1105131731897
379,0.058707150139716856,4.58371997058183,0.014992534512307566,4.512844893466627,0.05588254260289429,91.07198800288255,89.15490795457691,1.9170800483056731,0.008868361850046934,0.007240426945945195,0.08581712664488464,1.6313291458086758e-07,1.5996621450459248e-07,3.1667000762750826e-09,1.9095407010042378e-05,1.9082237737109277e-05,1.3169272834820141e-08,0.27972051354447924,44.93892845089399,6.181436908171528e-07,4.230540009075414e-07,0.02153204812847804,62.174685140387425,0.0018454357489260823,-174.972893324722
380,0.05532972239881075,4.471117202444215,0.016691152920438997,4.400349046804921,0.05407700271885451,109.02679412262854,106.79585452137187,2.2309396012566833,0.00803109056221013,0.006579987125017309,0.07260045156321607,-9.54687517697967e-08,-1.0029003382875394e-07,4.821282058957285e-09,-1.2220323350935152e-05,-1.2233393607208414e-05,1.3070256191977482e-08,1.4044858045701707,16.057831483218504,3.4610679445721445e-07,3.650273806475943e-07,0.02167149411005194,58.26080603899162,0.00187103196597691,-42.02612423558503
381,0.060920685688031946,4.786003345969189,0.016899021876408134,4.709329885692314,0.059774438400467984,132.54734660604652,130.52209576224965,2.0252508437969534,0.006300834909430085,0.008019221131274516,0.08900166946567485,1.729613484016785e-08,1.3409401256571837e-08,3.886733583596006e-09,1.8443393201719314e-06,1.8309773074844828e-06,1.3362012552815259e-08,0.26703259592062467,16.636993979931447,3.526035762789163e-07,3.9302280691892134e-07,0.024180994026670715,63.455367513214874,0.0018951697609172658,97.98241453638275
382,0.05856249227429803,4.685314766393204,0.015590544270240656,4.6123871389696625,0.057337083153301216,117.10053814768459,114.62677881069777,2.473759336986954,0.006879869443344934,0.00681096346606814,0.07689771464741652,3.324472502858562e-08,2.5357236179939053e-08,7.887488848646585e-09,2.7245276920544494e-06,2.71169114331189e-06,1.2836548629553685e-08,0.4858172730682093,18.116348508876364,2.8132545239169346e-07,4.2278397107856097e-07,0.022099402141685476,60.08145540141839,0.0018694995518883986,471.53564730455037
383,0.05939995212599225,4.873467029741359,0.01620053244440802,4.797394818211386,0.059871679085564525,134.5204528973998,132.08836364490227,2.432089252497542,0.006882517230701643,0.007009379412641799,0.0798550952947832,-1.818293590585319e-07,-1.8672864426387108e-07,4.89928520533918e-09,-2.2458233531393358e-05,-2.2471326658043875e-05,1.3093126559394249e-08,0.2571626867137754,20.747332724499376,3.0354111846960185e-07,3.3955102884439033e-07,0.021371250907317018,64.74707028892846,0.0018885301994354762,45.363612628833835
384,0.059223704268856814,4.475914825464558,0.01578842319705618,4.397511993739746,0.0626144085277567,148.40795677855536,146.49577877915777,1.9121779993977337,0.0066822137565125264,0.00730012549919787,0.08367264867711297,-8.408770106329352e-08,-8.807172165483973e-08,3.984020591546259e-09,-1.1382238316803836e-05,-1.139570377409723e-05,1.3465457204965637e-08,0.3589995682780796,38.8191333256323,3.973368180170915e-07,3.412538042361707e-07,0.023790354114467033,58.96092408437516,0.0018821313056997587,-152.23789806661625
385,0.05789832839747237,4.4924654285603935,0.015665885563511856,4.419010710352597,0.057788832644284124,165.68398473540526,163.43407054164746,2.2499141937579497,0.00661495198237582,0.007165412106967055,0.08012909804990175,1.3958084035557145e-08,1.0822677796387712e-08,3.135406239169432e-09,1.2065620923858709e-06,1.193471343839215e-06,1.3090748438021576e-08,0.28539483552074496,-17.748675567048938,4.1019128462850903e-07,3.660012000731489e-07,0.022393623128764667,60.66260967947258,0.0018709194100428718,-552.1733676422632
386,0.06054817979024282,4.804373299264041,0.017160197099800364,4.720586779131632,0.06662632303260836,130.7551722523498,128.53240394159945,2.2227683107505274,0.008789071067653984,0.007993988163488138,0.08603549914297191,-2.1942688703080731e-07,-2.2250684913888516e-07,3.079962108077841e-09,-2.659773609028005e-05,-2.661182456028222e-05,1.4088469927474808e-08,0.9456906724185896,29.386157657439778,3.815051966906208e-07,3.3858252025882033e-07,0.025459489142074413,64.61559758416568,0.0018703572314477306,-98.07075818086832
387,0.054669483089024716,4.448742130625439,0.016549015463108302,4.372203799835605,0.05998931532672558,120.76166996254318,118.46568940539258,2.295980557150642,0.006947399747670972,0.006756894666370677,0.0737263507048172,1.3473314370616667e-07,1.305188621200454e-07,4.214281586121302e-09,1.5113362179195655e-05,1.5100374966100347e-05,1.2987212984011409e-08,0.38468222425117393,24.993695534603173,3.634861072016515e-07,3.0353843536879795e-07,0.020912556119548398,56.562742537376664,0.0018722751875443248,210.23622718150182
388,0.05704975678754179,4.6098682149045285,0.014893762420950736,4.539891561696355,0.055082890787221145,98.83215571789513,95.58392021018223,3.2482355077128378,0.0054457709611605235,0.007058157700524424,0.08172565396336334,1.9008460326456183e-07,1.85499910419211e-07,4.584692845350836e-09,2.2511933216416234e-05,2.249867030624959e-05,1.3262910074963526e-08,0.29130586538042924,53.21227560233643,5.221023337427433e-07,3.8361748742561667e-07,0.02148922083880896,60.70021645254293,0.001868347379287569,-252.69198049028364
389,0.05728234671377777,4.487084283253533,0.015268442462620367,4.413099960146409,0.05871588064450243,127.88839341903677,126.01314735823725,1.8752460607995267,0.0052815985844017685,0.007477062295019308,0.07974554712076404,-2.3497125533892985e-08,-2.8015947321226823e-08,4.5188217873338375e-09,-3.2073499806623813e-06,-3.219630345301527e-06,1.2280364525586061e-08,0.9019456107349191,28.107403298278374,2.7980789427447965e-07,3.647832986426656e-07,0.023350970531111123,59.58081947313374,0.0018522345485468598,403.6745980916171
390,0.058339093024906204,4.872267214684127,0.017040940430561268,4.789184287837748,0.06604198641581877,136.95090556455645,134.8333905056716,2.1175150588849374,0.008579253367927258,0.0074614837618733046,0.08530674642667992,4.065656289679229e-09,2.608460562199269e-10,3.8048102334593076e-09,-1.665178892400243e-06,-1.6793037503749563e-06,1.4124857859264126e-08,0.22874185052128837,30.08429181459923,3.2159032040935255e-07,3.819878879642724e-07,0.02440728664634583,63.373734844664995,0.001897407556352421,111.56582260274126
391,0.05691237127419827,4.459220046249966,0.016507629753920106,4.384275229336274,0.05843718715977089,121.40777504691158,119.3962625260879,2.0115125208236213,0.008042365563819823,0.007069319309938389,0.07803566743892693,3.558872518888139e-08,3.1505275427946385e-08,4.0834497609350005e-09,2.9117054627057276e-06,2.8987077052876424e-06,1.2997757361970099e-08,0.4526162082567615,22.444903025900814,3.083563533537899e-07,4.1496224777461444e-07,0.022256779970408813,61.11628410778772,0.0018524768702870163,-620.8964675591042
392,0.061139826319548854,5.029020494336008,0.017332680170358394,4.946823122386993,0.06486469177865593,111.78001497878947,109.31786907288193,2.4621459059076596,0.00746973457983648,0.007348332263454787,0.08221890198922129,-1.722206646824965e-07,-1.786371025997304e-07,6.416437917233906e-09,-2.1416783156876185e-05,-2.1432012465121635e-05,1.5229308130905348e-08,0.5778595378631768,98.78596463690246,3.905382658496346e-07,6.345590069898958e-07,0.022817022355941453,63.47426615523829,0.001881730929228973,-219.40775602191843
393,0.05925619742374532,4.7215585669974125,0.014730412165280423,4.656225860208678,0.05060229462345453,135.4528984072517,133.3762191108937,2.076679296358271,0.006197657115133554,0.007790482656837373,0.08775659444179108,-1.136393138401495e-07,-1.1747549639561904e-07,3.836182555469559e-09,-1.4799350832694437e-05,-1.4813134237384126e-05,1.3783404576791172e-08,0.357352318991911,25.34315215870636,3.845894616794154e-07,3.3741698537621967e-07,0.023804564760148528,63.00943000729068,0.001891328651437578,-149.4264194855955
394,0.06099147263154773,4.7836088253966995,0.01655905609961775,4.691148661474717,0.07590110782236542,127.37752991189653,125.48486647875633,1.8926634331401646,0.007794628198391486,0.007770384594726591,0.085113526242044,-2.4250751592742585e-07,-2.4605901715834884e-07,3.551501230923004e-09,-2.9347135065238523e-05,-2.9360557666981787e-05,1.3422601642557016e-08,0.7837203319648647,24.23904984204933,2.947499309587769e-07,4.400389440397009e-07,0.023694797927410978,63.5844296632743,0.001881802194837592,440.0187876816967
395,0.05941734459475768,4.649888722109079,0.015735515592817318,4.584504182321304,0.04964902419495779,128.47445224891672,126.64705244699401,1.8273998019228674,0.007427969882978775,0.00769724215654523,0.08724595362124249,2.6137840925043194e-08,2.19012564192002e-08,4.236584505842997e-09,2.4053234722951703e-06,2.3922118290730623e-06,1.3111643128239581e-08,1.4859934189783823,-10.948726290782115,3.654960355144134e-07,4.0836655018232435e-07,0.023732709262439703,62.182842823988345,0.0018799016110108077,-135.5563025644742
396,0.058514867997811776,4.61141713561444,0.015486014914664807,4.531758921146644,0.0641721995531314,109.02974922429719,107.0121523932996,2.0175968309975003,0.0054623203811946745,0.006796502703368356,0.07557126707292174,6.186943912031308e-08,5.9383995957541934e-08,2.485443162771154e-09,7.2054650678597345e-06,7.192399927364774e-06,1.306514041404248e-08,0.48539225633085814,24.539552260347648,5.704628815808523e-07,3.8568594129474555e-07,0.02202983028613907,60.488568882786396,0.0018744707660693163,-555.6372094249318
397,0.062329266596550276,4.612596121931269,0.0144597316548839,4.533633878583937,0.06450251169244992,104.1320408281256,102.37391453684516,1.7581262912803601,0.005703941476486308,0.00887088855231814,0.10041139971964681,-4.032111470002409e-07,-4.06208341474511e-07,2.997194474270148e-09,-4.777848929510149e-05,-4.779267203646337e-05,1.4182741286333748e-08,0.9065909599576214,17.69712285498329,3.2003092043517153e-07,3.8981321548384617e-07,0.026953439031568955,59.62150765367109,0.0018785821223400254,163.10721046972867
398,0.057366218794077134,4.5793142866395415,0.01644597634091122,4.5054823268981785,0.05738598340045119,143.9810485168208,142.1338007364906,1.8472477803302014,0.005266000183327128,0.006820172438099735,0.08106639455254687,-1.7080146675738194e-07,-1.7377815960305517e-07,2.976692845673228e-09,-2.156532452681543e-05,-2.1578366389814564e-05,1.3041862905781337e-08,0.5442569759811612,28.742638125565033,3.096604213695031e-07,3.9863765656337585e-07,0.021893523823979445,60.15093059260981,0.0018806457898668141,-916.0088498881137
399,0.061566807510779226,4.567107239332938,0.01603009623655076,4.502293772462995,0.04878337063339288,148.31279375574186,146.5594316037063,1.7533621520356724,0.005074124341622221,0.0072624150157238375,0.0849191225640452,-2.1096361086762813e-07,-2.1419815687068558e-07,3.2345460030574685e-09,-2.602339792117427e-05,-2.603660431364778e-05,1.3206392395048213e-08,0.668300922650578,44.395644169755535,3.8371532750926335e-07,3.992712833779421e-07,0.02356811369849951,59.17949240915071,0.0018611732099610616,395.54442703483846
400,0.06243676298681354,4.908202501583845,0.016823974627747467,4.83201176629638,0.059366760659717535,125.68162238258448,122.24094182331278,3.440680559271708,0.00684924072760712,0.007994761319039825,0.09043031016627362,-1.3966479239300162e-07,-1.4601797862822203e-07,6.35318623522049e-09,-1.732584193369939e-05,-1.7339309863641898e-05,1.3467929789591121e-08,0.43826991467868703,15.45222969460686,2.809835831459599e-07,4.5672748905967e-07,0.024855979362596998,65.81021187972954,0.0018860936330438712,54.970061149227604
401,0.05840824912422584,4.718975441723637,0.01600646346090392,4.639475127698657,0.06349385056407533,135.0774082613142,132.80131982180956,2.2760884395046688,0.007561705916742663,0.007455113465387846,0.08297753260973405,9.249310231486486e-08,8.872688301987206e-08,3.766219294992822e-09,9.961561169671141e-06,9.948307242074757e-06,1.3253927512747463e-08,0.7055721595325148,55.01186757778034,5.35197276028905e-07,3.69778804457604e-07,0.023760516857684887,60.962913532225286,0.0018698226646632202,-660.2478435270154
402,0.058079946344178957,4.673430082955045,0.01628057210477367,4.602230862085056,0.0549186487652155,125.12534364471495,123.06407846725318,2.0612651774617667,0.00645476929306518,0.007115164712093356,0.08089594024891175,1.198376544680062e-07,1.1643271692596772e-07,3.4049375420384036e-09,1.3326408518561048e-05,1.3312752545671653e-05,1.3655972805642174e-08,0.34993115354527476,-6.564742555348449,3.7950985745917037e-07,3.535036434817471e-07,0.022794740672836995,62.9695870632047,0.0018591992258597018,359.95115470910014
403,0.05997908947873592,4.399241442770041,0.014732528859152464,4.323193645108665,0.0613152688022231,114.94638320851995,113.05224994615699,1.8941332623628386,0.00979433212397794,0.007263528389308221,0.08269233533109917,-1.3525969904647093e-07,-1.3785032728678074e-07,2.5906282403098538e-09,-1.7600134007788547e-05,-1.761468006115504e-05,1.4546053266455666e-08,0.8711330527353291,10.191640307723421,8.547649585963671e-07,3.550548178115185e-07,0.022909914677502287,58.268802370836646,0.0018884198421590273,-51.06091649602013
404,0.05774156140467236,4.486733771953601,0.01589037048545544,4.407724538717652,0.06311886275049375,106.22343062536659,103.9071843004274,2.3162463249391,0.007094908808875281,0.007464381705827679,0.0831339383480123,1.8224582708060332e-07,1.7908182558365135e-07,3.1640014969519415e-09,2.1083620568806084e-05,2.1070390194611793e-05,1.3230374118190635e-08,0.5805638695989728,-7.963065082589289,4.4070733474880407e-07,4.725329096201539e-07,0.024057444638165813,59.31572596613972,0.0018705671342158108,182.37073330463636
405,0.059504154139579754,4.798448461022983,0.01664789223655223,4.72402273074362,0.05777783804280969,148.1103924732117,146.2651016036432,1.8452908695686903,0.006955036500320377,0.007634809607729122,0.08299241826946216,-4.95364875896659e-08,-5.360607275425709e-08,4.069585164591179e-09,-6.841985575448852e-06,-6.855748575836196e-06,1.3763000254425325e-08,0.6398241362114467,28.727534496652538,3.318638162441162e-07,3.450825357544989e-07,0.023343157445101886,62.4348939980616,0.0018695921153738736,37.91746653357768
406,0.060783618843772404,4.823455220183194,0.017695403917100724,4.746641916668334,0.059117899597760176,155.12444148960603,151.7368341058367,3.3876073837690033,0.007370430615444341,0.007381109638318921,0.08415214539465471,2.0625421631319954e-07,2.0266107313403795e-07,3.5931431791615486e-09,2.293637169438734e-05,2.2922751250297236e-05,1.3620444002072524e-08,0.5920950334192331,8.985733256496465,2.723103507956354e-07,3.836128952065575e-07,0.022402808595690767,62.872986855445106,0.001891425087629639,-246.79416092039764
407,0.0614427463120853,4.596675071911848,0.015092975111687477,4.51858527989543,0.06299681690473052,135.99044489081274,133.76641175307543,2.224033137737545,0.007268322437035527,0.008847607759511355,0.10086452809435756,-1.5287815340749802e-07,-1.5711540131445874e-07,4.237247906960715e-09,-1.912504189595473e-05,-1.9138720395081867e-05,1.3678499015094271e-08,0.8973150235803748,29.543895750945875,4.847959187084962e-07,3.71786600473764e-07,0.026283457675525045,61.47910698001712,0.0018790094368498196,-314.88678454391265
408,0.058139993618880254,4.5302614842439395,0.014591549926702248,4.456353824933556,0.05931610938368153,154.13344475739106,151.940013227993,2.193431529397851,0.0061636732184991464,0.007523016426265443,0.08551386667114469,3.38348486270154e-08,2.8467056895751878e-08,5.367791731263502e-09,2.477122924181866e-06,2.463846940106436e-06,1.3275983993381434e-08,0.23417153155584444,4.132853026168701,4.29471574688788e-07,3.3226726871708506e-07,0.02327488165916788,58.909724133642214,0.001868362172020738,-270.31297775204166
409,0.05695761823015439,4.405992753064417,0.014192166944831767,4.335553599963725,0.05624698615586082,154.27972541223454,152.52521342670948,1.7545119855251516,0.008426763922489696,0.007260762301011603,0.08205068325018126,2.0490012857337738e-07,2.0221006932346443e-07,2.6900592499129586e-09,2.3679404957660356e-05,2.36664285564338e-05,1.2976401133919306e-08,0.5059435910131885,26.092634255804732,5.981013798159903e-07,4.258615693113467e-07,0.02152436754000526,58.24251452641139,0.0018634422402550959,-217.42342437061598
410,0.06144826239706415,4.9238122115596115,0.01553390597153572,4.844012787066552,0.06426551852152439,111.4757468250893,109.31154268597533,2.16420413911403,0.006995819945300433,0.007665116053545349,0.08850161036155327,1.0769520798257107e-07,1.0090788062175194e-07,6.7873273608191245e-09,1.1829700508062852e-05,1.181672120896363e-05,1.2979299006382637e-08,0.6332364640703647,28.663765078135874,2.8931405325471924e-07,4.158314193029897e-07,0.023657646783582603,65.5124973444113,0.0018698793549039691,360.35521034082285
411,0.06155550515611951,4.861678390135915,0.015457426932777322,4.789884428313031,0.05633653489010609,147.91788665102933,145.40979375132383,2.5080928997054905,0.006217090904273267,0.007501152205897904,0.08749441852451541,-1.3901815706993493e-07,-1.425109990904984e-07,3.492842020563516e-09,-1.7310456641727027e-05,-1.7324080500306168e-05,1.3623858453670217e-08,1.9217650869303666,67.80630778161427,3.331906732900415e-07,4.0910723177906427e-07,0.023318186479752236,62.4613206702074,0.0018922186991363068,287.03877676591173
412,0.06016354519602781,4.668632711002061,0.015017267149907221,4.601713122634774,0.051902321217380816,155.4783890309503,153.63740644617627,1.8409825847742807,0.007884826156879228,0.006809746298605764,0.0758651781553326,1.7246717737158635e-07,1.6888197244318606e-07,3.5852049284002755e-09,1.9991765310183304e-05,1.9978518143241516e-05,1.324716686780786e-08,0.33998619985343137,25.140790079474122,4.314104671268305e-07,4.1818926422597605e-07,0.020732373356377887,61.09080098961464,0.001860510452143753,68.25445870420799
413,0.05910878150406362,4.778809610628896,0.017244792443044787,4.698443041181794,0.06312177700405681,141.90318061832176,139.89541325634667,2.0077673619750627,0.007931738715513531,0.007733211907243411,0.08555007850806708,-8.649012773381073e-08,-8.991568083646419e-08,3.425553102653449e-09,-1.0140973129960198e-05,-1.0154249346342708e-05,1.3276216311613752e-08,0.38477956768722177,40.731729557861556,2.8019583936459885e-07,4.0790725558839414e-07,0.023204031741591694,62.32362536864349,0.001868443516363487,-152.04758559183074
414,0.061652435084296124,4.755637977528748,0.015875002032313998,4.680752251367771,0.059010724128662866,123.53057096893707,121.00722361375585,2.5233473551812873,0.006434860099296654,0.008074810292868087,0.09165711175138548,6.05680426421038e-11,-3.3571905731391623e-09,3.417758615781245e-09,-3.436813605153558e-06,-3.4500866550974852e-06,1.3273049864454851e-08,0.41093519280766777,25.096603413734407,3.034206740140837e-07,3.3850832842108284e-07,0.02435597264198259,64.47448803568747,0.0019005124642949992,588.2479874910796
415,0.05544033341933456,4.420336959471208,0.015078949312401207,4.356033989841691,0.0492240203171166,124.74780948518891,122.72030401827563,2.027505466913253,0.005953289471518933,0.006732455433568191,0.07702411143764598,-4.054080365489485e-08,-4.4246364081533805e-08,3.705560426638924e-09,-5.853609144320324e-06,-5.865651750399815e-06,1.2042606022429408e-08,0.6168194233237979,26.312367261012824,3.5799345022725233e-07,3.5674640076758653e-07,0.025566833845706727,58.02163426349796,0.0018469811706111282,-219.7330047352425
416,0.06124034888725797,4.8687636101157254,0.016446256194059868,4.781337072434394,0.07098028148727183,126.87885450293346,124.90564828556047,1.973206217372972,0.006557595335166369,0.00786770017610789,0.09090396698519393,-6.553222098727423e-09,-1.0412987705662579e-08,3.859765606935164e-09,-2.420284917097187e-06,-2.4334320985732287e-06,1.3147181395345716e-08,0.4320582051958718,56.819730194403775,2.7918554102289834e-07,3.5591362659864407e-07,0.024054811568939523,67.29175213260754,0.001880945160976576,13.830606485992575
417,0.0569881920512233,4.361866743380508,0.014783558910492376,4.289066840387293,0.05801634408272372,113.27991692639358,111.69437490839391,1.58554201799972,0.00853989407158193,0.007214097472264821,0.0841955757965186,1.0452536720675616e-07,1.0108752104056374e-07,3.4378461661924175e-09,1.0871041699121105e-05,1.085633737065616e-05,1.4704328400746282e-08,0.4842582149921937,21.640178150393684,4.313100645161907e-07,3.830837628116547e-07,0.022159134303795548,59.15901218895619,0.0018859773771804315,-354.51542263279634
418,0.05602077367936854,4.40677908321205,0.01500342011743807,4.340449018651849,0.05132664444276204,119.93352951404182,117.7990801117425,2.1344494022992433,0.008153547656325665,0.006311021980742726,0.07239423124572567,5.269516927799574e-08,4.7806603946088654e-08,4.888565331907108e-09,5.621386044675448e-06,5.60863263286158e-06,1.2753411676286025e-08,0.22568546494981934,20.16543790991159,3.3724371043695765e-07,3.177811135779388e-07,0.02043246412061775,57.432320701286635,0.0018563618081954357,-126.00995270945714
419,0.06041385537239394,4.50201847529459,0.01390669015570158,4.426344955397896,0.06176682974099249,120.03777531759685,118.20594585386667,1.8318294637301449,0.006714414098440732,0.008953368388730905,0.10141206186091124,7.798363920115098e-08,7.36972379992897e-08,4.286401201861274e-09,8.51477205016909e-06,8.501727442780716e-06,1.3044607299032557e-08,0.3210202069658707,20.90652105472422,2.646383713941399e-07,3.4504336433930806e-07,0.027658074422816384,58.19514487993925,0.001883952341053302,186.16146945113405
420,0.05742014376691876,4.559679843893798,0.01674701989450002,4.4852679527377886,0.05766487126151023,119.69213418165624,117.82781525255777,1.8643189290983806,0.010647804554144557,0.00729112748836126,0.08156316422916582,2.742064563563502e-08,2.3613596999573674e-08,3.807048636061347e-09,2.6468429869426677e-06,2.6341599760065414e-06,1.2683010861769272e-08,0.5120788462890371,6.625464900401873,4.663332001142366e-07,3.8184732268921474e-07,0.022956931525612102,57.9172609812909,0.0018575695982455658,-153.13038974899155
421,0.0616291543647985,4.863935157652626,0.01676876908712948,4.781947886854943,0.06521850171055281,119.34598382458344,117.12278407170649,2.2231997528771257,0.006634690969058951,0.008130107074999017,0.09147206709596732,3.7114323555922847e-07,3.657893388070519e-07,5.3538967521765245e-09,4.2409194652638016e-05,4.239571296536393e-05,1.3481687178693496e-08,0.44222689306465873,25.320290186084044,3.1156973634541286e-07,3.478624184891497e-07,0.024595774298265167,66.13724154609349,0.0018851691378348866,-96.37440992858774
422,0.06217812540854015,4.951395433148615,0.017751109819397717,4.8750763312252365,0.058567992103982884,124.39160275790849,122.3200028962623,2.0715998616460776,0.01145614306918149,0.008100053478068704,0.0892315248007429,4.4646884882319305e-07,4.4026981319159967e-07,6.199035631593453e-09,4.965596830803575e-05,4.964233204799094e-05,1.363625995058974e-08,0.37119622930670565,19.424798336736817,3.38717773891251e-07,4.132983495493725e-07,0.024610299098963808,65.43238443881727,0.0018868369179209613,-9.699885426976834
423,0.05875398134164155,4.678044484116068,0.016783274263775055,4.5940857122383125,0.06717549761398023,145.3784142930107,143.71938689538894,1.659027397621522,0.007744430904286044,0.007326690532484725,0.08743760427249331,1.9154440325135437e-07,1.8858802926535726e-07,2.9563739859971407e-09,2.169681425886979e-05,2.1683480102810286e-05,1.3334155982256179e-08,0.2911066896126946,32.64988780492186,3.631400642318838e-07,3.61873339532727e-07,0.0224589986940417,58.94188495628344,0.0018760746505150905,-313.4509625203541
424,0.06079669595127451,4.76409576828698,0.01628295357337743,4.688839157271424,0.05897365744217851,103.88412216117307,101.5432727317146,2.3408494294584106,0.005644552690859091,0.007743084059647894,0.08636287799025641,-1.20673845316234e-07,-1.25662610269507e-07,4.9887649532729986e-09,-1.591294879907004e-05,-1.592662765664049e-05,1.367885747170968e-08,0.31699851060973605,41.757348062813875,3.5448752376440584e-07,3.840081244421014e-07,0.024224127324674813,66.42664536993617,0.0018829905876086414,-44.106752663605675
425,0.05769328599084994,4.575645499130282,0.01659071811864153,4.505748780067259,0.05330600094438048,124.87931895366717,122.87063320807587,2.008685745591132,0.00927775714566329,0.006630999093302289,0.07566357524138452,2.4670287605341883e-07,2.4263663105697706e-07,4.066244996441813e-09,2.8242225571922667e-05,2.822932921132132e-05,1.2896360526529606e-08,1.1871557419777745,22.934622312666978,4.228095815530774e-07,3.9910902274731835e-07,0.021179798690357913,63.35838912358727,0.001868780846839446,78.41580363685898
426,0.05940596421390251,5.047155290515646,0.01645285920536264,4.966724598689479,0.06397783262080484,117.45279550446676,115.17213717712474,2.2806583273420284,0.005407103558757892,0.006804887842369723,0.0772522489903816,3.0344029641628466e-08,2.5905686992555523e-08,4.438342649072941e-09,2.699271606931896e-06,2.6860974136127168e-06,1.3174193218322118e-08,0.3392966419493131,24.871903078225248,4.3136572628595344e-07,4.008746940000317e-07,0.02205039721253419,66.70161739163629,0.0018603397616747913,-366.52805811820144
427,0.05935328706209064,4.487570896357686,0.015922329891135827,4.415521170682082,0.056127395784467765,111.65653900224831,108.77550236222744,2.8810366400208323,0.00680103257300439,0.0072721193815096655,0.08422663971609284,-1.6450650906866485e-08,-2.0197748253719497e-08,3.747097346853002e-09,-2.796875929846028e-06,-2.8104211721238315e-06,1.3545242178038945e-08,0.487744873426236,29.67585703284642,2.9459767881657126e-07,3.356910379444721e-07,0.022795253373168255,59.98729412717486,0.0018850921566711466,304.5928374290129
428,0.06048513559802773,4.657616166266617,0.015233627608446999,4.600619263337158,0.04176327532101202,108.44765975789876,106.34455916324312,2.103100594655575,0.007608896580754911,0.007743157490795697,0.08833833384719769,6.310225910448876e-08,5.889331530545773e-08,4.208943799031006e-09,4.550031719010529e-06,4.536990112622934e-06,1.3041606308190773e-08,0.5863033189614997,23.483699291172176,3.6123061630947563e-07,4.124054798759976e-07,0.023743147234220427,61.24933891323529,0.0018672064501576277,-562.3042836645186
429,0.05911693364449073,4.613705187444649,0.016339051593254533,4.545791058450923,0.051575077400472215,119.96810890188021,117.94961413878723,2.0184947630929813,0.005323099573056617,0.007178240361668895,0.0818851372519332,-8.564573854151268e-08,-8.921699635372109e-08,3.571257812208411e-09,-1.2259533431273002e-05,-1.227250882626793e-05,1.297539489066636e-08,0.8282260468354194,25.389189003371918,4.366568732349196e-07,3.5976471976626174e-07,0.02252845127238503,60.67401109128886,0.001869260524240125,2.006888905283631
430,0.05608288744428336,4.428020996320086,0.015915490067369954,4.3619007449418294,0.05020476131088705,140.79935706750254,138.47673615340383,2.322620914098705,0.006507795663320497,0.007089250551241798,0.07808251038919099,4.5475228212177646e-08,4.1942095189354235e-08,3.5331330228234255e-09,4.7388974135143975e-06,4.7259317158567475e-06,1.296569758118238e-08,0.5618155653091016,29.876301556607757,3.3113669765135015e-07,3.320091727803248e-07,0.02245639992265108,61.061931665488004,0.001866257585741575,282.8977375478744
431,0.06032733948939446,4.7130652855757385,0.015861166285707228,4.644564467316355,0.052639651973677294,126.04852685694054,124.29294774597984,1.755579110960744,0.006215551346339309,0.007544367227925371,0.08396615749225285,-3.0614742196556725e-08,-3.368110962021805e-08,3.066367423661323e-09,-4.136890584966936e-06,-4.150713523219027e-06,1.3822938155445337e-08,1.2602825946582947,17.009652897459272,2.809969416750727e-07,3.777937351455027e-07,0.022520042416130884,60.6014801838911,0.0018961017428851023,-247.4099853046514
432,0.057825460975501036,4.624189280287141,0.01530180188136402,4.5512632911462205,0.05762418725955723,113.17224028568499,111.33343306042634,1.83880722525857,0.008525820450931944,0.006974764543728272,0.07619838304887942,1.323218655580681e-07,1.2823516294447357e-07,4.086702613594556e-09,1.5412740373991235e-05,1.5399600050317946e-05,1.3140323596746304e-08,0.4924095467933564,4.004240518351239,2.494451341020901e-07,3.619765833312666e-07,0.021499483804797603,61.55526733379705,0.0018736306559992062,141.28944547034325
433,0.0616245195607295,5.015518202048406,0.01682547008275635,4.938581095410674,0.06011163655497549,133.7461870030013,131.18238033359034,2.5638066694107846,0.007341176647444788,0.007835073303351571,0.08453599673162056,-2.6775217539384173e-07,-2.7274659822969606e-07,4.994422835854354e-09,-3.2278684609281054e-05,-3.229180542758504e-05,1.312081819697659e-08,0.5487945715638407,51.10387132838814,4.1662053993341504e-07,3.4574090371901034e-07,0.024201268189730507,67.031665177535,0.0018792461975539836,-287.0148967217997
434,0.06068255246081652,4.757434493667208,0.016518432689887955,4.6824895108528395,0.05842655012448078,121.7308163527449,119.82487244980594,1.9059439029388456,0.006767756547442701,0.00732930093433572,0.08359113022485072,3.821468332733594e-08,3.359912976265409e-08,4.6155535646818336e-09,3.5746680233123637e-06,3.5615484274958545e-06,1.3119595752737227e-08,0.34684439712466,43.636567551122134,5.675968398356934e-07,4.417534118710826e-07,0.023071753938421754,63.27659202899721,0.0018681567505063634,72.27859419891911
435,0.05843272265050237,4.7563209171274075,0.0158399908310729,4.681942876982895,0.05853804931344171,142.62279737651676,140.49804948782156,2.1247478886955715,0.005979385894744152,0.007690394767655044,0.08869525752644637,7.332533855355691e-08,6.962493456338791e-08,3.7004039901689884e-09,8.271212046907905e-06,8.258745900976824e-06,1.2466145857024562e-08,0.949638601710552,18.72631718230062,3.584017911070486e-07,4.338861314992872e-07,0.025035492354211687,63.7409437098022,0.0018551679922113823,-16.914019249145895
436,0.06195001621461696,4.843385081481124,0.015776770703646664,4.760299713863883,0.06730859691359274,121.61894973345694,119.5188073019963,2.1001424314606028,0.0069173564180427085,0.007246282957093246,0.08084913583213146,-1.0387837778183561e-08,-1.3242119380832398e-08,2.8542816026488407e-09,-2.117513935486446e-06,-2.1314263388877245e-06,1.3912403294869184e-08,0.4802126981874858,38.723073439350365,4.5557127953175434e-07,5.457790527669777e-07,0.022542459418540727,60.02401862699568,0.0018876111939670455,106.65517981122548
437,0.05637551206603753,4.628205578761245,0.015177282737699893,4.550437389214437,0.06259090680910677,136.8140688921045,134.41883897029032,2.395229921814306,0.009482224141403532,0.0067653881703248825,0.08000890135299098,-1.6404706399183186e-07,-1.681494270712536e-07,4.102363079421693e-09,-2.0504781102880204e-05,-2.051817759791591e-05,1.3396494932647355e-08,0.3971752898642258,25.735377136569856,3.5893305432339407e-07,3.933410619886938e-07,0.021638916469508485,65.23267149076749,0.0018773737946040793,-74.48244443365274
438,0.056616699845941504,4.6782939709282,0.01601488053579036,4.598417936215925,0.06386115417648514,141.9371936393326,140.27236160416513,1.6648320351678252,0.006591309878649996,0.007208003054056278,0.0783779631512942,-9.350094546482434e-08,-9.73674301880804e-08,3.866484723256054e-09,-1.180491748857623e-05,-1.1817239567764292e-05,1.2322079109064103e-08,0.30531043474266484,11.412596578665347,3.678529932892645e-07,3.646480790684216e-07,0.02200763313894335,62.904245614392735,0.0018531709147853305,289.24778508476675
439,0.05899167681740169,4.5089998650897885,0.015437091894718164,4.427017879412677,0.06654489378239292,136.8117464116395,134.39210311447025,2.419643297169454,0.005204690826757606,0.007190286821981165,0.08206542985692775,-1.3095136380652006e-07,-1.3453044708498822e-07,3.579083278468211e-09,-1.6831123710663907e-05,-1.6844601687873306e-05,1.347797710891211e-08,0.5498253670241218,22.80412804023083,2.624510943142797e-07,4.03574890946705e-07,0.022329487111560287,59.24592359754776,0.0018708444314560148,82.26180125351038
440,0.060344437213666786,4.363985637399687,0.014572142331804509,4.289992741498217,0.05942075356966405,120.58461332410586,118.86086308987193,1.7237502342338689,0.008879695899605699,0.007260686137526612,0.08810302941618026,1.4464952839797435e-07,1.3965655327216448e-07,4.992975125809805e-09,1.610986126396218e-05,1.6096620185819932e-05,1.3241078067295442e-08,0.40899599325119756,10.071555664196014,3.0897418534659633e-07,4.738513377457184e-07,0.023300214398790865,61.693589498713315,0.0018726744378957884,-399.41525794695735
441,0.05730900257286013,4.6113399804409925,0.01401769865660032,4.540170878571294,0.05715140321309787,141.67354284740787,139.80947025466082,1.8640725927469797,0.005864269864351562,0.007091674108285156,0.0826795389808264,3.1097442682049525e-07,3.077090942150154e-07,3.2653326054798295e-09,3.619461968758672e-05,3.618155980662678e-05,1.3059880845859e-08,0.7149963828303465,43.44884782994917,3.2238570520279186e-07,3.5800382849792744e-07,0.02250402141281118,61.05805963267538,0.0018645805741077963,320.42352742655703
442,0.06421782240028866,4.549434499653358,0.015770024977855335,4.476145111027626,0.05751936364787632,157.41637659111802,155.2830142523564,2.1333623387614846,0.00842744333378143,0.010350634015418927,0.11375009962357172,2.6364866205591237e-08,2.2881061839036554e-08,3.483804366554703e-09,1.1523046340214658e-06,1.1393084441927387e-06,1.2996189754031322e-08,0.46135378030143204,1.6278870776893948,4.0770698724528673e-07,3.7282806347084206e-07,0.030285968848560534,61.53246387905007,0.0018719997799668173,-111.24468607257404
443,0.06186039164727067,4.652296214915659,0.015825865317510256,4.577773202918147,0.058697146680002824,127.41218971398878,124.99827878451026,2.413910929478539,0.005970227964245217,0.008236940244128374,0.09147175426838514,1.4458376044037618e-07,1.4155986095991504e-07,3.0238994804611284e-09,1.5658027324011626e-05,1.5643631571333645e-05,1.4395752612146132e-08,0.39875495074864553,18.536649436341026,2.803493803714278e-07,3.3593771371856753e-07,0.025013867566198424,59.63606812754893,0.0019076313217744666,160.9466153548783
444,0.060537977190583216,4.642400907865993,0.014634868304226667,4.573479491261554,0.05428654830021269,129.05239379384363,126.72007908404113,2.332314709802577,0.007278050256618685,0.0074987093363888275,0.08408664494553238,9.181646386830581e-08,8.835515212916328e-08,3.4613117391425287e-09,9.872173434565345e-06,9.858889385087886e-06,1.3284049387005053e-08,0.5141026243990046,26.5026436281034,3.137085241317874e-07,4.945806480991184e-07,0.02358731522727885,61.89083604871151,0.001870366724321275,132.35992975269528
445,0.05634277730463311,4.5063709212750025,0.01558137853388966,4.430990265491345,0.05979927724976762,113.08329439508601,111.17030367445973,1.9129907206264496,0.006441827395758894,0.007413100480354073,0.08369918243445244,2.198463044305046e-08,1.7263648777976596e-08,4.720981665073856e-09,1.8597279933221958e-06,1.8454010921486603e-06,1.432690105025649e-08,0.3127319018049421,79.08257027759623,3.993815726989087e-07,3.5144704365999776e-07,0.02228853354104628,60.55532364909516,0.0018905310896405942,471.72889453696325
446,0.0598476848054337,4.729363134902963,0.015228285965176835,4.670049387696263,0.04408546124152262,133.00685332255884,130.93519493929134,2.071658383267611,0.005718760232765699,0.00783118876952041,0.08393382463750153,5.096474518155887e-08,4.7461089839681134e-08,3.5036553418777275e-09,5.381199591182993e-06,5.368858165522526e-06,1.2341425505019823e-08,0.7896839602053879,33.41839552564199,4.748779985605636e-07,3.349186088916636e-07,0.023541298614072087,62.93840256098216,0.0018701475246903647,281.62787305930124
447,0.05762319303563223,4.459885949177696,0.015373291508794087,4.385939602936842,0.05857305473205968,159.78647473891291,157.28028953209613,2.506185206816585,0.008203819632191266,0.007025588281416133,0.07961004073525828,-1.9146231791241397e-08,-2.2771307075861592e-08,3.6250752846201963e-09,-3.356151995831685e-06,-3.3696223173323616e-06,1.3470321393863065e-08,0.305554285472936,22.58130154142827,2.974227289078975e-07,3.7629892536179834e-07,0.0221332231190931,60.38706354237043,0.0018890548892270785,-279.43069098649994
448,0.060166673782302525,4.965891323556896,0.01751361463472863,4.874589762177515,0.07378794674465178,146.7712520823905,144.66236081992028,2.1088912624700704,0.005973835635398974,0.007676728768262368,0.08977148973132702,4.324034472460857e-08,3.9042981779465604e-08,4.1973629451429735e-09,4.319941526545426e-06,4.30716405050218e-06,1.2777475965758796e-08,0.3989338524100735,41.71058072059626,3.5263017458606437e-07,3.557010258232089e-07,0.023628036084737396,63.33135228397913,0.0018541913323043425,354.0520590876067
449,0.057118824411146144,4.447016121739848,0.015621763879998661,4.37427329008074,0.05712106777910836,118.88862050214706,116.93410661445009,1.9545138876968349,0.0065829596635212815,0.006969236567883768,0.07692848396079364,-2.5310679702001226e-07,-2.5706610760540327e-07,3.959310585391085e-09,-3.0987539826093853e-05,-3.100087652463255e-05,1.3336698440954555e-08,0.7552123259921976,42.854835210469794,3.373313354662697e-07,3.396636946592692e-07,0.02166670507777412,56.60479812961545,0.0018869841109268174,532.3200452631854
450,0.06528477154483416,4.9626039301990765,0.01702961758027558,4.883292443418278,0.06228186920052361,92.42463253896373,90.48161327469094,1.943019264272904,0.007287624295664454,0.009293518093894438,0.10527387864277421,2.1243486837800633e-07,2.0534589307861247e-07,7.088975299393808e-09,2.3259662656783702e-05,2.3244824439994592e-05,1.4838216711881587e-08,1.2218584420325407,23.739603187455437,3.574077586224277e-07,3.8433773135619915e-07,0.028198671425081607,63.33006934407738,0.001886543371065308,585.5067533064439
451,0.06345285657248183,4.971557284552345,0.0166748609856148,4.883079433598624,0.07180298996810547,139.50012060282322,136.27508265922964,3.225037943593626,0.007847231180219598,0.008299377494216546,0.09563215625134565,-4.8894933756566735e-08,-5.345433036332078e-08,4.559396606754034e-09,-6.793851435055607e-06,-6.807261694543933e-06,1.3410259408026028e-08,0.5382568115637403,20.558839121018465,3.5783898111304035e-07,4.169261701581438e-07,0.024875032331910484,65.22960737609708,0.0018843623623024882,-482.66897588786605
452,0.057999904023383224,4.712972752741002,0.016278747039285637,4.637360688441728,0.0593333172599879,104.85384412851846,102.81549285789936,2.0383512706191116,0.006780107378373641,0.007344200234319455,0.0803503624973801,2.6128237274095594e-07,2.575911034502488e-07,3.6912692907070212e-09,3.018419635815447e-05,3.017156932140533e-05,1.2627036681431831e-08,0.2599383078037713,93.99774004953136,3.611942646582661e-07,3.867808245644813e-07,0.0229846067437138,64.79422668519085,0.00184181034120951,-388.16616027461623
453,0.0585305791037433,4.488910673806828,0.015320397668040964,4.422214509953848,0.05137576618493942,129.77382289673724,128.1585898749393,1.6152330217980606,0.005851832118766303,0.007082597754004584,0.08108150281280214,3.035384141510819e-07,3.003870386220347e-07,3.1513755290471695e-09,3.516571687779943e-05,3.5152381698515085e-05,1.3335179226846409e-08,0.2920630294031036,20.820653279851236,3.472854607740213e-07,3.2818026332530556e-07,0.022403029996372805,59.31965627873859,0.0018829349166775238,271.5994755052802
454,0.05417649941389324,4.201008741134963,0.015659276730976657,4.120264070418054,0.06508539398593285,113.98596312584178,112.31698236361768,1.6689807622243864,0.008095366185210777,0.005992761552836757,0.06865253011989875,-2.1186962112717224e-07,-2.14994511886663e-07,3.1248907594908526e-09,-2.5439255490712864e-05,-2.5452659899363187e-05,1.3404408567092512e-08,0.47079729868188036,32.08732448313081,3.081741947022661e-07,3.3125548063867685e-07,0.018971016162096913,57.242547628649916,0.001866685711366214,307.27732957305534
455,0.06351322106334936,4.818932774227005,0.015802342949269126,4.745906413219054,0.057224018058681686,134.67292061674348,132.4135178691494,2.2594027475944323,0.004754112727620031,0.007770434890833791,0.08689059075727883,6.656059143029077e-08,6.3628601175509e-08,2.9319902547817396e-09,6.69613770038514e-06,6.68192300406407e-06,1.421469618093918e-08,0.46195816459453354,88.02342482857621,2.757188810359648e-07,3.568999994259895e-07,0.024345315316288155,62.42260231616247,0.001877834330515004,-152.15261803190606
456,0.05783254439899614,4.756895945771471,0.01614408793435765,4.677756434739153,0.06299542309796086,153.40974585090973,151.3013442306272,2.1084016202827915,0.0077586830904418,0.007519097271647977,0.0829139220489008,1.841538402733913e-07,1.8058845407231423e-07,3.5653862010770444e-09,2.0458670354651444e-05,2.0445685759199177e-05,1.2984595367470965e-08,0.9134366952090331,49.3472294510336,3.532961517162935e-07,3.456971631447007e-07,0.023157120308930187,63.52744810927072,0.0018747963028702035,-1205.8158811982598
457,0.058708156384042316,4.483734518626169,0.015513779758944461,4.421903518846858,0.04631722002036542,106.80949653925548,104.46174571867084,2.347750820584665,0.0053106363735382365,0.007040463630296608,0.08342907462791116,-7.268881329348027e-09,-1.010622511999154e-08,2.837343790643507e-09,-1.431820942950177e-06,-1.4452923076592503e-06,1.3471364611108095e-08,0.24560175734255812,32.43429112259286,2.825591150211448e-07,3.327351862688188e-07,0.02113802391009851,59.46376354391908,0.0018918380148846043,-268.75411401121846
458,0.06172100237158452,4.659710507026474,0.015903238880903448,4.5871822799592685,0.056624988186302835,152.66981758502308,149.99581185082832,2.6740057341947954,0.005623839124139883,0.008265521849677153,0.09313114824986898,-9.79862618702512e-08,-1.0141784595717032e-07,3.4315840869191187e-09,-1.1950563739564362e-05,-1.1964427712994321e-05,1.3863973336328484e-08,0.30704072002311134,28.055314827859757,3.083833972761821e-07,3.8369970951374087e-07,0.026701248896740592,63.127947110224824,0.0018739771062700706,87.2211164190362
459,0.05898588586423051,4.432468528541946,0.01554063107031958,4.355355630063383,0.061572267408243474,120.05699434963323,117.98594517925386,2.0710491703794083,0.006228258774409261,0.007843016531749453,0.08815029121528632,1.4109291516420103e-09,-3.028775013219311e-09,4.439704164861325e-09,-9.35180658211222e-07,-9.481747684361064e-07,1.2994110167469413e-08,0.7479077564756182,44.82903272028103,3.9712892554973214e-07,4.1436884848307366e-07,0.025081371421008664,58.9245462473627,0.0018654807082406808,410.6685053562428
460,0.05875732426050528,4.3708374472512865,0.016159549716686674,4.299235917855272,0.05544197967932741,146.08122451085927,144.6055047403734,1.4757197704857554,0.007666786612308155,0.007544605210308926,0.08603558159170836,2.4934890458487084e-07,2.4633535370802923e-07,3.013550876841679e-09,2.873420389682088e-05,2.872086595567516e-05,1.3337941058788612e-08,0.29386051744189257,32.56871286223456,3.107221665027561e-07,4.1985961833996794e-07,0.024656150101737533,57.016243012161546,0.0018702792919478481,459.4978592957823
461,0.06091908604587322,4.473215138378275,0.016088650492185986,4.397093526886022,0.06003296100006672,120.41197130514915,118.16174682452876,2.250224480620316,0.007332943363852716,0.007416102773429031,0.08893386280083486,8.796114909001889e-08,8.143662871623296e-08,6.524520373785994e-09,9.069470945117102e-06,9.056197384118472e-06,1.3273560934870531e-08,0.2631534006431073,15.48090059388395,3.8529804571783945e-07,3.6255799889558543e-07,0.023412696590528057,59.02352706626341,0.0018485331838679218,-206.52670178615926
462,0.0560236947545094,4.487151969123001,0.015066808807755513,4.407205049193739,0.06488011112150621,120.1037911567118,117.16956272387905,2.9342284328327994,0.00678448365175056,0.0069624076502271814,0.07612860213139201,-3.875296756886008e-08,-4.277542313331658e-08,4.022455564456493e-09,-5.728056299264952e-06,-5.741155640705073e-06,1.3099341331041193e-08,0.5302880592379478,15.867012850911154,3.8398497790772336e-07,3.4843028895164114e-07,0.022132814669174817,62.167926296879244,0.0018589072728541689,-739.1017338587512
463,0.059146009962515185,4.704109302279847,0.015949899343387742,4.626893063802582,0.061266339133876635,114.68029117953226,112.70096972826079,1.9793214512715978,0.006297964790840884,0.007624850163299762,0.0839657965916789,1.0089372022320883e-07,9.59368204646893e-08,4.9568997585195505e-09,1.0789894860273993e-05,1.077642789610917e-05,1.3466964074893134e-08,0.757862073017156,66.38005321019631,3.948039830067074e-07,3.651482343959606e-07,0.023582014226220336,65.44253257694442,0.0018833389093715844,148.08187613325572
464,0.05763306684455924,4.530581837766619,0.016315796454742727,4.442535706569601,0.07173033474227661,150.8681029472954,148.3124622031094,2.5556407441858235,0.007767410816547185,0.007448856593427344,0.0814929379517936,-1.4111302698976958e-07,-1.446093985042093e-07,3.496371514439681e-09,-1.8607421160275694e-05,-1.862043485457199e-05,1.3013694218793378e-08,0.8833891681614332,21.326012561000557,6.313468824972597e-07,3.4031431513648363e-07,0.02326262337253424,61.61828691549085,0.001885766520306883,87.01846543745933
465,0.0589627481592688,4.719534246716797,0.017082425113029976,4.650673091227664,0.05177873037610326,112.2675830950148,109.84613466922501,2.421448425789786,0.008862225711945143,0.006918474833149007,0.07695741692466954,2.598189380751514e-07,2.5658932532125846e-07,3.2296127538929506e-09,3.0930375449849836e-05,3.091733502723287e-05,1.3040422528691839e-08,0.7098479741054879,-11.847971934868495,3.585630690989683e-07,3.595035047346255e-07,0.02153798333302236,65.52018378264341,0.001875813650039924,15.1079584309864
466,0.057173004476019994,4.648011422386619,0.014937703104353307,4.56909373951705,0.06397997976521727,115.66671718852557,113.66048839841791,2.0062287901075684,0.006474312672800822,0.006869161588918448,0.07902726868853045,1.5582906335858497e-07,1.5201161525027564e-07,3.817448108309337e-09,1.8123070722680058e-05,1.8110441639649216e-05,1.2629082961520953e-08,0.9274998674413164,48.77936191157764,3.141251224871171e-07,4.2276313341962906e-07,0.02051385772688666,62.30229693550967,0.0018524199347120182,-75.82388315250864
467,0.05859753639231262,4.432069459777644,0.014648059892225592,4.361446097114135,0.05597530277128287,113.11037734494026,111.18479676198842,1.9255805829520538,0.0066406443948687595,0.007596907072470145,0.09054243249470348,-9.328776210288223e-08,-9.746486810507932e-08,4.1771060021970825e-09,-1.1918087612352286e-05,-1.193106164476435e-05,1.2974032306718685e-08,0.48432531391888267,21.139502046473996,4.155284731670309e-07,3.531592116028951e-07,0.023403223140735747,61.42221480350902,0.00187854004609442,-267.2578886153947
468,0.058197676617826724,4.398422977540138,0.01619909291334826,4.331147542632955,0.05107634199383448,121.52413847167762,119.64922834748909,1.874910124188558,0.008847879208907162,0.00706164401143526,0.07874801151188221,2.2724830645177209e-07,2.2216083756232412e-07,5.087468889448008e-09,2.6234607829210006e-05,2.622053993642171e-05,1.4067892717906044e-08,0.8047026694929622,-10.908917331482131,2.820508963690799e-07,3.519184795168959e-07,0.022273633748603888,58.59482605562077,0.0018761985027473545,12.674389800625704
469,0.05706576792621468,4.62215969072844,0.016599739736461092,4.53912124115601,0.06643870983596946,112.17400258205377,109.89616124305611,2.2778413389976024,0.006845325370100225,0.0065548207067022074,0.07260472435133027,-8.786759869066185e-08,-9.119371825109564e-08,3.326119560433781e-09,-1.0824021053698532e-05,-1.0837831483944351e-05,1.3810430147935375e-08,0.41948037003069155,4.351975301135208,3.882998478414914e-07,4.139979817051314e-07,0.020732953992437356,59.8230933993674,0.001883237848382548,-506.21347457466845
470,0.05839954686185548,4.502883159388304,0.016187744104740345,4.42968193527959,0.05701348000397306,119.32803042527618,117.37196214036673,1.9560682849094855,0.008394693691728348,0.007498897310429268,0.08596929851549122,2.1286726822044622e-07,2.0966352932435422e-07,3.203738896092083e-09,2.2833108402998034e-05,2.2819735847183973e-05,1.3372555713409153e-08,0.433421204162523,15.8823565525549,2.733069435852981e-07,3.540824761898425e-07,0.023580087115114366,60.704353851045724,0.001889918140480288,4.461647241660103
471,0.058489686468163514,4.595890693304266,0.01610022313256429,4.537475623680958,0.04231484649074479,144.77306734568342,143.0113909154555,1.7616764302278722,0.005640802528709019,0.007573883519752484,0.08513228638685925,-2.8616466576818402e-08,-3.229927763087063e-08,3.6828110540522192e-09,-4.264836046799429e-06,-4.2779463012594355e-06,1.3110254324272604e-08,0.31439332690860033,21.96518320968879,3.580902341083494e-07,3.2872212109415953e-07,0.02372937117333503,59.88390757091969,0.0018562390660446652,554.2294670949477
472,0.06128022335592186,4.56057695358721,0.015643130519782753,4.491668758368671,0.053265064698756935,119.79253177977887,118.09919218161144,1.6933395981675583,0.008891973773519454,0.008407428303018157,0.09290707954532869,-9.531134444396282e-09,-1.2562255662566761e-08,3.0311212181704777e-09,-1.741277462585823e-06,-1.754671348873299e-06,1.3393886155377375e-08,0.48627338729720315,33.89411203361684,3.281733882978156e-07,3.7523887095959377e-07,0.02477550058361371,63.274567611876925,0.0018862692911330154,52.85664755434982
473,0.06445884954010507,4.891065186246547,0.01700840411827347,4.81248058271187,0.061576199416405485,177.83953970954724,175.25650446697873,2.583035242568577,0.006081386126280636,0.008834984344965104,0.09693324297031161,1.8250666469951374e-08,1.394721640866519e-08,4.303450061286178e-09,3.916511407062533e-07,3.782727449979131e-07,1.337839563117836e-08,0.3561620827254324,33.74874859462871,4.0656462827675855e-07,3.8180026319123944e-07,0.02677877101673523,67.20242222248771,0.0018813791747469741,75.23650002741351
474,0.06440440719725246,4.873396317057772,0.01660864464234368,4.799591516619646,0.057196155795781696,118.80146150331727,115.9832349501236,2.8182265531936004,0.005804703636045813,0.00816104325978229,0.09503755264090422,1.3430809672861554e-07,1.3089635916668085e-07,3.411737561934656e-09,1.5867470867147277e-05,1.5854682331594825e-05,1.2788535475766009e-08,0.24946190349492456,18.028524942146436,4.954718857096312e-07,4.4552433822681345e-07,0.025717263741858194,62.582526457991484,0.0018551741665271252,112.61257065408154
475,0.057391464795459604,4.483305675271594,0.016510186729267833,4.4062219741350415,0.060573514407284305,136.18483375881954,134.4380009763631,1.746832782456402,0.007425455927052946,0.006774089495482177,0.07640177472720887,2.3517464480914198e-07,2.3249701344441298e-07,2.677631364728917e-09,2.427454874663975e-05,2.426208710779501e-05,1.2461638755095655e-08,0.9289095908437767,3.219268952548218,3.698911190549012e-07,3.635895020109878e-07,0.02140533261758087,58.47221689116404,0.001865838710897449,-185.27546259869723
476,0.05878562998901047,4.590552147516638,0.01498967999899092,4.5211167416436915,0.05444572587395564,131.56419830348852,128.90245020915194,2.661748094336734,0.007617272531553283,0.007435141928517037,0.0827026528956164,1.0038193118786196e-07,9.664110996363611e-08,3.740821224225872e-09,1.0998688751113253e-05,1.098526560131532e-05,1.3423149734642809e-08,0.6536031222760421,-21.42499158914859,5.345011327091665e-07,4.682135601853682e-07,0.023623110655959085,61.906285649205905,0.0018815176002144423,356.5148316926534
477,0.05807491198177892,4.786287545932686,0.015305511047115767,4.711310349225874,0.05967168565969668,112.2696196566377,110.09143899921588,2.1781806574217835,0.00665099123975888,0.007211372029182177,0.08682140722588921,1.3216836448100975e-07,1.2828075967646675e-07,3.887604804543032e-09,1.5217526918356715e-05,1.5203902816797888e-05,1.3624101447221846e-08,0.8242033577474566,28.824081204656785,3.5773606218388146e-07,3.728963592547819e-07,0.02197116220566825,60.535686855208745,0.00187018771219979,102.24880907842089
478,0.06613368777514957,4.658525431204197,0.017023146269086187,4.581128365131729,0.06037391980338156,127.31572447899482,125.28389266604171,2.031831812952971,0.007806340315001055,0.007053451566779756,0.0787944653794404,-3.6382925823990165e-08,-4.039231195111876e-08,4.009386127128623e-09,-5.955269715383014e-06,-5.970224147064794e-06,1.4954431586375066e-08,0.5751801785830737,10.996202998658763,3.4630021611195167e-07,3.9463052821989747e-07,0.021466573575528423,60.577494476665784,0.0018851152447344633,-90.01983900797086
479,0.06119556251585722,4.739995031100571,0.015954808008796485,4.664686214739248,0.05935400835252705,108.51212944066066,106.70965992159019,1.8024695190703393,0.00805120131354051,0.0076898196504460205,0.08896040751923849,6.01186338908737e-09,2.341255728588994e-09,3.670607660498374e-09,-4.31230976191421e-07,-4.4462338754677594e-07,1.3392411264368173e-08,0.764018991038866,-0.2387063712584936,3.945235193141776e-07,3.93948634674488e-07,0.023388537837812695,62.02016388320796,0.0018783216940835938,542.4478542313655
480,0.056703368658977085,4.507951391197895,0.01433339140529228,4.444000786477477,0.04961721331512555,114.185167645726,112.40374369159778,1.7814239541281423,0.006332207169619401,0.007548339851629882,0.08413054759025951,-3.995096697922611e-08,-4.3308603792590034e-08,3.3576368133639285e-09,-5.084347422170314e-06,-5.097722026442114e-06,1.3374604171637886e-08,0.7520573025586156,24.361913173042055,3.9229732604620546e-07,3.403366992048952e-07,0.02358130610259358,59.64254610448075,0.0018678298930756355,-45.19702627838524
481,0.05653412019178297,4.539482803611796,0.014541479711540193,4.475980695516098,0.04896062838415813,137.13043443659114,135.15775798765517,1.9726764489359525,0.007014338121322609,0.007620306355944591,0.08322154460528769,-1.1225585280260847e-07,-1.1496759022553904e-07,2.7117374229305604e-09,-1.462638492565844e-05,-1.4638936306658453e-05,1.255138093164817e-08,0.5297862904535321,25.59356451320353,3.3079765999209327e-07,4.1438111266951606e-07,0.023617404518283067,59.20550720852396,0.001852171871978597,97.52142937542021
482,0.05906377041811671,4.470157118482479,0.016664844580331788,4.401302943828452,0.05218933007369601,113.35837335466205,111.54933039814891,1.8090429565131716,0.007483124802147131,0.007398743981351466,0.08483763878261191,7.72996235919511e-08,7.421835335699098e-08,3.0812702349601605e-09,7.786252824487472e-06,7.772851171571959e-06,1.3401652826868256e-08,0.4408836738630376,21.664781096776434,3.875541463290569e-07,3.109923421152056e-07,0.023590359226723506,59.35549117359782,0.0018761576035012486,-113.61608065384371
483,0.06088575441079593,4.850189817684176,0.016561543531676423,4.779962687160048,0.053665586992450776,118.53109680826748,116.78419931788702,1.7468974903804346,0.006648997687695159,0.007480679658781803,0.08345906340201106,-1.5825913389036482e-07,-1.6275827302855975e-07,4.49913913819487e-09,-2.0328700825707054e-05,-2.0342582994760502e-05,1.3882168981771695e-08,0.35879602201628225,38.21956989498677,3.0837016045224375e-07,3.422322551210131e-07,0.023642608293824422,64.6035438363742,0.0018726810183159856,69.84653868178157
484,0.05674376936855291,4.511509966369706,0.014861304617561386,4.429046526405588,0.06760213534655714,100.17075183535799,98.46262102872956,1.7081308066284497,0.00701317580796012,0.0068804246351541155,0.07609691058746361,-2.9370447080637384e-07,-2.981380689222456e-07,4.433598115871768e-09,-3.509976668199822e-05,-3.5112790246702574e-05,1.3023564616282322e-08,0.3398473092658256,15.920991568092171,4.27552955228161e-07,3.978964861311971e-07,0.021557735983174463,58.12543129610847,0.001863251360978731,-68.45593333127317
485,0.05625035096842642,4.380420796702823,0.01657093579995438,4.303783791729952,0.060066069172916035,136.25231919716987,133.0791838904406,3.173135306729176,0.00675837526643851,0.00683281692169905,0.07380401998004577,-5.9238623989125094e-08,-6.378687997585309e-08,4.548255986728029e-09,-8.509174864154126e-06,-8.522169413432163e-06,1.299454921052478e-08,0.3248698217691893,26.64846938415825,3.7365981592799176e-07,3.7192137963382404e-07,0.021534845162703795,55.92490196162088,0.0018729816373495563,-187.10798445343153
486,0.055499092235337937,4.46061392995574,0.01505370983567606,4.3920740383812245,0.05348618173883956,126.22673624192205,124.45843198726875,1.768304254653336,0.007214190655756398,0.0074991271435901705,0.08137893748204791,7.374529673751472e-08,7.131574054171235e-08,2.4295561958023397e-09,8.883562327062011e-06,8.870335398718596e-06,1.3226928249429394e-08,0.5805275173808566,14.87733336661907,4.74173440049859e-07,4.3639357289577016e-07,0.02340893276286054,56.232489668365346,0.00185818960135259,-538.0539791480737
487,0.06151116595146372,4.890311921806739,0.017596066953596782,4.816694481492076,0.056021373361066454,130.39339997116284,128.66158577988062,1.7318141912821758,0.005964866710532498,0.008191676095251142,0.0913116750798261,1.1445927330663746e-07,1.1135052663075562e-07,3.108746675881832e-09,1.3447140190760574e-05,1.3432931324554829e-05,1.4208866106189862e-08,0.5119928561018929,49.468967768864594,3.405266151440011e-07,3.7179325662134666e-07,0.02505550145316845,65.58810553720085,0.001895384555742415,174.37314429714525
488,0.05527130974175448,4.345065941530256,0.01485160902636876,4.274100526450035,0.05611380605385256,127.5048466407308,125.82449576441118,1.6803508763194837,0.0075446654604651945,0.006917490608395657,0.08017953176880024,9.468481967654362e-08,9.029108733826229e-08,4.3937323382813275e-09,9.543109136876746e-06,9.530803896450367e-06,1.230524029325429e-08,0.30834619027398497,21.492674517013985,3.35846330859324e-07,4.0272794803098285e-07,0.02160582677037407,55.75217292266951,0.0018424867674022734,-346.57584708446984
489,0.05817611761328922,4.549268865347424,0.015414390964090478,4.481538673411812,0.05231580097152062,110.93561638620459,109.20044138606758,1.7351750001369899,0.008101978201116347,0.007267289872827789,0.08170782318047028,-2.215902271012236e-07,-2.2647729571287392e-07,4.887068611650325e-09,-2.7298673854068504e-05,-2.731135703294319e-05,1.2683178817760101e-08,3.4825042667580766,56.27202974030605,3.7650717849718077e-07,3.3402185179791177e-07,0.023204975378413883,60.91753101215081,0.00186729567677603,49.36459581598956
490,0.06481316086899472,4.577609967449839,0.01635412094098783,4.505040630995281,0.05621521551357046,126.44931051280342,124.65690940761618,1.7924011051872222,0.009611600385796568,0.008302515856491555,0.08991091191107825,2.662847660459718e-08,2.3721790125781423e-08,2.9066864788157678e-09,2.1274622863953757e-06,2.1139442755090994e-06,1.3518010785700121e-08,0.6187982748292457,30.901696483176934,3.8744228943018286e-07,4.7602208508456734e-07,0.02425525190728915,60.6369670744202,0.0018905506220890083,-368.93261244117366
491,0.0596101656427974,4.6727526578392915,0.01639173253966964,4.590071648080558,0.06628927721906351,147.58514311661165,145.40033166607233,2.184811450539508,0.007928633883463715,0.007733604161917196,0.08913304218894319,1.6180167249324384e-07,1.5860322758802013e-07,3.198444905223712e-09,1.7037493934865996e-05,1.7023890068981934e-05,1.3603865800965529e-08,0.6485389745417547,23.783701098527306,4.6169656292615385e-07,3.963708977212255e-07,0.023903534011154453,58.83490600399468,0.0018961459722376351,-363.7008486567415
492,0.05957453775186121,4.668426798036041,0.018067669143616554,4.579947269585725,0.07041185930669902,124.94878902611843,123.26635077695657,1.6824382491619452,0.008391163002281321,0.008276629624104229,0.09140795498185522,-2.395427601179024e-09,-6.181794019399158e-09,3.786366418220128e-09,-1.5723550163245867e-06,-1.585448070655767e-06,1.3093054247213693e-08,0.3638359154976457,20.46901537837249,3.7648063133414884e-07,3.487535143377927e-07,0.0242506285577808,60.797594895637936,0.0018609002025616508,-219.1297353035884
493,0.05764786244940846,4.685127407264766,0.01613119533330847,4.614469942905362,0.05452626902609546,121.68910120085745,119.16050438578809,2.5285968150694083,0.005606177259018474,0.007263062426853727,0.08263348167283507,-1.8833612348833199e-07,-1.9189863203605012e-07,3.5625085477182015e-09,-2.3364546921478435e-05,-2.3378038492866133e-05,1.3491571280934206e-08,0.2740845894485897,15.004269681075545,3.077271910947884e-07,4.086107130043092e-07,0.02291660150926355,59.22638142422761,0.0018716724661535266,-363.185833730005
494,0.057175090089308496,4.611809196145761,0.015450184147722134,4.541216173942837,0.055142838055201975,123.74225665046995,121.69776256451159,2.0444940859584673,0.008135407624300954,0.006938454362829618,0.0780876116886773,-2.9866496857455407e-07,-3.022771416466085e-07,3.6121730720546143e-09,-3.6399755667281944e-05,-3.641271238110848e-05,1.2956713715185848e-08,0.4356872223024989,49.520517636354604,3.438848959894839e-07,3.5266958474790544e-07,0.02153510545913373,60.91803810410662,0.0018580256736274708,234.25177597892662
495,0.059238397204316104,4.661820880430434,0.016356837278371766,4.58204135935445,0.06342268379761308,125.45523441768567,123.69086053044131,1.764373887244397,0.006741782024360001,0.007472374999194846,0.08526331289978493,7.204570310096681e-08,6.959213665701958e-08,2.453566443947234e-09,6.965147263808848e-06,6.952374576901735e-06,1.2772686836415542e-08,0.4661268554759712,18.789403370873295,3.2042342570062213e-07,3.9199126829955103e-07,0.023361210758936365,58.859741576839205,0.0018624880144535972,-93.29095882790261
496,0.05625252454304923,4.542858729274778,0.01619642817100575,4.466454052091825,0.06020824901194844,112.24507607462502,110.6322965932681,1.6127794813568768,0.009065072591224042,0.00696536014378098,0.07790837429156279,1.3766180361479642e-07,1.338381859851285e-07,3.823617629667955e-09,1.5727362466781315e-05,1.571420958266646e-05,1.3152884048265092e-08,0.6270578406229659,32.88493987458904,3.082176633383258e-07,6.026926203881945e-07,0.02207975294085083,61.38246014211951,0.001881052600846112,660.9957087988855
497,0.056299685052727706,4.4458436894136915,0.01560406522004997,4.366302705123542,0.06393691907010017,105.3426345790221,103.14167144401877,2.2009631350033176,0.008845302860908316,0.006647191784340993,0.07507391925723161,-2.4669294783994867e-07,-2.5024553879432793e-07,3.552590954379196e-09,-2.9952326647014457e-05,-2.9965229441585917e-05,1.2902794460821001e-08,0.2883755910346912,31.768796188287794,2.6090018009139986e-07,3.110949005519242e-07,0.020845356993616237,58.323482712198164,0.0018564263097286318,433.0176084354034
498,0.05572545163674178,4.5619097120480445,0.01625787044010201,4.497231495757742,0.04842034585020179,125.10480004427976,123.04260074623046,2.0621992980492005,0.006558679251739798,0.006962997150784076,0.07672027679781494,-1.715929638645992e-07,-1.755067102663009e-07,3.91374640170174e-09,-2.093489566297161e-05,-2.09478940724178e-05,1.2998409342783516e-08,0.46340634990151025,7.824100987423289,3.1953496788508444e-07,3.347063622261955e-07,0.022251211052331375,63.38382892896982,0.0018734358992988087,254.26926878866288
499,0.05942026352040893,4.841423887556925,0.01598407134516388,4.760246554757534,0.0651932614542281,123.51959806475853,121.1743540167903,2.3452440479683103,0.009276433749149823,0.007360793368394293,0.08063990066009598,-1.1942625488190553e-07,-1.2364811068714354e-07,4.2218558052380055e-09,-1.5309366481525006e-05,-1.5322837984373637e-05,1.347150277295627e-08,0.3157084220925515,49.274628284966916,3.393373800014997e-07,4.5920192007237337e-07,0.023225888862063768,61.93758009954197,0.0018830402371526104,-217.57871422447488
500,0.058212321800217855,4.593596670096673,0.01627104114998755,4.521704439136226,0.05562118981045928,101.91363539309978,99.83440634712433,2.0792290459755507,0.008472119509680414,0.007151708117717422,0.08012288662446544,6.764305265460625e-08,6.404253209041125e-08,3.6005205641949657e-09,7.282416459204662e-06,7.268558890482526e-06,1.385756862817291e-08,0.2830296488079749,39.85529693685944,3.393431532434292e-07,3.441406634067711e-07,0.022472206387813096,59.88100456106221,0.0018963223018526342,-82.97531504782455
501,0.056503030089527416,4.487153868221337,0.017428189609169094,4.411993717606942,0.057731961005226894,155.71221653734463,153.9467287414802,1.7654877958645203,0.006891977587567543,0.006770623299882101,0.0761595525840804,3.365384752543046e-07,3.3326693563962345e-07,3.2715396146811542e-09,3.885885751564832e-05,3.884563707181239e-05,1.3220443766114643e-08,0.7653220143279927,52.89377953195622,3.8402453493653326e-07,3.953278200890533e-07,0.021467579715958474,58.25052460403383,0.0018848816958425417,-71.32431421029833
502,0.0574976804737615,4.733969219624467,0.015926583377431414,4.64998940645693,0.06805322979010624,140.12618478622437,137.7093906914639,2.416794094760384,0.006700427647769446,0.0070600066073063196,0.07925141409647576,-1.7154671576137115e-07,-1.7468834756409223e-07,3.1416318027210505e-09,-2.101395591304215e-05,-2.1027092344660653e-05,1.3136431516312512e-08,0.3840574688351883,47.10718272872506,3.7613264057487487e-07,4.4259149017027903e-07,0.022645144906759136,63.2138979668351,0.0018765629493301473,44.992672625239265
503,0.062059404547156485,4.894221243068829,0.017131947312700416,4.816115324928863,0.06097397082726549,118.57103052531848,115.74865345560215,2.8223770697162816,0.006947784057298507,0.008267056716130237,0.08934555637827142,-5.9339677218152416e-08,-6.22083669429462e-08,2.8686897247937887e-09,-8.109863922272474e-06,-8.123336846313898e-06,1.3472923945481786e-08,0.8162568935006156,20.363504337768354,4.2975584101528477e-07,4.138187800413882e-07,0.024526748263532128,65.48541281171165,0.0018817297921611418,-247.30948607278015
504,0.06402089274659928,5.0068514606751595,0.01727693543597117,4.927409491016748,0.06216503422243948,114.63065073169622,112.2527409948831,2.3779097368131303,0.007103521852653265,0.007964357343760537,0.09406241182641874,-8.278964489356349e-08,-8.624509013717704e-08,3.4554452436135633e-09,-1.104495178098939e-05,-1.1058803460321656e-05,1.3851679230873847e-08,0.3421857989925552,61.1256695963716,3.3737998301554714e-07,4.758084869706214e-07,0.02447046669163557,66.17977010220783,0.0018609099491092025,382.6678707242122
505,0.06151681326273447,4.807905877655934,0.01620029014524205,4.738221304734259,0.05348428277643278,128.95201957596268,127.26043920483625,1.6915803711265247,0.009448261967504097,0.00799718359524767,0.08638933869396738,2.443223923676636e-09,-1.09975437225136e-09,3.5429782959279958e-09,-7.523541637366144e-08,-8.894468200503738e-08,1.3709265512934078e-08,0.26157834609795283,4.806432200590767,3.53101184473539e-07,4.3110436474674895e-07,0.02420016300745742,65.28244356459642,0.0018876274643736233,553.9831400232238
506,0.05852518940474897,4.569855628284957,0.01531406157142589,4.485463456102611,0.0690781106109199,116.321269945083,113.91112554548758,2.4101443995954703,0.006573793357859945,0.008370413527748408,0.08983571816657493,1.15237475693926e-07,1.1125020789589762e-07,3.987267798028353e-09,9.435579332323254e-06,9.422499008336719e-06,1.3080323894861835e-08,1.511226515708405,-3.854928476177229,4.774500459383234e-07,3.3966524811565885e-07,0.025193124501077996,62.562752197305265,0.0018729189758822308,-150.03906560279847
507,0.05971181370139879,4.7697101458630975,0.01731181673232697,4.682997126631342,0.06940120249942808,128.07047824153665,124.35473724367009,3.7157409978663645,0.006512582597889557,0.007300339861672302,0.08085136335106242,3.064797217779429e-07,3.0198580001312994e-07,4.493921764812851e-09,3.4871708306248545e-05,3.4858270326064455e-05,1.3437980126171566e-08,0.4777625685397575,7.494739418830109,3.638318901165696e-07,3.789019097233162e-07,0.023140701010043008,64.5147285910295,0.0018719695948140338,-48.063424078980006
508,0.055108447782156324,4.473349468687789,0.014608796515736242,4.400437767961777,0.0583029042102755,120.58955784278689,118.53819796893526,2.05135987385167,0.008104321490623042,0.0063568474867468005,0.07341359517487073,1.9026802992727602e-07,1.8552705944061814e-07,4.74097048665785e-09,1.8609364921497013e-05,1.859635859064445e-05,1.300633071652554e-08,0.41778389227549395,24.08072680869114,2.4295466243293e-07,3.255343252522452e-07,0.020159046956428048,60.316371034903284,0.001861869770264601,-156.2148207962582
509,0.05850686705764077,4.581377761201757,0.015770177613462364,4.510055468337085,0.05555211525121013,117.88216271782393,116.10328161010239,1.7788811077216646,0.005600465476360676,0.007368227003396242,0.07978666791202202,-1.0090251124372072e-07,-1.0547512838020864e-07,4.5726171364879114e-09,-1.3305628560729626e-05,-1.3320352228456398e-05,1.4723667634812268e-08,4.464681792041597,32.279465156278945,3.5633680475454576e-07,3.6717579410460124e-07,0.023356229653881698,62.06232694118575,0.0018768116872153408,403.48334521923425
510,0.06090749564096663,4.545577847299628,0.015449895920542462,4.4694181600507745,0.060709791328310725,141.04018166214541,138.8926124525583,2.147569209586916,0.007748961949784997,0.0069069310698681345,0.07847736105876676,-2.964916376392325e-08,-3.4203650373220816e-08,4.554486609297592e-09,-5.2756384193234155e-06,-5.28923811066531e-06,1.3599691230386485e-08,2.0158676663408466,26.180741184080023,3.0831640642731863e-07,4.0764465595628147e-07,0.021888768697225575,61.688836957628766,0.0018747088118321441,34.72923791425683
511,0.05723032137731446,4.544420277957539,0.018322704095585885,4.472444821071511,0.05365275279044362,121.52325994433707,119.55617823805741,1.9670817062795738,0.007387379681152263,0.007120110727603798,0.0792053955102814,4.459901001744535e-08,4.085870630271283e-08,3.740303714732506e-09,3.3948266401909294e-06,3.3805179802178993e-06,1.4308659896659125e-08,2.820469216551029,29.34989604128791,3.194199117907604e-07,3.3880966803136146e-07,0.022037829212044998,58.93594846591845,0.001890005396917897,121.20623244248372
512,0.06079185178397593,4.895031673876055,0.01732552803021993,4.822412538731958,0.05529360711387798,202.16531766591035,199.89846528733443,2.266852378575809,0.007719475157789863,0.007542075118532736,0.08470033280926484,9.990121265660638e-08,9.629550537917967e-08,3.605707277426679e-09,7.87866125640393e-06,7.865100034811706e-06,1.3561221500459725e-08,0.5622927971550383,36.70499096527131,4.398566040419123e-07,4.0196744218163767e-07,0.022808415902452576,66.43556699544743,0.0018757965275242234,156.5376806447598
513,0.05916518410808234,4.681478846788171,0.015538931885404011,4.596480531467172,0.06945938343559582,151.8560883551613,149.81850811448297,2.037580240678537,0.007325932358939622,0.007542028339988279,0.08481374373655702,1.3936255026255116e-07,1.3570627556671473e-07,3.656274695836477e-09,1.5806062218871708e-05,1.579237923032411e-05,1.3682988425919976e-08,0.26494287286436247,-4.05246552424524,4.533432767054037e-07,3.697370132566038e-07,0.023273947338880236,61.30018679628162,0.001878375403868872,35.86284599583996
514,0.058196708766404995,4.708719834553167,0.01664915070998178,4.620414318846946,0.07165636499624006,113.73365787554454,111.5520322702308,2.1816256053136422,0.006008979048297868,0.00726865577693041,0.08500567709982497,4.5871137115368e-08,4.169454729612689e-08,4.176589819241105e-09,5.271561812526126e-06,5.258868826397416e-06,1.2692986053442968e-08,0.7767703544787414,-26.02647964031886,4.118761567660486e-07,3.87598159725844e-07,0.023176680889659358,66.56155475189885,0.0018573766178472733,391.0729485048655
515,0.056590803922701945,4.389150722123444,0.01579916132783836,4.321153116949003,0.05219844384660237,117.03068946720676,115.21499327690483,1.8156961903020261,0.006781505243447245,0.006860976219294987,0.07751352476065536,-1.1401535408672513e-07,-1.1851681744658281e-07,4.501463359857713e-09,-1.4164755491559386e-05,-1.4178448914200875e-05,1.3693422560583229e-08,0.36642383220640706,25.44299418127293,2.9931085654817196e-07,4.202825351312542e-07,0.021366369363160425,56.68445531468664,0.0019020926271946285,-53.918346033266516
516,0.06081794376315236,4.890787975389518,0.016901910760695228,4.8126460204138715,0.06124004421495137,137.00194884146705,135.23006551050352,1.7718833309635875,0.006103697743473077,0.007459849089081035,0.08422747946453503,-1.1405444776983105e-07,-1.187454603816917e-07,4.691012611860631e-09,-1.4831525149075319e-05,-1.4844512887295438e-05,1.2987738103002518e-08,0.3789072085610261,10.79022585988775,2.7383647507898105e-07,3.838983136995269e-07,0.02247608404230614,67.86450058216312,0.0018595284329510511,-280.1303214744448
517,0.05707134312805748,4.483928308069185,0.016387798714456878,4.408923933441693,0.0586165759130358,148.59341519635444,146.36936310709694,2.224052089257588,0.007575341984418394,0.007161023040650079,0.07791809075344662,8.720821632384882e-08,8.38187726776176e-08,3.389443646231241e-09,8.521707369765332e-06,8.509002159770976e-06,1.2705209870432329e-08,0.3842724822779207,20.825641676171568,3.2079475350705207e-07,3.86913164187007e-07,0.022420777865621164,60.20301369503824,0.0018756057818483446,-334.0671118360392
518,0.0596954376112549,4.640340153200333,0.015816320226419968,4.5643061223075305,0.060217710666382054,114.38847460831988,112.28890791646644,2.0995666918533766,0.007311188518469101,0.007308100812840745,0.08194363949367788,6.710291023501254e-08,6.100088335806813e-08,6.102026876944489e-09,6.62080452654764e-06,6.607975655337966e-06,1.2828871141376491e-08,0.7506670837025344,22.555424128445637,3.447698438154714e-07,3.691565302062944e-07,0.023102730051362864,63.7254859868114,0.0018741671104314476,-80.55768731452281
519,0.06079138181707695,4.898233324034588,0.016697744456344386,4.813201177388633,0.0683344021896102,147.01874804704943,144.84935882423008,2.1693892228193192,0.005865612464513957,0.007860474448750761,0.09122825745641511,3.358691382276466e-07,3.306635563421447e-07,5.2055818855018204e-09,3.7237285569192326e-05,3.7224105350161e-05,1.3180218942825764e-08,0.9621231292890493,38.274260297967636,3.0363507586571665e-07,3.717593927152524e-07,0.024746838494553627,66.03185199439896,0.001876637854368171,136.80008621602065
520,0.059883974726420486,4.877040860505463,0.01879993238585492,4.793850130830669,0.06439079728894007,151.01900309134996,149.02954269608634,1.9894603952634557,0.008597642746409721,0.007016596862887145,0.07682956737313386,2.0449266840077503e-07,1.9957669491538834e-07,4.91597348538672e-09,2.2905155478693632e-05,2.289173738950869e-05,1.341808913026468e-08,0.7443579123727819,-2.1561160588585606,4.017005297244396e-07,3.456086156238484e-07,0.021733286941779492,64.33674008902251,0.0018774208900828064,-641.2599733918532
521,0.05682037766973701,4.476048116425821,0.015440732470853214,4.394973753866762,0.06563363008820526,125.20491789195869,122.45097476506994,2.753943126888832,0.007730573595560652,0.007980508562006489,0.09010187778355354,-6.275153592800543e-08,-6.561375299231797e-08,2.862217064312533e-09,-7.543741472481854e-06,-7.556967550282354e-06,1.3226077717265832e-08,0.6165493846794986,28.87111962518212,2.8080636318163396e-07,3.5704642287418033e-07,0.02495343445206381,58.924708871262325,0.0018604211519565237,-674.7902823493373
522,0.0589714649527343,4.608319745778925,0.014466632611022878,4.537137713971931,0.056715399195970136,136.76525189927776,134.6356263014491,2.129625597828565,0.010010864951516167,0.007646329040417868,0.08662905102248682,-1.9462328762414397e-07,-1.9866363471976382e-07,4.040347095619787e-09,-2.383739786247366e-05,-2.3850516571747272e-05,1.3118709194089085e-08,0.8158394968543929,21.76743771603352,2.903200483011275e-07,4.390928282740043e-07,0.025066395316654787,60.25938661192775,0.0018621971907873357,-21.400764768159206
523,0.05932144114181841,4.70035691700738,0.015455553696857159,4.628783752877644,0.05611761043287861,118.4950633236686,116.8434980987152,1.6515652249535104,0.0056570081570237315,0.007120406304865777,0.08328407346465025,5.953785415376935e-08,5.5527414250735356e-08,4.010439903034e-09,5.235243520530959e-06,5.222257805580359e-06,1.2985714840112517e-08,0.44871306938440453,30.67124390849134,3.443133296366834e-07,3.5866658819286583e-07,0.022000939614246734,63.21772381061696,0.0018564161498945625,209.45846395695708
524,0.05858699537165882,4.752605786138358,0.016806508527056892,4.6808107374204075,0.0549885401908939,172.05392173274385,170.07894186612072,1.9749798666228675,0.009896239181526895,0.007248458629732205,0.08351185099997226,1.419712278869879e-07,1.3705196763816615e-07,4.919260248821824e-09,1.65269095729385e-05,1.651409425184997e-05,1.2815321019960084e-08,0.2919986370140837,32.66427018524788,2.8641737267158684e-07,4.226368978784934e-07,0.02230541445485002,63.166416420312885,0.001857352649684363,-295.90723832866524
525,0.06325467934112325,4.753751284811927,0.01648492493086457,4.674825283955078,0.06244107592598431,165.35595518548536,163.37504042963914,1.9809147558460716,0.008311324713622397,0.008621528545095715,0.10116819508529393,2.981031319652196e-07,2.951129310984376e-07,2.9902008667819165e-09,3.496877416154446e-05,3.495542413726468e-05,1.3350024182662e-08,0.6929333088054839,13.790263519354756,3.031072611205499e-07,3.8435711123289863e-07,0.025484234463806016,61.68300251230355,0.001882171623438938,-55.89221244512373
526,0.05758142692037398,4.512824523294116,0.015470959986138679,4.43645186165018,0.06090170165779785,122.08267621053241,120.23504016258683,1.8476360479456724,0.007537778876391169,0.006933820668852071,0.0760077183332285,2.914228123905535e-07,2.8799580917249035e-07,3.427003218063088e-09,3.3699502122229236e-05,3.368595836570831e-05,1.3543756458576253e-08,0.38568884846288276,4.77563261699286,4.1692487384359563e-07,3.863747627227953e-07,0.022013872603023118,59.69875703134638,0.0018638755721930725,-496.4997097520054
527,0.060833280115064566,4.812666016401756,0.01786500300773838,4.739468410415311,0.055332602978706395,132.47923452196144,129.74892877068692,2.730305751274533,0.007056479886712162,0.006996063666961356,0.08112368079881116,6.614933342235974e-08,6.287762577017456e-08,3.271707652185222e-09,7.305419197599189e-06,7.292428830918626e-06,1.2990366569213461e-08,0.3356229054593012,36.79743991056416,3.5210340339341863e-07,3.771205893047702e-07,0.022929110884495504,63.05070000780739,0.0018785295305573109,233.01947196743777
528,0.06112159765896638,4.735443930158493,0.01674617853467281,4.6482067927577635,0.07049095886605626,132.0851978624524,129.78972531952738,2.295472542925065,0.006455784704182393,0.007708687455262038,0.0892857787080487,-3.1609192053225184e-07,-3.1877696391886155e-07,2.6850433866096254e-09,-3.838613441051269e-05,-3.8399139829954584e-05,1.3005419359196197e-08,2.7299744186737476,22.209299349093005,6.15521585723065e-07,3.4719273721045714e-07,0.024073127059011705,65.04271978051855,0.0018565357865811577,-334.03458931044224
529,0.05963853933047868,4.49828167842804,0.01507353892094416,4.4201612353808395,0.0630469041262571,150.5968144028374,147.74968980645693,2.8471245963804575,0.007257278072984714,0.007473471387514306,0.08758119292710038,-7.914092210685981e-08,-8.225830827437966e-08,3.117386167519802e-09,-1.0406629985332434e-05,-1.0419203647713277e-05,1.257366228918974e-08,1.0976241264374103,31.87155488088193,4.0326220700823685e-07,3.6458580660614386e-07,0.023014988719406215,61.976436150697225,0.0018622148920214253,-406.45546074677304
530,0.05802514845940354,4.625329571950375,0.015509238597856823,4.554399070057088,0.05542126329543001,121.97558042086776,120.0828587917322,1.892721629135636,0.006980351792864694,0.006742520820685416,0.07600287972959867,1.83007684114414e-07,1.7929624840754855e-07,3.7114357068654622e-09,1.9096252290053288e-05,1.908234894525182e-05,1.3903344716857614e-08,1.0587420714477638,60.2183967377701,3.1495235741183396e-07,7.208335187722644e-07,0.021153296509640228,60.217961487102656,0.0018704659528471744,-76.94994222356945
531,0.0601868619560559,4.757492583739969,0.016894789097561265,4.673922648401309,0.06667514624109985,147.27954535057438,145.6524110978637,1.6271342527110002,0.006395993610448125,0.007625329661997219,0.08773387170932538,-3.0225445764705886e-07,-3.054188599915473e-07,3.1644023444883387e-09,-3.6776931983726625e-05,-3.679022147251489e-05,1.3289488699803178e-08,1.8925452509912788,16.648205891446043,3.8831868650350997e-07,3.7101284710679666e-07,0.023681964161775076,62.69801388843183,0.0018790623143732192,-250.97289477453023
532,0.05564223932753098,4.497273135984077,0.01558900674282389,4.418247475634457,0.06343665360679597,121.24378668088278,119.38126531979627,1.8625213610865075,0.005803077071378867,0.007044673724487685,0.07701492672154148,-2.7700161406071464e-08,-3.106928524333615e-08,3.3691238372647087e-09,-4.0125710471174555e-06,-4.02485729400017e-06,1.228624683540137e-08,0.7254382016736896,-73.31570684412632,3.1264755392185423e-07,3.2755877343341294e-07,0.020976828288683993,61.62823283093849,0.0018490466944072975,-618.2101281603682
533,0.05855645025725616,4.546881777194598,0.015430254704702651,4.476484180323119,0.05496734216677669,125.32772174018072,123.12574524095959,2.2019764992211295,0.004708408433469495,0.0069003316005361815,0.07765637769856987,-5.009680641656971e-08,-5.388949583561656e-08,3.792689419046859e-09,-7.418871444818284e-06,-7.431703785490481e-06,1.2832340590952088e-08,2.379708955251541,28.114550612188822,3.098460527535522e-07,3.7304428152117146e-07,0.02145625411776876,60.32448774236198,0.0018649454516487455,-488.8863839276355
534,0.0569524661444663,4.53341010154317,0.014538248584357994,4.462385355017075,0.05648649794173765,144.55321185601258,142.5974272120352,1.9557846439774724,0.007216888295246397,0.007139392180663408,0.08196739791630604,2.0741002238974752e-07,2.0366361116416503e-07,3.746411225582542e-09,2.366351799530956e-05,2.365091307125312e-05,1.2604923950104843e-08,0.20044054153250357,21.40494895824302,5.347661148871107e-07,3.6143926077985005e-07,0.022079979729850523,60.782669642024146,0.0018664653613741542,56.40217153549702
535,0.05985780223404808,4.596790714475359,0.014657210415422407,4.518640143283054,0.06349336077688217,118.55409063777545,116.14644465324166,2.407645984533868,0.007582107853186553,0.008246885920327985,0.09477111927512173,4.5858567538225326e-08,4.2635363227428364e-08,3.223204310796966e-09,4.804795670621671e-06,4.791442744042403e-06,1.3352926510694853e-08,0.5478674160009306,21.670757483005037,3.367748882673819e-07,3.725102763179205e-07,0.02462016510793571,55.13686189105085,0.001878417579439484,-104.55645356381501
536,0.05710430376410356,4.603797393572017,0.015743884920156003,4.523779714699281,0.06427379395257878,151.72521568803234,149.80604256218226,1.9191731258500728,0.007056896298762966,0.006320424820873754,0.0714482216808277,2.706486862465833e-07,2.6536434673627754e-07,5.284339510305967e-09,3.063274509480287e-05,3.061955924841997e-05,1.3185846314410516e-08,0.4867623427282518,16.883559911464307,3.9824631025724874e-07,4.007568685659136e-07,0.02134065451947886,58.58385474027382,0.0018654534276517517,295.97426886409085
537,0.05640493820137647,4.312642622780919,0.015675210773923327,4.243869171237261,0.05309824076973478,166.07305752769088,164.41059480232107,1.6624627253699507,0.005403496333391422,0.007049553597051916,0.07571226271801224,-7.991318098813127e-08,-8.569688378949482e-08,5.783702801363572e-09,-1.1431931601146111e-05,-1.1444431993784785e-05,1.250039256671035e-08,0.4925447163933839,-27.755335695777667,2.9205831622946553e-07,3.546665089866966e-07,0.02140453199896772,56.94521300204251,0.0018492083272114912,172.6373120173621
538,0.057483004078514546,4.5806283010106466,0.015595964205031797,4.508193348768243,0.056838988037371786,107.70917458778051,105.86749569468577,1.8416788930946941,0.007167175468492055,0.007128575632478984,0.07961411501263803,-2.377622115930724e-08,-2.8459476683089935e-08,4.683255523782685e-09,-3.7281139545783837e-06,-3.7418813833325418e-06,1.3767428669173302e-08,0.40661663008533877,23.00671689038761,3.439835898093101e-07,3.53118229105162e-07,0.022687038507720185,57.89029122233967,0.001897989371828599,442.8889870387666
539,0.057218237366100835,4.434805521682217,0.015628311959625014,4.3629104903582405,0.05626671936435144,131.5591450518493,129.76359693021112,1.7955481216380471,0.006120497857269042,0.007644281796893012,0.08741140388686411,2.938679699299188e-08,2.649016684755932e-08,2.8966301454325765e-09,2.828042080444328e-06,2.815319537932482e-06,1.2722542433830736e-08,0.9797099487654009,33.30371481849363,3.718956544766e-07,3.224766157636538e-07,0.023701709412413577,59.74769082460048,0.0018677085759536435,593.088764030822
540,0.05859433018274474,4.325315712689266,0.015824077614315247,4.254877929222615,0.05461370585233568,142.60775438633567,140.78366576610549,1.824088620230067,0.006486932922695755,0.007151105566136911,0.08196147632097936,7.777615057869944e-08,7.174323665222715e-08,6.032913926472325e-09,7.897532534952809e-06,7.884024158129483e-06,1.3508376746986106e-08,0.45393752739931104,3.507722661989604,3.3737794526121885e-07,3.596071555091599e-07,0.024075470450069032,60.33531143230532,0.0018778177371391056,-175.3968590214331
541,0.06072049885570968,4.704464798925305,0.015118402662687078,4.625427601025065,0.06391879523755314,154.76102504945894,152.5087288212048,2.2522962282542225,0.005977068112338973,0.008315310616098975,0.09401897205385966,6.206728204291662e-08,5.7939441924354845e-08,4.127840118561743e-09,6.213049936836828e-06,6.198960375122741e-06,1.4089561620538617e-08,0.48500621778804587,19.13279992553752,4.168947996155556e-07,3.709148787275691e-07,0.02670756475256249,63.26056417157661,0.0018933698136253967,-47.65929142178538
542,0.056851274717789405,4.711111768777745,0.016524345771897896,4.630343949064094,0.06424347394175361,118.41193730842929,116.18593175634784,2.226005552081515,0.006165087878907024,0.0068505700253002335,0.07648349253149479,3.5593759939866316e-08,3.137279234245408e-08,4.2209675974122314e-09,3.184197144897313e-06,3.1717720077816065e-06,1.2425137016213343e-08,0.40875844300497066,25.391418908778313,3.4087218125145346e-07,3.4466713235974283e-07,0.022214480524493395,61.796386849691054,0.001851017718554164,82.50525485041544
543,0.0608038954085276,4.7774800299907785,0.0168595529820883,4.698615227181806,0.06200524982688312,108.79011393420896,106.45299232035735,2.337121613851734,0.0067575842338381134,0.007870172812998318,0.08951440281970717,-1.4988036601724807e-07,-1.5365430585379164e-07,3.773939836543594e-09,-1.887428684796825e-05,-1.888823314499432e-05,1.3946296944880216e-08,0.3373998964976722,38.91419755496984,2.536168663668925e-07,3.703368632670701e-07,0.024567261339702714,65.4805872731642,0.001896401997893678,-374.9490770491793
544,0.05804047043431873,4.491701755329063,0.0155710320722393,4.421552926388549,0.05457779686827447,144.84781677705024,142.70806029068797,2.1397564863623226,0.006026766098881666,0.007280350250966822,0.08404078044934828,1.8709841291156668e-07,1.8327536242924384e-07,3.823050482322844e-09,2.1790298958419113e-05,2.1777615046250365e-05,1.2683912094604557e-08,0.3247005059082526,14.56994361708365,3.418522395437395e-07,3.6590202450293005e-07,0.021639105995138543,60.99331474279303,0.0018508099030094215,207.21933905307014
545,0.05739196174578125,4.738652590582942,0.016750467710287608,4.67063762651283,0.05126449635982397,126.07154835315482,124.20754015121183,1.864008201943158,0.006146340377091789,0.007050465590823522,0.0773452170654929,1.981178091275801e-07,1.9183028391592474e-07,6.287525211655333e-09,2.0774069317223912e-05,2.0759978335996243e-05,1.4090981120907236e-08,0.3938321495645195,-9.393827639174285,3.7208108936518863e-07,3.5809129554585284e-07,0.022446280773407025,63.70124433814827,0.0019021844133588705,316.0292039343549
546,0.061065797148332275,4.724207950168795,0.016670726104379446,4.640515676363149,0.06702154770126673,141.66260287887147,139.71637445848557,1.9462284203860223,0.006902369368652854,0.008232361088451325,0.09353741969099727,-1.1128002810951254e-08,-1.417596053912128e-08,3.047957728170023e-09,-2.6219183767743232e-06,-2.634783359137793e-06,1.2864982228085405e-08,0.39829834245824364,14.035082939368646,3.453757656162677e-07,3.979476844326064e-07,0.02522342048237986,62.75027549863109,0.0018641333236315675,-1347.9408993427364
547,0.055466118240456455,4.364562206219785,0.014544673847280977,4.292972817675437,0.05704471469706602,142.10651742281746,140.25475567290732,1.8517617499100465,0.00764706969783727,0.006632875171901051,0.07550085151579279,8.468784359625279e-08,8.165114647894675e-08,3.036697117306038e-09,8.293257803950119e-06,8.280215183218141e-06,1.3042620671220202e-08,0.3967848674617376,15.514819306159643,3.8711043158970037e-07,3.911269731535942e-07,0.021173692151158986,58.07803665181113,0.0018779621420125258,-33.117287673892406
548,0.05846697673884177,4.651473136437289,0.015262475761741863,4.575941858874724,0.06026880180082296,120.5852813072019,118.47180406750562,2.113477239696303,0.007872459938845588,0.007355807672177329,0.08277981547756075,4.370825631555469e-08,3.98917488349964e-08,3.816507480558302e-09,4.45092818724574e-06,4.437918444227145e-06,1.3009742919262123e-08,0.6815769626740487,42.82132346642419,3.191404850861795e-07,3.5058339534111005e-07,0.02192360081613353,61.97005087461299,0.0018726290498394136,117.69034766682807
549,0.059156634093385486,4.541308894873358,0.0159253890286048,4.463395479088278,0.061988026756475786,149.11592403566655,147.41201913616354,1.7039048995031618,0.00789739990212169,0.007230997142754357,0.08159423025432379,-1.1500065993699534e-07,-1.1770444960545909e-07,2.7037896684637455e-09,-1.405559771863639e-05,-1.4069576295699272e-05,1.3978576956039087e-08,3.466171739651338,50.16339902698578,4.565764749674624e-07,3.51143673454614e-07,0.02365038952251143,59.316701447579874,0.0018949304382894821,-157.75989101342884
550,0.05805791512477739,4.603890369426999,0.01607747603838003,4.540648361402913,0.047164531985706075,106.8801422174705,104.64756392574063,2.232578291729986,0.00582983971336898,0.00760731895547874,0.086151098793372,-1.3642863865161667e-07,-1.4152837334805698e-07,5.09973469644036e-09,-1.71564704011864e-05,-1.7169755766909353e-05,1.3285365635491258e-08,0.37595829056117214,13.371190957154097,3.414057337376197e-07,3.506219024862078e-07,0.023747100662641022,60.33220841937254,0.001861567385955951,362.05401499938307
551,0.05686387294536306,4.439973847987718,0.015646079548756905,4.371003569904459,0.0533241985345033,115.43150105249369,113.05922195956369,2.3722790929300412,0.007663817980641626,0.006795742394777767,0.07429836607736501,-1.2630298827884753e-07,-1.3018575447811262e-07,3.882766199265046e-09,-1.5155950642485475e-05,-1.5169110479922924e-05,1.3159837340126816e-08,0.35025559343988943,30.828113248768545,3.106382280832492e-07,3.839886926554304e-07,0.020600507590712087,58.11131476717472,0.00186670847726984,347.323319091161
552,0.0587303762187491,4.650645366537673,0.016252524734205034,4.572403791991086,0.0619890498123815,122.3267601324179,120.40096432485285,1.9257958075650383,0.007774566389353685,0.007375029998185787,0.08529805677210012,-2.611247337333387e-07,-2.6503252826004753e-07,3.9077945267088695e-09,-3.305470339024713e-05,-3.3068841219215186e-05,1.4137828893331244e-08,0.8987864008738231,31.171116515600882,3.099950104700723e-07,3.789725316229564e-07,0.024423919666765298,63.176730504585706,0.0018847565290626713,-350.9914949238537
553,0.05978619902728404,4.602163565105724,0.01542417085121035,4.523117919485176,0.06362147476933748,135.2554656232461,133.0367510182514,2.218714604994538,0.007159554628262143,0.007933538463577479,0.09121844861515677,-3.87090075022426e-08,-4.3280372046853066e-08,4.57136454461046e-09,-5.7332565602153215e-06,-5.746539254801147e-06,1.328269446783588e-08,2.39406681874153,22.76877947681213,3.4251406762661644e-07,3.960714680104024e-07,0.025822685792489756,60.892284656873656,0.0018571813210438157,182.20612389536564
554,0.058822886473376135,4.619371208151668,0.015027155124766215,4.547195242620621,0.057148810406280746,138.14235569890977,136.37815960351156,1.7641960953979996,0.006089674825717859,0.007645038934054337,0.08266760243714039,3.41429208187318e-07,3.3699323455708264e-07,4.435973630235364e-09,3.895495420319602e-05,3.894167965791979e-05,1.3274545205720052e-08,0.855436427125089,45.428256577719715,3.8569257519896934e-07,4.09946939053223e-07,0.023600654700235278,61.07413748233094,0.0018738135951039188,418.03452896860153
555,0.05958383239199261,4.5103941191781995,0.015527434668812432,4.431977328921091,0.06288935558829538,114.45363303080644,112.55826696181998,1.895366068986603,0.008590132306103147,0.007530123728670356,0.08984219754734757,-4.2088372181461065e-08,-4.5903976011877246e-08,3.815603830416176e-09,-6.0908243892742215e-06,-6.103694257279583e-06,1.2869867876314821e-08,0.4357042043264245,23.92292101441704,3.687633081411784e-07,3.818745899283696e-07,0.023031514856578825,60.38708808113877,0.0018605021818718136,-399.0915360972476
556,0.056834139013497126,4.364260163688427,0.015185595932074848,4.275264310171863,0.07381025758448968,154.76486329089764,152.71728314483738,2.0475801460605405,0.006616525194968304,0.007045673838409373,0.08064304315366333,6.241904608052436e-08,5.860898916571221e-08,3.810056914812128e-09,6.385627826522247e-06,6.372779454723944e-06,1.2848371698349222e-08,0.3637506893492428,27.61192514418382,3.5293411857286964e-07,3.4519716864388124e-07,0.0217068952629228,59.42636156563863,0.0018486440468233206,-390.1926768591329
557,0.05789546592417451,4.460716830937557,0.015405637944777952,4.390211157871598,0.05510003512118038,135.95013600286325,134.16842397511772,1.7817120277453384,0.007059158672628613,0.00788606955642899,0.08648980738266557,-2.541790348387941e-07,-2.569792245072451e-07,2.800189668451119e-09,-2.99467220524573e-05,-2.9959955520824464e-05,1.323346829990674e-08,0.7409601486372263,14.74066852095057,3.528888757201068e-07,3.853451964501741e-07,0.025010852824988963,58.0508949666037,0.0018744270148674835,-141.69080653317633
558,0.06752621686880794,5.016758287185591,0.01574612197247613,4.928068258077725,0.07294390713539124,126.80030715164601,123.97665079890945,2.823656352736691,0.008012255247499224,0.01003128556504934,0.11243218665991006,-1.8042805679254993e-07,-1.8474880507279588e-07,4.320748280245977e-09,-2.3108474296958838e-05,-2.312207265041184e-05,1.3598353355379958e-08,0.4749259539640726,5.0600341868781875,3.838478925131298e-07,3.4923682018580195e-07,0.030433991433895496,64.9062400232725,0.0018736463275059673,125.35853285000985
559,0.05756354632316686,4.6102136933363544,0.015112405632875574,4.540277931182049,0.05482335652142892,108.556419914691,106.78738012220465,1.7690397924864119,0.006179784849153364,0.007010810469755421,0.08123443156096165,1.7313190924197776e-07,1.704435884450604e-07,2.6883207969173526e-09,1.917931791847423e-05,1.916607296093716e-05,1.3244957437783799e-08,1.181862846601098,32.0435000573025,3.100705849554657e-07,3.3173643228764853e-07,0.0223366236563272,58.40655169764993,0.001864148663637191,76.79542850860071
560,0.05812915572906489,4.631758185073962,0.015826083491197,4.5578370283011935,0.05809507328157175,120.67347576020735,118.59662102974069,2.076854730466576,0.005940571119333884,0.00692122634831085,0.07718305352499366,-6.183013689954903e-08,-6.546473652224132e-08,3.6345996226923168e-09,-8.313757164143539e-06,-8.326245375570082e-06,1.2488211350153521e-08,0.26922625242282094,43.99550257305811,3.3914778232973904e-07,3.579454521106043e-07,0.021732492780298245,59.49460649445854,0.0018563121633617086,163.7842951236007
561,0.06207886925504177,4.890965338064812,0.01595126009442978,4.812202829621787,0.06281124834859425,121.20307129894175,118.96747487435285,2.235596424589113,0.008115839526777219,0.007893484239560537,0.08921303193519763,1.151771353560126e-08,7.507752957465135e-09,4.009960578136108e-09,5.408323239201964e-07,5.275618979412881e-07,1.3270425885250171e-08,0.42133033279979654,21.408339443278013,4.3380033893220946e-07,3.7265443376374614e-07,0.02454891526413238,64.88931338710653,0.0018779993726947487,465.65649566989623
562,0.06011129780166797,4.623357981445753,0.01680885951038444,4.541170294668705,0.06537882726666341,124.10651278555507,121.8385918454427,2.267920940112473,0.006720285002701094,0.007989768385537605,0.08938385984364623,-1.101987487635792e-07,-1.1352710338069767e-07,3.32835461711847e-09,-1.4116384654498496e-05,-1.4129628237582526e-05,1.3243583026577969e-08,0.5516597997639008,-18.686566539768712,4.31266410961333e-07,3.49272784745433e-07,0.0253631807143814,62.447439358201244,0.0018764753783252993,136.67810083631457
563,0.06134851665297853,5.016033824339411,0.017527657944506714,4.932498329094824,0.06600783730008067,120.44461037708226,118.25527073532412,2.1893396417581568,0.008919968910462804,0.007534708627680308,0.08307922029565272,1.0085080548250705e-07,9.602331690798323e-08,4.827488574523822e-09,1.1458649330794255e-05,1.14452397745105e-05,1.3409556178315814e-08,0.5231669008293527,15.947119225592045,3.915038178567339e-07,3.468049483810524e-07,0.023609576510531253,67.56404365974572,0.001866726487430803,-383.5337367736456
564,0.05913626857662053,4.528767171715675,0.01638642042038781,4.460336755222915,0.0520439960723716,105.84616021083677,103.94479666405722,1.9013635467795087,0.006970207055840879,0.007153398950519633,0.0854399270286306,5.944222270149427e-07,5.897337600873309e-07,4.688466927612075e-09,6.984571868521696e-05,6.983198995942665e-05,1.3728725699435143e-08,0.4669934933088813,-0.5393766179890409,3.0226557915851525e-07,3.8990355217475215e-07,0.02377658400088773,59.50265724433319,0.0018804850219646511,132.5099805102309
565,0.060897722418052726,4.837845372358641,0.016892462372250498,4.753084328549103,0.06786858143728751,147.36387282855588,145.27284463593782,2.091028192618161,0.00584882430072935,0.007048896147785385,0.08327152589163163,1.2363215632375864e-07,1.1992368240453028e-07,3.708473919228385e-09,1.2823023154748817e-05,1.2809835002441797e-05,1.3188152192550702e-08,0.27000526505234484,21.351731380695657,2.943147956663463e-07,4.757688838642983e-07,0.02413913033851552,62.39870257796149,0.0018658534258793188,165.3590290216962
566,0.05725645557818535,4.542047082142428,0.016093219105300337,4.464636976533309,0.061316886503819105,177.3973102571125,175.40136179940333,1.9959484577092896,0.00714364014831297,0.006935760808093946,0.0807005661020671,-5.903178481662867e-08,-6.278642267072128e-08,3.754637854092601e-09,-7.599055985901437e-06,-7.61221191055986e-06,1.3155924585964884e-08,0.6527472714054405,-34.71960015971791,3.2455486304384654e-07,3.5023312639303556e-07,0.021011783113359515,62.17666538923837,0.0018774377674124017,-378.7291605781252
567,0.06382362141498478,4.689265190433397,0.016631030223038593,4.606258932321149,0.06637522788920878,112.47211079266945,110.47546597605746,1.9966448166122137,0.0067841798312477265,0.008102962841714606,0.09443710573288369,2.6128537425440433e-08,2.233737939155856e-08,3.791158033881881e-09,9.353551642713747e-07,9.226960359677989e-07,1.2659128219220318e-08,0.5929209884749749,63.34107544092968,3.793458387168871e-07,3.716181531173536e-07,0.02691292267068558,63.863297240796676,0.0018648309583726476,-404.40058152306574
568,0.05829820559367715,4.628083668801141,0.01689734706371868,4.55166628563814,0.05952003609928217,140.79344848735641,138.83776478389487,1.9556837034615617,0.006867673953311278,0.007900310829314833,0.08642398030354925,-1.8033029154954364e-07,-1.8423154703014196e-07,3.901255480598253e-09,-2.198328412204001e-05,-2.1997508306246357e-05,1.4224184140180953e-08,1.2957225974751296,44.370368755152775,3.8887171409610826e-07,3.3568661360417167e-07,0.0238937148548299,62.06795331154168,0.0018809680780754823,-315.9490623829497
569,0.05897194528559815,4.437203224623173,0.015030035681676537,4.368489721771073,0.05368346717042301,126.12733743399178,124.21743073560262,1.9099066983892097,0.007894217033510328,0.008018060417664409,0.08941887037360678,1.6429395691935627e-08,1.2909080416226616e-08,3.5203152757090222e-09,6.483616912404568e-07,6.352314456567269e-07,1.3130245515409335e-08,0.8608434165636532,-4.836659410695973,3.194462893081882e-07,3.490196724902013e-07,0.023805108866831876,58.00864965307486,0.0018681656422108472,12.103803281789624
570,0.059022852913126256,4.90768283945172,0.01555890386657,4.823593418924445,0.06853051666070598,114.78022757473256,112.90081617175404,1.879411402978623,0.009025767272981742,0.007573275655145401,0.08406489902936001,7.171123405748837e-08,6.827558575199655e-08,3.4356483054918263e-09,7.91647668767632e-06,7.903306247036135e-06,1.3170440567467817e-08,1.0201084960992077,5.179468985351812,2.9733392774491114e-07,3.413784495743585e-07,0.023189450389091527,62.60495447467176,0.0018779846761243003,30.76523805191664
571,0.056196788101978645,4.72419359370847,0.015481670263328421,4.649091068943473,0.0596208545016692,138.86379943833646,136.42774112016403,2.436058318172698,0.007568913172097091,0.007237128855293779,0.07903449229646736,-1.4424233057925075e-09,-5.900401332385973e-09,4.457978026593472e-09,-1.2390926288046062e-06,-1.2524988963668467e-06,1.3406267501242907e-08,1.1331925004632724,27.321587220573335,4.059739459962067e-07,3.3321611598822593e-07,0.02235317461632148,60.999291847682144,0.0018690734394717688,-44.169853679190965
572,0.06142736437944642,4.638023665894127,0.015488193705384528,4.564776138053111,0.05775933413563186,110.94515118503827,109.12917517444897,1.8159760105891438,0.007265246438119622,0.007939669055160052,0.0889592100038642,4.6882586700930687e-08,4.427898037809117e-08,2.603606322839522e-09,5.110968343817716e-06,5.097012413752295e-06,1.3955930016788274e-08,0.734664989099012,41.27832541144704,4.175751748783268e-07,3.52393247101864e-07,0.024549571844042304,62.09056230337977,0.001882132709326266,-505.2477789850377
573,0.05877508623547513,4.683048375561307,0.0166218731246088,4.604772608722007,0.061653893714691856,125.60010796295637,123.50658321437456,2.0935247485819155,0.008150103978703367,0.007090693341743553,0.07961394798073324,-1.2321003356915759e-07,-1.289051565119178e-07,5.69512294276027e-09,-1.4833611361796003e-05,-1.4847395181403164e-05,1.3783819514125571e-08,0.34125923576573064,98.3728667745989,3.698059353112775e-07,3.649241556351021e-07,0.02185310977887851,62.045996061789886,0.0018790352145813243,-654.6374588250119
574,0.06046971786730683,4.708562184427647,0.015346474980031501,4.632349531289126,0.060866178158488875,149.55898453286684,147.61752758504042,1.9414569478264765,0.007683735901447982,0.007847250418284015,0.08857040497075881,-1.1078713110332289e-08,-1.5511075308208925e-08,4.432362197876627e-09,-2.3019272434024044e-06,-2.3157658960922943e-06,1.3838652585652727e-08,0.31135946444759655,44.36265623075317,2.904000685207652e-07,3.7767137786139644e-07,0.0245098671547949,63.50398227632908,0.0018734277582306146,82.32723440017935
575,0.05584406964510826,4.331278919164424,0.013805679048990372,4.256658889072919,0.06081435104251349,115.10464680083005,112.4478087595596,2.656838041270335,0.007858024605568567,0.006865984719220759,0.0752881816739794,1.9766961195592638e-08,1.550844099383975e-08,4.258520201752881e-09,1.6009052995790862e-06,1.5873656526584533e-06,1.3539646844963358e-08,0.3930505414675439,18.884474627632148,2.82797918886867e-07,3.547275434528878e-07,0.02165781721255714,57.651294650241645,0.0018979605411290727,64.03808080025965
576,0.05945202388111575,4.7438460163338885,0.015793869605804714,4.6752330884471744,0.052819058280908666,112.07779152462307,110.28125394958987,1.7965375750332016,0.005826638311878784,0.00795091496863036,0.08563327084595886,-2.965659836094643e-07,-3.010238269894225e-07,4.457843379958091e-09,-3.5861288008419076e-05,-3.587499835411387e-05,1.3710345621743509e-08,1.2127157812657074,8.233012884419752,4.0558039385913695e-07,3.435894134151266e-07,0.02466420240222025,63.7320675568046,0.0018760865624156183,3.236388789248849
577,0.05832847336995059,4.575982352041613,0.016351543212045808,4.504899614808876,0.05473119402069145,120.89512122728621,119.08515656033816,1.8099646669479317,0.006683177360322249,0.0071909084904563025,0.08432705710169604,1.7339444274998966e-09,-1.6582110395730078e-09,3.392155467072897e-09,-1.5364432403626953e-07,-1.6711881660406033e-07,1.3474492450597305e-08,0.459259977941546,15.4924839532193,2.9604557746192693e-07,3.927079162879667e-07,0.0223871840838737,58.01738923483721,0.0018766381524153366,9.913866356740073
578,0.05891942120804431,4.528620411842751,0.015885660277110795,4.452236711495309,0.06049804007033199,141.1870126166477,139.1655511070527,2.0214615095950417,0.006858823304955207,0.007321405231883928,0.0807208829339104,-9.951222020688213e-08,-1.0489126227494531e-07,5.379042068063171e-09,-1.2813937861207306e-05,-1.2828057812353498e-05,1.4119951083992473e-08,0.38856804241038634,25.09419499255265,2.958621186484644e-07,3.8449299497271335e-07,0.022424470768428607,61.99234962347852,0.0018944475549612688,634.1478631221175
579,0.06137829477139254,4.872363015847928,0.01691051253077795,4.789811003426089,0.06564149989106084,135.86434138189978,134.140383854351,1.7239575275487136,0.009839315661952645,0.007752465451153369,0.08509333883183798,-6.155519845658509e-08,-6.489797345040725e-08,3.3427749938221337e-09,-7.931957024167683e-06,-7.945846786010226e-06,1.3889761770080476e-08,0.5513879394945569,16.26394490065028,3.532286956011407e-07,3.8674282588974147e-07,0.02417917002005577,64.30309088847895,0.0018889847166027873,310.23509793506855
580,0.058056155263292546,4.591898112256573,0.015360576224061487,4.530332010255474,0.04620552577703823,159.8731804048072,157.67504925022752,2.1981311545795825,0.0065911070392667215,0.007039889235609145,0.08194959229561857,8.12794574719239e-08,7.743691707456148e-08,3.842540397362409e-09,9.14298845293092e-06,9.130150849323984e-06,1.2837603510535755e-08,0.2933889798250032,38.00772979200947,3.5885498268483983e-07,4.0387076063025777e-07,0.02334398911736208,62.997897370113535,0.0018593639548827774,-57.11502494204251
581,0.05969597983813807,4.55888111332737,0.01534297179792285,4.484873132575165,0.0586650089542813,123.889779624243,121.98230511056128,1.9074745136818112,0.00930862039921645,0.007980214762618024,0.09310583242498953,1.7216394131723986e-07,1.690568104170547e-07,3.1071309001851686e-09,1.8500321274147743e-05,1.8486794426602558e-05,1.3526847435618412e-08,0.8577424023857788,36.73824800475731,3.7006536431674204e-07,3.979607933414522e-07,0.02532964579501177,59.42007431522028,0.0018744024821165492,-103.56413244922169
582,0.05751646231888234,4.696972742998728,0.016557818539371494,4.626462249880919,0.053952674578437075,135.92551250638417,134.01116995307814,1.9143425533062577,0.005730176410386264,0.0067985314698324395,0.07656006207491795,3.1419010955487197e-07,3.07742380448131e-07,6.447729106740836e-09,3.638593044784634e-05,3.6373180837062615e-05,1.2749610697224473e-08,0.4986329074314623,22.245375343998703,2.9931382681555345e-07,4.0068138731775177e-07,0.02064736147354397,61.19556520380418,0.0018597980994643595,-14.470979510876987
583,0.054314009215995794,4.419439148546404,0.015406431873231227,4.340613870538968,0.06341884613420443,131.48651631033894,129.8447784892114,1.641737821127409,0.006381771425518245,0.006651090838157199,0.07463110592944812,-1.4680763519121943e-07,-1.5064604373312508e-07,3.838408541905664e-09,-2.0017708974945234e-05,-2.0031103627689788e-05,1.339465267050684e-08,2.7428071947324715,26.709033724415477,3.3074790862650834e-07,4.2692015240940775e-07,0.0204055314022059,60.38341083935018,0.0018620497779499447,-357.49998553481373
584,0.05697448211430483,4.431471985952314,0.015796655385745283,4.364993031433711,0.05068229913285727,140.13182063661375,138.49381809048856,1.6380025461253822,0.0073852084738414946,0.00716653901820445,0.07841996090385453,3.7659336281514075e-08,3.4099602850196284e-08,3.5597334313177784e-09,2.88772601520793e-06,2.8751686282785745e-06,1.255738684938491e-08,0.3762003420407575,-19.675223812434496,2.980902790571809e-07,4.989880862378219e-07,0.021642274196490972,61.247197387747725,0.001856452152509104,-727.1474829790295
585,0.06055533685631958,5.0174687436121115,0.018713391537818484,4.946391821405912,0.05236353066838053,138.34800577174678,135.99899362613178,2.3490121456147235,0.0062718711930982735,0.0074430342937410595,0.08254483348107207,9.548601501337034e-08,9.241859131136497e-08,3.0674237020053465e-09,9.44019402516167e-06,9.426157762002281e-06,1.4036263073886203e-08,0.8710454948338744,64.47194827382773,3.3351802885040385e-07,3.972607588536724e-07,0.02494727203022715,63.95542379310105,0.0018894271414746614,173.6584865114478
586,0.05961731931406837,4.830978035340088,0.01661913573057383,4.749576872553499,0.06478202705601507,123.25696149493622,121.1074464582795,2.1495150366568807,0.006503213973495547,0.00700432598535011,0.07824289357401597,-3.283098668108071e-07,-3.321324980871599e-07,3.822631276352767e-09,-4.113443569701838e-05,-4.1148021590028207e-05,1.3585892904868825e-08,0.5674561309461008,2.87143022223566,4.1785849817423956e-07,4.3437463543951684e-07,0.022917132657803884,61.01168845046407,0.0018752322086053807,611.9394359596777
587,0.05974501229076628,4.578953421455561,0.014788414282642413,4.508641595319313,0.05552341185360489,139.9375398257187,138.10387205166313,1.833667774055618,0.00752300636089335,0.0069962813205361315,0.08224524851062916,6.024051240889271e-08,5.768067611959692e-08,2.559836289295793e-09,8.031714451550064e-06,8.01734853930269e-06,1.4365912185332059e-08,2.2054608324652545,34.09252837845458,3.238311688848559e-07,3.2319901463331765e-07,0.021592135374868402,61.18737599192639,0.0018992980859367807,391.53065618870005
588,0.0630526782748537,4.992079945880405,0.01716609038110641,4.91955423743057,0.05535961806872859,147.52686529848725,144.8687748800981,2.658090418389279,0.00731234998917839,0.0087987494950734,0.09620952746451525,-2.2895234208506463e-08,-2.8301273650013293e-08,5.40603944150684e-09,-4.154732183129222e-06,-4.167791953975454e-06,1.3059770768053832e-08,0.26937566043169253,24.37482322798883,4.4556061057185096e-07,3.8923317992291396e-07,0.02650432335419873,64.17998049637092,0.0018718221435628974,147.75159856253822
589,0.05779260821911342,4.594845682485411,0.01641074408591603,4.525264272278093,0.05317066612140162,122.71616065918427,120.51564860962888,2.200512049555444,0.005936565899112067,0.0074256726519975474,0.08153720578404083,2.2938827934976804e-07,2.2487131416057487e-07,4.516965189193226e-09,2.6974039897957435e-05,2.6960989169692393e-05,1.3050728187391665e-08,0.524354419689551,-26.13522602087757,5.172438302668612e-07,3.6381168269193575e-07,0.022706201035015288,63.09193326956977,0.001879063241327091,-7.466017788193312
590,0.05849402436603242,4.719635267014251,0.015599473187558903,4.64447852102737,0.05955727279932233,133.52953899380717,131.36338095020898,2.1661580435981627,0.005596581192570127,0.007064533372102054,0.07794559914774105,3.061334326585361e-08,2.5367321416136313e-08,5.246021849717316e-09,2.587203898153192e-06,2.574258591371824e-06,1.294530671520059e-08,0.3780127474360826,41.84517238173481,4.716774199285878e-07,3.651261726621404e-07,0.022212487740215718,62.101927520292705,0.0018716557567714919,199.54229945386714
591,0.05728690975099475,4.4792786179279025,0.015888850332466842,4.406328798899138,0.057060968696297204,152.34208385415604,150.43688401006,1.9051998440958857,0.009707843138097845,0.007025990193498203,0.07855264766170514,1.24954934715586e-07,1.2060767812829893e-07,4.34725658728704e-09,1.357198181935395e-05,1.3559112574786434e-05,1.2869244497190499e-08,0.5094681092478515,31.353223039983202,4.4167910964541604e-07,4.111354489196406e-07,0.021511828889134724,59.91320032452377,0.0018674538671353716,449.2943759955883
592,0.058844428717969466,4.787458632563424,0.015381775134879372,4.720008908528153,0.05206794890039092,135.79979604243943,133.49933912771408,2.30045691472526,0.006893672261273403,0.006616679028791155,0.07317419199874943,-2.3837814835823292e-07,-2.412331429980967e-07,2.8549946398638075e-09,-2.856063613261902e-05,-2.857392958500525e-05,1.3293452241303623e-08,0.4896573742047281,5.830507944527378,3.8201574532069197e-07,4.1671294856513427e-07,0.02266261397115814,64.48933637520757,0.0018673058551326872,-0.4534950924962686
593,0.057410622549786426,4.575010275542988,0.016520663502616235,4.50173857822026,0.05675103382011232,175.1451568982186,173.49714711244008,1.6480097857787426,0.006317638841744187,0.007225248211871376,0.07785760388210239,5.53589926114808e-08,5.023281135679647e-08,5.126181254684345e-09,6.119787842846744e-06,6.106574769588915e-06,1.3213073179523696e-08,0.6356609499646149,35.321765447240224,3.0151059320217574e-07,3.493993123794643e-07,0.021603760044446634,60.928000696274204,0.0018721280408286818,345.98242971664695
594,0.05939423993907291,4.607025921613071,0.015636439567288496,4.5276758513399,0.0637136307058832,119.45998261899037,116.8761398164306,2.5838428025598716,0.006633358191420943,0.006930778428150952,0.0800181933050431,-2.174685192242817e-07,-2.2298096321889272e-07,5.512443994610984e-09,-2.6367636100786844e-05,-2.638095227240003e-05,1.3316171538056529e-08,2.1292259650577217,20.094132366144486,3.520555144957283e-07,3.9918387632553126e-07,0.02218356594093235,60.51826989641669,0.001871692653393053,356.68817528648697
595,0.05950681891525156,4.514958971487228,0.015943187542619988,4.448084242792167,0.0509315411524407,118.96197020399188,117.15234237656001,1.8096278274317654,0.006073400793562141,0.007317633082117085,0.08158647184366473,-2.1800734008471853e-07,-2.2148344250647294e-07,3.4761024217543364e-09,-2.588065815212974e-05,-2.5893835576408718e-05,1.3177424199313074e-08,0.3339130841286398,36.977204834652845,3.124966925558428e-07,3.717548235774553e-07,0.022966814490136867,59.953745521704604,0.001879134536434512,311.86094275821597
596,0.058315789613986264,4.421710628876193,0.015132942534590223,4.3417170535654765,0.06486063277612644,127.92619611686251,125.98909757629986,1.9370985405626855,0.00700321285619825,0.007794093148621335,0.08640285357363925,1.3082118007977467e-07,1.280964449276023e-07,2.724735152172376e-09,1.4009708063905886e-05,1.3996862002672419e-05,1.2846061126552366e-08,0.3735768855098332,9.302114897644591,2.943906087695053e-07,3.7760681483403717e-07,0.025268756021575734,63.09159905126138,0.00187841212793343,-69.24897990641011
597,0.056164864245552705,4.239683609580957,0.01622500410994798,4.166250327777649,0.057208277693359524,106.35411724555354,104.45752431945307,1.8965929261004513,0.007457113131750352,0.006825883046879732,0.08074305651298401,-4.267871385277342e-08,-4.678137644677928e-08,4.1026625940058725e-09,-5.043763753951541e-06,-5.057508512270851e-06,1.3744758221606284e-08,1.2514124938927005,-5.8986068369418465,3.914293821426384e-07,3.3633270134851774e-07,0.02108219754547181,56.68994179216129,0.0018977600047583862,-102.85992058183865
598,0.05923042655224997,4.666979462077267,0.016630867736846668,4.580787657677396,0.0695609366630248,129.64762094959096,127.4578265459788,2.189794403612109,0.006035452022770099,0.007940891058387996,0.08918778323365766,-2.485532119621077e-07,-2.5187290034332916e-07,3.3196883812214384e-09,-3.0765306847327415e-05,-3.077897012219012e-05,1.366327479813745e-08,0.253766692569373,11.67376813929293,4.3859006365243044e-07,3.602846149359189e-07,0.02385278064540492,64.48828190322199,0.0018777165227203563,-264.9627969637345
599,0.05958286757018981,4.775794079952867,0.016382710445200642,4.703278618791014,0.056132750716651726,113.65810157065681,111.61406761830197,2.044033952354771,0.0067227133830486474,0.007337553317733852,0.08296098154162423,-6.526472579779761e-08,-6.864365822386895e-08,3.3789324260713614e-09,-8.318628931827468e-06,-8.332428319333473e-06,1.3799387390205925e-08,0.9560893542076772,44.704964552006096,3.7335982857223673e-07,4.3452662458630355e-07,0.023308389050689247,59.62800661533066,0.0018840868115853869,120.15303677082602
600,0.0592072053401814,4.893254408146319,0.017181854078240022,4.816798899951418,0.0592736541166614,126.7198237209321,125.05985786639663,1.659965854535442,0.008341715133338971,0.007829205365248903,0.08771488304263321,1.5266039644618008e-08,9.777245169843767e-09,5.488794474774248e-09,1.5133586145562726e-06,1.500148454503597e-06,1.3210159963263005e-08,0.4366987957351688,-13.863057468791986,2.965569757541306e-07,3.894150565666954e-07,0.024686142867121154,62.92061939165862,0.0018688897742425003,43.09708129606997
601,0.05886048892882364,4.632851537606159,0.01616718515975557,4.560579826545426,0.05610452590097846,136.02576484357044,133.9506550432552,2.075109800315504,0.007683307362894679,0.006711947416999034,0.07979622696584998,6.899623280155326e-08,6.409761458396533e-08,4.8986182175879464e-09,6.63553866724803e-06,6.622619407060734e-06,1.2919260058546244e-08,0.49541657853892723,36.43910085051773,4.7351339163618763e-07,3.667096755832193e-07,0.020085295194590617,63.4907725912713,0.0018631330925015963,-293.998805603022
602,0.06073473033828857,4.679168744965446,0.015112526926846085,4.603219284317018,0.06083693372158191,157.69885555296975,155.39645679223312,2.302398760736368,0.006215115228789645,0.00857593349565463,0.09354177754364881,3.3561941617967833e-07,3.324168096841793e-07,3.2026064954991085e-09,3.867545713134464e-05,3.866201972247395e-05,1.343740878040072e-08,0.3524843280284704,17.707757622285683,7.227101682854844e-07,3.236047879659505e-07,0.026779486549748203,64.12338213366945,0.0018725029669973815,256.8363577014193
603,0.06123598474958902,4.600364569256757,0.016190909187176833,4.522676341791796,0.06149731827778324,119.06492833273937,117.11479556557755,1.9501327671618423,0.005620735926780342,0.008066407558484185,0.08993344993354555,2.3369397213494284e-07,2.288090469306668e-07,4.884925204276049e-09,2.6147381604941364e-05,2.613408160792512e-05,1.3299996937010197e-08,1.2101611111948423,27.34816111785318,3.703112649414774e-07,3.736328468771553e-07,0.024324048920425743,62.2013766698864,0.0018883527582252307,-397.9228241286587
604,0.061505550059510215,4.7807684525462975,0.01745143163227783,4.694022391572501,0.06929462934151866,107.66942796228554,105.65327645837264,2.0161515039129974,0.006186633457739687,0.008480403737894297,0.0948931648738202,3.5394952449328794e-07,3.4740827089272083e-07,6.541253600567079e-09,4.0118030201458424e-05,4.010481554816302e-05,1.3214653207645986e-08,0.35528061753755447,42.557855824458905,3.219209918836182e-07,3.8968466634161126e-07,0.025942020311520764,63.6563652854016,0.001864631044681553,586.2246590059349
605,0.06023642076693702,4.502342635447502,0.015558007566020113,4.431830488215601,0.054954139665880516,127.1017907657371,125.41202158289384,1.6897691828433445,0.005321093973943811,0.007950119869015912,0.08941045932137165,-7.680030831044204e-08,-8.11228830928231e-08,4.322574782381039e-09,-9.412254011359027e-06,-9.425482889956739e-06,1.3228878485286586e-08,0.5953529512477841,23.475464871241304,4.3669838021207295e-07,5.074886861588006e-07,0.02461293593532216,62.85592068880662,0.0018692514219248652,445.619612772281
606,0.05916496796230288,4.756670539829628,0.015763411660110048,4.676075783810178,0.06483134435934047,154.33797356965277,152.0005157176949,2.337457851957984,0.008592600264433753,0.007399121046539463,0.0838552497297221,2.2208022038733304e-08,1.9143112487176814e-08,3.0649095515564906e-09,1.1804621383285823e-06,1.1672146110108534e-06,1.3247527186469668e-08,0.7046602102331803,21.51158758631684,2.975213783502327e-07,3.615957793835486e-07,0.023269338273737897,62.54397511647907,0.0018697982848421514,284.9554886538376
607,0.062420910407622966,4.829061297480213,0.01604470916041606,4.754238308304861,0.05877828001493618,115.52962714259145,113.46004584789317,2.0695812946982564,0.007350456924229329,0.007812320249316714,0.08774484358872636,5.1229183404312216e-08,4.7597469511199994e-08,3.631713893112235e-09,4.503158774890558e-06,4.489657304826377e-06,1.350146997782255e-08,0.591979195436117,8.45803373420049,3.916069832613287e-07,3.920027099627809e-07,0.024326106886813286,64.19668126996675,0.0018882568704937206,164.06810701431868
608,0.05898617769592417,4.872429467599851,0.016520814708018843,4.796969828105442,0.05893882478639133,126.36781559243873,124.83189852447161,1.535917067967062,0.007751227179821682,0.007604264499647579,0.08530976717043853,-2.848387195093708e-09,-7.638860285591437e-09,4.790473090497734e-09,-1.3444146093772623e-06,-1.3589612556583184e-06,1.4546646197909014e-08,0.29934871509219646,36.84278401552145,3.105483529837525e-07,4.2975324448321753e-07,0.026902405119601458,65.91537411081293,0.0018947137039397844,377.3919014766211
609,0.05823137110145226,4.614369664252255,0.015593954745949061,4.5282422956254464,0.07053341388085957,126.05771299149521,124.44212991579538,1.6155830757000054,0.004863981039903202,0.007054064062958881,0.07878966232027904,-2.1385565853990236e-07,-2.1743345666098626e-07,3.5777981210838015e-09,-2.5843864818400723e-05,-2.585757335568952e-05,1.3708537185217492e-08,0.39576877126788385,38.197841281420835,3.0447444385216533e-07,3.6275925006250556e-07,0.021778900381080938,60.35365955851968,0.0018734453774796418,181.08715599444622
610,0.05973195661851156,4.614272228320243,0.016336797235399676,4.532655181923436,0.06528024916140704,178.68185880885625,176.7702024655638,1.9116563432924807,0.00637569789207894,0.0073105511133309846,0.08021125587947878,2.2547625050828125e-08,1.7525342844188905e-08,5.022282206639218e-09,1.4343602219263821e-06,1.421175235018247e-06,1.3184986825865462e-08,0.7629448142918864,19.765033769491822,4.225921159956194e-07,4.434840903173456e-07,0.023356150944218137,62.43182360160179,0.0018863632000834614,-152.1757364853338
611,0.0595633911417481,4.896048445591152,0.0170808521324367,4.810051059556435,0.06891653390228085,109.71197389255668,107.03164190091192,2.680331991644742,0.005995991708307128,0.00795759919669159,0.08726456487451698,-1.8827258127514039e-07,-1.9273023292516417e-07,4.457651650023801e-09,-2.317735360084721e-05,-2.3190253642304503e-05,1.2900041372150243e-08,0.5832077337946939,15.301778337509694,3.860464424164848e-07,3.79361279129525e-07,0.024125006181887707,65.65334839924503,0.0018685360433683437,-201.403243072049
612,0.058160961579132205,4.6045711151061814,0.01583983606690076,4.527784621737421,0.060946657301859906,122.05243781609653,119.67383112836781,2.3786066877286887,0.0061545715847130915,0.006562548371438755,0.07512084279918396,1.4480116446829655e-07,1.412694241264025e-07,3.531740341893997e-09,1.6261982445360842e-05,1.62488111636627e-05,1.3171281636926087e-08,0.3228508261321009,32.986216200009395,3.139825486447302e-07,3.448204774799798e-07,0.02595378126013275,62.78247818020101,0.001868096693006629,-520.7125222465993
613,0.05675883615545979,4.428464254284812,0.015823032707289575,4.353136991539934,0.05950423003758774,153.92292689922928,152.03981135103638,1.8831155481929607,0.005686292225547457,0.006672976073876137,0.07466355563629863,-2.61093115101581e-07,-2.6435883619470437e-07,3.265721093123248e-09,-3.168613484527072e-05,-3.169898744417811e-05,1.2852598834760745e-08,0.31412529427032243,25.61345359716459,3.671747148814446e-07,3.9725798986539684e-07,0.021169739737417058,58.394613701575956,0.0018733089713293077,-74.24611977589075
614,0.05904059086681423,4.545395531100337,0.016252732773575352,4.460683670028116,0.06845912829864449,120.55877056085895,118.64026976564797,1.9185007952108186,0.006598532248078045,0.007422201483375255,0.0838445838170425,4.115268698637629e-07,4.0878200758021525e-07,2.744862283547791e-09,4.797154429045589e-05,4.795776362452044e-05,1.3780665878445326e-08,0.8851567258136821,40.65595243843454,4.3124304745405125e-07,3.557527559642567e-07,0.022652849248394877,60.72178007717507,0.001881637931907403,-291.1825413838551
615,0.05773941210238935,4.525265973127466,0.01536027460205138,4.453046288771492,0.05685940975392281,110.40448990179047,108.32985567303892,2.074634228751536,0.0069871640520149285,0.00741554190340278,0.08336800027520143,5.706248576970064e-08,5.396569723131286e-08,3.096788538387783e-09,6.291468040613866e-06,6.278682585904823e-06,1.2785454607387389e-08,0.30857494576397987,9.359776906339823,2.90753367634458e-07,3.6140748439128294e-07,0.0231589171314985,62.536996659184176,0.0018598201571674898,35.04719638785082
616,0.06070578457961361,4.736501525282447,0.016222576414920642,4.655029520060628,0.06524942880689946,131.1685125533347,128.99593201041793,2.1725805429166476,0.00573410350401494,0.007175299996784146,0.08582432063799336,1.89299528316851e-08,1.5264438689073873e-08,3.6655141426112213e-09,5.26794218438244e-07,5.132792727112825e-07,1.351494565081009e-08,0.6580569632422953,29.11863381120784,3.719813029640921e-07,4.5136470695911273e-07,0.02340777229258675,61.690721722740676,0.001881419951400178,120.45472375560121
617,0.05546780317165717,4.212397252263806,0.0152216049969399,4.144149760968112,0.05302588629875236,139.98790037998194,137.91263817865027,2.075262201331861,0.006362946082175372,0.0072637734633869515,0.08133760224484604,2.2727218015371715e-07,2.243671876817419e-07,2.904992471975193e-09,2.5908960751026028e-05,2.589614299901808e-05,1.2817751915587502e-08,0.3804425856048899,43.35180883443194,3.5182800237026664e-07,3.4561427997938676e-07,0.021961619327193996,57.463330110209796,0.0018600812844080522,80.98333178713892
618,0.056268366095458835,4.676953167888198,0.01662860507984387,4.600654153417571,0.05967040939078224,125.03168238450392,123.02739819786574,2.0042841866382677,0.00989450226236509,0.0068020827657128595,0.07551373291247906,1.0456451495775966e-07,9.984891200691436e-08,4.715602950845305e-09,1.1574683401432247e-05,1.1561482876096003e-05,1.320052523771202e-08,0.3191433036240757,20.102505910802886,3.713705965741688e-07,3.636496175805154e-07,0.023651586486616492,62.21663896853983,0.0018564510875201787,242.37877996447423
619,0.057515871723132654,4.494612669855126,0.016361457816571553,4.426311038353485,0.0519401736850695,125.35043795623135,123.69517576601513,1.6552621902161424,0.007821986139943634,0.007501152195331776,0.08236385225417134,-1.1701669636578708e-07,-1.2032075916875446e-07,3.304062802967357e-09,-1.4305586272741811e-05,-1.4319264684141685e-05,1.3678411312343254e-08,0.6176434313313106,42.50671182204849,4.5621766115493316e-07,3.5911881894667854e-07,0.023059296723291867,61.15781459234725,0.0018721450340991076,-138.4362795609277
620,0.05829491252669542,4.494381558325397,0.014749340529957964,4.431088786195574,0.04854343159986476,137.32225050934477,135.01843178139086,2.3038187279538196,0.007574045429413976,0.0075229000868959435,0.08425406456199075,-7.23830186278121e-08,-7.668465974370154e-08,4.301641115889429e-09,-9.853510966220528e-06,-9.866853140293581e-06,1.3342174015160183e-08,0.40204911452400455,38.14088286527941,3.366026756007394e-07,3.4282224571680315e-07,0.02328628940599282,59.278823907836454,0.0018689309992349153,-377.00979194729325
621,0.05482922882040403,4.3719434368801595,0.01525742091725504,4.299939233443731,0.05674678251917331,117.31252625708014,115.29126990345394,2.0212563536260744,0.0062902747202757256,0.006797422160158034,0.07481153976559364,-9.66434227529422e-10,-3.1847176859543762e-09,2.2182834584249476e-09,-1.9136388548606942e-06,-1.9278131056352184e-06,1.41742506647794e-08,0.5159657930341253,16.12982207746415,2.926524326325821e-07,3.576554312578371e-07,0.021122462619949052,58.441606652385396,0.0018455931138726604,-626.4172438300648
622,0.057695950273329,4.611610624876535,0.015550478991941237,4.544827220417804,0.05123292546679044,143.42491512741094,141.32370007777553,2.101215049635475,0.0126876396242401,0.007472169772391147,0.08869506183467334,-7.06860780880125e-08,-7.581956099737474e-08,5.133482909362248e-09,-1.054089210692111e-05,-1.0553938699671679e-05,1.3046592658815076e-08,0.500835515570816,71.07400209042915,3.731407031504611e-07,3.5822518675908266e-07,0.0228988621081076,62.15566955191555,0.0018686012323385402,-180.88220071098522
623,0.05725988410301044,4.362755835400415,0.014780825748084314,4.300733934084604,0.04724107556772706,120.94085701014333,118.99325899860008,1.9475980115433231,0.008388533472382874,0.007496550604777075,0.08363079289804078,4.275484067869984e-08,4.0367961359663655e-08,2.386879319036194e-09,4.129874239731337e-06,4.11707317532186e-06,1.2801064332802218e-08,0.2901755203106716,20.768391790189924,2.759590831832426e-07,3.3852404922609645e-07,0.022929122247561256,57.763614149357096,0.0018603792805729589,43.47936959935714
624,0.061543759979962274,4.872739825383123,0.017533437435806102,4.804927468100602,0.05027891984671491,135.72865676589362,133.32818510719213,2.40047165870139,0.009537065984199584,0.00788574355037726,0.09167187859517031,1.2974082250238902e-07,1.2496487970073047e-07,4.775942801658514e-09,1.4712525137732802e-05,1.4699592249595692e-05,1.2932888084826678e-08,0.31871671375744115,29.835022701611855,4.029177626088683e-07,4.1120346433211076e-07,0.02469756172921575,61.58388072569963,0.0018648706458595091,-120.48617378496147
625,0.05857664567968349,4.572540487827111,0.01668328318142966,4.485073567474799,0.07078363717088239,181.44377563545606,179.61481671554517,1.8289589199110443,0.005385424755226709,0.007745179443078026,0.08684955059727825,1.7896515980639277e-07,1.7354873572145757e-07,5.4164240849352525e-09,1.9820652468730388e-05,1.980782434549246e-05,1.2828123170407096e-08,0.9683285228019212,8.118648029795992,6.32079481703853e-07,3.5066562342876454e-07,0.024269382837203438,61.87353807250199,0.0018761340768218547,122.19853634294441
626,0.06180050204014617,4.655818609491413,0.01722082788727123,4.574316810025826,0.06428097157831542,156.57223978357763,154.46542877262522,2.1068110109526472,0.007564318932241786,0.008318814424024979,0.09454587871131842,7.438986603531414e-08,6.857236731959557e-08,5.817498715718515e-09,7.242153562250848e-06,7.228670635729375e-06,1.3482926420264562e-08,1.1808371260408532,90.54722648767711,5.419886982277045e-07,4.1056121990985777e-07,0.024805358571691794,61.49986096607077,0.0018905381205622004,-528.3902054573246
627,0.056439939835706235,4.488836104833055,0.016220912262235758,4.408805541239746,0.06380965133107289,152.155991029203,150.2128813111436,1.9431097180594523,0.005698976580563251,0.007111183261125072,0.07819077023337813,-3.503499261336056e-08,-3.790121378355772e-08,2.866221170197167e-09,-6.617885309416323e-06,-6.631001700569735e-06,1.3116391071197499e-08,0.37720662850553505,17.608553608583073,3.4182406702255666e-07,3.406647600561624e-07,0.021895104189923707,56.3736466831374,0.0018708934804506543,142.72522465443717
628,0.05818810893565832,4.847969495507511,0.016874753828155148,4.76693648227081,0.06415825940854533,141.47462570222447,139.66826036605113,1.80636533617347,0.006155096273156082,0.007072202738113696,0.07892187562715822,2.4732335379152805e-07,2.399604381018577e-07,7.362915689670478e-09,2.8860332273680875e-05,2.8846915600515627e-05,1.3416673090005311e-08,0.5716125193609775,27.43184768699106,3.8763878822201633e-07,4.931530320888852e-07,0.022340142800418128,61.46757141555034,0.0018782276424960003,211.83483914634326
629,0.05868388814625184,4.480210362047524,0.015566110835037075,4.40793507734481,0.056709173867676196,170.18334411002607,168.42502922262096,1.7583148874052066,0.0074044422027452475,0.007382735836903835,0.08417667913843362,4.0142012697366955e-07,3.9658421720538724e-07,4.835909768282334e-09,4.6574107386037276e-05,4.6561365365929125e-05,1.2742019971073599e-08,0.7067341098687814,20.798784163860617,3.313186777910391e-07,3.650140824842927e-07,0.022032094191120878,60.34189849984077,0.0018638654527791125,504.6894750220249
630,0.06014514757901401,4.823470759264809,0.015480071399846891,4.738936135367951,0.06905455249700998,141.19506984808098,138.38929142397384,2.805778424107086,0.007494975805995689,0.007647971108776462,0.08781534033693382,5.783422774943212e-08,5.3425632818610485e-08,4.408594930821626e-09,4.969727708224903e-06,4.955934023524039e-06,1.3793684601621126e-08,0.30255369453193126,14.422367341882898,3.9106326789848485e-07,3.629344389065413e-07,0.02449484577733508,62.80347270778104,0.0018891205760257401,-243.66546037470425
631,0.06332051119151462,4.990035187853899,0.017055661967612035,4.901727375437286,0.07125215044900228,129.77640190966054,127.71163641053197,2.064765499128613,0.0061393574294639425,0.008546960620139819,0.09371668235911929,-9.303027440646649e-08,-9.775473792082923e-08,4.724463514362735e-09,-1.2254831541304992e-05,-1.226751480509619e-05,1.2683263702090042e-08,0.5628274399135647,28.682348682499043,5.603785360103211e-07,3.603508885901348e-07,0.026155749508123705,63.31458088125894,0.0018571049401378361,-35.30015794041947
632,0.05844209213659694,4.4167590643440295,0.014855727408677067,4.341416636607506,0.060486700327846525,109.5581736118545,107.93332221873277,1.6248513931218749,0.007862346266061304,0.0075420994602333775,0.08219892796291807,3.2471843693572937e-09,-9.07776212250611e-10,4.154960581607894e-09,-1.5270339853702884e-06,-1.5401424900418647e-06,1.3108504575161073e-08,0.27613288269741976,34.71005877557226,3.3506523619956543e-07,3.5639410561735154e-07,0.023192041903302305,56.50956624500951,0.0018737587497890112,-175.5341022169223
633,0.06091918349021231,4.882310507407658,0.01725019270773181,4.806954508730079,0.05810580596984729,143.91455189831416,141.82307435836915,2.0914775399448686,0.0056936112400025,0.0072375772986969025,0.07971068609534056,8.46758396505541e-09,2.0021818032231775e-09,6.465402161832241e-09,-5.554559827358508e-07,-5.686502166894619e-07,1.3194233847610416e-08,0.3333215736005902,40.875202471309436,4.6998731996549136e-07,3.765468715361808e-07,0.025187870810152415,67.97225087191539,0.0018672208751237046,309.8528324528188
634,0.06060602732943613,4.723636842372076,0.01627442774067262,4.65302664754423,0.054335767087173054,135.60628223570208,133.4618173168058,2.1444649188963067,0.005414471394408194,0.007680730478586467,0.08426338892151275,-1.077180788148108e-07,-1.1122767728438807e-07,3.5095984695772763e-09,-1.3402591483473497e-05,-1.3415770754479532e-05,1.3179270930261235e-08,0.7994056878930447,24.324984131695416,4.5350401423462154e-07,4.7251834662180507e-07,0.02360981114319484,62.0205729597767,0.0018640525720745886,164.46840057672625
635,0.05573637941018845,4.5582632544156505,0.015460090716754565,4.487713862581283,0.05508930111761372,119.65197569763599,117.4728811028539,2.179094594782079,0.0067250010688477265,0.007022890427691958,0.07801357340222934,2.2966058723971975e-08,1.9194856358403917e-08,3.771202365568049e-09,1.9838416863151612e-06,1.9698956243829154e-06,1.3946061832758049e-08,0.38439509151454687,44.371659253471364,3.276665121751154e-07,3.4380489821920977e-07,0.022320732640270385,60.53938825839097,0.0018782685741738135,110.85947282714778
636,0.06082229284489554,4.470444058529446,0.015875134444514678,4.406429048754646,0.04813987533028613,112.10202988938393,110.58831984633267,1.5137100430510888,0.006841082444902662,0.007663473372441236,0.08695302668308458,-3.431104635849201e-08,-3.7246251645927035e-08,2.9352052874350475e-09,-4.956957382843929e-06,-4.970239993275137e-06,1.3282610340088235e-08,0.3194489592336903,45.66442815818201,4.073041876161126e-07,3.2180026307534875e-07,0.023308301905283896,61.47227994530151,0.0018937261577678655,-701.7767132222025
637,0.05514108802433339,4.304136412771551,0.014980093605653864,4.235666930160711,0.05348938900518755,125.89872768745019,124.0735903302406,1.8251373572097054,0.006227347275146733,0.0066023195902509685,0.07609908645426268,-2.6156650724982444e-07,-2.6493877001295084e-07,3.372262763126371e-09,-3.221861612777193e-05,-3.223229373521516e-05,1.3677607323042587e-08,1.772458490336222,41.25863176640101,2.727395874000555e-07,3.343206080811229e-07,0.020536359983415072,59.196418427701175,0.0018724937842485511,211.04416380982548
638,0.061031742894407603,4.944275720022484,0.01556277588205388,4.860355191473325,0.06835775266710482,120.89362031973852,118.02340060719882,2.870219712539632,0.006839935686820287,0.006844068542442202,0.07472994035094407,-8.867648008345889e-09,-1.4075470633630406e-08,5.207822625284514e-09,-2.0309701676109564e-06,-2.044433842488056e-06,1.3463674758800615e-08,1.7710406230368605,36.875762891012684,4.5746993135944626e-07,3.7906951231899154e-07,0.021520037115088753,65.48184322479759,0.001881601265106043,218.66248105357818
639,0.06001552036518803,4.735875420488677,0.01572624047333073,4.656881574186647,0.06326760582869786,123.47121324977843,121.07967308080946,2.39154016896896,0.005910990605958186,0.008138949074267456,0.09161070522388752,5.443457526100099e-08,5.126105288147458e-08,3.1735223795264e-09,6.074219430550019e-06,6.061221180943699e-06,1.2998249490103421e-08,1.0029212565179009,34.511874355065395,3.365000797085923e-07,3.5936044994636127e-07,0.025201806779030937,60.56233000410699,0.0018685139836183014,-183.89826529672564
640,0.060371960710563166,4.492865598014829,0.015321086565881164,4.420241015973225,0.05730349547572223,108.28723230034834,106.38266789175333,1.904564408594761,0.007834305454778296,0.00765951533317501,0.08391500498594373,5.8550211170885115e-08,5.468706577849481e-08,3.863145392390312e-09,5.820949848536431e-06,5.808504143261536e-06,1.2445705195551503e-08,1.3136360640240143,-35.521325082886314,3.892659595419099e-07,4.221894121901541e-07,0.02450438941852208,63.02058426329113,0.001852182893591345,-329.64678315809397
641,0.0590781792571174,4.520309693572842,0.017814964048572756,4.443318725896311,0.05917600362795745,153.71413126031047,151.86235302575983,1.851778234550643,0.007671893977279403,0.007356740719226637,0.08269528835877128,5.60005004377008e-08,5.1482594650959016e-08,4.5179057867417945e-09,5.231018013419728e-06,5.218364075272178e-06,1.2653938034972624e-08,0.463434965507062,31.653108402067847,3.972912612909475e-07,3.88745016378588e-07,0.022760304362162757,62.16912443845307,0.0018527711059620569,216.64651823707982
642,0.05878117995347466,4.629996053411594,0.016078143118947424,4.545021133882193,0.06889677641045355,105.35970492865827,103.72721039905879,1.6324945295994893,0.007691353583679134,0.007143787706442258,0.08228354298699858,9.556944644201642e-08,9.188399939957134e-08,3.6854470424450983e-09,1.0149831678882874e-05,1.0136601985698055e-05,1.3229693092408417e-08,0.4115229481497381,20.873054984052565,3.4354665175898785e-07,3.480065949386478e-07,0.021353568192759877,61.266391737760266,0.0018823488378371625,222.7241018295149
643,0.058333726216897044,4.576796889351695,0.015324453632975419,4.509468372536565,0.05200406318215489,119.26495067640217,117.0818252713668,2.183125405035362,0.006915337063871177,0.007183970845418698,0.07969543213739735,-2.054802741235905e-08,-2.3823906565442682e-08,3.275879153083643e-09,-2.926070014153698e-06,-2.9397484433302773e-06,1.3678429099341407e-08,0.32033931066868226,14.417501136006045,3.1090996222929144e-07,3.974869792893613e-07,0.022515180996488398,62.002967582010015,0.0018728386836482436,-135.1927899948223
644,0.05738350903124656,4.568910179989899,0.014951130706611212,4.503353525811053,0.05060552347223457,141.44908101785526,139.42741906701355,2.02166195084193,0.006709689893581366,0.00690236674266607,0.08062564231902587,7.807443235974157e-08,7.491919689037441e-08,3.155235469367171e-09,8.047710679222683e-06,8.034773665816675e-06,1.2937013333068055e-08,0.5477033757517751,52.06910500086837,3.219906038284912e-07,3.6549793391309856e-07,0.021187222987237738,63.02827943521366,0.001873987466684916,-44.980242659629766
645,0.059760783891158735,4.508193694493052,0.015944581184589513,4.430144766605972,0.06210434670249052,149.27290066357847,147.36430030047345,1.908600363105092,0.007829380800557345,0.006858506145519406,0.08186858260627589,-9.829877380093327e-08,-1.0228321614708182e-07,3.984442346148563e-09,-1.3085161872730033e-05,-1.3098704525550311e-05,1.3542652733278023e-08,0.3846107396920698,19.600363556923543,3.3950826946934865e-07,3.8919570223145466e-07,0.02134367237530479,58.62697949744989,0.0018874376195281086,-318.4342556658721
646,0.06193746655283322,4.977831250935287,0.015816505153840792,4.898686255522091,0.06332849025935526,115.38067104421071,113.21750997164091,2.1631610725696575,0.006525077510511554,0.007498836884285418,0.08384208850971583,6.469894657767442e-08,5.3749559213889984e-08,1.0949387363784415e-08,5.561215199727615e-06,5.547676703377316e-06,1.3538496265821054e-08,2.6078662092206235,30.066752569076456,3.324183769709639e-07,3.8095851759779833e-07,0.023732444440762553,66.14795500213344,0.0018831570218277587,-424.7873470377476
647,0.05896513412817229,4.49092748882596,0.015642899581470308,4.419801612211435,0.05548297703305475,133.21486931236248,131.18786061917913,2.027008693183089,0.005849340166643411,0.007438834549208512,0.08891291509030112,4.242843016590506e-08,3.898943104990919e-08,3.4389991159958768e-09,4.12261211757846e-06,4.1091412765931115e-06,1.3470840894235824e-08,0.3731624145466229,30.904816294057667,4.348606263293361e-07,3.6166922172921804e-07,0.022473338567361428,59.489079458714684,0.0018911108021734358,-497.6294951082896
648,0.05844899645555426,4.844213987949648,0.016986435389576518,4.773370698093747,0.053856854466324135,116.31941694499766,114.27283720338798,2.046579741609722,0.007005126353549831,0.007147380758036649,0.08389059526631698,1.285916934871318e-07,1.2543127812054121e-07,3.1604153665905828e-09,1.4291499882567776e-05,1.4278266821868161e-05,1.3233060605052055e-08,0.4489007183126097,3.2611008759657643,4.1227037486854605e-07,3.6581355009542385e-07,0.02237791026785978,64.19916529941055,0.001882467579840301,59.831079618621516
649,0.06024652518106955,4.683107388755325,0.017162499223368727,4.609874604464173,0.05607028506778367,163.29901861761297,161.44813082963861,1.85088778797421,0.007125368450834632,0.007689825812795421,0.08618989435163846,4.153966146239804e-08,3.651505347287258e-08,5.024607989525459e-09,2.764502749260641e-06,2.7518309490245428e-06,1.2671800151583124e-08,0.3439809127923908,33.98839829345942,5.347978029931662e-07,3.4456375711738466e-07,0.02542794323879318,61.15761846307738,0.0018428531392902386,-248.5816289274926
650,0.06226410826532555,4.878049298177439,0.016685400475751407,4.788431539038031,0.07293235866365663,140.81173852597104,138.54173909907772,2.2699994268933916,0.007056601311005958,0.007649105954613009,0.08654729196311248,1.749586570568695e-07,1.699593156130829e-07,4.999341443786605e-09,1.8987497217847e-05,1.8973739878479358e-05,1.3757339257844185e-08,0.8927077919705643,2.1664473341381627,3.944766598200248e-07,3.839864954315838e-07,0.023929510331023314,62.40363708475465,0.00187706193431532,302.00030078119516
651,0.06064679696620789,4.809358020920774,0.015232511430830412,4.727791408079428,0.06633410141051532,127.55028597731096,125.80274431941511,1.7475416578958725,0.007013901043204164,0.007562600999565744,0.08983954723356712,1.3183448345344053e-07,1.2561442603827796e-07,6.22005741516261e-09,1.4035213600798186e-05,1.4022305044931782e-05,1.2908555773267644e-08,0.4309899385050344,50.13178387445547,4.0384213218560805e-07,3.612999411659408e-07,0.02493865245853244,64.03660418089902,0.0018819139437667315,147.32277375531703
652,0.05838313729669199,4.6313859569269695,0.015319581164977756,4.562384578776889,0.05368179698510206,113.94103788968555,111.96359275271793,1.9774451369676147,0.007867266479239928,0.007451377061020825,0.08611979298153469,-1.7550348820532463e-07,-1.7901762974951902e-07,3.514141544194384e-09,-2.1882383336403844e-05,-2.1895580465986763e-05,1.3197129482324365e-08,0.3391514865597216,11.438783995161215,3.560794506056108e-07,4.251812541175335e-07,0.02331165359675555,58.8038242617367,0.0018745169823249882,13.13739902053203
653,0.05614280285127926,4.47908545243948,0.01596663340527972,4.399538309947322,0.0635805090868772,122.21537342607155,120.17419908351667,2.041174342554764,0.004865656140659666,0.006746280506563249,0.07727411286688951,-1.3163816149256483e-07,-1.349352456690355e-07,3.2970841764706176e-09,-1.7774936970050856e-05,-1.7787448428798866e-05,1.2511458671467413e-08,0.37560488786230223,39.57114076343468,4.41488381598153e-07,3.745703874820015e-07,0.021543299218660886,60.87690108464487,0.001872927839303783,467.1975758993649
654,0.06213818521598755,4.53592890072931,0.016111869925738036,4.462344788263136,0.05747224254043478,117.43267020952919,114.830953669449,2.6017165400801705,0.006535886223141007,0.00810705767037539,0.09606145124380168,-2.572102088986342e-07,-2.606920822703954e-07,3.4818733717611854e-09,-3.179214813847618e-05,-3.1805929680159046e-05,1.3781541592223796e-08,0.34394410825402333,22.81775104730113,2.3889497846534984e-07,4.1228966643638317e-07,0.02446478418889978,60.83187349285045,0.001877555702119733,252.58438301872138
655,0.05760158066926075,4.469595153565027,0.014534953097461913,4.397306147312395,0.0577540531551712,116.01599919732523,114.2240642943498,1.7919349029753824,0.0068173827114042474,0.007315473189464766,0.07972659410322223,4.6828536982634134e-08,4.3520131192607636e-08,3.308405790026489e-09,5.021854524602221e-06,5.008739700979155e-06,1.311482355781571e-08,0.2668832863036309,5.271541609954932,3.71860762251432e-07,3.626432983397582e-07,0.02292150961913434,60.648404033984676,0.0018564491826429967,217.97414482425984
656,0.05896186820316424,4.749623730497227,0.017182041011386758,4.666390840414112,0.06605084907172779,127.23571972963727,124.9271954645515,2.3085242650856403,0.006961859573323793,0.007434156496547273,0.08378540148457209,3.3740146811353044e-08,3.039738434340001e-08,3.342762467953052e-09,2.4533270325745413e-06,2.4408794244879042e-06,1.244760800796219e-08,0.3802665144678473,32.34472799576226,4.928484581709173e-07,4.112229825668384e-07,0.022905765664352408,64.16415561788185,0.0018674743322577344,149.91922400196972
657,0.05782169201748906,4.620380992456651,0.017194432670361286,4.539303830575194,0.06388272921109592,135.56566620568404,133.6739911917284,1.8916750139557432,0.007323304460137273,0.0069056723741591376,0.07726052103908246,-2.2027285495464965e-07,-2.2304669886691505e-07,2.7738439122654366e-09,-2.6457849760380057e-05,-2.647178687009585e-05,1.3937109607337925e-08,0.3390882506374961,-8.991972458907497,3.0648659859151935e-07,3.6550271751562346e-07,0.021908680039891746,58.02710352116496,0.001873455813578234,-117.04506528002867
658,0.058361317591766285,4.5353366158284,0.014258722396635908,4.465130288001924,0.0559476054298402,162.3611398208385,160.08576702431452,2.2753727965241555,0.006522934014045107,0.0071096086656251304,0.0821025180265057,-2.6307252178203208e-08,-2.8792782765137224e-08,2.485530586934018e-09,-4.79886142913214e-06,-4.811688168664846e-06,1.2826739437275464e-08,0.7651219915850203,11.821303428508148,3.498926276723209e-07,5.472246913478244e-07,0.02165908786491335,59.67491057803874,0.0018746886724632552,-449.8244409014228
659,0.060083648576983874,4.807863131593786,0.017325568489569152,4.729541569156234,0.06099599394798221,122.31305736068546,119.87419672865556,2.438860632029989,0.007109461068725198,0.008068669589703288,0.08761125260262385,4.2394688761511806e-08,3.6913771716944514e-08,5.480917044567279e-09,3.495160418180566e-06,3.482660615341271e-06,1.2499802750385387e-08,0.44307611854368734,0.05463285198790768,3.4840033749379287e-07,3.315627701247598e-07,0.023883548747274337,62.286564429770834,0.0018478016914388986,-739.3172294983897
660,0.05484949367389088,4.4259322753080195,0.014410236871100546,4.350327245162283,0.0611947932746362,158.51976232976506,155.76402240695404,2.755739922811224,0.007673349809373536,0.007153175651297527,0.08101334440156022,2.825020739872791e-07,2.7925678222179695e-07,3.245291765482112e-09,3.245210798950555e-05,3.243899002247805e-05,1.3117966914451432e-08,0.46563880923203155,62.126593199877576,4.336053366568363e-07,3.5464192358299795e-07,0.021579576234818508,59.15549965084951,0.001865729027567933,-629.4066343573686
661,0.05791656949797955,4.80511463053126,0.016591267120296304,4.736943284800195,0.05158007861076731,139.32627232763474,137.1950137474617,2.1312585801726343,0.006259841842467061,0.00686778775183466,0.0798109132964721,-9.605426281101982e-08,-9.969630415295688e-08,3.6420413419370636e-09,-1.2467286661783076e-05,-1.2480072535815649e-05,1.2785873940714307e-08,0.44611468938846893,11.315522546565584,4.09812328341675e-07,4.226742878144512e-07,0.02170501509819957,63.66538404885442,0.0018620396078575475,-392.80880078603195
662,0.0586293762860086,4.81485531962028,0.017363068571770966,4.736440487663971,0.061051763384538285,109.17600886396072,107.4633288344464,1.7126800295146016,0.006713674829182207,0.00767614263951451,0.08399159540155704,-1.9147508832131738e-07,-1.9508557836201305e-07,3.6104900406956276e-09,-2.3891056682204824e-05,-2.3903841551373504e-05,1.2784869072445644e-08,0.44558456293518256,29.201518224871652,3.834557953690834e-07,3.8560690232547935e-07,0.024377615330478768,65.53361441918581,0.0018599931354303298,214.15334226135428
663,0.05680669821756784,4.476577538777901,0.01532107282828039,4.3959641156547224,0.06529235029489876,126.05937029101334,124.27280668914133,1.7865636018720026,0.0064153342424264105,0.006517010390402445,0.07486160306475019,2.2189853618175708e-07,2.1818628672416433e-07,3.712249457592689e-09,2.5708842172178188e-05,2.5696205472426616e-05,1.263669966329701e-08,1.3327254759495375,60.444809363846765,4.3565397594503776e-07,3.9362741714343514e-07,0.021265394279812604,57.09938416702579,0.00186541577652694,-124.6873874368639
664,0.06168531107503905,4.630978070645897,0.016305824135435798,4.55787258266994,0.05679966384052077,144.8854938433414,142.62192736599678,2.2635664773447597,0.0075613004928284265,0.008323533531050389,0.0967324533184861,-8.848399187384564e-08,-9.442307404855431e-08,5.939082174708663e-09,-1.1862678875550816e-05,-1.1876378529519237e-05,1.3699653854373674e-08,0.4010809325950858,33.819952599034934,3.286848574853696e-07,3.4314473254620994e-07,0.024555992710900695,59.38160268278271,0.0018923554599049107,184.72538150833407
665,0.055053101938926825,4.429174833723912,0.015218676278530836,4.356206928080179,0.057749229365201334,125.18323688832929,123.47288523570663,1.7103516526227511,0.009227778051035153,0.006705886115475257,0.07402220117377038,-1.4517078227340498e-07,-1.4907777172257863e-07,3.9069894491736794e-09,-1.906742242455088e-05,-1.9081130807921328e-05,1.3708383274012613e-08,0.32262205393294496,27.967585840691918,3.4368824101536735e-07,3.6377029068413017e-07,0.021320447831497634,58.102379594565846,0.0018548961814802067,-141.02765378696085
666,0.05783169991755151,4.533051029288437,0.01528260682792827,4.457211253803358,0.0605571686571509,160.19285155856923,158.09255650604265,2.100295052526608,0.006692349320373039,0.007269743723709205,0.08089909250753788,-4.3672753024568154e-07,-4.3986714630651163e-07,3.1396160608300193e-09,-5.238197905399745e-05,-5.2394970384317104e-05,1.2991330219573085e-08,0.3577895947529197,16.985272787868603,3.2804691724416875e-07,3.699416361796758e-07,0.022998841884007748,62.535976193236074,0.0018680039637074322,319.8749301677349
667,0.05860433694140809,4.7097230866553135,0.016865366567956494,4.633371126267362,0.05948659381999536,116.83492140328713,115.33105385818702,1.5038675451001378,0.005532000313874856,0.007102807117940698,0.08147033238330018,3.710577625691755e-08,3.419068680149396e-08,2.9150894554236073e-09,4.110702462516553e-06,4.097325200434235e-06,1.337726201044024e-08,1.8895886574633458,54.31620870273726,3.4762605197648247e-07,4.377030133891484e-07,0.022042565016511268,59.91472853143095,0.0018855973122066513,-37.34011457888664
668,0.0642611381175077,4.780492120598212,0.015390065971033933,4.69959135450571,0.06551070012146783,135.3701166863076,133.58701283357712,1.7831038527305036,0.006461120307339906,0.008703947752102223,0.09543521897387486,1.209763056311637e-07,1.1588122580646657e-07,5.095079824697226e-09,1.2444655782327997e-05,1.2432110384337939e-05,1.2545397905055033e-08,0.6642799219295208,18.891210493059642,3.653716891398771e-07,3.70950058098847e-07,0.026123105326072316,63.877446201667055,0.001866702711905849,55.45646215432498
669,0.06291830291452596,4.852778103571343,0.01651962424427743,4.763860789663129,0.07239768966393828,122.29471271480033,120.07860208818171,2.2161106266186463,0.007254677569421445,0.008417105082597033,0.09304280711598623,2.5697989343843743e-08,2.126833420984447e-08,4.4296551339992605e-09,1.344629544700824e-06,1.3308093997287926e-06,1.3820144877997335e-08,0.3915251454974451,30.231439421545097,2.77151112024965e-07,3.733251868565122e-07,0.02571961255770059,63.11058925942007,0.0018772296189850564,-552.1333378084933
670,0.06036640361923356,4.888085164910668,0.01611915594093107,4.804553519243116,0.06741248972662042,132.91764647508225,130.8918454734045,2.025801001677766,0.008487572953549039,0.007920414898293177,0.0879165983529208,-6.57189618035534e-08,-6.957181279202888e-08,3.852850988475503e-09,-8.293658767355287e-06,-8.307742765342249e-06,1.4083997907025008e-08,0.35080736073564645,84.41182009877785,4.2901218763753284e-07,3.6897847364296495e-07,0.026215880143503043,64.06804416788214,0.0018753504893566704,127.02003560991443
671,0.05969216037614958,4.484397373898814,0.015694619002674322,4.413628040152577,0.0550747147435615,115.45658012578187,113.67092630950583,1.7856538162759876,0.006016445509489065,0.007001742009769898,0.07920520340249443,-3.2869508046386957e-07,-3.324421546545469e-07,3.747074190677237e-09,-3.955910572751064e-05,-3.9573354678028174e-05,1.4248950432461791e-08,0.29099643962744054,43.9031517792846,3.217117455649922e-07,3.597397913023189e-07,0.02185512848830229,59.9180479554221,0.001865729408185624,500.0953902400397
672,0.05979390404596365,4.595239757985977,0.014938676991104323,4.531627567983508,0.04867351301136489,131.04822494405875,129.45613360719145,1.592091336867374,0.007586259175332783,0.007487464074408464,0.08394512935166794,-3.907804704240185e-08,-4.225864109397484e-08,3.180594051572971e-09,-5.204669506576234e-06,-5.219152694566156e-06,1.4483187911857798e-08,0.295731922658107,-4.383457184412037,3.0929405571997486e-07,3.580497301123478e-07,0.023595613474748915,58.11234283042621,0.001876508832048246,444.18646249046697
673,0.058965968330806945,4.501722712346925,0.014738436116552844,4.429469404261618,0.05751487196875375,107.11338503528383,104.81568201985058,2.2977030154332794,0.005497552125398518,0.006782717358441287,0.0792524843002733,1.4026392863829275e-08,9.806579286458074e-09,4.219813577371204e-09,1.2000087405442607e-06,1.1873803976204925e-06,1.2628342842001711e-08,0.3566167254275946,35.52796428513377,2.8466819289469996e-07,3.3441283612344966e-07,0.021378152845552105,61.85067990517507,0.001857833690573516,-31.273712223873645
674,0.05975031559393873,4.7606462968007195,0.015480282468974328,4.689900375571361,0.055265638760384185,143.81372503849758,142.24095964855061,1.5727653899471161,0.009782835822233937,0.00774621390278147,0.0864785345660056,-3.5842428578772035e-07,-3.6199374688309893e-07,3.5694610953786157e-09,-4.2622224997252335e-05,-4.263530901105356e-05,1.3084013696596515e-08,0.778349873413879,-50.5876586967737,3.8291043790586376e-07,3.8247912040322835e-07,0.023895381489631214,61.76625386975017,0.001866723173729511,32.60657883243675
675,0.060265943815842084,4.475717482428495,0.01622325545547477,4.40610485472435,0.053389372248669104,136.69436069222735,134.53974196336182,2.1546187288655636,0.0059141549161868135,0.007409011331215479,0.08204981325397702,-6.081860036850133e-08,-6.45578738383302e-08,3.739273469828912e-09,-8.304562588617093e-06,-8.317728178759448e-06,1.316559002751067e-08,0.6211622375219779,32.12801325724009,6.190076075016006e-07,3.823661088497925e-07,0.02251233133383978,57.8670759258464,0.0018645626553910914,-721.237667125939
676,0.05959904694051589,4.772342772663868,0.01640474180260575,4.692681303212052,0.06325672764920966,117.27174885045979,114.9993964754584,2.2723523750013936,0.0059718556113695885,0.007540620971607772,0.08262664474801498,-8.160553631782142e-08,-8.456201709663449e-08,2.956480778813041e-09,-1.0834501249192653e-05,-1.0847940226294626e-05,1.3438977031881805e-08,1.2475012112150137,38.80996834384946,4.157833496555471e-07,3.8845723245682275e-07,0.024639885524521427,64.25195204400354,0.0018838271596829327,151.4164526436225
677,0.05880734744711907,4.612442912470415,0.01531041293158725,4.540066602810549,0.05706589672827837,133.14621278993923,131.22138453405265,1.9248282558864576,0.006459728132924566,0.007727514430482516,0.08902947414638047,1.5054272091803418e-07,1.4664464515511136e-07,3.898075762922788e-09,1.7024163814175707e-05,1.7010236234217678e-05,1.3927579875810378e-08,0.358779846132522,30.909673438089342,3.4374885250928963e-07,4.184104906657444e-07,0.023982829203080504,58.798738181417946,0.0018765291782336254,-263.71544145400776
678,0.0564126529479717,4.466779488527097,0.01560765801631005,4.386738525220463,0.06443330529032394,131.20999648998105,129.35376498287,1.856231507111129,0.005991555104784081,0.006884547626963995,0.07392197802981663,3.67793233747162e-07,3.6494609099088725e-07,2.8471427562745936e-09,4.2889952799682463e-05,4.287683149885264e-05,1.3121300727548561e-08,0.8116125028599444,32.66469910423774,4.117160031807902e-07,4.2037401717566766e-07,0.021461877495573302,62.11408369868278,0.0018638849746728883,-84.55602035075026
679,0.061238892561819455,4.852887451286916,0.016817442317602124,4.764622802460457,0.07144720650885707,138.05971515281593,135.5626763062691,2.4970388465464506,0.007734551686350901,0.0076260295177240055,0.08834595079192079,-2.775730627819562e-08,-3.115486203139171e-08,3.397555753196079e-09,-3.6293163933447837e-06,-3.6425512761276563e-06,1.323488270414475e-08,1.1516401722388192,33.57932338854738,3.7509031898758027e-07,4.1569953074522556e-07,0.02416131209858857,65.930401249519,0.001874735136351418,268.09380978444506
680,0.05702040150126434,4.500261356952478,0.014593148127672165,4.422040529904678,0.06362767892012824,147.8469999453775,146.10006664721877,1.7469332981585117,0.006642772604570657,0.007333460534583511,0.08425725556190579,-6.440178759643332e-08,-6.703455878290277e-08,2.632771186469443e-09,-8.078402930636913e-06,-8.091174201513797e-06,1.2771270781172022e-08,0.9712290001216152,28.562697418075576,4.0505546276843216e-07,3.2896418376783365e-07,0.02437469589135933,59.26032756511623,0.001875788432597243,216.0365036674193
681,0.06189664968490214,4.896732122060726,0.017371000733363434,4.814765028567325,0.0645960927600386,114.69065252257859,112.34016839810229,2.350484124476131,0.005584534292548503,0.007308403558841664,0.08806417369234125,2.105071810811401e-07,2.078855051465121e-07,2.621675934628033e-09,2.3699493445822436e-05,2.368479933118692e-05,1.4694114551247494e-08,0.6853677784625142,8.57510349700008,3.3875795697216745e-07,4.0057929119317987e-07,0.024017777598619117,62.49249639340313,0.0018703638536138227,-502.89604819047963
682,0.05544169155412031,4.530630292693934,0.014951521924264261,4.451295010946448,0.06438375982322295,117.38417610163616,115.75618465698248,1.627991444653726,0.005157526019296306,0.006794731638471537,0.07490117432951826,1.4972099847111725e-07,1.4714634184647576e-07,2.5746566246414516e-09,1.682298489721351e-05,1.680995120907363e-05,1.3033688053146701e-08,0.3971809511496064,4.82088533608995,3.8009741099732147e-07,3.23599593032537e-07,0.021775584061508865,59.18796231526589,0.0018610770619165225,-536.9483567581597
683,0.061630710446927355,5.012320526575996,0.016095252627911755,4.932383753453708,0.06384152049437472,132.3720832829781,130.0699282793191,2.3021550036588936,0.008039281644919315,0.007728577915769191,0.08680549635246454,3.577760707374222e-07,3.5388748933481613e-07,3.8885814026060034e-09,4.047700359404708e-05,4.046318510958917e-05,1.3818484344293674e-08,0.3067917319727899,-37.36840874461885,3.3940222901294327e-07,3.750989294653877e-07,0.023525043049229366,65.58211514248899,0.0018886058694461353,-198.85910443507328
684,0.057356473392171925,4.714873928014853,0.015781309263097662,4.6336348612680975,0.06545775748365908,137.55483886288667,135.49451864042084,2.0603202224659465,0.005905406009556288,0.00733904309222609,0.08006239326379576,-5.18265235138675e-08,-5.585879880561239e-08,4.032275291744868e-09,-6.997698724745687e-06,-7.011201583231461e-06,1.3502858363766733e-08,0.3446461256763695,17.49245577143992,3.702134742639048e-07,3.6778400914189333e-07,0.022606780916632017,62.56827312882545,0.0018753135532394785,-363.3402809797194
685,0.05691955039152497,4.49320845851963,0.015086090271139298,4.423865355239099,0.054257013009393416,180.81461714649032,178.8325399250023,1.9820772214880935,0.011410721554718154,0.0074599997489919545,0.08227971238918702,-9.534388639464248e-08,-9.784694970119358e-08,2.5030633065511253e-09,-1.145197661153683e-05,-1.14646487569302e-05,1.2672145286920303e-08,0.3185075332811774,-11.15010561541343,2.813194534022634e-07,3.989451168101404e-07,0.025267465942881012,60.13935732100952,0.001856988187124942,223.721001045506
686,0.061295268316434254,4.803501579875054,0.015658740007205997,4.719681432834562,0.0681614070332854,125.59360763919034,123.68069186281474,1.9129157763756648,0.007076119942037509,0.006807425392806275,0.07963539391677166,8.718095665642371e-08,8.3100287989014e-08,4.0806686674096775e-09,8.773314039156798e-06,8.759880644283347e-06,1.3433394765515714e-08,0.7774874140856457,73.19731208261769,3.7948395447394723e-07,3.9808033316598613e-07,0.02533081458769301,63.84198546463824,0.0018740522830365811,-106.93835615037824
687,0.056435159191355465,4.440632884220349,0.0161942049325299,4.37323192072298,0.05120675856483917,154.9848211384936,153.01247418934196,1.9723469491518868,0.0069792135050982486,0.006464340639994518,0.0769650671117708,-1.5083761837548402e-07,-1.5400125206481776e-07,3.163633689333738e-09,-1.828666894656874e-05,-1.8300003555357066e-05,1.3334608709227601e-08,0.4476372301361642,30.359564175127684,3.610627855725569e-07,3.5967432884329676e-07,0.02086473091195007,60.07027474953496,0.0018794716451782528,-62.93052781103688
688,0.05918312426404112,4.644479811080152,0.01569117334623005,4.5742674365218114,0.054521201212110314,153.62405180707978,151.68529097931665,1.93876082776324,0.006015636455663099,0.006990900312794046,0.07799376519142652,1.4317851335164676e-07,1.3903567949525958e-07,4.14283385638717e-09,1.5829712703318498e-05,1.5816904551480575e-05,1.2808151764409327e-08,0.7167521786024709,34.46733710050206,4.3254368598698085e-07,3.3442211675865623e-07,0.0218148354038373,58.60765777846049,0.001863356934370613,114.25073794578611
689,0.06108715927340629,4.715660955800513,0.016634122458478492,4.638327129593064,0.060699703748971545,107.83636413762942,105.99394783568741,1.8424163019420672,0.0060421688413011595,0.007429900649832025,0.08575185896915738,-1.6375984558621152e-07,-1.6706578824457218e-07,3.3059426583606766e-09,-2.0258078319532956e-05,-2.0272361346112437e-05,1.4283026499597077e-08,0.6371120572811682,-1.9461163643970405,5.102159467815769e-07,4.185955940769004e-07,0.024352872782816868,63.91477126282868,0.0019205356782103938,252.48078725834603
690,0.05746873257860674,4.512645696464948,0.014626604753911388,4.448168034763671,0.04985105694736587,116.99769832720706,114.88644661272055,2.1112517144863907,0.005540505279980157,0.007107484306067461,0.07842811169682713,8.052943110626753e-08,7.556054575555457e-08,4.968885350712978e-09,8.660287192113527e-06,8.64720877894185e-06,1.3078413088397927e-08,0.49615424798905117,24.891609915715687,3.31508279813326e-07,3.6023017876891274e-07,0.02222577866679692,59.82892873610331,0.0018532590430263697,-247.59610815732003
691,0.06072289184349099,5.005240702116387,0.015825978225260155,4.929619038797003,0.05979568509412485,96.02191042382356,93.64037580374638,2.381534620077265,0.006188248861220013,0.007518318422078704,0.08355526509984253,5.2074311813832694e-08,4.60637745971901e-08,6.010537216642605e-09,4.625549925458625e-06,4.612202734948635e-06,1.3347190413191421e-08,0.6494265642066226,45.188590264670765,4.243690614173281e-07,3.7290012592829807e-07,0.02335933739068661,64.17494657395856,0.0018889797916259701,113.0382513879108
692,0.06111513917638858,4.678592793925617,0.016078406500412385,4.601445203531488,0.06106918389371663,123.9966122521127,121.92941179737929,2.0672004547335647,0.006792498290459459,0.007995502876047786,0.09107227995299434,1.3896070708608946e-07,1.3602605168547886e-07,2.934655400610602e-09,1.5318544094241095e-05,1.5305872628801165e-05,1.2671465333930261e-08,0.2470888673324991,21.182574571483002,3.2917322679764635e-07,3.351736265320534e-07,0.024300880810652837,62.42453331535896,0.001875928939668385,222.99699439871165
693,0.05570254912572219,4.44364960138244,0.01559615705147074,4.375801532822278,0.05225191150869076,153.42960783957693,151.16923379160434,2.2603740479728303,0.007674155096119171,0.00662283896020114,0.07613707140647452,-3.292329087793348e-08,-3.6384721532598923e-08,3.4614306546654748e-09,-5.02369041944275e-06,-5.036235700650699e-06,1.2545281094842171e-08,0.3343528131998317,77.98056276238445,3.5027614299786455e-07,3.687688279829663e-07,0.022165440266297142,58.72504352673218,0.001850304222769899,388.7058951804338
694,0.05768030325659834,4.512704617731775,0.016848206836443457,4.433296293163504,0.06256011773182851,146.36235887882242,143.93040350625762,2.431955372564742,0.006609849134166145,0.007166119331182572,0.08220530917454798,9.624661485799271e-08,9.2789650136795e-08,3.4569647211977277e-09,9.687866003002394e-06,9.674730500633383e-06,1.3135502296952276e-08,0.40313075650480445,26.532359423895947,3.958649066813787e-07,3.8060926688450405e-07,0.022907742996946243,58.23670197168737,0.0018612232915771756,235.68411260030916
695,0.05960179430600665,4.800247049331113,0.016402494702709155,4.711892251219764,0.07195230340864016,140.94881673298812,139.01536696021023,1.9334497727780096,0.007228601804156438,0.007958877005086365,0.08621563772285126,-2.1743996654635626e-07,-2.2183203582894304e-07,4.392069282586724e-09,-2.6875724114820784e-05,-2.688921356154825e-05,1.3489446654237637e-08,0.5112045889044314,7.885174546384498,3.2896674253370715e-07,3.611003495288003e-07,0.02363370508802719,63.622285639556814,0.001865929926104696,553.8442227608598
696,0.062363559556534554,4.899739505104085,0.016848820814969998,4.8265461624614,0.05634452182771616,120.91821806196765,119.38644152442447,1.5317765375432275,0.00897958169210093,0.008611093618202835,0.09785662219026349,-5.279880770458937e-09,-9.872810295584463e-09,4.5929295251255326e-09,-1.8398554002690398e-06,-1.852979162381145e-06,1.3123762025209893e-08,0.27647679299998806,26.71415220333606,4.4944368398981004e-07,3.920174084123223e-07,0.02722633026231815,62.34101060328246,0.0018573973188019584,-42.7491757785092
697,0.06040132450472244,4.709492829442573,0.015599227514300816,4.629822064941992,0.06407153698627982,99.880450656914,98.00461783612644,1.8758328207875923,0.0068138889756421605,0.00754997870613415,0.08570586895267492,-2.1220881079392199e-07,-2.14763464980338e-07,2.5546541864160195e-09,-2.5902684427433088e-05,-2.5916249888726746e-05,1.356546120174088e-08,0.4697790054055087,9.05837810343657,3.026662863174514e-07,3.829802821733177e-07,0.02365983622055312,60.89994108906801,0.0018823836205567636,-82.31858059431579
698,0.05925707258789207,5.042523070684858,0.016870159429887642,4.958572607707753,0.06708030354721754,122.69940327067296,119.18610202161604,3.513301249057117,0.005241684241124612,0.007350663355063013,0.07891904288067886,-5.478679741672269e-09,-1.0709555722498047e-08,5.230875980825774e-09,-1.5554781757015122e-06,-1.568651422715436e-06,1.317324692929048e-08,0.553618352749106,23.930893104038912,5.894758111992396e-07,4.877954351704208e-07,0.022943646946779736,65.20488821853215,0.001863528563525242,-297.4183375239295
699,0.05962892794694643,4.729187108689961,0.01690775670543033,4.653822092908076,0.05845725907645383,119.54915696029762,117.49994110030933,2.0492158599883705,0.00742355904141369,0.007999178929264295,0.08850331378829569,1.8394327994051e-07,1.7972783387856458e-07,4.215446061945484e-09,2.0427258722284058e-05,2.041481936521391e-05,1.243935699245684e-08,0.44614520536236113,6.16452309331747,4.410765665622855e-07,3.746720087138915e-07,0.0242035055205955,61.37158477305004,0.0018510379723920632,337.9910917452157
700,0.057318998633900976,4.625987380915667,0.015904599042160968,4.546906863291903,0.06317591858160418,137.41946389984798,135.02019250641337,2.3992713934347503,0.008391566972089332,0.007124740597579059,0.07684987053662903,2.9466863463564633e-08,2.575862181408153e-08,3.7082416494831123e-09,3.159144509030237e-06,3.1453597426842483e-06,1.3784766268195973e-08,0.3179633746804006,-4.766134037485958,5.334533987051293e-07,4.1480336726961484e-07,0.022362689258838254,60.453795129360905,0.0018803152970734932,169.9585917354143
701,0.059947078740952134,4.77195720329171,0.016119915421349214,4.6861130625794605,0.06972422529089992,107.65398761783759,105.6831712935907,1.9708163242469283,0.00696747568441753,0.007656097383322669,0.08456486424819624,-8.928617907050842e-08,-9.330627924451832e-08,4.0201001740098986e-09,-1.2311070522939513e-05,-1.2323795691604585e-05,1.2725168587277978e-08,0.4237903164096824,-58.891222575541654,3.347700940576911e-07,3.9446799756797953e-07,0.02390032457467319,64.42957656874324,0.0018653376566507187,-521.490225286494
702,0.05937415835037293,4.331432207902909,0.014150426868657166,4.268111115785586,0.04917066524866549,112.84163362581148,110.7884734374879,2.0531601883236434,0.007693360432894158,0.007825541137314498,0.09108871555280955,1.1520276738520215e-07,1.105349219567296e-07,4.667845428472543e-09,1.3272454031109788e-05,1.3259466932968402e-05,1.2987098060684377e-08,0.33572670556412193,4.747537170153114,4.286505048022552e-07,3.3362735743988173e-07,0.02370842615362129,57.110598199092344,0.001871118560601052,103.90568427599374
703,0.05752067146857769,4.426117035218499,0.015212303560372975,4.353641869599461,0.057262862058664564,153.34436871701715,151.68265621900505,1.6617124980120872,0.0075607584368205544,0.007573488854181542,0.08554250774984863,8.433768311830939e-08,8.06844081021065e-08,3.653275016202845e-09,8.182353667724356e-06,8.169596544196696e-06,1.275712343904158e-08,0.5610495382543101,13.433106471444862,2.753384678685971e-07,3.4037725037524625e-07,0.023092087831414546,59.44894218248578,0.0018673332973376015,77.50992666012007
704,0.061416132866565214,4.546681472052286,0.016157788442949808,4.476750898452569,0.053772785156767214,121.07040433234904,119.16825248459888,1.902151847750207,0.006446102465947272,0.007569142724979293,0.09173223260914772,-2.0763575197484974e-08,-2.430287543034711e-08,3.5393002328621268e-09,-3.419507145214404e-06,-3.4335595854253637e-06,1.4052440103347718e-08,0.3466500589326886,72.65143738847198,3.185386254219165e-07,3.5807109974380355e-07,0.022718666833575898,63.2381926922992,0.0018714742597619476,107.45489558625923
705,0.05943475092508647,4.630344919561246,0.016155243477519367,4.556074830569148,0.05811484551457862,154.4741876393656,152.516963529261,1.9572241101046006,0.005580926402642107,0.006807037870536709,0.07570642196158904,1.4788061609613236e-08,1.0810231089788865e-08,3.977830519824376e-09,3.501885939438388e-07,3.368619214391928e-07,1.332667241444602e-08,0.3189930396872025,-11.194084441095258,3.7483035449201813e-07,3.3749739347477734e-07,0.021321145383454268,59.26802505183136,0.0018768331297976688,-73.62281176599254
706,0.058702782428393094,4.556342860969412,0.01615494870628485,4.484715577689828,0.05547233457329861,134.19727523524907,131.89590569288208,2.3013695423670044,0.007039598375513742,0.007114085450194441,0.07999017303978695,1.4460179293864612e-07,1.4105237549156056e-07,3.5494174470856023e-09,1.6703371232483097e-05,1.6689984255773698e-05,1.3386976643566094e-08,0.36219991337157487,34.81920946673666,3.463014175005146e-07,4.904548431793812e-07,0.021931495459480563,57.47101595405769,0.0018893337418813868,-287.62306111978114
707,0.060525326266376224,4.4421542354251065,0.016282789601298173,4.365813711053107,0.06005773477070097,111.94600399679246,109.39301638026004,2.5529876165323677,0.006124880374683319,0.008523276610239076,0.09656824111011358,2.6963439433823603e-08,2.3552119968462958e-08,3.41131946536065e-09,2.819848955044011e-06,2.806608225183893e-06,1.3240729776612397e-08,0.27785564640361027,-0.5854825460093916,3.1874377982442474e-07,3.3878130013050493e-07,0.02525053103886854,58.78217404996869,0.0018696855718202837,-34.93351758588233
708,0.05803831720166657,4.803514656409182,0.016372074195730973,4.735180929066556,0.05196165314689574,144.07831291290015,142.27593218836677,1.8023807245335528,0.006498738579343328,0.007220665561204276,0.07947687078317572,-1.4180424141607062e-07,-1.4617731626718006e-07,4.373074851109435e-09,-1.7239057613998515e-05,-1.725166862543679e-05,1.2611011329708769e-08,0.6757723545547942,25.263832436243312,3.406444717170232e-07,3.7706337182738984e-07,0.021896773905422915,60.3399938941202,0.0018616466463220191,-76.44356092362432
709,0.05471791017220863,4.428049870618632,0.015761167348513225,4.348581014447372,0.06370768882274594,163.14878186781618,161.2584454172116,1.8903364506044824,0.006353534846852007,0.006672615619066608,0.0736631971632177,2.617772668501741e-07,2.557296133087471e-07,6.04765354142711e-09,3.0218994009205385e-05,3.0205978922603236e-05,1.3015086490439205e-08,1.7981791341797633,9.18884836082819,3.6868696413922135e-07,3.261325702325746e-07,0.021026717942171792,61.39668644621544,0.0018680387432148996,398.6569450833158
710,0.0592282846759538,4.645214913502798,0.015784194479505784,4.561035959793741,0.06839475922955114,127.14446633721971,125.38278040293676,1.7616859342830204,0.008338150473899011,0.007307690040588562,0.07915354149094576,-1.580791910717617e-08,-2.2121318331650128e-08,6.313399224473956e-09,-2.2220148315822362e-06,-2.2348908526191924e-06,1.287602095832383e-08,0.6897419059794125,30.70597573788515,3.936801360448124e-07,3.7274141710605815e-07,0.0242309899947573,63.30860540583649,0.0018715051867944379,214.45045832266305
711,0.05635896865731822,4.532177887741394,0.016564786415580103,4.446347923838123,0.06926517748769101,134.0588054297984,132.20773861440668,1.8510668153916439,0.0075668862263426695,0.0066892085763238475,0.07666044599735394,-4.3042529205619514e-08,-4.7436875180962064e-08,4.3943459753425506e-09,-5.5670058309854496e-06,-5.580129903684485e-06,1.3124072621675433e-08,0.4109834628676487,29.75300519009943,3.2666252227250075e-07,3.4163893204553376e-07,0.020624193616747714,58.82045737629555,0.0018890775400057067,544.7424204458448
712,0.056567654073921135,4.547976447319497,0.015637087364300604,4.4702951098764085,0.062044250078788346,111.22095295856242,109.51889545635102,1.7020575022114162,0.007825392827370655,0.006750486685483637,0.0768511677791867,2.6263144352192287e-07,2.5950178568743424e-07,3.1296578344886776e-09,2.9647208888818656e-05,2.9634207990006763e-05,1.3000898728503971e-08,1.1809888665355681,15.519919700700555,4.6918311394940264e-07,3.419995585669648e-07,0.02160464122856221,59.11330186522318,0.0018672300144248984,-199.55472256654184
713,0.06087426633691023,5.203693785227765,0.016513097348217994,5.120463449326898,0.0667172385526484,154.38566065286665,152.38710532682026,1.9985553260462843,0.007091023851602098,0.007388040288137015,0.0857461895765826,-4.679406469484085e-08,-5.0033070178102155e-08,3.239005483261267e-09,-7.247895399830423e-06,-7.261216637908683e-06,1.3321237985909255e-08,0.2810721420380509,15.671508586027644,4.4804979476619163e-07,3.8324802093152444e-07,0.023274405735265784,64.24365236175281,0.0018666007820208777,-267.89403763772043
714,0.05690784695658034,4.575446875801915,0.014887987504763913,4.501216361464531,0.05934252683262065,120.97801552559562,118.78525151685568,2.1927640087400087,0.00661325599099414,0.007106115978405881,0.07878688543055239,-3.566438079903317e-08,-3.917032344058925e-08,3.5059426415560894e-09,-5.350281421373146e-06,-5.363592041975586e-06,1.331062048823107e-08,0.47539318221976423,39.967213539041914,4.4953553917695366e-07,3.656510682674598e-07,0.022135994738439378,58.611494812755666,0.0018779118334188074,-284.6061752615433
715,0.06057432416783741,4.7808715150143755,0.016805739552250436,4.692954464994401,0.07111131046772444,142.6958924738163,140.6428081229651,2.0530843508509746,0.007276412787456912,0.007638771674727048,0.08798954929869263,-3.817693467001717e-08,-4.174534832454176e-08,3.5684136545245965e-09,-5.855017664958724e-06,-5.86838826334187e-06,1.3370598285840384e-08,0.39686898276700744,8.953383339989433,2.5689888841468925e-07,3.5794454586608696e-07,0.023034785688404138,64.95638466982865,0.0018760985795470966,-148.34960013679893
716,0.06312980081032951,4.848275461163383,0.016110404340913796,4.767042977711651,0.06512207911081852,133.70577632588038,131.45422392833544,2.2515523975449216,0.010544092974706735,0.008294445455546064,0.09554187516276667,3.971733396189848e-07,3.9375338937413763e-07,3.419950244847075e-09,4.664710224302367e-05,4.663393581395474e-05,1.3166428994973665e-08,0.2708709602971606,43.735323304147194,4.2702893281678474e-07,4.086335565682379e-07,0.025626975760921048,65.81949675395268,0.0018681656807927782,72.71508218980534
717,0.060757547318040665,4.78720591977243,0.016259352162865802,4.707994152100695,0.06295241550886932,145.8574008452149,143.9098813149776,1.947519530237534,0.006329474416519874,0.007755350714017421,0.08466173610332145,-3.998001297214702e-08,-4.477341275655524e-08,4.793399784408241e-09,-7.573515758734104e-06,-7.586943409371631e-06,1.3427650547765899e-08,0.3426340637451042,4.972619866789827,3.511358896931146e-07,4.6215453980601653e-07,0.023666383262781313,62.81072609686129,0.001877001308925445,29.919883589737765
718,0.06312329869379517,4.900254992820804,0.01819789992687292,4.809055861440439,0.07300123145349141,151.7807059917589,149.44467247623524,2.3360335155240004,0.008117279725798069,0.00891797707566313,0.10090595812045203,9.487006712350627e-09,5.726471679354401e-09,3.76053503299622e-09,4.91355690629751e-07,4.787010104458505e-07,1.265468008659974e-08,0.5815538174619501,50.31138808358903,3.9429433873176646e-07,4.382487280591301e-07,0.02695768199519534,63.54017415297619,0.0018637036795266086,224.97360662559277
719,0.06299514682002877,4.697527109373997,0.017383502881238928,4.636013114830122,0.044130491662636,125.38860557496865,123.263168035355,2.125437539613708,0.00951579554136468,0.009575977464183896,0.1067326307652762,1.743633308269818e-07,1.700822026015697e-07,4.281128225412192e-09,1.9272703709086626e-05,1.925919666756698e-05,1.3507041414936231e-08,0.46664240305774085,22.485832543078416,4.5555617771696594e-07,4.3094544203877125e-07,0.029482343055575073,61.69017769492106,0.0018721806477978503,333.9380089973656
720,0.05922034749290944,4.87046497004559,0.016886666050858163,4.785649363331161,0.06792894066357048,118.56774125199775,116.66853841127472,1.8992028407229486,0.008584168834559017,0.007184871944473048,0.07943643617702965,-5.123005189243326e-08,-5.7762068947827234e-08,6.532017055393966e-09,-7.4073724019813e-06,-7.420351592964064e-06,1.2979190882154973e-08,0.2790721144703191,38.16182608552652,3.410155815084166e-07,4.0649765544555607e-07,0.021430562685557333,66.92614983293655,0.0018616119552214495,58.01743339181985
721,0.059115513786932604,4.354286155561955,0.013727967073772494,4.290204710202853,0.05035347828532895,128.97513631111858,126.69484693894326,2.280289372175334,0.004565449977824197,0.007932925349153071,0.09000744322194779,-8.683172541184399e-08,-9.257354590694522e-08,5.7418204951012496e-09,-1.1854624294661257e-05,-1.1867572891057168e-05,1.2948596304182329e-08,0.8135734499016196,29.055123368966104,3.075244349929033e-07,3.83312328027729e-07,0.02388648842324059,57.63519896167731,0.0018722998923887085,-85.4006744080416
722,0.0590074458148133,4.964697376691833,0.01718935427196361,4.886079932484318,0.061428089935551246,129.77661837034103,127.9201804640905,1.85643790625051,0.005622254375557259,0.006816382402674964,0.07533245435621032,1.2489028027954628e-08,8.196150207462798e-09,4.292877820491833e-09,-5.329200766828361e-08,-6.604445576478314e-08,1.2752448002464033e-08,0.6370759129328307,30.26512457491351,3.569929156733601e-07,3.562648060673654e-07,0.02183365630042159,65.61625775339355,0.001862051687580059,-17.233201202850978
723,0.055937996234125285,4.599998843672729,0.01461913290843661,4.528946163544838,0.05643354721945566,117.8167706466731,115.62095469616516,2.195815950507971,0.00591398124922094,0.00646756909369576,0.07178237377704424,2.6579037594107455e-07,2.633651859346856e-07,2.425190006388764e-09,3.146117205477003e-05,3.1448051087361325e-05,1.3120967329037266e-08,0.4646823139617513,18.40566794068308,3.7625794246800906e-07,3.567903137190417e-07,0.019878032642560748,62.59904272412628,0.0018716390285302654,344.64312871124594
724,0.060584532997651076,4.79923552180376,0.01832634248332516,4.702807446364153,0.0781017329562821,148.55364759947122,146.08577407950628,2.4678735199650563,0.009880417836761338,0.00804647547951435,0.09039878531875373,-4.769857878607535e-08,-5.158741785606933e-08,3.888839069993963e-09,-6.347805921142208e-06,-6.361578319616289e-06,1.3772398363158382e-08,0.37592620035465574,50.125220221984264,3.48289962652529e-07,3.6150504959986243e-07,0.024829744040426753,63.84258695028396,0.0018913338622241409,323.52672297443314
725,0.060785502990646716,4.985282107422879,0.0181356642354639,4.904623138743748,0.06252330444366912,132.00686820615803,130.22511327153927,1.7817549346188528,0.006097110464942428,0.008263642220836545,0.08960984306023996,3.0039452559609086e-08,2.499100651592482e-08,5.048446043684291e-09,2.2244439557325015e-06,2.2107135803426553e-06,1.3730375285856633e-08,0.5833346610111274,3.1810035105546195,1.594568071583525e-06,4.177323340739919e-07,0.025273108736776833,65.0790497020637,0.001898282516203514,447.8350760303679
726,0.05922939446675642,4.528816232334415,0.01601672279283995,4.452854013588405,0.05994549595316943,124.56157302165279,122.55756907265406,2.004003948998629,0.007049239015044237,0.007879293275387281,0.08546071728047304,1.4407527605807907e-08,9.463611802214844e-09,4.943915803593063e-09,1.034755309280064e-06,1.0221954372909075e-06,1.2559871909246065e-08,0.32513075461619545,-46.780688105472045,3.793812978870372e-07,4.332581739469698e-07,0.024501895015164154,60.49095965820271,0.0018582706716133031,286.29792817646967
727,0.056327587069000845,4.432688373001523,0.015248508646581284,4.360731815100163,0.05670804925477821,111.11116799944494,108.74648236255469,2.364685636890269,0.007104222115724151,0.006504315105028722,0.072749409971503,-3.3880673746881336e-08,-3.726664865702856e-08,3.385974910147228e-09,-5.832328693737449e-06,-5.845008208837488e-06,1.267951500793508e-08,0.35673314127314953,18.918794726104935,3.140150269887782e-07,3.331503609486105e-07,0.02147072782186626,58.44359239118512,0.0018682773498273101,-141.74620957458092
728,0.05673181630607524,4.35143319009983,0.014988907590289606,4.277838480749872,0.05860580175966924,152.9431649528723,151.29030418870937,1.6528607641627995,0.00666990903256394,0.00677794012817418,0.07584918084549999,-1.976921852076372e-09,-5.210701816536633e-09,3.2337799644602606e-09,-8.836335723402308e-07,-8.984396160381873e-07,1.4806043622717097e-08,0.31867152326287707,9.654142158759678,3.325841194485103e-07,3.696163525617711e-07,0.02338033664065438,56.56010179065599,0.0018845940543201118,380.505039026536
729,0.059920090603586496,4.535101650453724,0.017310288049497632,4.459621801202015,0.058169561202211006,122.92404333569482,120.66767204686478,2.2563712888301226,0.007077006772017146,0.0076317616164747045,0.0869522289762612,-7.62992122745361e-08,-8.149413779078225e-08,5.194925516246182e-09,-1.036683873702284e-05,-1.037992962233024e-05,1.3090885222876736e-08,0.274656672723826,33.38707091932833,4.663397885344247e-07,3.862280293532821e-07,0.023153462948101177,65.47942294003879,0.0018794913761300779,-316.8966715687952
730,0.060002051931716066,4.609518341771499,0.01576475828544735,4.543548107576701,0.05020547590935065,134.05876412007441,132.1391556278623,1.9196084922121817,0.0062493804038143835,0.007781902009717916,0.09007315215041217,3.68879868889896e-07,3.641088299117906e-07,4.7710389781054236e-09,4.2329551526844676e-05,4.231623725428847e-05,1.3314272483597899e-08,0.3632123273787377,34.06074656579893,3.311984862903656e-07,3.478693869165189e-07,0.023834180966223733,64.6330526661086,0.0018675168652779915,297.3337952061097
731,0.059283221023811554,4.434698787326772,0.015217638876237194,4.3586603142365306,0.06082083421400415,168.30073154913543,166.66327088760144,1.6374606615339538,0.007944678774894251,0.008605899369842159,0.0989903217586339,-1.3065607013510754e-07,-1.3490446741581552e-07,4.248397280707975e-09,-1.6297113731483385e-05,-1.6310039409451083e-05,1.2925677878783933e-08,0.8251028170945787,17.038750659504657,3.420871257758173e-07,3.60042713885079e-07,0.027628521004286043,58.600801343763486,0.0018724600967575773,-63.68998557101486
732,0.06447070339165994,4.807489457475852,0.017260954626082292,4.729786626582739,0.060441876267030424,105.03026205001834,102.81111687118693,2.2191451788313987,0.005800154552946854,0.008881488831333917,0.10000681668027997,4.6686947402783945e-08,4.31970759019649e-08,3.489871500819042e-09,5.746379969972662e-06,5.733496104032168e-06,1.2883865825488894e-08,0.9869039170635678,14.382905024194795,7.582378823600375e-07,4.6932670663991174e-07,0.026867514972042535,66.24406267295336,0.0018908803828043784,302.22993686604195
733,0.05888819743236985,4.632667465865871,0.015058877004052444,4.567741786416727,0.049866802445090785,175.4909932399179,173.51754351002566,1.973449729892277,0.007898444870284389,0.00722172891832573,0.08352973043000057,-1.4442637399254587e-08,-1.8878022879977254e-08,4.435385480722673e-09,-4.237109415823633e-06,-4.250376497921785e-06,1.3267082013763852e-08,0.39968591910315043,33.04809629952275,3.960047008020913e-07,3.5669311954622665e-07,0.022698048144190932,60.78940712456032,0.0018872378507568568,336.36116439458056
734,0.06170456576798854,4.532667445885621,0.014942818860319514,4.458109824675159,0.05961480235014192,104.55412480658312,101.74275554461978,2.8113692619635535,0.006691832219258865,0.008489381442333984,0.09426401430368897,-1.092130212294548e-07,-1.1221861101234832e-07,3.0055897828935258e-09,-1.2999879790512851e-05,-1.3013144157717694e-05,1.3264367105591352e-08,0.3377026621981569,28.904044941546015,3.7839777449251554e-07,3.693228251622202e-07,0.025482781734935792,60.19861455073526,0.0018635074025504822,133.52065778877613
735,0.05879762686680373,4.565317724809226,0.016067354245781814,4.481073103355147,0.06817726720829824,144.72712288465854,142.96108174330823,1.7660411413501313,0.0078114717894252755,0.007310821370570056,0.0809048984293068,-9.642816224805946e-08,-9.946661344466748e-08,3.038451196607993e-09,-1.2579471493053573e-05,-1.2592810660759131e-05,1.3339167602256562e-08,0.2862456426060927,38.007038184122166,3.559432027176327e-07,3.6568539074487627e-07,0.022354756438075628,63.283080220172664,0.0018800720837343907,442.05635028998677
736,0.05806203219045404,4.514949023231451,0.01632035993018369,4.441290804970346,0.05733785833092074,130.29473949247034,128.34958405717612,1.9451554352941376,0.0065306748493681776,0.007664225011895313,0.08687839931155245,1.3343436540183654e-07,1.288794573483039e-07,4.554908053532618e-09,1.5130189823886594e-05,1.5117077490679395e-05,1.311233313020864e-08,0.4541701635748626,7.2037711439968355,3.2865146831200776e-07,4.5190403947723663e-07,0.023287810673467774,60.163880051040685,0.0018720548495002975,-207.98348750007426
737,0.06145974609263909,4.747742560570686,0.015275039946635025,4.673421722193185,0.05904579843086709,152.42772331528835,150.55599934644394,1.8717239688444867,0.0061502382237851915,0.007694477643177148,0.08570399839005352,8.647948010050253e-08,8.32577780188861e-08,3.221702081616431e-09,9.139860574018908e-06,9.124710472901334e-06,1.5150101044422242e-08,0.3625972002239477,2.8866847638757687,3.871532046943019e-07,3.9367362677475523e-07,0.025258305366893215,62.470058118832114,0.0018703720834907206,-13.16184098210806
738,0.05779163656365701,4.495498862183021,0.01576008905707073,4.416297749420049,0.06344102370590299,120.42097340337786,117.59345196578552,2.827521437592554,0.007543992665762047,0.007535557152849053,0.08187361224924823,-2.6425522260995287e-08,-3.034131416660198e-08,3.915791905606706e-09,-4.03028756395414e-06,-4.043383831707425e-06,1.3096267682955842e-08,0.32706531136090927,3.582228297896817,3.1742466312672134e-07,3.317628637777026e-07,0.02416553414226103,60.68214000653733,0.0018711500344843063,-345.66353654933346
739,0.05764304683621987,4.4090019126871045,0.015598137506738408,4.337259877116727,0.05614389806363862,122.13478860883065,120.17541063390279,1.9593779749277216,0.005218031901445819,0.0074266510598545625,0.08101872867607722,4.0804282207368075e-08,3.739207501854924e-08,3.4122071888188256e-09,4.470221449829779e-06,4.4564596293799625e-06,1.3761820374985977e-08,0.6762238575803184,8.763396526127496,3.823312371398994e-07,3.6990659363023776e-07,0.023347020165708207,57.66189341867555,0.0018963479859674761,106.16344879554981
740,0.05970135468141163,4.821465289486029,0.015359125907963745,4.748210256382817,0.05789590719524853,146.29755686590667,144.5017113039398,1.7958455619668865,0.008730499702273938,0.007852047071592436,0.08772050577973536,9.078610534689312e-08,8.718006893117646e-08,3.6060364157166428e-09,9.80309788023031e-06,9.789776604672354e-06,1.3321275435041881e-08,1.0639847160222957,23.41707453065271,3.430598335197538e-07,3.6905527937102137e-07,0.024228837657251086,61.57412053793263,0.0018875865624523324,77.41012355479461
741,0.06247836728604144,4.985049525186485,0.017389023375144592,4.905488220305693,0.06217228150564758,121.10048050323708,119.10068336825525,1.9997971349817214,0.006960788486806335,0.008464886809483756,0.09366620422350452,-1.2374010501386223e-07,-1.278824819606274e-07,4.1423769467651474e-09,-1.5615841380428415e-05,-1.5628559137069595e-05,1.2717756586082248e-08,0.588607732974799,-24.95328247657462,3.88094190549802e-07,3.6000796275306885e-07,0.026660686905450384,67.32521187048734,0.00185362227815509,7.891753142325797
742,0.05706250570191215,4.349428776765741,0.014613547005535691,4.281403102730765,0.05341212702943979,149.75909073321054,147.41326738358606,2.345823349624845,0.007088814193120696,0.006921588292371204,0.07875507718763068,-2.1800015823252548e-07,-2.210686841292819e-07,3.068525896756454e-09,-2.7266918819821788e-05,-2.7279807352866264e-05,1.2888532938358554e-08,0.4562506574140316,-23.926342647091964,3.457369072447646e-07,3.461175611853201e-07,0.02243612893608859,60.42446767890129,0.0018672568825318255,142.88799332733697
743,0.05988397419416367,4.573452190467326,0.014379307859372088,4.5026158601255215,0.056457022482432014,131.3220704824895,129.63248493365688,1.6895855488326035,0.005619947300477093,0.008223904161225424,0.0931960363031813,-1.2819677315511578e-07,-1.3184817211732705e-07,3.65139896221132e-09,-1.7980854173517606e-05,-1.799352008609992e-05,1.2665912506277595e-08,1.152198975182319,27.990829325017902,3.1450679082738144e-07,4.758303263913179e-07,0.024734710865284996,61.901601916597386,0.0018638535498497302,-174.08594867535203
744,0.06068024305061064,4.897707814866509,0.016980139976728783,4.8146847120525935,0.06604296283718694,105.46362476519292,103.24802282769463,2.215601937498247,0.00667440833234821,0.007807474910796202,0.08701570931163588,-4.5834605024108725e-08,-4.989950306431516e-08,4.064898040206425e-09,-6.383516872200338e-06,-6.3960192211376365e-06,1.2502348877207055e-08,0.547404829424839,32.004420379559164,4.839317695850138e-07,3.888628517092633e-07,0.02437934917587099,66.09566331649003,0.0018672244010734893,85.90342089968453
745,0.06550592612996738,4.890777133714625,0.016816821856210896,4.819647584059988,0.05431272779842673,123.50196980321842,121.69374820264956,1.8082216005687677,0.0102782857609956,0.008200047208007348,0.09143608630757133,-1.531981855952216e-08,-1.8842143125304506e-08,3.522324565782345e-09,-3.138936487184033e-06,-3.15250728325843e-06,1.3570795955867943e-08,0.2510890726480002,56.89043249886752,3.340631844697218e-07,4.015165068789075e-07,0.02548256814301751,61.93848664813824,0.0018858314476153824,298.295900900373
746,0.06112756352805537,4.65995946763181,0.01589022046688683,4.587686201847302,0.056383045317621464,140.08809336922803,138.28810377213122,1.7999895970967885,0.008549064129932173,0.007413501900378229,0.08548692749409431,-7.016248236011925e-08,-7.398271214743793e-08,3.82022978731866e-09,-9.878619697462591e-06,-9.89324016228413e-06,1.462046471263037e-08,0.5985067407574527,36.9829802280056,2.932100034786937e-07,4.159636988441455e-07,0.02275234783507611,63.6504907401497,0.001877492926226138,54.0930795597219
747,0.056107706959823776,4.4816404624844255,0.015416556936470028,4.415069063419001,0.05115484212895528,114.19036319923752,112.55361246568253,1.636750733555132,0.006831538021756765,0.0071645543433587824,0.07730899194311065,-3.9564211046735904e-08,-4.2081099661861056e-08,2.5168886151251377e-09,-7.473874109264007e-06,-7.486782891542614e-06,1.2908782214109628e-08,0.2859902150975143,22.687234280921103,5.832425913330555e-07,3.022321068764666e-07,0.02210292868874436,60.95160525158154,0.0018695559013762139,130.02562549606546
748,0.05976497367214378,4.573662954061802,0.015353076860000607,4.4946977294050505,0.06361214779675048,115.43626500102562,113.74266111861525,1.6936038824104835,0.005163162586551355,0.007614980318323678,0.08601894138285927,-1.960495274988603e-08,-2.3330231158736832e-08,3.7252784088508066e-09,-3.112764757249562e-06,-3.126112395307077e-06,1.3347637978329585e-08,0.3535104942646258,27.882347550227284,3.71441526246989e-07,4.6364823603461544e-07,0.02319151890178257,58.94634483591478,0.0018801157182168709,23.748181719785862
749,0.05897172690159269,4.509898107912921,0.01581406622344834,4.432036426767415,0.06204761492205734,132.8761489834598,130.89119848305893,1.9849505004009151,0.008823222911894945,0.007181752493585108,0.08239729018792666,3.3109505263789225e-07,3.2642731837938707e-07,4.667734258505084e-09,3.852942700535208e-05,3.8516683322378345e-05,1.2743682876270481e-08,0.5164373796458942,8.522621626328664,6.506551341114698e-07,4.1459786903180817e-07,0.02250726284736342,59.591620239674214,0.0018703417549046039,-383.3045404691002
750,0.05928680994177343,4.442729949434149,0.015497954540000644,4.3620047533885336,0.06522724150561512,114.867066118338,113.04004720197845,1.8270189163595014,0.006184829849606084,0.007791154368841633,0.09121365078402344,-3.82769758551143e-07,-3.861790476499079e-07,3.4092890987650297e-09,-4.654245445810731e-05,-4.655558900377426e-05,1.3134545576143544e-08,0.43786341091562186,16.252438537780648,3.42291131358526e-07,3.35067262982151e-07,0.024583870122863994,57.73319760464442,0.001877918866088393,49.33139285905645
751,0.05857937298343491,4.576182443449845,0.01588735185074844,4.508358075514645,0.05193701608445222,134.48504407863922,131.576984060108,2.908060018531109,0.006061661272417614,0.00666227203248169,0.07922730719036095,-5.640095704878378e-09,-9.939583743274805e-09,4.29948803839642e-09,-7.455527017010048e-07,-7.58514655339338e-07,1.2961953521148643e-08,0.3345176069867082,24.26494789600055,3.439849301244347e-07,4.259105030209687e-07,0.0209501030141786,61.35665770216242,0.0018829196626279057,-33.145920697245856
752,0.060977403641512704,4.851588369242879,0.015610197485265726,4.778963247420343,0.057014924337271,155.49649958086863,153.89695488783073,1.5995446930378534,0.006667617963762059,0.00846851414134996,0.09534718124744729,-2.514984024307673e-07,-2.5540024255096036e-07,3.901840120193027e-09,-3.143938659531049e-05,-3.1453672202412994e-05,1.4285606993875932e-08,0.4942170014913472,29.169170671488487,2.6656658588033144e-07,4.820969315288712e-07,0.027087878580164995,66.30167678518399,0.001897651882497826,269.8539031227624
753,0.060230253442368084,4.595576766535114,0.015785379991322332,4.512953209907141,0.06683817663665048,123.15583864769175,121.38585551397306,1.7699831337187355,0.006165578111993777,0.007745385886981219,0.08783376254313247,1.8769284520839658e-08,1.446927398273196e-08,4.3000105381077e-09,1.8978410075346284e-06,1.8844884530676246e-06,1.3352554369037292e-08,0.27892476196744076,18.57876341856409,3.3010029349077245e-07,3.7917961899557794e-07,0.023855648008036003,61.90767663543207,0.001870862133164298,-245.0388342574247
754,0.05688599969734651,4.686719704505458,0.01560854839237574,4.607444379382513,0.06366677673057018,122.63542402103414,120.71301261866246,1.922411402371753,0.007266699935816743,0.00696151500079235,0.07897563182045086,3.058625079218915e-07,3.0150087011156316e-07,4.3616378103284095e-09,3.464424237228542e-05,3.463180348399079e-05,1.2438888200569883e-08,1.370137576924424,39.263476419739106,2.893054514663599e-07,3.437896247143568e-07,0.021665304044628894,59.490105543003736,0.0018547800921882118,408.61225576971947
755,0.058406730322762106,4.373656325196777,0.01632792740138974,4.3003502764857,0.0569781213096872,127.82461010610007,125.96074948485612,1.8638606212439872,0.008946614587651898,0.00701034570682865,0.07996172160656531,7.951121875430394e-08,7.72792738719322e-08,2.231944882371762e-09,7.90590508532357e-06,7.892656305446516e-06,1.3248779726224341e-08,0.405122259842318,19.89688785720418,3.6407990997524886e-07,3.830145417933659e-07,0.022265511673917635,57.85382218819673,0.0018912306142784595,256.97586846772583
756,0.05951530426972424,4.528787737321716,0.016000677247556078,4.461342866799605,0.05144419327455542,130.0028194191238,127.7632320216594,2.2395873974642924,0.007395215804349807,0.007961902267479642,0.08859403608583079,-3.4992728242911864e-08,-3.799602066466609e-08,3.003292421754222e-09,-5.27490525864945e-06,-5.288087451742636e-06,1.3182193037556341e-08,0.5639998612746681,33.99526899002494,4.31998718054638e-07,3.3612549323207113e-07,0.02409671863543204,59.67452490719161,0.0018698011803687444,386.39379491775844
757,0.06221629531312091,4.340568856782772,0.015243809037545,4.2682274723715,0.057097575373727824,124.98281715634046,122.8922654054744,2.0905517508660747,0.005846305436394518,0.00761048207920892,0.09008845084053689,1.620873283378785e-07,1.5867276074221417e-07,3.4145675956643525e-09,1.861308508071846e-05,1.859981736976677e-05,1.3267710860707916e-08,0.59181000440961,18.164684584048086,4.2570087635584453e-07,3.418486405215621e-07,0.023056323410074717,59.457916956075934,0.0018763183248460271,357.9673904593369
758,0.0574587311227599,4.548902717097708,0.016432435614251954,4.472827430016199,0.059642851467257375,117.37491664369034,115.39643084751096,1.9784857961794453,0.009661309942611941,0.007284516373360485,0.07844456649940139,-7.226319511581387e-08,-7.482089473166802e-08,2.55769961585415e-09,-8.85935332567739e-06,-8.872489750922406e-06,1.3136425159022678e-08,0.3319426742238303,5.210664105168792,5.256961514116863e-07,3.543156882116224e-07,0.022585194479280497,58.111939041191725,0.001879783681386088,-304.481089208306
759,0.0627031986036674,4.369921115864358,0.014966227738441676,4.311251523753807,0.043703364372108984,125.69363845934417,123.699631336658,1.9940071226860194,0.005939814546108405,0.00777975727233743,0.08774006770617512,1.676794661254237e-07,1.6452943185569204e-07,3.150034269731705e-09,1.9319994913638033e-05,1.9306642222724268e-05,1.335269084052497e-08,0.31466375105947175,13.117976636821641,3.5866417934647023e-07,4.609544897115532e-07,0.02425893566003041,59.032121460049304,0.0018839430159497876,-117.30560799626755
760,0.060350195078815505,4.764308694730846,0.01622070631385728,4.689774678859655,0.05831330955733444,129.302244174169,126.75707426851972,2.5451699056493964,0.008364998886346352,0.007220041475300053,0.07806674144392672,-1.8227604874590836e-07,-1.8636796680449493e-07,4.09191805858659e-09,-2.297768270703228e-05,-2.2991465029393435e-05,1.3782322292333067e-08,0.7030266691559541,68.41413775091661,3.747118966090642e-07,3.3677661692686266e-07,0.022150024583357235,67.80078902022275,0.0018835457976632507,366.46317673817884
761,0.0656762405427424,4.6880798775299,0.016680782948464142,4.61284925849056,0.05854983609087689,120.15705420109147,118.19558651773336,1.961467683358107,0.005473408576424471,0.008099905098716208,0.09330032401343392,1.278579911429629e-07,1.2466013367559053e-07,3.1978574673724046e-09,1.2586719732352499e-05,1.257319693017012e-05,1.3522802100172627e-08,0.4049980563978708,25.279840201402344,3.7884565979099765e-07,4.1893731439170865e-07,0.02551440903413059,63.747935511789905,0.0018769742319450211,-149.74008145402377
762,0.05827577527274495,4.575052733203836,0.01567177964905642,4.5051739295005735,0.054207024054205376,137.33491895055892,135.51515114901912,1.8197678015397705,0.0069259896024457925,0.007570778393631852,0.0848639173979872,-3.0991218116801134e-07,-3.140067534878454e-07,4.094572319834103e-09,-3.891290064714862e-05,-3.892560391129445e-05,1.2703264046177428e-08,0.24660476235487921,42.76810841467922,4.033886263727824e-07,4.874704496903235e-07,0.023342594107222295,61.906637657925295,0.001858383635145485,243.06676339856404
763,0.05800896873515801,4.592672045962535,0.01586985151262882,4.519882584705244,0.056919609744661544,154.17304449762153,152.26708397174062,1.9059605258807308,0.007880489167116462,0.00811310762965716,0.09215890480341458,-2.0285923092469477e-07,-2.0668915819911412e-07,3.829927274419395e-09,-2.4653775526261027e-05,-2.466634479438702e-05,1.2569268058778297e-08,0.31676446977496625,18.719696959168026,3.492882507058277e-07,3.5531438130832283e-07,0.025977665334026206,62.80896426707618,0.0018612650838079137,12.18551537936628
764,0.06455198006306358,4.896406959587921,0.017062299164585702,4.811877230230718,0.06746743019261721,109.7350593923635,107.78062766972612,1.9544317226372467,0.007475014395715613,0.007573730265201367,0.08402600650283143,9.980911602343301e-08,9.361031046766043e-08,6.198805555772575e-09,1.0482074680847553e-05,1.0469056404968105e-05,1.3018275770967077e-08,0.6471764543650791,30.95573894122575,2.8171122049600855e-07,4.4612315286901957e-07,0.02338988226668935,62.36233908806545,0.00187486913686114,209.74265955845522
765,0.05987082748983265,4.551617604562467,0.014726503243222014,4.475392192344126,0.061498908975119254,129.71666744478287,127.77849883685928,1.938168607923414,0.005474536875555637,0.007289789498040049,0.0833996011630381,-4.835028653627671e-09,-9.27372510961415e-09,4.438696455986482e-09,-1.5852096350476386e-06,-1.59875533897819e-06,1.3545703861527748e-08,0.3017256690438527,48.72748450936485,4.798211613922919e-07,3.4637333406350573e-07,0.022241412282890432,62.385039583087504,0.00187803312935049,0.7942117870065886
766,0.05869454272999352,4.612677870017067,0.016431246056129306,4.5329105286233204,0.06333609533761697,133.49127947526446,131.3417306976248,2.1495487776395983,0.006022225331935061,0.0066980667890701,0.0779033951628268,3.271807409536979e-08,2.797803261350014e-08,4.74004148186965e-09,1.9643247100297775e-06,1.950372411242864e-06,1.3952298703599065e-08,0.609334290282536,29.39914173934,3.307987289766382e-07,5.002912916980818e-07,0.021057309114119377,61.505248125958204,0.0018739646754551607,123.58494137417165
767,0.06002961240545026,4.923995317258471,0.016429788054820364,4.843818740469419,0.06374678873423184,138.80221823643222,137.00673266144983,1.7954855749822352,0.006315984413535821,0.007642005100541256,0.08820116809056087,-1.6239656294854973e-07,-1.6684451441724837e-07,4.447951468698688e-09,-2.0242207885336943e-05,-2.0254950382369448e-05,1.2742496906413418e-08,0.2390369991718324,55.79402527174118,4.0738275794287587e-07,4.0225699021629065e-07,0.023261308655495652,66.78485970760993,0.0018629773836721447,287.0586807121681
768,0.05938074126673743,4.68202694220119,0.01620332540635853,4.599876693853049,0.06594692294178357,141.56285299477454,139.8568693821757,1.7059836125988301,0.007123442758541725,0.0069924430233835565,0.07957584850605931,2.3608931550415872e-07,2.324711654720482e-07,3.6181500321104693e-09,2.7695225409260635e-05,2.7681901555969712e-05,1.3323853230381605e-08,0.2747774112214724,35.267252309765986,4.698228789493667e-07,3.3855838830979966e-07,0.02455064891996627,64.04450510227547,0.0018883828861464122,394.40416268984745
769,0.05931705268747352,4.547469676325456,0.01652768761687875,4.468082601754778,0.0628593869537993,142.88649552189034,140.9891643503397,1.8973311715508772,0.0075172593164367085,0.007666210058616056,0.08764054134645813,-7.605005493887655e-08,-8.007804252966282e-08,4.0279875907862816e-09,-1.0756409370684896e-05,-1.0769892054770909e-05,1.3482684003715527e-08,0.4035606146952923,42.75306792336078,3.339116276283489e-07,3.7914894217869794e-07,0.023821900741605815,59.25616450324959,0.0018690521120527826,-75.08504742786363
770,0.0572466875636874,4.550630516551728,0.01600005935618843,4.4737820307988105,0.06084842639672643,123.0389361104554,121.31559269342021,1.7233434170351978,0.00616037208517689,0.007633787068742656,0.08671405323957243,-1.7844965422814978e-07,-1.8168072908057935e-07,3.2310748524295494e-09,-2.2158756501735682e-05,-2.217115989075977e-05,1.2403388926025126e-08,0.36819891419442463,7.250791738975602,3.5609566360222874e-07,3.609744071955467e-07,0.02360036196059023,61.52571571100647,0.0018535478496319695,193.2459511613729
771,0.056797142650255976,4.4865182940309145,0.01558419575658206,4.413317770150317,0.05761632812401527,125.06133377229568,123.04955786709304,2.0117759052025717,0.006790047133764594,0.007055896732316687,0.07812275770826353,-4.144255874506153e-08,-4.541980176003909e-08,3.977243014977557e-09,-5.812483570837499e-06,-5.825119284292829e-06,1.2635713381302389e-08,0.288404348984792,11.744783771630853,4.038764191353072e-07,3.506833651636614e-07,0.022019349903403252,59.38338243283687,0.0018585562883161868,-169.70214984427457
772,0.061843486806017714,4.5687481966269985,0.015440936268355234,4.497714618002144,0.0555926423564993,158.35163273265357,155.6686158748595,2.6830168577940885,0.005840259204741854,0.007861374513716284,0.0936339295002015,6.798016495630871e-08,6.532538994163405e-08,2.65477501467469e-09,6.9004401850668915e-06,6.887629445683036e-06,1.2810739307165614e-08,1.790952563355853,15.643065072376224,4.0861009652207726e-07,4.0394317142849614e-07,0.024074526869184106,62.81377501180274,0.0018690249773328188,-348.81506962767025
773,0.05672538623564858,4.516054948961621,0.01673299069626762,4.4470142537359525,0.052307704529400555,122.54055712656242,120.62643110706257,1.9141260194999092,0.01004970371066831,0.006831741630721504,0.07812500124563386,-8.47741847891801e-08,-9.0823054112068e-08,6.048869322887839e-09,-1.0816704377157553e-05,-1.0829426800466697e-05,1.2722423229838604e-08,0.43364614263102297,20.12710824033742,3.232588276400134e-07,3.5321435751654033e-07,0.02111368233084775,59.4639635735311,0.0018763606821440028,285.66871255182195
774,0.05842712722173192,4.720867814637905,0.014966730910204158,4.645445151042691,0.06045593268500967,142.92121836314755,140.49876614832363,2.4224522148235015,0.006574650132566398,0.007426174009965513,0.0822975881730095,1.1648473374051506e-07,1.1143961366672137e-07,5.0451200737936676e-09,1.2655191060013295e-05,1.2642258276481045e-05,1.2932783451002917e-08,0.281725868973601,36.97514566763742,4.6828235527535043e-07,3.509645965917922e-07,0.023583759160935604,60.94390069052854,0.0018641032252325101,157.7472170082815
775,0.05886816201532186,4.478748367885819,0.016799334638195246,4.408365353608692,0.05358367963893051,110.68596040888447,109.08180338844203,1.6041570204424314,0.006871052078658223,0.007561405110228978,0.08623163753585192,-1.0498889317054276e-07,-1.0870994432478943e-07,3.721051154246707e-09,-1.3534109912399485e-05,-1.354698405600133e-05,1.2874143545548415e-08,0.4761801325584943,39.45429137853501,3.922201049895329e-07,3.67712145561585e-07,0.022991014526320363,58.78826949940714,0.0018897013554439882,328.4558936627577
776,0.05708905241125285,4.412274649953854,0.014588462242109143,4.351122722710743,0.04656346500100263,125.3290334002049,122.54282923158058,2.7862041686242223,0.006455070823828587,0.007190186369169963,0.0799993796679304,3.724149269826933e-07,3.699776015872883e-07,2.4373253954050163e-09,4.303414308263844e-05,4.302052610612876e-05,1.3616976431621809e-08,0.2799447621706724,13.568538204135882,3.5117050939215813e-07,3.5271216501789675e-07,0.022089308829067917,59.207193318259215,0.0018728608409490323,441.6244032190493
777,0.061641959305870464,4.647125167368321,0.015094179746820492,4.574346057297262,0.05768493032423806,137.51785565061365,135.10836501425888,2.4094906363547177,0.007391780643108496,0.007907690321047097,0.08860661158307476,2.653938062555109e-07,2.6151190099640596e-07,3.881905259104789e-09,3.0523542453244675e-05,3.051021671852699e-05,1.3325734625310863e-08,0.33854122054503333,21.130932364911153,3.4516954836151135e-07,4.057625395592723e-07,0.024050203022573362,62.01179362287829,0.001858367230617463,-97.20026141953485
778,0.06031787197864227,4.634663062509504,0.016236010778224886,4.556431347006698,0.06199570472458083,101.73503204949273,99.67007531221999,2.0649567372726096,0.009153741914230431,0.007537556642085958,0.08616875981312906,-8.823467020870135e-08,-9.191067393745307e-08,3.6760037287517518e-09,-1.1716741156451063e-05,-1.1730240433312899e-05,1.3499276788260914e-08,0.5096275412493013,35.10288657500452,3.736657577718685e-07,3.7891609643620924e-07,0.023488164786289862,61.75690838833546,0.0018694637018401646,398.06643411964205
779,0.058202792110550045,4.650795000844514,0.015458901537071256,4.567646120322209,0.06768997898523364,166.2038422104038,164.441587577091,1.76225463331281,0.006430729402446635,0.0071925099553358076,0.079735131667284,5.639335116535719e-09,1.4313345829347973e-09,4.208000533600917e-09,-8.069525584288362e-07,-8.202057643102739e-07,1.3253205809202203e-08,0.3141493747086697,23.414785840211934,3.908396492717778e-07,3.7791328643620517e-07,0.02153572364824744,61.99137434683867,0.0018883411394654704,115.22737288818871
780,0.056564468613245725,4.553765463940446,0.015498605460426019,4.482370326159161,0.055896532320859636,132.68735384083456,130.82273377911196,1.8646200617226183,0.005779112420727874,0.007006735359019512,0.08156435317110942,1.6285114314598782e-07,1.5945565308425692e-07,3.3954900617308925e-09,1.850647298120025e-05,1.8493461018749716e-05,1.301196238954399e-08,0.524274267249961,6.448002260250452,3.5625086744122174e-07,3.30440957517149e-07,0.022423818186802436,58.686393496048964,0.0018575368730551196,143.32088424395306
781,0.057191437944972785,4.5744604292173605,0.016535211518279504,4.500420337480331,0.057504880218749915,130.1377266355978,128.1161019337611,2.0216247018366333,0.005798994138175446,0.007030118890143526,0.07954380730922321,-3.3169743524355176e-08,-3.677642751095876e-08,3.6066839866035997e-09,-4.638126819190642e-06,-4.6507834292738436e-06,1.2656610006125592e-08,0.9100866801370046,22.309641174732814,5.410816089886543e-07,3.707009899819183e-07,0.022343915126533442,60.64459056129899,0.001865464464752979,83.82546755030671
782,0.059051879099685796,4.855634582237601,0.016504323615725656,4.771816691618591,0.06731356700328404,121.57627856680725,119.48616365906126,2.0901149077458743,0.0075073712510964515,0.007946098160465914,0.08795558442986845,2.7025712128555e-07,2.674048242760697e-07,2.8522970094803894e-09,3.097322026708597e-05,3.0960289379536855e-05,1.2930887470321735e-08,1.0592315469853335,36.148866700403445,3.196730864455257e-07,3.899931259341965e-07,0.024952707580880345,61.92500578048764,0.0018628453248985541,60.11555556340409
783,0.05659921796052622,4.734069594454906,0.015021056962380281,4.667055388640671,0.05199314885185522,113.19315965422477,111.29395372929244,1.8992059249322726,0.007159000879230904,0.007182560757801652,0.07990347490313884,-1.901935988779998e-07,-1.9383558392604485e-07,3.641985048045043e-09,-2.339196650544186e-05,-2.340564682540429e-05,1.3680319875630664e-08,0.3657717989187815,18.361010111406582,4.615106636735371e-07,3.6039959769745904e-07,0.02232052174408374,60.925856307802135,0.0018806536735886446,-319.235725118775
784,0.059343945193852395,4.805099091493744,0.016227606079868173,4.729354341512626,0.05951714390124965,144.6907588287911,141.897757808717,2.7930010200739837,0.009693804604724323,0.00702053860038381,0.08116378398806316,1.4539271132706e-07,1.4223829039327404e-07,3.1544209337859798e-09,1.589882826351235e-05,1.588567603779418e-05,1.3152225632334556e-08,1.0664703295941735,17.131739103799003,2.929050666816792e-07,4.446765926484846e-07,0.021467216345869004,62.63171735732232,0.0018872086671025427,-165.1712307556154
785,0.06116842507329306,4.684479476807258,0.015889194743974402,4.608407985210091,0.0601822968531925,141.41849928141917,139.4701547235045,1.9483445579146863,0.006022782527120079,0.008025108061071975,0.09006673705210082,3.350308692638257e-07,3.3091868714733577e-07,4.112182116489897e-09,3.8770929146230255e-05,3.875777210064314e-05,1.3157045485842327e-08,0.5520836954488961,40.69633670866135,3.656477854431363e-07,3.9662081517053696e-07,0.024735687907591893,62.274482636103954,0.0018865989537450226,-210.9928288724327
786,0.060634473828955295,4.910445121027366,0.017333011270288252,4.8293870192586486,0.06372509049842934,119.41980979167636,117.14434587643507,2.275463915241327,0.008560381649304581,0.008093727174760482,0.087612815262265,8.719978726982881e-08,8.154980997351439e-08,5.6499772963144475e-09,9.289031231849701e-06,9.275570050629796e-06,1.3461181135151866e-08,0.25975393860860546,-2.2781669060357737,2.975592591020464e-07,3.4279795575149586e-07,0.025100619890872932,65.97765420180296,0.0018728019127853977,-387.81522122698107
787,0.058634146992639344,4.6406344283869245,0.015315664705490301,4.5565706291287675,0.0687481345526656,124.5590037466731,122.37730487463195,2.1816988720411863,0.006718538051034296,0.007117923471710887,0.0794726031845642,2.824937602842129e-07,2.781098523973883e-07,4.383907886824693e-09,3.229972535993652e-05,3.228677321756988e-05,1.2952142269963656e-08,0.705012418318202,30.003724572562774,3.957980297236437e-07,3.381861612054721e-07,0.022215243781581108,60.897847146298375,0.0018664052005823984,156.42883174853387
788,0.059480409775072726,4.747926220897785,0.016925333870869037,4.671868420953584,0.059132466073332245,142.19681254370784,139.96526741467858,2.231545129029165,0.005878692407508709,0.007453219005378155,0.08197373198993572,2.4452831887814073e-07,2.4190288568558926e-07,2.6254331925514755e-09,2.712550473501436e-05,2.7112128822856547e-05,1.3375912059167735e-08,0.37262640454688417,42.176897346805646,3.575637778740768e-07,3.9888437648721004e-07,0.023261708157677863,63.185636860020225,0.001884117572499083,143.4014496873806
789,0.05991267631192711,4.723731083713806,0.016224028369245025,4.648242542816958,0.059264512527602314,110.870298509937,108.71715687234925,2.1531416375878334,0.006583331034389119,0.007497155913873895,0.08785860649084383,-4.0932540545103685e-08,-4.4481077165655995e-08,3.5485366205523354e-09,-5.8620567635387885e-06,-5.8755640086693974e-06,1.3507245062570829e-08,0.35642841400483793,0.7293184242916304,4.066209343673367e-07,3.5872945645491294e-07,0.023504924967899417,60.72707169873701,0.0018647034538179202,127.01039766360282
790,0.06332497436021645,4.969349951853363,0.016295409427752084,4.895011775157514,0.05804276726809611,132.82012871113085,130.12247714743026,2.697651563700498,0.007575022668757505,0.00943395591150094,0.10513039564435889,1.296801291368403e-08,8.620226461508272e-09,4.347786452175749e-09,-7.501423639396943e-08,-8.848334624814713e-08,1.3469109746662549e-08,0.6059429986468339,29.1045994782133,4.404432994313715e-07,4.1496519269118835e-07,0.027907415534777907,67.6355199683561,0.0018925557637249264,-5.006739128274148
791,0.055408447924205045,4.598080287261016,0.016204855226267207,4.535364301615585,0.046511130419162904,125.03081327519632,123.58032313025771,1.4504901449385788,0.007491379895012244,0.006769317875427733,0.07269627682835066,-2.612595919072704e-07,-2.664433426160185e-07,5.183750708748168e-09,-3.114565766321316e-05,-3.115892315453701e-05,1.326549122448338e-08,0.696316243604,45.893709513277045,3.8472507519037855e-07,3.758796754442927e-07,0.02140926653106722,62.74047612980995,0.0018851912355353133,95.2905393726437
792,0.05752268524358507,4.485864015637941,0.016235820229242776,4.415086159611006,0.054542035797692054,119.42074253007219,117.51181378119145,1.9089287488808342,0.005255239599121069,0.007119824416261194,0.07960440917087619,-4.332195913264826e-07,-4.382801904095092e-07,5.060599083026646e-09,-5.291501541009791e-05,-5.2928336143755035e-05,1.332073355934566e-08,0.3757699661719164,34.815257435044785,2.962883551564163e-07,3.5451190559356087e-07,0.022974919541825848,58.02008433035679,0.001880015015593378,460.66691715895286
793,0.058892068018229236,4.511121860905893,0.01524738635476873,4.430152329499981,0.06572214505114375,118.8265512354674,117.17563676198475,1.6509144734825951,0.006800543273777687,0.0068366995077789325,0.07671442905368075,1.508712193813548e-07,1.4784867461206264e-07,3.022544769292173e-09,1.627936039466222e-05,1.6266300205468428e-05,1.306018909782214e-08,0.41649931025270986,10.904319894948456,4.5873319394385937e-07,3.632645007134257e-07,0.023100812386592045,58.147282163130406,0.0018884278496014144,150.8596371809249
794,0.05732892340648328,4.589309974644658,0.015092081692811251,4.52042643214457,0.05379146080727682,109.81148109555856,107.88602209054484,1.925459005013774,0.004990764419706391,0.007374960540283007,0.08154319262850776,2.7322407651772883e-08,2.4267515279469813e-08,3.054892372303068e-09,2.670415889309982e-06,2.6575904532258048e-06,1.2825435962074264e-08,0.3949440315758832,36.61200689202183,3.4787154941286817e-07,4.480740840116035e-07,0.02355148100341461,62.58231631057744,0.0018671892204945092,-672.5944469114957
795,0.05888367263135449,4.736949257466031,0.015719415073551287,4.6665697078237,0.054660134568778676,126.29072461870018,124.3299315341464,1.9607930845538972,0.008264868838552332,0.007455282502038865,0.08281396472182,3.209086781722001e-07,3.175820036825046e-07,3.32667448969561e-09,3.7540937175471555e-05,3.752823245875458e-05,1.2704716639060629e-08,1.1027843252547216,40.708113884397456,3.074001527147254e-07,3.9922573889263197e-07,0.023042056772424317,62.90590198923235,0.001874860714091403,-226.38748042781071
796,0.06117409663319488,4.904897296558838,0.015952594195963874,4.822360222666263,0.06658447969661183,136.638192994957,134.6318898994011,2.0063030955559067,0.006204024017933752,0.007662681525410965,0.09415631286769886,1.695126268940837e-07,1.6543294246006303e-07,4.0796844340207775e-09,1.892527074616867e-05,1.891142675840719e-05,1.384398768685937e-08,0.9327107114661362,1.3541749993286354,3.630115698018757e-07,3.8613482459962284e-07,0.025780163428268516,65.42943174115169,0.0018889949682861183,-501.5978567439911
797,0.061747731787855975,4.818063368698081,0.016438831044012867,4.738043616704568,0.06358092094950153,116.4714855542866,114.50879135473487,1.9626941995515506,0.00818530413608859,0.008053891011845768,0.09255642343351629,-7.090479458692633e-08,-7.399647879581317e-08,3.09168420888683e-09,-9.659794649462662e-06,-9.672605296141536e-06,1.2810646602279441e-08,0.7525425206558248,11.76206645432017,4.111619317832943e-07,3.58798602772005e-07,0.025077914848549727,64.134895096073,0.0018672241853241872,66.6575827581396
798,0.05780717696110575,4.532271868860864,0.017136621442584366,4.452350981442723,0.06278426597555872,106.5851334147085,104.64113356882893,1.94399984587977,0.007216111929999394,0.007210379307256934,0.08256973762458931,2.094326021883731e-08,1.7582471669747032e-08,3.36078854909026e-09,2.2663408713994227e-07,2.1399385608122242e-07,1.2640230996930531e-08,1.1260977086600037,29.896909203287464,3.2048508020595376e-07,3.8621719058121204e-07,0.02438064885139688,61.20175938126413,0.001857018701238337,-344.963800273581
799,0.0603542219876962,4.598590349642691,0.015956454899369452,4.518965209722801,0.06366868502052232,129.8550580439508,127.05920901734412,2.7958490266065024,0.008260039479335707,0.007853445048872695,0.08766642810562192,5.821641583983238e-08,5.4334044879927885e-08,3.882370959904513e-09,5.684064830896926e-06,5.67050590198034e-06,1.3558928841074743e-08,0.31623016043419566,33.21435251764747,2.926706974936624e-07,3.7036103835599185e-07,0.023870757797212372,63.13098576299598,0.0018729934230356802,-462.26972289892547
800,0.05507736324225486,4.340608460953547,0.015443018541671917,4.277701930464577,0.04746351194729795,125.15202631379933,123.23932811552753,1.9126981982717417,0.005100670972804573,0.006961338430643351,0.0763425899006725,8.163110903162457e-08,7.772684288840303e-08,3.904266143221525e-09,8.838425633127955e-06,8.825379556320502e-06,1.3046076739278431e-08,0.34872331758382036,27.855262669637597,3.403309370778213e-07,3.307609968353187e-07,0.022226633463263205,60.11287404444066,0.0018744602982814845,102.7257472396027
801,0.05660293391698738,4.3851462454302395,0.015327894414250825,4.310889445176257,0.05892890583973166,112.97349960848447,110.80928050456383,2.1642191039205514,0.0056640546602429905,0.007398458417525239,0.08249416698080651,2.2738054581522464e-07,2.2350281441351542e-07,3.87773140170923e-09,2.55767761469303e-05,2.5564621087872265e-05,1.2155058982664113e-08,0.33103093066988937,25.355365201057378,4.360052848455923e-07,3.8987382956995984e-07,0.02288158539539287,62.17556415486648,0.001855478513376353,253.31098635059334
802,0.057862852521510875,4.503541461423462,0.014466151726823757,4.430347629633643,0.058727680062995155,124.34906956766119,122.54914439763495,1.7999251700261607,0.007002316095408238,0.006835425205140011,0.07710181044573539,-1.0939433910041237e-07,-1.1229878475429035e-07,2.9044456538780002e-09,-1.3694779087973303e-05,-1.3707894994189031e-05,1.3115906147167044e-08,0.6909312249382333,0.23049276468260124,3.0119763035454925e-07,4.004410756590618e-07,0.021566306388729476,60.555415244405935,0.0018745901804264528,-420.9399063647861
803,0.06010054304642774,4.604472931671294,0.015319076338121814,4.5329108036690915,0.05624305166408014,135.74616217695154,134.01763495330837,1.7285272236431541,0.005465184059292639,0.007931298452048702,0.0907971553120536,1.678755585770735e-07,1.6428797441995532e-07,3.5875841571181905e-09,1.908194837687064e-05,1.9068969019311425e-05,1.297935743600898e-08,0.3160225070227427,20.32517390359819,3.765454140524008e-07,3.5766626211902395e-07,0.02456998634767935,62.12851235128015,0.0018531718184603418,86.74267052092364
804,0.05779333171974595,4.73816070706366,0.016451548531443254,4.664453947029228,0.05725521150298832,120.57274274560842,118.401512404637,2.1712303409715,0.005584009684784378,0.007028036412174142,0.0765099257708452,1.0800111141476338e-07,1.0380402756451615e-07,4.197083850247237e-09,1.1435709761623372e-05,1.1421756981310987e-05,1.3952780210711963e-08,0.6870830085084837,37.000936200956566,3.2446568941672446e-07,4.725745740244447e-07,0.022026336447340426,62.4576694389553,0.00188742490487289,146.97054542675096
805,0.06316198105951484,4.893541485765079,0.016508417816234914,4.814708726671961,0.06232434127688242,129.50481958175985,127.22563892564537,2.279180656114553,0.006263798561370152,0.008813012513578942,0.10006259504476556,2.0160374245044664e-07,1.9712067541853816e-07,4.48306703190844e-09,2.2740191311868107e-05,2.272672125144947e-05,1.3470060325890743e-08,0.45201578530905356,28.66768957342619,4.784055038519407e-07,4.654559777139464e-07,0.026669998316668247,62.831885244442816,0.0018650688536912768,-409.26204866088074
806,0.05767963302949425,4.333057191331992,0.01516233829164105,4.265229066993076,0.05266578604727438,120.1503693340495,118.38735250412574,1.7630168299237334,0.005598241490190544,0.0074441697404900465,0.08578187111042142,-1.3504346711311723e-07,-1.3846748255626334e-07,3.4240154431461156e-09,-1.705181837787753e-05,-1.7064610052520288e-05,1.2791674554283352e-08,0.46718865728460385,21.51199081311949,3.8276734550790423e-07,3.394681686687435e-07,0.022397482416854516,56.971539545701155,0.0018760461535470313,12.546613190697371
807,0.05886421721240883,4.596630707144595,0.016605784745545377,4.51787896402584,0.06214595837320952,156.23816555078213,154.05711547098625,2.1810500797959476,0.008870262332722877,0.007420028371241731,0.08215142805067548,3.156804809339424e-09,1.3432394183776067e-10,3.0224808675016615e-09,5.102483217962678e-08,3.712355275420196e-08,1.3901279364013861e-08,0.7046353082641476,-33.28071916533036,2.7194052400940273e-07,3.5083462241768323e-07,0.023208257454642278,60.69949356095145,0.0018923050555913863,-7.410089619405426
808,0.06084570789754075,4.6697539352667485,0.0146463305484114,4.593086999459728,0.06202060525860925,112.48215813059008,110.28416374759742,2.197994382992688,0.005964489160839267,0.008416520670808511,0.09444141064027198,3.0311210635085796e-08,2.713487004469118e-08,3.1763405903946017e-09,2.8137520445204604e-06,2.8002935422939494e-06,1.3458502157441463e-08,0.3966136384198067,13.920836216272484,3.3955390396888273e-07,4.000473901611009e-07,0.025400842983110527,60.656821969317406,0.0018738475600958563,107.90560597051308
809,0.059864881482570034,4.671206505792222,0.015710565671335594,4.591005779459437,0.0644901606614485,145.18784806828464,143.18202084720608,2.00582722107851,0.006513729940329504,0.0082420285536805,0.09335036895238955,2.386993253877489e-07,2.3421181062045847e-07,4.48751476729039e-09,2.7426529487075226e-05,2.741292745436364e-05,1.3602032647297061e-08,0.4439421741482372,46.99725022675157,3.603606446919204e-07,3.901177772919439e-07,0.02508717671983159,61.50052261469335,0.001866648785878812,413.6262330361078
810,0.05878659569618449,4.437636093443119,0.01630659080155083,4.364582030799391,0.05674747184217813,136.35071758020928,134.4911991578981,1.859518422311247,0.007649842040578266,0.00836917729812876,0.09306487053981698,4.9376037976226456e-08,4.4811846887276146e-08,4.564191088950305e-09,5.32916644555066e-06,5.315800131481584e-06,1.3366313966475329e-08,0.47575413347964846,-3.5540656995380924,4.606820072038224e-07,3.423554093359649e-07,0.024734869362304058,59.07306719663241,0.0018644286861436712,75.08361990034018
811,0.05648764007249732,4.527075287036965,0.017745998246264005,4.44703465998993,0.06229462880077049,125.42640900104874,123.44502156353437,1.9813874375144505,0.007321854232681931,0.007162680066768812,0.0797276457728468,1.758767248999237e-07,1.7297338743000398e-07,2.903337469919752e-09,2.091301277569027e-05,2.0900084234463564e-05,1.292854116100268e-08,0.651423220154966,41.70577467958318,2.694582004362708e-07,4.3452199698956794e-07,0.021699712074273663,59.725757775569875,0.001870686719948848,359.765362475041
812,0.06000738337845021,4.955795944274144,0.018001271921287806,4.866636461258083,0.07115821109477279,142.47306466082526,140.47608394456373,1.9969807162615798,0.008906589976840556,0.007569744370665665,0.08368041407795199,1.6148057083272226e-07,1.5750343120652443e-07,3.977139626197804e-09,1.7440597044651347e-05,1.742720746050106e-05,1.3389584028746254e-08,0.38086869243301297,-14.805688040631011,3.211634267202073e-07,5.006575539984039e-07,0.023006401011078374,66.50627938986256,0.001890990948418808,-426.49047230026144
813,0.05842986638389019,4.396866697845592,0.01519756004904373,4.323039002835022,0.05863013496152672,133.76037567987967,130.55853365279143,3.201842027088304,0.0066359244136643385,0.007273396131938233,0.08269914172150455,1.14159511594914e-07,1.096541630338507e-07,4.505348561063333e-09,1.2834184535513804e-05,1.2821354883036091e-05,1.282965240308576e-08,0.29601867083932487,44.0351486510872,3.715009681559375e-07,3.443262606349091e-07,0.023264112501270612,58.578860046352325,0.0018742383149718462,318.2857202712794
814,0.058496754463401635,4.55820530027629,0.016000046906187948,4.481057643817067,0.061147609553034915,150.6441187428491,148.69933133225757,1.944787410591647,0.005911581395043208,0.007366232787729708,0.08559692296578465,-2.6628219759171234e-07,-2.692867286954974e-07,3.004531103785192e-09,-3.3124024686596114e-05,-3.313709655419817e-05,1.3071867509965268e-08,0.272010586790204,25.311443948412325,4.6292966270492535e-07,3.69597585277103e-07,0.02286214951840971,59.10365443389826,0.0018694494194523873,313.4051915903028
815,0.05733605931870333,4.593350278498849,0.01598749973816562,4.528812565497592,0.048550213263090995,125.79399686302605,123.7493959386696,2.0446009243565397,0.00538463367303694,0.007320429960821213,0.08075834496661288,3.837336838487971e-08,3.436073589212232e-08,4.012632492757397e-09,4.294390155120701e-06,4.281340910645412e-06,1.3049244392103185e-08,0.759088833927545,26.212631266127598,1.3092151154728373e-06,4.1393648417457324e-07,0.021966719664180307,58.23912235290439,0.0018549758247866008,286.8615488218866
816,0.0588593928601458,4.665947787853812,0.015077867141563363,4.5858452206646385,0.06502470004761057,135.47122907700805,133.44656125912545,2.0246678178824298,0.006521904427485734,0.006945179586330124,0.07533467009116739,-1.3606819356123877e-07,-1.3898442359256797e-07,2.9162300313291613e-09,-1.7347075969141224e-05,-1.7359811823803875e-05,1.2735854593442497e-08,0.31624874049856067,17.786945369744252,2.987713974199577e-07,3.233400559718946e-07,0.021784747552454607,61.837315614272086,0.0018611853161050152,-138.68772335929816
817,0.059955338328665175,4.506912348455706,0.015769794110390555,4.429754664251069,0.061387890094246444,161.2940500067907,159.47615254477822,1.8178974620127333,0.007910187344091569,0.0077200951010969725,0.08743792392519927,-1.0583664000422246e-07,-1.1057319342302587e-07,4.7365534188034e-09,-1.4289905574809525e-05,-1.4303076713576104e-05,1.3171138683503865e-08,0.2779031539556076,23.486352955568766,3.43702199893392e-07,4.1486944528602165e-07,0.023644985183702248,59.09342522578016,0.0018892484680352074,-611.8145957750658
818,0.05962771136346227,4.88015546823613,0.01744496517080171,4.806604868160137,0.05610563490519199,123.57153529358278,121.63867747656789,1.9328578170149422,0.009045286635380541,0.0074172588720390654,0.08402618796679547,1.2751975286921126e-08,9.02370760093291e-09,3.7282676859882185e-09,3.3665013174567607e-07,3.240056990145339e-07,1.2644432643088304e-08,0.41738929281236514,16.816389854795617,2.995343979352827e-07,3.775051757009695e-07,0.023235567451372945,66.21922008257025,0.0018651023211709867,263.9305052058844
819,0.05862214673071441,4.63177974990762,0.015132703633350491,4.552444714082791,0.06420233219147894,150.42042619951278,148.45801739216625,1.96240880734646,0.006924731699406631,0.007577670302298475,0.085625769135705,9.93626773695353e-08,9.531859700340465e-08,4.044080366130679e-09,1.0184587811078135e-05,1.017159546184005e-05,1.2992349116349895e-08,0.5151317919427405,31.432748333336114,3.275515807531946e-07,3.501006278205717e-07,0.02284359608703343,62.21199272704453,0.0018832838429805462,-382.5014132479205
820,0.05647782373886411,4.553105954954875,0.014519839946242537,4.472858592890473,0.0657275221181585,114.27509663750736,112.44851356751222,1.8265830699951247,0.005569569097257602,0.006520800495089553,0.07148925547399056,-7.546390758583591e-08,-7.999758475933824e-08,4.533677173502338e-09,-1.0326571826831687e-05,-1.03392946385179e-05,1.2722811603272347e-08,0.538290733787097,22.356852174335483,3.981610178949021e-07,3.7872783494926155e-07,0.020938039750981168,58.64540643790019,0.0018651607271513747,491.63303160805526
821,0.0591572604018952,4.9359132446863825,0.01628892524236232,4.857978093197297,0.061646226246723924,103.73506623072856,101.36870034178436,2.366365888944303,0.0064734199015474515,0.007294694343012529,0.08031478781720487,7.416959259176106e-07,7.352444496197134e-07,6.451476297897063e-09,8.664468271614931e-05,8.663117977009896e-05,1.3502945945719109e-08,1.968381590680748,29.107639328115418,3.430157959737102e-07,4.024333183333009e-07,0.02269604293933003,64.29139278678872,0.001887767476188441,232.76149716675036
822,0.05376438269693172,4.5518555998788885,0.015141056321648656,4.485656309757324,0.051058233799915344,122.8488147917366,121.07588484662666,1.772929945110092,0.005982005967322901,0.006625111700090153,0.07423555137791714,2.2939142259502555e-07,2.24018603358502e-07,5.372819236523546e-09,2.5920569973061037e-05,2.5906655774705265e-05,1.3914198262947045e-08,4.181986221536383,9.166837529386337,3.414723460080654e-07,3.16320286801315e-07,0.02087678287002238,58.722004262404155,0.0018669273531241315,-568.1438041232454
823,0.0588222420292572,4.713027552048858,0.015949785728853444,4.644313427193201,0.05276433912680378,140.22838558025632,137.48493496824295,2.7434506120133215,0.005976982225372611,0.007555662716985307,0.08257341260154784,3.248593790122507e-08,2.9354924404628538e-08,3.13101349659653e-09,2.5361548849280646e-06,2.5215267425732373e-06,1.462814225244311e-08,0.5558980068706358,31.518686083119626,5.926675274509376e-07,6.544257228712408e-07,0.023041821386035846,63.72880858336008,0.0019085651672175457,64.35250103142471
824,0.06182840252320057,4.977742332225427,0.01661056560663055,4.888642495958285,0.07248927066051138,140.57936322510426,138.72396630468955,1.8553969204147722,0.00594151515009272,0.007833465540422207,0.08685367310956205,-2.2785910902735583e-07,-2.3139722459182537e-07,3.5381155644695805e-09,-2.7879458183867913e-05,-2.789257158749054e-05,1.3113403535281808e-08,0.9012919841508732,31.651719205796887,4.1503612759047685e-07,4.560261852533639e-07,0.023176132942271215,67.16165718171338,0.0018722329314501069,445.6785094728193
825,0.05945681668832767,4.546482533592819,0.015665315811269755,4.4715429143615895,0.05927430341995935,146.14397836565672,144.30315945786933,1.8408189077877581,0.005928942387071494,0.007227106820575864,0.08123632441089655,7.465068568955483e-08,7.07024236325325e-08,3.94826205702226e-09,7.415418793070006e-06,7.402265713943936e-06,1.3153079042981286e-08,0.5125020931994999,7.963940213329237,5.581008344458906e-07,3.3616492923886806e-07,0.022443211859674145,58.57493400930979,0.0018900029500840253,141.14051927453193
826,0.058884271160643986,4.746841100478814,0.017471554367634205,4.662393696955999,0.06697584915518122,107.52800650739877,105.16459727587579,2.3634092315230606,0.005421149367556546,0.007029312679689898,0.08329262158749781,-1.9391515929123926e-08,-2.2677857063885386e-08,3.28634113476147e-09,-3.906641472373788e-06,-3.9190943082147216e-06,1.245283573617942e-08,0.4027994979684869,-22.115299311599593,2.836951229528162e-07,3.906640881338659e-07,0.021398397379460758,62.211761983366955,0.0018526744793792215,7.168881279836114
827,0.06117678442630818,4.573079159666633,0.015131738474643351,4.498481473245587,0.05946594794640283,161.5298491107347,159.5489684213755,1.9808806893591129,0.007357719362820966,0.008147338705795079,0.09344262192679972,2.3987928619679006e-07,2.3535090619084002e-07,4.528380005950096e-09,2.749095488053725e-05,2.747756761311617e-05,1.3387267341541274e-08,0.45145899045382887,-2.9883692210408923,4.120358358814275e-07,3.792023447331523e-07,0.025189249818136628,62.31707556128528,0.001870806631072761,145.67956732727134
828,0.05716317189829484,4.54495810318057,0.016033686821423625,4.478789081619804,0.05013533473934141,125.15237078318754,123.36346408515497,1.7889066980325103,0.010470143748484621,0.007472275878483332,0.08102188100106741,-8.017006642795071e-08,-8.40175213470661e-08,3.8474549191153746e-09,-1.0711116751468322e-05,-1.072447475913263e-05,1.3358007584316644e-08,1.0640419389500426,-65.00516021209619,3.1655559947906224e-07,3.208049646180669e-07,0.02242457752358326,63.79744978729276,0.0018872754588161447,104.14663401954431
829,0.061001919076528216,4.803445628508782,0.017488792339242366,4.721723675265538,0.0642331609040006,138.16512450007846,136.28781236588026,1.8773121341983536,0.007095034527546603,0.008105415138139773,0.0916778111269883,9.754030784742744e-08,9.364428080716803e-08,3.896027040259381e-09,1.1127061871821811e-05,1.11142764702419e-05,1.2785401488834025e-08,0.3428439684375756,29.17188235729039,3.203407055940799e-07,3.723973419971469e-07,0.025990493976052315,63.14247455064483,0.001871879051293092,-385.5952549162271
830,0.06040261724431407,4.669726309529959,0.015651964027435634,4.591271065401262,0.06280328010126116,136.71354309620244,134.49272754355016,2.220815552652223,0.007028219770708348,0.007877364295631779,0.08638671854622622,1.4352550625253924e-07,1.4009710170138077e-07,3.4284045511585546e-09,1.5599381676412675e-05,1.5585560541519665e-05,1.3821134797495764e-08,0.5246791471492328,41.22210073639446,4.870692726551053e-07,4.0769311527895526e-07,0.02639903146468189,62.37568007902081,0.001876321863376522,-6.8540020913224
831,0.059857278290084456,4.579116216880191,0.01682128307451157,4.502404095933758,0.059890837871922474,119.96190710554725,117.71265082178378,2.24925628376364,0.006592268399434433,0.007089635462308217,0.0837744812263161,3.576670573404858e-08,3.221644797347232e-08,3.5502577605762835e-09,2.7334508943224186e-06,2.7202865012376225e-06,1.3164393024225168e-08,0.707955632778809,57.81285220651977,4.272248030192298e-07,3.854780279702974e-07,0.022414157044362427,63.13153054757754,0.001886720196230612,123.9519125201773
832,0.059726065344867935,4.652189082066778,0.01702733542292731,4.559757364307579,0.07540438233627181,145.9087848395736,144.0651905056303,1.8435943339430878,0.009415442916038998,0.007209266772220827,0.08071030971737843,5.691559532784409e-08,5.196542811581457e-08,4.950167212029516e-09,5.846850303395862e-06,5.83376339715356e-06,1.308690616464371e-08,0.4314904761658097,14.222035311436036,3.228225964728664e-07,4.4582029937105224e-07,0.02265574133764272,62.22529992404933,0.0018511467287803144,-22.9495259247974
833,0.058338610995944236,4.449132458957395,0.014698579255237786,4.37452472230552,0.05990915739663659,130.09508623968284,128.28415531107234,1.8109309286105146,0.00945905033105766,0.007639817002208831,0.0847032627937083,1.2796742854238314e-07,1.2434962966989398e-07,3.6177988724891488e-09,1.4404779693647751e-05,1.4391061548984254e-05,1.3718144581883013e-08,0.7656808370695203,35.654932239666024,3.54504763230558e-07,4.210411766822047e-07,0.023257977460466088,60.44500933905294,0.0018831958853663762,205.55764812824327
834,0.0646360713035374,5.093690319882126,0.017540432032740385,5.009557580234866,0.06659230761451945,126.25650045946571,124.25097666530307,2.005523794162647,0.006144413507931739,0.008843306317686955,0.09789461691944293,1.4302817781659064e-07,1.3910759568469905e-07,3.920582131891631e-09,1.553531647835308e-05,1.5522401045207394e-05,1.2915433041355526e-08,1.1534472279731967,4.794583194360772,3.139382054662898e-07,4.447085728381259e-07,0.02612833000304086,68.62613859298406,0.0018655202364661133,372.6446801924126
835,0.05959367153128207,4.468288730720057,0.01606253146558503,4.391736346603325,0.06048985265114767,151.02242412971577,148.94068489925675,2.0817392304593025,0.00676454948409774,0.007529693480242097,0.08504139805040388,1.974373241703004e-08,1.714863118440717e-08,2.595101232622866e-09,1.5097420018859034e-06,1.4971338966025872e-06,1.2608105175497702e-08,0.3630905058606288,38.47070696833833,5.040544146304146e-07,3.876050022979646e-07,0.02414352123964172,60.55532797590884,0.0018464796680390206,227.7432304662343
836,0.05599658779246992,4.383166676846155,0.01664689394665515,4.30767732502528,0.05884245787422128,119.32340585225985,117.33826235205139,1.9851435002085678,0.007732447613129176,0.006692079814462274,0.07962737058626616,1.5439427486931914e-07,1.5017848542259934e-07,4.215789446719695e-09,1.681654472804362e-05,1.680270133019784e-05,1.3843397773678244e-08,0.27484532697511876,9.836972962957727,3.8633325661254686e-07,4.045525482157641e-07,0.021752026886147812,57.885243764798844,0.001859627182801151,-369.91046472287053
837,0.05556763145316811,4.4185737071595845,0.016017456456442737,4.352921693560548,0.04963455714259344,103.39687674255462,101.05806410861943,2.338812633935113,0.00933722098276574,0.006548777095244695,0.07748066749495919,-1.817188289056175e-07,-1.8571585749562873e-07,3.997028590011218e-09,-2.3095641529894676e-05,-2.3108396380483923e-05,1.2754850514203134e-08,0.2705730654650524,5.651645053952969,2.991071092143403e-07,3.8303530167060257e-07,0.021480457617877775,58.588300642013934,0.0018702073585615802,-84.07666315043343
838,0.060857088964313896,4.765377572054586,0.016882591537367774,4.6844851450609735,0.06400983545624564,115.14649756108996,113.05727700484408,2.0892205562458974,0.0064292156451989145,0.007883065445136435,0.0872129809529346,9.527269705508703e-08,9.140729668429193e-08,3.86540037079509e-09,1.0434058151053258e-05,1.042067496547158e-05,1.3383185486010656e-08,0.5599002464259254,-50.95440561955652,4.923461721876848e-07,3.638085206201741e-07,0.024679318501913145,64.36852496064769,0.0018795465024012152,24.53250921772269
839,0.057749623092446245,4.4471375741407995,0.016332833135460405,4.372142891642902,0.05866184936243761,112.08250001505085,110.2065644704009,1.8759355446498933,0.008996671159970519,0.007496490368256134,0.08260247829907034,6.005208830257685e-08,5.654947306095145e-08,3.502615241625416e-09,6.169019722891911e-06,6.1565281171807124e-06,1.2491605654157168e-08,0.5969118444558995,1.5685616911271894,3.0492822757987674e-07,4.1250045875591104e-07,0.022667761505878917,61.186551751925194,0.0018608126122481039,-573.6252689550797
840,0.05919016275617192,4.614948280169132,0.01570623527793737,4.535638249543606,0.06360379534758975,154.1900942182415,152.12837372514218,2.0617204930994095,0.007722148777877191,0.0073720930208483505,0.08235864856001564,4.382295106214096e-08,3.8857318328523824e-08,4.9656327336171304e-09,4.434694239725882e-06,4.421543183356967e-06,1.3151056277315574e-08,0.9348832745317579,-29.937405318134015,3.8122827779433826e-07,4.5865650206534644e-07,0.023302273527995757,62.25327224200227,0.001860521033251489,-451.2774193162136
841,0.05610145911886365,4.7139494605681715,0.015344169268623377,4.64840001787903,0.0502052734205182,118.58983318545621,116.4274039992551,2.1624291862010434,0.005080223433880276,0.007296929185184281,0.07934422509143124,3.677222903563104e-08,3.275555642869144e-08,4.016672606939616e-09,3.0117844609103716e-06,2.998550274409959e-06,1.323418641875014e-08,0.22831823256144046,65.50657037022435,3.307553406117477e-07,3.624277262259023e-07,0.022585601854216264,61.148766060361226,0.0018534430512245237,452.18175174308135
842,0.058132999419396744,4.425929566347355,0.01586737086342177,4.352726120430189,0.05733607505374447,147.60878060199084,145.55162209308267,2.0571585089085267,0.007023931305994093,0.006732793282666897,0.07489037647069725,1.1493442680560572e-07,1.1204111612673082e-07,2.893310678874914e-09,1.1538187409426103e-05,1.152473132783113e-05,1.3456081488351807e-08,0.48810901341314716,18.787522991152702,3.9469781807301263e-07,3.600479023906429e-07,0.02226757254397247,58.265875258006695,0.0018777549296809914,-607.7318615181957
843,0.059914631467011634,4.527842614899224,0.016667056705195082,4.45304878599755,0.05812677219647897,117.59674875516572,115.74393201935082,1.8528167358151004,0.005388860238627623,0.0075541315508281075,0.08656196125795101,1.0331936611793875e-07,1.0027908678677579e-07,3.0402793311629815e-09,1.1355552064808045e-05,1.1340262969980808e-05,1.5289094722579024e-08,0.2594564483970177,12.656075628828063,5.835520249459832e-07,3.4387441447896335e-07,0.02460559379761509,61.02229043931429,0.0018877323696395072,-250.0025156507545
844,0.056413399359967906,4.472602238086626,0.015166784478131969,4.394985485015872,0.06244996859262226,117.26892009885293,115.58310245318401,1.685817645668795,0.0087856297597343,0.006479691891643243,0.07090809236674814,-2.637910022342557e-07,-2.6758852263162597e-07,3.79752039737021e-09,-3.265813292126021e-05,-3.267148079611826e-05,1.3347874791398787e-08,1.0519174872415524,22.52182357481064,4.1919305275124595e-07,3.440830166463716e-07,0.021302073464633885,56.255154702360976,0.0018671696180314393,394.8982846780723
845,0.059219337545353724,4.753423492379715,0.01748126391038649,4.673043688624221,0.0628985398451076,135.31458520372533,132.72714644843992,2.587438755285462,0.006538304558119815,0.007318285024527695,0.08003815642394632,-4.201028372371075e-08,-4.539773051259763e-08,3.3874467888868973e-09,-5.892193234840911e-06,-5.905076953798113e-06,1.2883718870067081e-08,0.4027308948334961,32.47909932756696,4.030857776636907e-07,4.817607842105823e-07,0.02344529776428971,64.17954121049915,0.0018834683768113394,519.1978385122316
846,0.059986323986169196,4.611068826119612,0.016507524161886104,4.536889617271287,0.05767168468643879,117.24810817336176,115.58278498294692,1.6653231904149306,0.005986504230672239,0.007427312829691578,0.08624261723556641,-3.326575114561055e-07,-3.373318094517184e-07,4.674297995612841e-09,-4.0664012285054026e-05,-4.0676860225980124e-05,1.284794081474153e-08,0.5867412527548164,22.75667854279805,2.779678640841799e-07,3.8690388280120275e-07,0.023307901106131367,61.78081519719198,0.0018484614428450835,34.924562197784326
847,0.061004355114360316,4.9962326649723945,0.01737072080046699,4.923443302372144,0.05541864179978438,110.58320357384022,108.3293415839518,2.253861989888369,0.008680039884300618,0.007699239100325814,0.08563645609543129,-5.439643820329223e-07,-5.47720581048404e-07,3.75619901548179e-09,-6.471001355667459e-05,-6.47228961960354e-05,1.288263925882525e-08,2.9654311101001825,2.230097952584357,3.378384098425919e-07,3.8538874292152566e-07,0.02389981034438532,68.05249390385285,0.0018640699858613668,108.73689369313297
848,0.05774612293984182,4.5973700790017515,0.016162589524274053,4.515648817458076,0.06555867201940162,118.34211424627118,115.29208549242863,3.0500287538425366,0.006660800892876888,0.006870935585758249,0.07703170946211421,-1.4292291438296327e-08,-1.8344925654712392e-08,4.052634216416063e-09,-2.3857509024475744e-06,-2.3988357895997035e-06,1.3084887064687784e-08,0.46686904797804035,30.839107371481607,3.916889279468404e-07,3.60308989248582e-07,0.02278818657949374,63.542410543001665,0.0018702876717283674,-300.8344822119284
849,0.05967756611116829,4.785680483404624,0.016436281869184173,4.707252794936345,0.06199140659909478,130.9028485947432,128.90944776465025,1.9934008300929533,0.005898169858256459,0.008123953088112115,0.09069832049677969,-2.402308041163158e-07,-2.4536970148516926e-07,5.138897368853603e-09,-2.9745124592606723e-05,-2.9758918732147693e-05,1.3794139418279074e-08,0.24045001152481776,37.46422296864503,2.9431410852617556e-07,3.323873899913204e-07,0.025440288977311605,63.31279473540657,0.0018496016088457746,354.7130751527525
850,0.06104647014006542,5.019574761370219,0.016772855585597587,4.934379107943374,0.0684227978412477,163.53236034888565,160.49769940749343,3.034660941392022,0.00844132753183126,0.007389704818234221,0.08131872222528135,1.1594546682605397e-07,1.1139908491640858e-07,4.546381909645405e-09,1.213848608610763e-05,1.212530407063483e-05,1.3182015377913523e-08,0.49137563680129726,59.28167523505886,5.348915956584157e-07,4.5890315859751094e-07,0.024067582267983577,64.44621982952349,0.0018721450982978132,157.69053102033513
851,0.06392856737317437,4.948305830229468,0.016117183127642452,4.854901095338572,0.07728755176325267,127.96870170894546,125.53681770505814,2.431884003887366,0.006916368796217905,0.00903204367599963,0.10067165175210588,7.291464917915058e-08,7.022082591874946e-08,2.693823260401101e-09,8.545048285900792e-06,8.53112945063833e-06,1.3918835124585197e-08,0.33432206020007216,34.98724674777676,5.194918168946042e-07,4.781374775337045e-07,0.027472910117334614,65.64616473079734,0.0018784225236811035,46.66983130467088
852,0.05658525495183341,4.487897088958174,0.014815891982483195,4.423350269646491,0.04973092732920182,115.4849065894233,113.53647139967221,1.9484351897510146,0.005772162536803633,0.007046198823073326,0.0788446250462769,-1.02923212450645e-07,-1.0723924002886383e-07,4.316027578218829e-09,-1.4108455696903678e-05,-1.412155791150037e-05,1.3102214514252735e-08,0.4665531084101484,64.68971457066299,3.5564517529937046e-07,3.730510368677971e-07,0.02267494810640523,57.63059477485313,0.0018649142663223525,43.63947761606914
853,0.061132278149931385,4.754256836193099,0.01539720807297248,4.679927292633642,0.058932335486484376,161.3875247517935,159.39536007478037,1.9921646770129398,0.006901884505376782,0.007648870136154419,0.086433555168203,1.645487421773787e-07,1.6082746748628552e-07,3.7212746910931807e-09,1.8058254542091417e-05,1.8045365752265894e-05,1.2888789729653917e-08,0.35522768796344734,24.69346168951737,4.879405673719574e-07,3.771263347124308e-07,0.0245031444310282,62.85979816683674,0.001872561769619501,384.84539227822006
854,0.059223223221783396,4.4720199911423295,0.014685193902447002,4.3999006860308745,0.05743411120900879,109.2280718586817,107.5298494344827,1.6982224241992536,0.006045701687302093,0.007481645849012321,0.08207636607690183,3.124466968869809e-08,2.748007509875438e-08,3.764594589943718e-09,3.0738953193634305e-06,3.060824082228713e-06,1.3071237068973628e-08,0.22634484665998528,-30.38037936693416,3.361024651057726e-07,3.747816593718546e-07,0.0232081362752222,57.48472769254837,0.0018748391004798964,-3.2887329794575635
855,0.05716571765199266,4.578462934061219,0.016456491839433207,4.500430655921015,0.06157578630077053,127.32706347241576,125.86439153364437,1.4626719387713438,0.006333127762017975,0.007262027743410883,0.0818981445349918,-8.889941126641661e-08,-9.306562510586531e-08,4.166213839448677e-09,-1.4996055769830706e-05,-1.5008970969967761e-05,1.2915200048838217e-08,0.2952984880924367,30.448163766548884,3.1166769534665595e-07,3.51939533715294e-07,0.023397818589494596,62.43434057313469,0.0018835965182437606,-519.6209611638933
856,0.056520058792373984,4.344092716491372,0.015511553360409129,4.28280616466389,0.045774998467072184,128.05508524089757,126.2220745974022,1.833010643495257,0.005132232455315941,0.006984245323732158,0.08049627796690584,2.196429233110985e-07,2.1498719156594347e-07,4.6557317451549725e-09,2.4645553998476727e-05,2.4632128396642338e-05,1.3425601763334097e-08,0.43797573051323213,12.00960870280544,3.6302464831682786e-07,3.4088492320474203e-07,0.02258889801830155,56.168290537491636,0.0018669730977713469,304.0320546541784
857,0.059403281973098604,4.715233457841851,0.01653609591173589,4.640735881615788,0.05796148031432652,125.53324121884226,123.54729682002856,1.985944398813642,0.00564180291973938,0.007206819689732992,0.0825437431104736,2.9896160782308085e-07,2.9548438144609547e-07,3.4772263769853767e-09,3.373362742951709e-05,3.372035795076319e-05,1.3269478618398937e-08,1.667463742604914,26.485734132699772,4.805131444693949e-07,3.406550806445839e-07,0.021989592144674452,62.652725490144135,0.0018901514990517898,176.21592999596714
858,0.05812220909920942,4.60549031446332,0.015125011587488975,4.534468069871949,0.05589723300388207,118.40280548885629,116.25395155253142,2.1488539363248695,0.005857517299212883,0.0076629598892652435,0.08668123171617872,1.2296441457694387e-07,1.1836966193518845e-07,4.594752641755386e-09,1.1634659486173468e-05,1.1621064278874603e-05,1.3595207222772807e-08,0.6211219099980915,26.033439290238626,3.365151744183156e-07,3.4595757707447977e-07,0.023445414292969525,61.87100829841724,0.0018387435958340823,-205.68662477457883
859,0.05907784831716239,4.4105090640803155,0.016191432332336404,4.346504995836846,0.047812635911132446,147.57308132393254,145.76267712575014,1.8104041981826853,0.006516044827565314,0.0076569112432583655,0.08940367328733619,-1.2880519275488426e-07,-1.3184344264329014e-07,3.038249888405908e-09,-1.6123961221805782e-05,-1.6137055118849187e-05,1.3093896983108967e-08,0.25856328072640045,-10.670048522778798,3.73722683356658e-07,3.522461059955169e-07,0.023488432812262726,58.8060493088984,0.001879459236748851,-138.78083712234502
860,0.06088437447933374,4.893696270254674,0.01806257223533351,4.815597410318805,0.06003628770053544,100.53167963083045,98.45290734295185,2.0787722878785915,0.007436321779999404,0.0077067012075556374,0.08826471946271838,-4.0280473930364746e-07,-4.064565071210788e-07,3.651767817431296e-09,-4.989924306474173e-05,-4.991289864445649e-05,1.3655579608285799e-08,1.2493361366096436,9.541154972278555,3.1767764015922524e-07,4.939164011734009e-07,0.023064642035109415,64.46518423509288,0.001881063754151769,328.7662932258554
861,0.0599033746788111,4.585394803293911,0.01653624545956087,4.503059628120897,0.06579892971345427,130.25440560983932,128.4589055332171,1.7955000766225413,0.005863368819328162,0.007537382282145936,0.08396601567786699,-2.474474545027494e-08,-3.008859027671657e-08,5.343844826441614e-09,-3.725188410229442e-06,-3.7387260823279617e-06,1.3537672027180306e-08,0.2578050426626014,97.36404010478847,3.0341086287211824e-07,4.191598261436284e-07,0.02317611591099539,60.16748745236555,0.0018754799225364366,743.5094629792679
862,0.0616365020358398,4.848633682446462,0.017101449457997124,4.753920488107509,0.07761174488095608,114.55130077443677,112.82955465671765,1.7217461177190105,0.006841838317667739,0.00760357561404974,0.08837786612665459,3.9578422377207986e-08,3.6280932207688426e-08,3.2974901695195455e-09,3.5644962821281656e-06,3.5514020830418244e-06,1.3094198984046848e-08,0.33729101469451417,58.95402844073304,3.478414493244472e-07,3.8944157158377914e-07,0.023634788913257494,63.26634711629464,0.0018727014338039687,222.23892489672426
863,0.06069379862981176,4.795857475638651,0.016138255720299463,4.710973296954135,0.0687459229642172,134.8967556990017,132.53813682550432,2.3586188734974334,0.0059293752843761855,0.0073567196804136415,0.08314141307928745,1.3417104053854392e-07,1.3030936391765855e-07,3.861676620885362e-09,1.472486609284481e-05,1.4711461487692887e-05,1.3404605079510804e-08,0.8368211659076596,30.549230507443035,3.199126952829563e-07,3.5939286969042055e-07,0.023511975689071436,62.79310564347078,0.0018775508373590594,-88.60003377679095
864,0.05974715616760758,4.9675208579917705,0.017561597657168027,4.888826832167481,0.061132428167121874,125.81506911102346,123.9480096054077,1.8670595056158399,0.008402960981579577,0.007065202010547029,0.07953470851127091,-2.897097628330839e-07,-2.9373823233665825e-07,4.028469503574214e-09,-3.4963528251714144e-05,-3.4976638389215275e-05,1.3110137384190203e-08,1.2164456381029911,-36.237775161881835,5.547675322524374e-07,3.7267221466948065e-07,0.02256898525492538,66.48165043250356,0.0018632812833550233,-514.4939685672994
865,0.05809371876586287,4.3738370766140635,0.014950025696272544,4.308505578753867,0.05038147216392309,135.37228049639532,133.48195215135223,1.890328345043408,0.0067953524443053505,0.007769939646005897,0.08574622006673456,-3.794810965739063e-08,-4.229095732435707e-08,4.342847666966439e-09,-5.7628028888571105e-06,-5.77657956536588e-06,1.3776676433143259e-08,1.221612216532124,29.729400471667315,3.4528082282450224e-07,4.424979188893337e-07,0.02407841649264923,58.17521196726882,0.0018770760555158223,131.24051860068766
866,0.056236853156672734,4.510812291590918,0.016084931111085343,4.438824534280892,0.055902826198941304,128.81257296529728,127.04364702124606,1.7689259440511278,0.008071265853517756,0.0073383767452367245,0.07921550837313585,3.661770049374455e-07,3.63236112601662e-07,2.9408923357835137e-09,4.1277256458700974e-05,4.126349185784638e-05,1.3764600779936957e-08,0.5708238392699394,69.10619087344844,3.6585671011146027e-07,3.6732527977885444e-07,0.02288622423005691,59.946628336722355,0.0018595546872390031,-117.93815215586801
867,0.060484701371983425,4.683306126554241,0.015508998077058963,4.603849480721634,0.06394764775554732,111.88656303059525,109.5135904595875,2.372972571007913,0.0067092928240942915,0.007462387379794533,0.08352373946883139,-1.7638241507221786e-07,-1.800221881994154e-07,3.63977312719754e-09,-2.2353095068790338e-05,-2.236676120131161e-05,1.3666132438799536e-08,0.7224242389989628,34.000107919890986,4.826315215584468e-07,4.4343572790259674e-07,0.02364241665132185,61.23859882718014,0.0018800666717527855,48.33740828589407
868,0.059741693133387175,4.77083375301376,0.015698502542172626,4.692582116611427,0.06255313386016068,152.7752249080804,151.0345719928069,1.7406529152735895,0.007514617264550675,0.006891067972178334,0.07933741645776843,-1.1792069355402883e-07,-1.2222538773098234e-07,4.304694176953537e-09,-1.5698976012301603e-05,-1.5712783819233082e-05,1.3807806841874622e-08,0.25544248773710854,8.34215199550348,2.9357636948192725e-07,3.9308956103113135e-07,0.02300566618703637,59.56528392706518,0.001888340451151231,237.47036271380102
869,0.06004144980763116,4.903848480387866,0.01811869056320236,4.824213745092964,0.061516044731701,153.25480712138406,151.3915689434594,1.8632381779247542,0.006893145970807301,0.007574249362977379,0.08290357272579621,1.6363665735960593e-07,1.6075763391974173e-07,2.879023439864209e-09,1.8668504693961256e-05,1.8655108124944318e-05,1.339656889679988e-08,0.3474455279894736,29.4180170410327,3.6795683007476586e-07,3.76948175518179e-07,0.02297264923561636,66.0101704257225,0.0018864413286412659,-94.67197507700985
870,0.059370906806653904,4.589993213450849,0.01741124624051185,4.501114938876788,0.07146702833354873,114.70719827240372,112.79594086019182,1.9112574122119321,0.00563395477321318,0.007710847559417615,0.08740922339529392,2.760635013208436e-08,2.4011960305926404e-08,3.594389826157955e-09,1.5708082107931303e-06,1.5573115246329797e-06,1.3496686025302321e-08,0.7588616681411455,40.43058170981882,3.431819718887706e-07,3.6206643907584625e-07,0.024928136050142713,59.49179100357952,0.0018774537391763359,-794.3067598828138
871,0.05759066326987205,4.599851310298716,0.01639049143200297,4.526564351834713,0.056896467031999166,143.14076010414013,141.21594664657536,1.9248134575647624,0.0058426485533726105,0.007210946633410249,0.07936533650740314,-1.5107779011537103e-07,-1.5475997023418358e-07,3.6821801188125247e-09,-1.988193365216301e-05,-1.989549313163544e-05,1.3559479419526035e-08,0.4253918962406806,36.9258579722018,3.8005522834605e-07,3.629054472582247e-07,0.022461463675346478,63.08670102966953,0.0018666749226562728,379.0315699446878
872,0.05847718728739083,4.82148245377187,0.016822579512814972,4.744064957973935,0.06059491628512125,148.10341775364756,146.20096216948755,1.902455584159785,0.008056806007597374,0.007928414256438998,0.086621476027011,6.932189299050923e-08,6.358140685684642e-08,5.740486133662822e-09,7.846051989576895e-06,7.832999219771348e-06,1.3052769726997993e-08,0.40857266754280186,19.605764000655267,3.3399573066141793e-07,3.6658438979407526e-07,0.02381710883979226,62.070816759973894,0.0018855885334492725,210.18024322601968
873,0.056246776256047896,4.552050922378139,0.01421833597617997,4.485099688317911,0.0527328980840479,132.53071278398656,130.88799332647767,1.642719457508877,0.005710126393278791,0.007285361885413476,0.08004085552986608,-8.098819930019542e-08,-8.4937866408536e-08,3.949667108340574e-09,-1.0804709921407967e-05,-1.0817249263403934e-05,1.2539341878963398e-08,0.3435530448666538,75.01377557841312,4.212571104229446e-07,3.4746071617929757e-07,0.022475049819014915,60.009189963941346,0.0018655627962044796,-61.52655028415711
874,0.056551305943028575,4.636728382773021,0.016595860368210844,4.561739189835343,0.05839333256946638,118.67777803824454,116.41710882941823,2.2606692088263247,0.005674141079529329,0.006681808135811709,0.07271313674186246,-1.6005074178078848e-07,-1.635706057874751e-07,3.519864006686653e-09,-1.9988630539887615e-05,-2.000219682069876e-05,1.3566280726826257e-08,0.31572777408748187,25.78254738843772,4.346545219886695e-07,3.453337337806499e-07,0.021905475884373544,62.990443659963475,0.0018638596428764468,505.1971878166296
875,0.05876496601232549,4.528525694227701,0.01584808999463343,4.453366566803442,0.05931103742962632,123.90492742919649,121.64496575433937,2.2599616748572333,0.006599970999981061,0.0076700195227499615,0.08882763711816302,2.173826678568784e-07,2.122747579041524e-07,5.1079099527260055e-09,2.4275323496458053e-05,2.4262274679700727e-05,1.3048816651471282e-08,0.5935742516898971,-26.020469276840586,3.4461463282229247e-07,3.528789296777824e-07,0.023459234793750294,60.88512816352703,0.0018797115700661163,-731.1636646301204
876,0.05652095219115634,4.467552911273833,0.016466696654868142,4.390605748617217,0.06048046600174741,173.27132595282302,171.34747489897487,1.923851053848264,0.005562406872756146,0.006939474739127569,0.07490371488226666,3.392608405291207e-07,3.35364812262478e-07,3.896028266642709e-09,3.8753307915561206e-05,3.874027847032197e-05,1.302944515847805e-08,0.7005253410722998,29.83698809440416,2.7116167695902817e-07,3.7305322510646693e-07,0.021240133573945563,60.67838094707014,0.0018774591818748658,-26.684863326058803
877,0.05794293869594455,4.496169966696139,0.015282276497709565,4.426562313959382,0.054325376239048186,126.20965864551067,124.48160192444432,1.7280567210664828,0.007963567434779713,0.007227828827017449,0.08138748916762505,-2.771664857788947e-08,-3.2505451439717514e-08,4.788802861828053e-09,-4.396220167236976e-06,-4.409793029583822e-06,1.3572862256982931e-08,0.7275474890969617,74.33758432529233,2.7309653185886657e-07,3.271426205444409e-07,0.022255955356176384,58.31856057866142,0.0018943702156042064,442.31754256222575
878,0.055889316272185796,4.578238504122399,0.016051970455262875,4.502420469157942,0.05976606450919366,119.43824320784302,117.5707891135483,1.8674540942947124,0.0057044677643300215,0.00634932614540482,0.07003529057344919,-6.552661923791652e-08,-6.980082997395713e-08,4.2742107360405936e-09,-8.898144952640869e-06,-8.91135306124461e-06,1.3208108515350925e-08,0.3301264921851969,29.59405241709134,4.212998147861135e-07,3.953511380428976e-07,0.02019387189554303,60.65975687210897,0.0018783441819140326,-221.80376583220232
879,0.05628169862194648,4.458657994714771,0.01509423313178306,4.389300410190956,0.05426335139203118,136.26104454640804,134.74873549972224,1.5123090466856872,0.011462007875918329,0.006900857523997488,0.07755582055231668,9.088229563409083e-08,8.74075773318231e-08,3.4747183022677202e-09,8.665962820970147e-06,8.653019315240207e-06,1.2943505681260186e-08,0.601183852814348,12.15860632979014,3.9326645443807096e-07,3.5923088054192203e-07,0.02077861095540408,57.2478098975907,0.0018562516445151645,-604.9169970134003
880,0.060154386662941664,4.8336603919291985,0.016454549783506276,4.759940795908822,0.05726504623687103,131.01953989421955,128.90404708574778,2.1154928084715574,0.007941484699937683,0.007661016224804531,0.08358093780454738,-1.5197657195613056e-08,-1.8243479187924474e-08,3.045821992311416e-09,-3.388908970009214e-06,-3.4017709377201247e-06,1.286196762205507e-08,0.8570259130920053,26.872298366772572,2.933433074737413e-07,3.8334874363466595e-07,0.023136932292815486,64.8788833224642,0.0018682974371932717,-571.9016679761876
881,0.06016498272427547,4.659637785782513,0.016599872809181276,4.587198428506332,0.05583948446699998,130.99419608783379,128.98950929176638,2.00468679606738,0.007204547986788862,0.00802584738801709,0.0920093231175216,9.904719298986747e-08,9.529638949089087e-08,3.750803498976596e-09,1.041514158005672e-05,1.040280551306485e-05,1.2336066879316978e-08,0.679754669472368,-69.24944283848282,3.785353406878482e-07,3.985060909936662e-07,0.02489041828362898,62.36122526727748,0.0018565259308858078,-26.11657270154592
882,0.05905539263950738,4.54488634022857,0.016042478041329446,4.469465197105903,0.05937866508133755,120.16493035612133,118.24608583441272,1.9188445217086496,0.005967030203124557,0.007337842936026812,0.08424868576535359,1.3426218380517183e-07,1.2928128833727655e-07,4.980895467895205e-09,1.4918531299188359e-05,1.490527073110404e-05,1.3260568001703964e-08,0.44964163649302324,7.779141662858303,3.311198565659731e-07,4.0171540208907803e-07,0.0226200617862757,61.76225152681812,0.0018649737551364647,-39.43308634584355
883,0.06021134216468216,4.6156684872144975,0.017296538349645053,4.543276701416939,0.055095247447912825,132.99672051452345,130.63700630162216,2.3597142129013777,0.006900132748425659,0.007186405792988224,0.08013756938766368,4.162780048885377e-08,3.727507323866946e-08,4.352727250184295e-09,4.7564154802364265e-06,4.742805841048307e-06,1.3609639098617677e-08,0.673243603394116,41.948634893275795,2.9658312154101113e-07,3.328747205100219e-07,0.02224725435306495,64.93066361757948,0.0018630688461878893,-106.62552878462657
884,0.0591051969508126,4.747978421201446,0.016015851968451972,4.6748096371525385,0.057152932080454986,133.1175502143896,131.41410050142738,1.7034497129625228,0.006916865062245789,0.0076359716184640205,0.08631652755124276,3.3179470272405064e-07,3.285579773711788e-07,3.2367253528717544e-09,3.788654804741431e-05,3.787377498366135e-05,1.2773063667750758e-08,0.33793654483924096,40.60367245937542,3.0149463175314273e-07,3.299071951780562e-07,0.023512035841404603,61.990240376483925,0.0018803348284179148,414.8809555336288
885,0.057656427181283464,4.530853059458404,0.01621965207873069,4.4554483747049325,0.05918503267474098,135.5952774012444,133.7150193500183,1.8802580512261695,0.007796341217913849,0.007049007044220352,0.0819848728558159,8.37076690165373e-08,8.004122944777639e-08,3.66643956876093e-09,8.40737009843099e-06,8.39431261005997e-06,1.3057488278043195e-08,0.3916383520060533,31.6958692654839,4.120166805562318e-07,3.754010182812261e-07,0.021860459712330072,57.90595317709425,0.0018596585302145202,-250.65201396397242
886,0.05961425159106818,4.341913193127788,0.014445601988181718,4.261482275176501,0.06598531596310542,125.59776969710074,123.48937450688881,2.1083951902119513,0.005992206948597595,0.007153524223982944,0.08593343981228463,1.440865242720778e-07,1.403717914766937e-07,3.7147327953840982e-09,1.529585784548678e-05,1.5283137847472212e-05,1.2719997953242092e-08,0.3619879556376393,24.74772257585535,3.6181766424171365e-07,3.3719910688777885e-07,0.021956755549584595,58.59395339775254,0.0018482254400434854,-102.66407461962217
887,0.06038769762247078,4.864544076899108,0.01590227015649628,4.783237788315031,0.06540401842758078,135.59012195968572,131.6300828579584,3.960039101727574,0.006021327715295102,0.007926397500226124,0.08947548796979975,-2.6882494204524795e-07,-2.737611793654394e-07,4.9362373201913645e-09,-3.233229013473077e-05,-3.2345170202081686e-05,1.2880067269574947e-08,0.5172507342125158,2.261519488207333,3.077737940997443e-07,4.3338642074909765e-07,0.02365010233665141,63.38526998761057,0.0018685908993428988,-37.84072999890441
888,0.0619580703262765,4.8798332094666605,0.016697831738249617,4.793265723739783,0.06986965398862768,139.41420220557282,137.41097708231501,2.0032251232578293,0.006029334863780362,0.007449459345476934,0.08381342567085269,3.663707177813113e-08,3.2159239995852716e-08,4.477831782278419e-09,3.166538441648714e-06,3.1527147317405623e-06,1.3823709779147311e-08,0.30497754830454127,18.15153680239299,3.4191563978751167e-07,4.6579647599360207e-07,0.025039746643811367,64.36261438051808,0.0018807990865760532,10.585545017346703
889,0.06053985046864357,4.93728006191826,0.017508484824545454,4.854043709152857,0.06572786794085865,149.13253525876934,147.1471957830795,1.9853394756899214,0.005857860683869269,0.007394356193391479,0.08180003908249596,-1.9237897231256893e-07,-1.9596206918006825e-07,3.5830968674993103e-09,-2.4129205596004318e-05,-2.41422693374192e-05,1.3063741330740539e-08,0.37531086617024956,35.30115949139575,3.5241809231013295e-07,4.1117602351067307e-07,0.023977944577053347,66.27600256189513,0.0018846907092954159,-211.42737386305816
890,0.058966233576689196,4.849665561135419,0.016126369956219057,4.771816859737477,0.061722331441721956,122.86674046992727,121.18483840908632,1.6819020608411057,0.006780514043547723,0.007103572208274817,0.08233849761569982,-1.7570541066004513e-07,-1.8039001155972888e-07,4.6846008996837254e-09,-2.2497231037569584e-05,-2.2510570985921182e-05,1.3339948279914553e-08,0.5770158360190174,47.749016083382074,4.1468262608652325e-07,4.06370630444386e-07,0.02200556480751226,62.19652336773001,0.0018654982704001076,-180.44036282102115
891,0.06114026282297232,4.8240461159475645,0.01707134357672724,4.75334967037275,0.05362510199808668,122.71207494628516,120.67412550557687,2.0379494407083025,0.007522084579182096,0.007941867738381129,0.0885781290942044,5.845890036814924e-08,5.345208457448475e-08,5.006815793664488e-09,4.972308012368806e-06,4.959137347580954e-06,1.3170664712962936e-08,0.3609706944900421,26.66234921996791,2.662684540596403e-07,3.6251423338035023e-07,0.028132437232922566,61.81733978870358,0.0018695909025505633,-59.96293111156501
892,0.06358819440136189,4.789963380718001,0.01639130148672803,4.708678919533832,0.06489315969744146,128.5402200089897,126.1612400907925,2.3789799181971305,0.00571938346184413,0.008181329658864245,0.09227591077376582,1.9273885767426467e-07,1.872327519488147e-07,5.506105725450043e-09,2.188081160505022e-05,2.1867904851715104e-05,1.290675326566181e-08,1.1026099529844535,47.64140355888674,4.0052476906289583e-07,3.9496290106195e-07,0.02496522476803946,63.84182795202892,0.0018788530273367951,206.06915198706747
893,0.06121968042966992,4.466259773037739,0.015748355464771612,4.406805662069666,0.04370575550330074,131.95378820506795,129.59629217031522,2.357496034752768,0.006713002469824813,0.008341536729896697,0.0947004435504622,-1.3364192056136487e-07,-1.3648761130429446e-07,2.8456907429295994e-09,-1.6437399661891555e-05,-1.645011914772672e-05,1.2719485735206523e-08,0.3315527244608876,73.42472220532575,4.752295885379873e-07,3.899510892752763e-07,0.025512561965424244,59.96190975265055,0.0018660323438664467,221.47908647517625
894,0.06252310154173465,4.80024814842049,0.016242601702267035,4.7219192678005815,0.062086278917639744,106.81936126183214,104.68284310373811,2.1365181580938866,0.0057102505729207005,0.007786481083191933,0.09078095568067701,-8.028450668351587e-09,-1.2814454447530786e-08,4.786003779179206e-09,-2.076522271093336e-06,-2.090326389053866e-06,1.38041179003475e-08,1.1932811119026518,3.0640100826097525,4.316822854976294e-07,3.927092958458405e-07,0.023407112767337177,62.32869215920119,0.0018821700559696548,312.03157399220026
895,0.05621134159142577,4.593806595313216,0.017614316974179426,4.518698001019161,0.0574942773198769,135.36839933063322,133.3748271183981,1.993572212235239,0.006900349977764613,0.0070760609343104115,0.07837997739017016,1.920270771317383e-08,1.551426459551557e-08,3.6884431176582785e-09,6.671133980219238e-07,6.536377269113873e-07,1.34756710217783e-08,0.33498490615291476,14.571857155576286,6.491428325947697e-07,3.464597343331146e-07,0.02207262360877513,59.811914641964776,0.0018718822525811546,-87.04095829486687
896,0.06076540628005993,4.992642232499542,0.01690317938569235,4.906514169738345,0.06922488337550578,104.847784785116,102.74004823670984,2.1077365484061175,0.007243559061968273,0.007818826187444393,0.08824161867097843,7.528842421646984e-08,7.190987687929776e-08,3.3785473371720546e-09,6.745755959824581e-06,6.732529345799217e-06,1.3226613922764132e-08,0.3237406464016444,43.87054711039269,3.5764992337711444e-07,4.2277523904156414e-07,0.024247729529807662,62.85697128827776,0.001867897928745973,161.9467891741415
897,0.0589946564848958,4.800553175243779,0.015641103079085453,4.737453170456902,0.04745890170779072,131.84304484065447,129.79245358820577,2.05059125244897,0.0061051513567506755,0.007455700088083483,0.08466253882254333,-1.765503876067008e-07,-1.8074456519618197e-07,4.194177589481166e-09,-2.1625197829583156e-05,-2.1638069031534997e-05,1.2871201865990591e-08,0.3691678672544665,9.581678819671907,4.0083671218008e-07,3.754396128885353e-07,0.022874720480013697,65.4669966270231,0.0018629492095182895,-38.68857126894636
898,0.060992501658700765,4.853182995401365,0.017573590236890955,4.77270992029497,0.06289948486950421,125.40068905975761,123.4744258194835,1.9262632402739917,0.008838330330723532,0.007476245113329639,0.08911314688579157,-3.970307712427363e-09,-7.156506932448654e-09,3.1861992200212927e-09,-1.5013577869212806e-06,-1.5141590812468584e-06,1.280129427020779e-08,0.36717596771680655,0.8845526637151421,3.3982166174947923e-07,4.138984368867679e-07,0.022667626345912587,65.33783115004988,0.001873266522284739,-92.14310945227817
899,0.058637239642238645,4.388776339645601,0.014107695772252248,4.313414071153559,0.06125457271978946,123.55631068972767,121.56000622897079,1.996304460756868,0.007612621971831863,0.006894575166260135,0.07522405745469908,-4.119555010070921e-08,-4.649379630596359e-08,5.298246205254373e-09,-6.023662699941251e-06,-6.037585837086036e-06,1.3923137038370476e-08,0.4379018652177034,-45.08711090195618,2.900632395182008e-07,3.45921566163333e-07,0.02187326944680033,58.81363219866799,0.0018753947457072066,221.63631139858853
900,0.05914798843882251,4.660559349625102,0.016530465100620978,4.592863975837188,0.051164908687293106,140.247835585031,138.5996499315903,1.648185653440695,0.005862712585664374,0.007733516793708877,0.08757277911462272,-1.0493372035817885e-08,-1.4068912345053466e-08,3.5755403092355984e-09,-2.6238998572077664e-06,-2.636852701926039e-06,1.2952844615933602e-08,0.4525076564731669,31.188843384617634,4.3637645762335797e-07,3.7621534031257194e-07,0.024364008137806165,61.33792717440056,0.0018620462803935628,622.586366342683
901,0.05772485559431232,4.53562077099147,0.01553745445486574,4.460706483629045,0.05937683290755965,147.30440637193382,145.25919697009215,2.045209401841524,0.005702545476997075,0.007187025688651348,0.0798975769699283,8.218718507274139e-08,7.943684602681984e-08,2.750339045921593e-09,8.43489001412024e-06,8.421763750516479e-06,1.3126263520477044e-08,0.8112959179852846,62.50222668144325,3.5289257976772845e-07,4.084361671839467e-07,0.02225359908428622,61.20503492905654,0.0018705078042001893,-770.6044337050639
902,0.06076948953961165,4.932944911681636,0.017171477274816632,4.8455871832150885,0.07018625119173122,119.99417761806059,117.81868115730346,2.1754964607570115,0.006490976370768511,0.007604770603020734,0.08285232564325469,-1.1163760377436244e-07,-1.1526569745119298e-07,3.6280936768305502e-09,-1.3936386485917312e-05,-1.394988752595398e-05,1.3501039939291259e-08,0.29945507886097483,10.400249776091487,5.268231812160586e-07,4.136509713071773e-07,0.024488684370712114,65.2454263890155,0.0018721240658197732,196.86228662778922
903,0.058189510690342026,4.516727589776931,0.015850955697561953,4.438162438921154,0.0627141951582168,125.916248648145,123.84291202685624,2.073336621288844,0.00599169499569472,0.006929125074584288,0.07677282141628482,-8.731031478331857e-08,-9.173147968438156e-08,4.421164901063019e-09,-1.1249688867347285e-05,-1.1262934201679822e-05,1.324533422348405e-08,0.3844961538249861,-19.65856692538416,3.4500515836960886e-07,3.7030307953145237e-07,0.022230414354707722,59.6094261201191,0.001882272064013298,35.24213517119597
904,0.05900718546268051,4.77219658744685,0.017292372746114677,4.693511387220369,0.06139282748036708,156.76801279378617,154.7745577328897,1.993455060896556,0.007190825782497521,0.007683376829672458,0.08586122986411832,-9.482540356004499e-08,-9.906883461935275e-08,4.243431059307771e-09,-1.2671269761082929e-05,-1.268500747927352e-05,1.373771808849575e-08,0.3837107985577116,3.8381524079859983,3.3279299881341424e-07,3.9896425637827994e-07,0.023091080978212955,65.25844932548219,0.0018797013322753911,79.68620085905286
905,0.05892554164860151,4.422929111877646,0.015911079652326975,4.350888737450093,0.056129294775226136,109.13774681559497,107.37325654786638,1.7644902677286052,0.005814721517335788,0.00758121304842743,0.08722625537512538,-1.3720976408883866e-07,-1.4147862909662705e-07,4.26886500778829e-09,-1.6790595848080915e-05,-1.6803422387694704e-05,1.282653954156294e-08,0.6808615741719225,23.544535049422258,3.4346205651049154e-07,3.637382783715233e-07,0.0245307286348375,59.13217191611186,0.0018810087355580077,-313.5997803011019
906,0.058420023147240874,4.605330135990338,0.016406190009976014,4.534486732699673,0.054437213280688415,105.4226705794724,103.37639185368725,2.0462787257852297,0.008290737145562345,0.0077011028052818556,0.08660502760731366,-1.6829526104445349e-07,-1.7291008427521754e-07,4.6148232307640995e-09,-2.0501439433645687e-05,-2.0514394801720525e-05,1.2955368009444608e-08,0.7499723831743326,5.085073282380127,3.30829248494544e-07,3.8215898958215713e-07,0.0231253628706739,61.2327350192826,0.0018576481936854003,-160.41164377118366
907,0.05883226647386961,4.502448624445145,0.016724721753289117,4.422105244751423,0.06361865794043328,114.90975692453661,113.16996702656256,1.7397898979741302,0.007850227185053111,0.0078116640232693746,0.08744361906490908,-1.9154030845281517e-07,-1.982392157971184e-07,6.698907344303283e-09,-2.4033332203317357e-05,-2.404663505302376e-05,1.3302849617963132e-08,0.5454256498111176,6.449132914249797,8.059302388532613e-07,3.577841464708783e-07,0.023639969775468176,63.95602917896055,0.0018725480502284658,51.634917076665715
908,0.059578107829857375,4.648532620387033,0.015621035099828285,4.568137401783221,0.06477418350398186,104.6027814804658,102.44137484819387,2.1614066322719765,0.006422396111070623,0.008153824632534265,0.09233689419057355,1.0006154496502469e-08,7.656748534753818e-09,2.3494059617486526e-09,-3.059238213232141e-07,-3.1908884235916226e-07,1.316502095138493e-08,0.3799700219102906,1.8486415640752032,3.887968968274573e-07,4.5300337424806943e-07,0.024972678022159075,61.00449670663863,0.0018731657421902984,437.43957523794097
909,0.06651443087012848,4.6160952582617645,0.015151189276852146,4.535377680793656,0.0655663881912564,122.65942989620717,120.76391526703983,1.8955146291673164,0.007985164221423606,0.007657331011585503,0.08891013023582366,-2.2551706124531533e-08,-2.4786355523717575e-08,2.2346493991860408e-09,-2.6437256469046196e-06,-2.6569024985056726e-06,1.3176851501061399e-08,1.4069669011513333,23.49038720227074,4.471825347813287e-07,4.264158419607188e-07,0.027021390425259688,63.82117454310118,0.0018716585768799334,-183.3603937475059
910,0.06429074999734849,4.796499254560013,0.016779926321941696,4.734155206899621,0.04556412133845012,127.84604863741005,125.54770524235475,2.2983433950554075,0.006547834895737649,0.008058761976484462,0.09454189602294938,-2.5153547498242633e-07,-2.553906206748585e-07,3.855145692432244e-09,-3.14753328056432e-05,-3.148922193262335e-05,1.3889126898698278e-08,0.2763988476132094,29.219587181197493,3.846667290513565e-07,3.4701491782359023e-07,0.025188214025189164,65.3239511297745,0.001877458317951064,-134.40173649708822
911,0.055545346655840364,4.553685384680632,0.01505659220828604,4.477923502122237,0.06070529035010992,115.69379607300296,113.40285299546001,2.2909430775430137,0.007050879393023109,0.007056443479123442,0.07560555941031859,-2.5281262688898524e-08,-2.9047317029290893e-08,3.766054340392372e-09,-4.2973344586276664e-06,-4.310728537693792e-06,1.3394078978907972e-08,0.5637160616007861,11.03933852025141,4.68797511417054e-07,3.8991985752393657e-07,0.023005548837711578,59.760463324085,0.0018828690239670288,320.64934122041086
912,0.05811719486311827,4.5183761131630895,0.014863127996922982,4.44408205472876,0.05943093043740498,130.15957105277084,128.41706401623813,1.742507036532798,0.008435313427836176,0.0071279214708751745,0.08040336784159446,3.576687085306264e-07,3.534257301964284e-07,4.242978334198012e-09,4.156598761919812e-05,4.1552754701817646e-05,1.3232917293241002e-08,0.33252395832994314,45.76364304342522,3.2624806384915785e-07,4.0476607311302425e-07,0.022524923148844786,59.4534782525008,0.0018966850893498586,-300.02411524415584
913,0.05816017518181168,4.631441518025449,0.016465260427597325,4.56304182972334,0.051934427874510865,104.07294782254851,102.23289936539845,1.8400484571500182,0.0076346428049372675,0.007546284970529129,0.08217225530154451,-1.0628628738634492e-07,-1.0908024885726642e-07,2.793961470921501e-09,-1.3827508160972572e-05,-1.3841929577280597e-05,1.4421416221152718e-08,0.3102069442089652,44.130027561544594,3.298305451810334e-07,3.6842175092470514e-07,0.02301891558521638,61.84973450194551,0.0018949789629311574,-132.432559490313
914,0.058234179602667135,4.412244747033736,0.01461636973406966,4.336758315560528,0.06087006173913937,124.29140766548637,122.52246821144259,1.7689394540438623,0.005404746865301367,0.007624699302028351,0.08569030178129229,1.0442531938209627e-08,6.9454514998820344e-09,3.4970804383275926e-09,1.4512799493489886e-07,1.3194754665599523e-07,1.3180448186062781e-08,0.393927947452022,10.886184629985191,3.3869898804005875e-07,3.288662832980097e-07,0.023241293752880237,60.44547998676606,0.0018860274807377237,286.66991343630025
915,0.05894555095618439,4.751506977952186,0.015567217470217661,4.6752155504051105,0.06072421007685866,122.96273051975045,120.96525611478076,1.9974744049697193,0.006379977993187383,0.006884002400785498,0.07860243250279296,-3.202388359365338e-07,-3.244233409275307e-07,4.184504990996856e-09,-3.837534761441281e-05,-3.8387728980545264e-05,1.2381366034914716e-08,0.2574089539511707,1.8479918575721586,3.303469922737131e-07,4.0923970138275725e-07,0.02183055842407001,63.85795839838891,0.0018601446208541064,-52.91538926772046
916,0.06197941113376111,4.879833574354763,0.016118819312684548,4.79278937426379,0.07092538077828987,131.9573027430593,128.91388135113797,3.043421391921668,0.005857060270473737,0.00787594416893707,0.08730935895928137,-1.7346782904008678e-08,-2.0649225317202325e-08,3.3024424131936503e-09,-2.5459756602484073e-06,-2.5599653636104053e-06,1.398970326372543e-08,0.48780514486601095,7.746555473298772,3.430769452088652e-07,4.013544961354053e-07,0.024055295596510515,65.10695862852339,0.0018785042554655407,25.65290853092938
917,0.058380979536144295,4.708557139047112,0.015542436402951557,4.632048254428913,0.06096644821524829,134.0392249153456,131.96122804259556,2.0779968727501785,0.00608045256826449,0.007425508207068072,0.0835911671166936,-9.588922940859698e-08,-9.90926667399134e-08,3.2034373313164217e-09,-1.302812528332214e-05,-1.3041004892769437e-05,1.2879609365323396e-08,1.0074979013989198,32.90863918634834,3.9998185783206256e-07,3.892059037480915e-07,0.022884712128902758,58.94954811040859,0.001873832753927805,-76.76311734953151
918,0.05980091239378941,4.4928351964225435,0.01481894906481362,4.429740668849132,0.04827557850859717,122.77902357672464,120.46434236836716,2.3146812083575745,0.006847555109043195,0.00827876103144795,0.09202093679869179,-2.6444558742831173e-07,-2.679872765963003e-07,3.5416891679886146e-09,-3.2357326093572625e-05,-3.23722895425941e-05,1.4963448928729328e-08,0.32643726998011835,52.175417205365115,4.0054988099906775e-07,3.959697486337359e-07,0.02500752524194848,58.03122939894965,0.001913416305809601,129.71641996951485
919,0.05995690191535908,4.554644263666142,0.015497606431891934,4.47880651691788,0.06034014031637061,116.75622803423438,114.18040455820972,2.575823476024592,0.004996274825585699,0.007453360444303035,0.08812614476887243,6.651304894794907e-08,6.281998626516364e-08,3.6930626827854294e-09,6.554283907263026e-06,6.54128722342423e-06,1.2996683773687822e-08,0.8481909024868102,31.72632301111357,4.5466446044638584e-07,3.8142734169538164e-07,0.023465058029370513,61.907691516025395,0.0018768266510295652,151.1998657110512
920,0.056459622330905054,4.351591380112773,0.01639736152442478,4.27397040677518,0.0612236118131683,121.95890703973193,119.15899293631324,2.799914103418577,0.008460708956990297,0.00732962395007091,0.08383477416873787,-3.208303322844783e-08,-3.618965555712746e-08,4.106622328679627e-09,-5.092360079027447e-06,-5.105227141976626e-06,1.2867062833400675e-08,1.3504985023644678,-17.220625091950996,2.894006073227388e-07,4.0389584277454806e-07,0.022147345188369832,59.33812245710541,0.0018784476797330347,-391.39547504211987
921,0.05892755854977441,4.847533633876472,0.016447008209935447,4.768885952194426,0.06220067347211137,136.90159237392714,134.5627996965651,2.3387926773620444,0.007348312539703574,0.007072361900537229,0.07920427832265206,7.630074574019831e-08,7.187198259849872e-08,4.428763141699601e-09,7.811983954430756e-06,7.798609685426538e-06,1.3374268939796352e-08,0.9169615426449127,31.028847385362138,3.0608513313091565e-07,4.585821363431622e-07,0.023047395686265192,65.70793119076833,0.0018754626457634246,-227.30726837598377
922,0.06423637929089515,4.744925813330659,0.016732666748923212,4.650954683138378,0.07723846344335651,119.29810675743569,117.42479596965869,1.8733107877769453,0.006759824867956533,0.00857196098574886,0.10041857180799707,-8.213699990669432e-08,-8.64389510923813e-08,4.301951185686939e-09,-1.1106093313904646e-05,-1.1119378813075605e-05,1.3285499099675047e-08,0.48641890370240953,14.624617240389053,3.6940689685743873e-07,3.60538352771007e-07,0.026185806915571992,64.01212760792652,0.0018788488582365049,-424.8403227056324
923,0.06044453379839278,4.826175379570441,0.01624058148710142,4.7478389378088615,0.06209586027447794,106.22170403215496,103.3871237369838,2.834580295171199,0.006492837366622806,0.0072005436545499076,0.0831338595668266,-2.0341816950937285e-07,-2.0779661416713593e-07,4.378444657763058e-09,-2.500446011862356e-05,-2.501803685430932e-05,1.3576735579283658e-08,0.3282705652941927,27.224971429049706,3.388093134366667e-07,3.5883051473549634e-07,0.022387555214612373,61.45797527006891,0.0018909177952568638,-94.48177523374807
924,0.06433217503072586,4.882980381451708,0.01733467417052792,4.795913423371912,0.06973228390926844,129.83501673539251,127.66176947564139,2.173247259751254,0.007314980641710901,0.007306823260605147,0.07759439234502147,-2.483631822997968e-07,-2.526883953018149e-07,4.325213002018114e-09,-2.9878890459445703e-05,-2.9891781224620397e-05,1.2890765082309886e-08,0.9817170563567147,-1.2919501404104166,5.124486317361771e-07,4.885569878976181e-07,0.022621134957763963,65.20931071750819,0.001862514954598512,-108.57966299083819
925,0.06381107604405091,5.09937294481123,0.018519183772919133,5.017173715823613,0.06368004521469683,128.4101101354488,126.60204673160578,1.8080634038428804,0.006773129267524077,0.007663833866414669,0.08752845542544556,-2.471536011843885e-09,-6.6890941165361095e-09,4.2175581046922224e-09,-1.1186464696955226e-06,-1.1321329278057905e-06,1.3486458018880422e-08,0.2693500655446445,18.16428970874926,5.333902913376487e-07,4.6270470479925055e-07,0.024593477647615516,66.10102637435646,0.0018918477331275943,-3.6475617668202176
926,0.060185508455759054,4.824084243129882,0.018960734102719767,4.74582177597624,0.05930173305092219,119.17984946487837,116.82124184412699,2.358607620751288,0.007610467379696666,0.007421567209664432,0.08390493100581972,-9.818913804792167e-09,-1.2900839134662207e-08,3.0819253298700412e-09,-2.0435201788478924e-06,-2.0568372187574195e-06,1.331703983351618e-08,0.4690597083895804,79.74135979455264,3.166237157701978e-07,4.0060155193694633e-07,0.023986473774672713,62.10100211058577,0.0018875013319979053,183.93850840738378
927,0.05641915956794367,4.386034217732748,0.014381799378590781,4.323646578958739,0.048005839395418366,137.2005536630937,135.1338282945879,2.066725368505772,0.006983967238413525,0.006905390314385361,0.0775615779672306,1.4690815540725007e-07,1.4348202962992373e-07,3.4261257773263184e-09,1.7274114981332626e-05,1.7261401916492674e-05,1.271306476470296e-08,0.4900279068678987,14.4421807644909,4.318459192276222e-07,3.679382270702942e-07,0.021824912635510983,60.904539070151095,0.0018614443813546211,-303.2191150107001
928,0.059759512204104755,4.893431655391632,0.017178660692841748,4.805613770163261,0.07063922453552954,158.33331615371202,156.3225928835595,2.0107232701526296,0.006177163282735147,0.007299326076549382,0.08048910244056388,1.0005443280629329e-07,9.649842497444752e-08,3.5560078318458056e-09,1.0908975158511303e-05,1.0895961372223244e-05,1.3013786198422472e-08,0.27539480029252306,-15.550795086584174,4.577321008250226e-07,3.549782567104772e-07,0.023051264769844457,65.88678631889853,0.0018591272480600407,519.4981364334967
929,0.059486258664717497,4.462965661081584,0.01601763555636888,4.380156320849722,0.06679170467549214,163.5825761449351,161.21282575323548,2.3697503916998977,0.00932811386710942,0.00786973767687238,0.08816081082135326,-3.846927888066119e-08,-4.147006809750762e-08,3.0007892168464436e-09,-5.477470689275619e-06,-5.490798735314636e-06,1.3328045971278645e-08,0.28542144788964663,31.492034291868958,3.844960852365655e-07,3.2841184196852857e-07,0.0259709995118873,59.92898184750387,0.0018666513311190475,78.95431964731051
930,0.06319363838467144,4.957939164351673,0.0158045315863375,4.871953187526343,0.07018144523899242,135.02300485896413,133.17065732673535,1.8523475322286795,0.006995092391547849,0.007634816164520129,0.08624496493881531,2.907632917829761e-07,2.8679138197143273e-07,3.97190981154349e-09,3.261948589007081e-05,3.2606662605798496e-05,1.282328415891566e-08,0.3449210346875444,43.80557265300869,3.709277699404917e-07,3.934099532378358e-07,0.023015613419956987,66.51461865773433,0.0018722549791397394,-455.8898252289355
931,0.06394785454788776,4.933864049894287,0.0162842510956318,4.8543026465813455,0.06327715221730966,123.13731928074306,121.20707967398054,1.930239606762582,0.006768208263049404,0.009380384475549824,0.10301513247688397,-1.3860254591586007e-07,-1.4315426525770442e-07,4.551719341844374e-09,-1.8558134878142005e-05,-1.8571753070639433e-05,1.3618192431917796e-08,0.4984319359555504,54.364581932457554,3.9086768134579915e-07,4.0985055773034907e-07,0.02829431191133052,65.64470466043248,0.001890932824054494,218.65347616512327
932,0.06080359538924972,4.62412637918734,0.01613539935965091,4.558489932032331,0.04950104779535816,119.98899929769327,117.76288967677522,2.2261096209180997,0.006312584028102094,0.00832871059791095,0.09464300849578666,1.64759238513832e-07,1.6040729635086368e-07,4.351942162968358e-09,1.829445493486983e-05,1.828129501941897e-05,1.3159915342526883e-08,0.2804626798860653,47.79343180473052,5.032859952832662e-07,3.7028712789873475e-07,0.025962662322428928,59.07184118612231,0.0018923202038643233,318.3724380043586
933,0.0594920380108255,4.728505741787559,0.01582166905931852,4.636709010545169,0.07597506218307168,133.25047536521396,130.6117527886105,2.6387225766036395,0.006806832385602342,0.007833574932326478,0.08769463912582218,-4.851241776990843e-07,-4.889320987328668e-07,3.80792103378301e-09,-5.81056661555085e-05,-5.81188413446766e-05,1.3175189098156413e-08,0.3119287266386521,-17.152711369889097,4.567326682285504e-07,3.8314256176700326e-07,0.02378901040702167,63.95193044222148,0.0018701231921260846,-63.37306445634158
934,0.058362783446345004,4.556681454084311,0.016782621380213462,4.4749425222188375,0.06495631048526017,143.54469260093873,141.6297096779238,1.914982923015056,0.006034938636771964,0.007217738911008561,0.08262073696605125,-4.461631689548693e-08,-4.820133828620094e-08,3.58502139071401e-09,-6.339664640255878e-06,-6.353059466997446e-06,1.3394826632753419e-08,0.9233345341580359,0.21740490251330122,3.244057904582551e-07,3.862594443513842e-07,0.022297515042095196,60.23993369142046,0.0018935641697296196,99.03856288111638
935,0.05783347788663993,4.801532963390533,0.016122588606148007,4.723729638817029,0.0616807359673557,124.8364120072693,123.0423397894557,1.7940722178135338,0.0061880600064201695,0.007241662709137467,0.07902021692862557,-1.8229280752549566e-07,-1.8604163327383864e-07,3.748825748342995e-09,-2.268265322498706e-05,-2.269620410767618e-05,1.3550882602817715e-08,0.5476281803729905,25.481454087711885,4.041941817606222e-07,3.691633233296701e-07,0.021793865279897347,61.99036773247169,0.0018907693379341098,375.38094939028633
936,0.06611311294114727,4.855477005978438,0.016184453080243,4.770339200116562,0.06895335278163241,128.56544517125343,126.66279574701288,1.902649424240642,0.006366582366500408,0.007782557629078636,0.09097019245127691,1.8387331808219036e-09,-1.86347656876363e-09,3.7022097495855313e-09,-1.063734564673085e-06,-1.0766199902988378e-06,1.2885425515847527e-08,0.440224956617447,25.007825859186045,3.9599188462585056e-07,4.3069705226646874e-07,0.0245708868795259,66.28163985186617,0.0018709454583952995,353.17810380542414
937,0.06094073045853293,4.8454394769873845,0.016520384014008366,4.764422535917111,0.06449655705626571,131.51518071739778,129.59209745331484,1.9230832640830076,0.005159451848233124,0.007090333535118182,0.07740698261504117,1.7271152939857794e-08,1.4269735120436814e-08,3.0014178194209843e-09,1.3384276431555737e-06,1.325413831777343e-06,1.301381127629057e-08,0.40147123638609195,13.157497198045194,3.7603691473028317e-07,3.99745577035273e-07,0.022183212140704647,62.72197706331092,0.0018590313378337613,-250.55548958551617
938,0.057325584454778665,4.524486820969794,0.014851536028082105,4.449923142894706,0.05971214204700512,132.08303184308022,130.22476457153564,1.8582672715442579,0.005209769413900976,0.006550600930385279,0.07167034821148607,6.336356259779808e-08,6.046539426745497e-08,2.898168330343132e-09,6.321685936481253e-06,6.308200299603625e-06,1.3485636801532115e-08,0.5247215859946464,25.485197502384835,3.738492373198008e-07,3.361814071849836e-07,0.02108350875049717,58.54770047397288,0.0018840206209139465,-121.0638445200525
939,0.05928251428008372,4.542286154518494,0.016952086731951147,4.460822982988707,0.06451108479783624,130.41165652009508,128.45061059571114,1.9610459243839178,0.008022816241947601,0.0070277424678266,0.08398581565512744,4.187137898884198e-07,4.148247834156799e-07,3.889006472739887e-09,4.819591774764846e-05,4.8182750027005056e-05,1.3167720578567465e-08,0.38116557076493945,31.26116503547252,4.077279468856895e-07,3.656170164116712e-07,0.022038737611064688,57.85127191894067,0.0018641828801224166,157.08853295172685
940,0.05958993883595046,4.584251171907432,0.016632714341315784,4.511120449788506,0.056498007777609556,133.82128216552408,131.94540966951357,1.8758724960105342,0.005499613769901971,0.007665428643124122,0.08659102355083333,-2.114212245087495e-07,-2.1589077675996526e-07,4.469552251215778e-09,-2.551247296758061e-05,-2.5525603265640608e-05,1.3130297955572872e-08,0.5103408281662172,55.71802919061548,4.4068659252228055e-07,3.8106871727653515e-07,0.023199040826031962,61.58504358831718,0.0018622183836954622,-127.80068944012646
941,0.059604022553795766,4.664470747593385,0.01526813799663857,4.588992535909067,0.06021007368767984,130.02379892135264,128.162809288085,1.8609896332680513,0.007819946093549376,0.008101184480098507,0.08806120979162683,-1.8309157898545363e-07,-1.8766420722665198e-07,4.572628241198273e-09,-2.256716782016191e-05,-2.2580936540147507e-05,1.3768719886893933e-08,0.5303516511883091,20.64048250445078,3.503528026479054e-07,3.289092227254463e-07,0.024927319542275016,61.985075079147876,0.0018799485354731818,58.92268890729656
942,0.06115128030737008,4.613616032546423,0.015351165053132285,4.545862418881233,0.052402448612058075,115.75931994068117,113.88117376233431,1.8781461783467746,0.007096138396345154,0.008179575709677745,0.0904834489714628,-1.0813106252307481e-07,-1.1179248125742821e-07,3.6614187343533733e-09,-1.4469372488027364e-05,-1.4482386711472717e-05,1.3014223337749416e-08,0.5432915371850854,15.192434013487283,3.3701850696167813e-07,4.965313366462716e-07,0.025501557446140674,63.3196265102918,0.0018745971654127848,179.8388596206346
943,0.0613434433925978,4.757192969854633,0.016630660908806046,4.676253183804544,0.06430912514128356,113.5255601205158,111.59858486903718,1.9269752514785135,0.005413917401522293,0.008069411001500819,0.09228666302030299,-2.0888953480828264e-09,-5.455625039300353e-09,3.366729691217536e-09,-1.4620186336723297e-06,-1.4749162922864965e-06,1.2897658514887252e-08,0.929206276805062,19.809638670734234,3.032543354076832e-07,3.7530423502605054e-07,0.025104960048338953,63.20190300538012,0.0018666653700751244,-499.70442116007507
944,0.05838657590949243,4.5482105782307105,0.015062827286032464,4.479132400151324,0.05401535079335382,132.79549951004012,130.61331718581835,2.1821823242216616,0.005607048183203107,0.007374087257592388,0.08418412761255899,-2.4960174101952525e-07,-2.532383401362679e-07,3.6365991167427504e-09,-3.113461012069731e-05,-3.1147053836918225e-05,1.2443716136778324e-08,0.4262100942406191,55.24400709936325,4.0265075145928995e-07,4.0507262525655697e-07,0.02250935415994271,62.983818030436325,0.0018434719302207801,-24.503646321217275
945,0.059062632603280756,4.682878248012258,0.016468035986618963,4.6065238914535565,0.05988632057208258,128.5248796634711,126.92727471167396,1.5976049517971298,0.0062087432886771075,0.006957040513571379,0.0821164046608815,8.581269875558215e-08,8.222400786568822e-08,3.5886908898939343e-09,8.935452797987273e-06,8.922493558676835e-06,1.295923921514344e-08,0.37303557116144814,21.980330818765676,3.3958828951751344e-07,3.466582236002781e-07,0.021937471852256744,63.750193956264084,0.0018802834458863697,284.5538069006502
946,0.05915801215495574,4.480283946556977,0.01512349100743426,4.411431009884529,0.053729445665014045,147.32278454038138,145.26634780867383,2.0564367317074423,0.0064812904348057745,0.007341374268137137,0.08047932019707363,-7.28099567691904e-08,-7.609475944700898e-08,3.2848026778185465e-09,-1.0406221801255065e-05,-1.041923685283221e-05,1.3015051492051568e-08,0.44155520873500304,26.34293550596362,3.5947621061496276e-07,3.374801616703893e-07,0.022453178794894228,58.68434146295769,0.0018726601646951412,-447.15898715870526
947,0.05928239917540813,4.751167730715757,0.017775396469495056,4.676905674707962,0.05648665953829868,111.48474939541266,109.26758724440182,2.217162151010707,0.008971742683988128,0.007119229174359467,0.08003134108446458,2.9426014668448705e-07,2.895084498494577e-07,4.7516968350293985e-09,3.315467623489208e-05,3.314124725283837e-05,1.3428981944346886e-08,0.4837302621577225,32.87043391153482,3.858359097795894e-07,3.7532888769362755e-07,0.02164539496254526,68.10576037941047,0.0018790427946127062,77.82798894849157
948,0.0668627453937153,5.161812016463408,0.017645298816510602,5.0743687561562565,0.06979796149064112,102.72111624236884,100.63268325341716,2.088432988951696,0.007809244172405171,0.008429401691898581,0.09495034487809324,4.3789523967388964e-08,3.8565964504287515e-08,5.22355946310147e-09,4.1617871976733486e-06,4.148502717664887e-06,1.3284479937038761e-08,0.6625525685875215,18.666141720979812,3.8299139876300046e-07,4.492628630003058e-07,0.026531632611404152,70.63001437144031,0.001870547964936073,185.94669960028114
949,0.061175699593147934,4.6347780141058115,0.015068794030692426,4.56204411323308,0.05766510684203932,128.14218487553129,125.62356198480838,2.5186228907230146,0.005423225469107513,0.007260690949453325,0.07946264417695954,1.9634683236366444e-07,1.939274127908973e-07,2.419419572767151e-09,2.2130365115969915e-05,2.2117244364944077e-05,1.312075093430045e-08,1.4409424885478859,21.468498888965787,3.4528416669653727e-07,3.7262991603489266e-07,0.02377073848073995,61.0011089562541,0.0018785400851287696,-162.0134816371733
950,0.060532706198782815,4.471365910663579,0.014725337096535836,4.406692047813419,0.04994852575362361,106.69563684419535,104.89603163086093,1.7996052133343048,0.005883455931911386,0.00771370705546564,0.08562996053821023,-7.434009367243544e-08,-7.864483111869724e-08,4.304737446261792e-09,-9.364582794271439e-06,-9.37758842960528e-06,1.300563525196482e-08,0.8322030141611076,1.886429151451105,3.661158508769632e-07,4.867789759869906e-07,0.023574166409869823,59.61722266781598,0.001861458719789665,143.6812151802169
951,0.06178477209498326,4.854058113574046,0.01766817694464553,4.77661908433062,0.05977085229878112,126.54780185964552,124.31166340447885,2.236138455166674,0.006969875026984382,0.007569398066043037,0.0903094171145139,8.892882700149545e-08,8.417504782259444e-08,4.7537791789009815e-09,8.964390806282928e-06,8.950265481635476e-06,1.4125324565482835e-08,1.1292265949210591,22.54494820009946,3.626821784417155e-07,4.194033705973923e-07,0.022644717933745513,66.62290388168687,0.0018711145406345477,276.94148424301466
952,0.059282687551444835,4.587437340055497,0.01681093646483022,4.510853407383449,0.05977299620721784,124.51614083215392,122.82650696130163,1.6896338708522014,0.006604137402766596,0.007919945052454322,0.08968280707293896,-9.64023124846058e-08,-1.0045641625611858e-07,4.0541037715128024e-09,-1.2452128105828827e-05,-1.246497113561798e-05,1.2843029646508203e-08,0.6788772253121765,74.40727823441637,2.7753559293511403e-07,3.250290528229454e-07,0.02354504484802687,61.37791955793545,0.0018746010439295094,388.20435222248125
953,0.056465487929945386,4.411542010508452,0.01702173506161323,4.342746164067714,0.05177411137912364,119.36363210292122,117.38207051328627,1.9815615896349228,0.006953067270613869,0.006981768566425539,0.07748592730690307,2.1639924248217783e-07,2.1377359809515173e-07,2.625644387026108e-09,2.490485028581678e-05,2.4891713510784367e-05,1.3136774947077572e-08,1.412770036812164,7.807142841931187,3.586114752792426e-07,3.3131911813086697e-07,0.022500855187713595,59.527586418099204,0.001866328926469294,129.82952380907454
954,0.06039977126732574,4.888235059735896,0.01741296131044628,4.808483898151147,0.06233820027430255,123.40198458638342,121.30097797601107,2.101006610372359,0.005840486650569146,0.00734617794466472,0.08344254120000837,2.680695093802399e-07,2.6362016036029984e-07,4.449349019940179e-09,3.0220271674499942e-05,3.0206097870627698e-05,1.4173803781359097e-08,0.4238103928379229,16.268165440751556,3.4048550231378223e-07,4.092763161097327e-07,0.02392220661432988,64.08608939595527,0.0018924317027377963,-497.92894705223307
955,0.05676436249868547,4.491070913289445,0.01504278353119063,4.426477700757256,0.04955042900099765,148.30700019261516,146.56488218008843,1.7421180125266607,0.005206552773703275,0.007503960547555961,0.08586023836556961,4.343379764094181e-08,3.7608364999354735e-08,5.825432641587079e-09,4.373794884560254e-06,4.3601081536486996e-06,1.3686730848841727e-08,0.3910969159362079,46.714463298809335,4.593932686789325e-07,3.2444748202955483e-07,0.02330247615254127,58.3234632953901,0.0018589726679655056,-302.8769265127589
956,0.06162884859129932,4.865163887037181,0.017246778053635732,4.7845272066157705,0.06338990236777572,117.04181591968495,115.2630828239238,1.7787330957612681,0.007965051941753285,0.007394388215629849,0.08229687261500251,-6.821926088313311e-08,-7.088852700934525e-08,2.6692661262121528e-09,-8.86523164910932e-06,-8.879064325919961e-06,1.3832676718995326e-08,0.41285068482658116,28.20896992885535,4.46796269129432e-07,3.9488714395544234e-07,0.023012760600258884,67.94279770554735,0.0018783190052130193,-1178.3974640551955
957,0.06561265303310604,5.0132984582161075,0.01769780710400037,4.928464042777308,0.0671366083347992,113.4138675301695,110.52727609751122,2.886591432658525,0.008298632844411733,0.008736635264176222,0.09601026313555537,1.2214635719490918e-07,1.1679605521824362e-07,5.350301976665564e-09,1.3148167001772044e-05,1.3134944507977997e-05,1.3222493690892931e-08,0.3241471216997621,26.159761845691577,4.1846399323512823e-07,3.6397816339485035e-07,0.026827843868133357,67.67555732623286,0.0018849336822764457,218.28132597057402
958,0.06257140903517662,4.945053634035642,0.016430180802497734,4.863974318071719,0.06464913516142513,146.15551836369104,144.0691237484788,2.0863946152122517,0.006134472281287649,0.00779264034345996,0.08859156313917232,-8.372597246647482e-08,-8.780669015305332e-08,4.0807176865784995e-09,-1.121328476880687e-05,-1.1227237453302803e-05,1.3952684403874428e-08,0.5581933679350534,13.148936070963178,5.307102974985825e-07,4.018780911236005e-07,0.024060237997976755,67.33936390411682,0.0018777145027185505,42.4367647644749
959,0.05741304895868174,4.5011762888591145,0.01559513882627731,4.4303203673118645,0.05526078272097333,127.95578935571622,125.8315935245013,2.124195831214856,0.006117989523941822,0.007974728707643833,0.08992851308489178,-6.65843172061908e-08,-6.983039441535528e-08,3.2460772091645122e-09,-9.490019388951725e-06,-9.502975545102665e-06,1.295615605296487e-08,0.5660499306352145,36.2832552579313,2.95887631631125e-07,3.247654065496482e-07,0.02363587339075572,61.58892012988477,0.0018648359479896512,65.37956937891886
960,0.06640764446988544,4.903078601891981,0.017762769099121906,4.817454955041721,0.06786087775113941,123.09668655581693,120.59390594263101,2.502780613185873,0.006698049223628895,0.00953515049465499,0.11585709282686663,9.805597405223312e-08,9.340399011346001e-08,4.651983938773098e-09,1.0911851201335434e-05,1.0899258412739666e-05,1.259278850426598e-08,0.38188780162459973,32.17232636463295,3.154289010257723e-07,3.728975747666037e-07,0.028051916627308077,63.33550344668383,0.001874670287287527,-881.0631907902302
961,0.05830592602766164,4.4718619143615275,0.01518323430481371,4.39840665543556,0.05827202462115377,117.50657244362172,115.20817008638336,2.298402357238371,0.006715890952077234,0.007287740189544064,0.08266157965414117,8.069593552678319e-09,4.056022564413963e-09,4.013570988264355e-09,-1.5280395039161663e-07,-1.6673882378818267e-07,1.3934873298860206e-08,0.3508282510835646,46.494794580505626,2.820568016850662e-07,4.096974092837411e-07,0.022875714976129995,60.26635608088017,0.0018733408065458477,-114.10959186999844
962,0.06195367665819769,4.999561410459619,0.016797033114754997,4.906425490250569,0.07633888709429652,131.61225071835494,129.42158527139898,2.1906654469557996,0.008939360892059878,0.0077419942160634175,0.08780707444121864,-4.337516567665874e-08,-4.809614095752304e-08,4.720975280864293e-09,-6.2866077873483724e-06,-6.300133327099269e-06,1.3525539642804182e-08,0.482303002141541,36.60976113042733,3.7797543289647924e-07,4.0585826083313795e-07,0.023843245002580945,65.81482128873452,0.0018674399597024504,-21.255714418901334
963,0.061644889358755194,4.366488272062406,0.014544863474152864,4.296418860583974,0.05552454800427871,97.80353187736796,95.897808465225,1.905723412143043,0.0058499778525305,0.007737102816514091,0.08761613656542362,-3.6782432197591655e-07,-3.713491042071286e-07,3.5247822312120534e-09,-4.4702200037576184e-05,-4.471484396124866e-05,1.2643923615355114e-08,2.39588709863642,32.3734015271253,4.6260937682171386e-07,3.7118361841266806e-07,0.025074505946783475,56.953216946924876,0.0018614914334869135,178.24442419316938
964,0.06115231969685188,4.521938469263926,0.015018917034915003,4.453527058448749,0.05339249378026183,157.05108823313364,155.54310106341606,1.5079871697175038,0.008927932152873373,0.007158660268837457,0.07791331597710789,-1.427439345264095e-07,-1.4730493580579307e-07,4.561001279383569e-09,-1.8199494130315888e-05,-1.821357769637417e-05,1.4083565979629901e-08,0.3007045226346238,24.546065095173837,3.087864348185454e-07,3.8988959099539373e-07,0.023621275288705088,60.81101075303673,0.001899488673756669,11.733873247389965
965,0.05784867906168226,4.546217727193781,0.015577092216572502,4.479860688330812,0.050779946646396276,151.02435258005787,148.74272601529412,2.2816265647638376,0.0058582574343567,0.007424224063948771,0.08229803212570948,9.140969334725722e-08,8.774542732095096e-08,3.6642660263062867e-09,1.003156339738411e-05,1.001858494241489e-05,1.2978454923897225e-08,0.4472874603930976,-5.635347769340098,2.993675555354378e-07,3.0703820276697935e-07,0.02289328323587298,59.77882421415332,0.0018541591537176731,-311.8062178066739
966,0.058637916956620434,4.570271870357519,0.015233840562597892,4.494401173546301,0.0606368562486205,109.46620358400658,106.97052952573999,2.4956740582665264,0.007210700489026676,0.007639317410152937,0.08851650811430868,1.89021906305641e-07,1.853769943182982e-07,3.6449119873427716e-09,2.216677474600625e-05,2.2153675109921044e-05,1.3099636014825333e-08,0.4042312543500107,7.6979548218376825,3.514267208361571e-07,4.037878394966821e-07,0.023155029829169553,61.85061823261742,0.0018672899189457472,343.9719133641238
967,0.0586578281091927,4.560150935122408,0.015572923384941392,4.476399082922154,0.06817892881531239,129.28237998373206,127.31068824289918,1.9716917408329941,0.008071277247073943,0.007072424359220498,0.08230971835382715,2.1295963062220973e-07,2.074072874883888e-07,5.552343133820954e-09,2.393104593791398e-05,2.3918045345412e-05,1.3000592412086941e-08,0.8418027222103439,18.701739375639477,4.085424401164489e-07,3.530653685244805e-07,0.022230465172746648,61.07819319980551,0.00186532140789862,94.47866890813702
968,0.060119824246151116,4.7160485634640406,0.016449101294999668,4.642604206348128,0.05699525582091177,146.95249680252937,144.60002788322134,2.3524689193080683,0.006876164593017845,0.007507471084178879,0.08418196938496232,2.797154832048532e-07,2.766113031951035e-07,3.104180009749761e-09,3.2612853902857256e-05,3.260002776102437e-05,1.2826141738639784e-08,0.52141483338146,26.936432411676204,3.545795427186279e-07,4.0062244851582087e-07,0.023363475741172278,64.13794093931777,0.0018827723781027845,187.84818974367272
969,0.057366051203341005,4.3826204776558315,0.015417004219355136,4.3092387416663325,0.05796473177014379,145.03759476079077,143.2021619600895,1.8354328007013863,0.005856922387336812,0.007519792302545706,0.08249851887180273,8.53506305940965e-08,8.224971819458564e-08,3.100912399510848e-09,9.677821887549159e-06,9.664638591037428e-06,1.318329641282501e-08,0.33783007711110774,32.59659389197022,4.226456936169948e-07,4.0419870272963967e-07,0.02311986159799171,57.89190980324389,0.0018698781467136182,95.19626835447662
970,0.05881986950072252,4.431239119225322,0.015730239001957868,4.361658799644199,0.053850080579165314,153.00401059122106,151.33826703382107,1.6657435573999597,0.007240413518447447,0.007115245934124692,0.07992778878192076,-1.8047413618443771e-07,-1.8497487535275158e-07,4.500739168313894e-09,-2.2933310343909905e-05,-2.2946075078865183e-05,1.276473489152538e-08,0.36564505312486517,-9.178349676691012,3.2225802703775985e-07,3.6156410468056967e-07,0.022141743083366246,55.893967905644956,0.001862280391578271,85.82171918428503
971,0.05902794784927236,4.731906852207486,0.01655391460522499,4.659441011781183,0.055911925821077624,112.39651060790935,110.45327601787936,1.9432345900300205,0.005516798741576772,0.007402672131375977,0.08573904015125326,1.943021811641117e-07,1.895035979597894e-07,4.798583204322279e-09,2.2046406898697213e-05,2.203329741206886e-05,1.3109486560266634e-08,0.5107235381587035,10.593613054149019,4.430946196658563e-07,3.567492151963571e-07,0.024448966345013333,63.20230803553474,0.0018820761608806076,-7.671927841683555
972,0.057957709403377765,4.524692751528757,0.015548228758536179,4.440660372022506,0.06848415074771572,109.54017068945618,107.02328407397655,2.5168866154796405,0.005986657979753541,0.007175333615749468,0.08008766388033607,3.4827653545888896e-08,2.8984838522573426e-08,5.842815023315474e-09,2.5772641143974316e-06,2.5643164707071632e-06,1.2947643580145174e-08,0.26403933778183086,28.12037212593492,2.465692353854925e-07,4.231596827778641e-07,0.02252970326339373,61.5786612726115,0.0018801016649178666,370.26275335464743
973,0.05569446270489534,4.649527841635285,0.01779241440604434,4.562620446178075,0.06911498105116609,119.3115875303079,117.37786033097942,1.9337271993283693,0.007728754356264608,0.006279927822740486,0.07140729146246967,2.82132289240631e-07,2.7834805533286895e-07,3.784233907762051e-09,3.2085050181755854e-05,3.207233454788303e-05,1.2715633807165725e-08,0.6729677117390597,23.53106005011802,4.7580788309081513e-07,3.3615973382337526e-07,0.020463949144841592,59.798969993319155,0.001864186254466218,-213.81444613243139
974,0.05701884682665341,4.566480018924596,0.016342640948851846,4.48447840378919,0.0656589741865546,117.70600259244546,115.69756021224975,2.008442380195627,0.009386184804221152,0.006946085315299504,0.07948199374747537,-8.022355853974211e-08,-8.40088143041398e-08,3.785255764397669e-09,-1.12268752528091e-05,-1.1240013012744554e-05,1.3137759830405921e-08,0.987678122586845,-4.431416261337971,3.288735848895512e-07,3.954859787197402e-07,0.022005354722846305,62.66213360923527,0.001878647754419367,610.3761722890185
975,0.06004531190582712,4.541225468391442,0.015064104097199488,4.4588770895994045,0.06728427469483732,120.3408782204761,118.27418467952508,2.0666935409509706,0.00693077272309959,0.008439520519454811,0.09864551705352034,-1.0765043912047374e-07,-1.1241419084501415e-07,4.763751724540443e-09,-1.3660590454639781e-05,-1.3674219779191074e-05,1.3629324469305002e-08,0.3161509922046536,16.05002055638905,3.52121591173928e-07,4.190943510393115e-07,0.0254437790160464,58.68250538076021,0.0018624667418371344,-110.27522713725648
976,0.06009769835261326,4.712394024590542,0.017198741877414485,4.636126991059496,0.0590682916536303,130.25828747317092,128.22143283299206,2.03685464017856,0.005612409620232918,0.007123252723622691,0.08013284459003023,-8.624519805777622e-08,-9.270074090906836e-08,6.455542851292118e-09,-1.2344347247123309e-05,-1.2357301421743158e-05,1.2954174532300416e-08,0.3872676922345212,23.037179016715704,3.2536040636073935e-07,3.856256225395103e-07,0.022939472846172506,62.485547179977495,0.0018772229173948266,23.82307992775759
977,0.06099701900719372,4.8334248177232935,0.016121607392723135,4.765598015849547,0.05170519448102261,146.43594764447602,143.8998048511533,2.5361427933229876,0.008212440881779373,0.007630810111110217,0.08551963375865482,-1.1734941504904305e-07,-1.2003306562794414e-07,2.6836505789011216e-09,-1.437493805764229e-05,-1.4389107295227843e-05,1.4169237514274144e-08,0.8461124193152811,24.92100065914271,3.4539739547802567e-07,3.6206652408644406e-07,0.026245094388035593,65.59612186850346,0.0018881333346290772,-45.96673241393
978,0.06127379141972809,4.562884460397193,0.01656296819677789,4.487574698541206,0.058746793659209505,153.4477887067718,151.49794319695906,1.949845509812727,0.006975382717483482,0.007738390176738514,0.09373616079524635,1.3895439538667802e-07,1.323419002557372e-07,6.612495130940797e-09,1.5375574796313984e-05,1.5362735022960177e-05,1.2839773272294727e-08,1.4773195530163645,6.352205899906711,3.6394738553891456e-07,3.710598882202496e-07,0.023875211414409934,61.17817566271087,0.0018714028195849434,-411.06853449488244
979,0.05885459245199348,4.599482549895293,0.015361498455025109,4.528210067594881,0.05591098384538644,113.15158645065524,111.31080408040253,1.8407823702527515,0.0067014930225760775,0.008022111010877242,0.08938976709873848,6.869170467869407e-08,6.576185203956129e-08,2.929852639132768e-09,7.507592251392168e-06,7.494061233684942e-06,1.3531017627395714e-08,0.33063418344572515,-4.905054602427103,3.324023188413364e-07,3.2347039752857946e-07,0.02435406694706409,61.53498211020724,0.0018775054231971212,189.1508715936202
980,0.05958291483570064,4.9748618541458764,0.016496393852781892,4.892590775549817,0.0657746847432784,136.4298652278518,134.36223327952732,2.067631948324508,0.0073450826447029475,0.007009225883648404,0.07875020438394309,-3.3491906003048007e-07,-3.3914802369093096e-07,4.2289636604510666e-09,-4.122513169333411e-05,-4.1238760250346726e-05,1.3628556922337935e-08,0.5376921668333299,20.006926759899105,4.800617751995371e-07,3.771071894371125e-07,0.022207970418437053,63.050418133519116,0.0018959075371209483,-486.6027079826381
981,0.059291155119508526,4.503360402830925,0.01620248630038295,4.430331476320563,0.05682644020997885,166.68137407265812,164.20372202928868,2.477652043369164,0.005979652785533621,0.007365233721378577,0.08600268786680587,9.707391216136053e-09,5.414645435999443e-09,4.292745780136613e-09,-2.427985515060596e-07,-2.5584840422754125e-07,1.3049852639646762e-08,0.45771708393442745,35.35823076423721,2.7498403810299193e-07,4.210476606958268e-07,0.022936649081835004,60.312270275427274,0.0018823638638651632,499.42103204852447
982,0.062218352815103004,4.506186510390458,0.016304428488876983,4.438380096396407,0.05150198550517503,106.23094724567027,104.30428930105481,1.9266579446153527,0.007097832888633299,0.00802406848454715,0.08977583867524107,-1.6150543690522674e-07,-1.6416562041345273e-07,2.660183508225953e-09,-2.0615284548214796e-05,-2.0629646156717906e-05,1.436160841312528e-08,0.28459954422809186,-5.1584287552012436,3.4768762670550224e-07,3.7839031048293065e-07,0.025132681677053004,58.96186893232502,0.0018791445932413594,56.04789261959286
983,0.06417016765532228,4.570448224720098,0.014890977377408568,4.496834358368252,0.058722888974438406,90.91624343606483,88.97819900584267,1.93804443022213,0.007340485960856013,0.00838484397814935,0.09642513698359054,-1.8235500133124033e-07,-1.8547248611419788e-07,3.117484782957518e-09,-2.1988794573231128e-05,-2.2002190529927424e-05,1.3395956589054748e-08,0.5000993245640551,51.101058091144495,2.828935536682944e-07,3.792797376549008e-07,0.025334990383175566,60.39946640156657,0.0018831587124502613,376.4144077169699
984,0.06296513371588285,4.967545231110112,0.017924053961051657,4.8815384590817725,0.06808271806728788,115.46299820443264,113.30714848341773,2.1558497210149445,0.005819778225449934,0.008298549166410561,0.09141223511607732,-2.320476329053152e-08,-2.7341087828324568e-08,4.136324537793028e-09,-4.278549130142882e-06,-4.291969868737741e-06,1.3420738474335025e-08,0.48272589402493127,34.534788416742686,3.15467417336899e-07,4.186896835347839e-07,0.025292977540425917,65.64066880539751,0.0018847570159137238,-311.36292972644696
985,0.057184236895365566,4.588711639682662,0.015709443634954964,4.517729657557184,0.05527253849052344,119.41274076240308,117.34821146531803,2.0645292970850373,0.007753019655685317,0.007237336916880546,0.08140960941882035,-1.8233580193911022e-08,-2.2662785361060632e-08,4.429205167149618e-09,-3.0087559931738186e-06,-3.0217808293255544e-06,1.3024836061073122e-08,0.5102262141448567,1.8901665823124658,4.0920102827645896e-07,3.503943919949239e-07,0.02241380733425923,62.271212263443836,0.0018653346136630249,318.0655202586986
986,0.05773789051455259,4.356422190913678,0.015786313639264513,4.283779684925317,0.0568561923490959,132.90558362542853,130.99732424528577,1.9082593801430703,0.007009776014448321,0.007512827219077572,0.08535733999867547,1.4728130859790498e-07,1.4480630197836015e-07,2.4750066195448562e-09,1.65525598082129e-05,1.6539634807645532e-05,1.2925000509206724e-08,0.3557818583290582,28.542419307755228,3.085916718700829e-07,3.8631184102846934e-07,0.022729352524077723,58.47025970119651,0.001857981683668403,225.40657115106387
987,0.05904287522453237,4.890790299038046,0.016970241481718232,4.817624626881542,0.0561954306747852,159.24458948965687,157.26164157031172,1.9829479193448327,0.00862122115897092,0.006928902585717777,0.08062429007821535,1.0608644041026326e-07,1.03058498384493e-07,3.027942025770295e-09,1.0192130406020638e-05,1.0179057533616089e-05,1.3072872327117462e-08,0.3964598057769184,27.381167125741428,1.2088891391823326e-06,4.195693936859076e-07,0.022027217004050255,65.49624528301958,0.001863201821600999,3.4714841054310455
988,0.06015325568178109,4.882555729738186,0.0165034292662148,4.797305949593763,0.06874635087820832,133.42879047688692,131.37974334070702,2.0490471361799365,0.006400709043651074,0.007574523242275217,0.0885366424902157,4.7151239184208527e-08,4.149847663183982e-08,5.65276255236869e-09,3.934781624264788e-06,3.919942578214472e-06,1.4839045960817695e-08,0.5017925757204551,25.019344789146803,3.1612769406254625e-07,4.08220144530132e-07,0.023704655199058077,66.28505039170271,0.0018863268439704526,-21.924090078955942
989,0.06025236133947568,4.922884670186103,0.018718864163435937,4.832918071394085,0.07124773462858305,133.43384372864315,131.3562897539027,2.077553974740581,0.0061531260827747325,0.006840242469145318,0.07556947372423717,-2.0080306908424003e-07,-2.0408904464064095e-07,3.285975556400958e-09,-2.4251428537105902e-05,-2.426530488067036e-05,1.3876343449603133e-08,1.068342124603904,19.988051020817736,4.191983213577167e-07,4.195405772847891e-07,0.02159848236282728,62.266546091156876,0.0018694215484545745,89.64924248551097
990,0.059413036652938886,4.789325075830594,0.015466782757579014,4.708647895330722,0.06521039774229241,118.41040765238772,116.47643650433206,1.9339711480556512,0.006801527616458719,0.007328855740291266,0.08271850222740258,-1.194711869263608e-08,-1.571940872407066e-08,3.772290031434601e-09,-5.802069290187229e-06,-5.815389519241091e-06,1.3320228987524697e-08,0.3424912066808391,23.533317942863263,3.697970582269554e-07,3.9789564652719274e-07,0.023070927218742286,65.14095125313743,0.0018766367202800998,196.58955261102074
991,0.05949521357078833,4.5033671002267885,0.015266818142583214,4.425139404935924,0.06296087714828123,120.82046481856725,118.9195778505452,1.9008869680220024,0.006675563289595594,0.006773422598465506,0.07777957336626888,-3.1159745989717624e-07,-3.1622426848794877e-07,4.626808590772613e-09,-3.76656038755712e-05,-3.7678672015475406e-05,1.3068139808032274e-08,0.7731241629047455,33.37173707565353,5.112873941096262e-07,4.3343942612893327e-07,0.021545974245291238,61.06537602360247,0.001883123021830601,132.0111248682515
992,0.057241780986087704,4.562669406916517,0.01629739251141249,4.493104009076616,0.05326800532848889,151.40678246551093,149.45755020218994,1.9492322633210883,0.0072882631715989335,0.007861796582039565,0.0895433292534929,5.857896958051482e-08,5.46888261654827e-08,3.890143415032112e-09,5.264706272576999e-06,5.251878070062599e-06,1.2828202456365608e-08,0.5407466766336984,14.21015616709435,3.908131289114043e-07,4.0499009675608385e-07,0.024638786441086576,62.01753183518377,0.0018696893566739906,402.27195478045314
993,0.06627772103245491,5.296169084139933,0.017482500069470462,5.210672467499705,0.06801411657075665,116.1919516152023,113.88196662610355,2.3099849890987842,0.006640021566075943,0.008954624100466128,0.10304957095981056,-1.983038070431527e-07,-2.01178251906054e-07,2.8744448629013596e-09,-2.4768232611413987e-05,-2.4781922227825782e-05,1.3689616322511233e-08,0.5631849191313499,15.899579006121746,3.0872575244516646e-07,4.3865395160271234e-07,0.027418791866672905,68.24528002558955,0.00188856585872495,-52.33366773833404
994,0.06121721458493485,4.697703990776305,0.017126177361174475,4.6209151284843974,0.05966268493073285,149.36077047507058,146.61836754091254,2.742402934158137,0.005929683922798386,0.008272064773156788,0.09020163303943766,2.2516360479799933e-07,2.195532450990117e-07,5.61035969898762e-09,2.5160212271587534e-05,2.514700043500532e-05,1.3211836484209915e-08,0.47745842492928986,5.223101750254642,3.4632087986786557e-07,3.4640222396731596e-07,0.025222155777919707,60.73721431402983,0.0018688544210913867,442.85190747175284
995,0.059428426494597154,4.597272232491967,0.01572043872158794,4.527198261914648,0.05435353185573123,140.37093581096084,138.1840193388551,2.186916472105711,0.006791903782679321,0.007894135053245183,0.09042588363335498,-7.283375639898251e-08,-7.663649930323142e-08,3.802742904248925e-09,-9.807507917004118e-06,-9.82152738697802e-06,1.4019469893462721e-08,0.44096997211053646,75.10860868328002,4.5262050975214554e-07,3.7636907242587805e-07,0.02415181513030521,59.25201120600144,0.001894420580768761,208.6355327953902
996,0.058114944518066244,4.613003694886219,0.015256411583502438,4.529541887749649,0.06820539555306702,114.02499963892879,112.12266139949487,1.9023382394339121,0.005798882741971592,0.006840718039795353,0.08187269586595955,-2.727878745017181e-07,-2.7716460394060224e-07,4.376729438884248e-09,-3.4216170510269084e-05,-3.422837585204847e-05,1.2205341704405642e-08,0.5092132062313144,6.0735724534680955,3.343252377667211e-07,4.869443338315628e-07,0.02141645974822977,60.3565186696468,0.001857051916731836,-164.18351846487167
997,0.06067492467407986,4.98449528870844,0.016320937019804232,4.886569891912073,0.08160445977656372,120.48022794123536,118.65108470891653,1.8291432323189372,0.007853032260463882,0.007622883216165446,0.08907502433787885,2.0988529879552005e-07,2.0543369653744433e-07,4.4516022580757425e-09,2.3742502801392634e-05,2.372940018445096e-05,1.3102616845386815e-08,0.42007262189047634,39.325561485004634,3.731975024772926e-07,3.992352985492815e-07,0.02281042246061357,65.17854450196758,0.0018725558165079421,176.3308329203055
998,0.055057418233068055,4.451374284405484,0.01587105120576654,4.376446524893358,0.05905670830636018,145.79504783140416,144.06316305680403,1.7318847746002015,0.006486628140769008,0.0066952757085820495,0.07378332283952342,-5.612606749644913e-08,-6.001777523770511e-08,3.891707741255958e-09,-7.512119523762279e-06,-7.52520301690949e-06,1.308349308850571e-08,0.5066487054138169,82.00198866163699,3.322383428471568e-07,3.7343488811194067e-07,0.021632241737015542,58.63197497107927,0.001863765861821167,428.43185283997536
999,0.057739588881353415,4.619094733512486,0.016393236832604713,4.5418886689181805,0.060812827761701244,116.47551563949865,114.16636861657952,2.3091470229191398,0.00600566851026335,0.007242536813122913,0.0864177049124591,-2.1280281258241512e-08,-2.5869918293407825e-08,4.5896370351663076e-09,-4.574773989544211e-06,-4.587571525024173e-06,1.2797535411628494e-08,0.5971773527699513,2.649224993805051,4.262739856828957e-07,3.918346365870952e-07,0.022581543587176536,60.05659360949405,0.0018686260827722554,-387.5142394644681
1000,0.05884252909662766,4.6693892403239685,0.016695626527338955,4.602156046140514,0.05053756765611538,135.9872127773435,134.02093993340597,1.9662728439375625,0.006744597493007075,0.007362868575246407,0.0838806762322992,8.469891401275776e-08,7.995732955088982e-08,4.7415844618679534e-09,9.113135278031174e-06,9.100118635091875e-06,1.3016642873485277e-08,0.4318558909815178,50.86801579195985,3.2040350022390255e-07,3.6151556247982835e-07,0.022738289575833855,62.180436236684486,0.0018584326703990196,-652.5346507386275
