iteration,Acidification,Climate change,Climate change (biogenic),Climate change (fossil),Climate change (land use),Ecotoxicity freshwater,Ecotoxicity freshwater (inorganics),Ecotoxicity freshwater (organics),Eutrophication freshwater,Eutrophication marine,Eutrophication terrestrial,Human toxicity cancer,Human toxicity cancer (inorganics),Human toxicity cancer (organics),Human toxicity non-cancer,Human toxicity non-cancer (inorganics),Human toxicity non-cancer (organics),Ionising radiation (human health),Land use,Ozone depletion,Particulate matter,Photochemical ozone formation (human health),Resource use fossils,Resource use minerals and metals,Water use
1,0.7089872373192899,96.5112420187733,0.28076247871372784,95.96107756350693,0.2694019765526437,1438.4577089524496,1422.2824132688079,16.17529568364116,0.09285592489725451,0.11807102794465045,1.1606544719781329,-7.835266045545709e-07,-7.990376326540815e-07,1.5511028099510524e-08,-9.667856264802521e-05,-9.673977231369147e-05,6.120966418992284e-08,15.526721333466025,648.9420866535728,7.825971578523047e-06,3.879006838406362e-06,0.3018826564620644,1298.6732969799195,0.01893754594298953,-701.3054510653346
2,0.7125029097915386,79.23937191035488,0.22345562847334596,78.82318327825907,0.19273300362246584,1400.5783329591945,1382.1654289103433,18.412904048850752,0.0888120196132733,0.13331802534240517,1.3742542293363649,1.072229275483835e-06,1.056262924641303e-06,1.5966350842532193e-08,0.00012149741580124515,0.00012143734721686417,6.006858251427084e-08,8.753108747623653,335.8359120377256,5.905812781888474e-06,2.75431544101215e-06,0.36709394620758795,1126.8026464016411,0.02087672943347042,2214.0255090982973
3,0.7174020377753878,111.47785990715357,0.33618307143668624,110.83369060562222,0.3079862300946819,1486.981378286762,1467.3651623576154,19.616215929146172,0.10630864325131785,0.1369621959576961,1.3084440385750424,1.5065889557281103e-06,1.4870611784235609e-06,1.952777730454971e-08,0.00016953108960866115,0.00016946952053329545,6.156907334249045e-08,10.273551338179615,381.84884347095203,7.60096450378776e-06,3.055913234726388e-06,0.34501098804951524,1574.1646291596294,0.019912063393237422,1370.128921392854
4,0.5834650250769458,86.58098984572742,0.32752249148965795,86.09053445406626,0.16293290017150416,1636.1183912173858,1615.5585176362986,20.559873581086865,0.07028438781291929,0.09785112313243521,0.943147241964076,-1.7838271362359573e-06,-1.7951312496406175e-06,1.1304113404660257e-08,-0.00021198558014603425,-0.00021203880790861683,5.3227760959022464e-08,14.081066741253903,277.45471626950336,5.979892275819834e-06,3.2602724281211845e-06,0.2611303396760356,1231.5163797423982,0.01983469379453099,1611.0481201961775
5,0.6342821802996027,91.19793465223607,0.2777440977666068,90.68148762939832,0.23870292507116844,1660.3256385819975,1638.2382205383756,22.087418043621884,0.0968738032209255,0.11384791386142214,1.0900514751773431,1.7933893668913665e-06,1.7753476097548e-06,1.8041757136566803e-08,0.00020827275776493634,0.00020821818953515808,5.456822841467412e-08,10.062742704324789,695.0237566004892,8.810521218516332e-06,2.908162062829613e-06,0.3059157338129958,1265.007062509975,0.01989611028260911,-2374.2988970964507
6,0.7186651831109179,129.90438235986161,0.48215401845088646,129.05405890741184,0.36816943399887836,1705.414881561293,1683.23910669617,22.17577486512401,0.22865542714043352,0.13548355589691166,1.2262747199568862,1.040531146784655e-06,1.0229131254663984e-06,1.7618021318256522e-08,0.00011695840459025194,0.00011688989666409498,6.850792410169848e-08,10.248776252102637,259.8336409776807,9.588570635022653e-06,3.830115228711517e-06,0.3285266299492702,1784.1017232990846,0.01991171884920673,1937.2592807495275
7,0.6911097759185172,99.85285542490098,0.29484573976284045,99.29186380838031,0.2661458767578162,1844.1218527721107,1819.417516809495,24.704335962617105,0.1520801163995844,0.11085825789054612,1.0288311600062656,-1.2572904862277911e-06,-1.2743751201910178e-06,1.7084633963227216e-08,-0.0001577601562800315,-0.00015781966973127913,5.951345010350982e-08,15.751885754450974,415.29028771789973,8.63346588192599e-06,3.479721635711816e-06,0.2899670094890443,1320.9996554702618,0.01761510654076582,458.3482145419075
8,0.5924831506294924,75.25162676461245,0.1867234207327563,74.8125715406372,0.25233180324250953,1295.956595152281,1278.1202848041924,17.836310348088755,0.16613569161119723,0.10412405640584725,1.0231010226335786,-1.4793553233528746e-07,-1.628409607038635e-07,1.490542836857608e-08,-2.5581804920397843e-05,-2.5636228338102966e-05,5.442341615571529e-08,7.112598739294273,180.60997067339682,5.203251769338748e-06,2.289764950310187e-06,0.2899448377214223,1038.6749149492775,0.018906261722344005,682.2717328781328
9,0.6040599735430053,83.780205664073,0.23614000184052714,83.35613706233487,0.18792859989761818,1306.9550851703605,1291.270928726566,15.684156443794908,0.15523150952024567,0.10542207388057595,0.99679887353932,1.7645018848587206e-06,1.7483270501216364e-06,1.617483473708416e-08,0.00020039738048211784,0.00020034330288060213,5.407760044772036e-08,9.066714923172063,358.72841098894804,6.633774346170054e-06,3.1411795385188845e-06,0.28319645318944325,1167.6554505691292,0.017647147259785726,2602.799754887641
10,0.6650904004241174,83.48339012939434,0.27657842235334923,82.8268400547839,0.3799716522571026,1612.8708637921864,1591.320263311756,21.550600480429363,0.20596885745872776,0.113002411094936,1.1320588665796212,-7.898906330873377e-07,-8.046486990174107e-07,1.4758065930072643e-08,-9.753861480424011e-05,-9.759199378073763e-05,5.337897547349673e-08,28.802812453595607,492.0059791668277,6.689762955536236e-06,4.05835532090578e-06,0.2983289838570583,1140.6132849049648,0.018398799965681088,-1636.9294077381564
11,0.6529657711321954,82.55551430645893,0.22512246736706282,82.00707046100642,0.32332137808545064,1338.597955822363,1312.983855004366,25.614100817999066,0.14695535582226002,0.11094612537860514,1.1020374001218147,-1.7528923406245092e-07,-1.885573829580981e-07,1.326814889564722e-08,-2.822083906925479e-05,-2.8273496268316292e-05,5.265719783235338e-08,17.53161241982926,438.4269912098147,6.083118963411397e-06,3.14459537238967e-06,0.30353529371304583,1173.4386848952313,0.019952672606634435,839.8995901868584
12,0.702399916236675,120.85430005052753,0.39243145301296567,120.10459365769402,0.3572749398205468,2279.0690138704745,2256.6009470600106,22.4680668104653,0.2299135249984176,0.13584045996530392,1.2371699579578512,2.0121752573712915e-08,-1.253422365929953e-09,2.1375174939642947e-08,-4.5492942043898464e-06,-4.614635177343345e-06,6.534097124861443e-08,8.683747230492497,508.18629017313265,7.507313347972369e-06,2.9227676995255975e-06,0.3423863802432142,1657.345491612106,0.019801095074654402,-76.03357962486189
13,0.6213490501316465,88.64397202549313,0.3027485879812038,88.06790225628285,0.2733211812290885,1292.052070530787,1273.9645306011519,18.087539929638133,0.1070035982707183,0.10959552610405403,1.1020905990916796,1.2816982677651362e-06,1.2650291944411138e-06,1.6669073324022007e-08,0.00014279085458909397,0.00014273594038391067,5.4914203860492076e-08,20.352372747840697,174.40013934544382,6.7212943288056225e-06,3.7564608739150457e-06,0.28679043066518833,1201.0666109525284,0.018733539173058426,-173.4000468866725
14,0.5390959315127642,77.44736147772552,0.20690851546936764,76.89398076351036,0.3464721987457933,1406.3285335064634,1383.6674865097498,22.66104699671527,0.07162735285310276,0.08362120624959976,0.8271740820461868,-3.124912782091565e-07,-3.282244043775721e-07,1.5733126168415528e-08,-3.838717374388376e-05,-3.843949023828472e-05,5.2316492982565585e-08,6.937058781099066,183.8970837662075,6.421520130501211e-06,3.93601927302563e-06,0.2274261748470252,1082.2189244314454,0.0174296852498895,1040.0146158860189
15,0.7079349544619388,112.37233488173341,0.36339754071693764,111.58524398002123,0.42369336099525656,1568.7379735592872,1548.1865803284054,20.55139323088291,0.18675372191322542,0.13836542185625356,1.2892802302074058,1.8840200712967895e-06,1.8673459470549813e-06,1.6674124241808373e-08,0.00021954346630013714,0.0002194871204805759,5.634581806649745e-08,7.324329015986155,405.1589614084955,8.00023627259689e-06,3.1236602404751737e-06,0.35099605286192204,1541.3342373287892,0.01820604425916665,3634.7009046303865
16,0.7654400656904526,132.6589624054336,0.38270111142108915,131.99537231943052,0.2808889745820016,1586.1602847975635,1564.0853348208611,22.074949976700143,0.14294722251264447,0.1450070968944546,1.4374526482589078,3.704356947828863e-06,3.6810300825631643e-06,2.3326865265698815e-08,0.00043228724489029923,0.00043221614769375216,7.109719508954951e-08,9.46989069674214,555.1184170408773,9.233952539302507e-06,3.587996694387299e-06,0.36937738801798703,1815.4558209134007,0.018761262320536758,-1321.2151115224297
17,0.5689655815681263,74.97131444305703,0.2049965655291557,74.6173334350015,0.14898444252635912,1396.2134892084512,1375.9957656947017,20.217723513751256,0.1012485932809618,0.09922707651855854,0.9766651799774957,1.9018504433253003e-06,1.8868442878637154e-06,1.5006155461584724e-08,0.00021972380543332115,0.00021967059544364655,5.320998877850875e-08,13.415008627585724,252.91198952037502,5.627284306516537e-06,2.936269433690288e-06,0.2716786660690935,1038.2047548557139,0.018812905089352683,30.234423043955758
18,0.6857537718630569,105.86804380560139,0.29959279250843374,105.48601103245899,0.08243998063395448,1527.8868557289031,1510.082244251555,17.80461147734788,0.11115171164807897,0.11974762871746687,1.1065735691786929,1.1452075194350729e-06,1.1263507835057354e-06,1.8856735929337534e-08,0.0001290098453962154,0.00012895262178049726,5.722361445730428e-08,18.714385273184398,-34.79586024862387,8.575564083994824e-06,3.4469904327595266e-06,0.2991001945985961,1504.1365747961847,0.017898427618152548,1164.7156492892318
19,0.6009900554501454,90.30806712398692,0.22635908827330303,89.82747056289074,0.2542374728228712,1484.20623159677,1462.8304726286233,21.37575896814671,0.14623155663219972,0.106444384422484,1.010731980325758,-8.328841002464888e-07,-8.499712474518949e-07,1.7087147205406e-08,-0.00010868724068445427,-0.00010874282713415152,5.558644856597795e-08,8.26353631484482,207.41567375777436,6.378811293026809e-06,3.424874473000039e-06,0.28135317242551544,1283.4188026833617,0.01929270716329403,228.4997177851983
20,0.67928054368593,81.76446055273537,0.20844933364949125,81.3244230226066,0.23158819647928697,1654.569301067714,1633.9437095248709,20.625591542844344,0.07548360996256614,0.11874285939399865,1.2029168311886722,1.631263604006305e-06,1.614508586663601e-06,1.6755017342704047e-08,0.00018916920258687725,0.00018911656536530034,5.263722086874255e-08,6.419190273445114,344.399818415964,7.2092522906385655e-06,2.5287652305528924e-06,0.31885543532426597,1131.3218746138514,0.018595610643610587,348.9835408048457
21,0.5192974175175853,63.26784966907971,0.17438783275997177,62.862646027356874,0.23081580896285886,1210.6335923948636,1192.1271210416126,18.506471353252362,0.1061039974842861,0.0867414768173666,0.890488908660023,-3.245407115473126e-07,-3.390204600216723e-07,1.4479748474359635e-08,-3.987001960366931e-05,-3.991815386056517e-05,4.813425589194326e-08,3.924732050128082,364.61872426238347,6.61614488064225e-06,2.895416913508793e-06,0.2381828181631664,872.4325452542907,0.017661294396560424,72.0227100923039
22,0.6443953008638158,85.25273029721872,0.2769545803989215,84.61065079467447,0.3651249221453489,1751.332811921472,1730.0166249407866,21.31618698068608,0.141217918207827,0.11807386997445367,1.1473644733999506,1.7983049470753335e-06,1.7825517274577578e-06,1.5753219617575337e-08,0.00020812716312959155,0.0002080707318687104,5.643125937126023e-08,5.386596518072536,513.7311951397274,5.338405768446084e-06,2.6227175536674378e-06,0.30786697807842717,1199.1931718905541,0.019666538209138145,1573.4993884220166
23,0.6780417304591655,112.5868280448375,0.3870413100278252,111.86802137203563,0.3317653627740542,1410.6596820319803,1387.2894491034356,23.370232928542308,0.23755039924116936,0.112314191816565,1.0301589621194236,-1.2969829179438738e-06,-1.3148869957440435e-06,1.790407780016958e-08,-0.00015576630495883078,-0.00015582500601757842,5.87010577480263e-08,8.477121193088614,621.7027935388786,7.530944349917121e-06,3.1748903909535558e-06,0.28249006510411917,1567.0070966705089,0.01859157071454491,-11.323939062003774
24,0.6051364896525325,81.62849905951839,0.24269156561322736,81.20567964920969,0.18012784469547832,1500.6629250044432,1484.3118970466944,16.35102795774861,0.12125091963886298,0.09329901059985284,0.905094249143022,7.86803456898358e-07,7.711047898814886e-07,1.569866701686927e-08,8.554124306806044e-05,8.548730088159781e-05,5.394218439869877e-08,52.357641896287994,538.4193007283393,5.488078340927593e-06,2.8771208234001805e-06,0.2506401948311444,1132.8027719759073,0.01906224449073362,1223.3528518601197
25,0.7872294814144278,144.527289932023,0.5633851884328461,143.48015882330176,0.4837459202883809,1638.7844236013761,1617.6947750801612,21.089648521217235,0.18869295525878244,0.14809997393672994,1.3182895339222263,-4.0625653620043904e-07,-4.23052974758283e-07,1.6796438557843992e-08,-5.86852093384651e-05,-5.875796161240539e-05,7.27522724019573e-08,7.120328438822668,843.1966356933821,1.1798894341477924e-05,3.526695091433775e-06,0.3530463411346359,2034.6530343341133,0.019567856157367277,-2972.73712238967
26,0.5984115673340148,79.0983558367766,0.1899913131578285,78.48454610621494,0.4238184174038439,1408.7819611383745,1392.2335571534907,16.548403984884093,0.07514795534494224,0.0970090869894403,0.9658436040031788,2.007999651965375e-06,1.9946285354151793e-06,1.3371116550196316e-08,0.00023552484019595307,0.0002354703800393586,5.446015518395228e-08,11.699099149412419,536.3900495576646,5.937210503711804e-06,2.487189805535217e-06,0.2677087823357097,1067.19930635738,0.01784252965478408,1282.3289986217314
27,0.6332035164893423,91.01435214967985,0.2955666400567365,90.47575013360233,0.24303537602075903,1898.6234215584727,1875.1362954587073,23.48712609976461,0.1153850692233078,0.10059042056641247,0.9667016956165481,-5.253603019101476e-07,-5.393280434039271e-07,1.396774149377962e-08,-7.332774936174763e-05,-7.337842043493031e-05,5.0671072347994e-08,10.248165521579427,297.09503465418436,9.016038428938298e-06,2.9216000902437903e-06,0.26240994430887576,1291.2555828132085,0.020125474850469824,1483.1309332488345
28,0.5452011772839404,73.0062127363749,0.19447093839349344,72.51967678164071,0.2920650163407073,1407.7799087740989,1391.3038633521437,16.476045421954375,0.10199862799307484,0.08731130174009367,0.8697772119761518,6.180999251198823e-07,6.02686747100348e-07,1.5413178019534268e-08,6.837479352640194e-05,6.832005472119619e-05,5.473880399453666e-08,4.797066001244331,441.1513970754541,6.067192337389022e-06,2.7796745893338355e-06,0.2434315339784597,1008.43537345788,0.01781523862575868,388.5911155342801
29,0.5861838751200322,74.65407118200041,0.22758426979975313,74.12869998984769,0.29778692235296356,1557.3745887097396,1533.5210177724432,23.853570937296826,0.09067971098878409,0.10517112172732429,1.0347332384815675,-3.517611255732704e-07,-3.6570290785166903e-07,1.394178227839856e-08,-4.468878875757908e-05,-4.474056809089671e-05,5.17793317690863e-08,10.113932258324445,557.5044454825645,5.53495595956024e-06,2.3105920093699997e-06,0.2815946742050201,985.5804775365382,0.020504443278428913,-375.06777630538636
30,0.7354604681715962,102.28881387747899,0.2940855741126362,101.76217785563266,0.23255044773369438,1662.8767485410308,1639.6692923864343,23.207456154594663,0.18581529840477873,0.12313094555728203,1.1273894496107157,6.279028800339817e-07,6.111005332361861e-07,1.6802346797795274e-08,7.222067583418887e-05,7.216160395554157e-05,5.907187716509816e-08,4.727443447846511,121.39543363147443,6.456197342570953e-06,3.0266070621929e-06,0.31631663473488963,1447.8811425794463,0.018127978677559498,-1808.6037339146606
31,0.6766498192526378,104.84665750111118,0.2685462897402121,104.05623887900263,0.5218723323683354,1451.3275087518866,1432.9939130246714,18.33359572721824,0.17179034810925886,0.11692112805926735,1.0981287238093942,-5.044251260712165e-07,-5.190212663927512e-07,1.459614032153487e-08,-6.651279849030864e-05,-6.657316757531971e-05,6.03690837670467e-08,10.739457086598303,426.0633252295914,7.659043509084475e-06,3.0344332122332897e-06,0.2913119750189584,1472.5262067811805,0.018364942056968134,195.57565140624502
32,0.6802093523318997,109.29042785132592,0.30995742575033836,108.70562455144113,0.27484587413441974,1739.4648116797705,1717.1724459114419,22.292365768329407,0.1532424623934253,0.1270502639606872,1.1710781322891048,-4.038533092510594e-06,-4.064256740925387e-06,2.572364841479271e-08,-0.0004866090257237463,-0.0004866705668767141,6.154115132587353e-08,12.128589926768582,673.3033025089339,7.500390019225516e-06,2.7317009376432723e-06,0.3177240791511424,1536.05654738539,0.019856645272542117,-986.5783531943889
33,0.5938772927075398,69.16136801117825,0.15293690674653662,68.87914902278283,0.12928208164891083,1488.367264001864,1468.8506930760498,19.516570925814115,0.0826973157384597,0.09541909282175108,1.0141587622551644,-1.504136951456632e-06,-1.5232230221801975e-06,1.9086070723565136e-08,-0.0001856530266344234,-0.00018570218419296553,4.915755720157021e-08,15.22659143921397,-75.7394285813691,5.364338961128149e-06,3.185313727946923e-06,0.26382690390609037,957.7487643650431,0.018791485254972883,-402.29076153489586
34,0.5989918748095863,80.86054625610986,0.25055899279062027,80.49501107221839,0.11497619110083629,1175.5142916479367,1152.3496377970132,23.164653850925493,0.14191705889265016,0.10479812749076618,1.0029523950432362,6.69623276245329e-08,5.560152193727549e-08,1.1360805687257408e-08,3.5338507900155864e-06,3.476357004942885e-06,5.749378339351322e-08,18.0037463382441,389.0939935388961,6.005384718993133e-06,2.5861601281593444e-06,0.27535926630132046,1129.2263853181817,0.017325199195295314,1139.3827410525155
35,0.5912553030913431,75.19626606655619,0.21617900280467903,74.73697071667127,0.2431163470802317,1295.8082792350062,1279.2398351005534,16.568444134451834,0.10521411909283301,0.1024882664569177,1.0275407958571738,-1.5527771205833463e-06,-1.5665820729926362e-06,1.3804952409289797e-08,-0.00019003394153532883,-0.00019008778219010446,5.384065352251458e-08,4.145197802705463,306.94666038958025,5.538397330701688e-06,3.138642717948439e-06,0.2761043255024414,1020.6430264314702,0.018353679841943405,-1047.8369668974592
36,0.6009770519338516,76.83006875519152,0.2529395849433526,76.30033389658401,0.2767952736641585,1387.0486606187355,1367.7729954791862,19.2756651395462,0.18452603384817665,0.09922366162005257,0.9649885582505788,8.564092812780708e-07,8.418837472432851e-07,1.4525534034786089e-08,9.630681366356524e-05,9.625400066521299e-05,5.281299710010467e-08,11.935816932299506,-37.21699618877781,8.684950336184364e-06,3.1279101375436126e-06,0.27924810701443475,1074.4480167251659,0.01936553637216285,-1083.8974319452864
37,0.6058742954723989,78.6537777725978,0.2753206985899691,78.18361122954461,0.19484584446323966,1240.8733937368734,1225.7036574526358,15.169736284237423,0.09607632976576803,0.10110415518198723,1.0298370684577134,7.227143038523207e-07,7.067585896106137e-07,1.59557142417072e-08,7.82202862349484e-05,7.816611870798017e-05,5.416752571140664e-08,5.1694391332875504,132.05400412737222,6.581042591294278e-06,2.7167410351339604e-06,0.28277716017371207,1066.2302689025191,0.01810227328074475,96.46833095053444
38,0.5189371300486514,63.62002804310684,0.17705142751393307,63.282542988599815,0.16043362699309915,1302.278953382774,1287.0837439311758,15.195209451598048,0.10708876844339,0.07832773886342179,0.8038982268721666,1.4574359007549268e-06,1.4442232320526633e-06,1.321266870226381e-08,0.0001637011334096546,0.00016364915703179382,5.197637713793236e-08,8.466573992377905,305.97968483116915,4.603347553464e-06,3.3199536467403802e-06,0.21907159421392106,891.3612679509394,0.017878792398496733,833.2456701812134
39,0.7422751756183904,128.06687030542136,0.5504972948409175,127.03434367552741,0.4820293350530445,1771.6343926689694,1746.1913667810293,25.4430258879409,0.17896307838407163,0.14725476463432868,1.2914320063088949,-1.0091152844496804e-06,-1.028677194710878e-06,1.9561910261198085e-08,-0.00012339158770479332,-0.00012345749834780188,6.591064195844569e-08,10.883871046653066,194.60844338499425,9.084180009403525e-06,3.4529122734010713e-06,0.3585911371850135,1752.899306048922,0.02086630216893454,2411.5445495233253
40,0.6715553096589146,105.86056463480021,0.29681916506002326,105.32742599057529,0.23631947916489693,1763.6003195978483,1741.3537702975484,22.246549300300135,0.16964522103183027,0.12058089426298114,1.1806287952690309,-1.2631017057344483e-06,-1.2798331727815036e-06,1.6731467047055535e-08,-0.00014977431067473136,-0.00014984054162630028,6.623095028658708e-08,15.245819599642818,415.20353879455104,7.909346965485666e-06,3.5214023013363966e-06,0.30220877649059913,1458.1239860565372,0.020523188653045046,-485.74665238309535
41,0.6289763608399005,99.47706060852683,0.2947730325192406,98.71577340796188,0.4665141680457083,1564.2752353053288,1536.091141518918,28.18409378641442,0.12023992270375078,0.12077942390081556,1.1269615020723702,2.4898272204934966e-06,2.47249917132366e-06,1.732804916983558e-08,0.0002920078107538899,0.0002919502601815019,5.755057138536862e-08,8.766611610806002,345.27287268646955,8.578010207496644e-06,3.7190044802009036e-06,0.3163010811024257,1382.4733745422993,0.01863453753667764,-2379.269667872806
42,0.596730890530945,73.03726468783101,0.22638293491476613,72.56089872867348,0.2499830242427843,1344.0370019750214,1325.4374254916124,18.59957648340853,0.15939063688415847,0.09215841862925285,0.9131708550570116,-4.704306609317328e-07,-4.851753151991918e-07,1.4744654267458956e-08,-6.149258551095102e-05,-6.154173089983535e-05,4.914538791083465e-08,10.085244789673077,403.5154229116394,5.419296831754471e-06,2.4749465683388773e-06,0.2611409683350461,992.9193835778483,0.01821470095273408,491.6452351307271
43,0.6195948061960046,81.72703042886684,0.21468612932898032,81.26310105180174,0.24924324773610915,1570.3503343157133,1545.775766499422,24.574567816290624,0.17963568539971755,0.11242004990112761,1.1280041791666788,9.51127950659281e-08,7.847840471940247e-08,1.663439034652565e-08,7.846248470224258e-06,7.792728210814663e-06,5.352025813631313e-08,9.625098959731272,295.01997773956276,6.063557727394738e-06,2.3181717545001767e-06,0.2992872490383772,1176.4723084371592,0.01816587491898567,14.807721759036212
44,0.7363287783530529,127.14680774331417,0.4497481255845716,126.52989867843222,0.167160939297389,2008.609130344851,1971.5062617368496,37.10286860800224,0.205376982284607,0.13817025034842004,1.3323199263364256,1.1401720857900782e-06,1.1201201541005885e-06,2.00519316894895e-08,0.00012048253403126188,0.00012041548839061435,6.704563900952927e-08,10.562494247947997,688.3902358375036,9.040311281020684e-06,3.3364400301282443e-06,0.35443075512533256,1807.2361252671926,0.021780541980811585,-1054.4686115037948
45,0.7487374497293724,129.60018606572717,0.4014846531585061,128.8101273726169,0.3885740399517702,1725.947351567556,1705.2100734672542,20.7372781003019,0.15232053589911793,0.13613926089025236,1.234941130305243,8.429962490350529e-07,8.213560832080009e-07,2.1640165827051837e-08,9.663317974172188e-05,9.657077527358064e-05,6.24044660663178e-08,5.84250911701725,295.6770934509496,1.040202335364873e-05,3.6641866843470167e-06,0.3233257376802457,1836.101775075454,0.019865571627899817,330.79470505795325
46,0.6557199508665463,100.23529681412943,0.24282404824787082,99.74239936858841,0.2500733972931512,1343.0791877298382,1316.550434062961,26.528753666877915,0.16493130407956436,0.12624537794785617,1.1824904422483136,1.7132373782398143e-07,1.5749167669003767e-07,1.383206113394377e-08,1.6437405353382583e-05,1.637440756784317e-05,6.299778442868842e-08,14.541264794220607,386.7391291357285,8.34519340728387e-06,5.733284786571703e-06,0.3264018502481913,1427.3221664772218,0.01918758190861353,-592.9448905751378
47,0.5759846028326038,69.41400064473702,0.20905105817604733,68.92478810711687,0.28016147944410985,1422.0731012203873,1404.2010744019312,17.872026818458984,0.0999673331560821,0.09735196429025937,0.9696969040267418,-3.578496305903423e-07,-3.760224366518513e-07,1.8172806061508963e-08,-4.9208911455641146e-05,-4.925545437095296e-05,4.6542913887975453e-08,5.921604089695112,543.0021291071091,5.461853700277673e-06,2.832091050116272e-06,0.2713469508728311,977.6930790685511,0.01885324722440114,-291.6336129920237
48,0.6016566489403607,90.13494121291396,0.2841955392380754,89.6753108179318,0.17543485574410808,1929.9674875742098,1911.6527907002715,18.314696873940136,0.08772062502617431,0.10684776572981744,1.0466271658507311,-2.5455719988030873e-06,-2.560191213223515e-06,1.4619214420429709e-08,-0.0003050091098635966,-0.0003050669282496203,5.781838475120226e-08,19.863508442047575,572.5434664474238,7.25128609303223e-06,3.001409106276023e-06,0.2795296168365952,1315.7353561149794,0.019099383880384426,-921.491371603297
49,0.5883903062179374,74.80242185388961,0.21501896446671387,74.44531822903994,0.14208466038295414,1441.5397328656716,1427.2456561881463,14.294076677524355,0.08591125854865916,0.09412529137254355,1.0084853726452048,-2.4386941135950594e-07,-2.575460834826363e-07,1.3676672123130374e-08,-3.170763840925751e-05,-3.175528591211324e-05,4.764750119227782e-08,7.198030676920167,469.2599260913978,6.578021277560557e-06,3.922679853679226e-06,0.2617564399911873,1016.1959595357729,0.019518094318090977,292.1576714868679
50,0.6595113733458385,88.82313228078294,0.29354940590570505,88.19674893658227,0.33283393829496744,1764.5220330702973,1743.2563056339593,21.265727436338214,0.18802592356734205,0.14016083029999687,1.344291251542435,-4.7328156628079897e-07,-4.876277575524152e-07,1.434619127161624e-08,-5.9983852222631215e-05,-6.0040182467868656e-05,5.6330243524986716e-08,17.801822967030333,506.581568638601,6.306249220267917e-06,2.9421405648698134e-06,0.356940608211384,1278.3555682600472,0.018790996236219052,-16.49517928852947
51,0.5864249441544412,82.46192229442002,0.22962611082946713,82.07168915764844,0.16060702594210835,1574.99491377833,1557.139905219571,17.855008558760424,0.09039827616773508,0.09372174048494464,0.9524194445075481,1.7300612387510992e-06,1.7174552122749816e-06,1.2606026476117589e-08,0.0001995539558495308,0.00019950530343308226,4.8652414888978393e-08,13.624045458310206,529.102504262683,1.1606491648936173e-05,2.7121942830162056e-06,0.26663952921513423,1166.7549043925835,0.01961073859935015,-2671.519979703331
52,0.5939722174094738,70.55797903149785,0.19039224153492215,70.15922874769815,0.20835804226477012,1269.3188117384725,1253.4291598051188,15.889651933353269,0.10208593934161252,0.09757541341708922,0.9890508027015478,5.583263741494419e-09,-1.3345900477831965e-08,1.8929164219326396e-08,-5.4517534762478455e-06,-5.502639418162948e-06,5.088594025390637e-08,9.150150841243182,390.72648359112634,5.81111550945941e-06,2.9058539606026168e-06,0.27052574766039844,966.1495373103779,0.018571474309201058,92.12606696301737
53,0.5808867431417734,67.77962310404673,0.19904927131203679,67.41750312712718,0.16307070560753226,1182.8132636690627,1165.8772630988944,16.936000570167113,0.1293875229517881,0.09531259425555517,0.9310969768905796,-3.051512816299954e-07,-3.181796316266528e-07,1.3028349996657411e-08,-4.2094428465562476e-05,-4.2144295471118975e-05,4.986700444694979e-08,8.565098896468008,271.1102968376503,5.725831721347333e-06,3.2008761734737015e-06,0.26006549692847564,951.39519808876,0.017181711549277782,-372.15569739976127
54,0.5866313757797574,79.11703731984075,0.24091215376331385,78.73510296533823,0.14102220073920527,1339.5423198833184,1318.3523992427113,21.189920640606932,0.08761445561354984,0.10169084224549559,0.9613731943982027,2.063130613076459e-06,2.0480702929583756e-06,1.5060320118082243e-08,0.00023865761278693212,0.00023860180566629807,5.580711905608316e-08,6.270859674802492,680.5094375470035,6.4166477710565575e-06,3.428209142301765e-06,0.2690898016643995,1095.9386901837595,0.01986110454757361,-1172.104703671237
55,0.5654851912291176,79.32607298405577,0.20564004017455986,78.8622095768657,0.2582233670155055,1212.1442981873513,1193.3241270168082,18.820171170541002,0.13578001818732716,0.09908764139316895,0.9756510634990785,4.763964658976723e-07,4.5845154628372727e-07,1.7944919613945193e-08,5.020868833068528e-05,5.015602784598075e-05,5.266048327076911e-08,14.117023967347063,507.31940794095686,6.360891195980552e-06,2.877780923287865e-06,0.2620769423557395,1132.7828925001531,0.01804557866070574,-1478.2323552117487
56,0.6542893476352649,89.02889100059478,0.241815042640525,88.52531373494075,0.2617622230134864,1423.2037742202494,1399.2057755772773,23.997998642972366,0.1577682106978631,0.11067649862234467,1.0772179492904916,1.7621751954644962e-07,1.5880517508527808e-07,1.7412344461171493e-08,1.2776935291412006e-05,1.2714666330054583e-05,6.226896037318507e-08,9.142193921178503,1015.9919225090769,6.993627835281877e-06,2.742829339897001e-06,0.2911935306481334,1244.130266486851,0.01879964157681952,-2236.1803120203986
57,0.6019379764054243,90.52271446075292,0.24092851688041741,89.87964357764413,0.40214236622836724,1490.1591465736467,1471.9413757762488,18.217770797398522,0.1181648518845723,0.10367138227212735,0.9351886085077462,7.983350796800843e-07,7.837491655020751e-07,1.4585914178009216e-08,8.372697614778271e-05,8.367147703788937e-05,5.5499108926846805e-08,8.795775589982142,344.6173518907938,6.38524148194854e-06,3.260786813769309e-06,0.26480912327450645,1270.8040993088455,0.01736597728281973,-1242.0631634158199
58,0.7476041893437466,147.90321559010854,0.3683636272943239,147.21638574088888,0.31846622192532353,1701.5587610645775,1676.2559151923126,25.302845872261788,0.19925577831204205,0.16057961353499117,1.3556099529931922,-2.0832254539154878e-07,-2.2911442505641144e-07,2.079187966486267e-08,-2.913554134929257e-05,-2.9202200403545625e-05,6.665905289024845e-08,24.065425706780324,564.0702124821883,9.758370950966955e-06,4.757896048912929e-06,0.36068056832077944,2141.475937068388,0.019171016541582774,-2481.5997618523834
59,0.6337656942498915,84.81302964781617,0.2400192602849879,84.28763620224777,0.28537418528342134,1607.7881777763155,1586.7244762819612,21.063701494354607,0.07173676200961822,0.10811442813792031,1.0540643893993578,2.5969160139136755e-07,2.449640183477778e-07,1.4727583043589681e-08,2.602941153593904e-05,2.59698577921925e-05,5.955374272142287e-08,16.635665165055503,341.2271336865741,7.922745974303191e-06,3.1429556063503116e-06,0.2834907831731882,1198.1611780685362,0.02068915626244949,944.7441994018518
60,0.6584145037259856,97.55385216125889,0.2836850364652018,96.9411843853087,0.32898273948498774,1465.928132591091,1447.1733059513797,18.7548266397125,0.10002951299103023,0.11298990857024864,1.0464901868394725,-8.533566864398053e-08,-1.0215588629167102e-07,1.6820217647690424e-08,-1.796086662719644e-05,-1.8016297322133153e-05,5.543069334155196e-08,5.988452462063462,8.772530760326344,7.6286375129210745e-06,3.214461907621988e-06,0.29345751627537153,1334.4878916995938,0.018699186826320744,689.6309624966634
61,0.5696045034305239,68.48908706285343,0.1883901264163905,68.09667539055465,0.20402154588239393,1238.2866264151205,1222.8998551487152,15.386771266405335,0.07593428343013614,0.08794920411308599,0.9188510990379417,4.176396632135807e-08,2.5609252345986392e-08,1.6154713975371732e-08,7.134586740349574e-07,6.649915646838543e-07,4.84671079633471e-08,6.0168059800668665,178.5106787834278,5.0349438300652315e-06,3.5772945230622647e-06,0.2483337242430463,954.5808394291923,0.019459531661534277,2278.0569596242385
62,0.6000069784430399,65.7214176880186,0.18463153792921266,65.26435480014023,0.27243134994917273,1500.3323515913232,1481.3147685143747,19.017583076949727,0.06514220418211926,0.09409363282001157,0.9970472950706767,3.1393445396613765e-07,3.014517086227677e-07,1.2482745343370052e-08,3.271287465037449e-05,3.266391781015924e-05,4.8956839074495646e-08,3.7121008439430514,582.6786959347846,4.825416343633103e-06,2.9867047190613455e-06,0.2634733653208819,907.0893745735541,0.018853324698339568,728.9298537417963
63,0.5971527387677179,71.7945869089499,0.20237324232210582,71.36345393845104,0.2287597281767547,1361.2831218487831,1343.8033034084453,17.479818440335052,0.11998139476172544,0.08966485729034887,0.8983120580374628,1.6062991275649215e-06,1.5931685870696057e-06,1.3130540495315732e-08,0.0001877103290570558,0.00018765978095182395,5.054810374465672e-08,6.950333532260965,325.19400720159433,4.800659284282088e-06,2.6398040010061123e-06,0.24732923960091152,985.7309116126127,0.01782097949648413,886.7960172358726
64,0.7029118442840749,93.11753045278623,0.31140906558387665,92.52562587779886,0.280495509403493,1548.4667272196211,1532.9102824279762,15.55644479164489,0.10154516378882855,0.11506397897475017,1.1394104362168418,2.8564522923307022e-06,2.8391666086829706e-06,1.728568364773221e-08,0.0003326773654588424,0.0003326233445607888,5.402089689489594e-08,6.540385085147943,326.60493555803185,6.53319193962684e-06,3.5454794564889042e-06,0.30252909067525974,1311.709816398549,0.01795154160097905,-2634.4121485058276
65,0.6028939779329501,95.6704583338594,0.29155322976833814,95.1393914518619,0.23951365222917162,1739.3143480820868,1716.2478979483183,23.066450133770577,0.13398897208959404,0.10382965894098155,1.0251978213484232,1.464018404930633e-06,1.4473834813554307e-06,1.6634923575201974e-08,0.00016516245288263417,0.00016510279206359508,5.966081775362017e-08,30.82930480764582,383.9491595540764,7.1011993451952415e-06,3.0922194874958305e-06,0.2749153612177919,1324.697927417859,0.0180220969018632,1628.2761053286413
66,0.6719904400784006,86.93258943408048,0.2866033526956399,86.4350468091684,0.21093927221645567,1788.7525978606914,1770.9169382212856,17.835659639406618,0.12334290023379509,0.11745307728220356,1.2203352313689098,8.784771013992834e-07,8.609289734779314e-07,1.7548127921352144e-08,9.950221361448889e-05,9.944142809638042e-05,6.0785516042869e-08,4.22449228303992,393.0615645242088,6.547119466202414e-06,3.8035874046018334e-06,0.31883844662051747,1186.8873893517216,0.019691392279509223,506.00017205307813
67,0.7298193867473777,117.76165367602488,0.32132504756174934,117.09016297560188,0.3501656528612383,1406.7631193263628,1385.3217298078264,21.441389518537743,0.30688775581704714,0.1262434986748966,1.180896870576236,-1.4890734692056042e-07,-1.6683650639958227e-07,1.792915947902174e-08,-2.49598627081631e-05,-2.502356099100472e-05,6.369828123718619e-08,20.08381213288454,528.6196872341516,1.0261170397338513e-05,4.077439913464348e-06,0.3124727225880871,1639.0780054562638,0.01844332121972479,-858.2689154359359
68,0.7854735968349004,143.0375735739252,0.5752505475892744,142.09102392275747,0.3712991035784371,1577.6707300612375,1552.7575986797358,24.91313138150093,0.12685314473916004,0.15510867095910108,1.4183101236587534,-6.364518761071301e-07,-6.538863065489069e-07,1.743443044177696e-08,-8.308203946744396e-05,-8.315377862582414e-05,7.173915700283604e-08,16.45915892940892,691.36239603504,1.043397143006872e-05,3.850170354592778e-06,0.38478795278445593,2009.6805132898373,0.018479241934135224,1652.1568156761532
69,0.6723144364738887,94.22592098149437,0.31306364532335845,93.69303487601313,0.21982246015787713,1375.3701739465232,1357.3572395456774,18.0129344008467,0.1545203657298788,0.11129106422136774,1.1164537721261922,9.641887245745128e-07,9.470827204952294e-07,1.710600407928366e-08,0.00010870664909993137,0.000108649227790547,5.742130821415723e-08,10.956722564322611,78.41225188176328,6.689900752944351e-06,4.376193117937004e-06,0.303077493308123,1312.1814290298555,0.01847608198339444,-540.9824493047709
70,0.6114483403069706,84.36050153882731,0.23242510799755833,84.02343879763022,0.10463763319955181,1659.6931983876318,1630.2837331925177,29.409465195116162,0.08349998783141444,0.09888846698247872,0.9675554060325342,-6.23178569436968e-08,-8.034816008946694e-08,1.8030303145770175e-08,-1.5922162824255707e-05,-1.5976293817103576e-05,5.413099220253164e-08,9.324899024540317,269.50463139536305,7.202747310593439e-06,3.445566355863123e-06,0.26315210952638907,1203.9819381583372,0.019733791714762368,1885.9583910263136
71,0.6050758195874534,89.1992433066123,0.3354218480333402,88.63497491486552,0.22884654371343113,1845.4191274607113,1821.9700026688345,23.449124791876155,0.09042484183322533,0.10981547974281067,1.0908053494356587,7.362356179936737e-07,7.212321362200389e-07,1.500348177363475e-08,8.293813038340722e-05,8.288383900163748e-05,5.429138083829525e-08,17.659428021258172,2.881013372258595,6.728556814964884e-06,4.274344380343955e-06,0.29628989638064085,1209.8319210167147,0.018521957604630317,1102.6144229909878
72,0.6063368765032418,73.87917364095115,0.19660951247593147,73.42608946638995,0.25647466208529834,1537.2734135977962,1516.6846875334404,20.588726064356518,0.09177347915740718,0.09525121486831618,0.9670711136334121,-2.877371557733065e-08,-4.427505590865287e-08,1.550134033132222e-08,-1.0303394105749348e-05,-1.0354241054879722e-05,5.0846948169407306e-08,12.466231130289312,401.2589850416901,5.858035010016936e-06,2.3827302528166026e-06,0.2628428206419634,1041.248524249141,0.017859308706910416,-285.0064497742824
73,0.5804490736398539,70.98089851118422,0.1951935990619615,70.55246176705063,0.23324314507162588,1326.419207850326,1305.7174013053145,20.701806545012637,0.09760900435824837,0.08776441125988996,0.8685498801420567,-9.871243563375012e-07,-9.99695071436969e-07,1.2570715099467837e-08,-0.00011846248603883057,-0.00011851262407149012,5.0138031113586935e-08,5.258804664979058,1128.5219625432926,4.8569458561333394e-06,2.525678755940797e-06,0.2454379541096946,993.8672901467967,0.0176235392188845,-1023.2695562147237
74,0.6932357867590626,115.07069933492201,0.3975711119734635,114.16182357767097,0.5113046452775782,1735.4088878722735,1711.4516705509234,23.957217321351663,0.16747197822592208,0.1198018840480116,1.1427761862075176,-3.069340941070516e-06,-3.090576471719831e-06,2.123553064931415e-08,-0.000368687351681208,-0.0003687585186824311,7.116699975022276e-08,19.52031084780332,435.0738067098973,1.0895847659079731e-05,3.296727971482401e-06,0.2993595604955479,1626.2891685556976,0.019322577207302686,-172.887434179087
75,0.7253486333806584,133.0200216753394,0.4877733811083027,132.17048480196354,0.3617634922675376,1847.505663973689,1814.764822949987,32.740841023703204,0.21750414046758126,0.12850664882227938,1.1710889564072553,-1.5842833208122043e-06,-1.601966705500209e-06,1.7683384688004894e-08,-0.00019059656387199016,-0.00019066564730156211,6.908342872394379e-08,13.705639397934725,161.3125670836507,1.0558364404396106e-05,2.957076974856497e-06,0.31365874369188096,1906.5483270552443,0.020013739014317366,2189.0393583570985
76,0.6321598399906783,89.41351423089591,0.26027287689559175,88.95229150026829,0.20094985373201538,1514.7912828591504,1495.507823030455,19.283459828695175,0.08912072714863717,0.10509060864980058,1.041677524691879,-3.0911406570402617e-07,-3.2284670264614835e-07,1.3732636942122382e-08,-3.422888662026801e-05,-3.428718856972386e-05,5.830194846871213e-08,7.817208148818858,528.2319279103855,7.355652419113041e-06,3.629458222294439e-06,0.2693688783821001,1262.4233307065438,0.019197076065960203,2745.1519881958557
77,0.6434227364618447,87.49870980815585,0.2597618248421823,87.03158271344921,0.20736526986445966,2068.584360584823,2051.433444217465,17.1509163673596,0.1027744807806369,0.11465952768481966,1.097263640676272,2.2693189197890943e-06,2.25340061787818e-06,1.591830191091383e-08,0.00026211610010308203,0.00026205822671060425,5.7873391062624e-08,7.58625447072043,387.63437336605284,7.5706571998002366e-06,2.961607336202555e-06,0.29419190414953467,1224.1825688333388,0.019652868721758077,1395.2022198366612
78,0.7049868872218834,103.70201335102391,0.3019038604016516,103.15626491422505,0.24384457639719687,1379.7274760598602,1359.023297871771,20.704178188090214,0.18218697648320933,0.13312120340032327,1.2901469663823026,4.88722553825056e-07,4.7236386789406474e-07,1.6358685930991243e-08,4.660240846601105e-05,4.653991449396184e-05,6.249397065426058e-08,30.871039626662863,472.0928698389967,6.871566346186512e-06,3.168489275630919e-06,0.35647932847558655,1463.2099807489606,0.019161320931792784,-262.96534638995945
79,0.7116693959127818,116.71266540340714,0.33364443216636563,116.05123953216562,0.3277814390751692,1838.2222064972264,1812.3808658994205,25.84134059780718,0.16021372227992983,0.12406905003949706,1.1394198209311086,-2.682907799582416e-06,-2.7068104813850322e-06,2.3902681802616806e-08,-0.00032374076787084995,-0.0003238048593222299,6.409145047281126e-08,17.629100722047745,761.370539777108,9.2695734264169e-06,4.402875273952403e-06,0.3105139406883168,1668.798419716506,0.017956137484742188,7.9169092127049225
80,0.6350903600990216,89.44765370322001,0.23691111676823776,88.99686747695273,0.21387510949902933,1379.771853713221,1363.0656267446816,16.706226968538438,0.0690197500021957,0.10629625633555567,1.0473495651133538,-6.413290112093979e-07,-6.57691175699959e-07,1.6362164490561127e-08,-8.088534610598963e-05,-8.094302819960441e-05,5.7682092572074673e-08,18.33674888255273,393.5401230737234,6.742744404148628e-06,3.7071563661227704e-06,0.2890785069788682,1242.1782496385435,0.018432579967670792,1325.1870091652308
81,0.7063585838738091,130.08540615706633,0.432332459499973,129.22645354179338,0.42662015577296025,1832.9358683342973,1812.0871001294308,20.848768204866392,0.15935517658389445,0.14633691008227517,1.3614348223771249,-3.874109559563011e-06,-3.89019985416789e-06,1.6090294604876493e-08,-0.00046298954364758986,-0.00046305497087160963,6.542722283086364e-08,57.12895640632149,387.177664902057,9.316390278404643e-06,3.4607730411436893e-06,0.3550199880793482,1872.7369713307814,0.018947595733653868,1425.3030735403408
82,0.6168032363594368,83.60748695002705,0.21400935796377563,83.182043311426,0.21143428063728062,1855.8949372567774,1835.8435328603748,20.051404396400326,0.09709431736039134,0.09980477122486235,0.9825577383122113,2.6871183373426566e-07,2.5455594042153687e-07,1.4155893312728771e-08,3.0275194538481838e-05,3.0217312095061832e-05,5.788244204793497e-08,10.790106324135277,248.6295084925643,6.706467558665646e-06,3.149887568056103e-06,0.2712915153894947,1156.476271349392,0.019178941188784337,-2236.1149688621517
83,0.6008137965830378,92.56856980590003,0.24393899038517414,91.97490836849266,0.34972244702219313,1612.599192141754,1591.1919836173079,21.407208524445643,0.08346008172293054,0.10208015722277544,0.9809311641122993,7.015992055389406e-07,6.773042295053023e-07,2.4294976033638616e-08,7.484713309854053e-05,7.479374162843229e-05,5.339146823202698e-08,7.914524954024223,512.0680395485961,7.547273884459516e-06,3.290550067811365e-06,0.28050170877138725,1304.1598168032017,0.017995304236699847,556.2825856808449
84,0.5935330802136226,77.98052236124884,0.22861920532550922,77.48381849369541,0.26808466222794197,1597.4115335620331,1579.8130514270088,17.598482135026043,0.0912539726996614,0.0898461696947144,0.9324777260558234,-9.54455429092758e-07,-9.734400615363167e-07,1.898463244355912e-08,-0.00012063604521540504,-0.00012068752086310134,5.147564573974022e-08,80.11924075079101,1015.6520323536643,6.891240723435929e-06,3.541134331227913e-06,0.25767719464190864,1060.643803281902,0.01915185496129482,1623.5479206851014
85,0.6303029954235115,82.53206400014929,0.2629715602098739,82.02867878706768,0.24041365287175998,1299.9767125190372,1280.6277872337112,19.348925285324142,0.2143315246196357,0.1094708046863437,1.080920581168997,2.6709354891666562e-08,1.113646830100586e-08,1.5572886590660698e-08,-1.6411782867499016e-06,-1.6926907660111868e-06,5.1512477889208585e-08,10.991097795408468,669.1647904719773,6.698148250483906e-06,2.8988038249659818e-06,0.2937504917699136,1138.203981576534,0.018447294088202636,-729.7342983790804
86,0.6661488352644432,99.92561945461485,0.2998354123566308,99.35376864138489,0.27201540087333764,1732.3189814851385,1714.718657812244,17.6003236728932,0.16590442897047175,0.11548915189834189,1.1179246590539578,-6.733085018181081e-07,-6.862856644655451e-07,1.2977162647436864e-08,-8.748633159866826e-05,-8.754569204667309e-05,5.9360447057156516e-08,8.632213476878952,581.2012732041962,7.196222291972759e-06,2.871041729584258e-06,0.3014993733943627,1398.930754573667,0.020987003605045976,1931.2587235844803
87,0.5941389782238027,80.53475818511345,0.24043609199694624,80.0547498576717,0.23957223544479841,1248.7858497818113,1230.0193582510578,18.76649153075351,0.09221845781598743,0.09896820894045429,0.9068037281089123,-2.643941015875857e-06,-2.660351643822556e-06,1.641062794669944e-08,-0.00031840180145440816,-0.00031845288521567354,5.1083759950204097e-08,5.7344013623510195,668.466752682598,6.315258740075368e-06,3.1791104986297164e-06,0.2658891281527722,1142.5602583791751,0.018295938918837892,-1549.5749621806317
88,0.5654742550072639,85.86159463133835,0.21404041948062474,85.53772149428914,0.10983271756858447,1391.3379858658234,1372.6573849092144,18.680600956607716,0.08355008029243004,0.09868676299522797,0.9269130102449151,-6.973824386223223e-07,-7.129828789380938e-07,1.5600440315771545e-08,-8.595152155294412e-05,-8.600307157622441e-05,5.1550021938513755e-08,7.839853131514639,152.44244994694537,6.690083874899783e-06,2.5661660135987654e-06,0.2523248196100707,1194.141321373941,0.0187618054600968,1217.2692518447402
89,0.553987368565216,64.84212009194094,0.19611092340871958,64.55062477544108,0.0953843930911434,1327.5769027300755,1311.2920494203743,16.284853309701358,0.08588146009508271,0.0959292698429602,0.9773038214789752,7.363785751794559e-07,7.230705638263075e-07,1.3308011353148638e-08,8.42328517995096e-05,8.418519042600527e-05,4.766137259719823e-08,16.770039732331682,319.35549637716247,6.444633276761131e-06,2.678061745234128e-06,0.2624490424838084,938.1603199314904,0.019345183024744063,1293.6753422603233
90,0.5649118574736934,67.61507814611545,0.1883041046091885,67.13763482606527,0.2891392154410021,1354.5268694927433,1339.4347369728519,15.092132519893708,0.05706396280991553,0.08728907223926376,0.8625743600035919,-2.8275417459820973e-07,-3.0053111579574656e-07,1.777694119753685e-08,-3.849197237783754e-05,-3.8541833894527265e-05,4.986151515085157e-08,6.402590977180822,392.045857107727,5.7392320933276775e-06,2.400931315580657e-06,0.246369729792054,971.105123443652,0.018188036217671157,976.7777444535022
91,0.6064497053507468,81.43157433174329,0.2270795492527298,80.93724433833239,0.26725044415817545,1850.4874198032558,1833.223562216802,17.26385758645089,0.10418995007974166,0.09616789664117369,1.0033572951788337,-9.290379336933008e-07,-9.429971274537684e-07,1.39591937604675e-08,-0.00011235045173052833,-0.00011240145064412648,5.099891235349489e-08,15.502978580545792,237.6797201751025,7.375862810808703e-06,2.709827558013169e-06,0.25542848925205874,1119.5858979067748,0.01947025020504183,-3323.6904090178796
92,0.5996547199049328,85.6737019474937,0.23046784661987613,85.17593695666386,0.2672971442099704,1768.953316910923,1750.9482331789254,18.0050837319971,0.12783120743972523,0.10229760537261265,0.987095325562845,1.0185321942294707e-06,1.0056715226280504e-06,1.2860671601420821e-08,0.00011474061441428193,0.00011468572654808835,5.488786450648869e-08,6.978094328697847,537.4121229789791,5.388598973202958e-06,2.701928997308274e-06,0.27366197808366416,1169.007396199028,0.018497653751513802,-697.8842773193101
93,0.6617300082644834,92.6084560090154,0.2885924645238009,91.97434557365767,0.3455179708339371,1739.7584802495794,1718.7861412173222,20.97233903225786,0.0915816477500722,0.11382785012480046,1.1488917184106924,-7.836361484574374e-07,-8.025378339370761e-07,1.890168547963888e-08,-0.00010388785170699157,-0.0001039500454515563,6.219374346909664e-08,23.98885951628688,-248.80431219309264,6.574867051484945e-06,2.871309682059786e-06,0.28932673915231644,1316.7392953979052,0.020021326956713378,-1308.3588360053582
94,0.6805000333269027,114.2581980094561,0.36969480192792126,113.48652429724898,0.4019789102792101,1444.664837475738,1423.4326345188863,21.232202956852383,0.1583693465708695,0.13249280080453213,1.2100475718736317,-4.406942734842857e-07,-4.614252426966447e-07,2.0730969212358918e-08,-6.22337418218338e-05,-6.229503463611128e-05,6.129281305661665e-08,12.525310112070823,466.50618947140833,8.084044126344682e-06,3.6612070169191292e-06,0.3202069015781092,1607.148347147855,0.018038709776330753,2081.942504913208
95,0.671624880374898,119.18240242389868,0.33231069083400766,118.55500922642905,0.2950825066356138,1766.4051373048458,1747.1846668408273,19.2204704640169,0.08686462392892846,0.12436341951254284,1.1245188839211868,-8.265013675000423e-07,-8.430938499892768e-07,1.6592482489234384e-08,-0.00010428777078229476,-0.00010435488186232809,6.711107844054462e-08,12.467578528403351,572.0469662134703,7.931728576790176e-06,3.583793542027725e-06,0.309690273260428,1719.246567681318,0.019704027637438667,-51.583815268804756
96,0.5923560304794085,91.81136197765835,0.2807124603841664,91.30234249869804,0.2283070185761232,1702.63102465901,1681.5588058546748,21.0722188043378,0.23046046866692463,0.11460380874475652,1.104782922741405,1.2441066520647799e-06,1.2314767710909825e-06,1.2629880973797262e-08,0.0001430553852360669,0.0001429923111216209,6.307411293272232e-08,16.972169080989783,586.1349217421705,7.078730871792315e-06,2.8295359963678934e-06,0.302264735340531,1280.0403462469922,0.017470721523106518,-36.863658777041564
97,0.6354886814666282,83.63055971742965,0.2457133714865144,83.18150768892647,0.2033386570166536,1619.3750882894408,1604.4432029588734,14.931885330566683,0.08647899706591579,0.1058035739166884,1.0199987088395952,-1.6062819578300115e-06,-1.6210969315925004e-06,1.4814973762489092e-08,-0.00019485744664380597,-0.00019491365727694414,5.6210631331729e-08,4.928345667453873,573.1809368777292,7.095625161038017e-06,2.8576637474127944e-06,0.2807411908862823,1197.4993509036055,0.01954897261516327,854.3389381295128
98,0.6098577111882207,74.26052926028085,0.2060508187455218,73.86054212254392,0.19393631899143549,1396.6495927919298,1381.2233393129668,15.426253478961247,0.1533410376635591,0.09381617448723466,0.9416216442416939,-2.9748220981611985e-07,-3.07998184718093e-07,1.0515974901973042e-08,-4.2528670730409646e-05,-4.258141986257998e-05,5.274913139041097e-08,27.676588449251028,215.67555005395386,5.173436786334141e-06,3.2260929041359755e-06,0.2508122830697774,1023.9536894890855,0.018647629355944825,200.01507594660507
99,0.7192884610878789,106.64265217769159,0.3835122504480193,105.8684145899878,0.3907253372557592,1636.1332901854396,1613.1340101691337,22.999280016309218,0.0988864629227085,0.12840959136640068,1.225062459263434,-2.670688172076741e-08,-4.496141837511578e-08,1.8254536654348378e-08,-1.4014014753635376e-05,-1.4072108141736973e-05,5.809338713314398e-08,14.269099743840531,490.85201633394905,8.142548135877732e-06,3.5078232314275333e-06,0.322693287253284,1559.6327990666368,0.01985569165107809,-2736.1194922601208
100,0.6208320345303313,89.50455718025286,0.2973624269640989,88.8613549314538,0.3458398218349434,1789.2395959537603,1774.0645607084925,15.175035245266352,0.1458296002415848,0.10141929547116307,0.9633027060757733,3.2194407133870283e-07,3.0824614503562225e-07,1.3697926303080731e-08,2.8852258095969656e-05,2.8801997562146292e-05,5.0260532756781864e-08,51.98154279593855,97.36067928975478,8.339937532241371e-06,2.98771318189737e-06,0.27500545980831276,1260.0703971383402,0.017922728595334517,2395.8773123431492
101,0.6247499425125214,87.5933954710762,0.2904818410413032,86.980099663135,0.3228139668999251,1695.3808208934404,1676.7157208818098,18.665100011631836,0.14566295599423495,0.11520613948137522,1.114276944094639,-1.505310414583159e-06,-1.5191405986243271e-06,1.3830184041168527e-08,-0.00018430202619923247,-0.00018435496922619446,5.294302594901931e-08,17.764287004844938,363.5044184584416,7.086575082835255e-06,3.348787580322606e-06,0.3061504329175624,1252.6471783173047,0.02000506107187134,191.1386847118556
102,0.6303826962266063,91.16460291562083,0.2890711820978229,90.63637913862333,0.23915259489971527,1726.5646801381595,1704.1196966052785,22.444983532878815,0.2094225933032628,0.11197506923333582,1.055627266643008,6.429454729327088e-07,6.287682389961484e-07,1.4177233936560248e-08,7.478268017959279e-05,7.472276320961478e-05,5.991696873880116e-08,46.62550221601253,255.03998409007156,7.4847388287022855e-06,3.020756429658799e-06,0.30085915614111425,1294.3008764594656,0.020749381880948395,-1280.800556812621
103,0.586971175213326,79.73022181670243,0.22164808430842545,79.24986817897533,0.2587055534186623,2484.062491362571,2467.0355448494033,17.026946513172092,0.0961391525352332,0.09282905743361733,0.901776082690028,-1.5609569434205478e-06,-1.5751357692985935e-06,1.4178825878046347e-08,-0.00018983407298387288,-0.00018988613760054994,5.2064615286533084e-08,11.089040674466435,526.9360621330376,5.272045385184773e-06,2.698896671907681e-06,0.2555590357720906,1086.2517996244437,0.019566094828227507,734.3570158508046
104,0.6565740291706219,76.13891144927229,0.22525024534318314,75.69035905685723,0.22330214707186005,1396.933495918448,1377.6547402349677,19.278755683479368,0.10243136191037194,0.10035642191408001,1.053300696441456,-3.2038484712734624e-07,-3.334845664720438e-07,1.3099719344697693e-08,-4.354940075740825e-05,-4.3598373604617897e-05,4.8972845991080665e-08,9.112988641428116,240.05965225070102,5.706662288366357e-06,4.124141816715415e-06,0.27552807131495827,1031.5470016086067,0.02060147024342525,-1497.532353556955
105,0.6320560999361583,93.52541822608897,0.3093452961205103,92.84498916018613,0.3710837697823408,1601.5517272109862,1582.0588904853785,19.492836725606264,0.17341316813059704,0.10364702819328545,0.9955385219394307,1.8992840636115454e-06,1.8832613021738455e-06,1.602276143769984e-08,0.00021973433843628897,0.00021967245998118082,6.187845369926681e-08,10.386517319476576,534.8987925921854,6.994656856923441e-06,4.149047760385203e-06,0.2711387372332148,1286.9550851554577,0.018259987444046753,-773.1904620676651
106,0.6405035166103846,93.73268411273416,0.2533314072339789,93.2793830355237,0.19996966997650692,1627.9590518675473,1607.883038903119,20.076012964428635,0.10149412047595008,0.1211834596793139,1.1323294524609935,2.2053608207819998e-07,2.0684089662497067e-07,1.3695185453229318e-08,1.688767070430297e-05,1.6826854579299284e-05,6.08161238512136e-08,15.803831691298338,546.8580429891626,7.058306252911775e-06,4.354237386803609e-06,0.3079337484280164,1301.0877159164615,0.01922383059584188,-518.4893510644288
107,0.6711084544970248,108.52298350764502,0.36822760097725193,107.92759563576976,0.2271602708980303,1448.8168224065912,1427.333009502816,21.48381290377623,0.11315756791731829,0.11505290333454875,1.1347522541144897,-5.784066427654956e-07,-5.980977898515689e-07,1.969114708607295e-08,-7.836139878141017e-05,-7.842947176998787e-05,6.807298724436368e-08,10.0351162614214,421.9511775770493,8.936901273249236e-06,3.603201810494742e-06,0.3124725675411463,1529.3659108526,0.019476788179343445,2122.45368646158
108,0.6253578549799506,72.69389049023575,0.21103542156104513,72.17618202447073,0.3066730442039516,1497.9338267453775,1481.1832874611769,16.750539284203576,0.16808212225222047,0.09542996932247211,0.9739282678467521,6.459561475926375e-07,6.29135565441966e-07,1.6820582150671595e-08,7.265802315335472e-05,7.260824749571451e-05,4.97756566066718e-08,8.261285128715592,394.5179953101898,5.908208940047385e-06,3.3998951061711715e-06,0.2606480965078115,1036.2635264423911,0.01761351297716596,439.93974925729344
109,0.6745962838046553,91.04632425267684,0.27775395124477853,90.4195510702336,0.34901923119845857,1338.50261091321,1313.2431175092013,25.259493404007358,0.10180852093523463,0.12275203312829638,1.20844759274438,-2.1513332312511244e-07,-2.3030644073588476e-07,1.517311761077236e-08,-3.305513633890307e-05,-3.310840620888256e-05,5.326986821985568e-08,6.7539543688068715,117.59652334255706,7.30044634550004e-06,3.1905974342316896e-06,0.3321553398098307,1248.8889457482549,0.01907736141771799,-1101.5221821676823
110,0.7088043199047732,135.3787443448971,0.4430032065805102,134.669219416613,0.26652172170355143,1646.147473749806,1614.8452667872198,31.302206962587565,0.23427247798638223,0.14902272501315028,1.2400550969857513,1.678993996522884e-06,1.6627996478825767e-06,1.6194348640307202e-08,0.0001924651512633049,0.00019240510720564533,6.004405612793197e-08,18.555331110713915,713.8005954697256,1.1396426954819217e-05,3.026924787641271e-06,0.3348983231110559,2004.550448810763,0.017729818356932398,-932.6310849709735
111,0.6960361089591764,106.73907004136231,0.3117538125582866,106.15824120041952,0.2690750283844844,1408.4500399208766,1389.5187587282915,18.931281192586308,0.1824212558914016,0.12213028146292133,1.1199492635400419,-7.536671630392064e-07,-7.680198440601935e-07,1.4352681020987169e-08,-9.409428554768201e-05,-9.415452661411338e-05,6.024106532908027e-08,10.022762512019565,500.20016321104026,8.159860669225517e-06,3.7351642791211646e-06,0.3079166434727593,1476.323113156253,0.02052139861935679,-524.8713069045916
112,0.5979562312617023,78.04159588297692,0.26699327547323853,77.5945774946933,0.18002511281039638,1439.3597114699091,1417.922013956536,21.437697513373585,0.26752373186477796,0.10129814100069716,1.0132662399715326,-3.0325166933099367e-07,-3.2001088465376427e-07,1.675921532277069e-08,-4.2759947075433975e-05,-4.281179573208259e-05,5.1848655440589504e-08,39.05528455054298,439.9776633025082,5.614979327568459e-06,2.649786213927756e-06,0.2739622712695056,1051.4725503192974,0.019449334381846123,1800.5761490169498
113,0.7170531333057856,129.62438770920625,0.5606252837889013,128.6889117987471,0.3748506266702422,1363.9507555013238,1346.3405858374917,17.610169663831407,0.3040844096808634,0.1412022377694703,1.3006166740511655,2.10532210543046e-06,2.0887643337353782e-06,1.6557771695082977e-08,0.00024439063651054776,0.0002443250391869399,6.559732206716264e-08,7.006029226726357,493.43428358776674,9.290959085570549e-06,4.647108270554291e-06,0.3478189455564061,1792.9194836099307,0.018824440094147743,1526.3492784116352
114,0.628072885798111,100.16254218576131,0.3069263659788831,99.59297537412895,0.2626404456534508,1652.3084784339983,1635.6573116646252,16.65116676937195,0.10654367635272209,0.11546716220672885,1.0575384428341565,-4.334693206247582e-07,-4.510424290436836e-07,1.7573108418925462e-08,-5.89618042990378e-05,-5.902650270541263e-05,6.469840493141525e-08,42.15657368326271,451.6039749865132,8.120906654683024e-06,4.020029743094945e-06,0.2953232304326444,1418.2725532163322,0.019572873484343254,1583.3169658099432
115,0.6329469240184414,81.85201702128057,0.22498818832121142,81.38938870302752,0.2376401299318515,1542.7009321408239,1524.9840346059734,17.716897534852176,0.11600284987103042,0.09670864798247282,1.012145248164384,2.0736270690460542e-06,2.0591132680222246e-06,1.4513801023829503e-08,0.0002408985753137841,0.00024083986699908002,5.870831357983873e-08,4.643379122546595,510.5746817001821,6.449307780698609e-06,5.0195833336052836e-06,0.276865109793604,1166.6316907175838,0.01867921334372971,71.05143812380629
116,0.6708264055371784,88.52548659565956,0.2557588251591745,88.03732672384395,0.23240104665643946,1392.6217787945668,1370.0402026516542,22.581576142912432,0.20640951131074656,0.11188461025152907,1.095087780107512,9.221196136319211e-08,7.691832419533281e-08,1.529363716785926e-08,1.5335615192780984e-06,1.4777840571240553e-06,5.5777460928262446e-08,11.75797162224955,984.7219669500632,7.111418829214235e-06,3.3697145396700768e-06,0.2975109492378023,1218.565013551583,0.01898005323576378,834.1973292620751
117,0.5923494238995346,101.71415156910547,0.275114173220308,100.9961029058272,0.4429344900579484,1774.246878631611,1752.3229024531363,21.92397617847327,0.14689951657026148,0.10752651521552041,0.9854541992880472,-1.3934647641869463e-06,-1.4091336089861496e-06,1.566884479920326e-08,-0.00017184934369703734,-0.00017191020970584175,6.086600753535912e-08,15.256747455896075,341.56524189016267,7.320614103619003e-06,3.3328392573678995e-06,0.27793223052571775,1479.003468315532,0.01773675686075642,-809.2109601468364
118,0.6289063057849482,91.5382484338439,0.2704668011956897,91.01479155191775,0.25299008073043855,1593.3642496727448,1571.9986403441685,21.365609328579826,0.1002437860595407,0.10833724785531663,1.1084648753164603,-1.4492501205512145e-06,-1.465122586419342e-06,1.587246586812751e-08,-0.00017970211294976698,-0.0001797687584791459,6.664552776697296e-08,8.969764871430163,703.8147798433661,6.112619901817905e-06,3.583386888047184e-06,0.286594604527089,1251.0540565621302,0.019001279873850932,-1633.49348391491
119,0.6363442199519889,103.20388342746226,0.45016886725980104,102.48618408423778,0.26753047596468,1590.6108304773195,1568.4159171439703,22.19491333334782,0.14345032698798635,0.11093458684660427,1.0607253183597887,8.141750797116661e-07,7.981717376649183e-07,1.6003342046747617e-08,8.891407326782515e-05,8.885783657139852e-05,5.623669503544751e-08,12.553072781263044,640.8822028682134,7.2776346201411015e-06,3.5788318525056747e-06,0.28771126664527946,1520.9085131860606,0.020109754025271154,2023.6352220185327
120,0.5644734120490457,70.9046403702665,0.1798165615331354,70.50795023439227,0.2168735743410964,1657.8832815508404,1641.137208859646,16.746072691193934,0.10121295476730192,0.08739876581597082,0.892946671242821,-1.0624248925709454e-06,-1.0756041042917594e-06,1.3179211720814463e-08,-0.00013394868452488683,-0.00013399816083936665,4.94763135427481e-08,15.830485172552414,228.36211912499968,5.379362867336509e-06,2.1355642459695695e-06,0.24710130041220293,972.4444169814201,0.019033792992293772,-448.5964987706611
121,0.5956452840082925,85.22940140252877,0.23808302119472718,84.63284452539716,0.35847385593686515,1442.4042375134552,1419.379401552155,23.0248359612989,0.21251426204536483,0.10166631388192109,1.0104875204506982,4.453542184707613e-07,4.2972488108260835e-07,1.5629337388152837e-08,4.607284843803605e-05,4.601866722173817e-05,5.418121520999078e-08,6.8519964163037415,-243.6498142770461,6.153289113719926e-06,3.1425958843193573e-06,0.2714676052327764,1202.1156836618907,0.02037284436348072,649.9918069788109
122,0.6974708675008526,111.67974476309595,0.35867423484951966,111.09131718258317,0.22975334566326447,1790.4695383186997,1769.9339740824287,20.535564236271107,0.2090960460611012,0.1316596517828256,1.2499392118219919,-2.1311783666109032e-08,-4.142504352119794e-08,2.011325985508891e-08,-1.0117585735764584e-05,-1.018470000566846e-05,6.711426861879442e-08,6.680799604740626,404.910753374238,9.013289458275974e-06,3.838014267107517e-06,0.3288760334811215,1559.6741263567171,0.019243998090990613,-1092.2136833508412
123,0.5653303623956671,64.92106581732193,0.19423431735510263,64.51903615461421,0.2077953453526301,1344.9460405841442,1328.6853462660872,16.260694318057283,0.16820246609781925,0.08861359172507224,0.9161464983436731,1.0092929102244365e-06,9.956105476976065e-07,1.3682362526829795e-08,0.0001126616938577198,0.00011261515663014777,4.653722597259754e-08,6.657201096333893,449.0152767310196,4.5608732644187776e-06,4.296051955034322e-06,0.24285667365561,902.1974166080815,0.01999734692502127,-1290.862734522485
124,0.6418401408911694,106.9883126536147,0.3429299638751467,106.31656665959694,0.3288160301425973,1408.2700431891828,1386.4754325766705,21.7946106125129,0.1104289134838074,0.12036041638659406,1.097284143954508,9.333202567297969e-07,9.155003110691382e-07,1.781994566065862e-08,0.00010702542053987635,0.0001069625783303487,6.284220824622667e-08,53.50277838837473,766.5953996156903,7.716759663079322e-06,3.2102450849360843e-06,0.2891707283275139,1547.1003632640648,0.018595923567298646,-151.60709099267842
125,0.636510334708042,77.28211694505197,0.28744919227478866,76.70310771923197,0.2915600335452339,1346.0507354034828,1325.6976652137255,20.353070189756117,0.09257953743299428,0.10706792748501569,1.0808885107196964,1.0201020040058234e-09,-1.589459290215659e-08,1.6914694906162433e-08,-2.5044519762142788e-06,-2.554330032259298e-06,4.9878054626763626e-08,5.731108066235024,338.6293487212387,5.344285199144349e-06,4.930063763100732e-06,0.3023427546330246,1092.564220634395,0.019306938803178554,249.37419308401513
126,0.672040799513167,114.57180954048081,0.30741968778707934,113.93923346672595,0.3251563859677805,1570.8348987418822,1547.352530285981,23.482368455902254,0.11111354920465046,0.13012134896609057,1.2240129395632133,-1.788180860746035e-08,-3.5466299729024225e-08,1.75844911215639e-08,-9.14104955964883e-06,-9.200894875698569e-06,5.98453148572251e-08,9.686092265366998,33.66123797652631,7.810449706991753e-06,3.3913377022896232e-06,0.3146977313089629,1636.910655373364,0.01765401106040841,-1470.173200696081
127,0.560023341643249,71.55548702081693,0.1823490716298003,71.2117571152436,0.16138083394352012,1225.0000370953803,1207.857243721125,17.142793374255152,0.11585533994918498,0.08748993543483105,0.8879869793017487,-4.0199311417004206e-07,-4.1538868718999755e-07,1.339557301995557e-08,-4.831005557218132e-05,-4.83603388576771e-05,5.028328430992205e-08,10.240136344006405,581.7856482227276,5.117011363215655e-06,3.0082522719756187e-06,0.24033363446899556,953.0288873007836,0.017496915232320023,-1803.635209478336
128,0.7680631011834969,123.06396857822868,0.4074686278921064,122.11626978815563,0.5402301621809436,1503.955941459096,1481.5847445578243,22.371196901272086,0.202626592309607,0.130123117147517,1.2371299906027942,1.0028875954088844e-06,9.877381861341356e-07,1.514940927474888e-08,0.00011219327771067365,0.00011213083834802816,6.243936120904117e-08,37.50395238246903,549.0577096301456,1.010285494923414e-05,3.438250902813233e-06,0.32838514301297017,1696.9815637485353,0.018820540762946574,-1138.316106931441
129,0.6192900743669871,77.86658050175825,0.228674452451319,77.37901100716306,0.25889504214386216,1464.2768396922102,1446.9928073742697,17.28403231794098,0.09374687893148023,0.09552468053985005,0.9542848267062274,-2.8314064497024806e-07,-2.9577545782594035e-07,1.2634812855692205e-08,-3.49638940150861e-05,-3.501193950212028e-05,4.804548545793421e-08,4.445696196724212,758.2859836437624,6.010125889490904e-06,2.6204564261477656e-06,0.26750297250574495,1077.8392847335144,0.018484280618505135,995.0795513988523
130,0.6370103611105737,85.97879665641561,0.22115686366600953,85.64426181272364,0.11337798002594743,1312.6759915595007,1296.188495697828,16.487495861674944,0.09474746353617713,0.1093139967151052,1.1022212563357194,-7.371650834399102e-08,-8.865804235409938e-08,1.4941534010108335e-08,-1.1786149656872158e-05,-1.18396155196269e-05,5.3465861544377854e-08,4.733776443048587,335.65690347242344,6.7301034150731866e-06,3.1402101266623824e-06,0.3004974975970743,1174.0545180517165,0.018479887201740694,-1192.460687974235
131,0.5941178841506427,83.51276077277979,0.27043473277114155,83.07820179919042,0.16412424081821367,1381.3537979671123,1364.8700705604206,16.48372740669051,0.08833668196788874,0.0961315775292794,0.9516546253428418,9.484809685414039e-07,9.320116352157142e-07,1.646933332568972e-08,0.00010655736689138894,0.00010650495781256741,5.24090772678887e-08,4.567799050893168,425.2990042608758,7.431772157799597e-06,3.832676568891437e-06,0.25894065425988233,1195.74261138845,0.01884961404240011,1522.092829116671
132,0.6281402171564702,79.7635012483798,0.2317430840410513,79.40013824707053,0.13161991726820674,1356.7652836043994,1340.4185262594601,16.346757344937405,0.10821498685985219,0.11290743924335696,1.092316437862046,1.6921088292549114e-06,1.6783323432815667e-06,1.3776485973344917e-08,0.0001924266930795317,0.0001923766301021713,5.0062975996744815e-08,6.678662289403167,684.3311409788815,6.440166249835828e-06,3.7149979025342955e-06,0.29800191346685545,1104.7319916216666,0.019792554467497205,-634.3298944584203
133,0.583515912377492,78.49535364833348,0.23060239443836286,78.03556772524715,0.22918352864796773,1165.8545324678157,1149.5348988638934,16.31963360392347,0.1910838225044322,0.09128963785457739,0.898430657431242,-2.1305178940924195e-07,-2.2935604345795279e-07,1.6304254048710836e-08,-2.979513938614775e-05,-2.9851005008440002e-05,5.586562080701983e-08,10.138959626781496,312.0601600850883,6.3638829384137924e-06,2.447279157901155e-06,0.24827448694945795,1081.1111039286175,0.018941427847257948,-23.405652753699542
134,0.6042849740287959,78.61406248673433,0.29301086505393925,78.14636069440576,0.17469092727462476,1558.2783732952923,1539.2207662753262,19.05760701996384,0.09189701005540982,0.10069159253867113,1.0186133871055498,-9.246828160133147e-07,-9.383996701804611e-07,1.3716854167146506e-08,-0.00011632681437647324,-0.00011638037991319783,5.35655353719601e-08,7.193353343799744,465.1038225664271,5.711456188197126e-06,2.499092326881356e-06,0.2765722723687675,1115.2430656172946,0.019340099164408143,-285.19415432014284
135,0.6498135208320052,90.77176728665849,0.2899235576895884,90.12452835194522,0.3573153770236755,1294.8235708931777,1274.3446674072923,20.47890348588549,0.11144607787381348,0.10338414879832852,1.0089644815753342,2.812960197433891e-07,2.6984609959766103e-07,1.1449920145728036e-08,3.31940105141748e-05,3.313793870576286e-05,5.6071806824334944e-08,11.839932620427245,375.00741186243096,6.670271913282324e-06,3.5932838914901946e-06,0.28668603141625737,1235.4137548298215,0.019389183531988177,-578.9864661741558
136,0.6264778274474455,90.79284699895159,0.2621941953956616,90.33234978282604,0.19830302072989714,1829.7810914399024,1807.4656302511219,22.31546118878009,0.12522453804430542,0.11049452260736653,1.0911975951218624,2.870693851071629e-07,2.706723729840793e-07,1.63970121230837e-08,2.7312758624775824e-05,2.726248915100428e-05,5.026947261492925e-08,6.279402266702481,418.822115892418,6.548992798390602e-06,3.451248867375883e-06,0.2910323239665388,1282.3957439147257,0.02000983530818917,1651.86744947001
137,0.6282136049587483,90.96346790025613,0.22407973110022134,90.53573843214507,0.20364973701083278,1228.5298289233,1213.1398504890942,15.389978434204584,0.09705869450542907,0.11491865237888436,1.066150405206581,-9.369150564303038e-07,-9.535372029131032e-07,1.662214648279948e-08,-0.00011703573618237948,-0.00011709161930184243,5.588311846359222e-08,25.178836483197106,1056.5606762698153,6.601071852993209e-06,3.0212012188407805e-06,0.2964660001507044,1283.9932210125576,0.01670509551526851,-1596.7796756003445
138,0.6494299673157479,74.97700753741772,0.2099629873934611,74.47891798878065,0.2881265612436045,1618.8583275363912,1595.4408886689512,23.417438867439934,0.06071099149509925,0.11188693259544312,1.1161399751709848,1.2535807846416068e-06,1.2362505157644831e-06,1.733026887712414e-08,0.00014111025545877705,0.00014105978228210158,5.047317567486346e-08,7.971830802625887,347.2249110083568,5.78740004305229e-06,2.619895270835094e-06,0.30494362205998393,1039.0908947982994,0.018323399598210915,-2097.8352454379456
139,0.7557798896599272,140.13751062007339,0.41782017927630477,139.29106693282094,0.428623507976155,1667.0854576352745,1643.7859599955502,23.299497639723686,0.37623733167369344,0.14993130674979202,1.2879550689981742,-1.5873460482830282e-06,-1.605321095121781e-06,1.7975046838753437e-08,-0.0001954138683406253,-0.00019548295628057022,6.908793878945102e-08,14.218834991394436,829.7346217630378,1.1332077097451017e-05,3.4656551976782563e-06,0.3386984288659581,1995.7297879580242,0.018695903968668996,589.9290407210719
140,0.7706843825369546,105.93114537245897,0.33557405803101964,105.31927082496692,0.27630048946100794,1713.9543454723093,1692.8526433917896,21.101702080519747,0.22527042945181516,0.1567023971379278,1.5555375069773567,-2.4868322638619834e-06,-2.503312787008697e-06,1.6480523146713912e-08,-0.00030058734449197976,-0.0003006510426191833,6.369812566897412e-08,7.988443133412032,684.80599568702,7.77241510615378e-06,3.5669056614292668e-06,0.40559518157891367,1478.1319457560578,0.019896939038593325,-1245.9922483810878
141,0.6820317949580422,114.8670269466829,0.3804108477009401,114.15833962221018,0.3282764767717436,1786.7632489316993,1764.707645802391,22.055603129307695,0.09277190682417026,0.12778945345324488,1.1741877812932768,-9.228315578730365e-08,-1.065816691161451e-07,1.4298513328841452e-08,-2.0780449562923635e-05,-2.0842009447237234e-05,6.155988333594816e-08,12.757538536980434,554.8534473272655,8.802761210063405e-06,3.912130127895849e-06,0.32025511046933636,1610.9493234140432,0.019017499078384136,1330.828272970095
142,0.5462819860098574,70.70669592069216,0.20759804387873587,70.28388938331487,0.21520849349854324,1384.3715859072101,1365.2088657750173,19.16272013219313,0.12927848189266095,0.1000850295665544,0.9892141346510497,9.935174861124805e-07,9.809473004302386e-07,1.2570185682241778e-08,0.00010844540970708573,0.00010839374513049874,5.1664575710075886e-08,15.80301823264203,333.9543427116698,5.4788116856324e-06,2.5303131049209224e-06,0.26732135378351213,966.4259777723173,0.01839645761309759,-2129.314982398879
143,0.6178575014013172,81.05953251865179,0.26639622066445884,80.5584226504468,0.2347136475405128,1258.1740824222961,1231.9453662146773,26.228716207619307,0.10179806325530806,0.08980691479782624,0.8512507444360876,2.586019903350471e-07,2.433658235005622e-07,1.5236166834484758e-08,2.756573661439213e-05,2.751201795848193e-05,5.371865465854575e-08,15.385178845368486,230.22404402005918,6.7796281972981784e-06,2.690979262435692e-06,0.24503484451808755,1132.05430352308,0.018109747108868125,9.261190965502465
144,0.6381695118737927,85.19623349396745,0.27442395598319247,84.75685229420262,0.1649572437816494,2006.8891709748773,1989.671230736319,17.217940238556505,0.11114271510627967,0.09949805045173701,0.9764091701995831,1.4211603485719526e-06,1.4062985251201277e-06,1.486182345182476e-08,0.00016157399250040034,0.00016151296839063628,6.102410873586444e-08,11.938019955975783,192.26370150835334,6.893370832832816e-06,2.387290318937708e-06,0.27465075628132424,1159.782161633226,0.01853888830736006,-420.4271395617907
145,0.6778535432732892,99.43114209431339,0.2255435316801667,98.8625167495813,0.34308181305191826,1873.793619633795,1847.4677070545888,26.325912579206562,0.16174821850736354,0.127522494942299,1.1871371476035788,-6.513720544371507e-08,-8.084336228118715e-08,1.5706156837472098e-08,-9.608750263562694e-06,-9.670900398206368e-06,6.215013319155965e-08,6.62574708178215,547.4645694310462,7.099936405254311e-06,3.7653117706413855e-06,0.3215235192600965,1406.143001585247,0.020464194965035605,1810.9120016043416
146,0.5969812099539649,91.10895611239167,0.2541802948534931,90.63711008724387,0.21766573029431885,1638.64821757231,1622.056402935027,16.59181463728586,0.11528629579245049,0.10329363946196603,0.9740394353067368,2.39609657033165e-07,2.250905079920761e-07,1.4519149041088857e-08,1.72912980496836e-05,1.723949653305645e-05,5.1801515460064904e-08,27.75218549288485,609.9181718834114,5.973706533630604e-06,2.815193187844931e-06,0.263166545079104,1267.4972287241592,0.019628964289537316,-3112.79118613866
147,0.5826627868854541,68.87660225663863,0.1950253032097696,68.5040523130442,0.17752464038467722,1541.1829027709875,1520.4086990620997,20.774203708887956,0.14786692178026842,0.08686613862351418,0.86088044865382,-1.278126822668582e-06,-1.2903532502925815e-06,1.222642762399958e-08,-0.00015698573384289178,-0.00015703726200145952,5.152815709417336e-08,7.906883100719506,561.7576207857109,5.977459457431556e-06,2.5526091241477297e-06,0.2434082186521009,986.1659790010033,0.019394289269068447,2185.200662981515
148,0.604937676956645,75.35198251161417,0.21463336582714337,74.89701140198831,0.2403377437987011,1350.0990939504943,1333.1169336339553,16.982160316539257,0.12828697876385534,0.09871195390880996,0.977950450356617,-2.5407937430055076e-07,-2.642971794668124e-07,1.0217805166261637e-08,-3.5863149355374204e-05,-3.5915249840894085e-05,5.21004844677729e-08,9.67297342240809,264.1522520431864,7.15415558419601e-06,2.5820744279973486e-06,0.27571395854144737,1048.0867649386319,0.018351773163128034,2065.3637479946374
149,0.661573301493517,93.50322025226012,0.2854829462737473,93.109307976663,0.10842932932336352,1598.7536880275668,1577.3366611645683,21.41702686299927,0.18864700065300466,0.11484588601858607,1.090716721965803,-1.3773302855361138e-06,-1.3905769779131385e-06,1.3246692377024877e-08,-0.00016794347164234382,-0.0001680042539993725,6.078235572194062e-08,5.445720988107738,362.6784090977216,9.223496341061502e-06,3.416272315339024e-06,0.29790011796130356,1368.0862423270787,0.018541718399183164,-5268.478400517219
150,0.6566861508282785,92.37882729616408,0.2951378711550845,91.73968458722386,0.3440048377851128,1586.4059746993028,1570.2174163026784,16.18855839662495,0.1423014330573883,0.11349887716799902,1.0854734197687197,-2.1203105816129522e-07,-2.2762668248521413e-07,1.5595624323918973e-08,-3.3831272388551e-05,-3.388348119664522e-05,5.22088072324763e-08,40.949952946740254,555.9792899953375,5.814190467805386e-06,4.553515122916594e-06,0.29344602312957707,1321.3489121839148,0.020193467214558565,2608.773422860806
151,0.6630773986297591,92.03813416237172,0.2535397804321861,91.71666869079776,0.06792569114176711,1475.119788258096,1456.4050587116385,18.714729546458738,0.1888366259890259,0.10596861282204277,1.0394782413517396,1.3146433487297488e-07,1.1716336696396332e-07,1.4300967909011479e-08,6.47161053250448e-06,6.412906848627336e-06,5.8703683021739255e-08,6.12748820275741,354.8082056911079,7.007210057429671e-06,2.6489868871558803e-06,0.28217649430156666,1302.233777297367,0.0192224156192921,2044.150180527442
152,0.6009753047816121,78.85756316872458,0.21742952441407354,78.41192451751057,0.2282091267999499,1703.3420940469232,1685.5809633412448,17.761130705678053,0.12303916001178358,0.09712040497324755,0.9579891381363064,1.775087846965942e-06,1.7581062500275184e-06,1.698159693842348e-08,0.00020195456221826815,0.00020189675578806464,5.780642888572436e-08,5.33989267838017,583.2842298745961,5.701211553790485e-06,3.359525935194769e-06,0.2745996220889686,1072.6249209168786,0.018837929310442144,-70.24225665485937
153,0.6217224898775139,81.86612190427404,0.2692748820229596,81.32802110938056,0.2688259128705195,1574.2645344793057,1550.5911282635961,23.67340621570897,0.08761410972254347,0.1066117792645619,1.0363027005506267,7.729322084227727e-08,5.749587592411269e-08,1.979734491816462e-08,3.2406849334721135e-07,2.7155667004909977e-07,5.2511822216512385e-08,6.860062702827367,385.1546612860174,7.977836478638024e-06,3.1100851266296404e-06,0.2938582174066928,1148.4652828832182,0.017330844685874282,-3066.1778873071453
154,0.6173297647946794,73.00591815475369,0.1792175710232783,72.54128233229683,0.28541825143357674,1889.4986554246839,1858.3558848933392,31.142770531342396,0.09096217062019131,0.10745288884060221,1.1141342619835217,3.575667008745886e-08,1.7883102222455043e-08,1.787356786500382e-08,-2.0034430964158074e-06,-2.0598339151890616e-06,5.639081766512648e-08,12.153065573709215,328.9649846387722,5.466323808341857e-06,2.8323187695580805e-06,0.30555818936312573,1022.7721261881593,0.021047817954724896,-603.4515318941194
155,0.5827140419951918,76.07841022543585,0.2392749852340803,75.58223118575468,0.2569040544470883,2112.015318088018,2092.3017537345495,19.71356435347013,0.15439849121872895,0.09018956546218444,0.9170693578084811,6.937861890929423e-07,6.791496673212986e-07,1.4636521771643592e-08,7.523474516701226e-05,7.517929069067342e-05,5.545447531315077e-08,48.54413640323264,514.2134494828244,5.687430189840998e-06,2.684718253397975e-06,0.2539025292411806,1037.2355168511451,0.019942802304373657,-410.5958392034263
156,0.673025720640385,96.84420181763444,0.2949614586542336,96.3360637776575,0.21317658132271666,1432.259257759185,1415.1034791173468,17.155778641837628,0.12803062486457545,0.11934464536374834,1.1768619517155492,2.843182452300679e-07,2.701359378460056e-07,1.4182307384062325e-08,3.0835139312507e-05,3.077498387433916e-05,6.015543657326711e-08,44.394285773259725,491.6630669193292,7.15696474179313e-06,2.5914662585659195e-06,0.30731435869119456,1335.8264689771454,0.019187639754713357,775.3299128872604
157,0.7074735906314479,113.9036598940395,0.36853156611781934,113.2094177538464,0.32571057407529413,1458.8576460372149,1439.3404330310243,19.517213006191433,0.34798819607240655,0.1217605930544464,1.096478323457048,-7.194047194293033e-07,-7.372306617882617e-07,1.7825942358958556e-08,-8.795912731594613e-05,-8.802160609738279e-05,6.247877982128275e-08,8.055622273868405,604.7443609854064,7.98853543818002e-06,3.3233322430963803e-06,0.30078715491094044,1588.314785712565,0.017381159022001543,2606.236271026806
158,0.6280035132297027,81.61267090632576,0.27325814185365066,81.097908089673,0.2415046747991237,1450.8395523180059,1430.47037814281,20.369174175195685,0.11533432441846656,0.10315951048692988,1.0162390008942221,2.2324373849202973e-07,2.067753263204479e-07,1.646841217158182e-08,2.3311701992691835e-05,2.326172376028464e-05,4.997823148093629e-08,14.114879716386408,201.3497458699598,5.486426798524305e-06,2.7332523629655705e-06,0.27824962486346916,1116.5482401765116,0.019586241539484704,-555.3579763683338
159,0.7409635348849484,117.1842135113988,0.37151218891262616,116.47542142691432,0.33727989557184657,1850.505124137426,1830.818625362756,19.68649877466784,0.09152116186538828,0.13088283580847954,1.2813579174632785,2.989317294962683e-07,2.8181761515361937e-07,1.7114114342648994e-08,3.30177371626923e-05,3.2956710513578414e-05,6.102664766943761e-08,18.35027605221351,670.2787307706297,8.654586116617938e-06,3.529149029674488e-06,0.34115837296386686,1591.5837755261184,0.02066479337088812,-418.2109563736485
160,0.620240626455255,71.76077196676808,0.1843768800655932,71.34916409650131,0.22723099020118379,1278.2209095727926,1245.0032246631674,33.21768490962562,0.0957948737953653,0.09131623212115302,0.9736160211553483,1.3181263877480237e-07,1.1962127291446375e-07,1.219136586033852e-08,1.0127443360807548e-05,1.0073524688053025e-05,5.391867157053409e-08,3.293715452192539,145.01122113079484,5.52282371956746e-06,2.8738497369598987e-06,0.2629084700485359,973.1165247962093,0.019783928070375944,1889.5378399799956
161,0.6331682728911247,111.22753830185917,0.3429924030559414,110.59590081607156,0.28864508273165324,1188.584234085563,1169.000546472019,19.58368761354286,0.1255459899999643,0.11365887392590769,1.0331246579681141,-3.4175684352861933e-07,-3.570843892524672e-07,1.5327545723847835e-08,-4.638688488607511e-05,-4.644667722121858e-05,5.9792334124253e-08,8.563470072576212,580.9203086898517,8.403766575346253e-06,3.36633530435284e-06,0.26973090930304844,1547.8136374477394,0.018070929721744025,2987.173111512351
162,0.6900843783941893,99.35189293274851,0.31608809078167704,98.74358386338302,0.2922209785838267,1376.362779861012,1357.3675436421856,18.995236218826506,0.11670276290150441,0.12489627522388881,1.2102489077148484,1.7872368219704204e-07,1.585046115993936e-07,2.0219070597648425e-08,1.5086697456630133e-05,1.5029723585984158e-05,5.697386965051031e-08,36.14415742456483,563.823727973547,6.981588469082849e-06,2.5236874199995754e-06,0.32569748758387623,1463.2726215832367,0.01840579558089419,-76.7505302823156
163,0.6511915093989685,92.76725952553305,0.2723159270265217,92.25286338826879,0.24208021023774,1241.1058451093481,1220.4046600433173,20.701185066031467,0.3326851640146199,0.10638266579469156,1.1049624524987904,2.9047961732780937e-06,2.889548741221196e-06,1.5247432056897783e-08,0.00034067820607475884,0.00034062093862567694,5.726744732995341e-08,7.1318235770217395,458.86367923993384,7.897639112031475e-06,3.0228162536322932e-06,0.2795242950995955,1353.7712322411273,0.018705149502506936,951.980593669552
164,0.630562298203862,100.77676413358189,0.34630798691740255,100.1455645391345,0.28489160752996673,1489.7297945428154,1467.5582279109115,22.171566631900976,0.1621057048532217,0.10555283765614264,0.9575829488802831,-8.927912745072669e-07,-9.074859208831777e-07,1.4694646375910653e-08,-0.00010958739954098898,-0.00010964777307609605,6.037353389425866e-08,14.201289337225976,445.8733448597,6.925553118205973e-06,2.5291642182720283e-06,0.26760477378345426,1415.6777469835442,0.01936703997615835,103.82447951516588
165,0.6538298786242559,80.95668511650446,0.2582799089773555,80.40174489730485,0.2966603102222765,1743.330917944229,1727.0438124206494,16.28710552357828,0.09861685285754933,0.1241675083076179,1.2830475089309112,1.0883269568189851e-06,1.0710552598769313e-06,1.7271696942054116e-08,0.00012680717693563527,0.0001267550639969774,5.211293730894285e-08,6.939174717120208,39.52771056284113,5.441516534583454e-06,3.0194782542615555e-06,0.3426473930321675,1135.4802924006556,0.019456670303562146,-1878.3680808848076
166,0.7114491510459166,104.9580245865095,0.37959082842500413,104.43906782852778,0.13936592955669436,1934.7380902474304,1911.258755025038,23.479335222393335,0.17164126636520513,0.13288276384851966,1.276173897822023,-2.7792245282422625e-06,-2.7953630861853288e-06,1.6138557943067072e-08,-0.0003315888423266024,-0.0003316479832382755,5.914091051600462e-08,13.197376150793824,817.5467836442609,7.572434898176653e-06,3.0152552635166403e-06,0.3461491998696935,1488.342966484357,0.02163881174148332,-1287.926686892104
167,0.631488332659985,103.86776150661888,0.3096644587562617,103.30069770485137,0.2573993430112357,1610.425442201648,1588.4973108809468,21.928131320699816,0.2050016482436714,0.11313282589627549,1.0744388127078575,3.4383875140722415e-06,3.4223195489158696e-06,1.606796515637176e-08,0.0004001977248375467,0.00040013784809483157,5.987674178701334e-08,6.906685109433889,487.4079477805747,6.541956201361182e-06,2.908273804899999e-06,0.27991761419058314,1454.0006909715282,0.018272924754778538,2047.636991087049
168,0.6049119383947151,89.08592918409094,0.22488179697834992,88.55486610096337,0.30618128614922807,1306.852441047422,1289.4989219710887,17.35351907633246,0.08186936229096081,0.10470750743185082,1.0070111931995072,-2.2141002243893972e-07,-2.388953673882849e-07,1.7485344949345195e-08,-3.34129123386357e-05,-3.347162789907583e-05,5.8715559416284886e-08,23.59612479561378,374.4307449082555,6.4631908567960035e-06,2.7287445810430306e-06,0.2769392414180144,1217.354810283173,0.01874733587125219,2055.2314820145803
169,0.7230588044336879,112.87602945357588,0.4211612027725816,112.09857413568761,0.3562941151156891,1526.5630056461835,1507.15491114316,19.40809450302484,0.20722737102812083,0.12844587891935846,1.2213052560719346,-4.68746290342345e-07,-4.824031487202709e-07,1.3656858377926127e-08,-5.5074291633640985e-05,-5.5138394269696934e-05,6.410263472746016e-08,14.710306049910908,35.90139388779205,8.260097842455604e-06,4.228880760538152e-06,0.32903121265607166,1610.8550688886492,0.021544520896970672,-2039.2102657504765
170,0.6974577763290444,103.41585161141275,0.33581200332260625,102.7660576672515,0.3139819408386408,1342.3896261341472,1324.769150792507,17.62047534163911,0.12076253750734565,0.12065561672407857,1.1634960831158134,-1.1177556807600402e-07,-1.267944141248157e-07,1.5018846048811697e-08,-1.554219649698474e-05,-1.56008813150593e-05,5.868481645121299e-08,9.224314957999741,665.4482553295119,8.67416116598717e-06,3.1502595276766857e-06,0.31426978003026884,1475.4934037103335,0.01821720863505758,1569.4390140052164
171,0.6501697271709778,94.33630733313163,0.2517452647432138,93.80854617845044,0.2760158899379945,1456.3083859528278,1435.2006661554776,21.10771979735044,0.1625792692815376,0.10800553254118224,1.0437746722245016,4.971272335047462e-07,4.789918693922019e-07,1.8135364112544087e-08,5.698119481264821e-05,5.692249253247966e-05,5.8702278806966014e-08,11.522935147496263,348.25425244905193,7.435195097435442e-06,2.839851924880206e-06,0.28443662873200837,1321.0417707764018,0.018697890628845918,1796.721776541537
172,0.6088993463420619,89.02266685444539,0.24670465577298833,88.4583856019583,0.31757659671410926,1399.2420247543157,1381.8035962573401,17.4384284969754,0.13867457368160835,0.10596695707772277,1.0652790492660629,-2.315918419286724e-06,-2.3331141137834144e-06,1.7195694496691215e-08,-0.00028148186443929633,-0.0002815391934825512,5.7329041999575336e-08,7.754442111610695,512.2259595737559,6.6823662003358096e-06,3.635040379903498e-06,0.28596895103796927,1234.6086509217912,0.018767353823157282,-523.2144699772653
173,0.6934533830160166,109.09494738788497,0.39757478935266505,108.48501210485561,0.21236049367670035,1405.6860366454646,1379.3718565605914,26.314180084871886,0.2791703791786987,0.12855968484274818,1.1825482201790312,-1.5941138705445946e-06,-1.6112582306962437e-06,1.7144360151649192e-08,-0.00019644641266977975,-0.0001965110569479867,6.464427699049525e-08,22.638901017325807,580.7457343761729,7.771830353237116e-06,2.6030300389562034e-06,0.3324788076008251,1569.509492705914,0.018139096007360123,1365.6477519667715
174,0.6435064918692216,97.00142521826719,0.2785467362035678,96.31373958783927,0.40913889422435984,1422.871951194391,1404.2016813531964,18.670269841195,0.2261447219540524,0.11294660080144378,1.103767870557465,3.1040034400346827e-06,3.085674675031986e-06,1.8328765002696353e-08,0.0003645286922180525,0.0003644679979453925,6.069427155753977e-08,8.562310327197272,506.32921635426663,7.874552903833328e-06,3.4083909910127287e-06,0.300507096294702,1322.4121847082934,0.019429288125932618,2285.9068393214766
175,0.5950358772436105,70.2285933003054,0.21383385167584995,69.81298177828596,0.20177767034361443,1473.9385443352808,1448.7256167776939,25.212927557589055,0.10282616215601066,0.08570757110816617,0.8361487744906125,5.645478889258303e-07,5.488285290764696e-07,1.5719359849360516e-08,6.240209513342709e-05,6.235393311259106e-05,4.816201993933349e-08,5.575042409465295,349.84733610460506,5.459673943676248e-06,2.3183340967777104e-06,0.2395269217952398,998.2873688774437,0.017896844742402218,621.5322164313548
176,0.637907969304269,89.77478088585796,0.29489784282032266,89.18701581272153,0.2928672303161126,1317.7147336866524,1299.118426670738,18.59630701591594,0.13018767520296723,0.10798006134895444,1.088246874852056,-5.911037101913346e-07,-6.066714709460181e-07,1.5567760754683126e-08,-7.667426381470747e-05,-7.6732249682212e-05,5.7985866311335156e-08,7.330246156814496,563.6193816254552,7.476508699980749e-06,3.158391911965458e-06,0.28741798912608335,1250.9705723481877,0.019056484607404056,862.6376012768778
177,0.6510811561032023,88.38964582744134,0.21684374429385134,88.12241014626365,0.050391936883842844,1586.875645771268,1566.5173821273538,20.3582636439147,0.12541015705071631,0.10366413164647573,1.0127452166987259,-6.39157995657888e-07,-6.59590700403761e-07,2.0432704745873056e-08,-8.072825925681632e-05,-8.078737836489795e-05,5.9119107138609126e-08,5.662824332237076,420.02581510369197,7.685264842567067e-06,2.882739821617209e-06,0.2786716694513154,1237.5980715119945,0.01962922719877083,410.02504590664466
178,0.5538324019574217,70.43252111371545,0.20098093063655179,70.043123075804,0.1884171072749075,1448.7877842937223,1432.5889363456067,16.198847948117987,0.2165988680905763,0.08689863761803411,0.8774326024283441,4.021577901417477e-07,3.893102898070747e-07,1.284750033467295e-08,4.3083688434695475e-05,4.303687983862861e-05,4.680859507063695e-08,7.704736367691911,634.0906374893198,5.186597479413905e-06,2.7416203524298835e-06,0.24689950011652254,979.9245606694276,0.017718629960369565,463.03754232289793
179,0.6682343939202859,106.4779311051943,0.2994163756300241,105.85280009186582,0.32571463769845854,1630.6499722257076,1612.0691339756181,18.580838250088522,0.2075460541074727,0.1241507513177534,1.152127065915726,-3.8870577329179185e-07,-4.0410584568298294e-07,1.540007239119122e-08,-5.313934168102465e-05,-5.320612529544128e-05,6.678361310235223e-08,14.175657450648252,433.835423555547,9.12373508564618e-06,2.837243850668567e-06,0.32311910676362277,1476.6467858491671,0.019507502554886445,-3883.161971956073
180,0.6204610770151817,84.13259200595213,0.25623835703966813,83.65310086331422,0.2232527855982401,1496.1474188901423,1477.8199052876953,18.327513602449763,0.1589839569097243,0.09556770658042917,0.9626428291138397,9.050990629214362e-07,8.920058041740807e-07,1.3093258747355407e-08,0.00010134478431032201,0.00010129126196823197,5.35223406672007e-08,9.00637972716575,394.46981157519315,6.558078790918102e-06,3.2659609837140985e-06,0.2561701533084273,1142.672191646891,0.019427824591874324,143.80916445227922
181,0.7339369853726372,116.17044553631258,0.36084782001628213,115.56098397493894,0.24861374135739095,1586.4477671281186,1565.9639274458075,20.48383968231194,0.1449723032155082,0.14253856322102854,1.2873227561546285,-3.288759510705779e-06,-3.306015109077429e-06,1.725559837165033e-08,-0.0004002037285492898,-0.00040026689904819335,6.317049755170356e-08,33.01185578414086,440.3576064773731,8.559625673049278e-06,3.6136044389266746e-06,0.3629831630064219,1651.69737906387,0.019590203777771195,2483.099265985744
182,0.5749268844950103,73.82291458506606,0.1766496610306784,73.47683966060218,0.1694252634332211,1441.9817801678073,1426.4966359247944,15.485144243015426,0.09542035543870267,0.09485543872091375,0.9352879385613081,-4.31498236193662e-08,-5.680671303187708e-08,1.3656889412510831e-08,-1.2672098727732007e-05,-1.2722727386520797e-05,5.0628657298153813e-08,22.62723309508378,367.67611130258365,6.716344252940464e-06,2.5027746153564403e-06,0.26401542987306786,1007.0618087493276,0.018065592930838016,-381.84608372041475
183,0.7586537033862494,119.4957977541431,0.336195272551031,118.8237618772354,0.3358406043566724,2052.399704990218,2031.853113979606,20.546591010610932,0.1526229662172808,0.14488616859973855,1.405611643134171,7.807364643472828e-07,7.644822089941188e-07,1.6254255353163773e-08,8.544144537032945e-05,8.537938846263804e-05,6.205690584382252e-08,7.01008982120874,619.379246419509,7.657665622168365e-06,3.628747057217217e-06,0.3663775057993394,1669.102167694044,0.021294595159012768,-3007.428677556247
184,0.6371968656347424,75.79141700243908,0.20344939948573657,75.40814221522038,0.17982538773297038,1470.663777960168,1455.7020720422402,14.961705917927913,0.13750918636025092,0.1056556200291259,1.087377873838766,-4.661668636353998e-07,-4.810682613207686e-07,1.4901397685368775e-08,-5.894496101801494e-05,-5.899247291051817e-05,4.751189137908423e-08,6.884902956131651,290.3276734224256,7.0367249578493976e-06,3.167520410007144e-06,0.2940343691520148,1047.332436812211,0.0188523312582063,-509.6138774935098
185,0.7075407660076927,115.08004506964528,0.35015352128506905,114.3519797580762,0.3779117902840027,1672.7901986984684,1645.5772062605306,27.212992437935906,0.11576701245317803,0.11821178147385264,1.1201928651312367,-1.724435841725871e-07,-1.9122468320538355e-07,1.8781099032796526e-08,-2.4910049163821885e-05,-2.49782720280074e-05,6.822286278998105e-08,6.365655676386671,380.5773251136422,8.291712345608059e-06,3.7041532513695355e-06,0.30414874869840924,1606.0991654361355,0.018236612584137613,935.1905028284637
186,0.5744476718912919,79.43966539547212,0.24053484598747724,78.95830775721588,0.24082279226875603,1551.6436662505841,1528.4672742945713,23.17639195601261,0.07508077416473011,0.09422605140615592,0.8964696288532514,-1.234265268433975e-06,-1.2519239476867897e-06,1.765867925281464e-08,-0.00015066242213134626,-0.00015071656603781366,5.4143905443235465e-08,6.918144645274781,852.4461377512945,6.236270754298135e-06,2.815343231952988e-06,0.258721496336023,1132.1724871709691,0.019683027979486165,1199.9641660133202
187,0.6359599787030781,84.14539408193956,0.26056187252684804,83.6717163094497,0.21311589996301827,1416.10247748554,1395.9371382449915,20.165339240547965,0.19174599203140022,0.10206307841878957,0.9822276503519777,3.3671687696714106e-07,3.1979601546441746e-07,1.6920861502723522e-08,3.4675220923344596e-05,3.4618342606780246e-05,5.6878315431625596e-08,5.456819731097585,316.6090648112155,8.204173379730753e-06,2.511298349445551e-06,0.2704968320610406,1217.3085088770497,0.017819624759252736,455.8595568182136
188,0.6097670986504179,82.58178529848306,0.2217917632042764,82.17111515675889,0.18887837851991157,1804.196597630379,1782.5401000042596,21.656497626117233,0.10360735877007436,0.10514253204227081,1.036980089983305,-1.8528730430805766e-06,-1.8674172381950592e-06,1.4544195114482154e-08,-0.00022537969054032075,-0.00022543478719887802,5.5096657366794674e-08,7.448381282921478,464.183836390722,6.633350849871681e-06,2.509629924808182e-06,0.2791816975412522,1138.564623197417,0.019096924089634426,-517.8142524004688
189,0.6881009704926363,125.29524737869116,0.49507776091651645,124.47015366261607,0.3300159551585756,1595.3882482099518,1566.5438607896378,28.844387420312998,0.173245393047384,0.13442718159776026,1.1945054551779741,7.983653650915723e-07,7.749059189519795e-07,2.3459446139592742e-08,8.5520823434807e-05,8.545516446151677e-05,6.565897220525127e-08,9.097411117717835,724.6624863549307,1.0102765264405099e-05,3.219211419365402e-06,0.3293031330786174,1765.0288382481588,0.02003878303290397,2529.234944329557
190,0.6692830731553503,95.44385213097223,0.36387719909737987,94.77750978680075,0.30246514507407496,1323.0611269103417,1297.9256692771846,25.135457633156598,0.09620336362697528,0.10580873605083195,0.965765891546392,3.490681042771208e-08,2.0252767845035102e-08,1.4654042582676992e-08,-2.413799298769511e-06,-2.468688030497364e-06,5.48887304452089e-08,7.9293307651696425,102.07222074366662,7.654231805352104e-06,3.018169795073782e-06,0.27130020411433564,1348.9136547115882,0.018829135100666316,-460.6657571142059
191,0.6139052162423235,88.1289417853744,0.26739630906540585,87.654042212598,0.2075032637109657,1246.875280987688,1231.8987215456664,14.976559442021479,0.12582159922247277,0.10075492321128166,0.9858766335355661,1.2156866513355949e-08,-5.5411114002691775e-09,1.7697977913625126e-08,-2.9120719538041716e-06,-2.9711441346658903e-06,5.907217932552604e-08,5.803995283397084,490.5099184446454,6.949520248496354e-06,5.134630742960322e-06,0.2699913976617099,1242.6921688560396,0.01841463346744902,-743.2722159890764
192,0.6190133990464628,79.99012822357128,0.22536228032963296,79.49915229611351,0.26561364712812174,1421.7250525171924,1403.7673191385638,17.957733378628152,0.09310686083539015,0.09846204996330074,0.9830098574269832,7.85150451013152e-07,7.67313843711431e-07,1.7836607301720934e-08,8.877350797175624e-05,8.87157450508805e-05,5.776291977767067e-08,17.0711065346482,629.6866781098048,5.8678984793019015e-06,2.5783217106502995e-06,0.27193216052923724,1054.2771670453378,0.018771782937295187,-142.38170146426273
193,0.6257306993910432,87.9163525998413,0.24570345963327161,87.33276334369538,0.3378857965126535,1567.6900883802855,1549.3295055722265,18.360582808057934,0.10034152064436569,0.10401764014499616,0.9971053314035342,-8.670684339247455e-07,-8.793518542958455e-07,1.228342037110006e-08,-0.00010833953008523095,-0.000108391043037527,5.151295084347257e-08,27.25453806025859,506.6527123773238,8.341890666018886e-06,3.156443686300642e-06,0.28368566060003186,1225.4506563780685,0.018946619392613745,229.65684914843587
194,0.5859811597569531,75.4831635169843,0.20672379140600633,75.11434056932815,0.1620991562501496,1449.559171892687,1430.7061771120311,18.852994780655337,0.11799278647741909,0.10246688823826043,1.0698034431057442,2.4602625357794216e-06,2.446500856048788e-06,1.3761679730632928e-08,0.0002858470105751783,0.00028579442342050457,5.2587153483904694e-08,9.471877842000758,666.051958237374,5.420962908617125e-06,3.2974416313703134e-06,0.26959710769038436,1026.9431118453247,0.01961546857779318,1177.2999594165449
195,0.7108906426011006,121.22323468575593,0.36482815688956594,120.53006820618437,0.3283383226819986,1610.928082646505,1589.6398454893113,21.288237157193276,0.19519131946245213,0.12685820735512446,1.1547639025159167,1.5871663857216356e-06,1.568264171953254e-06,1.8902213768381975e-08,0.0001787597837536301,0.00017869860956623413,6.11741848743973e-08,28.757859676121633,447.58104129855946,8.834005247181152e-06,4.104405211470602e-06,0.3160609223755388,1728.959220460316,0.020920715225325518,-6452.088844887796
196,0.6429981134871282,100.98511631974213,0.3128807720685603,100.41754852204198,0.25468702563160395,1279.4518949707917,1260.7212097816393,18.730685189152528,0.06900798446719145,0.11505711479711297,1.0943612347446774,-2.7107537448860755e-06,-2.7242425380135102e-06,1.3488793127434904e-08,-0.0003262229051394382,-0.00032628042370904097,5.751856866446504e-08,37.93793364960735,337.05183666631086,7.4536129586298e-06,3.2519031328143376e-06,0.29932011507987794,1423.5726039891347,0.019406851976926653,1308.326899005151
197,0.6662668586970595,100.82716846547733,0.3078506860120289,100.1351051877213,0.3842125917439953,1741.85857959676,1724.8775468400736,16.981032756686695,0.10807010990443086,0.12133204507638938,1.1426825137955388,-7.350233233338765e-07,-7.510718072860142e-07,1.6048483952137465e-08,-9.234932922075816e-05,-9.24016575254948e-05,5.232830375713223e-08,17.212378195534345,508.93417933062597,7.543303292334945e-06,2.8822888436802994e-06,0.29557637804408454,1420.2398517882436,0.019392932248162267,-1515.6554843883168
198,0.6005734011874893,82.36436501434882,0.2738779414750554,81.89289845697506,0.19758861589872564,1283.5688116115691,1265.0447599090585,18.52405170250859,0.13660888667141194,0.09605633952027824,1.0225077652331394,-6.09288209027689e-07,-6.223771767209432e-07,1.3088967693253954e-08,-7.634924282297749e-05,-7.640064247825197e-05,5.13996537808989e-08,23.92660609571361,462.6272147599286,6.196330538324432e-06,2.6613417415479684e-06,0.261693636854587,1129.385458814091,0.01675653091770658,-127.92963732325734
199,0.6238850875260529,81.72662925290247,0.22743151223842842,81.29232725981684,0.20687048084718948,1713.1174906577055,1697.979805706769,15.137684950937238,0.3252857643253509,0.09917984627957219,0.9900006845224515,-1.1338970252036715e-07,-1.285938429885727e-07,1.5204140468205495e-08,-1.9501711722982177e-05,-1.955426593771969e-05,5.2554213290475345e-08,3.5754392992735204,442.25145359397715,6.372468292645223e-06,2.5482219633199732e-06,0.26581901690424303,1095.841303760103,0.018963782895934145,453.5734282588819
200,0.5858686890970641,94.1063317068573,0.27798145482966624,93.50173938130521,0.32661087072241507,1449.0182674514947,1430.0918373928594,18.92643005863554,0.16624189650674978,0.10014418227053441,0.9659351558932424,-1.122649490708435e-08,-2.546457212766456e-08,1.4238077220580156e-08,-7.705043046460397e-06,-7.759624105513736e-06,5.458105799800251e-08,22.17923542305727,633.8791340117443,6.358477876401229e-06,2.7377225599783208e-06,0.25471761645548663,1349.2368114436554,0.017999861345334336,1681.5213159839623
201,0.6307202785435896,76.7172481026165,0.20109626539223585,76.26106338195531,0.25508845526895285,1338.43062968031,1320.6721733468055,17.75845633350479,0.07646033299062047,0.0976990294507092,0.9864546056156996,7.622400821181454e-07,7.495010580080099e-07,1.2739024110135803e-08,8.727289462289863e-05,8.72234978245345e-05,4.9396797296655244e-08,5.833788996076974,682.8806523801582,5.739798143920306e-06,2.358911826967803e-06,0.26888181139586753,1077.4672980256291,0.019058732660307883,444.75464290977106
202,0.5918089901766906,83.9109655259728,0.25622755661008395,83.37239099572268,0.2823469736400177,1486.4206961009527,1469.819993282034,16.60070281891834,0.09342540851005268,0.10429768500177015,1.0086459035512747,1.196171183387468e-06,1.179722796488872e-06,1.644838689859596e-08,0.0001338932532176735,0.00013384171784608295,5.1535370619300586e-08,18.744746568876888,637.1295213684635,5.706027186816503e-06,2.6323157528794296e-06,0.27582851003996767,1200.4321363744937,0.019291408967159304,-1729.8246324521497
203,0.6237979746819776,80.47141450909614,0.2658766518990525,79.94812435156163,0.2574135056354527,1375.3731099336358,1359.0198800422152,16.353229891420014,0.09796696875688654,0.10504881006409492,1.0217501479237692,1.5887101362455604e-06,1.574270044477161e-06,1.4440091768399247e-08,0.00018146593818194577,0.00018140774520806097,5.8192972952045585e-08,5.522092182412218,135.9224350565378,7.433698211248148e-06,2.844983103552461e-06,0.28911557924681525,1140.9111879618338,0.017611288552350078,985.5701412384842
204,0.6576617760926486,93.43718191248303,0.28340533070949947,92.86801812691911,0.2857584548544235,1677.3818390175686,1656.2280143890596,21.153824628508904,0.14286610890016924,0.10823207555565972,1.0113283608822607,8.475019468216747e-07,8.309109678017914e-07,1.6590979019883446e-08,9.893379219394274e-05,9.887742556108338e-05,5.6366631697749627e-08,4.954200483546888,223.46364408916193,8.336480447177954e-06,2.956668440222557e-06,0.2911095338318836,1272.3073222318712,0.01977506911596052,-2910.0347491543434
205,0.591916333537839,76.12071712335076,0.22407383320345792,75.58717314226216,0.3094701478850984,1470.7466521702818,1452.7963220891204,17.950330081160864,0.11989767195650493,0.08939187011517813,0.8916162650954824,5.057125448449323e-07,4.929032512131921e-07,1.2809293631740219e-08,5.5595140390501686e-05,5.554195308881079e-05,5.318730020291115e-08,4.637185311216869,399.2451051772833,6.389861648673769e-06,3.5052953314487274e-06,0.2497100020510991,1024.392481296192,0.018346819407976042,-885.5968877135892
206,0.6205620292703806,84.51682890084972,0.22308198008249633,84.01345918734658,0.2802877334206149,1488.644660418304,1472.8493638902846,15.795296528019545,0.15844055131439577,0.10378107246463442,1.0230280709177124,1.6529049799246553e-06,1.6344143586042673e-06,1.8490621320388404e-08,0.00018776989462493385,0.0001877113497973419,5.854482617687029e-08,7.172577778238392,598.4802763821889,7.451349028300542e-06,3.0781112153829893e-06,0.282125675088209,1165.462394630001,0.019716672643514555,-2796.330022667902
207,0.5673548305072511,83.59790283139115,0.2877980044717557,83.04979353631494,0.2603112906044418,1264.6562647917365,1246.1359072432952,18.5203575484382,0.07634722327386542,0.0998089236592427,0.9851234787389016,-4.2437461381269496e-07,-4.3998258672397315e-07,1.5607972911278263e-08,-5.5234673213760434e-05,-5.528839122107414e-05,5.371800587712855e-08,4.619416039558886,311.88424993511836,6.266348783373407e-06,3.900426137263731e-06,0.2701276763443446,1172.5002098921648,0.018040115132925617,527.5777080254811
208,0.7310730197829418,116.85769633252691,0.3511668986767778,116.16143133334785,0.3450981005022758,1713.0699037758832,1693.6534789307266,19.41642484515796,0.15924682045412858,0.13200666143187764,1.254737858413436,1.1277254205093932e-06,1.1101788456183724e-06,1.7546574891021136e-08,0.00013071023377638852,0.00013064871923078894,6.151454420981328e-08,15.128740678197985,435.7805447920644,7.258008415940406e-06,3.513584298040142e-06,0.3386926737558862,1614.5646958167383,0.019335719331672798,26.24007965781857
209,0.5967818421549023,86.16173727952206,0.23536172641864225,85.6424871148529,0.28388843825051957,1874.761174812949,1853.7171085736727,21.044066239277267,0.1510971404729944,0.10327736035552736,1.0061414767208832,-5.920342927012455e-07,-6.077616393241449e-07,1.5727346622899384e-08,-7.196078782402052e-05,-7.201848747972071e-05,5.7699654000619005e-08,7.756721148125485,280.047048057381,6.818897255135107e-06,2.7690321506778187e-06,0.27548577771806104,1210.2402442028815,0.022156289979780946,-1707.642075075095
210,0.6933038894727256,104.45292036863631,0.3016377363988382,103.83615191499212,0.3151307172453726,1655.2827655126332,1633.499102242212,21.783663270422462,0.07814932526825265,0.13093717371330751,1.2724486695593802,4.377391488681845e-07,4.1540955755184135e-07,2.2329591316343262e-08,4.754322009357281e-05,4.7490964874578524e-05,5.2255218092607664e-08,21.161299606688765,498.97998564981026,8.075282721171937e-06,2.812752496227477e-06,0.33814039037577803,1489.0239712127795,0.018617224743306186,-409.57329639416275
211,0.7388866665415263,129.9884714510295,0.5209525200013659,129.09427647879335,0.3732424522348142,1992.0927922239096,1972.0579036874901,20.03488853642302,0.20041832230040602,0.14027400091002712,1.332362703809367,7.685274623714396e-07,7.51927359585397e-07,1.660010278604265e-08,8.446239628165794e-05,8.439519072042969e-05,6.720555964517528e-08,10.484297954416963,544.4509119008776,1.06277535360052e-05,3.7088440297301965e-06,0.33864083364333847,1866.939436171358,0.020244804652726916,928.061457580392
212,0.63177558252662,78.75297235257366,0.20772366430624892,78.25370419219144,0.29154449607596794,1879.1683918951092,1853.9621580106013,25.206233884508364,0.14267658828016436,0.09955319177048982,0.9909043937903099,-6.789015030180123e-07,-6.931179685946882e-07,1.4216465576675968e-08,-8.891596793547512e-05,-8.897131149518579e-05,5.5343558450974404e-08,7.477977702665104,894.1149599764241,5.984604211854256e-06,2.8461034173636327e-06,0.26935407711420606,1119.0537779639521,0.019466026465254527,-912.9031240644726
213,0.6810581558005114,94.50309233145947,0.2738294366359892,93.90927594195139,0.31998695287209994,1639.2944919880513,1622.2826200580157,17.01187193003628,0.11849632565342387,0.11878458078614586,1.1411413111456352,1.6278323896214805e-06,1.6137441156709767e-06,1.4088273950503583e-08,0.00018724310630836022,0.00018718452335196156,5.858295501174236e-08,8.14548467333828,169.6619926037103,7.836004554872817e-06,3.1574314437518682e-06,0.3135234626326329,1319.3644432081587,0.020376818868938804,-953.1520670567916
214,0.7143843944387217,112.72608983477042,0.39921824053667915,111.90625906681954,0.4206125274142147,1504.643548865857,1478.728479523862,25.91506934199488,0.09602143196319166,0.13921391400672437,1.2757571000455783,-2.726356008593927e-06,-2.748881549766474e-06,2.252554117254686e-08,-0.0003269946611296443,-0.00032705775598333334,6.309485253362693e-08,17.33107490644562,496.60123189672464,7.219878399297567e-06,2.9572910753664057e-06,0.34405236855641197,1585.1818831334485,0.019095005199539147,-4621.745844157442
215,0.6524045119361717,99.92358748414475,0.25851026218102835,99.15195946285777,0.5131177591059317,1354.4750555887754,1338.7900749445596,15.684980644216855,0.14999705832965154,0.11534022721075204,1.1095428129448526,1.4028302029903666e-06,1.3892867841738407e-06,1.3543418816525835e-08,0.00016222186808273305,0.0001621646529431653,5.721513823299097e-08,6.1390516129628505,209.52387082445273,7.323453551214392e-06,2.706051770135444e-06,0.30206145369127557,1407.814093106444,0.017443190033914893,-491.2650019474022
216,0.6148047619226732,98.68308412754978,0.2934033088031893,98.06203277316013,0.3276480455864641,1407.1122288620284,1386.9979574291096,20.114271432920575,0.1572460745054924,0.10873401107519684,1.0370173166177872,-1.6926285996760123e-06,-1.7074916694145296e-06,1.4863069738517862e-08,-0.0002068729802612585,-0.0002069329835847724,6.000332148630524e-08,20.304244703017375,280.2855428421531,6.599346686786005e-06,3.40829100137652e-06,0.29266784561424375,1380.2280070349686,0.018251774551408383,931.0835245154158
217,0.6439118621615019,102.888411003218,0.3350150582154356,102.05885318217284,0.4945427628297364,1909.3840544544885,1891.2870476192634,18.09700683522467,0.17709557224848863,0.12646158231361765,1.1926865630396493,-7.74621398417624e-07,-8.004973586129116e-07,2.5875960195287817e-08,-0.00010138472735991483,-0.00010144714912373856,6.242176295735032e-08,26.262271377030807,584.8690373646757,6.469089769224512e-06,2.9430369079447155e-06,0.32775057844859157,1415.891678323248,0.017921224983861977,515.7471780843953
218,0.755164092976171,129.1172627364617,0.3699569659671325,128.27612522257598,0.47118054791859343,1740.134751809032,1712.0576020189258,28.077149790105047,0.19736170273560338,0.1421139920956591,1.3230808983520979,4.832740101419683e-07,4.647648925672674e-07,1.8509117574700752e-08,5.476194089983092e-05,5.4700723817333864e-05,6.121708097973226e-08,16.02792329122577,302.68688573950493,8.973510508244013e-06,5.7739753853913395e-06,0.347481790546208,1806.9341522869638,0.019589945795237873,-272.88701049732117
219,0.7512775640506865,121.34474510102844,0.32444407948031784,120.71986292720426,0.3004380943438479,1434.2003743947723,1407.5650578031596,26.635316591610408,0.12893892254957265,0.13226215794986212,1.2438921132537275,6.296782783022816e-07,6.134128845880811e-07,1.6265393714200512e-08,6.778379272567095e-05,6.770971472255726e-05,7.407800149220183e-08,8.206446390578103,457.32356024917607,8.765488792678235e-06,3.5680079559194743e-06,0.3354637939357123,1675.9753969629592,0.02114758120985144,-4759.438776011586
220,0.5401407943109346,71.05139298276976,0.18800781935688102,70.60184278313376,0.26154238027911825,1226.3174967271527,1201.2626757346088,25.05482099254236,0.07456734867254211,0.0864277897716269,0.8742086126030192,-7.898130858527429e-07,-8.043717743455066e-07,1.4558688492763557e-08,-9.69601716010472e-05,-9.701347905606028e-05,5.330745371343571e-08,5.235355326187744,214.72236293049863,6.152782997424471e-06,2.543065937533014e-06,0.2301014057888689,981.353830353539,0.01732994752077454,-222.5597655141064
221,0.7414731645855587,95.4244694665487,0.28253267370717755,94.81022018490651,0.33171660793500857,1452.9080506991268,1429.3661208097947,23.541929889332646,0.20543403239305733,0.11697566970588312,1.1467859545850434,3.102373518417136e-06,3.0873188778403154e-06,1.505464057682104e-08,0.00035998947621572567,0.00035993086755433903,5.8608660072560174e-08,35.3246038144356,567.8565968600083,7.3517156099340804e-06,2.774423990268583e-06,0.30990649350417093,1319.3609208294595,0.01846934288748579,-264.1533602782256
222,0.7249575964624845,122.51589386703152,0.4494779332499745,121.86648493152124,0.19993100226030866,1752.212385833505,1727.9224675612236,24.28991827228369,0.12715647254400472,0.1338054894704797,1.2234109298407054,7.929246891189712e-07,7.740714349361048e-07,1.8853254182866487e-08,8.152554872441911e-05,8.146309151225383e-05,6.245721090844498e-08,11.555431989854014,804.1896432087595,9.113504672226592e-06,3.11237792980201e-06,0.3447793679168594,1723.3133592937788,0.019275973050366157,-948.5221784392706
223,0.6424304142255017,88.51727740284791,0.30747401224941456,87.95782010133138,0.25198328926710534,1374.7001532605445,1355.5635324277207,19.136620832824246,0.11974479206285596,0.10534540940336785,1.0106771111036812,-2.5588525818556856e-07,-2.713705302132584e-07,1.548527202768978e-08,-3.105658808184534e-05,-3.111173146342214e-05,5.5143380097088036e-08,11.796678678621433,650.4166820115687,5.83463837148891e-06,2.5944446508979257e-06,0.269537157332176,1241.377212507807,0.018815596925718832,572.3575841248712
224,0.628522039525163,89.16955196671465,0.26352289829309833,88.7621093787189,0.14391968970266703,1699.2814888898747,1677.5713867328902,21.710102156983826,0.12867985145512603,0.1045454819346968,0.9972989743918327,1.6066016043439097e-06,1.592782474542017e-06,1.3819129801892367e-08,0.00018372085622601095,0.00018366560899694717,5.5247227821242734e-08,41.68445259682474,1025.7132285659463,7.034145669826969e-06,3.2281454704617473e-06,0.2877626073009412,1236.8878911827092,0.019296495193598353,339.3107969008379
225,0.6868352432684818,94.78292051428211,0.31828992835673814,94.17863807253929,0.28599251338611303,1268.6242627086415,1249.2338368779033,19.390425830739634,0.1131065417744406,0.12499666215982372,1.2503522912917975,-1.80524010887754e-06,-1.8209582625672645e-06,1.571815368972489e-08,-0.00021817820836786224,-0.00021823762029389926,5.941192453287385e-08,7.796066026389316,718.4557434319003,8.126839388116385e-06,4.5175121773352116e-06,0.33535733962356373,1337.0590225800654,0.01942096554988465,-4071.3863961953793
226,0.573632695432252,72.76983358558623,0.20951040892847966,72.30110823126257,0.2592149453951656,1367.6423725620728,1347.5393512159028,20.103021346172554,0.11762421917209534,0.10121720799998563,1.0079244848716107,-5.124550390490292e-07,-5.246718057021208e-07,1.2216766653091508e-08,-6.619345794471537e-05,-6.624176827812239e-05,4.8310331953731805e-08,3.7814195254264775,196.41507187019937,5.883903764579386e-06,3.5678843431186196e-06,0.2735703491147796,1063.2622963543713,0.01993896011816377,-413.4630525976572
227,0.7003816932190298,113.22821015438488,0.39111613887618835,112.70879885330993,0.12829516219876524,1476.3090545078942,1453.1667665908083,23.14228791708608,0.366906323503816,0.14097369467057577,1.3048598016354493,-1.9857380724947305e-09,-1.867354896061982e-08,1.6687810888125162e-08,-7.634425011247945e-06,-7.692755553665555e-06,5.833054088183305e-08,10.812419510121636,724.424607775673,7.924162514206723e-06,3.938406140684155e-06,0.34380258804035313,1567.4149010541314,0.01948511798237527,799.5270908433231
228,0.6962247182218386,115.02921184182749,0.37296846473796275,114.43787389063347,0.21836948645605334,1713.5823472727627,1691.5101737985533,22.072173474208324,0.16254032263156057,0.13141451409353358,1.2211962744728668,-2.0021196121157397e-06,-2.01673103694902e-06,1.461142483328008e-08,-0.00024780965597064015,-0.0002478710017625378,6.134579055828634e-08,13.91736216187436,529.2462206885253,6.926705099557121e-06,3.3947080323228985e-06,0.3246014393586722,1588.5913461803461,0.018882094834978807,-3307.287831079717
229,0.5920842671937067,79.49339980394095,0.26704564057458696,78.88888728442058,0.3374668789457924,1248.0685922270438,1232.5185855766902,15.55000665035397,0.2915231525405021,0.0951574597283232,0.9464553672260284,7.925184211334747e-07,7.791822869451521e-07,1.3336134188322434e-08,8.906620365583196e-05,8.901549895088702e-05,5.070470373726281e-08,33.28781844700631,368.9656030992237,5.259042226980751e-06,3.2076612689515237e-06,0.25575851409374123,1135.2169605247377,0.017919106980975937,302.3838383278526
230,0.5807473369867292,77.74107993476008,0.25713375721385234,77.27518810811792,0.20875806942831784,1328.811542399543,1312.3343524228685,16.477189976673692,0.07792210001686266,0.10025039657731376,1.003353525010784,2.0280082747206334e-07,1.8640007110341954e-07,1.6400756368643847e-08,2.489709112924123e-05,2.4845578962984536e-05,5.151216485359412e-08,7.488479772050153,285.6637435985132,6.753794520048443e-06,2.4483204528710883e-06,0.27359527407467515,1073.0417141061764,0.01847292295026912,638.3662355862871
231,0.6398036229246137,104.75743354700022,0.316308069101853,104.2135831225375,0.2275423553608623,1720.2848690983465,1698.6980500365303,21.5868190618138,0.14398338511182288,0.11109648127281482,1.0523789495502676,-7.626384283889554e-07,-7.820063224343988e-07,1.9367894045443332e-08,-8.918891383161812e-05,-8.924777111593487e-05,5.8857282655395217e-08,13.23333926664096,637.9442875359456,8.292299035614016e-06,4.16137587200734e-06,0.29147172417746636,1453.3235271366184,0.018533866564689753,-1208.055694601495
232,0.684266954282191,96.63987355572318,0.32871567239593247,96.04684305092329,0.26431483240396697,1674.6462844201094,1652.9375573424963,21.70872707761516,0.35722414648346695,0.1204046993314487,1.1293330146509408,3.758207226603453e-07,3.5858791142853284e-07,1.7232811231812657e-08,4.1524917547414605e-05,4.146590147902092e-05,5.9016067094447286e-08,7.653667073988146,466.60979158442416,7.4117220808081535e-06,4.737312139807898e-06,0.30131096571826965,1372.228490490886,0.018644568551970383,754.051896907371
233,0.6078767465751835,82.12237119291282,0.264879869418092,81.62948948495978,0.22800183853494754,1262.4035865342414,1243.1410059046568,19.26258062958527,0.16198429341035075,0.10113042995801554,0.9825038151658197,1.100103669622877e-06,1.083030234422972e-06,1.7073435199905116e-08,0.0001304412318106456,0.0001303881148042828,5.3117005115153835e-08,6.4163190594258745,633.1538925344262,5.861356998357734e-06,2.547746689481888e-06,0.27627580608762337,1161.6548031341056,0.017431866681442504,-500.4396922163287
234,0.579697150785662,75.00889200093103,0.22842340774584396,74.61470325937063,0.16576533381453692,1442.2143175811243,1426.4826769993804,15.731640581743912,0.137359771615216,0.0919842277211688,0.9169867666596827,4.354583270582894e-07,4.1520962720320553e-07,2.0248699855083825e-08,4.7863134242383986e-05,4.781376493868738e-05,4.936930236291821e-08,13.06654070823594,316.76019077835343,6.4324603492591725e-06,3.3271756710509266e-06,0.25020908398241026,1019.7013083832662,0.019559760199627293,-2092.413251667418
235,0.537522332080608,64.24855143575265,0.1712017371412012,63.846765040473315,0.23058465813813772,1568.8534212303737,1552.0146144739826,16.83880675639105,0.07577630541154874,0.08228427217730434,0.8433138517641698,7.991578418686735e-07,7.866940633048422e-07,1.2463778563831158e-08,8.897859662379952e-05,8.89328398633658e-05,4.5756759486422464e-08,6.877268814670858,390.2936937308778,5.404853331445511e-06,2.4910994994131074e-06,0.2394518979675701,873.3475120934143,0.0188106367892333,1414.1351245816077
236,0.5518585379638739,69.11874474466062,0.19861194926297815,68.70762110905979,0.2125116863378494,1499.792562342613,1485.373077381527,14.41948496108513,0.07722118621399296,0.09065516857776762,0.9613896396296611,-3.613267526432145e-07,-3.7421331529302117e-07,1.288656264980662e-08,-4.778763786806919e-05,-4.78402642442107e-05,5.262637518931906e-08,17.972462181270572,762.1241457278933,6.102958807714294e-06,2.876560076026118e-06,0.2530369740948284,948.4988037663538,0.018552837160032094,184.45716273750804
237,0.6757419300422081,92.25311777091176,0.25929073583444234,91.56851659175264,0.42531044332468093,1535.6664948691723,1512.8013461913279,22.865148677843663,0.09279593634042227,0.1032544264557657,0.9932170767814787,-3.452214917419274e-07,-3.630036867098399e-07,1.7782194967912525e-08,-4.441876294161591e-05,-4.4471170563718383e-05,5.2407621031810207e-08,9.03630056580903,764.2844073551875,7.055780807951358e-06,2.910258662791024e-06,0.2673930627765917,1284.606091731328,0.019959822493619814,416.3115019672041
238,0.7430740441648639,141.26263884758472,0.46363526211335765,140.42056714843133,0.3784364370400261,1698.638424320006,1669.5086528750335,29.12977144497718,0.14720877740658608,0.14952642641817337,1.3667620612051077,5.223211401693372e-07,5.025700592198169e-07,1.9751080949520174e-08,5.573714103575039e-05,5.5672457164685575e-05,6.468386932421326e-08,9.485574151236987,826.5871755557857,1.1701401386016208e-05,3.675975527709261e-06,0.36093331744879464,2008.7984823405236,0.021824562088974295,-1111.262447715948
239,0.5827292899992641,70.48074905182071,0.20741829169242504,70.03881217416954,0.23451858595875186,1792.977023593991,1777.8921624557531,15.084861138239031,0.14187462217267777,0.09971483354474758,1.0423343596440455,1.8264929443714555e-06,1.8123260115420587e-06,1.4166932829396358e-08,0.00020741442639133563,0.00020736092724104438,5.3499149236422314e-08,20.739605219532915,211.27982562655092,4.939849080797477e-06,3.034303872693574e-06,0.27241185550368824,1007.1742203068325,0.020865775984948955,-614.5907845869915
240,0.6166961215672634,95.92912480836507,0.33412995507461113,95.38848279811651,0.20651205517395638,1448.618490025365,1426.530358353572,22.088131671792567,0.09356559319311178,0.11167080708151315,1.0553890599368438,-1.41800005233767e-06,-1.4331978281500752e-06,1.5197775812405303e-08,-0.00017381305565185328,-0.00017387672358240894,6.366792930562258e-08,6.488988846848121,610.1195970656352,7.235469569287802e-06,2.6012341829573966e-06,0.28365349570946125,1353.756974100763,0.018632978379275456,501.28797312487586
241,0.5883267604019448,80.78841787497821,0.25652015101606884,80.28755261377381,0.24434511018833033,1326.32353189811,1306.3806960359148,19.94283586219438,0.10382625155559923,0.10351567378256914,1.0542529329417372,-4.528578243558861e-07,-4.6800304032942496e-07,1.514521597353892e-08,-5.883962019563469e-05,-5.88936848528348e-05,5.406465588070512e-08,8.04970398218391,950.220082310627,7.2920254673389334e-06,3.0069955269583274e-06,0.27949225645700804,1118.0489282717745,0.018708134617649128,579.5629143737206
242,0.6546344035354889,96.12696795345175,0.3603768067367168,95.28936997557327,0.4772211711417497,1557.3569041672686,1539.3713671660755,17.98553700119127,0.27498291826359395,0.10755630253969695,1.0355660663536355,-3.3289338881459032e-06,-3.3466114797674577e-06,1.767759162155459e-08,-0.0003990392337785591,-0.0003990955760543561,5.634227451933478e-08,24.216890328119188,571.0156135743723,7.3055334982895675e-06,3.17606927101621e-06,0.2743237344518616,1348.4587649967807,0.018407186972476276,2140.540828103276
243,0.6972149738552967,115.85951753229634,0.34398446953069567,115.11833911289168,0.3971939498739657,1387.635583964405,1360.3124710692455,27.32311289516083,0.24202123837247122,0.12427266830699249,1.1632521278993329,-1.9869718933150338e-06,-2.0037315212388953e-06,1.675962792386084e-08,-0.00023841129232383317,-0.00023847559439135572,6.430206611718455e-08,53.301861919542034,394.0364247083391,9.150806057793309e-06,4.379696792851034e-06,0.30716804628949607,1643.731212090461,0.017584363447530026,1817.5542016919535
244,0.5573948883099952,69.33247005797695,0.18126274787822153,68.93206393768142,0.21914337241730625,1186.3593932003075,1167.0254395299548,19.33395367035531,0.0849517078518067,0.08783759531355598,0.9085589305898524,-7.975330394686573e-07,-8.100689199476112e-07,1.2535880478953952e-08,-9.94538942601165e-05,-9.950388005879058e-05,4.998579788850827e-08,5.237515194763038,327.26751664868567,5.876955113360736e-06,2.7459840452240903e-06,0.2469486851801334,971.4162284678357,0.01788417354630932,148.41898331423
245,0.6743515196808434,102.01466723995536,0.303424814226019,101.47172381283879,0.2395186128905431,1435.798358413329,1414.2464567956845,21.551901617645665,0.14543935143611134,0.1224678593701958,1.1391102936014375,1.5729974081270352e-06,1.5571161016155369e-06,1.588130651149854e-08,0.00018015062539425652,0.0001800874311876817,6.319420521436149e-08,41.945941891601585,485.3217289057235,6.3979953754799766e-06,3.018958067388581e-06,0.3097400012500203,1463.1901865745047,0.021345013357307586,-1330.6448922530253
246,0.5934602001927227,68.0627242812399,0.21465104422853287,67.60975765076816,0.23831558624321378,1558.824057933699,1544.8170292159746,14.007028717724248,0.10718176202637045,0.09341662112353043,0.929871675677145,-7.18291512983358e-07,-7.337238135356673e-07,1.543230055230955e-08,-9.15302447607615e-05,-9.158161649400243e-05,5.1371732126932684e-08,11.74283996900456,-108.96550196540446,5.092568302171311e-06,3.790524239541624e-06,0.2593620303862782,920.6356833591797,0.019278941548518565,-1086.9054700752968
247,0.7406234310238797,137.2316273012174,0.4084705052385746,136.4332801618182,0.389876634160623,1738.2338474330027,1714.490793305045,23.74305412795949,0.16456125535547128,0.14547298685832266,1.2694562959019637,1.3937521066150103e-06,1.3731714608261725e-06,2.058064578883773e-08,0.00016378603648360267,0.00016371785936610014,6.81771157589173e-08,10.423694755326046,764.3239672589879,9.64862040068143e-06,3.806027893387013e-06,0.35637526019297344,1964.6734552038777,0.019523633551024443,1002.9562121918425
248,0.683973186589381,80.68581299805224,0.26324178533652615,80.16246426859368,0.26010694412203,1709.8978898957657,1689.219503471284,20.678386424481285,0.15866911757763327,0.11573129450667081,1.2032854945810911,-2.4609804557393175e-07,-2.5932067232820703e-07,1.3222626754275198e-08,-3.340206652460521e-05,-3.3452269424944415e-05,5.020289922381694e-08,5.994051020500363,-9.256678418773031,5.749862875829161e-06,3.459711948598679e-06,0.3104190530957643,1112.3649147626675,0.019739148853397292,-960.9705434518401
249,0.5979002989202343,79.52424844061126,0.23703977957099615,79.09790387080385,0.18930479023639515,1579.2705768102862,1557.5641134987995,21.70646331148629,0.11834106588416952,0.10924552067817034,1.0812539594908095,1.49600832289105e-06,1.4839364080696297e-06,1.207191482141997e-08,0.00017547039408472557,0.0001754163045539551,5.408952958499509e-08,35.90134586403411,-178.93933717349725,5.89210442513746e-06,2.3333488330443563e-06,0.3005742729827111,1091.9994517380746,0.020818512040349155,725.7047488171302
250,0.733990026543389,95.66418189314096,0.26881510900702044,95.02296567434013,0.37240110979380386,1470.0445679328986,1441.9231057533705,28.121462179530152,0.17856426518039337,0.14057848627464248,1.3419724154696486,-3.7836416589080684e-07,-3.9499553532764815e-07,1.6631369436841215e-08,-4.2921114317414216e-05,-4.2986189541753296e-05,6.50752226417744e-08,22.94426996578933,630.8458610114221,6.757256502492701e-06,2.9557014400056244e-06,0.361541008497389,1371.1465031997354,0.02072985583119482,661.1969686595512
251,0.5861608480801144,86.15003477247676,0.27609290113270474,85.5452424813147,0.32869939002935755,1481.2202431399387,1461.9593811823686,19.260861957569084,0.08605151506869457,0.09803886172959263,0.984256041519297,6.212540481462185e-07,6.096607949489108e-07,1.1593253197307694e-08,6.924676452838774e-05,6.919243076634891e-05,5.4333760609716416e-08,41.154447554967035,223.01123065409135,6.769818668791088e-06,3.169426523708262e-06,0.26515497356622264,1164.831673599638,0.019757309273740597,-179.1661449167841
252,0.7004085102326519,115.55324590091533,0.29333595843961324,114.83707017629023,0.42283976618547714,1738.3878212830698,1720.571223419613,17.816597863455435,0.1093518396215503,0.12801399059187255,1.1535978314236486,-1.8173578807014175e-06,-1.833304568981358e-06,1.5946688279940343e-08,-0.00022285233177321518,-0.0002229139633795141,6.163160509257653e-08,10.363859790335443,116.62433997242633,8.835211007392012e-06,3.0456198390014804e-06,0.317452650434656,1618.645446926529,0.019122041015810394,-1868.2585351572634
253,0.6378237196862765,87.17211022587318,0.26967662403558207,86.72196683297794,0.1804667688596415,1731.909538891163,1718.003197286936,13.90634160422669,0.14237788325280473,0.11366823966098079,1.1148609031696155,1.634608066104166e-06,1.6208753242987666e-06,1.3732741805399163e-08,0.00018672867952702703,0.0001866736743589748,5.5005166968677534e-08,10.232016543532879,262.9578373590671,6.4833167896282275e-06,2.6546726058697747e-06,0.30609929709174,1208.5436842000875,0.018485127472792184,3596.219359017785
254,0.5984154833845503,73.28298288736471,0.22900321723714467,72.86081507287847,0.19316459724911167,1462.6943424598533,1445.1882937707876,17.506048689065487,0.11548630824963328,0.10283011574496699,1.0467256850307491,1.8291258820563324e-06,1.8166617526223995e-06,1.2464129433932942e-08,0.00021151353201673344,0.00021146498861047196,4.854340492336921e-08,5.799776360672314,214.44247812585138,5.248047700260801e-06,4.484698319080757e-06,0.28330012032422425,1001.136946069312,0.018028666650711008,1360.0931690806465
255,0.6136739074724881,85.45291979321175,0.25462477886434315,84.96271990355953,0.23557511078788093,1301.1917405147608,1281.5943901617438,19.597350353017127,0.11568773148193427,0.0966475269482207,0.9282208050059207,-1.7604718004604511e-07,-1.9483131907558215e-07,1.878413902953706e-08,-3.023578969870693e-05,-3.029011545738806e-05,5.432575740857531e-08,8.015120914099825,472.86140521727674,6.698164517976392e-06,2.7350869680998174e-06,0.2631543455102166,1171.3547520449486,0.01887573932236393,1548.1309564452895
256,0.6261000827014137,88.93776329253599,0.2852135689814298,88.35313779513709,0.2994119284174743,1482.1973258244234,1458.247631258804,23.949694565617257,0.08927211403359349,0.10898525701497311,1.0375030834276449,8.67566643276485e-07,8.513145350750974e-07,1.6252108201387493e-08,9.360557520348568e-05,9.354793677996696e-05,5.763842250723033e-08,3.705298847787739,391.395055206772,6.7260487741171774e-06,2.6187508186947846e-06,0.2802070409679161,1294.1215606775636,0.02050022704623694,1058.0860849109595
257,0.6771493418876601,101.40656596403834,0.29304153418852835,100.76469547220405,0.3488289576457435,1235.7041386241758,1207.7150556377173,27.989082986458545,0.09004336797928232,0.12694152954314128,1.1570375266512722,2.212119649098203e-06,2.194444591607237e-06,1.7675057490966094e-08,0.00025660038332903274,0.0002565401711407378,6.02121868840859e-08,5.981247190212636,-302.1136695957084,6.922317544856868e-06,2.659487669694756e-06,0.3128234891429368,1436.4290905718672,0.018455475186753483,-310.5683890223954
258,0.5893450082181205,69.39664595844906,0.1775141120984062,68.96710383707574,0.25202800927492097,1337.9965791452669,1322.8704747841427,15.126104361124307,0.08681212338245396,0.09003929768571951,0.9069525226160177,5.149876821833373e-07,5.012806023643842e-07,1.3707079818953115e-08,5.267970945560952e-05,5.262696770718794e-05,5.2741746857428895e-08,13.061412718576047,385.60221978229936,5.444138747750009e-06,2.5959463266006905e-06,0.2559977729172395,969.3537789546031,0.019099312507396448,-94.38868371134231
259,0.6781361413652663,96.78201324443863,0.2674867933756326,96.09666189362473,0.41786455743828066,1394.4676318204206,1374.1184323222967,20.34919949812408,0.109355867084627,0.11298192877657678,1.0720846807236735,-1.833121849908016e-06,-1.8501073324240078e-06,1.698548251599187e-08,-0.00022091494501967293,-0.00022097759442054045,6.264940012153458e-08,20.7514785997934,326.4579776147904,7.5929347696681286e-06,3.0750191323601137e-06,0.300779797145302,1360.0343369713542,0.019369219120163744,-2831.0644922699757
260,0.5355263578441894,75.34323783378747,0.23486231356433449,74.83141793051149,0.27695758971163337,1509.0605019544969,1489.1238909609801,19.93661099351682,0.098046948654689,0.08066145393321743,0.798303091299522,-7.863539539266405e-07,-8.035468963572204e-07,1.7192942430579767e-08,-9.803682116382743e-05,-9.808905416166681e-05,5.2232996159368436e-08,4.064607402189617,266.15254568513734,4.83375029892447e-06,3.0285008650811872e-06,0.22359428019832706,1009.3227618992717,0.01810305122531728,1150.8000389526533
261,0.6131013304780634,83.21077337175976,0.2836466215603009,82.58934938581712,0.33777736438233225,1409.9640507257957,1392.9695672821745,16.994483443619927,0.07787503029088254,0.10620112036262612,1.078026537276025,-1.3832388131571132e-06,-1.3978512004892452e-06,1.4612387332132393e-08,-0.00016521101758792115,-0.00016526419892483102,5.3181335081716785e-08,10.346767343891312,537.7583663283393,6.564111104813894e-06,2.9021808035728694e-06,0.2920443274327154,1170.141141489084,0.019247203978586057,2074.906504494549
262,0.6368024315085373,83.66508300579831,0.2760815396606847,83.0861224979146,0.30287896822301896,1357.5758803462084,1335.5752013958568,22.000678950351784,0.16025845817559514,0.10825017026783713,1.1113104991504767,-4.114997271509138e-07,-4.2803182773480337e-07,1.653210058388967e-08,-5.587175647255579e-05,-5.593297204359234e-05,6.121556997185665e-08,17.9362308890907,692.1012988742348,6.9592476904191706e-06,2.8616525820901076e-06,0.2868128056444313,1131.9241549851845,0.020739187082107067,1852.241985716486
263,0.6055293378843735,79.05388553752833,0.1999038927909157,78.59577089061717,0.25821075412025396,1494.1655940814649,1471.7028316541134,22.46276242735135,0.09532657335946353,0.1072854577073896,1.0828881656941665,1.296635482919658e-06,1.2841983186886354e-06,1.2437164231022532e-08,0.00014865313083892138,0.0001486012198328529,5.1911004293113676e-08,6.384763232505319,376.0849006404298,5.959710288737998e-06,2.9549253135283437e-06,0.29766433253427355,1127.6960618145597,0.018115462649842158,1283.7193824918613
264,0.6691713001417013,81.4094113392077,0.2513807359537422,80.8814376527939,0.2765929504600319,1648.3445233627697,1629.7845290662437,18.559994296524454,0.1899384822211089,0.09737088098781493,0.9257262901700697,-9.776307900451797e-07,-9.903735611608266e-07,1.2742771115646449e-08,-0.0001248295509263682,-0.00012488486394865637,5.531302094238564e-08,5.372535260992789,649.0980520376642,5.738500121597024e-06,3.671247493490574e-06,0.2715978595099481,1103.0472644075733,0.018978250442615356,600.77188254258
265,0.7422687486414213,137.81036843525152,0.41343510025964514,136.75548447595745,0.6414488590344303,1867.6072509508535,1846.44368255793,21.163568392922297,0.20476655687154868,0.1378093646850793,1.227214344606411,-1.968920684233453e-07,-2.1474921140471857e-07,1.785714298137328e-08,-2.8927726655137544e-05,-2.8994192197731164e-05,6.646554140326554e-08,26.302803712295923,589.823107404032,9.46145720794921e-06,3.731168915174151e-06,0.3303302006304659,1993.0526432571162,0.018980380918463487,-1031.4667404121064
266,0.545958752010194,69.94902976279062,0.20082077398688966,69.461591077186,0.28661791161771033,1274.8787684804486,1257.9700358203381,16.908732660111273,0.15442726608993812,0.08929119982921911,0.8830127676147908,-2.159640158509186e-06,-2.175579514762279e-06,1.593935625309383e-08,-0.00025550834585396303,-0.0002555562928088716,4.794695367410661e-08,12.73958612035302,204.70991036632884,5.4929895971178325e-06,2.7511507270017403e-06,0.24399281473750314,975.9004632259505,0.01805050682608965,-446.2394257468586
267,0.6789831788571936,107.26135886727192,0.3433977738931475,106.47095042822689,0.44701066515189375,1321.1328955099418,1301.005292136765,20.127603373175372,0.08958327316482213,0.12929441156349722,1.2141080645805935,6.112889503636839e-07,5.953778696499427e-07,1.5911080713740867e-08,6.420601775242147e-05,6.414902699192341e-05,5.6990759528847916e-08,48.605598234416384,905.9050668680501,7.956529677885157e-06,3.648053056086215e-06,0.33432482339575614,1494.7371289419957,0.01778522124049715,-1397.469386833487
268,0.6500805437246262,97.64227034505066,0.3027070826059013,97.11075223627054,0.2288110261741977,1671.6253654366365,1653.483147012252,18.1422184243841,0.168310761162336,0.11953956122253546,1.1852564768761285,-7.511400246594235e-07,-7.659802344869036e-07,1.4840209827480148e-08,-9.44241056138511e-05,-9.448172478524042e-05,5.761917010286818e-08,3.595287975684159,484.3415285800448,6.955426525294849e-06,4.454675911611193e-06,0.31730642926969116,1370.735762624591,0.02016768868730237,1453.524540694918
269,0.6331548051162416,97.53334357740977,0.3066240702580666,96.85746029111351,0.3692592160381813,1397.4350800137354,1378.805356423925,18.629723589811185,0.11984997512661956,0.10856036947949399,1.030579906203903,1.366117182651313e-06,1.3493236374777986e-06,1.6793545173514625e-08,0.00015360324675668284,0.00015354486066200703,5.8386093039018e-08,11.096091663140754,199.26144297538013,7.884176618463362e-06,3.473796329817458e-06,0.2842789431945484,1378.9558649049686,0.018124475766429577,1025.6638328670997
270,0.6068520110735052,88.82176186929107,0.2731878011390833,88.26804461192484,0.28052945622715597,1436.8115234825136,1412.9896656044095,23.82185787810229,0.19278879024175788,0.09888433110748979,0.9327145273689548,8.231379627688457e-08,6.855320282779051e-08,1.3760593449094077e-08,7.485757929476897e-06,7.431483901338399e-06,5.4274026872393526e-08,12.992065505589565,115.41799650375067,6.830168577451851e-06,2.879783172673554e-06,0.2681086953056107,1219.9003608738112,0.018643884434169568,1453.330135795568
271,0.588470656527499,83.80524526728951,0.28565931984835086,83.25187550838228,0.2677104390588813,1375.3495651907147,1357.3633547582006,17.98621043251225,0.15433183755799001,0.10357742700580957,1.0089610220710563,1.0549137631299367e-06,1.0419103709920154e-06,1.3003392137921774e-08,0.0001192489814299514,0.00011919729586116904,5.168556751198698e-08,5.147617926581027,142.39160402846008,7.199529217036131e-06,2.6153810150542387e-06,0.27787701686576677,1166.135030336718,0.018571913101652855,1019.0053867397255
272,0.6452548025446322,100.88614195732617,0.30701280620434196,100.26662598598078,0.3125031651410799,1580.7835304394432,1559.3905547360382,21.392975703406293,0.11428085732722991,0.10493997410531,0.9907929237977112,-1.0082112955713762e-06,-1.025461882877832e-06,1.7250587306456164e-08,-0.00012525078241608394,-0.00012530839113035358,5.760871269487254e-08,18.883377538370333,449.1456159205237,6.455913081009681e-06,2.8127379855437492e-06,0.2781848641474428,1399.0902317983412,0.01860735332328724,847.5863615678645
273,0.5931070585885697,81.4467299324447,0.2343704733292948,80.9535519614718,0.2588074976435968,1497.298608156552,1479.4060580045852,17.89255015196909,0.14218995533067738,0.10395650602687292,1.0115255401245316,-1.4514596462189654e-07,-1.5989322720650331e-07,1.4747262584606745e-08,-1.9607506418275513e-05,-1.9660471585748826e-05,5.296516606840616e-08,35.07932854468521,443.8523475244938,6.023852297083515e-06,3.1784255243255344e-06,0.2781846500289981,1113.3399003895802,0.018080980508919334,-1105.620955194623
274,0.6817866751405575,87.70363071154908,0.2471808725145904,87.24915120880107,0.20729863023342324,1443.692039149813,1428.3301198714666,15.361919278345967,0.1434283866582646,0.11410455981209311,1.1343689449013472,-2.3811316572634338e-07,-2.5375471314081653e-07,1.5641547414473232e-08,-3.299027486423909e-05,-3.305448463678412e-05,6.42097713210111e-08,10.70607126723917,611.6650898877044,6.799744077399683e-06,2.841175506617179e-06,0.3170478132202246,1189.5933580861815,0.021411194345658493,-30.119974731514958
275,0.5859887187766579,82.00447711750732,0.21541484591659812,81.61210989035362,0.17695238123709664,1600.3900090298723,1576.174653270392,24.215355759479962,0.10098470998611664,0.1009708517298231,1.017517864244074,-1.025609446620244e-06,-1.0401235064883043e-06,1.4514059868060632e-08,-0.00012365186914804088,-0.00012370266562018365,5.079647075563267e-08,27.10469923624767,359.0571785310976,5.202449888739848e-06,2.971397395081349e-06,0.2783296723124208,1150.2909841303067,0.019293387202601483,-460.81018837725424
276,0.6291518332938907,79.67818388731389,0.22346387733588235,79.23450689894261,0.22021311103540295,1320.7634487697,1301.9621692410603,18.801279528638666,0.07699060979356892,0.09762298563033033,1.0070068671041772,8.662962488072474e-07,8.497841797094871e-07,1.6512069097759965e-08,9.846016145690323e-05,9.840815240031732e-05,5.200905549539521e-08,9.09657406612529,126.7726401949131,6.6770259725294595e-06,2.906599325568275e-06,0.2582387042277867,1139.0377968375894,0.019665098677810414,364.31157158892165
277,0.6393900076360385,90.33544970441746,0.2740245129913339,89.67737782832928,0.3840473630968454,1443.590384063235,1421.1335485553846,22.45683550785035,0.09742151613941698,0.10048691972303299,1.0529069188690734,6.565706041009881e-07,6.436147133241817e-07,1.2955890776806197e-08,7.390098086254766e-05,7.384996409877009e-05,5.1016761965140236e-08,5.250618529085821,3.0138672359555967,5.806879761518915e-06,3.495915000110231e-06,0.26647988040539533,1209.6396947533954,0.0180480214480011,1107.3207837388509
278,0.6865272872254992,102.34370112906092,0.32683727632913046,101.70544979730145,0.31141405543033945,2236.6665500311547,2220.9824524988126,15.684097532343946,0.10403252359736832,0.13886582843029946,1.3496590027255826,-2.42843360960057e-06,-2.444988476121299e-06,1.6554866520727542e-08,-0.0002898593571676434,-0.00028991887133515443,5.951416623526792e-08,9.202091337585049,453.3815114786594,7.991677109250193e-06,3.4803207051287837e-06,0.3543623860930153,1431.041241250477,0.019742443617388084,-990.1487148866872
279,0.6113165721632594,78.7173046839391,0.27601297432484534,78.21807503501465,0.22321667459959688,1456.3586656446375,1441.2284741530011,15.130191491637214,0.10078530690922198,0.10071737594454216,1.0229719010687102,1.5205895765036354e-06,1.5043534208115653e-06,1.623615569206992e-08,0.00017701473608407403,0.00017696059167909652,5.414440419063479e-08,15.113952134451683,576.9789928594272,5.993523526478031e-06,3.7113295005180252e-06,0.2754756765409827,1068.6021283036966,0.01970916313460061,-2045.1794358025109
280,0.6948337329770525,95.96466708465971,0.3310748325741744,95.33906648972071,0.2945257623648282,1537.0783914763017,1517.5750312963776,19.503360179924925,0.09879533461859694,0.12609920736496102,1.2901173851505439,2.694775765536159e-07,2.5245422683278574e-07,1.7023349720830278e-08,2.7971466998177247e-05,2.7908930194702014e-05,6.253680210195967e-08,11.056912859214977,393.6065101641054,6.3070959081558804e-06,3.3900216823225135e-06,0.3308513734870024,1354.2677247921545,0.019484568412562034,1414.3764314172586
281,0.640222661938394,96.62498775904453,0.30071884920613257,96.03383702919892,0.29043188063949377,1369.7359204639756,1347.6890242029096,22.04689626106665,0.13558070270419617,0.11374893276060587,1.0796083124008231,3.995160605534388e-07,3.855031921121454e-07,1.4012868441293411e-08,4.092351432201417e-05,4.086293499174984e-05,6.057932878159379e-08,6.557577943492669,296.566381987623,8.19531921091462e-06,3.102751032644138e-06,0.2990721107930237,1321.4236786186086,0.02003439752401081,2229.8560919505144
282,0.5774514789939483,75.48386772728105,0.24638595221349394,74.9509873983389,0.2864943767286495,1540.288410617262,1523.799856783218,16.48855383404505,0.1205635805819276,0.09324864203273805,0.9416342089826626,3.768594694189248e-07,3.6326850279801564e-07,1.3590966620909147e-08,3.992695944296595e-05,3.98755367359107e-05,5.14227059321254e-08,8.962380951256646,431.90741199345916,6.106415402144702e-06,2.3351996815124025e-06,0.2590771926415603,1042.8874017081555,0.018898125623930978,1322.6090000018048
283,0.5994758063079331,76.44429662239293,0.21463298847695117,76.04853290616904,0.1811307277469255,1918.392167406579,1900.394887721612,17.997279684968362,0.08744006404368103,0.09681102321274651,0.9938662630820436,2.587173397304096e-06,2.5688623987143675e-06,1.8310998589727728e-08,0.00029656728535677827,0.0002965138352581821,5.345009720118346e-08,4.933283316260406,335.19865152135486,6.668584728466595e-06,3.5457270528630534e-06,0.2710020590152447,1048.5765917160063,0.01900134895482769,85.58799333989009
284,0.7595961353343219,136.71523351509282,0.45559340435462264,135.9603674602315,0.2992726505066848,1426.772563302735,1403.8722488991693,22.90031440356476,0.11894769742405337,0.14994365124005374,1.3634579627496612,-4.043677407258625e-07,-4.2426051108232977e-07,1.989277035646723e-08,-5.3639650956084364e-05,-5.3712113714777934e-05,7.24627578491552e-08,272.5219283291694,579.3110669035168,9.384204241551765e-06,4.190747139339755e-06,0.3534279425194326,1876.7060095995982,0.01771818541620298,-205.93329656143032
285,0.685073063322883,116.5484077439267,0.37652403550307584,115.98626621269949,0.18561749572412012,1585.6257824861816,1567.275711954675,18.35007053150618,0.20223048276718242,0.13182422080537426,1.2317555355743026,1.080325154795262e-06,1.061297032918838e-06,1.9028121876424063e-08,0.00012004381388829747,0.00011997622339722538,6.759048965313777e-08,7.633173090964579,566.7669986544644,7.5454433346165685e-06,2.975382485040972e-06,0.32568259236041874,1632.3650271217602,0.01857092920108781,1100.9382880493904
286,0.6016739480575091,82.08205471404442,0.27128284854002516,81.6102751449477,0.2004967205566925,1481.1476128131842,1462.4228563307495,18.724756482435495,0.10930956582133648,0.09461076474580411,0.9120862461072852,-6.476066155872076e-07,-6.648669107076127e-07,1.7260295120405203e-08,-8.529901693377538e-05,-8.535634465818879e-05,5.732772244444627e-08,4.872345045072601,784.3218221438856,6.8696710977341355e-06,3.0696560432900863e-06,0.2537950186747956,1109.757289040061,0.018222922696533906,569.0411516236927
287,0.6133731662355658,94.10014883476983,0.25910410509461557,93.61873405967481,0.22231067000040552,1476.2127587532466,1456.585031840483,19.62772691276425,0.11526609936112621,0.1145124637216396,1.1439758524848287,-7.12603820848446e-07,-7.275438452505142e-07,1.494002440206817e-08,-8.565404138340098e-05,-8.570959040420235e-05,5.5549019740726944e-08,7.790656013242334,278.2697625117727,7.5766960872980875e-06,3.7531936391992114e-06,0.2944730036270355,1322.61427079558,0.019990687548931876,-1479.8122458247308
288,0.5863457577623368,72.38440037586567,0.18921451244398144,71.99668468375503,0.19850117966666453,1355.1777584335705,1339.134960583198,16.042797850372953,0.1485390430208088,0.09637595177989175,1.0008137175526675,1.0773409117419836e-06,1.0647372073350461e-06,1.2603704406937665e-08,0.0001229416648567379,0.00012289200555130504,4.9659303770141654e-08,10.361294346349723,95.20948289996252,7.870486150629128e-06,2.9190264548497476e-06,0.2639795611206409,1011.5600440589476,0.01899146302959821,-620.163831118658
289,0.6285695653064363,83.22288048651014,0.244826323365976,82.76752992729496,0.21052423584920338,1397.2813251846824,1382.3849581987504,14.896366985936753,0.1780484758237744,0.09799795388397811,0.9266043984719546,1.385696559627019e-07,1.2500346553445584e-07,1.3566190428246079e-08,1.126501390555827e-05,1.1214902688640978e-05,5.0111215797100504e-08,4.897280824868061,524.5360050714507,6.407760922559888e-06,2.3405055973960944e-06,0.26563919097780664,1145.5326083600717,0.01727145327442041,-1183.6724303276242
290,0.6453601509725811,82.32694878644898,0.25144059158581383,81.83601921944398,0.23948897541916203,1491.3338375654769,1459.0864738940709,32.24736367140624,0.1405137735511211,0.10008659669379406,0.9583567819386586,-2.6296145442109235e-06,-2.644243528669268e-06,1.462898445834403e-08,-0.00031403408071645607,-0.0003140849434633316,5.086274558595158e-08,11.65204135521174,821.900165061932,5.902334579065304e-06,2.6078773765118126e-06,0.2697221882152791,1157.6289540244848,0.020298984736463983,2049.3347674063116
291,0.65314083894542,97.46038889917753,0.2879682976100759,96.90722753102446,0.2651930705429864,1382.9997231675616,1360.9377554194512,22.061967748113076,0.08809604524972568,0.11915596602771762,1.1864986411179148,-9.478552379719797e-07,-9.64522360736509e-07,1.6667122764528936e-08,-0.00011749130990888847,-0.00011755383593975369,6.252602956602292e-08,11.089970262540863,786.091335246421,6.874561859303065e-06,3.2964057613710114e-06,0.3001613716655032,1393.5423609389868,0.01801371604616326,1399.8453825550023
292,0.6837523068614504,90.27781013093092,0.22814415332956778,89.93614842351869,0.11351755408265385,1457.087007554283,1438.6938592654146,18.393148288868602,0.09816633537610552,0.115818497919428,1.1585638794735824,-8.131991513813203e-07,-8.282843542872114e-07,1.5085202905891242e-08,-0.00010048329875763275,-0.00010054311000208004,5.981124305999869e-08,10.469245476553382,544.1106968084624,8.002421751328738e-06,2.641319208164584e-06,0.31089333828316235,1291.0103700520867,0.019345577999428373,1546.1740710547674
293,0.721026137291794,117.34620322782119,0.41235265995050047,116.64391232871122,0.28993823915946587,1656.5670629199644,1631.2881572738827,25.278905646078506,0.30591245255058375,0.1323892884587666,1.2472239008621118,-2.073149875075248e-06,-2.0894780728826606e-06,1.632819780741325e-08,-0.0002543468369849093,-0.00025441250066530997,6.566367824292969e-08,14.999838759253503,165.24288376949013,8.097527690828481e-06,3.274757276937373e-06,0.346737715919587,1631.7018792596928,0.018555975213766167,1759.8758942869026
294,0.6780129151672054,107.10402437615726,0.32609904108431936,106.68567512462192,0.092250210450984,1676.6846177880325,1645.13418834241,31.550429445621866,0.17994906293142351,0.12681204503229818,1.1478164313014918,3.1387246724817634e-06,3.1182082335026617e-06,2.051643897910258e-08,0.0003687055600314972,0.0003686479964796411,5.75635502434815e-08,6.662556539442224,778.5599551374193,6.817708860014574e-06,3.4257045584899924e-06,0.31895739609045215,1512.9411806505223,0.019997880730672372,1383.4089274534854
295,0.6266295078277481,103.45753501907214,0.30628998232426835,102.82864660494232,0.3225984318055346,1529.363405223458,1509.6708002031696,19.692605020288067,0.1498590319568611,0.10893105643802171,0.9745991794110292,-5.222457682840692e-07,-5.410984270856035e-07,1.885265880153463e-08,-6.32821692835576e-05,-6.334372222968107e-05,6.155294502909544e-08,14.622493972742586,571.0591245301684,7.879938616696338e-06,3.1746483664542913e-06,0.27532633878080137,1431.5150914846145,0.017888267471016787,263.62490655968577
296,0.7084057686141134,104.56187380050943,0.2925908912840485,104.00554762377307,0.2637352854523234,1953.9889743274337,1923.7407222850618,30.248252042372275,0.13547051350017653,0.12231519696711866,1.2279352228047637,3.410848853548548e-06,3.3939670033147162e-06,1.6881850233831598e-08,0.00039451960326915845,0.00039445456052122874,6.504274674715958e-08,46.21219852511791,711.292521306092,6.7430738851057825e-06,3.513221398635815e-06,0.3240520564396591,1453.1702427083635,0.020093896444911535,-433.0130737792533
297,0.554106071543648,85.54092738412491,0.2381598033742667,85.03950986843462,0.26325771231599804,1372.6886693037095,1353.049307658512,19.639361645200562,0.12192689054437544,0.09553836271238181,0.9005110337275879,3.263666684132086e-07,3.133054264739336e-07,1.3061241939275266e-08,3.3179196883341744e-05,3.3118454901269516e-05,6.074198033884355e-08,3.9732280712756287,205.87416744219578,6.35126437513405e-06,3.3541641647422584e-06,0.25609944495148346,1118.1641553209063,0.018243128307195128,-1890.3434418585784
298,0.5849420165487252,75.4423138089909,0.22676208716980287,75.08685129059451,0.12870043122658298,1367.7358022202752,1354.3808402505301,13.354961969747398,0.1272401714446585,0.09485818837508943,0.9890764214202897,-4.757434303778725e-08,-6.05913415646277e-08,1.3016998526840452e-08,-9.558803667552509e-06,-9.612372786175015e-06,5.3569117372029075e-08,7.567756293784389,257.89854632658444,5.747208532857088e-06,2.619865526784132e-06,0.26094306212841467,1081.0774410420768,0.01916832464892307,-1118.5878316170674
299,0.6186151782980656,86.94328687543545,0.2585817146578789,86.42194223851469,0.2627629222628711,1649.0034784221034,1629.229438804603,19.774039617502076,0.208621565122782,0.10649772616116203,1.1055541326715748,-1.681800211896417e-07,-1.8010169532261287e-07,1.1921674132971169e-08,-2.4352172708965286e-05,-2.441147163418414e-05,5.929892409416751e-08,6.664269496401008,112.04080595666596,5.642376690042485e-06,2.3506773333762673e-06,0.29039828361297715,1180.5264943228956,0.019296228875283462,1566.4969908164094
300,0.6300842453072438,88.93473746112741,0.25673749392332335,88.44688850160831,0.23111146559576434,1517.895923218165,1499.509453013483,18.386470204682055,0.12058595450623916,0.10650144474533935,1.002930243466306,-7.839214244298937e-07,-8.005262218921735e-07,1.6604797462279676e-08,-0.00010276722902137589,-0.0001028179442953543,5.071527248430217e-08,61.618137269921895,408.9059906128473,7.022459047075319e-06,2.644119340101608e-06,0.28333831231729445,1269.4932246351161,0.01890724696086293,-473.4657477006622
301,0.560342877012693,80.82780695060497,0.28622958343700144,80.25344322156367,0.2881341456042862,1743.6421531853616,1723.5625865967056,20.07956658865915,0.10648546723528866,0.10012810093929977,0.98671536325958,1.129389449504219e-06,1.1123621415641965e-06,1.702730794002201e-08,0.00012344825541609858,0.00012339392047115127,5.4334943781754396e-08,8.180336030412793,477.810929042917,7.698016406297888e-06,2.921085039881918e-06,0.26360941201026683,1150.9013713906231,0.018316088443655842,521.9238081981784
302,0.6674948927318477,95.00773315021083,0.3195795127209489,94.45028559585421,0.2378680416356613,1666.5989177015254,1645.8117633497964,20.787154351727526,0.22027477346648613,0.11127053550262919,1.1154925906387667,-2.104219691404499e-06,-2.124389753844865e-06,2.017006244036621e-08,-0.00025481780886026247,-0.0002548911420495106,7.33331882033149e-08,12.060804998322139,258.97895365693466,7.073299871893041e-06,3.932445799666731e-06,0.28842238604136433,1320.8740332968,0.01860564567711871,-971.5099719360005
303,0.6390225282696644,86.07487218384394,0.23969574494692383,85.56997262450737,0.2652038143896351,1412.4069838214623,1395.8996278994096,16.507355922054735,0.1546700622318677,0.1136330052332888,1.1170719332165429,-1.5399291040628746e-06,-1.5556907235221366e-06,1.576161945926197e-08,-0.00018731241271790174,-0.0001873786960762924,6.628335725282651e-08,13.182508576716895,1200.359032915614,6.519806359498408e-06,3.2333760850533925e-06,0.30641358865574597,1200.2300920806674,0.01922626039171685,-1053.850109898849
304,0.6588855520812997,89.47827611235738,0.272004222040327,88.98308303173597,0.22318885858110116,1163.1535278609276,1138.1363590232722,25.0171688376555,0.12941768302388237,0.10426801850981099,0.9744002076553469,7.736746580765891e-08,6.003183731833819e-08,1.733562848932072e-08,2.529547780582819e-06,2.47762099895144e-06,5.1926780221345116e-08,12.128904109573028,419.05930679639664,6.128422771061418e-06,3.1099488902252313e-06,0.2732576265858334,1253.8614689773317,0.018246091805725978,-85.48391419168547
305,0.5924485102927795,81.4752101074536,0.2193907822106859,80.94903240131852,0.3067869239244137,1200.8847413573073,1184.5170942980537,16.36764705925302,0.10852035879684883,0.09994216526378333,0.9786523832180719,1.0711795495274892e-06,1.0573565361022307e-06,1.3823013425258595e-08,0.00012143359153176692,0.00012138038788478907,5.3203645907732976e-08,83.39627928514881,563.3838990880308,6.6375617312193984e-06,3.138908526258276e-06,0.26788288965966617,1125.7799350976268,0.01715916812451943,737.1685130690494
306,0.6856761392061326,125.34411808436377,0.4194853520445878,124.55922089420402,0.3654118381151654,1529.9922108955707,1512.6236062353746,17.368604660195352,0.20873906890871566,0.12995203715256215,1.1165159860922151,5.322235035193341e-07,5.162465066071313e-07,1.5976996912202766e-08,5.739910314036945e-05,5.7338095816932424e-05,6.10073220169184e-08,29.079880421248195,690.9974889774828,8.77898936988636e-06,3.39138527315141e-06,0.30926522285769453,1829.6640992720304,0.019097465544515895,128.1297383655292
307,0.6078413236471591,83.03258328392378,0.21073387617899897,82.58071120634095,0.2411382014038484,1323.0951388837584,1302.1109260886924,20.984212795064703,0.10467751453502236,0.1030971094695888,1.0569719967779216,-4.2857165538144403e-07,-4.4204428772031956e-07,1.3472632338875386e-08,-5.431028649762365e-05,-5.4361368608701596e-05,5.1082109767146e-08,24.333548687675297,315.8039966868365,5.971983263575048e-06,3.4637565160148637e-06,0.2885852329013844,1177.5475340581622,0.018220804480331684,1310.4260152339557
308,0.6745517846531935,94.81019144556623,0.27877026098017343,94.35656774480768,0.1748534397783692,1523.3162031072952,1505.3263397924995,17.989863314794047,0.08964909045312155,0.10936043048469575,1.0320664560780781,-4.3785534724793405e-07,-4.5403678698012734e-07,1.6181439732193275e-08,-6.036524404145368e-05,-6.042546459175178e-05,6.022054856293968e-08,22.031636367512768,283.247750331374,6.783518285265662e-06,2.68584610859487e-06,0.29059362778025716,1293.0699921897417,0.01929135806228015,1589.1122261174642
309,0.578159233303139,78.99922941059341,0.23928082530197145,78.55421381167149,0.2057347736199593,1457.7372731631685,1439.4418176916795,18.295455471487248,0.09316899697826181,0.09032068538611623,0.8982810463187604,-2.1393398876921418e-07,-2.3011243600126016e-07,1.6178447232046017e-08,-3.247004696167695e-05,-3.252165207984191e-05,5.1605116769102424e-08,5.582772451212262,413.33360300536054,6.178012291840797e-06,3.688421488564163e-06,0.2537116905397809,1086.8698118034451,0.018483712720788182,2239.0069408520358
310,0.6473919420979395,86.80988051242159,0.2449562171578434,86.39264415839935,0.1722801368643811,1327.1036768366596,1308.5759851330547,18.527691703605107,0.157877512569992,0.1182185300496932,1.1543310254306813,4.1279296264305204e-07,3.972164686809525e-07,1.55764939620997e-08,4.5672771946210756e-05,4.562083102270798e-05,5.1940922213117185e-08,5.8759854235111,542.4476140111431,6.745243911720977e-06,2.656671613925261e-06,0.31217569204952167,1214.833315664064,0.01801079762367042,-338.001710937162
311,0.5514346616561798,74.1904964891334,0.19617250773713132,73.78370694006692,0.21061704132935005,1538.134692700278,1517.4226158133188,20.712076886959036,0.15108844033318075,0.09145832154171396,0.9250142892518257,-4.880792885924302e-07,-5.032158226209735e-07,1.5136534028543484e-08,-5.8398488979968995e-05,-5.8446558952299683e-05,4.806997126515034e-08,5.804831796280114,159.66502217636437,6.390596572631215e-06,2.78078075772275e-06,0.25131951679726433,1002.1020608323349,0.01926543223544367,907.834216874151
312,0.7446518266117946,117.1106618732592,0.37955146157153713,116.29797089490047,0.43313951678717566,1644.2929061584452,1620.454739049432,23.838167109013323,0.10869618874865267,0.15127235496793293,1.3942260587844975,4.56733974777144e-06,4.548610876723174e-06,1.8728871048266628e-08,0.0005323513711808057,0.000532288022308282,6.334887107065745e-08,8.242391732444895,570.0894636503491,7.562681930004845e-06,3.833552296796199e-06,0.3695236178616557,1614.8887076196602,0.020444177412718072,-1266.5149248900852
313,0.6366599893436742,109.41952273995878,0.32781965631977494,108.83578762590338,0.25591545773562574,2025.3899520674881,2005.9337825204389,19.456169547051687,0.2317108881461038,0.11637159954308088,1.0299599695632853,-9.735282970113019e-10,-1.7696999302631726e-08,1.67234710056204e-08,-4.619597340144202e-06,-4.67534686538889e-06,5.574952379384321e-08,9.93678381378838,944.7517859366812,7.519485809211388e-06,3.591958711937985e-06,0.28688217662050164,1533.0182592666397,0.020626939672824706,1017.2208213995073
314,0.6678851836289723,109.20832611837972,0.32232145378599114,108.74882202417179,0.1371826404219381,1779.9602330602195,1753.9346871041992,26.02554595602025,0.13404442297181202,0.12336444297443566,1.1486722055127199,-2.5111066965919145e-07,-2.7134880205472945e-07,2.0238132395538116e-08,-3.9459256538779196e-05,-3.953385295248353e-05,7.4596412255797e-08,6.19301034691009,441.60472884569265,7.3058261837635445e-06,3.240884781236669e-06,0.31783091233266353,1536.7607598435973,0.019071532931707855,439.4768921401228
315,0.6093169346792128,92.42270279781195,0.27574777333250644,91.80421339795438,0.34274162652505613,1423.4344464619255,1398.7127348103422,24.72171165158277,0.1730370057085524,0.10730338312303286,0.977491623788331,9.038781980796799e-07,8.854643157120597e-07,1.841388236762023e-08,0.00010480189948667877,0.00010474679454098111,5.510494440450087e-08,22.075999765002887,442.49797026397357,7.427604966504091e-06,3.2345209273983485e-06,0.27750957138898424,1282.5040779442977,0.018187152119417245,-134.43609797831232
316,0.746319486196547,117.56425685036093,0.35366589387423364,116.74861008981797,0.46198086666872334,1249.910347301369,1224.917260706541,24.99308659482847,0.23032290055914142,0.14357869801407597,1.3259617093707121,3.132431958810837e-06,3.1134649131997588e-06,1.8967045611078915e-08,0.0003645207175383156,0.0003644606782749724,6.00392618732604e-08,6.016839708423337,333.37555892933506,7.503527139743283e-06,5.096588004875244e-06,0.3566211640077132,1637.6686566008575,0.01781379122905486,-296.7566982928365
317,0.6541473540008861,96.38858090350756,0.29225107819430207,95.88768911470062,0.2086407106126369,1661.1343670649442,1639.7246656188684,21.409701446077698,0.1428501847783905,0.10749758931394215,1.0816705962205775,9.055639247215673e-07,8.89686624261811e-07,1.587730045975587e-08,0.00010076024590330413,0.00010070071472463048,5.9531176920621524e-08,12.053254030877003,176.0643228435171,6.872275424125076e-06,4.315398197802042e-06,0.2785118386727406,1388.1222062008117,0.01982005535723783,-2748.611447958443
318,0.660619998437342,103.14092565805106,0.3041148194181421,102.58275482642277,0.2540560122101664,1551.8888236909233,1529.0416930102522,22.847130680671285,0.10695686970748103,0.1225923272897081,1.174233424559713,-1.1280701357671806e-06,-1.1460700238209629e-06,1.79998880537818e-08,-0.00013836431904525506,-0.00013843306334484636,6.874429800244726e-08,14.46657297766211,708.5248582936941,6.333023152013106e-06,3.268375768704349e-06,0.30600412539868704,1448.0125156985846,0.019381100604762155,-359.7183816721954
319,0.6258443247800463,74.70533334483189,0.24346627147225158,74.13387784753853,0.32798922582108814,1750.0004200845456,1732.2084572691763,17.791962815369942,0.1190233726333515,0.09084143007017462,0.8917666089526741,1.963618019849183e-06,1.9474456589523873e-06,1.6172360896795653e-08,0.00022319879288017528,0.00022314418226440148,5.461061450541211e-08,5.449820560972189,855.3027259313968,5.71073423968478e-06,2.927816601273029e-06,0.2574432923893007,1050.8905275002273,0.01961195159214014,-695.6170461651091
320,0.5812449249511878,77.9489913148387,0.2117646162558846,77.52087279430077,0.2163539042820332,1317.9915364526244,1301.0578508795047,16.93368557312021,0.09296072285982125,0.09925773427381358,0.9700874433541828,4.5881523677022e-08,3.247860577390927e-08,1.3402917903112713e-08,8.982901702498493e-07,8.47785934902355e-07,5.0504234063241335e-08,8.509607261361392,341.39766262000853,6.109628694158572e-06,2.8914271580789172e-06,0.27335967772027703,1085.726041011611,0.017031855066278915,-1585.1534757142035
321,0.6294529136759677,84.44841860413027,0.26484813819561903,84.12250534764462,0.06106511829003732,1354.7946190484702,1334.8667364671103,19.92788258136152,0.08758442171203687,0.10726685126412314,1.073172698009706,1.4845134213715188e-06,1.467882541152504e-06,1.6630880219014143e-08,0.00017149588241805412,0.0001714387328451173,5.7149571715619654e-08,21.99319377060068,448.90561397370647,7.445187798708945e-06,2.6267714379219835e-06,0.29101410245271736,1236.8189079733284,0.020550994922899128,1286.6525584402116
322,0.7061775912260262,111.85371543775874,0.354105058898694,111.10221929460862,0.3973910842514362,2037.68711382887,2014.2378783227423,23.44923550612863,0.1360995996522348,0.12492892369512482,1.199350789105356,1.932053771434787e-06,1.91855883055264e-06,1.3494940882147812e-08,0.000222442752653565,0.0002223821166085417,6.06360430796599e-08,12.560782552237503,521.7226121618211,1.0136886784975522e-05,3.2043851024433224e-06,0.31527009814745427,1585.7188029338354,0.020444029609161366,183.327259345504
323,0.670301216113051,93.68572090764131,0.29816027507724857,93.13287804945173,0.2546825831123029,1951.0670484896566,1932.339641035229,18.72740745442826,0.13933990117310888,0.11743165543233362,1.1713943217697427,-2.7020221690366193e-06,-2.7188401790044074e-06,1.68180099677877e-08,-0.0003251891080931917,-0.000325247646040595,5.8537945988956014e-08,8.622798503625182,239.26590842461303,6.9920030662076705e-06,3.4648929899297524e-06,0.3094077044634945,1290.8314302561362,0.02023808131486961,-1108.493974946552
324,0.6283678787123466,78.49532100330005,0.24208661326089514,78.00796069690443,0.2452736931347195,1292.5088973616437,1267.8889732585399,24.619924103105134,0.11409021622926081,0.10643067284219443,1.0455518635988421,-2.0042184957345005e-06,-2.0181378697447345e-06,1.3919374010234258e-08,-0.00024161733874167963,-0.00024167016904109382,5.283029836646638e-08,8.612744675860721,493.70005620810286,6.5011670057561075e-06,3.1878986441799112e-06,0.28609458351705824,1139.7755738077271,0.019171191014180272,-631.1531757994599
325,0.6757477270206813,97.42044417624341,0.2794246852257301,97.02031704833765,0.12070244268001694,1445.5833962841527,1427.1698406086687,18.413555675483487,0.1602248966192827,0.1034517425149291,1.0428956833990313,7.534531014390052e-07,7.393769832135562e-07,1.4076118225449071e-08,7.487688448653965e-05,7.481924687358134e-05,5.7637611611522975e-08,12.134872554231045,480.1562689317169,6.524009780080974e-06,2.8770870060727123e-06,0.27198239486502523,1294.1866415371028,0.017573748196309868,27.120176971529872
326,0.7121003047529609,103.9333977985311,0.30835172175381387,103.30052700011537,0.32451907666192004,1975.2070646780958,1955.9017199405669,19.305344737527754,0.11222566538152524,0.122280413936095,1.1581703946712285,-9.71212466047811e-07,-9.886445721408021e-07,1.743210609299054e-08,-0.0001195816904175652,-0.00011964760152573265,6.591110705683634e-08,13.360120100130404,496.7277243910231,1.2412448004228917e-05,3.5509553739794163e-06,0.3142021060173599,1441.8020937486394,0.019919007227004293,6.019873103792634
327,0.6289253062858033,89.12078442650471,0.3517612073877772,88.43839540179302,0.33062781732391594,1664.7696023228589,1645.255126677371,19.51447564548807,0.14705848948227637,0.10258134394208589,0.9791642384461426,-5.354143223811371e-07,-5.501765223164596e-07,1.4762199935322142e-08,-6.755243544851972e-05,-6.760628386661667e-05,5.3848417231362004e-08,12.261366052637026,502.6069663998406,5.768866749209016e-06,3.7760930285597167e-06,0.26240119394794964,1239.663148118132,0.018698743611517563,815.7977831527387
328,0.561030065527684,74.03187172744916,0.19501315874693967,73.64066723552418,0.1961913331780505,1446.918767696991,1428.7697508118108,18.149016885181535,0.10893326043383349,0.08939666377245441,0.8905992470323773,1.1413422906471339e-06,1.1275902586673017e-06,1.3752031979832203e-08,0.00013076691800253953,0.00013071444194118372,5.247605992429397e-08,6.720884455744628,291.08347470637284,5.560443341320452e-06,3.4886843174141906e-06,0.24824334244653642,1040.3024662151076,0.017650006992556443,1237.1994384894642
329,0.6329576065238008,87.9140527059097,0.257921955713539,87.36560747675443,0.2905232734417443,1311.217052391368,1288.4766438474323,22.740408543935885,0.11158971857046189,0.10333155008841508,0.9835920751134467,-1.0657845840100353e-07,-1.2295564991099733e-07,1.637719150999384e-08,-2.432670308055604e-05,-2.438432476165342e-05,5.76216793674953e-08,5.752658359924827,705.1232600176534,6.460777308622162e-06,2.4100371101739555e-06,0.2720245007116842,1242.3126746236867,0.0209118873161596,-971.4720231510473
330,0.6550566751106368,111.56817066740345,0.3520278987613517,111.02453595499799,0.1916068136440951,1715.6780958708102,1692.3740468945057,23.30404897630441,0.08863164046432005,0.12678837438329768,1.1360219167728107,-3.549463898530099e-06,-3.568399493314605e-06,1.8935594784506085e-08,-0.0004287107868287084,-0.00042878173395548855,7.094712579340644e-08,26.763200856318235,608.7282218395396,9.415223667435668e-06,3.4136159495762593e-06,0.3073454462997623,1560.2646474694643,0.019940912730010883,432.93776811235875
331,0.5877322587753627,79.08411860360711,0.2148743559412899,78.63971027087399,0.2295339767918187,1286.6345972013187,1267.4130211948668,19.22157600645071,0.11938031841686089,0.10261196575919697,1.0041094823747332,2.484058841010401e-07,2.3585224107661777e-07,1.2553643024422368e-08,2.5729531547346703e-05,2.5676296301346607e-05,5.323524502554804e-08,5.988789650618243,417.0289984658452,7.317476070614952e-06,2.9296813769528454e-06,0.2706820508370701,1080.9717729390245,0.018783234997843155,-151.04295669098065
332,0.6090691652115012,80.54748255533137,0.23200844143962318,80.00921176471498,0.30626234917675266,1137.1572037367691,1114.6589039669602,22.498299769808188,0.13935724219344878,0.10014396720709233,0.9749997443493014,-9.439970133499442e-07,-9.57466152394175e-07,1.3469139044230748e-08,-0.00011886012017730257,-0.00011891043156704681,5.031138839783993e-08,7.493995662079456,501.88590413650843,6.169403870113839e-06,2.981392260359945e-06,0.2696948585090652,1098.7722266660605,0.01840171690937479,-485.7759605938736
333,0.7424695570222417,105.15721244348192,0.3846786042761384,104.54843705986382,0.22409677934198638,1503.979206535519,1483.1309654137708,20.84824112175028,0.26105013980377867,0.14513859940068133,1.3966590302757802,1.0568361112553123e-06,1.0410959194656966e-06,1.5740191789615732e-08,0.00012186321605248746,0.0001217963225688225,6.689348287794023e-08,10.841227416034272,343.76745631941503,7.576731808606255e-06,2.978812349550647e-06,0.378459593406218,1474.6360547978086,0.020056412998084097,2525.648658899132
334,0.6389876173431761,76.65027432520762,0.2114758672815443,76.1770414417096,0.26175701621646197,1186.9837964180103,1162.1755345314016,24.80826188660951,0.07008564490716253,0.1032408574898888,1.0487197157741153,-2.3150444318765983e-07,-2.4633805002134453e-07,1.4833606833684645e-08,-2.8494727377466762e-05,-2.8549483112603962e-05,5.4755734173956306e-08,9.68398151130462,564.6535822669638,5.984747875401189e-06,2.674149621555838e-06,0.284174020106767,1091.5231990062714,0.018526710374224938,-1235.02699759202
335,0.6071962798018826,95.8457082726279,0.2581488751546432,95.3174482898344,0.27011110763886625,1459.2348367328932,1437.5531580227666,21.68167871012736,0.20359596085257858,0.10109356252148771,0.9720437012839579,9.162858147867581e-07,8.986711631580914e-07,1.7614651628666603e-08,9.947700223372206e-05,9.941530149204607e-05,6.170074059764334e-08,13.360513191904513,418.3399106498441,7.5019106249350716e-06,3.026330985527101e-06,0.2722137368852219,1324.084244046063,0.018606698538772677,-1013.758953233566
336,0.6441126786818457,75.37675200817576,0.2453944623147788,74.810979197259,0.32037834860198017,1355.36551662941,1337.4586365145651,17.906880114844352,0.10609052196567831,0.10066370085280912,1.0501074859038741,-5.61398310084215e-07,-5.744585964458195e-07,1.3060286361604492e-08,-7.392943988379698e-05,-7.398374155131791e-05,5.430166614223249e-08,11.434856872617182,204.79724571503814,5.665360904136349e-06,2.5818593488942564e-06,0.27368269690093056,1041.6955935653316,0.018693174836079924,9.135496794700884
337,0.6169895138486061,80.93736528248579,0.24675703618446268,80.3928797927778,0.29772845352352206,1282.7208289829164,1266.6076429527363,16.11318603018282,0.17437608186853715,0.10376277064794678,1.072550065253336,9.583200292923876e-07,9.42177215250667e-07,1.614281404172072e-08,0.00010641952895249392,0.0001063703182520921,4.921069858520777e-08,13.427767819519008,-103.16960117865499,5.779263772484711e-06,2.73806396222916e-06,0.28058336929659455,1114.584381463996,0.017121016500115976,-1399.5361945563964
338,0.65311888285812,105.27417506553107,0.31779327121901824,104.62758393869781,0.3287978556142487,1480.5980798546045,1450.807789846107,29.790290008499532,0.1512319643287126,0.11926351267074327,1.1456261762442372,-1.6415157593995484e-06,-1.6701226063184422e-06,2.8606846918893545e-08,-0.0002015847075533072,-0.00020165334264001815,6.863508505794609e-08,9.538879397332025,143.17929940414874,7.563607450133385e-06,2.6656386314456414e-06,0.30773889860847187,1486.1186250672406,0.018604835967652732,-2433.1431140028835
339,0.5298258168469426,64.06450200082848,0.18907523171425486,63.70477147166784,0.1706552974463883,1619.6662599063043,1603.035334103004,16.630925803301658,0.08390493625521046,0.08441364732704842,0.8284197400809356,-1.8201051343865229e-06,-1.8346316485698406e-06,1.4526514183317571e-08,-0.00022082880037165438,-0.0002208763507773957,4.755040496673014e-08,9.751665154510135,44.005088682583306,4.8467027440083555e-06,2.6395147592257658e-06,0.23605494584538575,861.7722001374685,0.017995428427469953,324.64013356996657
340,0.664597302345024,106.46961606933448,0.32691642663066467,105.83128588309937,0.31141375960442225,1637.0787422494566,1613.6069555865627,23.471786662893194,0.15222568691127544,0.12573326451492656,1.161288563397569,1.7666527693399463e-06,1.7518310120627388e-06,1.4821757277207446e-08,0.0002041746988699888,0.00020411386799647243,6.083087245207023e-08,52.98508795398014,859.4852973044455,7.757322959276434e-06,3.3478652565052026e-06,0.3141478475182156,1448.0859363784793,0.017729006798870312,-842.2813787078849
341,0.6397257435609361,106.93846538791664,0.29105086017688464,106.33373702498312,0.31367750275660866,1411.944710132043,1395.2673017452298,16.677408386813394,0.18210399207441486,0.11438446277515613,1.0359910654967917,1.8750941860466674e-06,1.8610301659238437e-06,1.4064020122823969e-08,0.00021032935691021204,0.0002102706244849511,5.8732423994204576e-08,10.383750897655464,427.27902323422273,7.764408316527545e-06,3.113033900295132e-06,0.2864152535541562,1507.6929233108663,0.020251403434776983,-163.5197505875658
342,0.5697166002765136,75.10691019660854,0.20255295862268122,74.65218930535029,0.2521679326355647,1395.9520553742682,1378.5992883568163,17.352767017450738,0.14812412389386848,0.09082742106588608,0.8821585665858053,-8.690881899256716e-07,-8.844637830130539e-07,1.5375593087382504e-08,-0.00010521830359037426,-0.000105267820513234,4.951692199481782e-08,20.132619483381276,563.8740575009288,5.074318374389922e-06,2.9552450375288106e-06,0.24769692979695965,1040.1087732474564,0.017450693760930013,2037.7407534464
343,0.6604158803717567,103.2171615943153,0.34307922019538056,102.60643639604021,0.26764597807969087,1789.8146632882915,1763.2395119785785,26.5751513097143,0.15671130247611612,0.11209968905688161,1.0493255455172381,-2.893238584608359e-06,-2.907537496275263e-06,1.4298911666905704e-08,-0.00034688123682682584,-0.0003469350519943949,5.3815166222635783e-08,9.713552931746406,738.9770441675358,6.821690665726941e-06,4.480123636966402e-06,0.28478697146807325,1442.4066846910669,0.017475188337163442,1029.3934849513607
344,0.6647456717733744,93.46171448629418,0.29921583129373813,92.8961613162893,0.2663373387111748,1297.4058423447002,1280.1714167977902,17.234425546908696,0.10539361665355124,0.12133343447288854,1.1801545419388357,-3.171385059734266e-08,-4.689896009624432e-08,1.5185109498901686e-08,-7.4721666644215255e-06,-7.526747335912961e-06,5.458067003045822e-08,23.959957561826194,386.55102006001636,7.158735709684466e-06,3.8613888472373995e-06,0.3311094209828478,1301.567094162564,0.018256537576254128,2540.3913231581755
345,0.7003792531826966,120.35662536829803,0.385255028189007,119.55608469499293,0.41528564511608707,1232.835988757151,1206.67597996764,26.16000878951025,0.13286812751076585,0.13123240254059074,1.1897080180893385,3.0865432277239834e-06,3.0699114583219465e-06,1.6631769402037533e-08,0.0003620495876156995,0.00036198444266342814,6.51449512482604e-08,31.431078451253782,602.6484331769274,8.685604577108055e-06,4.773004765896042e-06,0.33827841049621227,1740.8151094706832,0.018810318164890334,1060.7231170569212
346,0.642351221877166,92.00398933375392,0.26967242812964143,91.48784910243569,0.2464678031885943,1659.6692966023309,1640.7921178442336,18.87717875809715,0.16130106046238973,0.11606465815581843,1.1265411728556023,-1.494832402618668e-06,-1.511528463440479e-06,1.669606082181134e-08,-0.00018183731159259026,-0.000181892809404803,5.5497810609576655e-08,12.508528721643303,255.17668148833238,6.423870331720686e-06,4.016684083134461e-06,0.30123752433199685,1278.6482337576333,0.0196920733346665,587.234137402098
347,0.6684089386712653,92.0541619735576,0.3056274012743775,91.40258581258588,0.3459487596973257,1446.156726715575,1424.95597293721,21.20075377836739,0.12455075612282007,0.10436229750780375,1.0027412468346086,-1.3286466723288088e-08,-2.7407664002393743e-08,1.4121197279105649e-08,-4.8817650080528054e-06,-4.937212481361074e-06,5.5447472003141465e-08,10.654703881084034,707.4215838597663,6.597092906324829e-06,2.9781999809483597e-06,0.27778988200031235,1278.1796837785148,0.019063526074870756,-59.045172325098974
348,0.7635821758599336,124.59173040203807,0.33363108583986845,123.97784325492623,0.28025606127195724,1945.16301373245,1925.1280459399998,20.034967792452083,0.22393615802283537,0.1406145707309947,1.2815155694528115,5.592769279719508e-07,5.419794374404372e-07,1.7297490531513356e-08,5.729880148457942e-05,5.722900600009127e-05,6.979548299533616e-08,17.96614557143149,1016.214846672269,9.154334889611072e-06,3.5155544570401046e-06,0.3566211060822882,1770.3872029338997,0.02128407843117148,1326.7480552613051
349,0.5470296995685694,73.35452902154866,0.21742037254909735,72.91145559873326,0.22565305026626895,1228.972473410038,1212.673719082261,16.29875432777811,0.06671280128622568,0.09373617973898012,0.9361386234800833,8.93828175742617e-07,8.807134134692857e-07,1.3114762273331766e-08,0.00010110281825878199,0.00010105388175043841,4.893650721892635e-08,8.665207991526579,290.0906885992836,5.985442001732584e-06,2.481772937513692e-06,0.2582445984372346,1043.3427936639177,0.018167233990028918,1252.8829169165256
350,0.6970115704490129,122.48932439207432,0.38048579884391154,121.93849813195017,0.1703404612802437,1582.7555161945459,1559.2693325685673,23.486183625979912,0.07904814974503876,0.12670556307085346,1.1464824179704831,1.646941138744349e-06,1.6287991013763336e-06,1.8142037368015202e-08,0.00019111271416166243,0.0001910504261766259,6.228798363254756e-08,16.948076749886784,620.1432481303374,9.923089061536063e-06,4.107282166551566e-06,0.30817171124399223,1705.7920625824909,0.0173462183644025,-1950.2051306806425
351,0.641347205796904,101.73628306183798,0.3279763158438715,101.05164521619842,0.35666152979569443,1435.1118442350205,1412.0507835409646,23.06106069405603,0.13124415478009688,0.11385829378899635,1.06985114610965,1.0968862674069477e-06,1.0784445761668414e-06,1.8441691240107193e-08,0.00012315483179563692,0.00012308613795154264,6.869384284891185e-08,7.35027107789452,599.5696847583425,9.039196945772964e-06,2.985827221690737e-06,0.2952730803320842,1406.6020672639697,0.019801048619292452,1473.4613996796797
352,0.6238100402987861,86.23600450777353,0.2625401348413128,85.72113908499074,0.2523252879414727,1668.0585300542325,1650.5572068405158,17.5013232137184,0.1112613375695343,0.10929498685432336,1.0423052616065647,-3.312195319398852e-07,-3.494239611664555e-07,1.820442922657027e-08,-4.528179128158896e-05,-4.534076348083063e-05,5.897219810900381e-08,18.70034932521426,599.4965747027338,6.603774099630949e-06,3.7665935648820675e-06,0.2845483210483427,1194.0259243239439,0.020349650015624037,577.5270629125553
353,0.7468639526472568,109.66358963745093,0.37410072574676384,108.82027261426617,0.469216297437992,1589.081840035754,1561.5458537859367,27.535986249817423,0.14440680562021152,0.1366140800561292,1.2723408354838368,3.389165844020744e-07,3.231445348618218e-07,1.5772049540252407e-08,3.505510396626807e-05,3.498565138310136e-05,6.94525819843318e-08,9.885420743095764,615.3780017014814,8.129227413153438e-06,3.51153491711275e-06,0.34863611193149374,1482.5271661740558,0.020019892956512266,1644.9390649145753
354,0.6133815319127544,78.65338754692607,0.21761513556737613,78.21119771579383,0.22457469556487947,1925.210286928623,1909.3038534265438,15.906433502080649,0.13964557043602974,0.09694782621899423,0.9558110000352275,-1.6016032927322415e-06,-1.6177643889329943e-06,1.6161096200752796e-08,-0.0001936044174862721,-0.0001936557709319075,5.1353444041398893e-08,6.02158812020467,565.9478242145701,5.250384608991065e-06,3.2406298821957274e-06,0.26726089023319,1096.6305195642792,0.018522688546555477,-4.30414038089657
355,0.717515330500814,108.87537802708736,0.31839121804449266,108.26934835401815,0.28763845502471824,1882.039361328313,1860.8971178805052,21.142243447807054,0.19729867174052343,0.12561682139068647,1.1220441237498107,2.477571678042468e-06,2.4606851117484518e-06,1.6886566294016586e-08,0.0002857928290015269,0.0002857274883865881,6.534061371541369e-08,24.470690290016645,311.9705777293001,8.382815475232102e-06,3.677659004902677e-06,0.3087589475603264,1557.313563734731,0.02000762716459519,833.0161312695127
356,0.7126261398756021,109.97184886528791,0.3153715964914603,109.45435047957247,0.20212678922398108,1450.1540365061371,1427.3664237988041,22.787612707333054,0.10136888934494163,0.13395470124349804,1.2575902209905945,9.003424953717481e-07,8.863544041461476e-07,1.398809122560066e-08,0.00010507446135871186,0.0001050076363472038,6.682501058105039e-08,20.748666574041607,877.5977388150725,8.02758957384773e-06,2.894907006107995e-06,0.33273019107921925,1559.3030857010453,0.02069387618001703,506.6033155381774
357,0.6063866347219109,92.82703853311929,0.31151035688450635,92.41749621435117,0.0980319618836197,1460.8927907082646,1443.4553886775896,17.43740203067633,0.13983945072373793,0.09980796406984965,0.9486587332296501,2.031855733587881e-06,2.015826326029886e-06,1.6029407557994556e-08,0.0002352301601809944,0.00023516572521725497,6.443496222907063e-08,5.959907928441441,208.36411244668696,6.895963920961879e-06,3.5521837796590325e-06,0.26689407056887676,1284.3216800983464,0.018904573973730344,2241.028499233111
358,0.6213604748894568,101.42816242652339,0.3265559690004774,100.87560286350985,0.22600359401305237,1638.745933221054,1618.2151154390247,20.53081778202917,0.10156126319256764,0.1089419767175566,1.0054745445912818,-1.2834109615400685e-06,-1.3013422392907993e-06,1.793127775073057e-08,-0.00015940730919861747,-0.0001594696999329889,6.239073315290513e-08,8.0772901850117,540.529462944346,6.897046987911991e-06,3.057434688326982e-06,0.2787520066438398,1425.6270283852084,0.019127867872641972,1540.111728758984
359,0.684220528155089,109.0496135601491,0.3412950613234135,108.34752223159693,0.36079626722873565,1481.7908977931359,1460.8217316022367,20.969166190895844,0.20368350028858836,0.1365708023241833,1.2939614984053553,-2.414541804973845e-07,-2.5508804795951707e-07,1.3633867462132542e-08,-3.260548276124918e-05,-3.266657975846168e-05,6.109699642871493e-08,42.67802442430922,481.2675117245824,8.129483584683266e-06,2.8287358560934135e-06,0.33676299964669804,1536.52407606817,0.01813297855886056,637.4274148781333
360,0.5592122902308819,60.43331582739347,0.1605143950337175,60.11983635617928,0.15296507618047736,1146.67338744417,1133.8982965018006,12.775090942370353,0.09437866767007638,0.08537080657982078,0.9171278339947749,3.893072464273872e-07,3.776293646203859e-07,1.1677881807001296e-08,4.3417203441764616e-05,4.336991538964823e-05,4.728805091392628e-08,4.0987772333322265,275.5710542871159,4.313641712603933e-06,2.4471508095442515e-06,0.24288968468107028,835.1515720913477,0.017846968439855827,-1151.0519272439742
361,0.6778943036221662,82.62967732706929,0.2145503589262836,82.07696087992407,0.338166088218945,1505.7046773527031,1484.4126937191243,21.291983633576603,0.07735626133158008,0.11173795101917086,1.1042041577814303,3.2556155624752546e-07,3.1273967706636236e-07,1.2821879181163205e-08,2.9335093953832754e-05,2.9284838649738508e-05,5.02553027510653e-08,15.738550784717958,399.8839518016026,6.792274233529628e-06,3.2781626535047835e-06,0.29112404857341323,1151.0158241894078,0.01983601349916966,-1270.917733376129
362,0.6103789244005895,97.02088404443138,0.3355723217805951,96.4718586735639,0.21345304908688167,1393.2544689546696,1378.2168283284193,15.03764062624884,0.1711141386468064,0.10170304290819542,0.962411579927083,1.2183012149785846e-06,1.1952660960967206e-06,2.303511888186373e-08,0.00013738461405221,0.00013732801299195504,5.660105863278645e-08,12.10709424027112,499.4983335444887,6.850624580625058e-06,3.1130796850444944e-06,0.25915913981368194,1365.1258845549712,0.017934417467609473,1865.2976767814798
363,0.6659262191364622,95.03803205186344,0.2741872818865404,94.6297478539139,0.13409691606299745,1648.1377034895804,1629.8878183679642,18.24988512161566,0.18188224047198814,0.10943751101001674,1.0797557742423396,3.352287425307031e-07,3.222636412647166e-07,1.296510126598654e-08,2.9693518111390798e-05,2.96306928342442e-05,6.282527584750703e-08,6.203739630159383,318.68511304366183,7.099272998952245e-06,3.169477029968502e-06,0.29218553036999967,1314.4061697327415,0.01887224788549478,-423.6936371897755
364,0.6519162371714834,109.77175342096567,0.3522862630348496,109.07977527044031,0.33969188749052265,1279.9352222529442,1253.7964958428727,26.138726410071403,0.2988032103397682,0.11833082542982148,1.0768424026728263,-1.5193746133266516e-06,-1.5455161715345906e-06,2.614155820793878e-08,-0.00018933638874856306,-0.00018940642195753663,7.003320757661564e-08,8.887479071851828,620.8949573175889,7.254740925574676e-06,3.1262937729872075e-06,0.2905266413809654,1566.1247702509793,0.01946230827041457,-703.3617544359986
365,0.6062725542156033,93.55713329196395,0.35478934045030025,92.88506395251663,0.31727999899702153,1304.3161013460997,1286.4753723761733,17.84072896992611,0.08822219553765148,0.11214575875616516,1.0652902233627743,2.4494577635706073e-06,2.4308445832680535e-06,1.8613180302552926e-08,0.0002840531099578354,0.00028399852917816465,5.458077771901083e-08,8.89958564060981,642.7631327469459,6.827474097866132e-06,2.9925963690597122e-06,0.2883946917193687,1320.4558055971947,0.017771776323892822,1466.076257218945
366,0.7090242967457399,115.73642354981409,0.3215299934746638,114.9555856612859,0.45930789505354,1621.7801801853245,1602.0098941015865,19.77028608373761,0.12347298036321158,0.13632834062312646,1.3223240880014915,-6.372071815608765e-07,-6.559889736123398e-07,1.878179205146299e-08,-8.048906424721132e-05,-8.0553099679722e-05,6.403543088165643e-08,13.497878434364855,301.4257010080081,8.00254578085847e-06,3.914852386211991e-06,0.3466409286038746,1554.2599986284954,0.018783246321634497,648.6673796540126
367,0.7065047988522619,96.55489676355111,0.2655166483905829,95.97073687340513,0.31864324175538694,1486.0939305521001,1458.015374225203,28.078556326897644,0.2034280445070065,0.11857709940830581,1.1707793330870038,1.866737217107247e-06,1.8505885198694906e-06,1.6148697237756355e-08,0.000215475981936427,0.00021541302468925836,6.295724554461552e-08,10.331044406114717,396.110529285321,7.786055260087204e-06,3.053311763551353e-06,0.29853357133747427,1354.9162017233007,0.01976009960381222,1209.6443582634201
368,0.6526165722370411,98.19043171219161,0.2597768966393326,97.58918381016935,0.34147100538292685,1436.9066138400362,1416.2284626944102,20.678151145625748,0.20392638493065693,0.11246142473048935,1.0552427781886533,3.351127745517463e-07,3.1689459080519614e-07,1.8218183746550216e-08,3.301079298188214e-05,3.295195823141717e-05,5.883474914719303e-08,9.785339936757614,403.3499604365556,7.933236221089454e-06,3.0323691339124664e-06,0.29978676445930924,1387.798480337663,0.021164324439850724,2079.0381211354106
369,0.6877469966730291,107.8369841339327,0.2946090320933207,107.20368679799999,0.3386883038393602,2552.3381392333085,2533.5961075426285,18.74203169068531,0.17029237191980456,0.11709734624908807,1.1084565515766436,2.1167729300032967e-06,2.0964028473226105e-06,2.037008268068654e-08,0.0002464444219119305,0.0002463863075852277,5.81143254608179e-08,10.04774960882496,517.5637626249626,7.5921428739479405e-06,3.426008090116334e-06,0.30747667403894097,1519.097251869661,0.01964875955996958,1556.5008990091992
370,0.5856147847997204,102.13007569135559,0.32161835287293083,101.53271441025765,0.27574292822500224,1466.5795818046256,1445.739714252026,20.839867552601127,0.07560600814505825,0.10406304646551075,0.9792146918859546,1.0654489370841844e-06,1.046719670831854e-06,1.8729266252330378e-08,0.00012110464395122046,0.00012104846581653199,5.617813352472104e-08,4.668356405615592,780.1627362538744,6.791883636623222e-06,3.5323746554722407e-06,0.27671112786406576,1426.2218141269832,0.01845511655877224,1208.8767250339297
371,0.6405996300761134,88.87127813543181,0.3211760461215652,88.38894595137617,0.16115613793408237,1530.5432687645498,1510.5686590040218,19.974609760527542,0.44477756916892597,0.10342979084063875,1.0541709719865335,3.836067899119079e-07,3.6957964152260564e-07,1.4027148389302136e-08,4.7833649347247455e-05,4.7775131707436226e-05,5.8517638253724853e-08,10.755944828790204,323.7877825713772,7.703366674117278e-06,3.554596781934174e-06,0.2661234189644007,1241.8166541300147,0.01907425405731241,135.67979336502322
372,0.6035488965337733,84.35498960604248,0.2698127265045108,83.86186012318551,0.22331675635246187,1271.8259831556936,1255.4282297078469,16.397753447847734,0.20245469035570657,0.10619971401704857,1.022966228625517,9.0583809325216e-07,8.911790782438148e-07,1.4659015008345618e-08,0.00010541526192742528,0.00010535989448422301,5.5367441995643886e-08,17.30482685880238,453.32414827243576,6.5900259284636155e-06,3.2930945839188184e-06,0.28733637364583076,1192.2572154440686,0.019596233060516766,2028.6729106224338
373,0.624414668597519,92.97033917382892,0.31921729731040166,92.3238382220923,0.32728365442623136,1769.0889927873482,1746.2117044682434,22.877288319103474,0.12822351502658536,0.1110814107408618,1.0278834970354438,-1.07310433829366e-06,-1.0888698897888509e-06,1.5765551495190585e-08,-0.00013132730404865454,-0.00013138283283118944,5.5528781417639726e-08,15.25110791217412,331.7567648967234,6.712780369599547e-06,3.143352953442582e-06,0.27858204082558974,1311.7007095832769,0.018628590880686125,251.81682413954331
374,0.7523306888426154,105.30777994661558,0.33737833722487054,104.81333960945474,0.15706199993597764,1980.5408284260686,1963.9815008296407,16.559327596428364,0.4143618153487229,0.13840494675546744,1.3069909824673238,8.57440607604293e-07,8.383535601179838e-07,1.9087047486309017e-08,9.215999879430122e-05,9.20998778667136e-05,6.012092552119889e-08,12.91620202551946,400.84189491448905,7.993616090116035e-06,3.4961614855953774e-06,0.35509821364736116,1465.777892383856,0.020185127991213407,336.2962754846194
375,0.7755342996969324,133.16497965419143,0.353040458580129,132.3800250716643,0.43191412394699324,1907.6666983158743,1881.9918541187924,25.674844197082557,0.13543026423513266,0.14865207749109496,1.320203286429537,-8.246350627236796e-07,-8.4231491857773e-07,1.767985585405041e-08,-0.00010021671643180135,-0.00010028619027310872,6.947383982706981e-08,15.521842215014352,835.5643656938797,9.162480511445642e-06,4.121772390171088e-06,0.3529626363975914,1903.7694125212856,0.021751461322411805,-2349.031851046577
376,0.6470103831823056,111.11066198811973,0.3021544701371071,110.47352721497248,0.3349803030101448,1716.1972739283776,1697.735212421673,18.462061506706615,0.1442319257237546,0.11734961007339627,1.0324183669864282,5.978821553410483e-07,5.791101510247258e-07,1.877200431632273e-08,6.284828616407938e-05,6.279337328498896e-05,5.49128780509264e-08,7.471563550821117,607.0008560183134,8.219796552153173e-06,2.799411533221193e-06,0.2883798609777891,1572.7191594219078,0.019020018176426026,1319.5827945980636
377,0.6181948805472353,81.12576144105786,0.21984889282774064,80.62743438566882,0.2784781625613173,1378.639417652163,1359.0772666068933,19.5621510452693,0.14838823004395732,0.1061188695891297,1.0465798162471798,-3.0581113208429755e-08,-4.4246724306571e-08,1.3665611098141256e-08,-6.47458172774986e-06,-6.52399480946909e-06,4.941308041555174e-08,13.29089806764663,297.87511208370745,5.975799371361608e-06,2.8908290737844756e-06,0.28168629412169804,1136.7896417965571,0.019866635848194245,965.2867413855965
378,0.646229433026841,85.97514051150588,0.22162055339966152,85.3749672211322,0.37855273697404107,1771.1916018675443,1750.843018334648,20.34858353289689,0.09554025984338652,0.11155731224277318,1.075939836792619,-1.32933232170565e-06,-1.3445588007827491e-06,1.5226479077099272e-08,-0.00016139535086373314,-0.00016144714987486198,5.1799009770808114e-08,19.37577061708479,157.43050711661627,5.184307705561934e-06,2.8891926043718353e-06,0.29457873101170223,1228.6815795217897,0.02016283271438169,-481.15897388109806
379,0.7122250638063025,107.40299635951516,0.3494419405940915,106.69936227979416,0.354192139126921,1631.4544619747755,1611.134764164369,20.319697810407312,0.10002002708914402,0.1275736475750646,1.2708492411201597,2.4331372976012186e-06,2.410937549329294e-06,2.2199748271925518e-08,0.0002742311850730672,0.0002741711073272106,6.00777444341018e-08,20.404644975032717,597.3446211842672,7.295863708675188e-06,4.449675923641117e-06,0.32744959018919384,1502.9268069403354,0.019904431631246087,1100.3604267150695
380,0.7026007626854662,113.36892349208618,0.3221022064633763,112.79676193375795,0.2500593518648461,1636.8665062773198,1613.091409851671,23.77509642564847,0.2165866747116886,0.12697799116139336,1.2482270220473453,-2.48750772334327e-06,-2.5026900572065914e-06,1.518233386332051e-08,-0.00029866890815064174,-0.0002987287408206023,5.98326684283156e-08,8.878522644679116,415.16376158143083,8.092537009705238e-06,4.29756050807966e-06,0.3176290521000615,1571.8264671178522,0.019098617104105178,-843.6278126993711
381,0.6623483842074709,105.63312009528659,0.3006668125386151,105.05384711725634,0.2786061654916002,1622.207070561985,1604.068899179578,18.138171382408657,0.1935202202765691,0.11830265764367949,1.07818511611188,2.023201223101235e-06,2.0059111070361106e-06,1.729011606512479e-08,0.00023182564663229386,0.0002317669208337787,5.872579706313883e-08,28.94015806865869,230.0520220940582,6.960718811191907e-06,3.6465680767529786e-06,0.29726518359225207,1459.4334292702447,0.019582448909301265,972.4378687028693
382,0.7198604277391474,113.07246286204408,0.3705009605505281,112.29261416403622,0.40934773745730885,1340.2514130642535,1318.5448213577192,21.706591706533736,0.13257984048273894,0.13468816897161973,1.2505432241211083,-1.6258834514726698e-06,-1.6410173610326337e-06,1.513390955996395e-08,-0.0001955667995383859,-0.00019562682865791254,6.002911797505649e-08,13.712431743980826,486.8075081740194,9.601735120382056e-06,3.204682298702761e-06,0.33002771782531554,1603.3188281467899,0.01811850900814347,141.29161159493015
383,0.6592565800449683,109.75369853908259,0.40613256884087956,108.82605491087314,0.5215110593685698,2050.198997543566,2030.2072533517808,19.99174419178612,0.13122347549687916,0.11982298159577626,1.1129750657145536,-2.0759989180338748e-06,-2.108216344424017e-06,3.221742639014155e-08,-0.00025182343085638077,-0.00025188787713720907,6.444627908537718e-08,13.086961522541959,547.8663529726343,8.655699566881257e-06,3.2348393154422583e-06,0.29405526595139686,1540.0346970291287,0.018623506669057655,-1785.6342820467871
384,0.7036532729579771,110.07408103814797,0.32020943703829635,109.34445923567847,0.40941236543120596,1505.3292271437413,1486.3904729168607,18.93875422687973,0.07434669083138362,0.1258479635377244,1.2476588771007313,-1.5707968208404136e-06,-1.5863186418733616e-06,1.5521821032947736e-08,-0.0001916836091075983,-0.00019174462630345215,6.101719432162519e-08,10.20557498413458,593.7732026270143,9.428917529877168e-06,3.374110302871835e-06,0.3223351935225481,1592.2055933160432,0.019421767742473537,1705.746033461728
385,0.6350897892414823,86.51986263443713,0.2388533199645819,86.11251586407917,0.16849345039337962,1488.395796178579,1465.5977622903097,22.798033888268648,0.09304493429920639,0.10045107647400332,0.9907313777002815,-7.03477472658794e-07,-7.194427544936585e-07,1.5965281834864357e-08,-8.830519348980567e-05,-8.836428277889154e-05,5.9089287861634964e-08,13.957571046800474,153.98750638905068,6.574161842482865e-06,2.9011668779628544e-06,0.2714213928462171,1208.24906107658,0.020144107809324546,196.00339619825536
386,0.5868417401167375,75.60834892864845,0.20005313723028867,75.11756063222319,0.29073515919498655,1184.1012313411488,1166.7139465709467,17.38728477020317,0.0895915759635336,0.08811780315877017,0.8905563711856481,-1.239565958149366e-07,-1.395712222960223e-07,1.5614626481085708e-08,-1.6168758587310875e-05,-1.622092548753847e-05,5.216689893883547e-08,5.604250277914872,324.5967390804423,5.9854546285634834e-06,2.569049253202066e-06,0.23882917351249236,1061.8985954094605,0.017412595183633903,-614.2247742927175
387,0.6046253798507181,74.4301746506904,0.19291147437798217,74.04770361220218,0.18955956411023772,1299.306630419116,1284.1204587160153,15.186171703103401,0.06754691175990456,0.10319669118555809,1.045267843606662,-6.285689648145796e-08,-7.950634505005137e-08,1.6649448568593438e-08,-1.2689565321204052e-05,-1.2740700185468928e-05,5.113486286602273e-08,3.7647402996629507,280.0188974440225,5.22607670240097e-06,2.654129980852941e-06,0.289045199688021,1019.3437792800589,0.020028322134598563,-41.30490124632706
388,0.6835470242804108,105.51565230281092,0.291348867934772,104.95955621403817,0.26474722083799235,1381.5342184055735,1360.681397087589,20.852821317984304,0.14597233236836177,0.1214020224616526,1.1203665222800028,1.920965928185596e-06,1.9047265768024415e-06,1.6239351383153372e-08,0.00022421018429216732,0.0002241444752743212,6.570901678705169e-08,11.656846095032495,1312.4836252568953,7.854509755551299e-06,4.878831923277063e-06,0.30850843295690306,1490.3260426605218,0.018896565632825674,1209.4217332143598
389,0.7198469833096479,118.7205640598435,0.32621550983717806,118.03194666383386,0.36240188617247365,1336.9010811668313,1317.5456794533845,19.35540171344589,0.08879409077030924,0.14749572305999786,1.425329548455241,-5.326685681475021e-06,-5.343091245571663e-06,1.64055640966429e-08,-0.0006354516216359894,-0.0006355158486327454,6.422699542180272e-08,9.006338350393275,740.62057748642,8.018831273458775e-06,3.820471577903375e-06,0.3616206697800239,1642.9350289510203,0.019032700772111746,-1644.8400727567023
390,0.6032983336976789,93.31799921660205,0.3401205905642023,92.72569195789498,0.25218666814285434,1259.7121672733113,1232.8957033939027,26.816463879406378,0.08459131521380817,0.11203637656960293,1.0827980281135874,-9.56847059814582e-07,-9.764182695140653e-07,1.9571209699483227e-08,-0.00012017327494563815,-0.00012023408647680738,6.081152991324864e-08,9.376993561570583,576.014627144725,7.2315053272728425e-06,4.882571227437628e-06,0.2924247313620407,1302.4685165901678,0.016363551294276513,-2348.081675405243
391,0.5979707179783935,75.78723399973036,0.19300001468901656,75.38957677950752,0.2046572055338114,1518.7987186420507,1504.328833887718,14.469884754333311,0.06587897456759398,0.10819467315285136,1.1085716443000095,1.8857351465968173e-06,1.8724681671044962e-06,1.3266979492320707e-08,0.0002163076450795349,0.0002162541110232921,5.353405503278099e-08,13.228802505465506,488.4896982882302,5.417765321074256e-06,2.9027339472417366e-06,0.29256585615704334,1058.1277402498993,0.019679863035578376,279.5355158266502
392,0.589185884639856,71.52835048700355,0.20472965679243013,71.09966352869891,0.22395730151219476,1467.4678101812601,1449.7579218367373,17.709888344523197,0.07774957823599962,0.0990598934395378,0.9713839273970785,-3.532074355003097e-07,-3.6545928951521166e-07,1.2251854014902063e-08,-4.402272273327786e-05,-4.4072512797180947e-05,4.979006255642115e-08,6.173821447296589,724.0873816303321,4.957301002168748e-06,3.863838266850932e-06,0.27245710587095545,1041.1573572846296,0.018305824802330426,-1154.2800855326968
393,0.6293064667104499,80.21274875551134,0.24205394281610948,79.73884072374148,0.23185408895376228,1514.5914966970035,1495.4545952845506,19.136901412453614,0.1347224305627526,0.10880960063611668,1.1182021245985545,-2.402321998505509e-07,-2.5243105288671644e-07,1.2198853036165511e-08,-3.098921255435171e-05,-3.104045852065384e-05,5.124596509889139e-08,31.895025143554882,270.53407069065724,5.757996238691274e-06,2.7338259298578126e-06,0.2976283361601306,1090.2483288810474,0.019265914119902805,-151.87104004594585
394,0.6569481151722272,94.77123154749128,0.28146200880202166,94.10386292184558,0.3859066168437006,1310.1921642451553,1290.3855442698652,19.806619975289177,0.12538760861981554,0.11715185724282043,1.1522123529539479,6.605542784558451e-07,6.404886926876229e-07,2.0065585768222046e-08,6.914742360114961e-05,6.908922822390065e-05,5.819537586045502e-08,21.914380276971933,496.07548244259027,6.8357452860090605e-06,2.626195020949566e-06,0.308552741734335,1338.7159477856324,0.01932826930794565,124.00838630834187
395,0.5463163110663154,72.73211233045318,0.23013964429929795,72.24670651252711,0.2552661736267584,1190.3485470895341,1171.81160207798,18.5369450115518,0.21636658644133916,0.0860023936065629,0.8420389546081626,1.5505760921638147e-07,1.405986991373853e-07,1.4458910078996184e-08,1.4211706827736125e-05,1.4164250326348651e-05,4.7456499460363474e-08,17.829981756307134,256.1066595156461,5.018890178640755e-06,3.3174120468919203e-06,0.24528647587673091,1011.9206105504377,0.01688687830605161,1432.8522846844608
396,0.7697588496821415,142.13591688419862,0.37757501686805334,141.44149364783274,0.31684821949780323,1490.7457127992036,1471.7698634856363,18.9758493135681,0.5534237654233042,0.15340512734687356,1.3859743676643415,-2.444237321771604e-06,-2.466635003673478e-06,2.2397681901873368e-08,-0.0002988091576876908,-0.0002988782593896769,6.91016999932678e-08,15.808121176325397,700.5521174464448,8.040600377034083e-06,4.113375070184739e-06,0.3688289161171513,1974.9970632484901,0.020690789687578568,3955.366836911162
397,0.6571516517098693,83.21243535642753,0.23500487292479283,82.7899605979933,0.18746988550943194,1621.4781574812564,1604.6396885271329,16.838468954125794,0.10417086264296911,0.10443255803267065,1.0337581285733002,1.7591784170857822e-06,1.7424077458366041e-06,1.6770671249177862e-08,0.00020509578755983606,0.00020504049375728566,5.529380136009956e-08,4.714621634068377,187.0963882924728,5.887684257281447e-06,3.2928721615108176e-06,0.29122685509527857,1185.9933030852299,0.019259793986936807,-1060.2806475851903
398,0.682700868397393,96.74546490273687,0.2759772348500339,96.21068799156807,0.25879967631877193,1689.0487073699642,1670.1244488065831,18.924258563382832,0.08211059109612669,0.11454935653899072,1.1302412390928056,-1.6769965626296945e-06,-1.6947399024309155e-06,1.7743339801221694e-08,-0.00020403550269111067,-0.00020409243669560425,5.693400272475727e-08,25.97715404013339,488.5518425708526,7.226254965218899e-06,2.8674669529921513e-06,0.2929589366373472,1437.0703723596062,0.01836155261032291,-602.0302008761246
399,0.6442275896045789,97.29990078544063,0.263417305027426,96.65477215425219,0.38171132616101433,1744.8049243966539,1725.4145825133883,19.390341883265805,0.10832684675864539,0.11429818177183777,1.067352826267754,5.262063088646026e-07,5.100246382740581e-07,1.6181670590544538e-08,5.6369834182236086e-05,5.6312807899368734e-05,5.7026281353122534e-08,22.665546966115055,539.9792667681791,7.90892632236914e-06,3.20442349685008e-06,0.28539989877833666,1362.3250973621634,0.01943853947049636,3145.8612008271593
400,0.7423745199788808,116.60123278637468,0.37477264465916205,115.84447122001846,0.38198892169704063,1858.6337826451665,1839.7969141151134,18.83686853005366,0.18986870373705808,0.14153430325350644,1.2954197378470202,8.00329921539164e-07,7.769749470501131e-07,2.335497448905089e-08,8.364524054387214e-05,8.357994043251403e-05,6.530010958067106e-08,10.099194834224175,1378.0175927783937,7.645859082870677e-06,3.4214157572350087e-06,0.34390373408777036,1645.5581105254373,0.0207575580802832,-1032.211617041281
401,0.6447441316674167,95.42089295931248,0.2382720936320689,94.85800918784149,0.32461167783894185,1533.6998914593064,1504.4612739789145,29.238617480392733,0.1478802184966985,0.11293279470009712,1.1342204684809518,2.0841731881354375e-07,1.883209100534368e-07,2.0096408760107016e-08,2.0994072107568366e-05,2.093655020236289e-05,5.752190383170403e-08,12.466584321520779,686.7612440753683,8.253023891626259e-06,3.4416438464295645e-06,0.2983002049077181,1391.4843279516772,0.020683441612465246,1151.6098907418345
402,0.565033729552524,70.08237362067541,0.19913031257012095,69.68523118303014,0.19801212507513533,1329.9975400642365,1316.3946247657962,13.602915298438383,0.09351214601047234,0.08574271034017833,0.8569715260239064,3.765469573199235e-07,3.6315110808508283e-07,1.3395849234840713e-08,4.095099636778311e-05,4.0900716572340146e-05,5.027979443274739e-08,20.546706106748513,410.8500220573012,6.223596111060629e-06,2.723073093774253e-06,0.23393733631516164,984.6604748723639,0.01792935511490296,-1909.325811431987
403,0.7670954581265803,126.39963473343973,0.42790306257695915,125.62750709735352,0.344224573509245,1142.3147328532602,1123.4631723687428,18.851560484514916,0.3851289015310412,0.14321540208627173,1.3615413385394115,8.722468251911494e-07,8.500792894442397e-07,2.2167535746909627e-08,9.503893092931936e-05,9.497192762904287e-05,6.700329847177046e-08,6.4337667689824904,684.5537689827285,8.926691802705656e-06,3.889886580759065e-06,0.3498938869309542,1798.7335876679383,0.019303799916063166,277.85398888835334
404,0.6247554395250343,95.99939956287083,0.24769759610463457,95.39728464660782,0.3544173201583849,1880.2692653542822,1852.904005838719,27.365259515561572,0.11128472968895031,0.10712729234818716,1.0558828498504962,8.545227592453321e-07,8.409798125442139e-07,1.354294670111843e-08,9.920089512132821e-05,9.914582643505391e-05,5.506868508726304e-08,21.939508596921137,1009.0380471616429,6.125443719395295e-06,4.710654109131556e-06,0.27742107736628474,1324.7881871150526,0.019512395274862745,1915.0795395627283
405,0.6937348675448972,106.31355654841778,0.3654382554731037,105.54335140588017,0.40476688706448893,1965.4206013856522,1943.613526495508,21.80707489014669,0.12013417051248089,0.12183402083747706,1.1263374893686116,1.6686994543900127e-07,1.5129342078027253e-07,1.557652465872879e-08,1.6230611264156813e-05,1.6168682422999547e-05,6.192883931288309e-08,13.7159374609638,880.5485171731888,8.467967140832494e-06,3.7788740309369717e-06,0.3049625054217407,1448.8780967836126,0.0205617239069424,-1261.5610918515158
406,0.6439144773358951,104.60353317283385,0.3240906670496808,103.90820070592093,0.37124179986323524,1900.9846133515853,1879.0778673723964,21.90674597918945,0.17253419718418142,0.11345367631260347,1.1245918099038743,-1.0859345032532291e-07,-1.235551059564027e-07,1.4961655631079837e-08,-2.3161807202889417e-05,-2.3222416135945942e-05,6.06089316025681e-08,7.853388453816175,553.3147580695494,7.563104488523481e-06,2.7651904830905166e-06,0.29517876226776185,1483.2496026673798,0.01972703668503424,1174.9542102167215
407,0.5920101108640244,79.46823355917849,0.2533955174623163,78.95365074472961,0.2611872969865512,1803.7675201804923,1785.2343183770402,18.533201803452272,0.1109424797016763,0.09935359150052307,0.9806125810714846,2.4518907900306465e-06,2.436213055978597e-06,1.567773405204877e-08,0.0002833464958593768,0.0002832967409355523,4.975492307908521e-08,9.315076257670302,432.3437282117395,6.9249420810344624e-06,2.9369143314774456e-06,0.26274617745343043,1125.7712417603054,0.021036036294326946,169.1182465351303
408,0.6509831598272284,104.79015975520315,0.36290649467157887,104.04014606442634,0.3871071961052204,1319.0519512169851,1300.6040151366935,18.447936080293758,0.17895093252676786,0.11713143807234122,1.1074964200614454,2.10201545740594e-07,1.935536786286278e-07,1.6647867111966177e-08,1.4949523298086648e-05,1.4889273322276623e-05,6.02499745464049e-08,20.120641850346473,332.3533286577602,8.293579048573173e-06,2.5238538595675905e-06,0.30159676397755425,1475.1418288081434,0.01907124452682842,2108.6569883285156
409,0.6733608300492289,111.34337984290629,0.3437974505239948,110.75984622668177,0.23973616570049489,1447.9969361349174,1424.414433992381,23.582502142536786,0.13526583376383183,0.11662485044922263,1.1029044555213612,1.3082187597012482e-06,1.2885213534205793e-06,1.9697406280669318e-08,0.00014710204640377592,0.0001470373563745261,6.46900279792337e-08,10.520459032180044,239.62083290216378,7.995322622991845e-06,3.4599681160323027e-06,0.3077158462382738,1572.2248753095434,0.019488953216675937,1190.596949338109
410,0.7375909409719804,123.18597137274139,0.34006673883428146,122.37158679075472,0.4743178431523976,1837.103853626347,1812.8061197854597,24.29773384088789,0.10364986486199373,0.13290072867742317,1.2228707918307085,-1.3565163860022027e-06,-1.3715386679565447e-06,1.5022281954341984e-08,-0.0001662250397126469,-0.00016629513492198632,7.009520811740956e-08,7.888725677175755,597.7507473925633,1.0558745640635017e-05,3.1583065427693987e-06,0.32617276080573726,1779.8209878737744,0.020196602134008243,1521.547428000049
411,0.6484972674165008,100.91995831456153,0.3802848389600592,100.3106729563187,0.22900051928278908,1788.2847383005242,1772.2629075441985,16.021830756324132,0.12455192581882094,0.11841687964485192,1.0953532046247283,1.4349846392061825e-06,1.414337985335776e-06,2.0646653870406482e-08,0.00015820446638748146,0.00015814856386146863,5.5902524132535035e-08,5.405347211117001,439.8006989437049,6.597454760822123e-06,2.9048795484561195e-06,0.3047767004625669,1407.5464829644125,0.01933838764045459,1054.6233277876163
412,0.6042255075646638,78.68669778674042,0.24060249708323392,78.19150091176597,0.2545943778912246,1466.5107891211119,1442.1177610753405,24.39302804577316,0.18283824591124379,0.10601018309367843,1.0670239517127924,1.4259374167360388e-06,1.4114824170079704e-06,1.4454999728068655e-08,0.00016231433681045127,0.00016226311745510893,5.121935393586419e-08,7.520895513895469,219.9389263455966,6.8369516149612485e-06,3.554976209733525e-06,0.2823177041650037,1062.8691422511176,0.019257855687512603,923.8804010025306
413,0.6102039365706097,62.874952228683334,0.17089048664169432,62.49464818377147,0.2094135582701744,1400.6054748337176,1384.5824781745766,16.022996659142173,0.10730880570764535,0.09819492318468431,1.0527179296213718,2.002240357226892e-06,1.987742564259414e-06,1.449779296747811e-08,0.00023441435585043103,0.00023436684668589282,4.7509163454347124e-08,10.829995997360006,544.5810309288976,4.710392394257263e-06,3.1866261141449656e-06,0.2803475906601586,891.3739304799287,0.01831398724336608,1462.9071026198017
414,0.6306652154503702,95.14004154036508,0.3082110454122945,94.50325050757826,0.328579987374526,1102.7889803254125,1083.5855912339518,19.203389091461016,0.18112005478604926,0.11300760989506163,1.0552994371111593,1.0321301497133108e-06,1.0191120742975704e-06,1.3018075415740331e-08,0.00011792997070517404,0.0001178720336616625,5.793704204623296e-08,14.909086251494665,406.0937256815347,8.213250699367113e-06,2.908280176447419e-06,0.29089877791097285,1305.0458378218639,0.016156129687782766,-563.6930570838267
415,0.6207411819565543,89.58369510225602,0.3131088973316667,89.14751479215683,0.1230714127675239,1379.9970163121156,1362.023391520957,17.97362479115767,0.1318995042781651,0.10119575383879037,0.9664109387808891,-1.127817187892102e-06,-1.1442631580997739e-06,1.6445970207671247e-08,-0.00013722028227999416,-0.00013727397590839312,5.3693627368686245e-08,18.644371201024917,333.25264158315724,6.284420700783522e-06,2.849489646761942e-06,0.2656116259641886,1231.2166664236124,0.020586233322879833,-3611.9716351891657
416,0.570063138389446,71.21207826302243,0.20529518058805743,70.777101379185,0.22968170324938225,1096.3080749056803,1079.2250315845747,17.083043321106956,0.05922498889612929,0.09361280635176776,0.9379161932442196,-1.278114266110626e-06,-1.2922239660940952e-06,1.410969998347021e-08,-0.00015898743482973355,-0.00015903475094274238,4.731611183060952e-08,12.718118815642512,-57.57782084040213,5.883709501637799e-06,3.596886477549829e-06,0.2491672295251064,993.68210701562,0.017975510624788422,-13.31787028247345
417,0.6441700932330252,97.92467273604765,0.30905024912601853,97.52220016922266,0.09342231769901169,1386.549933985679,1362.7124773018666,23.837456683812356,0.09142717798423378,0.11416224465794841,1.107743740432231,-3.934067068411566e-07,-4.0839622136605834e-07,1.498951452490174e-08,-4.8843788290326e-05,-4.890138375348328e-05,5.759546113668626e-08,13.690484025625953,120.47842293005944,6.60568791495791e-06,2.9171738389694537e-06,0.29345202033370027,1362.0316401581415,0.01966798693056906,1809.8467194246405
418,0.5768582689286241,79.28099442898956,0.24153636236683101,78.79678355280062,0.24267451382210722,1539.4371156516702,1511.4392027929923,27.99791285867642,0.13809040710800405,0.09687697767150444,0.9920318325574787,-1.2855234338335024e-06,-1.302631590104684e-06,1.7108156271181155e-08,-0.00015432177186111128,-0.00015437290483802108,5.113297573559798e-08,9.036000147806629,465.59169343323265,5.940712628590745e-06,2.603646175376863e-06,0.2573746937400417,1129.2428418137533,0.019543136625416516,-548.6430954274183
419,0.5951265255473916,81.22005860956078,0.23052937808457843,80.66916507497024,0.32036415650596956,1637.556375734117,1620.4825005442704,17.073875189848675,0.09927244048560421,0.10228660201438812,1.0095757853562752,5.823716668212097e-07,5.662374732970091e-07,1.6134193524200503e-08,6.545636063738224e-05,6.540760840940323e-05,4.8752226903384466e-08,9.656358097958687,326.50492211747957,6.061282691644173e-06,2.5125948070878638e-06,0.2754495866722939,1138.1802346292488,0.018273083288509344,-1729.3934230308441
420,0.6042669484345549,73.12694567501731,0.2528797501827729,72.68439741152342,0.18966851331111478,1453.8000628374962,1439.215369987334,14.584692850163803,0.11646319077063244,0.09820381620912019,1.0051778332901398,4.6718998540926333e-07,4.5473942586848203e-07,1.2450559540781338e-08,4.9280609680436625e-05,4.923129426886013e-05,4.931541037599307e-08,18.79578752898585,97.00961176580503,5.402640767394942e-06,2.7722562578842644e-06,0.2731933144041906,986.0393731541794,0.019234448762533933,-2065.5737528620775
421,0.7195416183368026,104.11824954140191,0.3699080433841269,103.40731099402822,0.34103050398955187,1630.5559880995181,1607.5970505803411,22.958937519176164,0.11915238538265206,0.13016128818661524,1.2924864232804298,1.8545984220185593e-06,1.8365336431034294e-06,1.806477891513004e-08,0.00021644797405769625,0.0002163875729502235,6.040110618136501e-08,7.86792494514487,338.70147023956645,7.428202463946767e-06,3.0088834426598763e-06,0.336154417872558,1482.8916050193804,0.020343823164679396,4064.8044459873854
422,0.6030860800521878,82.79539946236281,0.2675250597964404,82.30977627485964,0.21809812770675313,1407.3548812566892,1383.557159730654,23.797721526034366,0.21578624005646022,0.10690538980921416,1.0623282489067019,-1.2420461444876147e-06,-1.2630397570968315e-06,2.0993612609216683e-08,-0.00015121558251509476,-0.00015126860781322613,5.3025296779536e-08,10.383703668716448,450.9468737227644,7.585268453675288e-06,3.0379795229353425e-06,0.2721601591521645,1178.8740133938752,0.018350228659831554,463.13562719448964
423,0.5980134847996151,67.90521627893723,0.21064970596927785,67.47930551412855,0.2152610588394153,1348.6798982513883,1335.864801566464,12.815096684925592,0.08988658838943313,0.09281987027550233,0.9304326224170053,7.041060167449641e-07,6.911932372495563e-07,1.2912779495407652e-08,7.964320213085768e-05,7.959623117680974e-05,4.697095235364951e-08,2.907834892426897,480.3526843461413,6.067504491414267e-06,4.188748387006063e-06,0.2604281717796894,986.4812607718382,0.018202393282555684,-1108.1840145139977
424,0.6658217625683439,90.57483523157197,0.22131581224576719,90.14498849377145,0.20853092555476127,1611.7935825515226,1593.3152611688806,18.478321382643696,0.11385189541431928,0.10569564143415171,1.1015261858940846,1.1922438862195467e-06,1.1736188722114759e-06,1.8625014008070498e-08,0.00013555551725182065,0.00013549483470562328,6.068254438349936e-08,13.902772166406995,387.283723527173,7.031069914074367e-06,7.905026524744101e-06,0.2838381459251678,1260.9658152147506,0.020232808974079045,746.1446081225477
425,0.5987701057848261,87.93058682734397,0.34493506196615636,87.31242899411745,0.2732227712603693,1375.111096873297,1356.5038941536798,18.60720271961651,0.1009846560968678,0.09304267213239242,0.897818819747644,3.8463056759252016e-07,3.6910681287762045e-07,1.552375471489971e-08,4.013873132104804e-05,4.008356428576266e-05,5.5167033970948277e-08,9.11592848519846,809.425403344113,6.926659061948549e-06,2.6164482063225296e-06,0.24982765293981962,1191.657351268199,0.017572883233872762,-2761.458794996939
426,0.6460947565630606,99.53469596211121,0.3373741074639403,98.82630035475232,0.37102149989494754,1255.037509960303,1231.0006725715966,24.036837388706687,0.13791986414536372,0.1129995506153371,1.051638863763502,-1.95367752588304e-06,-1.969755346680469e-06,1.6077820797429344e-08,-0.00023529125964605297,-0.000235348569406859,5.730975959111547e-08,13.65633646444132,532.2583804126658,7.384998876122587e-06,3.0722806358241473e-06,0.2916009558984218,1358.4280674338738,0.016067712335588392,871.9233507929785
427,0.5686239012021707,78.34492375179728,0.21638822690385204,77.80045629746107,0.3280792274323732,1760.6603132665587,1736.2098488395693,24.450464426993122,0.10593817727578256,0.09860442684724564,0.971719246242515,-1.2190319545760978e-06,-1.2390708165633327e-06,2.0038861987235677e-08,-0.00014907814286321442,-0.00014913054925640105,5.2406391516623654e-08,5.035780234074733,533.1717025821521,6.779831675339362e-06,2.8698507817290983e-06,0.26681816215190474,1078.5372573217069,0.019778516120714885,-351.09277151128117
428,0.6193099735162343,76.09327609880519,0.21759846321613624,75.71456726229606,0.16111037329299124,1585.6112687717564,1568.4307403606117,17.180528411144614,0.14663327143282584,0.10338369091371907,1.0203392288929434,2.6031522127219136e-07,2.428689033887868e-07,1.744631788340454e-08,2.4324687289384228e-05,2.4270792624231227e-05,5.389466437569106e-08,6.833278753124052,439.04925868095734,6.415304086967617e-06,3.4432834324291943e-06,0.28015632528166756,1056.0264974670247,0.01982528679774457,2427.424856534082
429,0.5601099710093609,64.63355171586029,0.171169989726704,64.2312574934329,0.2311242327006796,1497.803236574619,1478.668710136764,19.13452643785639,0.1433430694559299,0.0968684692747474,1.0275444859100307,-9.447610133763836e-07,-9.575845253451081e-07,1.2823511968724406e-08,-0.00011815129209573783,-0.00011819970049660066,4.840839973517134e-08,15.591312838262231,376.3146924851159,6.614043671974245e-06,2.392564325821727e-06,0.27474586585324956,902.5881644625617,0.019058440395443355,520.3110545655436
430,0.6407369235357641,101.52557992673343,0.3630458468558341,100.81330022772156,0.34923385215604125,1234.611106309916,1216.667125648704,17.943980661212244,0.13563993528013504,0.11470440407626076,1.0838732434391136,-2.858788690380327e-06,-2.872854943721051e-06,1.4066253340724621e-08,-0.00034844796249512727,-0.0003485025142240126,5.455172788736022e-08,25.55003302112673,525.2902583662392,6.514466057433565e-06,2.7160491056247648e-06,0.2960391349571169,1415.4046847020625,0.01819423187138326,501.76445878492814
431,0.6854787138420247,104.3737930156089,0.30636360130966445,103.78762663955436,0.2798027747448616,1636.2312147189461,1613.4320690237432,22.79914569520379,0.11989217518156725,0.12857351610547474,1.182192847086935,8.455162778224549e-07,8.29442077995458e-07,1.6074199826996862e-08,9.085129230041421e-05,9.079140639258212e-05,5.988590663642473e-08,12.835302528530526,167.9850209974269,7.943070038589044e-06,2.8062576550493612e-06,0.30992250920040926,1493.2858177559353,0.020093057469760357,4756.506487337458
432,0.7549125175827646,131.61539696389158,0.4042356884771702,130.77534807614367,0.4358131992707449,1554.1393690272228,1532.1533512548353,21.986017772387836,0.17335437859828728,0.15038425417513832,1.355168544914317,5.038861207858716e-07,4.835547018932269e-07,2.0331418892644433e-08,4.943786320427363e-05,4.936556031906296e-05,7.230288398337936e-08,7.764540427622805,495.2362623001657,8.555776135527274e-06,3.5420642796490344e-06,0.37038040547646417,1855.4374311096633,0.017890143579373474,-790.8995697459541
433,0.6344836426539048,76.37756236136971,0.2181272393556935,75.93486507764023,0.22457004437379577,1575.443637515308,1552.222683717921,23.220953797385217,0.07931055616628141,0.10883691463364457,1.099505815735655,-4.1591667978136895e-08,-5.489407720518361e-08,1.3302409227046717e-08,-8.328770904960746e-06,-8.383305176407984e-06,5.453427041747523e-08,21.039349711729724,429.29262691191815,6.096441458046654e-06,3.147795160906584e-06,0.29358994731536986,1024.2032226333017,0.018829699184913756,1446.4736757009778
434,0.5775951636805869,75.52686127279962,0.24121852400570387,74.99113797305085,0.2945047757430742,1338.6967040680825,1320.947542322862,17.74916174522196,0.08675399445573628,0.1036643843412195,1.0349926932961895,1.9038523677617364e-07,1.76172310528939e-07,1.4212926247234575e-08,1.7016163738971804e-05,1.6966902455448383e-05,4.926128209874777e-08,7.244650251489095,412.41067077527487,6.046330857933031e-06,2.9045550772013043e-06,0.27737315057636563,1043.8030424883846,0.01896230557707646,125.38241331756944
435,0.6697036569277826,89.17851760913851,0.3232734342991149,88.51066916782027,0.34457500701913835,1555.0471370257897,1535.6135072753218,19.433629750471436,0.12046768761056112,0.10078102279357769,1.0254964378029887,3.679057552094427e-08,2.087846888581792e-08,1.5912106635126375e-08,-5.6463941260589587e-08,-1.0988847169796653e-07,5.342452944524986e-08,8.225053276363688,447.06553360019393,7.216316525066645e-06,3.2995869294848993e-06,0.27142667431899264,1218.0661829166531,0.017533624263474462,2622.007147752436
436,0.5661486327895031,72.92265866013211,0.18978744008745776,72.4165133392163,0.31635788082835803,1376.3214750989835,1358.286916603426,18.03455849555975,0.13595454879565674,0.09646779545868975,0.9975045768944819,6.053456630314951e-07,5.903753756358471e-07,1.497028739564779e-08,6.587520781216898e-05,6.582382881334236e-05,5.137899751201746e-08,51.437937298914115,-4.532822926173496,5.1508037909744905e-06,3.092732224067539e-06,0.2635255705498857,1022.9840900631382,0.017096760305406983,769.1697335282224
437,0.5921758223750151,77.10087032454405,0.2094578472174908,76.68523570274232,0.20617677458424616,1190.1518649243808,1171.5543400955519,18.597524828827826,0.11157507719116574,0.10427796358438576,1.0479759142378637,-1.4485067217047781e-06,-1.4658041575257194e-06,1.7297435820941804e-08,-0.0001723734539152275,-0.000172423690757853,5.0236841173268445e-08,8.682946846421952,483.0044174003151,5.482073588546278e-06,2.6769102036917384e-06,0.2950048060363623,1076.8333661988393,0.018204863773564554,-413.88807283787537
438,0.6037402838128159,78.4453739505513,0.23646382415224992,77.97123503380051,0.23767509259856476,1552.727036398378,1534.4307439523022,18.29629244607696,0.13494069824675858,0.10586196080583514,1.061585064625386,-4.276450195998225e-07,-4.4763690826259806e-07,1.9991888662775513e-08,-5.4605106493465023e-05,-5.465839800584903e-05,5.3291511003115114e-08,4.442532394269251,559.2151386371403,6.041222857216349e-06,3.0015803293561912e-06,0.2786639661296901,1125.7483527610486,0.019532299126367614,611.9178496420682
439,0.5750464106649712,74.75045085899276,0.20488155304580466,74.42545384160587,0.12011546434110099,1487.9877037448057,1469.8573057712042,18.130397973601085,0.0857955591751278,0.09622571265312867,0.9317953906874109,6.274593703090649e-07,6.116353386540148e-07,1.5824031655050058e-08,7.053608356282675e-05,7.048581648844279e-05,5.0267072906853014e-08,7.947918337402628,622.310014538213,6.4682099571353565e-06,3.624769748683348e-06,0.26392332455922957,1043.2661711399624,0.017965891019100805,-317.4559829061218
440,0.6432695744295893,102.26579482263288,0.3323601256265853,101.60434380303172,0.3290908939745852,1396.4684452166898,1378.496607153727,17.971838062963723,0.08646735461966486,0.11580913942456814,1.0839888801447317,-1.9671400100513965e-06,-1.979799598387026e-06,1.2659588335630184e-08,-0.00023805880568091915,-0.00023812093911207524,6.213343037436202e-08,5.741692630572247,294.7472640577612,7.750428702824385e-06,2.70222396058668e-06,0.29308901406265037,1423.1095209440687,0.019089937030389966,2224.9736796160614
441,0.5941110301297848,75.70462402692343,0.23510154397019772,75.23785568788493,0.23166679506832527,1341.131554400824,1324.8174716264598,16.31408277436611,0.11638794055306835,0.09328374386900505,0.957758244879937,7.675958206704724e-07,7.507561618445667e-07,1.6839658825906054e-08,8.743962894657341e-05,8.738563482763303e-05,5.399411744885006e-08,6.113860044541378,421.36851657578154,6.159500648675303e-06,3.027773234678455e-06,0.259049409949037,1043.4028480628212,0.020089639846793284,771.0988364770565
442,0.680887662968142,117.32113126635544,0.32744564349939215,116.5729935670249,0.420692055831161,1651.3843138891455,1617.9802331718784,33.40408071726713,0.12837912539840987,0.12559398488107082,1.1228390703323312,8.409650494967836e-07,8.243417384826609e-07,1.662331101412285e-08,9.421191299014923e-05,9.415099209131069e-05,6.092089741268928e-08,14.600317783645233,386.73700615964896,8.602311802723132e-06,2.6663638494650165e-06,0.31452832028310923,1636.1591051735154,0.01902058649884248,18.134396992318216
443,0.5742156414672374,71.02816419999206,0.2161973049343057,70.59196379646964,0.22000309858810085,1420.5238393699055,1402.062560405515,18.46127896439043,0.11259301841559902,0.0907855860054973,0.9353632553393053,-5.194017003812454e-07,-5.324781699613606e-07,1.3076469580115334e-08,-6.499913727677314e-05,-6.50512402208458e-05,5.210294303365665e-08,7.049922836135994,350.88495058650716,8.613148952348194e-06,2.2781607130819476e-06,0.25796216872980704,991.2146003366095,0.019045136082476564,287.1406428685332
444,0.6031787325166378,84.67695423838795,0.28745792106593887,84.23201628818606,0.15748002913595527,1635.7784739282877,1616.7440517175176,19.034422210767897,0.09909830247235356,0.1028179629942583,1.0416137822398588,8.729946711702205e-08,7.275648722605925e-08,1.4542979890962901e-08,4.070223964402054e-06,4.017205284494665e-06,5.301867885137491e-08,11.956362682212477,303.39725972771646,6.6766812130150445e-06,3.06794528032709e-06,0.2752063361337255,1185.5193239542104,0.01891773859385146,-899.8120113134355
445,0.6311670630967569,92.49225484916656,0.285238521816501,91.88890463619644,0.3181116911536091,1431.5191385936782,1410.425417974658,21.09372061901912,0.11527972282123629,0.1117249220273674,1.0733966921734348,1.735733307361873e-06,1.7197178680097121e-06,1.6015439352161428e-08,0.00019811664878667228,0.0001980644065571122,5.224222827055132e-08,23.756760152286226,698.1389691686722,6.897413321499844e-06,3.3451531660564568e-06,0.29804827572540177,1296.7649395839562,0.018200609999883936,1445.8957003989635
446,0.5616716029988151,69.06309557193359,0.20427801951983174,68.6438499354817,0.21496761693205624,1707.875782472115,1688.2515295736946,19.624252898421492,0.09542625212029622,0.09898172779683982,0.9879440253763393,-1.100901928734704e-06,-1.1151968589977997e-06,1.4294930263095823e-08,-0.00013755754298520648,-0.00013761012174289314,5.2578756524361145e-08,6.543111572476985,428.0127336775291,5.614549982591648e-06,2.496513049635095e-06,0.2762416584057996,940.6580672784205,0.019612449260676942,-1198.078260137936
447,0.6417249754701028,95.30398228541584,0.26977931156663115,94.65381393643345,0.38038903741573943,2059.279437522462,2036.5464245198023,22.7330130026617,0.08647013910862891,0.10467301859556544,0.9993056169692355,-1.0395131815050618e-06,-1.056169953709278e-06,1.6656772204215843e-08,-0.00012580766182218245,-0.00012587179114971153,6.412932622238814e-08,69.87087325085817,-307.3571863019056,6.306906004030898e-06,4.891670033782922e-06,0.27718036801983537,1348.299696402814,0.019392228807821044,707.4043642550969
448,0.6314233088066562,97.07268247105941,0.3152860922348764,96.48731853860278,0.2700778402217628,1576.8449611071264,1558.1194132011171,18.725547906010668,0.16026767227983021,0.11409776881591023,1.047428920212293,-2.4228716426995454e-06,-2.4395131657757677e-06,1.6641523076220618e-08,-0.00029676936889596657,-0.0002968290885421649,5.971964478232348e-08,11.60337950771509,462.6508953220925,7.280112465021555e-06,3.078611250441979e-06,0.2898617648079109,1332.3094861023285,0.018341201092450438,1398.1343025176684
449,0.6030494342550116,95.4843750691147,0.27358957350293145,94.88058228143619,0.33020321417558235,1418.8439582470003,1395.3335293935777,23.510428853423,0.14867508004714344,0.10672373269591653,0.9817871835636832,-1.621797963186133e-06,-1.6397080518454175e-06,1.7910088659284072e-08,-0.00019520305422357457,-0.00019526025602732794,5.7201802562519756e-08,7.539111435431778,540.2864436474698,7.366236771736479e-06,2.7134986904819567e-06,0.2677793935799753,1350.502799445268,0.0178462391726502,706.333623655366
450,0.6510604073094359,94.14045195451966,0.29202075269595024,93.54836863317738,0.3000625686463273,1799.5566320586788,1780.7762649838578,18.780367074820376,0.08735280124850456,0.11774809264344424,1.127594434741502,-7.075012272062111e-07,-7.222597287158401e-07,1.4758501509629181e-08,-8.845363728370187e-05,-8.85072306471635e-05,5.359336211760643e-08,7.960630056521795,572.6863331370748,6.73186518765089e-06,2.613112282280756e-06,0.3010239696641126,1357.747512498078,0.017411770031642487,1416.3600971868582
451,0.7230993871320058,121.45020215623396,0.3352358925525103,120.76731230471965,0.3476539589617929,1584.40116702111,1561.2907837820549,23.110383239054784,0.26562979148890425,0.13039912114665814,1.208442490534947,8.774456546704456e-08,6.970529260550079e-08,1.8039272861543804e-08,6.752219569297615e-06,6.691916186938592e-06,6.030338068884045e-08,79.96822873139654,482.1427567043181,8.97005083306243e-06,3.4320032454909083e-06,0.33721066842915665,1744.1781925852224,0.019547500665245424,-118.78596929998821
452,0.664200964341555,102.39938516446003,0.32271359959259666,101.73213629295607,0.34453527191135425,1494.378461557667,1473.880229238352,20.498232319316724,0.12404666397366064,0.11416456652241418,1.0831262206427543,3.4932115134731624e-06,3.472837832908133e-06,2.0373680565030008e-08,0.0004100555878399031,0.00040999538581823876,6.020202055162903e-08,24.48537390476431,193.47045321723954,7.171790598141724e-06,2.813978930397577e-06,0.2924765670409342,1416.4433225762587,0.018313260540565077,-986.5995092969533
453,0.5753116468559392,80.05284858502569,0.23694865250764516,79.58843844518331,0.22746148733472946,1299.7130314690248,1279.088067122146,20.624964346882177,0.09870536500183323,0.0895857990025557,0.8554666699297095,-6.483629029393929e-07,-6.660683794961616e-07,1.7705476556768714e-08,-8.057027568103301e-05,-8.061934666911088e-05,4.907098700950623e-08,22.46077931921558,581.8952474176679,6.360657320845616e-06,2.667192454611521e-06,0.24279999427842724,1127.986209229017,0.01814154113445077,1367.48015317128
454,0.6035446185398754,79.35590386440032,0.21704434449587587,78.96240437280224,0.176455147102213,1617.8235900074142,1600.2992452987698,17.524344708643998,0.09865152257526966,0.09596655950604908,0.9838675538814059,-1.251377027583366e-06,-1.265918532095249e-06,1.4541504511882955e-08,-0.00015823799246199327,-0.0001582889340098383,5.094154625046986e-08,6.3991976560717,-60.94676404549321,6.511586448254741e-06,2.7217778297339035e-06,0.2636045221212223,1124.814838629039,0.019265203123378156,-184.38210501251888
455,0.6740195206667567,92.90520971290636,0.2647618383564126,92.40857526327746,0.23187261127248704,1792.5122055459822,1764.298393454686,28.2138120912967,0.1670310372704651,0.11629492020184361,1.1453808726089403,3.9961959192708955e-07,3.856736237651777e-07,1.3945968161911782e-08,4.308413510057383e-05,4.3027569230499806e-05,5.656586883817424e-08,7.859583844180246,331.66055261562565,6.677872536449214e-06,3.6763494917804497e-06,0.32161016312784485,1331.27671544647,0.020191493536576312,-2129.337374122111
456,0.6710391134689482,105.70864515135247,0.32470694768627606,105.0565529797323,0.3273852239338991,1222.9138520824192,1201.5256039408093,21.388248141609107,0.33545880848097753,0.11535037591421364,1.1297299792048654,-1.3491245864144305e-07,-1.5038194474072717e-07,1.5469486099284077e-08,-1.3694388642011412e-05,-1.3746511603973912e-05,5.2122960844239065e-08,19.798017771291164,843.5586666994207,7.355585516960706e-06,2.913368958746412e-06,0.2836943166040064,1555.8304684901645,0.018342050407951997,-2564.0357414841856
457,0.6514982875950428,96.3437757848813,0.3066169576393953,95.68347242890238,0.3536863983395274,1731.7950169842509,1705.045534905357,26.749482078896754,0.09001378437000754,0.11180994977091312,1.0386191472801947,9.057341142917858e-07,8.885753780841325e-07,1.7158736207653684e-08,0.00010243342403467662,0.00010237484168117017,5.8582352108856566e-08,7.618440665973576,522.333533592072,8.141872863752332e-06,2.8312870382514384e-06,0.29700927803454935,1330.2697526747984,0.020715090644542432,2722.9038845295945
458,0.7473809849451033,118.0744570367069,0.345957073417387,117.52665290757388,0.20184705571564418,1479.9892322227963,1458.718218810711,21.271013412083626,0.23204554341455338,0.15712743280118857,1.4782095208199568,-1.5234075893359297e-06,-1.5451944055842481e-06,2.178681624831848e-08,-0.00018517194773279782,-0.00018523440334925772,6.245561535185223e-08,34.86480981455666,1023.7057510185346,6.956610813824207e-06,3.16685308641895e-06,0.38239614925923776,1659.5129433183565,0.017969080581759778,-636.1868242037308
459,0.6205534749666752,84.52044059993678,0.22228068055842093,84.12155690750012,0.17660301187823874,1806.6555211683626,1787.4250133179607,19.23050785039983,0.14374805402141286,0.10489901572226522,1.0310413155415532,-6.340204373261053e-07,-6.517114690893934e-07,1.769103176328819e-08,-8.09942033308086e-05,-8.10478474134898e-05,5.364408149257102e-08,16.956617374950046,454.67405641717164,5.979018078854413e-06,2.308575974084736e-06,0.2734235530458502,1169.4488032221998,0.020036813396701027,400.57737096958226
460,0.6507043812370056,100.13465780708844,0.29004099558820146,99.46452453183556,0.3800922796646823,1318.6428042310772,1292.6290768031126,26.013727427965723,0.1926492429803098,0.11625955657053151,1.0891049766393375,-2.2191564638072144e-06,-2.233086278433691e-06,1.3929814626475716e-08,-0.0002656724285016478,-0.0002657308388121402,5.841030939910991e-08,4.447961434733374,821.3036881672663,6.745655995811026e-06,2.7768219309211767e-06,0.2980508287270912,1428.3365309588585,0.01913522519631728,2182.906716444446
461,0.6070340028826365,81.63205499691176,0.25124151077717327,81.11753796154964,0.2632755245849655,1349.570739407638,1331.3893278575708,18.18141155006597,0.10033157395404597,0.09418047293565981,0.9732867507199927,-1.1196367880935642e-06,-1.1372519355082855e-06,1.761514741472103e-08,-0.00013437305305257397,-0.00013443123873511988,5.818568098714581e-08,7.3783887542754325,614.5473314715487,7.884081682729263e-06,3.4454017097112703e-06,0.2584313613738977,1149.3949720907121,0.01829494122903132,-1076.7165161186422
462,0.6332228498640479,96.58615202627244,0.3028674033072711,96.03872407508024,0.24456054788492732,1560.495159132791,1540.023870696462,20.47128843632895,0.12364184383861478,0.11463092850343852,1.092122982551925,-1.4624596483893166e-06,-1.4759994977250023e-06,1.3539849335685836e-08,-0.00017950911311586951,-0.00017956478743591533,5.56743187306335e-08,6.212556127990094,353.8839323096227,7.271312548065564e-06,2.8956898625334486e-06,0.3024310461240414,1340.438422658065,0.018690811075127257,1876.034424112706
463,0.6665375266649951,120.2037172610029,0.4292992861802012,119.44415159338261,0.33026638144009957,1321.9762691495487,1298.9770885215967,22.999180627950714,0.09788005412884926,0.12520922718365807,1.1521183612192978,-1.0712014697860445e-07,-1.2517648291436265e-07,1.8056335935758177e-08,-1.4691799658616498e-05,-1.4756130016318682e-05,6.433035653561582e-08,62.650958158575705,594.7857587038419,9.941144783405463e-06,3.3537597167519518e-06,0.3113770748263653,1713.5677558690259,0.01770312255548114,1098.6877408610817
464,0.5600948985190243,63.74885037818478,0.18405945365618578,63.343087207722895,0.22170371680570078,1164.1993014603215,1148.4566072058149,15.742694254506622,0.07099848138383744,0.08154788948806231,0.8523872903517005,-5.355193846384669e-07,-5.511735513081744e-07,1.5654166669707658e-08,-6.678413296899647e-05,-6.683569614860459e-05,5.156317854031718e-08,7.035061208328262,365.9555676701656,4.756978333665354e-06,2.3277772062653437e-06,0.23448240215574773,886.3771595193306,0.01704230606985571,121.58247895746172
465,0.7781473935362624,117.50706188352981,0.29505667440368205,116.88706179641493,0.3249434127112089,1968.9576692578078,1945.9585505081864,22.999118749621452,0.12863675534849484,0.13391795218366104,1.2722091821277839,6.866251612119701e-08,5.257146163176771e-08,1.609105448942936e-08,1.2296521660949462e-06,1.166114669526956e-06,6.353749486164703e-08,15.899374551793489,693.9898209818294,8.502671383780139e-06,3.8232570621428815e-06,0.3381664290387353,1640.0943457116982,0.019127469362295348,441.13963644378236
466,0.6509093205929987,103.69979026462957,0.3190371363742971,103.06438590057842,0.31636722767685216,1630.9678542316976,1608.9327438980222,22.035110333674577,0.13469768340472152,0.10973936027988244,1.0460964634685272,1.821325497533696e-07,1.5965419024867398e-07,2.247835950469557e-08,2.0225949361354253e-05,2.0164654737218152e-05,6.129462276923151e-08,13.412480560658635,568.1121282902078,8.027586441329584e-06,2.872466207466859e-06,0.2844929704190361,1450.306526197732,0.018722417841863126,1151.2275275447028
467,0.6299469303771373,78.3904264224562,0.2503424467465214,77.8352277724104,0.3048562032992593,1419.313492410695,1402.7776954735189,16.535796937177754,0.19346425646675103,0.09908510872499393,0.9818921247328892,-1.6047165001339877e-06,-1.6177028574318348e-06,1.2986357297846643e-08,-0.0001945687367092079,-0.00019462027222920644,5.153551827157686e-08,9.663350897835418,282.7750211617065,7.820792789426172e-06,2.590632505481683e-06,0.26773157425647,1058.8812594220688,0.01973571732454414,-386.38240437960485
468,0.64100842887634,82.76460426416699,0.2618473334629307,82.30942026274589,0.1933366679581725,1551.3994778484102,1535.7431828838025,15.65629496460784,0.0972415788966052,0.10961224747338343,1.0753352214355085,2.1267733346428473e-06,2.111434174244483e-06,1.533916039836481e-08,0.00024585154551133646,0.0002458029931672887,4.855234279182477e-08,9.15628580783472,391.9127491772042,6.025157643560079e-06,3.3078004918900695e-06,0.2944227296761717,1176.883688450123,0.019466004305101512,114.0980106040297
469,0.7204691871264902,100.28601043177134,0.3207522649632796,99.69882902939021,0.2664291374178637,1375.9819138405303,1355.2100521948555,20.771861645670427,0.10027569327555437,0.12727522393811003,1.2707179403493585,1.0039282741409004e-06,9.889108707289072e-07,1.5017403411993494e-08,0.00011293229820977015,0.00011287616908442037,5.612912394942608e-08,26.230652457228008,1020.2405194720592,9.755945587894002e-06,3.4011993433489322e-06,0.3323877991593369,1395.1516594734999,0.021501873023072566,-1060.1629800452756
470,0.6832338305426432,92.0364289494875,0.3051406452519014,91.57725987428394,0.15402842995166743,1706.0633795330907,1686.9104089554216,19.152970577668015,0.17303582533063602,0.11506092781946975,1.139361882478597,-1.296022074536435e-06,-1.30991667572725e-06,1.3894601190814804e-08,-0.00015831378124553548,-0.00015837180843443648,5.8027187776221665e-08,6.895813714080024,624.6929522782124,6.007814471636321e-06,2.7858424374422937e-06,0.3001693103877322,1341.881008909166,0.018236399037945526,-1302.009237786493
471,0.6142181382999058,92.301014217744,0.2828658044805393,91.80926661139128,0.20888180187216931,1543.8011387369022,1527.25001729515,16.551121441752027,0.10732584015721246,0.09949033019688013,0.9270535542645949,1.6569847410243575e-06,1.6399822382876483e-06,1.7002502736708997e-08,0.00018863015046463092,0.00018857740290290773,5.2747560327957025e-08,22.225820090984918,422.62909435888946,7.368118172067509e-06,2.828045533255165e-06,0.26898667875729554,1275.0548152713138,0.01735861347390656,-173.29498289146795
472,0.5771194693475112,86.35900186706652,0.26531873891384783,85.72366713765393,0.3700159904987626,1953.8884616928085,1935.642383553238,18.24607813957215,0.07518779860941663,0.09899815462462233,0.9619923712392593,-6.108309241206637e-07,-6.271946094457493e-07,1.6363685325085626e-08,-8.08514006230421e-05,-8.090539722762609e-05,5.399660347290968e-08,8.944226667270836,403.4650087795076,6.641220927922935e-06,2.5233593005368258e-06,0.26094552995494036,1208.5232327262545,0.019206816822693994,125.34862768542371
473,0.5778270737553692,78.14827953539074,0.20486826625796042,77.72720032538902,0.21621094374377384,1402.0030117769068,1382.274277493027,19.72873428387826,0.22805189758465746,0.08964039321646589,0.8471168119208424,1.0748326723037215e-06,1.0620232322494262e-06,1.2809440054295456e-08,0.00012287613956251119,0.00012282599442315498,5.014513765586834e-08,4.658097827797185,362.6303196345099,5.8005552608279035e-06,3.132017841723383e-06,0.237803296333951,1046.9330689975525,0.017124517435215172,260.9732470657
474,0.6266592798402728,83.30161471670279,0.24082846607988942,82.78959733629857,0.2711889143243301,1286.1814101905047,1260.9630203701922,25.218389820309906,0.07661937943680405,0.11731090505446155,1.1712781409413087,-1.635401650421501e-06,-1.6525031360001016e-06,1.710148557860103e-08,-0.00019608786093696048,-0.00019614236672055587,5.450578202135075e-08,4.950680836580863,228.64568005173751,5.227567998075228e-06,3.1566101337179936e-06,0.31344685388617965,1159.2833696410364,0.019416937480004916,-35.92036700740937
475,0.6659840077236733,109.73888286968985,0.35313818008434367,109.01687898034002,0.3688657092654503,1365.6918164038493,1342.0254442670423,23.666372136807382,0.11654797324614014,0.12227588882148353,1.0987757744058189,2.4708515954624887e-06,2.445620918724195e-06,2.5230676738292765e-08,0.0002845086093047929,0.0002844397932381522,6.881606556130524e-08,14.437055247878376,376.7388538534588,8.074611937306552e-06,3.743447063458954e-06,0.29919951640389547,1542.3933641989302,0.01858930412539541,-151.67475560704406
476,0.6230224146462072,98.6145834318981,0.33503871372730853,97.97789255828184,0.3016521598889587,1642.4206853218054,1618.8118354507708,23.608849871035034,0.1625811420900277,0.11249086072649297,1.0255957489984764,-1.1457121785493822e-06,-1.1670652232632057e-06,2.135304471382372e-08,-0.00014454724603065155,-0.00014460490253488542,5.765650296365518e-08,64.93883054677507,429.29131542640147,7.714056916553474e-06,3.1100712431525875e-06,0.2823314891943209,1403.8998111885085,0.018137889009512787,809.5930119702134
477,0.6836845335479095,108.47990194205407,0.35756308708435647,107.92254091171115,0.19979794325856115,1859.7019686373833,1838.1100295696565,21.59193906773005,0.15490042832080583,0.12748707528203693,1.1659523481874363,2.802998177898453e-07,2.63475228480196e-07,1.6824589309649446e-08,2.196808355046321e-05,2.1908600624813094e-05,5.948292448691192e-08,12.650591338050205,455.3375443551533,8.504633303271265e-06,2.8588407383331874e-06,0.31270199744038873,1500.235740981696,0.018848017920426233,1562.2177700283974
478,0.6008873293703444,81.12501997589484,0.2543747208376821,80.59386936395082,0.27677589110635803,1141.0187218787664,1124.5390571120852,16.47966476668101,0.09142106222528122,0.09701314718738527,0.9800492785678782,9.788869243958692e-07,9.65519746976383e-07,1.3367177419486187e-08,0.00011080802500464115,0.00011075123033346389,5.6794669522172794e-08,20.563532218715714,503.09225206474326,5.506151186982811e-06,2.5931428238576804e-06,0.2586985667417768,1128.5037064038906,0.019986260761128565,1352.448290575623
479,0.7112067176935519,114.0044204425552,0.3295130734292423,113.46855641453229,0.20635095459367958,1653.0443419098792,1629.7007918107547,23.34355009912405,0.08424814442953125,0.12098037009017286,1.1510266962911553,1.8089119267509242e-06,1.7929385572345972e-06,1.5973369516327093e-08,0.00020330362140610038,0.0002032437883928071,5.983301043692289e-08,7.527558150029634,556.7271297177386,8.93787455331532e-06,3.2452438171670064e-06,0.3136364793543193,1550.0093854649056,0.0197161213801646,-2809.559221374391
480,0.6743388490823665,94.70693459711269,0.3569198097470118,93.9777777466724,0.37223704069328517,1363.3528974576288,1337.499117902859,25.853779554768927,0.20540697403869213,0.12316121929147157,1.1733367798827288,5.979734646832157e-07,5.834569483958994e-07,1.4516516287316472e-08,6.134655080130077e-05,6.1286174585622e-05,6.037621480946335e-08,9.23308655544994,347.5965373728515,7.537577770873475e-06,2.56008680830372e-06,0.3241277715241701,1325.2738742548086,0.018677052179669754,-159.05139582435731
481,0.5315535298877824,70.22542375156648,0.2034500886425082,69.83327797979203,0.18869568313193613,1682.377253415059,1663.6722168382664,18.70503657679477,0.09872290625119269,0.091525065878012,0.8893639921755063,8.593201973177975e-07,8.446491189413686e-07,1.4671078376428959e-08,9.675243576538055e-05,9.669978059554688e-05,5.2655168807258065e-08,7.918629106413798,792.6572678654328,5.32123703441123e-06,2.6665947696533877e-06,0.24690265109025367,977.2886822448128,0.018764232882200225,1026.2639667151489
482,0.7038745083014338,119.12470572335052,0.32406288657716437,118.52022894105217,0.2804138957211786,1680.7942719636367,1660.340088165361,20.454183798274666,0.17241722892047842,0.12933071535123097,1.2150186654399209,1.9141504518323477e-06,1.897581815346061e-06,1.6568636486285977e-08,0.0002205061060475725,0.00022044029655724715,6.580948836529417e-08,20.44220591864784,436.7441304969527,8.292423022746709e-06,4.096648011849697e-06,0.32971186805784714,1658.0976458900147,0.01951748187294959,1722.0347903165566
483,0.5989786341293608,75.25798449369168,0.247485740055448,74.74587095102743,0.2646278026087924,1662.644857213396,1644.0005145046412,18.644342708753776,0.11090799742793653,0.10150873479665845,1.0115853267320096,4.4359717020195863e-07,4.2882661653544215e-07,1.477055366651642e-08,4.64707356176018e-05,4.642077428519782e-05,4.996133087781415e-08,6.436481976156027,45.100264897170725,6.390029723384522e-06,3.846336754814845e-06,0.27366406575820673,1062.8951337641922,0.01858571180496036,-1486.242338404707
484,0.5843283247855847,72.9919564688894,0.22563143595314078,72.44296858300439,0.32335644993187057,1511.9917954043722,1494.5346381841146,17.457157220256576,0.0821776047847314,0.09951617596087488,0.9698147691251731,6.498975597984906e-07,6.338136848635632e-07,1.608387493492736e-08,7.247673175823886e-05,7.242635642250917e-05,5.037533417028489e-08,4.486514461478766,289.26257603423335,5.641868852710532e-06,2.6018134584679405e-06,0.2764473496257185,996.6025039112633,0.0212867424834626,2105.661862381461
485,0.6477640563640298,101.99496730606302,0.28915864198624663,101.30264905412685,0.40315960994991457,1938.1644615263097,1907.867494489643,30.29696703666388,0.10454781601742293,0.11317813855008937,1.0468694734148913,1.7251989237805538e-06,1.710359324372053e-06,1.4839599408500979e-08,0.00019501698477548433,0.00019495713031963347,5.985445462872316e-08,14.41930007163418,366.2178817270176,7.317118912061799e-06,3.186848536163427e-06,0.2881439798821566,1432.272831030531,0.017777897460260303,-228.46344260054684
486,0.6477754703018677,74.01442796167183,0.19582284031645397,73.62458350152205,0.1940216198333535,1476.8254150590435,1456.8169650203263,20.008450038717204,0.11789886217525608,0.10587937449010691,1.0897152287443612,2.102203466603931e-06,2.0884434874151517e-06,1.3759979188779904e-08,0.00024229605442240557,0.00024224776072406283,4.829369689661557e-08,14.680666365071936,439.16084156819176,5.604312038093675e-06,2.4942966701454957e-06,0.2966329966370503,993.3117914930173,0.018450880921061955,-1646.48653803442
487,0.6799089838492518,102.47704968268609,0.38112830444214896,101.73180465735852,0.3641167208854153,1804.8074668650972,1779.4969142658254,25.310552599272423,0.2385763416033755,0.11471739532849323,1.116255346267475,-1.8931880973651784e-06,-1.9073027464517813e-06,1.4114649086603279e-08,-0.00023006328002589662,-0.0002301247939548475,6.151392802633539e-08,7.316611886148674,382.29167857816145,7.398605119196819e-06,3.83351489509633e-06,0.30230230287721604,1432.6161384619004,0.020180592674582425,947.9359503871565
488,0.6467417534889386,98.39244766811017,0.34530340756434363,97.75125918575131,0.29588507479450366,1455.2269772828206,1434.138435616918,21.088541665899697,0.19686254461064007,0.11648430438918554,1.111097427382735,-9.260625370185315e-07,-9.388001242225629e-07,1.2737587204031558e-08,-0.00011475949679621046,-0.00011481467457627918,5.517777863822332e-08,8.33969350221569,741.7473197854041,7.287995635380239e-06,2.839949576586913e-06,0.3026262813195586,1384.3458409920006,0.019121568387307282,-1689.4674079773613
489,0.6953696640795677,115.44353292017169,0.40282052793650747,114.63928531018992,0.40142708204527106,1385.0941833307807,1363.0655306898168,22.028652640965667,0.1490278988533457,0.11935477019803681,1.1337727692178448,6.971999853146006e-07,6.781399903701828e-07,1.905999494441792e-08,7.777880494828236e-05,7.771247935971396e-05,6.632558757425028e-08,9.727001818572358,375.55536186480435,9.611685370076815e-06,2.8974497195715406e-06,0.3006603857934888,1594.7318718871782,0.020383531257109008,-878.0696189442169
490,0.5528293713411454,71.33322556001067,0.20820132441364256,70.95173681033006,0.17328742526696925,1183.7834448571705,1163.8657549246777,19.917689932494678,0.09898559434767674,0.09343900635160987,0.9281707714509381,-1.1705469560142267e-06,-1.1848110024913521e-06,1.4264046477124636e-08,-0.00014606736536640117,-0.00014611341185413051,4.604648653436441e-08,5.096993915786669,275.8992027302743,6.6051837069512085e-06,2.7619281265963514e-06,0.2523900027527122,985.7906440042459,0.018808690672878364,-937.9014608233265
491,0.5872635316809355,74.95984791036723,0.2557597482937645,74.42285313057111,0.2812350315023528,2059.2528901510273,2043.9984809178056,15.254409233223646,0.1908721929235386,0.10574851258218843,1.0635337411294095,-9.454003331832882e-07,-9.611175903635138e-07,1.5717257180225325e-08,-0.00011364745172577189,-0.00011369976890613635,5.231717908319902e-08,9.853900360064001,446.9686176715001,6.0513361400762865e-06,3.129929224690645e-06,0.28329070322166267,1050.3502615035582,0.01910648659787548,468.35147432786107
492,0.6557436997391242,104.6662709688157,0.30839435494731193,104.08119188421657,0.27668472965182406,2018.4307910124762,1997.4633037256701,20.967487286806353,0.16007743265370786,0.11679463559838461,1.0639022622199774,-4.24673228482816e-07,-4.395362553789678e-07,1.4863026896151708e-08,-5.594451335581153e-05,-5.601211648958613e-05,6.760313265915228e-08,5.804350846183735,862.2249852780894,8.46547109172436e-06,2.789287306958247e-06,0.28787722381250525,1438.5480241125026,0.01749426024425691,-3130.811004979998
493,0.5800464932998781,80.95935823372743,0.22621054049832,80.42499986954424,0.3081478236848877,1443.733418360715,1421.8231874955536,21.910230865161797,0.1768224928268263,0.09224785136402441,0.9240850541927709,1.3542009427676254e-06,1.3397156976634093e-06,1.4485245104216235e-08,0.0001573301028551059,0.000157271017356704,5.9085497398566297e-08,13.181284230207156,-172.3456055250396,6.9036433342625736e-06,2.8219035190802252e-06,0.24892135121124864,1146.685007025213,0.019193247433413333,-915.5745689273754
494,0.689897445049872,103.86535800085285,0.2768421225036057,103.27242467880612,0.31609119954314563,1826.957896175817,1809.1801368172985,17.777759358520377,0.18452205681502445,0.12293417280843574,1.1728045804121014,-3.6292113205311283e-07,-3.7754347732882983e-07,1.4622345275716824e-08,-5.000150188403814e-05,-5.006565506318248e-05,6.415317796216189e-08,7.1626470817602765,507.3620962470509,7.065944892041512e-06,3.1643019688534237e-06,0.3184889206007423,1457.3641323487136,0.02042348209059285,1411.1661682039703
495,0.6439696667537844,88.26396246238687,0.2518889590599864,87.70783458718135,0.3042389161455416,1347.9520099745835,1331.388134336554,16.56387563803068,0.2766165562820951,0.10824062846456078,1.0795985764065783,1.7808019289720493e-07,1.6287246785537763e-07,1.5207725041827302e-08,1.797550907640991e-05,1.7918442609907686e-05,5.7066465405862695e-08,23.82904509867858,251.12702152951513,5.964589879903402e-06,3.623251931916983e-06,0.27970665129384265,1199.5717644614624,0.017247938379935972,-2160.3128376684144
496,0.737868499600902,140.53619769010254,0.41575679498677914,139.64615253444885,0.4742883606669501,1823.543953670061,1797.0506230846295,26.493330585431295,0.18332687634486047,0.1449809717293005,1.2508772526401728,6.18158773666176e-08,4.162081533738232e-08,2.019506202923529e-08,-1.8176307925999747e-06,-1.898718155741074e-06,8.108736217337553e-08,8.731129711949327,774.3754033911637,1.1538839819306236e-05,3.092334627563134e-06,0.3410102724534003,1961.4503477478129,0.019221311631388707,587.6523196479466
497,0.6859728710984301,111.47203942115472,0.3767142672370467,110.96088934752142,0.13443580639624206,1399.3270707046286,1377.206994977346,22.120075727282515,0.16019059936015106,0.12806180969927844,1.194278110964696,3.0799313718140094e-07,2.8999759143940996e-07,1.7995545741990904e-08,3.4223444449519256e-05,3.416080327078354e-05,6.264117733818594e-08,24.145538196283958,619.8592921203584,8.485374448358905e-06,3.0036523874272742e-06,0.3197672959843411,1583.3196811366893,0.018696776381474264,-377.0854636115546
498,0.6354339503194869,85.04007877522695,0.279355864438175,84.51801573718627,0.24270717360249502,1478.7865890367448,1460.4340702727327,18.35251876401326,0.12684989286745374,0.10549087061016728,1.0340662019959235,-1.8706802141882011e-06,-1.8832426787195342e-06,1.2562464531333416e-08,-0.0002270462401098255,-0.00022710073239913715,5.449228762070383e-08,5.087433448807994,456.6064846492389,6.585034298513393e-06,3.225178254427002e-06,0.28423521395162044,1161.7841706171266,0.018234885823185682,-1620.9226894221465
499,0.6457131593112853,100.30270687604205,0.2857505432306408,99.79320249842665,0.22375383438476326,1339.3135317513947,1318.4055028076305,20.908028943763345,0.16645834257663,0.10597316782379188,1.0131345956126634,-1.3641620752321318e-07,-1.5311107551272694e-07,1.669486798951376e-08,-1.7377866243684042e-05,-1.7446516016306252e-05,6.86497712797384e-08,6.104033988302948,358.60894660350783,7.616139895839833e-06,3.317282330731479e-06,0.28591578951246005,1379.8926384624735,0.019037283185956804,218.09365711634746
500,0.5672124075161226,75.71106100857241,0.2062970590480969,75.28065594649328,0.22410800303102568,1567.4441825733832,1536.1927752401843,31.251407333197882,0.15165176988923953,0.09775790785137983,0.9484161375117118,8.186890305139315e-09,-5.559780352269655e-09,1.3746670657408961e-08,-4.122267126635368e-06,-4.176364082710353e-06,5.4096954834598963e-08,7.8107514533357865,697.8229906717426,5.429668458250545e-06,4.358449916748609e-06,0.2583010664909611,1048.229191002222,0.018763727235913318,-2228.70454663529
501,0.5595022813867128,70.09568668889527,0.18123085696691624,69.71469318396936,0.19976264795900245,1558.0770685841358,1542.1237478438395,15.953320740297805,0.15803088741936347,0.09421496096842384,0.9499554887055658,4.18020880244204e-07,4.0436992849293666e-07,1.3650951751267302e-08,4.8747935935506206e-05,4.87010102395101e-05,4.6925694418116124e-08,3.9678800213627574,208.8764000596666,5.511121978547942e-06,2.89122852869224e-06,0.26113584707194537,959.0858975110933,0.01958168755214102,434.854592127318
502,0.5851324002522785,89.26969649583548,0.285077557415536,88.65609086983756,0.32852806858239514,1632.2376451653454,1610.8916748093977,21.345970355948133,0.11575023821300055,0.09926494521250921,0.9288959512677721,-1.5948033236338873e-06,-1.61336765678048e-06,1.8564333146592197e-08,-0.00019478646678245602,-0.00019484417243704867,5.770565326983961e-08,5.374377835873165,488.0691385817556,6.198911610388477e-06,2.7629866199530005e-06,0.26254224630512113,1255.722361422085,0.019461192535397253,1104.752452419245
503,0.556337203327327,76.59899418234252,0.24158800940342667,76.15886381723725,0.19854235570185833,1503.4883938618595,1488.3208971492136,15.167496712646399,0.07789112898834198,0.09222791785955924,0.8956149137642869,-1.5772607533411797e-06,-1.5920010964182466e-06,1.474034307706692e-08,-0.00018993252961759728,-0.000189985987135767,5.3457516776682407e-08,24.240057336699,284.2896873667513,5.95743139109873e-06,2.8298109651427783e-06,0.25215287019357163,1116.712350465189,0.019521817403326456,-491.1002467888211
504,0.5745418940595599,80.33600499059169,0.23967996268306024,79.87988233951567,0.2164426883929495,1316.4259830078345,1299.517691176223,16.908291831611844,0.0893252324989513,0.09310202713180334,0.8943385232501281,-2.9873043854631336e-07,-3.1647212495602814e-07,1.7741686409714694e-08,-3.9525217266712026e-05,-3.9575789727295284e-05,5.057245926706672e-08,13.124285343558968,370.28296989190795,5.610505804081018e-06,2.3394005732656476e-06,0.24776625638730437,1138.1834637937552,0.018330777127878964,2110.5168147980694
505,0.6468220622221313,97.59029743623783,0.29371261485672917,96.98165707887534,0.3149277425057601,1246.7185547496142,1221.9785323590434,24.74002239057164,0.1347075934063424,0.11277753860788357,1.0915302543367107,4.80552734435275e-07,4.637861856247729e-07,1.6766548810502135e-08,4.8950915390095305e-05,4.889475334898807e-05,5.616203929367404e-08,11.993302566441077,451.5442115193418,6.524961851348006e-06,5.187183619019588e-06,0.3027551698747905,1362.609583431914,0.017974931074048434,-833.0158252179244
506,0.5815672708958991,65.41265515006198,0.1663859036354783,64.92713610066255,0.3191331457639561,1586.3452535157471,1571.9666209354657,14.378632580283137,0.09253978543053776,0.09381670585648275,0.9512608475178046,2.264836314677461e-06,2.252236769684892e-06,1.2599544992570253e-08,0.00026648441553886644,0.0002664350722004885,4.934333693108915e-08,10.211836922009393,279.573387765261,5.5812408284688746e-06,2.6125444192947758e-06,0.2645217800871885,902.6298171364253,0.018268507474628853,555.7359033052526
507,0.5895949299727149,80.01567716212824,0.23188688670886748,79.49338783466544,0.2904024407539475,1362.7589752803651,1343.4958909995394,19.263084280826195,0.14090072075306817,0.0977656132584754,0.9375547337521051,2.15872928586194e-06,2.1440321317252346e-06,1.469715413670574e-08,0.000250601300044368,0.0002505428652946684,5.8434748204210504e-08,17.132281769591085,497.94912607352944,6.461975172811032e-06,2.7977325955448367e-06,0.26560612037189774,1142.0421555447015,0.018869132449340967,936.1214829901874
508,0.6125265025463049,80.1052214967234,0.24859239792215443,79.55905893144218,0.2975701673590563,1697.317312671741,1679.1586849016253,18.15862777011754,0.1484259952823942,0.09997750940744304,0.989311229327454,-1.258321794529954e-06,-1.2731770729695275e-06,1.4855278439573363e-08,-0.00015287523906072563,-0.00015293161127373373,5.6372211826276816e-08,6.728021472233103,1357.6557695652118,6.139827610525938e-06,4.188643752976918e-06,0.26572672949599574,1127.1173460838265,0.018250984991996098,8.663333192398568
509,0.6493530556327781,105.41285507665442,0.3593460318496259,104.7994493072834,0.25405973752142924,1543.4476695037565,1521.0641976891275,22.38347181462901,0.09929593333182095,0.11920484169647158,1.1019058877358066,2.3034143816109422e-06,2.283058567693665e-06,2.0355813917277145e-08,0.0002662435352923964,0.0002661859069934046,5.762829797565898e-08,8.659811947415363,466.33152372161743,9.719896894548845e-06,2.5249654508820245e-06,0.3034168927261594,1491.8960446202861,0.018613209648955575,-652.372748509486
510,0.6063168760123621,102.57057564495574,0.29038617791802185,101.93365458587547,0.34653488116224007,1523.3594085183463,1500.00211622208,23.357292296266976,0.23659917293924856,0.1122161988318279,1.0394343389761587,9.25474725911424e-07,9.120231265646251e-07,1.3451599346799194e-08,0.00010401399396622266,0.00010395331227026202,6.068169451777256e-08,40.518862970809565,685.3857177385663,6.863974923358976e-06,2.8143343868653262e-06,0.29129256195547215,1452.190754304728,0.018342729168334983,783.4619214408776
511,0.7057355881401446,113.1001240179289,0.3050842508824605,112.24970506315464,0.5453347038918039,1508.44113739698,1486.2824276394858,22.158709757494886,0.22762653481930115,0.12758738819285895,1.231825399052511,-4.107784486753119e-07,-4.2761654264450654e-07,1.6838093969194727e-08,-5.374253284603029e-05,-5.3804928324852755e-05,6.239547670802353e-08,29.71410459579866,630.4152445970251,7.844397139085589e-06,3.474458710742565e-06,0.32552259897090774,1644.8978634660903,0.019437994368045303,-454.54766927859237
512,0.5890407413932287,70.43951406422083,0.23019089876348522,70.01641947967715,0.192903685780185,1441.0300017105744,1422.6814086885993,18.348593021974082,0.11203493676599538,0.09776169145484638,0.9728082254995967,-1.5103281040846165e-06,-1.5223514867381528e-06,1.2023382653536276e-08,-0.0001831430506810853,-0.00018319099639078483,4.794570866526919e-08,6.943447230221345,202.81025736286657,5.442566150937752e-06,2.5821343909970626e-06,0.25352471628630385,991.8202870858785,0.0171753930582028,-1400.7995863299438
513,0.6621732323898905,97.72919348943918,0.2328086717019472,97.3237648522022,0.17261996553504258,1687.969123896981,1665.9117217882686,22.057402108713138,0.1572194734449274,0.12781112625217456,1.2121620231145591,-4.3913458622078057e-07,-4.549604144733924e-07,1.5825828252611854e-08,-5.3203760777850506e-05,-5.326087925577892e-05,5.711847687328408e-08,9.157752666496435,667.4287777196041,8.666048182479268e-06,2.9750785312864977e-06,0.32730242660269604,1386.2555403513265,0.0186036186931741,-903.8353982617955
514,0.6252279921040321,79.52341094105275,0.2517018238094577,79.12116170720769,0.15054741003558472,1282.7085416361135,1262.093619621396,20.614922014720328,0.08895217630185402,0.10344935957477065,1.058015170251346,-7.248177876501807e-07,-7.374030242949412e-07,1.2585236644760383e-08,-8.588762098207883e-05,-8.593764753664911e-05,5.0026552785948516e-08,5.184498991549567,229.8880603138633,6.3927366335034756e-06,5.148851400150787e-06,0.2818598377952471,1104.3320187996378,0.019071230733283855,41.00296931986668
515,0.7419456726443279,128.05984034756656,0.4268066836968946,127.26617740929898,0.36685625457074067,1518.6743581679218,1496.0478374954296,22.62652067249099,0.22266187907882104,0.1423952518539733,1.2698892947083473,-1.1903485216597333e-07,-1.3703663796403368e-07,1.8001785798060453e-08,-2.3871663423790637e-05,-2.3940982250196935e-05,6.931882460164254e-08,26.877469291659583,621.2439261686958,1.0256798268625819e-05,4.475598372292393e-06,0.3455611703265148,1825.1216295123904,0.0198895727952277,1022.6187820251798
516,0.6054580449796989,91.71102020971266,0.3102788327998717,91.15761765924132,0.2431237176714493,1388.6734172369534,1368.1300990860018,20.543318150952523,0.11793661417856449,0.10442472283371758,0.9756840822413415,7.151709553088281e-07,7.013988563450479e-07,1.3772098963780394e-08,8.087756120259209e-05,8.082313625236343e-05,5.44249488883263e-08,8.527147948367002,638.8270193222673,8.278654973847357e-06,3.266304790211197e-06,0.2586397822154682,1267.2212663907742,0.018182684083544932,-220.46987397276098
517,0.6588257982584754,77.93787416340864,0.20810671729708763,77.49678155893355,0.23298588717799162,1589.1822506843794,1570.697935587583,18.48431509679663,0.09005329216100241,0.11557126717270322,1.2191504744594188,1.1452299447909977e-07,1.0153223960593598e-07,1.2990754873163763e-08,6.984736946508189e-06,6.934150236172298e-06,5.05867091765166e-08,5.297296081018751,717.2603815212599,5.81098454171836e-06,2.875058544922073e-06,0.3153379646204003,1079.7444070768695,0.020982746961010927,2351.85641539696
518,0.6282944943912362,98.36615763465328,0.29970145883796234,97.7166900577386,0.3497661180766813,1537.6394702010523,1516.2107251982975,21.42874500275526,0.1391456216785832,0.11072496599122501,1.0147895064970625,6.794632340231447e-07,6.64628127568399e-07,1.4835106454745658e-08,7.514363450104687e-05,7.509013602785188e-05,5.349847217503372e-08,22.188436255904197,439.06627816994546,8.32625717895031e-06,4.059525262967127e-06,0.28769353927177854,1412.0488701773265,0.01767600159387665,1079.5031052267404
519,0.6249697371543547,74.20195457086528,0.21283681131638738,73.74542981078602,0.24368794876285663,1886.4099357796595,1866.162762964369,20.247172815288618,0.08298879227220458,0.10476488585614713,1.0304476326508574,2.8840510748561835e-07,2.7268878031549734e-07,1.571632717012103e-08,3.1148216240160856e-05,3.10962996840911e-05,5.191655476101868e-08,4.935755894137983,-391.8798573698018,6.599743045710484e-06,2.929881215006654e-06,0.2938564699068064,1064.1628258397534,0.018731020849211858,-16.47129388124813
520,0.6069850676584859,94.3376734090651,0.23809091046636843,93.72529552567401,0.3742869729247183,1368.2400271353222,1351.118054667792,17.121972467532153,0.0991443283290069,0.10122941020671535,0.9330641823996783,1.9783740322275696e-06,1.9578064571028304e-06,2.056757512474054e-08,0.00022962944551066627,0.000229562795700193,6.664980946512219e-08,8.241212895111461,399.38734908812347,7.300919399467448e-06,2.894329013750405e-06,0.2659042173577062,1338.962883971973,0.018438160807160164,-828.4155431970175
521,0.6665191449845405,101.19172440386882,0.3181772563604741,100.5805354484438,0.2930116990645769,1514.6951810893902,1491.8364017046392,22.858779384751262,0.11002981279403115,0.11775157257740017,1.1171422001469355,2.293375986589107e-06,2.277342148661181e-06,1.603383792792517e-08,0.00026574133665376834,0.00026568034202388465,6.099462861477029e-08,9.530720267971107,699.1046700076357,7.21707153531433e-06,4.297594673223551e-06,0.3100535663663397,1376.287180037407,0.01898721273653286,2619.801719965013
522,0.5796815809011262,67.92144823306592,0.19136906423461825,67.54138340001128,0.18869576882000802,1532.037749130054,1512.2911284171164,19.746620712936743,0.24464737934345848,0.09099116876188638,0.9151796808081983,8.373515129132958e-07,8.20025143180145e-07,1.7326369733150437e-08,9.320924096162563e-05,9.315676865007042e-05,5.2472310365340134e-08,5.360541271440445,182.63586238103977,6.452834847688289e-06,2.914350680250979e-06,0.24998943409530153,945.0421783713323,0.019391139859621077,-1025.2576453821457
523,0.5794122869878553,72.67049840689319,0.2407242826351336,72.19843869656808,0.2313354276899951,1648.1211856052914,1628.7790810758158,19.342104529475225,0.1189370589889778,0.0989963169238234,1.0195142601245668,7.206159458434606e-08,5.822398311180222e-08,1.3837611472543776e-08,4.649177872620277e-06,4.6004131142242985e-06,4.87647567485038e-08,4.848792653171377,235.6787227292566,5.1237941592419e-06,3.0596605340173027e-06,0.26969800769795493,1009.6321747217629,0.017492714337455726,148.0897266688262
524,0.6680197633925123,94.19473345553727,0.29919101294238687,93.62485351303299,0.27068892956189616,2003.261041647084,1982.1077551366548,21.153286510428675,0.2002209010424137,0.11347240908009065,1.1167590144251787,1.6139142098441146e-06,1.6002245135007678e-06,1.3689696343346977e-08,0.00018475274137620432,0.00018469338394228217,5.935743247251303e-08,9.359689072160396,420.59673624551147,6.04319277567045e-06,3.434194217425567e-06,0.30254715180352926,1382.9641743153938,0.020246258510856478,-823.8753178142797
525,0.5574804851755608,66.4054949464794,0.1972494943591342,66.07569493187148,0.13255052024877692,1507.6111600989843,1488.2919509039293,19.31920919505534,0.10527088564644824,0.09084901184002692,0.923953449064436,-2.5015754706321453e-08,-4.0832442472542793e-08,1.581668776622125e-08,-9.665021691452277e-06,-9.715007916757483e-06,4.998622380288564e-08,15.965916462776736,547.1428501020805,5.320783521874829e-06,3.195241506003567e-06,0.2499401587532934,935.6985743027238,0.01994903380836234,968.2054580377189
526,0.6055943680914828,68.38581872267136,0.19416542274072343,67.98473539028755,0.2069179096430907,1580.1159148275078,1558.239010093851,21.876904733658343,0.07652540712666978,0.08574316602558454,0.8616966593702989,9.033652392625936e-07,8.923364590556855e-07,1.1028780206907837e-08,0.00010417263823516747,0.00010412267941852704,4.995881552690301e-08,6.818592434890007,336.13767787179677,4.817030045482011e-06,3.1300549497118925e-06,0.2625376041882032,925.8520015449221,0.019605071658719175,-145.85860681658596
527,0.6777513568732515,93.96720697301926,0.254398079892763,93.38194507712504,0.3308638160014645,1915.2712103855147,1893.9709769432661,21.300233442248853,0.2941604661528199,0.11772911404837909,1.1272143737744948,-1.0094577200220917e-06,-1.0236385942867711e-06,1.4180874264679123e-08,-0.00012644714295025284,-0.00012650456153311788,5.7418580994664515e-08,6.194198005909555,570.8018229301648,6.586022428499883e-06,4.179820714403374e-06,0.3095060921333288,1315.2965476996976,0.018689986608692866,-137.33180886514674
528,0.6339461220438545,82.39530519788548,0.22147211441677098,81.8552919878715,0.31854109559722005,1639.3780481481008,1617.5370800390206,21.84096810908032,0.1220610613525659,0.10553587433395745,1.1059354479742194,1.6544248891906853e-06,1.6388211852957047e-06,1.5603703894980405e-08,0.0001872531803308832,0.0001871909081754958,6.227215382599715e-08,14.74887036544317,422.32155090854184,6.310105288937614e-06,2.9115201700963658e-06,0.28106174399623607,1142.747801670768,0.01923271502304432,2734.2509815270023
529,0.661744355146391,92.44889736308012,0.2603860980260415,91.83951043753088,0.349000827523216,1512.4623628386803,1486.1115850715985,26.35077776708296,0.15167264719786794,0.11007610143243088,1.1417301496804466,-8.98097667382466e-08,-1.0580025302655862e-07,1.5990486288312098e-08,-1.3894217900253021e-05,-1.3950039273237252e-05,5.5821371900828655e-08,17.27637149146313,-22.428562965087867,7.308070511604029e-06,3.125574818515835e-06,0.2834262184921758,1276.3961094370056,0.01911466249600109,-50.2915536012988
530,0.6184708466597176,74.46192068639523,0.19413504140667687,74.04752587154553,0.22025977344300024,1639.338438144332,1622.616024417148,16.72241372718311,0.09602300380314886,0.11359479352776644,1.1744028925652996,8.704736612965233e-07,8.579183351257631e-07,1.2555326170760049e-08,9.802963579151512e-05,9.798041101793092e-05,4.922477239023855e-08,31.701060068095384,395.11759367022745,5.739360995873593e-06,3.212535121731443e-06,0.3051038841637572,1055.3652054371669,0.020281863869739774,1268.5333668835956
531,0.6695037973307886,102.36395775935114,0.31267031125320394,101.91418068744116,0.13710676065678015,1385.4455013105564,1365.2169610547726,20.228540255785237,0.19842631251507994,0.12559656766546715,1.262635571670729,-1.1581860991212647e-07,-1.3481734951152492e-07,1.8998739599398494e-08,-1.712521361796464e-05,-1.7185931057478913e-05,6.071743790599687e-08,7.260169513148455,468.39850700846296,8.318193762033242e-06,3.942575000746972e-06,0.3264700563295008,1452.8108951901193,0.018916511015340597,1835.5752243630996
532,0.6476155720557941,109.4372204477316,0.40467204052980316,108.67851065219709,0.3540377550046991,1546.0445927170683,1517.3312849558854,28.713307761183675,0.13522044968689526,0.12430644175332199,1.1714472442114645,4.584080261049753e-07,4.4417822536088894e-07,1.4229800744086396e-08,5.047578422520271e-05,5.0415696510148084e-05,6.008771332633888e-08,9.866929315149937,532.0576667217448,8.826652453516509e-06,3.0015926250465733e-06,0.31002169052899786,1527.1405859440158,0.018344105403875616,-29.13779079764572
533,0.6472818216772461,95.1085480315256,0.2848070162074754,94.49818269588167,0.3255583194364726,2092.409453988979,2076.6771917452866,15.73226224369131,0.13144924951827397,0.11265528890204225,1.1300007660148013,-2.0729944887323415e-06,-2.0900240178736002e-06,1.7029529141258976e-08,-0.0002520950679607241,-0.00025215296600440457,5.789804221975371e-08,16.84259814105415,143.2401916776175,6.56495693994192e-06,3.5883775423829536e-06,0.29780999898702065,1333.612702122255,0.02125330853779005,-2246.2775298171946
534,0.5700871471886856,79.3614781566689,0.2313227601075508,78.95944412790354,0.170711268657811,1220.6806602651798,1202.0088074082098,18.671852856969952,0.15472967922158246,0.08821631117189148,0.861220559250672,6.761909374675072e-08,5.414011212581361e-08,1.3478981620937066e-08,6.333321298703425e-06,6.284076231102745e-06,4.92450661773905e-08,22.489860727477982,34.0069109116166,6.805604617118172e-06,3.601031120399361e-06,0.23644073212557445,1096.362259685572,0.017286574567487407,539.58622212298
535,0.688887432675131,111.86602773129789,0.39713273114435754,111.00377935920736,0.46511564094618035,1403.8997820928132,1380.7362258649846,23.16355622782778,0.18566977694553716,0.11710800702314295,1.0772388458341875,1.912633668319614e-06,1.8965387114265955e-06,1.6094956893018097e-08,0.0002219086095709457,0.00022184452513759244,6.408443223592653e-08,9.068055282539442,243.0335086553865,8.682639276246076e-06,2.8978691685805363e-06,0.29488355837597446,1584.12476864862,0.019394635401074646,1247.138944355007
536,0.6804344878824039,110.84845263960565,0.34652352251792923,110.02535616975617,0.47657294733156036,1934.6330958297133,1912.2239114222164,22.409184407496227,0.1283966450371875,0.11862044519925108,1.1321161437268634,-2.081713887552161e-06,-2.100021719388617e-06,1.8307831836455666e-08,-0.00025523058903881735,-0.00025529093588617637,6.03468464062285e-08,13.924969361744271,577.6823891550846,9.709575676839474e-06,3.022428408690003e-06,0.30408772825297986,1556.8803109410956,0.018353220671545493,-1156.835575591209
537,0.6992050618441291,106.25974208872421,0.29212451503350007,105.73874865870991,0.22886891498079595,1892.7517443242668,1871.2808231423996,21.47092118186841,0.2721040160269194,0.13477521404917467,1.2402451001070613,6.176695080066171e-07,6.026039103302189e-07,1.5065597676398204e-08,6.937666647027852e-05,6.932315536511841e-05,5.351110367882932e-08,22.78703060643636,407.05709422811134,6.581563444295052e-06,2.934533287062651e-06,0.33158731406592074,1520.0071502968126,0.019136189130492507,773.0708626516898
538,0.597581748591482,76.50418748692317,0.24637711885315144,76.04895624988566,0.2088541181843579,1189.6258357478546,1171.5872769985044,18.038558749350223,0.09933153960108175,0.09558779990125435,0.9264073239752193,1.9800170249158362e-07,1.8281196056175286e-07,1.5189741929830748e-08,2.1155386733316103e-05,2.110472892194258e-05,5.065781022370766e-08,13.841207841250716,325.8452573350074,6.466832896518666e-06,2.89271049754114e-06,0.2578314464690603,1072.7446109673258,0.019780434289322236,-1115.095561733382
539,0.5721552972177912,81.34153695114505,0.2600935919594736,80.83814456241653,0.24329879676904412,1470.926241935395,1451.1044022233375,19.821839712055723,0.06679056254483914,0.10036923080611254,0.9904335599597287,6.435061307233513e-07,6.282354823736185e-07,1.5270648349732964e-08,7.033244172797775e-05,7.028211701425412e-05,5.0324712078250786e-08,18.273352511951224,-175.50803861582088,6.339790928625247e-06,3.3604816632514023e-06,0.26089500830226475,1187.1644019681023,0.019441970263171415,786.3122449899856
540,0.7092755183012238,129.28580905833687,0.40362128489022986,128.6860840128152,0.19610376063143597,1492.0056604447275,1464.2078243959393,27.797836048787676,0.1592138839003746,0.13318299569660824,1.173646497169213,3.594550476391773e-06,3.5741260805884935e-06,2.0424395803280097e-08,0.0004222830651809387,0.00042221573952479257,6.732565460649301e-08,12.009852923380862,774.1226077797816,9.337226253333714e-06,3.544428194075501e-06,0.3152874061510223,1869.1872360084571,0.018472587064547203,1484.1434027241048
541,0.647239122266731,96.98707104767554,0.3093619729784936,96.421754600431,0.2559544742660724,1598.627138176952,1576.9747161263303,21.65242205062319,0.18490265647919948,0.10641238447512912,0.9937945816561219,1.0698436252690681e-08,-1.000996099620611e-08,2.070839724889683e-08,-4.9024076006192526e-06,-4.970589563644254e-06,6.818196203887438e-08,16.52287903617209,699.5944208022989,7.272238601645268e-06,3.7780717521988434e-06,0.28446428024365994,1352.9736627927105,0.017875171633260255,-18.430833717524365
542,0.6323936840979631,91.22635882851552,0.28921668887049706,90.72708452851651,0.21005761112849305,1415.6513994246793,1396.3895809084536,19.261818516222963,0.11482425824684873,0.1070519754543819,0.9948072760963137,4.1078631652657774e-07,3.940511365254621e-07,1.6735180001115663e-08,4.456857199527726e-05,4.451443549940275e-05,5.4136494802260104e-08,9.094453189955876,426.9312713083553,6.635897716503763e-06,2.7188536744827887e-06,0.28851930210681925,1284.227677651776,0.019904008776393912,1331.7951042795976
543,0.7245644735192457,123.45230543898276,0.3675504552856028,122.86601894531947,0.21873603837768776,1417.727171387345,1389.3155578090991,28.4116135782443,0.14333802467276477,0.12585661852954724,1.1597120290735934,-1.1281186745396383e-07,-1.3023033581583645e-07,1.7418468361872603e-08,-2.3887916654704094e-05,-2.3963826435484806e-05,7.59097793013294e-08,11.88603729796274,839.5366527667688,9.774825478816937e-06,4.509420184727732e-06,0.32108361748250475,1787.6381335988285,0.019956791956381937,1341.1836338061548
544,0.5671530141723884,76.5955390473876,0.2332635504455811,76.08016981892028,0.28210567802175734,1466.16998818736,1449.8982097127184,16.271778474642854,0.15489963333101223,0.09201393283995032,0.9407319556694302,1.4708715302227174e-06,1.458113907001034e-06,1.2757623221683807e-08,0.00016821285101647812,0.000168166376308189,4.647470751610288e-08,12.312869883628219,418.644269574128,6.478172796662085e-06,2.428363326655563e-06,0.2520988929489114,1053.310967597388,0.018186969220297798,1108.7408647418051
545,0.7624814669806204,127.33118902078573,0.4119998231804669,126.40048732734641,0.5187018702588486,1710.997286273407,1687.9443506111984,23.05293566220772,0.21073781578822165,0.13444938294429518,1.253065244407008,-3.808151938472626e-07,-3.9898509828906927e-07,1.8169904441806528e-08,-5.5370862423885914e-05,-5.5430670225283106e-05,5.980780002551944e-08,7.820407799810369,873.5456206277238,1.0546686328079884e-05,3.654659289999003e-06,0.33359799735931306,1800.6600392133855,0.019131435711546668,3199.1197406932006
546,0.682901862368747,107.79458569591553,0.2907878137855705,107.08341032903962,0.420387553090321,1639.171294620932,1615.8017183224401,23.369576298494625,0.15994333940914962,0.1288657130508922,1.2193657722784035,-8.637147306426348e-07,-8.795230492450297e-07,1.580831860239493e-08,-0.00010739620617000544,-0.0001074580823079247,6.187613685225834e-08,8.193103770057649,706.0362620910121,9.044328046542203e-06,2.9463483064986938e-06,0.33420467675701004,1503.2092411222516,0.02045278113371381,1928.457622980488
547,0.6743736855035368,111.1461012417328,0.3850165541187016,110.68936173564438,0.07172295196969793,1521.4358533205034,1501.682054940742,19.753798379761697,0.19922734612726378,0.11887924406409373,1.0735400746933705,6.230109193319259e-07,6.038815090084589e-07,1.9129410323466878e-08,6.501031356588473e-05,6.49490795409531e-05,6.123402386837284e-08,7.22114801930609,567.3357459976017,8.239535275150046e-06,3.2285178351976963e-06,0.30369082770256983,1561.3225958563075,0.01865188847860735,2230.32649853333
548,0.6530869491837671,108.51670356917776,0.3282391532146102,107.86225688377316,0.3262075321900199,1716.9549528460536,1699.969855167957,16.98509767809684,0.19994894681031075,0.11695366196569476,1.0741738394620715,1.0648391134227624e-07,9.201522510732531e-08,1.4468686234950852e-08,3.957153786498685e-06,3.901787655932766e-06,5.5366129444647496e-08,19.426101107048275,436.0259097722193,7.08853905107042e-06,3.0171292013685295e-06,0.29648363101082337,1532.9306682868382,0.02010573241288042,1317.0374226947424
549,0.5719978760436766,82.10784355804806,0.212153574096574,81.66549225354817,0.23019773040333777,1413.973465007472,1392.6807084169209,21.29275659055161,0.07653042729126446,0.09450255012410581,0.9392559519322949,-7.678026773498375e-07,-7.818280814767029e-07,1.4025404126865418e-08,-9.680012032261465e-05,-9.685015383198773e-05,5.003350802942603e-08,13.969250543603719,690.889390018861,7.352670932912523e-06,3.015002888808847e-06,0.26159295549915046,1139.0960669670883,0.01802225588176215,1201.5152715495678
550,0.5909591982664677,85.87308653797542,0.232545665750255,85.34550692498809,0.2950339472370815,1624.4347718535676,1604.8972032909078,19.537568562659906,0.1376491261332881,0.09959207934801363,0.9303985595775578,1.263481730266692e-06,1.2499971005041165e-06,1.3484629762576019e-08,0.00014593710862822307,0.00014588284591263056,5.4262714343723266e-08,5.821863997046574,98.1524516782906,7.333808637658601e-06,2.7642606930571683e-06,0.259791937112473,1188.3258628961364,0.019336574470727008,318.7571226631844
551,0.6307036267674523,88.81859023599644,0.2643723651047247,88.31841373242113,0.23580413847058532,1378.738680684524,1358.5336691433208,20.20501154120496,0.1171519962429505,0.10921837253528104,1.0516504846501815,-3.9442689668702385e-07,-4.0849816569484775e-07,1.4071269007823903e-08,-5.007687522263588e-05,-5.0129542848506686e-05,5.266762482807258e-08,114.14331988562392,956.6444451689966,5.532700283876813e-06,3.1933562018185252e-06,0.28647241874193463,1245.236265167633,0.01777527431989814,-16.26307639616789
552,0.632154041066927,89.38310330804431,0.25518992663164797,88.81550562940099,0.31240775201167703,1666.7634134968148,1645.806192888579,20.957220608236362,0.07886204436455274,0.11676032190848148,1.1128011319378353,-1.9079261906824169e-07,-2.076184964047695e-07,1.6825877336527833e-08,-2.9773078195960643e-05,-2.983100984860492e-05,5.793165120531658e-08,11.000210760890479,461.22108841353963,5.960680500169649e-06,2.7165923078909543e-06,0.3013445875371794,1316.0246827512651,0.020044084934013974,-1616.6764990058728
553,0.6480324800273699,95.94851835243409,0.3282406593354143,95.31824277089335,0.30203492220533984,1553.6084351926859,1532.555736147166,21.052699045520086,0.10053249832215831,0.11314308201959704,1.0839083120469948,-1.1802512914642342e-06,-1.1995405354784744e-06,1.9289244014239984e-08,-0.00014578533099334336,-0.00014583746662021892,5.213562566086089e-08,7.809567353896567,467.3018129456326,6.474213318964219e-06,3.8988586510548675e-06,0.30224930803672606,1341.0911278391363,0.019524754205405063,-113.51151577787095
554,0.6100658108756295,68.10919061837166,0.19454384494227298,67.7846853374075,0.1299614360218901,1408.6919390301596,1388.488597869964,20.203341160197994,0.19908833599655149,0.10509356423850783,1.0918801230134652,9.60960649457667e-07,9.447739861611578e-07,1.6186663296509283e-08,0.00010817028943076382,0.00010812366905165023,4.662037739590594e-08,4.292087537032376,363.8698772048264,5.202021972603982e-06,3.077102330364019e-06,0.2880098571694388,947.7672969794431,0.019425755217362943,-117.75918689453101
555,0.6347317828754904,83.38631354930493,0.22943602723939927,82.87486137572907,0.2820161463364936,1677.2909441480629,1659.272387719153,18.018556428910323,0.1282044673065053,0.10696511347908035,1.058520775888719,1.6003034438592961e-06,1.5850061268128347e-06,1.529731704646118e-08,0.000184695488361736,0.00018463534258220896,6.014577815714044e-08,53.806177764523774,638.4062118306587,6.9436287669836656e-06,3.3590416366262557e-06,0.2918487298249787,1159.901850445785,0.01956488397367301,787.2390367246408
556,0.5672935798424257,73.48966145604973,0.2139690446675055,73.00897070417327,0.2667217072089759,1605.6600095298322,1588.3797262405394,17.280283289292015,0.06724954132788492,0.09179419296938474,0.931927672615189,-4.882491928642853e-08,-6.407125256873903e-08,1.5246333282310562e-08,-1.0470445219956384e-05,-1.052480418048692e-05,5.435895935001819e-08,14.723418315887086,509.56368094964273,5.368703517995415e-06,4.563000249698141e-06,0.2590570270574299,1001.5492117158014,0.01888031084390548,-2125.2876262859136
557,0.6148953881071603,99.13462962179615,0.37359353648296983,98.48671247443536,0.27432361087783613,1515.596872425569,1495.6772789514323,19.919593474136327,0.12471801948290234,0.11005340396240362,1.0737986745404893,1.0382348186837559e-06,1.018127050716196e-06,2.0107767967559527e-08,0.00011873553360098472,0.00011867345973153455,6.207386825011763e-08,6.9541622235360965,231.51691035013806,7.145227470165428e-06,2.52025739734313e-06,0.2937770212265781,1381.2072928978005,0.01835372791825142,1534.332780581466
558,0.5903396792523555,83.46342083156266,0.23215334093171047,82.88670745967325,0.34456003095767784,1360.3299797262255,1341.8116394906742,18.518340235550788,0.14690408570201857,0.10408462266138542,1.0052303756839003,5.69277307649991e-07,5.538207612371821e-07,1.5456546412809254e-08,6.151013180911364e-05,6.145768015524604e-05,5.2451652937060486e-08,18.576406902228623,681.0389966884345,6.285822053513837e-06,2.8877529831388045e-06,0.274135008447423,1145.0344469292863,0.0203977640455968,-2183.916475032267
559,0.6951077355935479,111.9457658559744,0.33577798485651855,111.28734091138344,0.3226469597344321,1589.8822232749678,1569.4920425388482,20.390180736120055,0.14864057412192005,0.12763288677860854,1.221065293286699,-9.689117096802553e-07,-9.831708299381063e-07,1.4259120257851476e-08,-0.00012114464181115133,-0.00012120171812443754,5.707631187672767e-08,10.678364853790864,346.9610919218369,7.350777404452044e-06,2.7863839671460684e-06,0.3286524140829824,1556.020313309143,0.019976873209660632,-147.84678770950268
560,0.5464550149639946,71.10634285431026,0.1980015325448959,70.64595132548749,0.2623899962778961,1275.3239443068994,1257.1460756207932,18.177868686108038,0.132265001997272,0.08576956251542046,0.8608589176877222,-4.1196759324464927e-07,-4.270706686207643e-07,1.510307537611522e-08,-5.4501314020189394e-05,-5.455201847659391e-05,5.07044549699558e-08,22.253005465535765,770.9371417719128,4.789271633416981e-06,3.5902417341778912e-06,0.2404247280566691,963.5863333418401,0.018708583408650576,738.9399883235164
561,0.6128521300792278,72.87287451244492,0.2671184205196151,72.37651655323113,0.2292395386941819,1357.5776491403462,1341.149544943978,16.42810419636806,0.07759346968457033,0.09691688502598537,1.0142370833295522,8.003054621722132e-07,7.838251974922761e-07,1.6480264679937137e-08,8.899956438561522e-05,8.895065698788495e-05,4.8907396340294755e-08,17.79382039392609,832.1022294583595,5.524439843662076e-06,3.141266807994088e-06,0.26743407106008604,1008.2345563621948,0.019235582116226026,-335.44144810767466
562,0.6049752047547469,77.3396134867458,0.2112518046281187,76.8423265337477,0.2860351483699855,1420.9500969383907,1402.0164740464966,18.933622891894288,0.13723687828603923,0.1058655545922943,1.0446518452116718,-1.8932478328600934e-06,-1.915128723282124e-06,2.1880890422029888e-08,-0.00023217980703262497,-0.00023223428701712388,5.4479983279202514e-08,7.442396359707639,279.26034015524107,6.087138676665418e-06,3.193112838103771e-06,0.28168551002398745,1048.4734258201468,0.018880569362924225,-89.36079380828596
563,0.7283521790991452,130.93846540783218,0.4275116277983745,130.1055569540691,0.40539682596470417,1408.3480038169366,1383.0944548719335,25.25354894500326,0.18927687623846748,0.12762871301512255,1.2675531000810676,-1.7650871779145904e-06,-1.7843796847052867e-06,1.9292506790696095e-08,-0.0002173211763125619,-0.0002173903368422506,6.916052813322059e-08,9.115396503073779,846.6730070143608,8.828141489840009e-06,3.3928102441264873e-06,0.31897216156091523,1862.8613769919748,0.019066707098763073,-1431.255113207084
564,0.6399878857629925,83.06023563671494,0.2661066301201229,82.5406316419276,0.253497364667206,1337.6530801510203,1318.4623963689469,19.1906837820715,0.07454326191736851,0.10822089637725403,1.068486184925458,5.276710240528179e-07,5.122466826343315e-07,1.5424341418486215e-08,5.8621667535591046e-05,5.856736905189743e-05,5.429848248644495e-08,5.656762957697902,187.5723663170238,7.101149478609358e-06,3.4299413081845506e-06,0.29756474696103324,1193.650106437824,0.018166443807868707,780.9770484306464
565,0.6925880129944002,104.60683604935474,0.3112226828074595,104.08926032489298,0.2063530416543197,1473.1068121783603,1449.2010957331313,23.905716445228702,0.11783216264549977,0.1211349534903079,1.2061295835285974,-1.4595249724260602e-06,-1.4868869748187851e-06,2.7362002392725093e-08,-0.00018456470918286184,-0.00018462396479828212,5.9255614002918056e-08,23.29994844778766,416.7981560307856,7.374994667697368e-06,4.28806586835207e-06,0.3059537825630793,1511.529254173136,0.019827515170945567,-539.4427470366572
566,0.6635741291744758,93.3593432496876,0.3270887171332328,92.69134431463806,0.34091021791630155,1470.3467493433072,1440.324901284539,30.021848058768185,0.10545440959761794,0.11818780233518068,1.0973192220745274,6.67535812496119e-07,6.518393239002594e-07,1.569648859585948e-08,7.496901552046904e-05,7.490587507600005e-05,6.314044317344577e-08,22.585353703716418,-25.824447264959222,6.871473982647467e-06,3.24160320012835e-06,0.3155067298242521,1301.107727144277,0.02053798200274464,-241.86283509586792
567,0.5771076489971502,72.77094718393973,0.22759513039157095,72.36994601320863,0.17340604033953308,1327.7735773501163,1309.7222027338996,18.05137461621797,0.07214029304961975,0.0916059514359212,0.9202266814692062,1.8960405632298689e-06,1.8835649593451559e-06,1.247560388471349e-08,0.00022260453434515233,0.00022255101657780042,5.351776622433251e-08,5.451276622521995,482.6204087694745,4.9798571060877115e-06,2.6279199784546895e-06,0.25728991091680575,962.3680213528414,0.01767157287303082,1348.1564923394835
568,0.6704114487027973,116.65673789697445,0.2805931189628476,116.07075703741637,0.30538774059526264,1510.7923203221505,1489.1745089665503,21.617811355598587,0.09701274262833137,0.1182454592755506,1.1235636610294253,-1.6592171395070296e-06,-1.6760503529368206e-06,1.6833213429790977e-08,-0.00020387184874804643,-0.0002039306576264924,5.880887602140835e-08,7.913728532058048,535.4230898313176,7.490939969219057e-06,2.7293666439055764e-06,0.30358528538958457,1661.0603189036262,0.01804162565033984,1110.0041809649047
569,0.7256995351494167,126.08654165631422,0.40459595070390736,125.31122736127425,0.37071834433607304,1688.510885077218,1666.8784359596566,21.63244911756056,0.20849854083515104,0.13598703053830255,1.2495063827757145,-4.017221597853686e-06,-4.038366206147461e-06,2.1144608293774378e-08,-0.00048256160704966743,-0.0004826320680894323,7.046103851859949e-08,21.823655467579208,667.0768369237297,9.099588901615248e-06,3.269911964965472e-06,0.33504575761718625,1762.341342858307,0.02025529517468236,1003.2006733409362
570,0.6681317581790054,107.50572862511186,0.32599910410799443,106.87582331303135,0.3039062079725272,1321.0268665835858,1301.9014279737703,19.12543860981488,0.14046829394570287,0.11959201940314122,1.0781857933731849,-3.2525114404375816e-06,-3.2685504997542007e-06,1.6039059316618402e-08,-0.0003860704734935813,-0.00038612379575836484,5.332226331561552e-08,38.65379244038546,9.743923378075813,8.643209872683583e-06,7.90359870588292e-06,0.29119195602435305,1527.1092194978091,0.017275818705736645,1615.1492176941247
571,0.6252027140893542,80.67522376666705,0.2443914907719047,80.19454098469157,0.23629129120355538,1506.047926642437,1488.4239558981685,17.623970744268455,0.10192112641305731,0.10583895653112191,1.0549324112365095,6.299295669209686e-07,6.167876594847437e-07,1.314190743622522e-08,7.080815123938273e-05,7.07538536635579e-05,5.42975743789532e-08,7.46623371120321,624.716781953315,5.492996639429041e-06,2.5893636825240935e-06,0.2903546733762552,1142.3026009200014,0.020261825455220782,1422.4713866000457
572,0.5630410564850445,75.63578500900633,0.2198165007087548,75.07268119490794,0.3432873133896311,1720.1019324855527,1702.5857319179784,17.516200567574398,0.1283786084791926,0.099256170534849,1.010339037902815,3.9414860693267453e-07,3.776885104702235e-07,1.6460096462450823e-08,4.356928649484906e-05,4.3515412335503936e-05,5.387415811297573e-08,6.714108750362483,54.86573201378736,5.798133972248546e-06,2.8581857835954957e-06,0.27865958742550295,1062.6786381788597,0.01986447146204251,393.6627159253112
573,0.6978630463031434,112.18329748886116,0.364758848266034,111.36951110786994,0.4490275327251752,1486.9380416834354,1462.7758519914232,24.16218969201155,0.13831573776432965,0.12242617250804422,1.1743294914983473,-1.19016302880452e-06,-1.2083118475202263e-06,1.8148818715707028e-08,-0.0001482074624519396,-0.00014827882731029853,7.136485724313796e-08,35.498795812945694,556.078694552616,8.042254646770206e-06,3.2495335448607533e-06,0.3073643882659046,1564.4886265886826,0.018586384271814763,-1899.8742010873248
574,0.7395567437520534,119.14395807441589,0.364441833217325,118.61314470920382,0.1663715319947618,1748.9026904835343,1732.1449415760455,16.7577489074894,0.17405437272968602,0.1355144817163894,1.2279133960859452,-2.3633537607418468e-06,-2.3796570851957573e-06,1.6303324453910896e-08,-0.0002809632154775266,-0.00028102316310681336,5.994762788679074e-08,11.807329056059555,744.5226755616981,8.071296830789216e-06,3.9941984037523466e-06,0.3310501067232869,1670.6098264012535,0.01903507113654257,2136.5755118721536
575,0.624624172929779,75.87404461683253,0.24267706716014695,75.54226415107065,0.08910339860174135,1365.976209873414,1346.354070555632,19.62213931778328,0.07311324034032458,0.1059050584011391,1.063036249755439,-8.568586462318217e-07,-8.710811292445225e-07,1.422248301270092e-08,-0.00010619398694007801,-0.0001062479344026011,5.394746134960539e-08,3.2884474670023893,336.3025795627176,6.316914760027286e-06,2.3061078565679656e-06,0.29603329598028383,1019.3973967257356,0.017931515368133276,-576.9097360128435
576,0.7239667726136396,110.83156466921346,0.34440852937574434,109.99069725867741,0.49645888116030173,1927.4502191279432,1900.2724071161942,27.177812011750895,0.1208784196840573,0.14299592286935567,1.4098962664906354,-2.1403152489703134e-06,-2.1598900821583914e-06,1.9574833188077324e-08,-0.0002597692546614087,-0.00025982910325748123,5.984859451073205e-08,9.252043506209779,539.7586074041667,7.1382866597339345e-06,3.2245660035045496e-06,0.36694422975555235,1596.626471842133,0.019995475194090947,1691.720222275886
577,0.7082104846115923,123.6920646661782,0.35537751306714876,122.99804978351641,0.33863736959463553,1618.6273873924472,1593.6519563330266,24.97543105942187,0.21500027759382467,0.12609453502855245,1.1061407770059053,7.88071599638266e-07,7.728197943824684e-07,1.5251805255798068e-08,8.846376441159211e-05,8.840254263836206e-05,6.122177177236722e-08,14.94345687190485,620.0377152382988,8.773639547337934e-06,2.7152743731807867e-06,0.30482124323932136,1731.9139284026658,0.01985559816183923,-3628.875317226899
578,0.6081450892398083,81.1649887895445,0.25405627449399676,80.67068228075163,0.24025023429886913,1403.714611457735,1382.3043945825057,21.410216875229807,0.11444291206177933,0.10206284424335792,0.9929995898330728,-3.0895666241064095e-08,-4.6870607328681064e-08,1.597494108761699e-08,-1.1284362205690277e-05,-1.133704028375614e-05,5.267807695858556e-08,8.853855514498568,328.8889247201474,6.413205877256109e-06,2.7230225507234503e-06,0.27354390355800173,1171.7847081529094,0.01966136839637653,584.1697160636759
579,0.7159864592697529,116.0477533993482,0.3567607277437181,115.36670703452214,0.32428563708234764,1509.0650058413855,1478.246373745194,30.818632096192182,0.12867750034083308,0.13791883788433948,1.2905828366730245,2.5263348447841522e-06,2.5080648958035996e-06,1.8269948980552727e-08,0.00029167569548366786,0.0002916074973827075,6.819810011889335e-08,59.78347985332132,391.74868813660686,8.31227293421783e-06,2.936508757056142e-06,0.35133772768091404,1628.8635162671317,0.01863015369370441,1504.489972806954
580,0.6600502748962399,104.13904538884856,0.322655599423771,103.50732726286597,0.3090625265588125,1813.2553738554377,1789.715939940805,23.539433914632532,0.3151765736280584,0.11550189761544502,1.108850356427437,5.363665899190534e-07,5.176107491383828e-07,1.8755840780670604e-08,5.79116798024719e-05,5.785527758055025e-05,5.6402220378869025e-08,7.080494782422694,249.1304104502323,7.558098262013782e-06,4.357552868635953e-06,0.30631851352611106,1496.152079740007,0.017748430619051285,628.9701585425973
581,0.6843780922202103,104.08565244542594,0.2991130170073156,103.50637903991293,0.28016038850567626,1422.7082663768913,1402.2873465846449,20.420919792246398,0.11276740099178809,0.11993249995672475,1.1495776781589868,-1.2925791609089237e-06,-1.3087229313014085e-06,1.614377039248531e-08,-0.0001589346426863563,-0.00015899170507232654,5.706238419407233e-08,8.445763101774203,512.1524331398938,7.243612542964248e-06,4.339500513663786e-06,0.31913263710485557,1433.3209172660809,0.019394255704123464,1654.2962031111965
582,0.5544125592530219,76.06636397850099,0.2061669865943785,75.68691430937653,0.17328268253006718,1372.4485250703506,1355.0113644218372,17.437160648514833,0.1369335375200441,0.0868177183712267,0.8617687005429457,-6.150186315612435e-08,-7.681514137128035e-08,1.5313278215155993e-08,-9.38174210750726e-06,-9.43317567556684e-06,5.1433566054232624e-08,7.510342898915111,-27.20158586571058,5.735343869509674e-06,3.0873925348571293e-06,0.24206480622344007,1021.589504744792,0.01755696054449723,999.1734461646301
583,0.6251983087125089,95.34090980786598,0.2692096963611311,94.79969859349623,0.27200151800861333,1902.3310214970172,1883.2154693867524,19.115552110262612,0.11951260182157276,0.1239493880058266,1.2000870713798202,-1.3929184384266973e-06,-1.4108127623665737e-06,1.7894323939876614e-08,-0.0001723676770101324,-0.00017242412132595865,5.644431444462069e-08,7.008909285430412,703.8759707486288,8.090016915242118e-06,2.936551295280307e-06,0.3204095564183351,1324.0124400722266,0.01882830118226299,556.6334759926067
584,0.5930614834924675,76.84078650291367,0.24280581464745504,76.2425498148321,0.35543087343410307,1377.5041573116878,1362.0902542819174,15.413903029772783,0.1932631625633313,0.09854889467576762,0.9965535131513006,8.720353495019295e-07,8.582059823598316e-07,1.3829367142098125e-08,9.981485310483206e-05,9.976054543691855e-05,5.430766667251737e-08,9.822250632081772,581.3113241452235,6.279653717459011e-06,2.750525477042117e-06,0.2606778151493746,1076.593210120163,0.019021751341456946,-1803.3814844147491
585,0.7903521566816539,139.1373718482851,0.4437941688931485,138.40748704317065,0.2860906362212894,1541.3961237313056,1519.3034337794475,22.092689951859207,0.19449082582249855,0.14785517827652472,1.2927034299132198,-2.3848417688386765e-06,-2.4014266021691043e-06,1.6584833330427505e-08,-0.0002838280692463023,-0.00028389663546521296,6.856621773414335e-08,14.409841666453499,669.5476602248779,1.0542538140057264e-05,4.778417951299708e-06,0.35621546194663195,1943.6369211051197,0.019349426068470475,2395.2455538788163
586,0.6187795021078275,92.02000060335746,0.28292598804942093,91.44079505263346,0.29627956267459843,2030.499361615685,2012.979286420336,17.520075195347633,0.09227658570358882,0.12102112527240279,1.1862909769487566,1.0924577119004042e-06,1.0777948242246672e-06,1.4662887675737144e-08,0.0001254356140541328,0.00012537911700737564,5.649704560426396e-08,62.19818694350422,396.2902437925958,8.288781838511509e-06,3.4608872766183364e-06,0.3153745882436815,1275.321531374883,0.01923205199058767,2979.1079616193674
587,0.7028334493917768,116.4793358858823,0.33535149693932365,115.85730965589009,0.2866747330528886,1940.2571898197689,1917.6558450478994,22.601344771872313,0.17255113697747917,0.13884133572480703,1.2650193386508166,-8.976723057200891e-07,-9.158903487612606e-07,1.821804304117152e-08,-0.0001090951665108602,-0.00010916487075796888,6.970424558923675e-08,7.772169738551212,487.85520448540314,8.250446616425643e-06,3.3076193746626865e-06,0.34131896538575085,1592.8132935889128,0.021325604599005617,-1174.670446787084
588,0.6277250378993203,82.64978598207735,0.2445621666220209,82.24383826805064,0.16138554740470068,1214.3711249799317,1189.6266284691483,24.74449651078348,0.10869144785316674,0.09131033641345526,0.9445618101569414,2.170477797048353e-06,2.1583497763398515e-06,1.2128020708501825e-08,0.00025335608371567924,0.0002533077746114498,4.830910311520974e-08,5.5678847429956715,121.22145086432327,6.996886388233658e-06,2.3022919292432694e-06,0.2489085002575627,1181.790223767533,0.016959178862500195,-1696.6983662455605
589,0.5541885200842293,67.6555722393312,0.20058982155425378,67.20256603500198,0.2524163827749652,1834.472527787669,1816.8609156455,17.611612142169594,0.08952590806362364,0.09027856884528525,0.9017545135914209,9.657212604662448e-07,9.514630758006151e-07,1.4258184665630363e-08,0.00010951773109658017,0.00010946209918459161,5.563191060354348e-08,8.426957632850362,354.1095464600181,5.3115238702712135e-06,2.5330071396780527e-06,0.2536373100949908,921.1349404887536,0.018211417268326063,319.8839021608692
590,0.6202884327526715,77.63476425832707,0.2708225400500358,77.26893134680672,0.09501037147028465,1818.3938003799499,1800.304429685155,18.089370694796028,0.09954618993360649,0.09724524265856194,0.979161274912982,1.1703255369847829e-06,1.1551814836971844e-06,1.5144053287598884e-08,0.00013470838221179944,0.0001346561549238427,5.222728645144698e-08,10.432569625350805,255.92475623047628,6.390282280587919e-06,2.5339728822514027e-06,0.2660905635974713,1081.8907433756654,0.02073363030316595,141.46658999671126
591,0.6869751640291025,91.37471140310161,0.263086138451194,90.80914959105922,0.3024756735912051,1574.9603160118547,1547.7908550510217,27.16946096083447,0.17124914292999338,0.13244800719025396,1.3044870621073605,2.2491110970500166e-06,2.2300441985406313e-06,1.9066898509384937e-08,0.00026193493972368544,0.00026187847609390475,5.646362768223705e-08,10.16656402979473,417.40746917330756,6.759849642766569e-06,4.56614566724544e-06,0.34159345342382585,1321.376895981337,0.02007199477749043,-1687.811416931334
592,0.5573182265620936,69.61640958217609,0.2637345503157275,69.20366360260873,0.14901142925162444,1376.8163285427743,1357.7058766892083,19.11045185356682,0.1089627644687604,0.08917430791254395,0.8645147482822773,-8.548124719075923e-07,-8.717412697998616e-07,1.69287978922694e-08,-0.00010789195295396213,-0.00010794603461018016,5.4081655265866066e-08,6.784029346067673,951.5729819855327,5.210121988970466e-06,2.329959388086336e-06,0.24391780224009024,974.2300666220885,0.017520498214124387,226.95353867732774
593,0.5885747126643869,78.04420562617216,0.23509447628420377,77.46502912879895,0.34408202108900127,1621.3412769439253,1607.5375166095253,13.803760334400135,0.31861835145065615,0.09994840405731209,0.9960067058766802,8.682227219167583e-07,8.521059028213228e-07,1.6116819095435497e-08,9.882420534289881e-05,9.877222785411406e-05,5.1977487363841225e-08,23.44283665912672,357.5174062386776,5.046904220069869e-06,2.967516168446636e-06,0.265617826424967,1073.069708015295,0.019040710847374825,1829.2384818453538
594,0.6103281249749813,78.95456785434786,0.23372206010619742,78.53236113585902,0.18848465838261622,1149.3832359121382,1127.4203025365994,21.96293337553846,0.08268480001696293,0.0951258513326044,0.9534781004217688,2.6688465247929228e-06,2.654315339410564e-06,1.4531185382358503e-08,0.0003095970330694684,0.0003095451148663797,5.1918201613488325e-08,12.898313338695898,444.6005079507319,6.882142954045233e-06,3.2991555134306802e-06,0.2656811314121229,1146.1245590893036,0.018638076918065967,-2607.718468455285
595,0.6491297467569149,103.78846447703292,0.2767583113271567,103.17883903976056,0.3328671259451962,1446.1608486527973,1426.9859178337233,19.174930819077762,0.12209416196675037,0.11480670003049945,1.0865097762011473,-7.655112981541283e-07,-7.783177943301992e-07,1.2806496176070667e-08,-9.394048872620717e-05,-9.399719459864117e-05,5.670587094439002e-08,6.839526315510788,287.636107847934,8.077084274200015e-06,3.1699143620376093e-06,0.29622394000266233,1410.5396796651844,0.018917955322507323,-286.2133678380196
596,0.6155407540408127,98.91578166953717,0.33820492227028465,98.23080606138231,0.3467706858845683,1557.844421556947,1535.864830653655,21.979590903291573,0.0952330061246453,0.11201210334069273,1.0567045606233343,-5.365800191221211e-07,-5.546133450654695e-07,1.803332594334848e-08,-7.241603610797751e-05,-7.24772709268866e-05,6.123481726935104e-08,10.3709592889495,397.0322164045473,7.790373548473099e-06,2.9272877126191123e-06,0.28859137821848835,1382.2669868344958,0.020041548914008382,-580.9260988787246
597,0.6694641089026627,112.7996521169539,0.33841653447390097,112.07244039237915,0.3887951901008418,1778.7688368432332,1757.5273924251367,21.241444418097455,0.13881056140085057,0.12280642438385105,1.1458307571184572,-3.3478508045513814e-09,-2.152959267307544e-08,1.818174186852402e-08,-1.0579643266432874e-05,-1.0644599823627945e-05,6.495655608745695e-08,10.787243007479525,513.1790584235295,7.927952699708517e-06,2.932262272990696e-06,0.3091396128080068,1588.7313920707682,0.01807202051609878,2645.885849745686
598,0.6025280052568721,74.90121462139842,0.202608584954654,74.50722711602181,0.19137892042196675,2021.3776928454597,2005.3789172680786,15.998775577380965,0.11140791333698906,0.09373344102216331,0.9445004782996831,-1.6060769911321708e-06,-1.6218410882527032e-06,1.5764097120532516e-08,-0.00019511382131415857,-0.00019516311991483337,4.9298599282605705e-08,7.110282726472782,2323.7917276044486,5.716279044004443e-06,3.593442474457272e-06,0.25427860190198026,1030.7700765663435,0.019748648672114316,843.4721016361655
599,0.5916922950397188,82.97252973307701,0.22163867278737057,82.47450552166437,0.2763855386252649,1465.1899584640073,1448.327758008495,16.86220045551119,0.12034240062856795,0.09555046874232304,0.9518026919576208,3.076230443618475e-07,2.9053402754489597e-07,1.708901681695135e-08,2.742492995582232e-05,2.737282738529895e-05,5.2102569145239646e-08,17.386624576951085,441.8609522669775,5.462362705251023e-06,3.4896179810212075e-06,0.2662551089631592,1122.0663579533152,0.020650458767685707,1350.4837245509334
600,0.6476874572652255,79.80475613195215,0.26264249935005635,79.31217578165919,0.22993785094289357,1352.7185369529257,1336.6483236671497,16.07021328577633,0.09712014734400126,0.13648177870613712,1.371040166920037,9.816931358832843e-07,9.641006072152853e-07,1.759252866799933e-08,0.00011231071839942576,0.00011225540614169718,5.5312256833337134e-08,4.068654924961677,697.0071695769607,6.437207752530041e-06,3.105309891881415e-06,0.36934055614126615,1126.4604609702535,0.019420595852268945,-1567.1177530084897
601,0.6175546672461854,83.61276228800344,0.27413672391541843,83.07841947480188,0.26020608928614863,1553.6406629135638,1532.851162983456,20.789499930108928,0.09850215192088374,0.10250359355598081,1.0222978745011333,-8.543281750929549e-07,-8.663360113781842e-07,1.2007836285229135e-08,-0.00010750259287543179,-0.00010755734790580985,5.4755029308842767e-08,17.52014917680617,453.0134771773672,6.892097352005443e-06,2.5907688969217388e-06,0.2676206001012511,1170.3369500182996,0.018229864073984088,1998.6702073077977
602,0.5970388418952941,73.69218965782098,0.1671252278759887,73.41441975948482,0.11064467046016942,1537.0693358074502,1521.142750974061,15.92658483338813,0.18229030799872634,0.10672862130419092,1.080208074738666,-9.848116787357776e-07,-9.992983619075422e-07,1.4486683171764467e-08,-0.0001258084617526387,-0.00012585970960938463,5.1247855455768676e-08,7.522835667425245,420.70253384976866,4.978273814433913e-06,2.522361555832516e-06,0.2853783801599888,1013.0643818005086,0.020013652608798234,-1113.2055893223915
603,0.5748404769744556,72.2789748934177,0.21009992675210773,71.90065852810662,0.16821643855898,1522.0854529785113,1504.0709196129626,18.014533365550594,0.15109064067274688,0.09121747004728178,0.9217102871972023,4.4212323728435455e-07,4.276133281964072e-07,1.4509909087947485e-08,4.9936190152242237e-05,4.988240875210014e-05,5.37813990011431e-08,21.230094937883024,415.13764231214697,5.5680083642497326e-06,4.243347002273062e-06,0.25713337320270385,1013.1872662745719,0.018645044673210622,1160.8221496789265
604,0.6081168958522721,75.05633258937245,0.23797476801316572,74.64744924466063,0.17090857669861909,1522.6878655232445,1504.4024451183834,18.285420404859735,0.10834552965121147,0.10541395996507423,1.058227467044932,-3.949716595951938e-07,-4.1202789582660093e-07,1.7056236231407068e-08,-5.2525984241288524e-05,-5.258208967631486e-05,5.6105433874900756e-08,33.65637084461318,413.35488052212304,5.866648234981306e-06,3.6764769578065312e-06,0.2856726763063084,1033.2207073208583,0.01882688653159765,-811.3765237051775
605,0.6112696998887527,81.71910250931442,0.23789583361193858,81.18945112001151,0.29175555569096,1410.1944159775303,1391.4927866250905,18.701629352436814,0.27109226342388015,0.09806253247396035,0.9899321783828853,-1.9378038136190903e-07,-2.1204733618916702e-07,1.826695482725807e-08,-2.8082581766987655e-05,-2.8134347605420907e-05,5.176583721540407e-08,10.36953848839556,561.8036552065231,6.551066062080894e-06,2.667188228758049e-06,0.263297790547405,1135.1893558178103,0.018236975538203255,-1855.7290787556085
606,0.6679111822595634,98.1148953143992,0.3449024391671083,97.2948935793975,0.4750992958345953,1290.626678791322,1266.065214926642,24.561463864681805,0.10321026085364679,0.11658800554116086,1.0944630691114767,1.0114910599900316e-06,9.970669829578556e-07,1.4424077032176228e-08,0.00011543310100529563,0.000115373810000973,5.929100276994924e-08,10.433693487099124,428.12681706207945,7.267371856044882e-06,3.4508542718781717e-06,0.30008835777186255,1385.0446640333614,0.017722049358671322,-2686.529435139677
607,0.6803319919260348,113.83858762039578,0.33186503313371396,113.12018403793878,0.3865385493233037,1569.5974305766076,1548.5413468050879,21.056083771520903,0.1522548860669566,0.11942042192592818,1.1069624580037605,-2.1952310556431837e-06,-2.2118978033903324e-06,1.6666747747147932e-08,-0.00026849381983806556,-0.00026855494403483886,6.11241952614762e-08,14.762121344413812,535.7567630273668,7.760384526727717e-06,2.9671800041537336e-06,0.3011408935723634,1647.141977984007,0.01880915044780859,-355.2143914062617
608,0.6479120988935057,87.07019556753741,0.23965818386820648,86.51175679875665,0.3187805849125515,1339.2655335691118,1317.6435725865872,21.621960982522605,0.18629936882302967,0.11568950580139074,1.168722467585013,7.092138592398378e-07,6.928159773734116e-07,1.6397881866425774e-08,7.520417743187518e-05,7.514904528919596e-05,5.5132141336286574e-08,14.399020854253445,586.7308946231755,6.114849227736612e-06,3.1016593076272205e-06,0.30535333096117195,1176.540613663351,0.01887160812569151,1596.5372616958339
609,0.7049863332940238,115.88917660674103,0.40667775688296165,115.14105822397505,0.3414406258830362,1452.4847582625816,1430.732379656362,21.752378606217572,0.1523550295344923,0.13365153460667387,1.187522301811096,-3.2155218153146107e-07,-3.3828377605289707e-07,1.6731594521436093e-08,-4.537415540222416e-05,-4.543499753218057e-05,6.084212896860854e-08,34.83167050673455,735.7253102990865,8.374388642021725e-06,2.8116633668487266e-06,0.33010839020938504,1640.3524494306691,0.0183011230158357,206.2102141215437
610,0.6494424960680274,111.7202634259748,0.43850223745706934,110.98226622926553,0.2994949592522045,2022.4223980200784,1989.6455164006252,32.77688161945197,0.3500300806656137,0.11538007465987267,1.075916194751793,8.674285695679313e-07,8.503385653847566e-07,1.7090004183174578e-08,9.738825041037422e-05,9.732346791697336e-05,6.47824918629499e-08,15.089322087977017,846.0233235541846,8.544777142879368e-06,2.819992657744112e-06,0.29284050559089186,1563.1621824874426,0.019482610985775188,-1490.038659929156
611,0.6715626225411764,106.33228389644952,0.3236586297488566,105.85691805600017,0.15170721070052323,1751.1663451456297,1734.2119751553637,16.954369990266475,0.21678088420533984,0.11675429043383655,1.0623348433179234,1.838479648122479e-07,1.66300186021296e-07,1.7547778790951933e-08,1.8660219321047198e-05,1.8599841505674536e-05,6.037781404505245e-08,7.819081269658052,729.0164281953421,7.236296770805778e-06,3.386873611095859e-06,0.29009539827428765,1525.28984559022,0.0189776969602773,1220.241090979216
612,0.6476584423145101,91.58878983737412,0.25613576241919545,91.10413767379042,0.22851640116450328,1495.082788252039,1473.1819400033694,21.900848248669696,0.1309176099116864,0.12183569145069385,1.172544788768688,-2.4708668496411297e-06,-2.487210983114255e-06,1.634413347312476e-08,-0.0002991073048081573,-0.000299167894242531,6.05894331757123e-08,16.893809599473062,348.66695661872706,6.742547464920187e-06,2.8494607299763653e-06,0.3224485453347523,1279.7025979632645,0.019129854624162022,-653.4692745085958
613,0.5990218291322907,85.01211591929629,0.24959141078642783,84.50933817691609,0.253186331593778,1347.4370961103073,1328.7311603263577,18.70593578394944,0.20185418019367352,0.10007643504376623,0.9106169800874071,5.664376331649072e-07,5.536347375392404e-07,1.2802895625666834e-08,6.552606439066243e-05,6.54777434238037e-05,4.832096537619337e-08,9.478342626141071,507.5836539286173,6.993002684425785e-06,2.1957876115356906e-06,0.2588995753266016,1125.962879337962,0.01669130891744306,-1495.0965930754064
614,0.6206389157303792,76.39116829513634,0.21359668301220947,75.96877574178295,0.20879587034116484,1219.1620427932528,1198.7221051324868,20.439937660765768,0.0874234246238737,0.1091967168784451,1.07023769984664,-2.2611981526290993e-07,-2.4014841679540874e-07,1.4028601532498876e-08,-3.388142471375136e-05,-3.393187687901781e-05,5.0452163643098995e-08,10.779971679804811,493.9895222808092,5.3022662607774255e-06,3.0425840287187307e-06,0.294348543499082,1097.9371176600039,0.01715811132224122,-605.374101843081
615,0.6954426026333547,104.23766745113245,0.3499988928255815,103.58843403280368,0.29923452550319773,1569.706639017911,1549.6146103687934,20.092028649118696,0.09919082104361537,0.13250562498955204,1.2926401438038824,-5.128071715893845e-07,-5.290785215142499e-07,1.6271349924865368e-08,-6.486052160926905e-05,-6.49229389284615e-05,6.241731810726326e-08,12.366695475872302,467.8197738671962,7.262974432197756e-06,4.615310392872995e-06,0.33414224332706155,1440.8705433694815,0.01975571634535069,-761.4120051256687
616,0.6724250548987888,106.27442366835635,0.3089877723976758,105.67690264532831,0.28853325063037616,1573.6772471782997,1551.438527169216,22.238720009085053,0.1766361561374537,0.11925599914560646,1.1115277921872635,-1.8131228657122604e-08,-3.279066955590909e-08,1.4659440898786447e-08,-6.715283082947487e-07,-7.341523071898294e-07,6.262399757351039e-08,24.35371561820429,328.00678149938557,8.086514379081924e-06,3.457448475737698e-06,0.32013599517287905,1462.1209554828492,0.02157050078432635,-3500.22812066022
617,0.6449506374914464,102.97184076462709,0.4113892374516951,102.34526907611541,0.21518245105999995,1148.3894849437277,1128.5467920937322,19.842692849996634,0.23067071178643886,0.11331671541402405,1.122140317525778,-2.2744170312692322e-06,-2.2908107790784822e-06,1.6393747809249405e-08,-0.0002727785614634974,-0.00027283539284586405,5.6831381271412915e-08,6.386645076216739,421.2377918901543,6.662192066534116e-06,4.4932113665978456e-06,0.2978634187411209,1431.178791474977,0.018611347720216324,601.461018340291
618,0.6624572711688469,85.4778027358201,0.2224798519159096,85.10377500639491,0.15154787750929416,1634.6375699068603,1618.5077733997089,16.12979650715501,0.11940098867036437,0.10288768745940662,1.0096824510931568,-4.6769149031658e-07,-4.808960745627137e-07,1.3204584246133834e-08,-5.829684103860818e-05,-5.835274691721564e-05,5.590587752124535e-08,4.8256426343759715,351.22875306586275,6.85955620802373e-06,2.8113721099481367e-06,0.2775708195434269,1180.0728904059747,0.019279605600776396,-149.58519865869675
619,0.5997749531857295,79.76173771994836,0.2850154083228256,79.2729621887376,0.20376012288795345,1393.8777018831415,1375.808780661962,18.06892122118013,0.1638541261169363,0.09416818120771495,0.9515840567781673,-4.704203222295795e-07,-4.872173762900317e-07,1.6797054060452376e-08,-5.973643371657283e-05,-5.978854910866966e-05,5.211539100759302e-08,6.9995009846483836,580.4118490521987,6.793631629480277e-06,2.4910097527007586e-06,0.2614449945303419,1137.0216420560453,0.019343511367992484,2521.0361882065263
620,0.5800244052474237,76.96295139446187,0.25198026288867864,76.42179908545224,0.289172046120945,1326.8581215881711,1306.5172082240604,20.34091336411258,0.1043459418911309,0.09567868476250162,0.9387573804140198,-1.3596186214763976e-07,-1.5066823033320637e-07,1.470636818556655e-08,-2.227554381543962e-05,-2.2329766482905174e-05,5.4222666302072153e-08,3.794749653673641,422.5866544184333,5.543910166109326e-06,3.550397523494558e-06,0.26169107193478897,1043.9038964737185,0.017170823924668833,1155.1879181598088
621,0.6817284213411678,104.1936080982043,0.26152863832907325,103.53071629289548,0.4013631669797403,1569.7370775989382,1546.3847337684292,23.35234383050645,0.18968135967106625,0.1313219894529623,1.2386506796823966,2.0467979653006156e-06,2.0293107097151075e-06,1.7487255585508707e-08,0.0002349522049720278,0.00023488438121445167,6.782375645963487e-08,16.254554132153576,647.5592587542473,7.163573892975962e-06,2.4979502150552185e-06,0.3368500800638074,1424.559997055415,0.018842044586766506,2180.192668278276
622,0.6838614600721318,87.24676093602928,0.26472602186124516,86.72534925537941,0.2566856587886286,1438.0282699182164,1418.0605827762688,19.967687141948538,0.08881432012867474,0.112724073695239,1.1463514168861506,-2.1182508982365277e-06,-2.132779354966451e-06,1.4528456729922927e-08,-0.00025392797551814536,-0.0002539860403719305,5.8064852400170945e-08,8.32130396471759,463.630691036301,6.227703397993546e-06,2.8472128439614816e-06,0.3058221298469925,1198.046841058828,0.019411603485683267,438.46086497377837
623,0.6327396082084727,89.41933064347793,0.28177918425445175,89.01362413187175,0.12392732735173886,1641.5783233780774,1620.885514230717,20.692809147360627,0.10009815844300127,0.1072527426625662,1.041148888619089,1.1065532841252555e-06,1.0892643556944582e-06,1.7288928430796467e-08,0.00012299974517917224,0.00012293878476433358,6.096041390603681e-08,5.4110607445981564,421.3694928844099,7.888014351594662e-06,2.915388687549787e-06,0.2871952255071674,1267.3232526407955,0.02054709873102363,-763.3792306036703
624,0.6084698313545139,85.63379560285695,0.20599617278901955,85.16833745952698,0.25946197054094766,1124.7253126945996,1106.388608552076,18.33670414252344,0.10110921933433731,0.09539424796479014,0.9222521503176172,-1.1758064273960143e-06,-1.1928380586140752e-06,1.703163121806063e-08,-0.00014748798086164345,-0.00014753728903500269,4.930817202963436e-08,7.026764010851025,110.93656703227649,8.133992338502958e-06,2.7496844789761423e-06,0.2539173393037245,1158.570007863114,0.016097062691146538,675.2411107947846
625,0.7426404556032301,123.91162590463244,0.3895701417038023,122.847149116976,0.6749066459526534,1324.5647138074949,1301.5583446316728,23.006369175823156,0.1511749121689904,0.13185075211470995,1.1980271532243105,-2.342051038101741e-06,-2.365865071102612e-06,2.3814033000870966e-08,-0.0002839920464497367,-0.00028406060137533266,6.855492418403654e-08,12.535681808591903,549.2403469013933,7.757203423913048e-06,3.123905657811919e-06,0.3245244198246485,1790.904953579473,0.018591034582209735,4181.520240870923
626,0.5874553120379744,89.60029274336681,0.2505557675163539,89.07478150875536,0.2749554670950755,1433.1857811442158,1414.6306304867576,18.55515065745745,0.14398842047580063,0.10216072988958479,0.9432148689501207,-2.23903633501252e-06,-2.2519272260902834e-06,1.2890891077763968e-08,-0.00026656299043733097,-0.0002666147359393279,5.1745500828907645e-08,39.86085235162808,392.1992257472381,6.908860559704912e-06,2.8516269761791114e-06,0.2704237062657754,1276.1900117727137,0.01743037396133748,1176.808993450104
627,0.6760305142949854,88.7904291342986,0.3056191398675705,88.23529020386468,0.24951979056633647,1551.4752823647589,1531.4319558424693,20.043326522289462,0.10046992214309756,0.11525301226147905,1.1068828708349505,-7.04405264125146e-07,-7.187901341402586e-07,1.4384870015112713e-08,-8.528527767677474e-05,-8.534039146233997e-05,5.5113784463673985e-08,16.799349380764745,338.7140015501067,7.370793177531961e-06,3.0415595925972567e-06,0.307680408881911,1247.1751877441297,0.01891491365403702,811.1093751932567
628,0.5909797168700444,84.148745311838,0.21387469031901538,83.77982429189716,0.1550463296218141,1424.9529235889522,1397.429231200884,27.523692388070646,0.1836736069991953,0.0960964726560394,0.9443341699208564,1.9373478078930213e-06,1.923594837468954e-06,1.3752970424067916e-08,0.00022474663173206356,0.00022469229886980217,5.4332860680844933e-08,5.53783113464856,492.9395377871333,6.755448727188538e-06,3.0040172610128946e-06,0.2712907618696053,1168.8757076673094,0.01874873637646936,1598.3263621436345
629,0.5510244566164859,65.50074834840957,0.1856957458099609,65.09825005586191,0.21680254673769964,1298.7357950481612,1271.7074503181284,27.028344730032345,0.12059568142644597,0.08187215112238554,0.8469558756296502,-1.1387912288016046e-06,-1.154733721980836e-06,1.5942493179231513e-08,-0.0001397447163218052,-0.00013979280257495107,4.8086251832363675e-08,11.926385116133359,553.3107547416893,6.050714451226359e-06,2.5978077964995337e-06,0.22928275074729978,941.3912019297904,0.01743612363952005,-440.80465960534275
630,0.6177728218568012,90.26701040161254,0.24358203850234503,89.60175765190944,0.42167071120076655,1654.7234613690778,1635.2847983835597,19.438662985517688,0.32573073708765793,0.10965533183151419,1.0636221397233085,-2.009385296461641e-06,-2.024417264426436e-06,1.5031967964796426e-08,-0.0002434274334979082,-0.00024348386024678755,5.642674733149548e-08,13.97167340735405,331.0672183462038,6.43137298005129e-06,3.0592926164142537e-06,0.288187503037002,1267.3453839771987,0.017660337817631377,461.1786543026792
631,0.7065324220423495,114.71848996097589,0.3523535763523029,113.95348469643884,0.4126516881847394,1963.8761795047494,1943.8563302089276,20.019849295822898,0.12085445113885665,0.13488552608573165,1.3230249648703396,-1.1264810197766386e-06,-1.1420854660287683e-06,1.560444625213021e-08,-0.00013775910852337572,-0.00013782571540847433,6.660688366413194e-08,32.666727877178296,204.59323635735655,7.117701962519029e-06,3.500141550897634e-06,0.350347584897996,1612.6086739166117,0.020376531464792475,-485.91059068315735
632,0.7623237698008996,127.83655524803784,0.36003166798994113,126.86250833202693,0.6140152480209492,1544.9762045435689,1525.8405523481638,19.13565219540678,0.15685750230990406,0.13526668945386186,1.2186670250744303,-1.5901180996487797e-06,-1.6064251160723409e-06,1.6307016423561502e-08,-0.0001895054892035741,-0.00018956883563156962,6.334642709228876e-08,33.05898930751621,591.7428123710309,8.536113729822264e-06,3.6171099414044553e-06,0.33293552461397263,1800.0736767421195,0.018370729751398363,1059.7979787246586
633,0.6197944048867291,90.51228209043404,0.25433571423093754,89.98652566243554,0.27142071376756394,1549.095416686132,1533.187591983817,15.907824702314919,0.2545923445007984,0.10961812651138968,1.0422795718540394,7.317520817842016e-07,7.163530856245637e-07,1.5398996159637917e-08,8.39417435013469e-05,8.388486938287447e-05,5.687411733070272e-08,44.62841847373499,288.8249319261821,6.597693832391399e-06,2.8599153513556317e-06,0.27884776838129327,1220.6575280927073,0.020205342291529024,-452.58298012596424
634,0.7103550513199873,128.16329434681592,0.4061830978739728,127.49758883589631,0.25952241304563534,1388.2804049195886,1365.0006089580104,23.27979596157732,0.15059161419427924,0.1357362582643408,1.2151221313041636,-8.755249146932242e-07,-8.916818281088203e-07,1.615691341559626e-08,-0.00010647810902297325,-0.00010654717289292095,6.906386817408912e-08,34.899369077605606,794.7386802892041,8.279208007890487e-06,3.2453671693994176e-06,0.33496835458296836,1886.0495130064328,0.018315572189151003,589.0294170185662
635,0.699557314208518,112.19569910072785,0.3460649752549746,111.40719777983719,0.4424363456356718,1648.479479086148,1629.2464131742518,19.233065911897153,0.10396679694139466,0.14560460384294796,1.3591066695679046,9.253671340999777e-07,9.082997614053322e-07,1.7067372694645605e-08,0.00010928864401123415,0.00010922896068138665,5.968332862224744e-08,17.4158628237939,455.86086462165525,7.990217178348101e-06,3.070279235569809e-06,0.3589767846502549,1555.994881730087,0.018620172263469577,514.5528904167477
636,0.6588426748550907,105.473183205778,0.34234501650633026,104.75390878759595,0.3769294016757334,1573.4221931052946,1547.7535367685468,25.668656336747436,0.11465744843917583,0.12522949588679985,1.160566822928323,-9.003697801804419e-07,-9.179456259159647e-07,1.7575845735522967e-08,-0.00011394411461021702,-0.00011400138650523001,5.72718937511859e-08,11.583067684263318,497.1287917862638,8.391293755489743e-06,2.981179084732964e-06,0.3180222332231372,1510.7039355900579,0.019380360957134298,-804.5956825875546
637,0.7155922475385427,128.23500436224572,0.400373230281699,127.50488372462769,0.32974740733633906,1599.248410926156,1578.3531210971926,20.89528982896621,0.21136162720329565,0.12801339992803035,1.152069992427914,1.5195035849414762e-06,1.503527364286588e-06,1.5976220654888335e-08,0.00017477224819717165,0.0001747128814417882,5.9366753500398804e-08,23.98401842909128,980.7998048848613,8.253537805052706e-06,2.7366905501783845e-06,0.31460339990177727,1820.9185932346725,0.018398021245325344,-1423.9043393617212
638,0.6858251839841721,115.67128392023928,0.35792423554308933,115.03110864814661,0.2822510365495702,1370.495082182385,1331.9842851319167,38.51079705046763,0.09672373387519369,0.12358766632896163,1.175992142398875,-1.945872209044157e-06,-1.9636997483804384e-06,1.782753933628054e-08,-0.0002380460886848499,-0.0002381130220491153,6.693336280608901e-08,11.535757631441395,598.4936989677846,7.427170371212859e-06,2.919888738355928e-06,0.31077582534974524,1653.219235670836,0.018426833188564234,-571.8321231431073
639,0.6238258336017696,83.49913956385527,0.22190170690959046,83.06961191104716,0.20762594589852928,1359.2661488653264,1341.3945405304146,17.87160833491276,0.16375536795065523,0.11695880476186189,1.1368205609583812,-5.981893408236463e-07,-6.151426549160034e-07,1.6953314092357383e-08,-7.62676283454377e-05,-7.631920216077591e-05,5.157381395815372e-08,9.351735062198944,305.72768645309316,6.876260420454423e-06,2.438822384060109e-06,0.31261664519457805,1137.3941574768987,0.01858876433209688,-342.2578825751807
640,0.7113597851049671,107.43492458119825,0.40377297714636246,106.73225701439054,0.29889458966133586,1785.0139062349547,1760.5182757717898,24.495630463163888,0.2533409121685101,0.13610114819178593,1.2884675479539993,-8.638264840024165e-07,-8.823066014248661e-07,1.8480117422449875e-08,-0.0001052564489234778,-0.00010531967479030672,6.322586529750738e-08,8.684790610652788,605.28487255276,8.636317534700025e-06,2.929596519993792e-06,0.3501500635854014,1455.1061379412022,0.019070539472492116,261.3502171293039
641,0.7680871575663619,137.6797264803723,0.399795534024546,136.74966588830827,0.5302650580394773,1590.591203591804,1561.357611444496,29.23359214730838,0.15503514273131105,0.14923193220567899,1.380811050433297,-1.145205043573732e-06,-1.1688037625475878e-06,2.3598718973855767e-08,-0.00014568517668084877,-0.0001457453766044285,6.019992196451598e-08,9.402128623510848,396.5615636578452,1.003261057090852e-05,3.041345785617765e-06,0.369643486372435,1934.3618050266016,0.018671113995636104,392.6647696096952
642,0.650017583923526,99.3067651190117,0.2782738702556169,98.75083741766736,0.27765383108872266,1918.078467442508,1895.6209435498888,22.45752389261987,0.09212866466533645,0.11430359869212006,1.090360022271261,1.8318964782409204e-06,1.8181277166626868e-06,1.3768761578233656e-08,0.00020862272149087022,0.0002085641206889258,5.860080062877932e-08,14.255390767043767,489.565304427446,8.175117039790674e-06,3.2210030135213784e-06,0.3036993889237434,1377.3001631983695,0.018976727406571452,-1312.0896144155631
643,0.7733304501777821,120.90581392115554,0.41962579547114937,120.04601790953303,0.4401702161513656,1869.8291119689975,1846.0284896202133,23.800622348786057,0.15172745927660697,0.1418239404905252,1.3343533780218162,-9.788038788316404e-07,-9.9754020305811e-07,1.873632422646954e-08,-0.000123681815422242,-0.00012374856423209626,6.674880879761668e-08,28.14359789902012,245.3103550984423,8.521805378149036e-06,4.83336993490432e-06,0.36171453589994473,1733.631416610761,0.019753737216395836,-318.64222766581224
644,0.7166783730177466,115.89603008315608,0.3540731878594162,115.18180396065546,0.3601529346412241,2219.135469500124,2190.261466927333,28.87400257279025,0.13505976129434077,0.12991703647825995,1.2121960524595334,-6.183772403833937e-07,-6.375573355942099e-07,1.9180095210816165e-08,-8.03867365597141e-05,-8.044991771747213e-05,6.318115620975408e-08,11.056187574544763,248.040720860019,9.625274647453926e-06,2.980310996712512e-06,0.3330936609027862,1669.1332498186862,0.02102762526593894,-300.5149970605853
645,0.6327745088952079,100.3993608465688,0.25946399068720594,99.81908666884868,0.3208101870328917,1430.3212531868894,1404.887933160691,25.433320026199937,0.1038651687278976,0.11508139371886243,1.0857341937429006,1.5807397692820248e-06,1.5585460802545741e-06,2.219368902745062e-08,0.00018058803727006667,0.00018052762068950263,6.041657924096003e-08,8.811966242914846,404.5933190070419,7.028934070391327e-06,3.256198863241971e-06,0.3027162052323177,1431.543095146507,0.018718052529166047,-60.496082833549735
646,0.5928199400553558,78.09960827809805,0.19672988098387612,77.6640044195509,0.23887397756325654,1345.5427590396516,1323.7772488693597,21.76551017029057,0.08007741908730096,0.09784666339301662,0.9798068449025407,-5.273555275784219e-07,-5.432900780192714e-07,1.5934550440849592e-08,-6.721087430881368e-05,-6.726868803751925e-05,5.781372798527223e-08,7.018366198051337,462.7875751018765,5.675970819889298e-06,2.5808060865243305e-06,0.26307619140678945,1089.8587774009945,0.01847852361031096,449.16087525805415
647,0.6272046343832377,88.28288734808703,0.27321802984079757,87.63221798830838,0.37745132993786784,1237.2796981747326,1216.7574977487075,20.522200426022945,0.08337127701297892,0.10615054606526561,1.0364374979173396,-1.3313716796477934e-06,-1.350639748612504e-06,1.926806896471058e-08,-0.0001660147965605869,-0.0001660706177083508,5.582114649729845e-08,9.017668291899504,574.4110723648807,7.450900414034323e-06,2.924427385759063e-06,0.2891924692230992,1227.8476297607117,0.01863527757701548,1521.3260197833224
648,0.6560577038827022,92.21415002225562,0.2696833264180475,91.69947302537746,0.2449936704601103,1800.3504565219482,1781.9596860192169,18.39077050273311,0.10502019475980141,0.11915941415933168,1.1980407267430102,5.239294158418109e-07,5.040016452833515e-07,1.9927770558459315e-08,5.003254542546252e-05,4.9976166745044324e-05,5.637867963476139e-08,19.276796663251083,269.8862003133447,8.678371165458607e-06,2.666678776350573e-06,0.3171125900126715,1294.819301180485,0.019063839584940123,2165.158853967987
649,0.6395885849154239,101.9379658655862,0.3279486624422521,101.33687491408466,0.2731422890592909,1580.3528206248818,1544.909631814261,35.44318881062345,0.195880816373087,0.11453890815793716,1.0986214804308334,-1.6772808746972304e-06,-1.6938191104588478e-06,1.6538235761616604e-08,-0.00020375980581747533,-0.00020381828688283726,5.848106401513308e-08,18.925360438008006,504.41208013443855,8.540193141160539e-06,2.881160530063824e-06,0.29469550014112356,1435.134119751752,0.018410632674522424,-4306.990926721875
650,0.6513027507778849,108.40792856660534,0.35622444835448214,107.68255488982616,0.36914922842469644,1658.5490441268798,1638.6404603883789,19.908583738499246,0.13346018126312217,0.1242220908115219,1.1978096038605583,1.5798427975287576e-06,1.5657241733999063e-06,1.4118624128851603e-08,0.00018084503761177034,0.0001807826500533362,6.238755708920977e-08,15.390538452815877,229.74247841285978,8.061890000125806e-06,3.033775778655901e-06,0.321932838927057,1538.738687838943,0.018558207583353418,4149.860265829764
651,0.6879530447192954,103.798316952399,0.30371267509501043,103.2050985219801,0.28950575532389233,1336.7521997534293,1318.2702375728318,18.481962180598735,0.15715405907573846,0.12737760153640473,1.2407226354506538,-2.7053391412247186e-08,-4.207602306084701e-08,1.5022631648599855e-08,-9.676320462662698e-06,-9.74365391719055e-06,6.73334533623041e-08,42.92229265344404,870.6089630095562,8.03010721355545e-06,4.166389800314637e-06,0.3196170170728527,1453.7494330238387,0.01994665122611936,3210.0457533971385
652,0.5927496819132821,81.69220990429002,0.20125049481904947,81.28493688357854,0.20602252589241177,1565.0728936612145,1545.443051079238,19.62984258197726,0.06183075019216401,0.0983554836429235,0.9981248852920276,9.476379562331754e-07,9.34101381907402e-07,1.3536574325773726e-08,0.00011154214115476314,0.0001114915881283346,5.055302490876436e-08,5.590197783949995,658.6884256053576,7.4600378323032214e-06,2.5566763796665522e-06,0.2780938738873352,1183.976608050549,0.0185527597067907,881.8050446861344
653,0.5952014399611232,71.51551845561808,0.1997327619797631,71.21284112494574,0.10294456869257144,1266.813624114264,1246.1430729465703,20.670551167694732,0.08137802918880081,0.09652093982418167,0.9642026754816135,-8.758289748456223e-07,-8.899556454884533e-07,1.4126670642831083e-08,-0.00010649070479950006,-0.00010654323931859512,5.2534517944487855e-08,6.825030401118386,327.0487384850522,5.5846629185528716e-06,2.5869623605664277e-06,0.2693958423551471,1020.8956209159874,0.017552509245794375,710.9491612759666
654,0.5794102718730718,76.44203236543466,0.23268757370609247,75.86814553417865,0.3411992575499043,1439.210566734767,1422.8329240456806,16.377642689087907,0.10387324804315527,0.10154092762865086,0.981265085253373,-1.7446660172943995e-06,-1.7607217321215725e-06,1.6055714827172863e-08,-0.00020795527717144954,-0.00020800389635792715,4.8619184642204094e-08,7.1171741164194335,623.362666868668,6.061154411053633e-06,3.1801562476514165e-06,0.27147816377090056,1068.4418988638624,0.019272515449275704,-44.930984190359595
655,0.6445553831820261,95.4640194121975,0.2681673815723584,94.95430425169043,0.24154777893471235,1521.9466304814703,1499.1318751629526,22.81475531851863,0.468067565196277,0.12090603752583746,1.1271107911896754,1.6870396710060628e-06,1.6725747579880367e-06,1.446491301802578e-08,0.00019412567955056492,0.00019407188266742912,5.379688196058421e-08,18.81224220634259,425.2810405347917,7.027461638042753e-06,3.0529138433495844e-06,0.3045667032229229,1319.9944643914903,0.017609037946485388,-698.4241717017503
656,0.607522817399799,73.98339004051948,0.21428654161612432,73.64242607879036,0.1266774201129781,1495.1182996015425,1475.7864683806326,19.3318312209075,0.09282974109262997,0.09924402696746229,0.9894065467094698,1.2657935914530298e-06,1.2530553773397832e-06,1.2738214113246082e-08,0.000145174927845369,0.0001451254181145327,4.950972976527452e-08,10.476942945072782,336.08628884729677,6.294234928424096e-06,2.737528507917249e-06,0.27852162453763907,1057.6807259664192,0.020533397237219697,459.6159962217862
657,0.6075374149662452,82.87484094482717,0.20549547739061746,82.37332912485815,0.29601634257840104,1456.7128929548735,1439.3247231909572,17.38816976391707,0.10680737276167653,0.10866666354047783,1.0992282935658886,6.342047914985091e-07,6.204152873074742e-07,1.3789504191034675e-08,7.029210897118337e-05,7.023765531816595e-05,5.44536518849206e-08,12.985701500723273,337.37703020222904,6.5023441767567474e-06,2.6280476938035587e-06,0.2913992146782476,1163.2298617082129,0.019658999544362787,-931.3703283719842
658,0.617395559388189,78.89540177044628,0.20006565379566887,78.5141350124056,0.18120110424502425,1312.451663073986,1293.0543867091121,19.397276364876035,0.1502036274019556,0.1080487413393386,1.0733870775382783,-1.0321367641693282e-06,-1.0473522576354632e-06,1.5215493466135376e-08,-0.00012558302130546062,-0.0001256348230368807,5.180172941938012e-08,7.211615605607697,384.1785281494393,5.172856594113867e-06,4.124065073459823e-06,0.29093018029698725,1074.836655188092,0.019636304678877545,292.5413422014135
659,0.6256655950431543,96.97692667048707,0.29153345745336673,96.41261847361817,0.2727747394155474,1485.3666646768434,1465.4939073680157,19.872757308828337,0.12591084417110932,0.10945697062233527,1.0354452911784313,-9.135884064627916e-07,-9.340357721776839e-07,2.044736571489248e-08,-0.00011435249441078269,-0.00011441176812296451,5.92737112725594e-08,6.387077458521237,449.75171270030836,8.328121145421517e-06,3.289230161287818e-06,0.28825202548646794,1348.4402689981719,0.019657797316879326,688.2699355067671
660,0.5818499391868056,77.90757470013494,0.26880524406871215,77.42279852584946,0.2159709302167749,1209.0420403155454,1190.3304893377915,18.711550977753053,0.12256541580275496,0.10506072856399105,1.0550931147509153,-1.9522284853796905e-07,-2.1224213755471192e-07,1.7019289016742875e-08,-2.5428123311211242e-05,-2.5477070525789168e-05,4.894721370031725e-08,8.065613049394166,453.1961818183561,6.5837745945234676e-06,3.1612267686621464e-06,0.28189191582431616,1073.8669451061535,0.01838250981006995,-648.5539037337658
661,0.740295014931742,84.68465287211254,0.2655371701293533,84.2431507096511,0.17596499233208543,1508.4969721339094,1485.9726713104506,22.524300823461953,0.09472284925569908,0.10597329045332697,1.0807520443206884,7.265334435650443e-07,7.095777315889081e-07,1.695571197613637e-08,8.005620929756042e-05,8.000139539315635e-05,5.48139030289111e-08,11.036934811672435,302.1529829653554,6.770097312791037e-06,4.244074154791043e-06,0.2951045575335277,1174.6656527021235,0.01818771603793804,-839.3467310332671
662,0.8169371072557415,165.4098436637376,0.5125261052037499,164.38424201545584,0.5130755430779707,1419.6325592157639,1387.8126981043265,31.819861111438467,0.1179003768823317,0.16313797532903,1.3596163064006626,2.4062492064998206e-07,2.2114012463493829e-07,1.9484796015043672e-08,2.325263892133046e-05,2.3184445960684837e-05,6.819295941752319e-08,46.84205347996675,483.58676102430195,1.015431912836758e-05,4.173667335102484e-06,0.37288928726910625,2243.449114391782,0.019427615969140503,-6498.253129086712
663,0.6006113276408382,87.03408774417733,0.3415922059026444,86.45090115743966,0.24159438083502338,1218.1380476655613,1201.2230326885742,16.915014976988044,0.09131437327878854,0.09757416238368469,0.8842111895572821,-1.1907476940058097e-06,-1.2091587624920731e-06,1.8411068486263173e-08,-0.00014792452574981178,-0.00014798465450265486,6.01287513414445e-08,5.894646167558331,770.9064150720196,6.196261818206009e-06,2.778816760011692e-06,0.25800153445187124,1253.3994108466927,0.01847028023965199,1167.7246171440638
664,0.6911341111701684,106.51588760213959,0.35085679571369205,105.7841507878475,0.3808800185783941,1619.468775617876,1599.837755109427,19.631020508446838,0.11442790107758095,0.11907043145886279,1.156625834937598,-1.4821248149113067e-07,-1.6370743868231627e-07,1.549495719118565e-08,-2.3898534446971146e-05,-2.3963234439019068e-05,6.469999060578597e-08,29.836839911063056,547.0109604256819,7.2969986463785375e-06,2.867947686749796e-06,0.30743990150754436,1530.3936430057072,0.019203003237844678,1337.1131680217259
665,0.70546744001,123.5743214690346,0.31840451556836713,122.7251742002218,0.5307427532444414,1753.8132633187058,1726.556215590625,27.25704772808022,0.15823705638561664,0.13242087314266085,1.2377508615124557,-2.3951902675518147e-07,-2.571493105766393e-07,1.7630283821457982e-08,-3.2868074793576915e-05,-3.293275109109305e-05,6.467629603182789e-08,22.772897159783255,602.3780040670529,9.174864068084924e-06,3.2050880407747004e-06,0.32566314190332796,1786.031422360813,0.018527166787056883,1519.117123119293
666,0.6114276572065607,73.04813378140825,0.21680737622840168,72.58182759163668,0.24949881354317266,1058.9433861951923,1039.3811816633906,19.562204531799168,0.07755087132046613,0.09850280456801756,1.0132415330669358,1.2266599276372958e-07,1.0756443853249063e-07,1.5101554231238954e-08,9.587615331546289e-06,9.539196216446336e-06,4.8419113805384315e-08,6.098893257996403,259.79416989043096,5.895207646077034e-06,2.9859120860794255e-06,0.26536023787988156,1023.5711167818669,0.01930165866208881,1111.8927756616686
667,0.5589105030282402,71.99023213226715,0.22795786010286118,71.44158397304368,0.32069029912060404,1215.705906678529,1200.496314864961,15.209591813569617,0.1317416776673897,0.08790637907275087,0.8691250789061126,-1.806520599465523e-07,-1.9444099406827545e-07,1.3788934121723181e-08,-2.676593387136417e-05,-2.6815903089425825e-05,4.996921643100639e-08,36.465782702516265,294.58287859531515,5.4758046080560905e-06,3.5482635561020348e-06,0.2403476265749157,989.0292151057123,0.018932123472568445,-283.7234866969884
668,0.6328416374502663,103.42486287257886,0.35440315367726233,102.89856509671479,0.17189462218681642,1452.5687989735532,1434.935270816557,17.633528156997777,0.20780712974131907,0.11585548828278167,1.1018472738255825,2.152854855864601e-07,1.961777482023771e-07,1.910773738408294e-08,2.4174593521097036e-05,2.4115810681918604e-05,5.878283799560877e-08,4.675251496221666,761.8554129593712,7.478098869273935e-06,3.796276785067129e-06,0.30675488973142934,1457.6729854394289,0.019044008790975467,-1893.0958030186412
669,0.6932752466546331,119.5149424218603,0.3478448338060736,118.9479601668908,0.21913742116342505,1629.791483247394,1610.2286524621186,19.56283078527165,0.2848059300149568,0.1333334590757055,1.1794002191704989,-2.55808209587442e-07,-2.7657359963996523e-07,2.0765390052523202e-08,-4.0191004303964834e-05,-4.026036789225862e-05,6.936358653888827e-08,7.189896170847586,-187.83582366391389,1.0110674449582918e-05,3.2477778610034967e-06,0.32969997148462526,1719.4937076349731,0.01774242141815714,2248.8524741776127
670,0.6219932846065129,93.6557372938394,0.28321677000449275,93.14044401403031,0.23207650980458916,1631.4419913759727,1615.5883910859877,15.853600289985915,0.09556985838666736,0.10571914623380628,0.99641413822071,-1.236850347430628e-06,-1.2522030868533942e-06,1.535273942276637e-08,-0.00015013801783694475,-0.00015019383374829026,5.5815909872070066e-08,9.048528960886191,-69.06632997874496,6.987641849627887e-06,3.827304080755988e-06,0.275397476014397,1302.4819565809032,0.019921017515867126,1901.67770040104
671,0.7361324143228205,100.0171961970921,0.2810164036576529,99.49996777890517,0.2362120145292695,1415.4697400218754,1394.478538364221,20.99120165765264,0.12124083058841535,0.12269735764105129,1.2416974984263578,5.13522699463925e-07,4.948333381451878e-07,1.8689361318737345e-08,5.5501400580810306e-05,5.5441741736837654e-05,5.965884192677096e-08,19.32412399965593,471.8120816447147,6.2478266590935895e-06,4.819409858400674e-06,0.3293485397806513,1396.0968930026456,0.017489501175505098,-630.6449604870868
672,0.6277885178094488,88.30003883009246,0.2994325670959232,87.78272956052463,0.21787670247190788,1886.2937283584877,1867.005331465094,19.288396893393056,0.1262474500261843,0.111615102802781,1.122474744717205,9.054424114036926e-08,7.537309968217369e-08,1.5171141458195567e-08,6.5930217238134646e-06,6.53903843082184e-06,5.398329157646761e-08,4.902208540549333,719.5354716593182,7.949300582401662e-06,3.4821447274328404e-06,0.295779799888698,1231.604350309869,0.019983795150649387,203.004336513015
673,0.6306583905528615,95.59544642142366,0.269743158768427,95.12342039413517,0.20228286852007896,1686.2029948640743,1663.3484466120149,22.854548252060596,0.14665355230496507,0.11521625113639813,1.0941299413516488,1.7564720563855718e-06,1.735938085214912e-06,2.0533971170660246e-08,0.00020350235123842695,0.00020344470136530025,5.764987179722653e-08,21.67718386348465,529.4152688243408,6.29647427232323e-06,3.134081185187732e-06,0.2984763500942545,1328.1555191212683,0.01875335822531593,-2653.785549752254
674,0.6628610742120673,101.79563833410882,0.2833085900670791,101.16033605388729,0.35199369015443743,1669.5382199584485,1648.018932740184,21.51928721826407,0.12400953721408894,0.12947734980491485,1.2384498777901736,1.9325136063080237e-06,1.917758706755101e-06,1.4754899552922203e-08,0.00022288434440008486,0.00022282440256059152,5.99418381823353e-08,7.675355748696651,149.6084227553626,9.416463906835722e-06,3.1000457131838075e-06,0.3190718609224578,1427.7887757374529,0.019199167068979,817.1741163336737
675,0.5999020227883675,79.05378521816621,0.2174035630059356,78.61583461867225,0.22054703648800666,1416.337409988672,1395.6981390999013,20.63927088877055,0.1446062368762216,0.09403609116040601,0.9156600618699244,-3.4779385314934866e-07,-3.603829167578305e-07,1.258906360848184e-08,-4.5217220014584314e-05,-4.52702620985897e-05,5.304208285265368e-08,9.536954291289279,546.8969433496898,7.544112270392803e-06,2.378459652170907e-06,0.26011678181344905,1100.7510178130246,0.019727672015106803,469.5275694787779
676,0.6137295857873215,91.5153337267519,0.2500322433945689,91.04355103233074,0.22175045102660593,1585.578521194325,1564.0466355273782,21.531885666945637,0.12261981041569764,0.10986706727534253,1.0595265085096999,-2.33915901229171e-06,-2.3546838019061453e-06,1.5524789614435487e-08,-0.00028166474085873785,-0.0002817190103378962,5.426947769915058e-08,6.35517020279305,-67.54984536684675,6.136812058303544e-06,2.7940460573855655e-06,0.2913845907580439,1300.06887880357,0.01810808285366189,-235.08688035823798
677,0.6359099945538879,90.19005731520397,0.2688434870568042,89.66006745363715,0.2611463745100201,1495.9638774036644,1476.8353242715625,19.128553132102322,0.2029470898390619,0.10626000407121243,1.012172985966007,-9.040811355262804e-08,-1.0348641145303285e-07,1.3078297900404885e-08,-1.5952965712107072e-05,-1.6010690771717944e-05,5.772505836694511e-08,4.21443503783003,155.71591962880828,7.429801712563477e-06,3.654627585528567e-06,0.2780509199616353,1215.9985415191964,0.01822464927684675,-1826.323447105413
678,0.7002660829544542,124.86788844991523,0.37351919783188586,124.12006873889399,0.37430051318933427,1629.17001168094,1604.775995439537,24.39401624140117,0.340449332222337,0.12867049289924123,1.184897336644906,2.6537727588300874e-07,2.4794918135719765e-07,1.7428094525811047e-08,2.3262910481499604e-05,2.319812233113502e-05,6.478814882320434e-08,249.69684235727428,633.5376215077433,8.168378025631826e-06,3.5751107274653484e-06,0.3165985387755143,1766.3959103001082,0.021257193595831052,-3313.8693073125687
679,0.5836708464498179,71.59429082866522,0.21061937254107113,71.13586938721697,0.24780206890717554,1373.6996966304573,1355.7431482575741,17.956548372883763,0.08401347005752974,0.09621565973179098,1.0134734405086747,3.843540480520387e-07,3.693406012412528e-07,1.50134468107859e-08,4.000476126414298e-05,3.994897723961585e-05,5.5784023418144216e-08,4.375746099531775,698.8686954840773,5.26589994424805e-06,3.3315534914425433e-06,0.2711969394346476,988.0974160326464,0.018399419915297026,-1178.7213124040172
680,0.6179322800414851,98.44658375617387,0.3142820052505321,97.80253876375127,0.32976298717205654,1589.6360465770658,1570.0912254289901,19.544821148075258,0.3071954695361796,0.11776261760620861,1.1366787078927958,8.153355104718766e-07,8.006768600444214e-07,1.4658650427455043e-08,9.087675146117286e-05,9.082055021316195e-05,5.620124673576231e-08,11.084169086750189,468.6216869941574,6.949140178212836e-06,2.7970787067892483e-06,0.3045142786759002,1353.5153869218034,0.019930013887780075,-3235.874892645923
681,0.5446318441563318,69.39828908725625,0.2061150150349617,68.97939330151932,0.2127807707019537,1552.5887402468156,1536.300824635035,16.28791561177943,0.06204238214644963,0.08639141887117663,0.8729419939457855,8.466556241482932e-07,8.320422799798138e-07,1.461334416847927e-08,9.59014869555071e-05,9.585241417161586e-05,4.907278264795578e-08,10.513281285607738,450.7839790313119,5.878342868098664e-06,2.4065616735070637e-06,0.2405554430324371,959.1593092679404,0.017002754339262405,817.0790550478014
682,0.6295492616499331,90.64133500775351,0.2959996854458658,90.20347437711968,0.14186094518799178,1322.3330256026838,1300.161716100549,22.171309502137035,0.11602657622027987,0.10125982717132753,0.9529003663279217,1.1858862946331584e-06,1.1702677083377654e-06,1.561858629539259e-08,0.00013454822176017895,0.00013449433571200914,5.3886047097544164e-08,10.835435016255861,255.0926693202507,6.484370839427602e-06,3.0133735823138112e-06,0.266002390034825,1248.4871132039912,0.017654390641152342,-633.2977049034707
683,0.645342377926716,105.01317899803905,0.2897592267704038,104.5954908140424,0.1279289572262323,1449.655920985598,1431.9307825323347,17.725138453261998,0.11285891079966744,0.11468323701347892,1.0831998235696727,-8.055903967317663e-07,-8.230464291816021e-07,1.7456032449835827e-08,-0.00010414469706130056,-0.00010420201224967972,5.731518714720313e-08,11.930090791487943,30.96161483049804,8.761486601697417e-06,3.0912994723200875e-06,0.2960434333695361,1554.5545269487775,0.01893232163053249,2002.2709254943256
684,0.7066664331502975,107.74503496048288,0.3243607637082963,107.16208601779556,0.25858817897903486,1620.0204504595547,1598.346038047984,21.674412411567253,0.2990865832079282,0.12739481936314337,1.2404705041489266,2.496324924922106e-06,2.477017553347e-06,1.9307371575106176e-08,0.00028985723098138655,0.0002897992432187854,5.7987760640477126e-08,23.07839792857188,699.3461354221167,8.015280162772137e-06,3.350820429885846e-06,0.3222642705739309,1482.8950018324779,0.019917600838105943,-891.1267742507225
685,0.6900582824288536,103.17436908603631,0.3064537158858864,102.55860646590214,0.30930890424825985,1272.2742147416657,1250.632089531837,21.642125209829622,0.17040520380110263,0.12100055531411974,1.135062103506022,-2.6852139970662243e-07,-2.8562717558916983e-07,1.7105775882547393e-08,-3.48848907305563e-05,-3.494882641464103e-05,6.393568291025196e-08,30.852213728385856,485.2766862178904,7.222203037684656e-06,3.5090720733551006e-06,0.31241024879534124,1435.2589469313498,0.018608506258264105,1316.8743630367098
686,0.6573010475381411,90.5133350808841,0.2888454083403078,90.04579513899154,0.1786945335522559,1322.9742391895995,1305.1499216460063,17.824317543592684,0.19893251323310965,0.11774108735077578,1.1560888354221197,3.9131483089440837e-07,3.7803696467371816e-07,1.3277866220690332e-08,4.472407716989887e-05,4.4669848615391434e-05,5.422855305446273e-08,8.511059196489292,444.1668155414357,6.791017304728027e-06,3.2660204017563512e-06,0.310044149335133,1265.69292944733,0.018000602114454176,-904.9069875452733
687,0.6060739105904558,89.24553627410485,0.2656572919338906,88.6822310129223,0.297647969248655,1283.4226313849294,1263.763970178716,19.658661206216085,0.08983583855740103,0.10710593440648124,1.0253653566139198,3.3802201698899605e-08,1.742798512664915e-08,1.6374216572250447e-08,1.447659876540332e-06,1.3929526112324788e-06,5.470726394244379e-08,45.57329207169317,323.32302950902687,5.946574403919284e-06,2.8421224108554313e-06,0.2771820380392796,1250.1714833698209,0.019044761028886928,1565.4068423254794
688,0.7410766364043707,123.11795348748669,0.4678801865056137,122.49775263680735,0.15232066417372542,1569.969793945148,1542.3869417164142,27.582852228734748,0.13976425598344894,0.1382271022308461,1.3024796818733129,2.65395118894807e-06,2.635521349639725e-06,1.842983930834625e-08,0.00031226962983611843,0.0003122031431491648,6.648668444190312e-08,8.09814805231447,737.7649413730444,1.0186736882898433e-05,2.7218009179571804e-06,0.3374766702963481,1787.611923339975,0.018593226069373303,-423.9728083510963
689,0.6523076144525264,106.25845083658295,0.3206482801765629,105.68324772231982,0.2545548340865857,1836.2853606745714,1812.4527698248899,23.832590849680276,0.10918738566334753,0.10763536022859828,0.9888426024803014,7.700591692069344e-08,6.100284228380747e-08,1.6003074636886007e-08,4.508713824706562e-06,4.4461287587797845e-06,6.258506495409756e-08,9.607689632902837,142.7726949346091,7.763619830558895e-06,2.9467860614073606e-06,0.27322428483389677,1500.1673038097258,0.019450200815203593,-2650.645137024101
690,0.5802163911308716,65.19330631407301,0.20367907229604493,64.7833990607808,0.20622818099618315,1854.8840975454527,1837.9013618371223,16.982735708330157,0.06789375248382427,0.09903413251586636,0.992212975398123,-5.927510090897389e-08,-7.329196793915565e-08,1.4016867030181732e-08,-1.239642560551248e-05,-1.2446230039819784e-05,4.980443329136523e-08,7.711843865848586,594.6939226668031,6.1257139711436776e-06,2.9777555141294913e-06,0.2801465801297091,892.3429069489144,0.019801873088313302,-926.0052143449466
691,0.770351321141473,131.55020063550575,0.35715555671437216,130.8429512805934,0.3500937981979561,1507.2126499603119,1482.7405084632069,24.47214149710557,0.1210232791149841,0.13845057633860833,1.2872040263599587,6.166563938241502e-06,6.149152693213118e-06,1.741124502838296e-08,0.0007274785448718394,0.0007274097981610481,6.874670945182428e-08,13.745301682765374,636.4253042283046,1.0370165198338913e-05,3.5726934923527916e-06,0.3417597819375712,1914.53797307797,0.01864145207956366,-3670.559158953125
692,0.6309693214216568,95.23950638251095,0.3272755376755073,94.54002599334802,0.3722048514874187,1473.6371411194993,1454.0608038045375,19.576337314960988,0.13099662664094958,0.10870377033475179,1.071482761378732,-2.2218486774985555e-06,-2.236634563264748e-06,1.4785885766191829e-08,-0.00026684735263391053,-0.0002669064933947452,5.914075946800639e-08,7.276747605169845,-20.673875266272127,8.619176768102502e-06,2.872382794016605e-06,0.28787405966021656,1311.8008256831135,0.01866435844957066,899.0900666563357
693,0.6379662806188732,103.42823437500603,0.4361006375915959,102.76123008233851,0.2309036550759395,1660.3086357235427,1634.3565567605622,25.952078962980757,0.1471314929323391,0.11486234199843774,1.0543770049415195,1.1103721760918608e-06,1.0958469304646799e-06,1.452524562718075e-08,0.000125671448499778,0.00012560441480721714,6.703369115282681e-08,6.586414746892597,411.56277840997234,8.239568266364227e-06,3.1438005247565877e-06,0.296016685217296,1468.7569452369682,0.01823689045499203,-747.1567100575339
694,0.7277258902034571,138.37887897473806,0.4990598980303988,137.41246935871797,0.4673497179896903,1563.7593382760956,1539.3113717923413,24.447966483755632,0.21749920574198095,0.1417660469925153,1.345525166486717,1.918251807350502e-06,1.9027545881092787e-06,1.5497219241221722e-08,0.00021752134873533277,0.0002174532337931195,6.811494086681403e-08,29.606807432634106,834.0598236687588,9.694421080828692e-06,3.4354776974091418e-06,0.33362126648542967,2029.6170784271953,0.018791994948824664,-2663.4836990924123
695,0.6308914181837505,96.25336592824749,0.2709346846392993,95.63205693426562,0.3503743093425668,1566.0183337077297,1540.6466280684272,25.371705639302355,0.13714296086797778,0.11442409868925398,1.0415640957549395,2.007082706951104e-07,1.8390318072471246e-07,1.6805089970397922e-08,1.858953704040451e-05,1.8533559112909935e-05,5.597792552123793e-08,5.196989734270054,424.3298051778259,6.968636946765487e-06,3.063539156061559e-06,0.29171317682341075,1367.8473509863725,0.01829538023284563,-864.7222743334678
696,0.6174313510677792,95.93315391332864,0.24210045747619877,95.42596047417392,0.26509298167850587,1847.6577760965567,1822.75196186354,24.905814233015867,0.13828200778810684,0.1151382551988875,1.1205429515008987,-4.4626797549431223e-07,-4.6382258851491816e-07,1.75546130206059e-08,-5.4363166738729324e-05,-5.4421918963581615e-05,5.875222363318119e-08,23.78450465757118,581.4394491657429,7.229618392417511e-06,3.816114063285891e-06,0.3096919629775028,1292.1345029770346,0.01999497209205517,-2112.9221037271273
697,0.7519397377932346,116.13835854298539,0.3517830261613163,115.4307599287239,0.35581558810015623,1432.825006590739,1405.9813598017872,26.84364678894953,0.13042740666762492,0.15283155816825242,1.4903916607465972,-6.362649392151467e-07,-6.561461930287667e-07,1.9881253813620067e-08,-8.067684551786674e-05,-8.074245826223047e-05,6.561274318942866e-08,9.711511877118673,887.4375822751364,1.0660104103260856e-05,3.268552687616394e-06,0.38974226512793614,1638.0073957571074,0.018157835312783182,-27.10473381747215
698,0.6403480868287056,110.09324465778643,0.32967115573678707,109.4114883300018,0.3520851720478564,1745.015678311237,1723.2541313896884,21.761546921550078,0.22336770703533182,0.1150590498319983,1.053946558992533,-1.0278399548472297e-06,-1.0409598942671121e-06,1.3119939419882146e-08,-0.00013099593382298076,-0.00013105344087257275,5.750704856673767e-08,8.199868389882543,806.1072245061359,8.050840750479255e-06,3.2812107247783013e-06,0.2915532852210794,1572.9457730403778,0.01917711464470128,-4296.024783476463
699,0.5735753468233045,78.70114142862468,0.2163462257088864,78.1856949624669,0.2991002404488904,1357.801525421372,1331.9216207877357,25.879904633637775,0.07897362007868979,0.09551933434050881,0.9410056904465505,-5.231832265571053e-07,-5.386628492385497e-07,1.5479622681444272e-08,-6.547276971704767e-05,-6.552900379976187e-05,5.6234081695648355e-08,8.411388147517417,1043.5543986889563,6.10664364870241e-06,3.1246373242667705e-06,0.25851555540977733,1142.3887153322412,0.01862962764581866,-924.6101278203969
700,0.696232771601362,129.96196640633448,0.4205398790326435,129.11706573833965,0.42436078896218504,1354.4288666134032,1334.1936264792791,20.235240134124663,0.13534242220620354,0.1323974751312151,1.1560126962426949,2.260525612175779e-06,2.237750467404191e-06,2.2775144771588808e-08,0.0002588152092307664,0.000258745892447238,6.931678233129273e-08,35.36484339696217,562.7947663617338,9.911935924069384e-06,3.0477466471482955e-06,0.3254028323949619,1777.907222400774,0.018954927967391507,43.085356923777
701,0.7298005909373791,110.2889473225127,0.3860147078840962,109.6904246383358,0.21250797629279367,1934.9868895055047,1914.9269570622923,20.05993244321297,0.16183948891060954,0.13123752141717077,1.2592050498928882,-5.060266453180778e-07,-5.198400291987881e-07,1.3813383880710121e-08,-6.375638356817278e-05,-6.38255666051836e-05,6.918303609384518e-08,6.963491737788656,582.0417869569236,7.224864111129542e-06,4.604153662669134e-06,0.33097755513070226,1545.3059207340789,0.019733311806320937,-442.88715418087304
702,0.6828315066632648,117.99964785623825,0.44384178963314397,117.13342363428313,0.42238243232198247,1536.0848153111097,1513.5902020548392,22.49461325626893,0.1786156915777706,0.12440180613065813,1.1197281371204106,2.746594428869952e-06,2.7271753738792522e-06,1.9419054990701598e-08,0.00031657802609981825,0.00031651074137063436,6.728472767437179e-08,18.757703705241507,764.2313031596937,8.76186654908608e-06,4.278449959938539e-06,0.30740444202949846,1680.5657230246038,0.018802567274084286,-2263.486458696687
703,0.6710926732284136,111.14276807750899,0.3604922362430282,110.45134308171491,0.3309327595510337,1485.3455702835,1466.0685840731282,19.27698621037093,0.12499770292974959,0.1289535890721428,1.2464060362622222,-7.680685201964905e-07,-7.867383484883336e-07,1.8669828291842726e-08,-0.00010379013824677264,-0.00010385371450671173,6.35762585709735e-08,7.869257027362499,105.12619292626873,8.402630041652939e-06,3.2631645409183693e-06,0.33052767646455555,1545.6989777240485,0.01991711118726622,1341.131778165236
704,0.6906632547468986,94.08631381758408,0.24389587395863843,93.62758634874719,0.21483159487825204,1839.1497492891954,1820.6275460233712,18.522203265823272,0.10025265855772286,0.1285845893969065,1.2531085103380255,-1.0719822921689106e-06,-1.0905247162092716e-06,1.8542424040361214e-08,-0.00013024245234789368,-0.00013030874854688164,6.629619772807933e-08,103.61946293231188,-806.725396221745,7.173628473700356e-06,3.9278412826279686e-06,0.3359504123030677,1336.8673842555968,0.019560302060115022,2673.938525892241
705,0.6437935492907069,97.23720675053231,0.3600608030658058,96.55486332807934,0.3222826193871558,1491.1923847403204,1470.6321376998558,20.560247040465935,0.09018816663538724,0.10171210123587986,0.9602072253201903,9.911734986798553e-07,9.763577195571233e-07,1.4815779122731986e-08,0.0001105056620236309,0.0001104510262801331,5.463574243010226e-08,19.917170053882845,293.9199891379458,7.53240729414862e-06,3.054106124387312e-06,0.26425589866757065,1430.2277454904975,0.018011963706598952,-1045.8895346512727
706,0.7356427541340282,117.24799175755709,0.33770812887489493,116.38475842538215,0.5255252033000497,1905.8223366604548,1883.9075522880128,21.914784372442018,0.13903709172929674,0.13943707322953214,1.351950870775579,3.990396449532635e-07,3.8461176265362074e-07,1.4427882299642852e-08,3.999739468041203e-05,3.99333605869346e-05,6.403409215084678e-08,11.763458144852368,558.3484862034429,8.10797938610103e-06,5.355296540378752e-06,0.3558173377168858,1592.9576379812206,0.02032335207496621,2498.4067583929427
707,0.6128977589183545,92.45335580625299,0.2846610547244959,91.84247194846247,0.32622280306600204,1790.4209045987157,1768.019724914596,22.40117968411867,0.12841185586776352,0.1098867806429425,1.0336217431142347,1.0708062492215157e-06,1.0566590294963773e-06,1.4147219725138459e-08,0.00011930018601205945,0.00011924445596323861,5.573004733350196e-08,5.148457685782075,532.8831748068545,7.007900976424906e-06,3.216404739265879e-06,0.294849443811684,1305.6393167206804,0.018730537543345457,-1539.4880879307602
708,0.6246389676464617,95.8608891170331,0.3083536344842201,95.33004859065935,0.22248689188951207,1433.926078562545,1417.1949219852227,16.731156577322906,0.09335802146354515,0.10988409061375397,1.0588014266291177,8.703910561481551e-07,8.556420954668278e-07,1.4748960681327259e-08,0.00010225534756762751,0.00010219700034991008,5.834721593029139e-08,5.922341879090524,690.7486856025577,8.598134100165469e-06,3.869204333734938e-06,0.2759901868760028,1341.3927421325427,0.018572099507915756,2238.163542456972
709,0.6578362758879023,117.41137613127104,0.3461176998016011,116.70432633630409,0.36093209516532443,1479.369206828095,1453.3914049169503,25.97780191114504,0.19880820643050934,0.12405917071395428,1.093387004820431,-1.9348722577283348e-07,-2.1082924205678908e-07,1.7342016283955652e-08,-2.7708411862576782e-05,-2.777369514717477e-05,6.528328307800163e-08,15.88232446443957,596.576294434365,8.020781756147285e-06,2.821128528141553e-06,0.3041717557983518,1602.4182315192843,0.018543411597848114,-1736.6051476706161
710,0.6387190340173109,91.76744071843568,0.242502997857075,91.18100462513638,0.34393309544222206,1525.0079530157986,1508.4177561813153,16.59019683448369,0.09445071831576368,0.1156978917820636,1.0890596771175483,-5.325432744171422e-07,-5.497897245724584e-07,1.7246450155316354e-08,-6.987598079967343e-05,-6.993422633393019e-05,5.8245532808426324e-08,8.063848251432873,453.36060361401525,6.47424741837123e-06,4.016304990893636e-06,0.2989455771870021,1300.9062468421455,0.018960673724991755,731.2536102782506
711,0.6676008244288915,116.8600287083512,0.34935470223947357,116.18278686559309,0.32788714051861306,1217.7534606656843,1198.680224945426,19.07323572025949,0.28193634389976674,0.12467509842760074,1.2069967721043775,1.0758472220534816e-06,1.0586500658999112e-06,1.7197156153570883e-08,0.00012290835738317578,0.000122843626478833,6.473090313671841e-08,47.24262014283799,767.5506746911063,1.0831337292845594e-05,4.675704581507549e-06,0.32223221702931415,1672.435676416279,0.018653420738330834,-919.0647587156454
712,0.6565518620248477,100.70413499585065,0.27523568069928045,100.18512122305073,0.24377809210066348,1527.1198222582113,1508.6625463873372,18.457275870875176,0.21164846226674372,0.11700475481373007,1.1445562498782786,2.064088535236684e-06,2.045412511436391e-06,1.8676023800291345e-08,0.0002397427040233339,0.00023968844756355837,5.4256458568743886e-08,15.888243708576436,770.3830419549691,6.582636815630068e-06,3.289233520220722e-06,0.2991031526666343,1358.3724731343077,0.019273438128081733,500.85068448093443
713,0.6715973425273595,102.10074347547032,0.34516530513111415,101.55609754115433,0.19948062918486284,1434.2555665236687,1416.5614722551666,17.69409426850283,0.21803104072410673,0.11941310357889075,1.1621686155818403,3.950428366638757e-07,3.77369503074396e-07,1.767333358947985e-08,4.570755076627664e-05,4.564816193253423e-05,5.938883276878857e-08,14.053618666812186,654.3732926339933,6.700260182413037e-06,3.982222882100291e-06,0.29671568779767815,1448.3558449093716,0.018594352495505062,712.7136675171205
714,0.5288789347656846,75.36104249511864,0.26461104081987447,74.82524271364619,0.2711887406525592,1272.4765061694393,1251.4675503423684,21.008955827072604,0.07789959644472717,0.08523106019344111,0.8312635282806989,-1.1120046005060493e-06,-1.1264792678577257e-06,1.4474667351676389e-08,-0.0001376428273515235,-0.00013769534503193658,5.251767899062833e-08,10.545792779569807,447.55325176163745,5.335701964643853e-06,2.570867270049774e-06,0.23715831741567286,1045.796571188643,0.01788743418552241,-785.0841938045014
715,0.653120724265701,99.51908773292169,0.270615826835141,99.03726837998148,0.2112035261050575,1506.7227975687226,1487.453087245613,19.26971032310749,0.05484643792658128,0.10503915424043596,0.9844148300871144,1.1910419259550754e-06,1.1726114747864264e-06,1.8430451168649635e-08,0.00013092471108189596,0.00013085562309376165,6.908798679986632e-08,7.949356173491208,379.0882248778497,8.278916826094339e-06,3.70384412411363e-06,0.2782708328277833,1313.6195924575914,0.018560927545419114,966.2023733895367
716,0.564268223658321,69.11596755423409,0.2107389838956572,68.7192679999693,0.18596057036914024,1173.5256502431255,1151.1653196953716,22.360330547751893,0.1628441395242457,0.09099971241070674,0.9157706904725169,1.2462265507582124e-06,1.2327179759444203e-06,1.3508574813792326e-08,0.00014053193305388342,0.00014048579448925117,4.613856346759196e-08,8.702169495407942,96.35633530603184,6.1426881158848875e-06,2.368695655951175e-06,0.2561735169748267,956.0278874799884,0.01874301120780654,53.35986848286484
717,0.5518980863836846,61.33491741159886,0.15942020293076448,61.042890239095186,0.13260696957290916,1407.968039331832,1392.1644026543172,15.803636677516172,0.09772211997014335,0.09470548050194003,0.9894209922264449,1.98204025719279e-06,1.966839231737763e-06,1.5201025455027568e-08,0.00022872333676681456,0.00022867219538191976,5.114138362629044e-08,5.164174903645504,290.49086693590164,5.180898792256872e-06,2.9792305774265582e-06,0.265913354047793,853.1612308865297,0.018247641247032136,55.95198461903783
718,0.5908852023411736,87.37421067500634,0.3163721708961575,86.80977605033685,0.24806245377333905,2069.7134782694757,2048.6868487360503,21.02662953342529,0.12948895398444768,0.10940397143850508,1.0191191283588772,6.505124079581466e-07,6.349396517078812e-07,1.5572756250265385e-08,7.000163774621379e-05,6.994957483583489e-05,5.206290960280593e-08,7.588130530522211,673.453751566787,6.78993885474177e-06,2.777798790098341e-06,0.28065943262212667,1269.7461950128686,0.020859174914952944,1523.9305089645386
719,0.6580312425915699,102.59006692208602,0.406703142899362,101.84863454985539,0.33472922933126276,1433.6673272590058,1415.5580732373587,18.10925402164887,0.1617201168608846,0.11335649302985334,1.0734426850489271,2.066514350716594e-06,2.0459225987557543e-06,2.059175196083949e-08,0.00024315300889044222,0.0002430965273770628,5.648151236260771e-08,11.67116256659559,326.2619718458834,8.497967981167068e-06,3.107492956842942e-06,0.2932107465663973,1419.915359125081,0.017977698371696053,2246.9583849835326
720,0.7375978778079096,117.46589484227407,0.4523176184286546,116.6773288707892,0.33624835305621936,1902.876943956557,1882.2384963550928,20.638447601462854,0.24467509868762438,0.1330211887005594,1.2763590081383476,-8.55419023121074e-07,-8.724661884766665e-07,1.7047165355592614e-08,-0.00010548410242564252,-0.00010554670344633972,6.260101961318201e-08,25.193658169951128,526.4745658902126,7.3114881140514e-06,4.295072637581215e-06,0.33861741285502023,1630.076088479132,0.020254870977131835,-1394.9969197302817
721,0.693952926837623,86.74491114966014,0.2487437683364711,86.29712026834024,0.1990471129834254,1677.0023524228384,1659.473518715117,17.528833707721365,0.14084310957496507,0.10208879125585875,1.0851998581358533,2.3759825835972826e-06,2.361222316384181e-06,1.4760267213101995e-08,0.00027233712973849197,0.0002722817480664501,5.538167086228609e-08,6.880353368657552,389.47815329746646,6.8440221873727e-06,3.8131204363038006e-06,0.2866678105982673,1206.7719384717902,0.0204467576973843,304.70193148563703
722,0.5980350164591608,84.14366221144013,0.25491444525296636,83.67381866519523,0.21492910099194235,1483.1920205660285,1461.484115716079,21.7079048499509,0.12401413310098833,0.11025442554925802,1.0519460863612797,-1.5293348896165076e-06,-1.544915476089927e-06,1.5580586473419197e-08,-0.00018695818938243108,-0.0001870103593268426,5.216994359446305e-08,5.65827183980916,533.8482349191107,6.65124386630975e-06,2.703375304801953e-06,0.2846381495683492,1171.9970778180557,0.01808304817181294,-343.5867505231836
723,0.6126651351919703,79.75159422011566,0.2523911466793386,79.15905821578862,0.34014485764769,1297.6644441244443,1278.8186226793875,18.845821445056018,0.17991757661686938,0.10091575129450596,1.0035888658867906,1.0820007595915925e-06,1.0667534378202911e-06,1.5247321771301724e-08,0.00012263256301021358,0.00012257515455147474,5.740845772039642e-08,7.5216665276572225,847.7448662294106,6.509193866146663e-06,2.9539828176226105e-06,0.2706898631905389,1102.1036457424527,0.019218627371074746,231.8394976532727
724,0.6387432285910191,83.53952920686335,0.23106852929011917,83.00962769416309,0.29883298341016573,1487.9329368237165,1467.4653177869711,20.467619036746736,0.11107665648469081,0.10576255619641693,1.0511845107098323,-5.189282713270562e-07,-5.347565045890036e-07,1.5828233261947132e-08,-6.722613554471763e-05,-6.72793853026572e-05,5.324975684580393e-08,92.76914410153886,336.26096589712876,6.218262312398171e-06,3.288231852549321e-06,0.28683918318199947,1147.8305920426662,0.019597577792349136,-642.4304034945744
725,0.5804947763994304,74.38052741461831,0.22080162405843703,73.88838921319757,0.2713365773622911,1234.4074595512402,1210.6035751257082,23.803884425530498,0.0630640274318262,0.09288781441876734,0.9187710275482069,3.694279534314728e-07,3.5642873388489053e-07,1.2999219546582185e-08,3.766337733815303e-05,3.7609967359433936e-05,5.340997741805623e-08,5.401862787775315,200.50828837929257,5.935849590066515e-06,2.973098896182094e-06,0.26024005624558527,1038.3258257265866,0.017624540815882595,596.3035992106015
726,0.6981447417028372,96.30854744387823,0.35608467524674553,95.69890506586698,0.25355770276451367,1461.2956774705049,1438.7477747305602,22.547902739946014,0.11739450317537559,0.11969405073562094,1.1917382614331455,2.0470914558972585e-06,2.02983227650299e-06,1.725917939426831e-08,0.00023805918886802925,0.0002380048586103002,5.4330256217793545e-08,23.524692759368566,277.43084509040034,7.640410398151275e-06,3.506508495357304e-06,0.3124277800099328,1362.3900964039312,0.018988693329071424,533.4583203192269
727,0.6096319176284284,77.463038317932,0.22227635770399737,77.00182538161515,0.23893657861285436,1205.0881311180221,1190.0649665031256,15.023164614895673,0.08040849355683305,0.10226238319114342,0.9959081209021823,-1.9358033041270463e-06,-1.954407004031991e-06,1.8603699904945595e-08,-0.0002374329680193589,-0.0002374871229623039,5.4154941739230616e-08,13.956000449899173,252.88251221103937,6.465913489745859e-06,2.7388112625387036e-06,0.27707351953496606,1084.0307441936752,0.0188161708965681,-572.2555917350292
728,0.6221569318696026,73.15584566187164,0.2412817256221848,72.67316815151062,0.24139578473884352,1637.2546513585537,1621.7167607386002,15.537890619952977,0.08536919433205784,0.09584240395784996,0.9797253326611871,-1.0103167236811177e-06,-1.0237547178877862e-06,1.3437994206668362e-08,-0.00012410808234480922,-0.00012416004438396116,5.1962038042725134e-08,17.36039574633051,212.66438699027387,7.67201921097522e-06,2.530267276671105e-06,0.26805278896578166,1014.3021131851458,0.01933279515626027,1108.3522943281132
729,0.6560651623412327,119.15852364095437,0.3887523499981967,118.5530834401127,0.21668785084348174,1595.0836688234056,1569.144039074794,25.939629748612017,0.44652110517131904,0.12233274948819071,1.100976197293348,1.9531079351134152e-06,1.9355203864509023e-06,1.758754866251244e-08,0.00022894433842859404,0.00022887938323372907,6.495519336112114e-08,63.93392536288155,688.2016454119062,8.365048208719306e-06,3.3359755792161915e-06,0.2943020382512328,1683.1153251273752,0.01830097482432283,3260.134656991442
730,0.7057250127136657,135.43143141721146,0.4390585130777391,134.51437255959004,0.4780003445436813,1773.1013358802863,1748.633785591388,24.4675502888974,0.3257663086043017,0.13237273844117847,1.2169753534625996,4.383023973885738e-07,4.2026315847813046e-07,1.8039238910443422e-08,4.632506583127266e-05,4.626180518233201e-05,6.326064778491674e-08,16.07174023148514,294.58816134441963,8.361902260207433e-06,2.9410921634424736e-06,0.31960842877371554,1904.4076602308533,0.018658573502311017,-1410.23102604807
731,0.6406758071714764,92.71980487110149,0.2586314512555138,92.18565555984536,0.2755178600005954,1541.5209072338469,1520.302719146513,21.2181880873325,0.11106846813305998,0.11078503793253086,1.0913699909202172,-1.0214020653223871e-06,-1.0354933280393087e-06,1.4091262716922024e-08,-0.00012839084893411082,-0.00012844316302018506,5.231408479937301e-08,13.846556832239528,433.0236074108398,6.9398107728846985e-06,2.6985186148196256e-06,0.28446312313498345,1288.135071394709,0.017415153258591037,2547.913330231775
732,0.6636699709149286,101.0819924022095,0.3125695349828944,100.56291537250867,0.20650749471793978,1356.745868938224,1337.546483178965,19.199385759259147,0.1043401985791299,0.1103960570146228,1.0480148694713698,1.1408323612485778e-06,1.1250976674429791e-06,1.5734693805598656e-08,0.00013115917128354043,0.000131097745011125,6.14262712532121e-08,6.46808880711545,1542.2390333798867,8.345404011037736e-06,2.9905568500275707e-06,0.2841109049429136,1461.907106380008,0.018404682335843626,977.8831411980718
733,0.6991255449266589,109.74804889454629,0.3027828567414438,109.12774449784395,0.31752153996090177,1419.8948512592779,1399.940752504242,19.954098755035115,0.12935969757813198,0.13701765371476254,1.3111474078075522,-1.234535058469482e-08,-2.933993122248709e-08,1.699458063779227e-08,-7.969028574135916e-06,-8.031169069914076e-06,6.214049426294506e-08,57.12085153162743,1288.1321251385446,7.244904800926615e-06,3.60109448148103e-06,0.3366901130482689,1550.9744459578783,0.01859560810809329,2766.753800902454
734,0.5555550789323532,71.68598414386696,0.22393836018665067,71.27220394594214,0.1898418377381622,1287.3494359030344,1273.0911610970645,14.25827480596885,0.12533760349255788,0.09552844982526222,0.9430259412705397,1.8156593831274594e-07,1.645119736411134e-07,1.705396467163244e-08,1.5968171745908575e-05,1.5921139121625274e-05,4.703262302029087e-08,4.702851739118926,500.2364709527934,5.35343288883679e-06,3.041901326673076e-06,0.2564264244503677,990.0200056187127,0.017942785057164522,353.32029565688936
735,0.5738656185322387,77.78810222652635,0.22183750368735164,77.27523165952786,0.29103306331112355,1597.0672402856878,1577.4919372747197,19.575303010967904,0.12898823918344562,0.09104791908742685,0.9201221258741691,-7.314029607970529e-07,-7.451407167896356e-07,1.3737755992582609e-08,-9.045468137224026e-05,-9.050473700092249e-05,5.00556271297884e-08,24.707214104922336,310.76144274962087,6.239164339294917e-06,3.0501819364986383e-06,0.24492041238737816,1113.3478290574171,0.01705364903590691,650.7732969233512
736,0.5879649948902826,76.93516786941264,0.2059680260537548,76.52203795275778,0.2071618906010928,1473.1016947308294,1457.338173798826,15.76352093200277,0.07942294944252083,0.09284030717468919,0.9631022486888186,-1.3802108926605477e-06,-1.394364942745102e-06,1.415405008455457e-08,-0.00016783608054811512,-0.00016788517595635379,4.9095406711431285e-08,6.672476899459435,280.97895620394326,6.036869398446526e-06,2.6911975512329606e-06,0.2585050944880693,1069.2112868578024,0.01820031177309867,1315.831566085304
737,0.6216753785079899,82.82205636578472,0.2466130080399375,82.32777075514169,0.2476726026030992,1601.7545624660754,1583.8063503330175,17.948212133055897,0.07977953241290683,0.10330405385720662,1.0403450998300288,4.122832280887689e-07,3.9439934996458117e-07,1.7883878124187627e-08,4.1328260587117715e-05,4.126825412727703e-05,6.000645813523479e-08,19.22901305153753,-122.40654199280219,6.222100990345138e-06,2.602010878172723e-06,0.2864089315296196,1131.0741695354682,0.019034534060800416,249.7907824215181
738,0.7678734108278173,101.84318169575921,0.2544016393229644,101.28585512267826,0.3029249337580038,1741.9820165135168,1723.4081075795962,18.57390893392266,0.2452190681697481,0.12513126528091964,1.2074958199832322,1.1515515975982604e-06,1.1380784158086671e-06,1.3473181789592949e-08,0.0001288766460505498,0.00012880964855122395,6.699749828622716e-08,25.511878455836786,526.419428610838,9.173232065961462e-06,3.3771359609726884e-06,0.3325921408357911,1450.8929132056173,0.019702429350871145,-68.85883541862131
739,0.6647752304454558,120.35215928983544,0.34845513070029666,119.6102342363661,0.3934699227690448,1238.8425038730245,1218.9959488487789,19.846555024246566,0.09061381154041397,0.12638630163002992,1.0956669399127885,4.071369286435319e-07,3.899867066398888e-07,1.7150222003643154e-08,3.866296150186775e-05,3.8602323451153455e-05,6.063804981063325e-08,14.737808974428699,371.4170008538469,8.870119046210731e-06,3.900978219618379e-06,0.29883874209257916,1665.823358884883,0.01779211305973865,-316.0396979189245
740,0.6543139272216097,103.1021459903099,0.2896663180386377,102.54820303056701,0.264276641704255,1724.1212413067437,1706.9352683694663,17.18597293727658,0.10638653469511915,0.11512263760854306,1.0924061272594414,1.6295829663767673e-06,1.6143031644605115e-06,1.5279801916255472e-08,0.00018726443502132796,0.00018720129244051962,6.314257973463901e-08,7.210464354156063,220.55860157176926,7.820780629351368e-06,2.627713300634404e-06,0.29959835724159406,1419.383448917276,0.01799072252930778,-2452.98365883332
741,0.5436473995106079,66.3275079065703,0.19438986594091043,65.90200526178467,0.23111277884473191,1226.9845224799421,1203.7517593826608,23.2327630972849,0.07135351944379592,0.08242212870417481,0.8469757750759145,7.526986942301462e-07,7.404100751718707e-07,1.2288619058275198e-08,8.644492965845954e-05,8.639596783615387e-05,4.896182159839276e-08,7.435765705252322,469.05523463312994,5.701366037358037e-06,4.556121654033932e-06,0.2332747909786157,896.324017679276,0.018225172940822078,-383.12606619566213
742,0.6308068209930732,83.62176629046854,0.253815879671316,83.12301524551448,0.24493516528274745,1181.5013712202503,1166.1860481272593,15.315323092992564,0.10792914951549683,0.09744013494915982,0.9684753381572572,-9.356701641573739e-07,-9.487369640837175e-07,1.3066799926343694e-08,-0.00011366870913983768,-0.00011372403644392646,5.53273025089388e-08,14.994557624898285,502.37167820400265,6.089772989106451e-06,2.70354879723329e-06,0.26544045515692694,1147.8074324210315,0.0178314866639943,63.16280294248281
743,0.6862667613754748,95.35783756409101,0.23595457927328545,94.82137852276982,0.3005044620479172,1646.9730923014808,1623.9244345085865,23.04865779289224,0.2794417270579787,0.11571959113172559,1.141700586494733,1.5687514557849974e-06,1.5534490583267551e-06,1.5302397458242956e-08,0.00017674096505050846,0.00017668316341689153,5.780163178128799e-08,22.962183926826114,300.72415730203784,5.922849551418834e-06,2.895759794605791e-06,0.3040539301494259,1369.6166062512166,0.018243491215507068,59.66122451666888
744,0.5409707314027886,74.90385819783583,0.2517619950352184,74.41983968413302,0.23225651866758626,1614.1254734204083,1596.147069480748,17.978403939659454,0.09341211780837218,0.08586690468421683,0.8443242180708027,-4.294368978891878e-07,-4.4420459015165844e-07,1.4767692262470685e-08,-5.721497787790513e-05,-5.726907185440409e-05,5.409397519602434e-08,8.813244277532231,449.5751392932175,5.474626928354516e-06,2.552795380765239e-06,0.23074539338192981,1065.7464642374212,0.018100273710438895,-1662.9504947020323
745,0.693243766938796,80.8776878064189,0.2473914260521563,80.31813839373967,0.3121579866270752,1573.1123286844672,1542.3817660777452,30.730562606721,0.12266544905406183,0.1256516540675936,1.2888129390418241,1.011118594643623e-06,9.974150893698762e-07,1.3703505273745955e-08,0.00011507558419801541,0.00011501864311137535,5.6941084933729734e-08,10.477891361120037,580.7093517988988,7.10533000954348e-06,3.8870792971417164e-06,0.3459116593097273,1107.0680451401165,0.019221397011908233,-434.4687568146255
746,0.6426473913480867,92.49230505142418,0.3537062069302134,91.8506864830384,0.287912361455562,1550.7002540335295,1534.4121631340859,16.288090899441908,0.16107545387766292,0.11142354585666853,1.0981605491031632,8.376742261337835e-07,8.211374072918689e-07,1.653681884191432e-08,9.290415280661203e-05,9.285107446523591e-05,5.307834011822256e-08,7.89862037898763,582.0949154029719,6.034582434412884e-06,4.01720295501993e-06,0.30112532318518803,1329.941227235508,0.018686513046603424,1205.0616414764518
747,0.6463756924948532,85.8774356848451,0.25372883994016865,85.38299160821832,0.24071523668661607,1557.263438893997,1538.8354169380575,18.428021955941507,0.07675998568049792,0.10786083525802023,1.0491301325718367,9.95138512954967e-07,9.793331728503907e-07,1.5805340104576588e-08,0.00010990836069157027,0.00010985614086532915,5.2219825021735555e-08,13.317112091422876,814.7282954939349,5.895117486578335e-06,3.301337902965904e-06,0.2935164860138711,1202.6099416738762,0.017976678977384183,-2555.8421121461215
748,0.6476701267346667,93.45038205338062,0.2782893653077608,92.85647364855271,0.3156190395201489,1374.986632377138,1349.7788112707342,25.20782110640376,0.10401524868287886,0.12048870489138125,1.2227412502181607,7.363719386507879e-07,7.240832964199572e-07,1.228864223083087e-08,7.892443556432977e-05,7.886423592703412e-05,6.01996359615719e-08,6.428288989626246,551.4092997456356,7.817130302148218e-06,4.459856861978765e-06,0.32396505188893493,1310.951923946703,0.02121328223137613,-610.0057951391209
749,0.6373910891708829,90.28732846458408,0.2653010708257917,89.75031029565781,0.27171709810047684,1486.546693190126,1463.8745697134066,22.672123476717807,0.0982872941381636,0.1080348767397544,1.0591406101585694,-8.613623078675628e-07,-8.781297873084813e-07,1.6767479440918465e-08,-0.00010485785011325872,-0.00010491099789677751,5.314778240834302e-08,8.257017006878627,1153.8328448353332,7.08640270486407e-06,2.778784427396074e-06,0.28351231612589445,1265.1729218126595,0.01855347605026674,310.56636284990964
750,0.6188008224660315,81.38907419768287,0.24517624629295084,80.93688810007228,0.20700985131767127,1847.4267249037973,1826.5157862868546,20.910938616944613,0.10844937302676132,0.10270061792226746,1.0123119495493933,3.4063446249304945e-07,3.2280501579199406e-07,1.7829446701055283e-08,3.220055673865252e-05,3.21463065277282e-05,5.4250209715689044e-08,11.576199205177632,1159.880883001861,6.874017591507056e-06,2.601416983638908e-06,0.27570774582917207,1109.1731797667326,0.020082404307115023,1996.5528264175118
751,0.6622684949653268,104.15239526485531,0.3189609954997945,103.39738091916657,0.436053350188952,1526.0090326749037,1505.8643583443468,20.14467433055927,0.12624288670088415,0.12422426671582716,1.1743113092928907,-3.0385839241282307e-07,-3.2220500732893123e-07,1.8346614916108082e-08,-4.065166861110232e-05,-4.070753753212026e-05,5.5868919287440094e-08,7.2143082134180325,271.0541589366884,7.735138420314874e-06,2.946377173462857e-06,0.30731149000609476,1475.9953542911092,0.01976224404675385,1518.8165768066065
752,0.6012595622631768,91.85821002565731,0.3791872002077968,91.23989459178074,0.23912823366878833,1856.100368923831,1836.1403955359692,19.959973387861762,0.11727057992107467,0.10682355462663624,1.0023279555352085,2.2649376943496484e-07,2.1117785043081377e-07,1.5315919004151047e-08,1.9955054656283593e-05,1.9896652902263386e-05,5.840175290419795e-08,6.191833444663608,229.8428438890346,5.9707634432524735e-06,2.860489751249617e-06,0.28083645598569074,1306.9054680402037,0.017983424029741298,-700.2665470645043
753,0.6255619677006146,98.81391938081083,0.3056905689587623,98.1629410542618,0.3452877575902699,1326.598777149228,1306.5413519179408,20.057425231285258,0.21406404568543322,0.11571075630355446,1.0520957315177157,2.673215987703457e-07,2.5093552898898325e-07,1.638606978136257e-08,2.373719551472273e-05,2.368025851569769e-05,5.6936997778006047e-08,31.891454454634356,585.6678821346894,7.72304927079426e-06,3.7994865466524876e-06,0.27866724197058784,1388.0797159267954,0.018475985362373937,-797.6438514103975
754,0.6074790519944617,88.60422788990243,0.2863812040995349,87.94385402841712,0.3739926573857842,1558.2748738596501,1535.985517509632,22.289356350017815,0.08499056039437858,0.10294587596363128,0.9828092723191342,-2.1125069555216508e-06,-2.1271424353184228e-06,1.4635479796772182e-08,-0.00025600215626243785,-0.00025605812292559677,5.5966661619178664e-08,8.686221556704666,290.2071144942415,5.996937164751355e-06,2.5978496798518067e-06,0.2769207331027711,1213.3444321102609,0.019298154120156896,-552.2748484415388
755,0.5776717094944975,75.53621979038998,0.18515968380473444,75.14808933411236,0.2029707724729007,1275.7218489231675,1261.603209359572,14.118639563594973,0.15520541602338153,0.09326197521311533,0.9179684430543092,1.6135841197408563e-07,1.465992155321808e-07,1.475919644190475e-08,1.5189698580296296e-05,1.5140038377927263e-05,4.96602008490943e-08,25.137061838073443,146.08561886592088,5.818588381567977e-06,3.431811201987875e-06,0.2551370474131602,1067.0703867067336,0.01816807493077682,1355.3953713486044
756,0.5544649383717254,70.1450527105926,0.22458005693547134,69.62838963794363,0.29208301571350537,1741.4594991053468,1723.9539539518105,17.505545153535884,0.07626618392144198,0.09537363415755307,0.9686204950401226,-8.348613692802585e-07,-8.504635047503999e-07,1.5602135470141342e-08,-0.0001046789242424404,-0.00010472650131657929,4.757707308164071e-08,5.740010532393992,282.204381444878,5.552528561666694e-06,2.5733800754709694e-06,0.2589524602811835,963.2095885697757,0.01849047482978153,-104.48291505103043
757,0.6449621825601648,101.5762133108518,0.34946001838885576,100.79471538941084,0.4320379030521067,1582.4577327635006,1560.1153794388144,22.342353324686393,0.14026150559152767,0.11140974253935147,1.1093429482573691,1.6822837507733444e-06,1.6685462968324263e-06,1.3737453940918176e-08,0.0001918745365116531,0.00019181503107338065,5.950543693063387e-08,42.495340116618316,128.65416938890434,8.426310937029358e-06,3.5378673945882688e-06,0.2932594554584193,1422.2377249936503,0.02048826174492512,1908.0989070199248
758,0.6152431287748199,79.89585707087518,0.24147972239261667,79.50537581849736,0.14900152998518673,1605.786263873013,1589.3039963159333,16.482267557079815,0.09030148575044801,0.10652797179322396,1.0391299151353348,-2.754213592308491e-07,-2.890404371411179e-07,1.3619077910268644e-08,-3.8929339265459814e-05,-3.898156647924341e-05,5.222721256701521e-08,23.196417836471138,440.7104606873752,5.0444156983516994e-06,2.533835840350577e-06,0.29119342127277303,1113.5850194012019,0.01797382947128972,562.1690852508436
759,0.6591827302165127,97.08259432092666,0.2937123507206676,96.50809088405214,0.2807910861538753,1520.306722100395,1496.497702431541,23.8090196688564,0.36971347375324276,0.10504493266740567,1.0088347395666377,1.911283476418037e-06,1.8970624646721196e-06,1.4221011745917389e-08,0.00022072019870974217,0.00022066835049509324,5.18482134222966e-08,16.436622157025667,183.17960283108633,7.378922186911253e-06,3.0448853976443567e-06,0.2725747483872958,1359.2197291031284,0.019011167971157907,1575.3612393778167
760,0.6644308173292045,107.79289384185432,0.292545792697078,107.16591798301336,0.3344300661438828,1499.5769160365257,1471.1921273858572,28.38478865066811,0.07769184667787887,0.1143096041283941,1.0596650303050994,-9.987724871288213e-08,-1.1830070817669267e-07,1.842345946381057e-08,-1.9446389975100426e-05,-1.951124852580395e-05,6.48585492033235e-08,14.81946952696446,423.4229258280615,7.074103482667837e-06,3.1786569335807225e-06,0.2858760186980546,1504.1496844381545,0.0180042651027048,524.4384511551034
761,0.6885438565259283,120.86103529837149,0.4250094948398479,120.16954611208061,0.26647969145103606,1330.4749854659624,1307.8778408093408,22.597144656622312,0.1431684574118857,0.13310950949153041,1.2498836906536102,-2.2333337339101043e-07,-2.4616257358814404e-07,2.2829200197133673e-08,-3.1942794442158814e-05,-3.2007169219193495e-05,6.437477611786902e-08,7.001137019409909,782.7934873434253,8.519047318958406e-06,3.337210255881606e-06,0.32175507017599,1697.1053983459065,0.019079039166667092,364.9933389117941
762,0.6207858292277456,77.39246540304862,0.2516687727754748,76.97433558861472,0.16646104165843761,1335.9754165035188,1316.8290464458787,19.14637005764303,0.10091789824563514,0.1016536267310929,1.0326723069619785,2.4132929388091986e-07,2.252531243976747e-07,1.607616948324503e-08,2.8177419939444944e-05,2.811826296585803e-05,5.9156972463612e-08,4.164851211675897,502.42441227417874,5.611070385815915e-06,2.5411922707532753e-06,0.26732398066853963,1105.986332765648,0.01829076729542956,-1486.153456211905
763,0.7383080105745379,132.82466861042516,0.37832512567994714,132.102063240977,0.3442802437682084,1783.5766657604331,1757.482514428865,26.094151331568813,0.12316227447809114,0.1376368645128348,1.277819111619919,-1.6019042323890212e-06,-1.619754476680514e-06,1.7850244291493216e-08,-0.00018975849818162713,-0.0001898282653403079,6.976715732739098e-08,32.28219070612352,502.29666236450254,8.052221516168976e-06,4.318326589092969e-06,0.3544142795410455,1934.5097155904343,0.020172170974778754,-458.11776809206276
764,0.6284538683236904,77.7462007727887,0.2375978483365161,77.35590852793587,0.15269439651632175,1487.2615257422826,1465.654127279541,21.607398462739575,0.0857017821249827,0.09681411418982182,1.0141884552330191,-7.940962685496573e-07,-8.059920688029552e-07,1.1895800253298053e-08,-9.498948171020286e-05,-9.504337248559298e-05,5.389077381300761e-08,8.428104858595924,433.6306180462078,5.5180869342657235e-06,3.447716131038162e-06,0.2804164409979978,1071.6979699334283,0.020334578565331832,-369.48513809326687
765,0.6907632408152823,99.59946105249949,0.335769621562686,99.01139735523407,0.2522940757027587,1356.3628575658622,1332.6821535017987,23.68070406406394,0.12102275679000853,0.12421831646390383,1.2096779109064175,-9.173541845959566e-07,-9.36295357871743e-07,1.8941173275786443e-08,-0.00011582687386871491,-0.00011588336537434859,5.6491504392911176e-08,9.19766199221124,472.61102522502216,6.6400374522313025e-06,3.4951914207670695e-06,0.3115340479303747,1390.1335006746451,0.0177568237551432,418.852632071721
766,0.6092139160028156,76.34589814933302,0.24772237870620809,75.79654995171184,0.3016258189149645,1371.4630217985152,1355.5194459028294,15.94357589568514,0.09908319220488637,0.09873469021019365,0.955443235528477,-1.233306121062375e-07,-1.3868199591860417e-07,1.53513838123666e-08,-1.9412476204888944e-05,-1.9460978584365657e-05,4.850237834763206e-08,7.0516802873349,425.9780419511588,7.188476612854539e-06,3.0923906600381858e-06,0.25719496029161476,1072.0642822509678,0.01732908279545631,504.723014878542
767,0.635676866882501,82.10609671025423,0.2863288761765586,81.5800404650681,0.23972736900959102,1519.371241006143,1500.0964127899904,19.274828216153402,0.1683103142395983,0.10046838903713498,0.977552070157986,-3.530397231079957e-07,-3.7118693606252493e-07,1.814721295452935e-08,-4.7400727889534515e-05,-4.7456357264958666e-05,5.562937431442717e-08,4.479488493388699,251.41545844846635,5.030463277089896e-06,2.7175537318317398e-06,0.27129743951015745,1183.1136296484658,0.01847929980745063,141.62394139730895
768,0.5929613320678361,73.49510174250518,0.19559691011889735,73.11800266971117,0.18150216267511315,2308.750529626989,2290.547422904926,18.203106722064224,0.14618246154909315,0.0931012244029797,0.9920745246730283,-8.797923913705781e-08,-1.0245974236123142e-07,1.4480503224173564e-08,-1.6981551403597084e-05,-1.7033157252774666e-05,5.1605848124390815e-08,9.729795474503536,378.76775433920614,5.743460192677201e-06,2.832007415065307e-06,0.2567411872088578,1006.37175529564,0.019369100016826804,-523.6963054002081
769,0.6473458137925625,93.89535149161856,0.2512755589189002,93.43624012511538,0.2078358075842966,1680.4310796273132,1655.3326263148044,25.098453312509942,0.16969448318992875,0.12246909295901644,1.1497232781884283,-1.4019630020011241e-06,-1.4152667691146693e-06,1.3303767113545296e-08,-0.00016759493995958857,-0.00016764904776685527,5.410780592755135e-08,5.898952689494099,631.3306026114857,7.241896785444978e-06,3.4742002608135296e-06,0.3062949854298057,1356.183036349304,0.01832700241407372,-1015.5612071533797
770,0.6557652706277247,97.16804508334602,0.27645351196188006,96.66449873883472,0.22709283254943718,1326.522515747622,1300.7180402989084,25.804475448715312,0.1090251667197864,0.11915225735482413,1.1823991807774126,3.592946891806598e-08,1.912849742345825e-08,1.6800971494607777e-08,-3.8093708563102437e-06,-3.86732277077573e-06,5.795191301023071e-08,9.760610783014947,509.84495680323687,6.462081395017459e-06,3.43464793625624e-06,0.32669345817766254,1350.2622760922393,0.019228216417584057,-2308.54732798491
771,0.6875359583649361,104.43366138100136,0.28902830413587816,103.84293312965848,0.3016999472069888,1455.3693772628048,1435.363919276802,20.005457986003425,0.41467402489091304,0.12540770424512473,1.1744438338538872,1.5987751070137783e-06,1.5837375834292187e-06,1.5037523584559694e-08,0.0001838543991171848,0.00018379733268945213,5.706642643299637e-08,7.9628351857631525,488.2734394169272,8.5680129052752e-06,2.960565916733919e-06,0.3238451272561076,1459.5346512631656,0.018487471667646742,-1803.1157187564932
772,0.5734141792135168,81.43099413604175,0.261508123574356,80.91692104538345,0.2525649670839377,1295.4491522294609,1273.0488681146717,22.400284114789006,0.08970378526274382,0.1010200011838935,0.9390910844864868,-8.549220260092514e-07,-8.683872493212636e-07,1.3465223312012095e-08,-0.0001046375922098567,-0.00010468860736217115,5.101515081460778e-08,10.996571755499858,589.8974721658279,6.084966283518283e-06,3.6332018943407043e-06,0.26900096348069363,1116.3499689167345,0.020621022901061183,-860.9252297196872
773,0.5719998232012233,74.7433941440578,0.23758066371878914,74.2346193664517,0.2711941138873072,1893.8929577769677,1874.501473795737,19.391483981232312,0.13291747753905783,0.09155955735958114,0.9004550187005131,9.363982443177564e-07,9.221758538435029e-07,1.4222390474253067e-08,0.00010440598935243377,0.00010435880420844756,4.718514296768751e-08,4.63639718522652,371.03298264075244,6.54462118140576e-06,2.3523733127689453e-06,0.25637398785809806,1067.1514973922633,0.01958240554999323,831.453211029344
774,0.7306735358571775,123.53357102959225,0.299168444252649,123.05091006668734,0.1834925186522664,1631.7434262296988,1613.3714160743332,18.372010155365032,0.1978505934826968,0.13652346647351013,1.2524161702313308,-3.261218155771704e-07,-3.431169834888119e-07,1.6995167911641634e-08,-4.7107970824812144e-05,-4.7180604274887986e-05,7.263344849593157e-08,10.679438856618225,454.1915716495771,8.907972818283638e-06,3.6112787673398574e-06,0.3504371793024439,1739.7612562897264,0.019210554588731978,-2305.42600660109
775,0.591392307859581,84.19411769210713,0.23026452999652156,83.75320859410562,0.2106445680049999,1434.2010120042064,1409.5929164357137,24.60809556849322,0.11441611978152597,0.10163906702392608,0.9675868498989714,1.348456637247715e-06,1.331233256967974e-06,1.7223380279740903e-08,0.0001559714277981722,0.000155915162826257,5.626497072964079e-08,7.4936155881173985,-419.41308455729796,6.5922201557866e-06,3.22753964333172e-06,0.27620715425280146,1165.5597975681485,0.019655760713564983,798.4465243340273
776,0.5669591304257012,69.4615573621624,0.15602205718189252,69.16465613834315,0.14087916663734357,1144.1333104729206,1126.982903571356,17.150406901565702,0.16799924461169086,0.08978036518082715,0.9270024504530854,9.001225077539258e-07,8.853111024299925e-07,1.4811405323933243e-08,9.995261332119594e-05,9.99060805784694e-05,4.653274149212249e-08,5.827443309913532,56.679445234334075,5.1579299880762755e-06,2.9599254634772022e-06,0.2509463210929479,1000.5894433069176,0.01827397277180113,1196.7704664811426
777,0.6706024252931343,98.57943483820613,0.2934291272081947,98.08215303627615,0.2038526747217686,1476.3076051140238,1457.1087732726937,19.19883184132924,0.14069801892119507,0.11769929300325588,1.1170396949390105,1.0658898464895582e-06,1.0523981822309652e-06,1.3491664258593365e-08,0.00011817218221054583,0.0001181179965272642,5.418568188339636e-08,17.295947345115213,167.75491510924678,8.162402667722361e-06,2.6137277992587027e-06,0.29734400551364315,1421.5342099992065,0.01895180815852543,-175.80943335061238
778,0.6071403957510187,80.29777916267012,0.23279682327756063,79.78615136690274,0.2788309724898212,1348.5765275481228,1325.0422157176147,23.53431183050849,0.08021838873967496,0.10554568284116746,1.13739871620038,-2.5826264765742387e-06,-2.5992402402159548e-06,1.6613763641716617e-08,-0.0003188533479593511,-0.0003189043043751486,5.095641428270555e-08,7.317889005808213,470.5140094713525,6.013171077339006e-06,4.51765239036997e-06,0.2833895333839168,1080.6473220230316,0.01848625998786656,-1085.6278402138632
779,0.667258490440383,93.15207967431876,0.2469768547328075,92.58789008186596,0.31721273771997915,1366.511407775073,1346.4400975420735,20.071310232999444,0.14002219919157485,0.1100333010423562,1.0517302878963124,1.128701767182015e-06,1.1127271598601038e-06,1.5974607321910166e-08,0.00012942025502837693,0.00012936738910160884,5.286592482577134e-08,27.358818862110553,327.65740846446334,6.977805697978928e-06,2.5668610426495585e-06,0.2878083578421669,1295.4306654889583,0.017311314201880142,-1850.1121049585272
780,0.6283002430162035,99.72872589181222,0.39086732648960865,98.99890609294032,0.338952472382302,1365.6161226319593,1348.4655131708364,17.150609461122702,0.19036088575761315,0.11320841836891268,1.0611507727798064,-1.16904548665518e-06,-1.184533454663099e-06,1.5487968007918937e-08,-0.00014113147579565647,-0.00014118836316191131,5.688736504670999e-08,4.248325204326205,484.2856855321174,7.800536922228723e-06,2.8314922140885643e-06,0.29002196140280345,1366.0155138384243,0.01842738097096612,-1695.9505529029702
781,0.6272985120115669,78.96367451694451,0.2447727852442763,78.42659491365796,0.29230681804227193,1155.099046309843,1135.9359153815947,19.163130928248673,0.102944115184584,0.09590281861494325,0.9627552606045506,1.3403556333256768e-06,1.3254668965310793e-06,1.4888736794597755e-08,0.00015237254751842978,0.00015231650824129418,5.603927447817078e-08,8.089479519042866,406.6971202568877,7.0284921252078024e-06,3.5683326001872695e-06,0.2670131554428523,1106.5055022824854,0.018152904064202738,-555.5482766094101
782,0.6030134766525219,94.85316719620774,0.26533829534798165,94.31182179129826,0.2760071095615083,1693.2119657609028,1670.863287519771,22.348678241133612,0.13705217958120297,0.10384006237220501,1.0036417369182875,-1.126468930353379e-06,-1.1406808204822373e-06,1.4211890128858707e-08,-0.00014320955189812116,-0.00014326614539067343,5.659349131441608e-08,16.812896981326784,445.2043543606994,6.639175817599236e-06,2.7410224991954915e-06,0.2649501691385604,1335.9186884623853,0.01976464971496389,2374.057449965985
783,0.59400078198415,88.9494835183517,0.27532454174935334,88.43025752363435,0.2439014529679945,2047.450457711005,2021.582140906879,25.8683168041259,0.11634864163289522,0.11030487622683671,1.0544916299152742,1.0251518565837224e-06,1.007788596474205e-06,1.7363260109516885e-08,0.000114479157475245,0.00011442019303362618,5.8964440804589045e-08,7.254477327238451,97.97152527908405,7.10577927356089e-06,2.856195424296787e-06,0.2792714369483646,1257.2558312186104,0.019362997502787898,-5356.0507292024195
784,0.5744375811276319,75.10003111412149,0.22373992586839175,74.60543387981427,0.27085730843885564,1459.9815847489422,1442.3820439016731,17.599540847267974,0.15076680614925475,0.08886859924333379,0.8468613346890423,-3.107130327574797e-07,-3.247746703314122e-07,1.4061637573932492e-08,-4.38639310562942e-05,-4.3915121599195816e-05,5.119054180595237e-08,8.128527382027702,246.98177802906721,5.632737472410116e-06,3.1206516869995322e-06,0.2415760084897388,1025.2342189184906,0.01888387723999749,-2155.0790723592036
785,0.6193711679581261,99.55456369315436,0.3076273861747492,98.99502215751852,0.2519141494610711,1678.1225612399057,1658.8423321677762,19.280229072127355,0.13458028537035066,0.10669827409130635,0.9507095380820892,-3.918004798292639e-07,-4.091024169876482e-07,1.7301937158384267e-08,-5.14279155740456e-05,-5.149145637588148e-05,6.3540800144084e-08,11.168577769152456,570.0372664822634,7.657898527648581e-06,2.4744786015566675e-06,0.2764867400949242,1414.8058064163483,0.018887300211528794,-1074.9927888006096
786,0.7533143884116963,149.7689408153029,0.5653573498639857,148.6577542922067,0.5458291732322066,2179.979908558233,2152.831633232926,27.148275325306443,0.31653387541299105,0.15849375163916385,1.3817264491928538,1.581375923585421e-06,1.5616140539940108e-06,1.976186959140988e-08,0.00017857656762359538,0.00017850541894526325,7.11486770140734e-08,15.61306580573159,469.71504852839274,9.556576270472994e-06,3.7548634026145434e-06,0.35963722072636617,2127.304367795026,0.019366391826286893,-2502.8035390507866
787,0.6002782557831938,100.39967538488229,0.3660823947126199,99.80765840068298,0.22593458948666043,1559.8356984951483,1541.2595547576973,18.57614373745241,0.06847065137896727,0.10674737087878348,1.012365083686361,2.011883378089979e-06,1.9968053888048945e-06,1.5077989285084464e-08,0.000233161253972474,0.00023310017735985104,6.107661143476976e-08,7.952945018784844,518.9732851651977,6.515420801757724e-06,2.544636134040018e-06,0.2702977192026262,1395.8777676886525,0.01724204297905837,477.9843109332578
788,0.5978324840441608,77.0831995751528,0.19914261320348348,76.72213136331048,0.16192559863883654,1385.893446311517,1369.9717242730321,15.92172203848384,0.07089357904449962,0.09836375251525199,1.000241468739427,-1.1110305199334038e-07,-1.2551058955339927e-07,1.4407537560058928e-08,-1.5227591840905906e-05,-1.5279631254447396e-05,5.2039412287429976e-08,8.896680786655953,729.7922169894355,6.6396852969473735e-06,2.2522735676804503e-06,0.2693353800330813,1076.3796346309468,0.019269260860605205,1408.8995667081726
789,0.6220727997475076,88.50496657564521,0.255925567428655,87.85375919651507,0.39528181170148524,1408.7658778083733,1392.1983550621278,16.56752274624564,0.14638277300597685,0.10252373749088035,0.9629336512633918,4.7765165032107976e-08,3.192503471808431e-08,1.5840130314023645e-08,2.2672240825401317e-07,1.7506637708911838e-07,5.165602975065573e-08,12.82669821390391,362.15799913052285,7.887451125640696e-06,2.866655376291949e-06,0.2689410337153134,1262.5387498446705,0.0195161051503344,-1083.2355483730353
790,0.5729775823250112,77.76803166137994,0.25893199006075546,77.32298960109979,0.1861100702193909,1550.5941728666337,1523.729006089436,26.865166777199732,0.17285049544324113,0.09022025505684628,0.8831742773306556,5.878970420347733e-07,5.743028329442428e-07,1.359420909053078e-08,6.667570905823764e-05,6.662690622964734e-05,4.880282727697115e-08,12.709172937321796,370.06254698791264,6.05178384310107e-06,4.844860449125997e-06,0.24937400200701845,1113.6784808444168,0.018446026444303237,235.789208943399
791,0.6200792247198241,75.09002071866584,0.20354618863937388,74.639871183786,0.2466033462404611,1570.596563578079,1546.2600308844976,24.336532693582743,0.08660616968233761,0.09736133420540052,1.008565036146351,-8.45053789424665e-07,-8.642124171505499e-07,1.915862772588465e-08,-0.00010406998537489127,-0.00010412403757482432,5.405219880419928e-08,7.787949586885583,410.0614789757111,5.164050141403465e-06,2.879540274280018e-06,0.2753033257423958,1042.243565178526,0.01947792353613301,1805.5630033320922
792,0.6155240385016032,84.95133262339381,0.26284129255101746,84.4073186112412,0.28117271960161405,1140.1827431117003,1119.076739728918,21.106003382785094,0.11150547911189812,0.10300317553845335,0.9782395409624738,1.8329683897658936e-06,1.8178927659719747e-06,1.507562379391883e-08,0.00021031724716407592,0.0002102626260528566,5.46211099644569e-08,8.260302762898345,363.15121320287966,7.825600410996248e-06,4.000245555772961e-06,0.2674694874952243,1181.801415054294,0.017736095054358244,953.0717437725943
793,0.7125052970262444,125.13462672622643,0.40362967102854236,124.17677503527784,0.5542220199200462,1660.7232719601488,1639.6084551426081,21.114816817544053,0.16311150916981998,0.13913516050868563,1.3220181737656092,4.491537209381064e-06,4.476509961284892e-06,1.502724809617312e-08,0.0005223710765498646,0.0005223073066449557,6.376990311087917e-08,15.085943543674222,399.91980159600706,9.276645615235871e-06,3.7769203895600996e-06,0.3471323388697043,1769.1014647386494,0.020435881488823922,-92.90282823536836
794,0.6515066044165895,101.54174372055748,0.2976954825010459,101.10259119777629,0.14145704028016046,1235.0254903461232,1213.8713034733219,21.15418687280245,0.08979605321719542,0.11437312161833842,1.1239007844135054,-1.1166727051786408e-06,-1.1338313193885203e-06,1.7158614209879826e-08,-0.00013726506214189216,-0.00013732856410606406,6.350196279684921e-08,6.699087939710724,502.254275216751,7.99170043289581e-06,4.086058964203721e-06,0.305713154930782,1401.1886399781606,0.01973126748914714,-1445.9022909657106
795,0.6242699103086836,100.07830606006797,0.2961301612275665,99.32929374942229,0.45288214941812954,1533.0408973947249,1514.5210387869754,18.51985860775277,0.22228777250872223,0.11003066823300718,1.0605435811020811,-5.3294935965140665e-08,-6.844295565487096e-08,1.5148019689730317e-08,-8.13822628392478e-06,-8.197797472321656e-06,5.9571187422786015e-08,21.91105005749047,473.18472392893506,6.976375031529218e-06,2.973506312765826e-06,0.2846654742318317,1376.6728497772729,0.01881874100346895,1338.8603656729683
796,0.6324362883733883,106.00832745644557,0.3276657308995704,105.38440322827613,0.29625849726987885,1402.3629020249177,1382.8130217907612,19.549880234158234,0.21886897234072294,0.1193770698469518,1.13537781595842,6.83915839903838e-07,6.664626735195831e-07,1.7453166384255055e-08,7.846934818338348e-05,7.841225562475228e-05,5.709255740860793e-08,8.589180269928828,633.8268256461907,8.512677436441435e-06,3.3401742612960574e-06,0.30409728165838146,1496.441061042065,0.01795234610604733,2582.8266885534977
797,0.7035009277801256,115.04578779422312,0.3455774660420988,114.45294335359836,0.24726697458268063,1541.750160585374,1519.1769433886152,22.57321719675971,0.1130727169931598,0.12161666124587715,1.1645833910391743,-2.0877899174538956e-06,-2.106194401851135e-06,1.8404484397239996e-08,-0.0002545937759416867,-0.00025466006961644496,6.629367287322276e-08,29.706107558339205,752.3539624054426,8.44889752364316e-06,4.509658321488795e-06,0.3221939786005996,1669.831754899608,0.018376250697364805,1577.9436428427543
798,0.6736474133864176,98.83515343220309,0.34379061427273155,98.34014391227846,0.1512189056518935,1582.3242483290771,1556.6661442672546,25.65810406182359,0.16252345658514097,0.11385876134788166,1.0857822496638325,-1.2738849930186151e-06,-1.289118516617484e-06,1.5233523598869274e-08,-0.00015929766436541989,-0.000159355685130837,5.802076446439628e-08,24.074957654727807,501.6704575499749,1.0794284746461668e-05,2.805781186406606e-06,0.2951860543417503,1388.810558537032,0.019188042726130717,228.4119271512318
799,0.7568100984366312,131.82160462539147,0.4595765348744761,130.80976372045876,0.5522643700582346,2030.4719679866466,2000.5133237291254,29.958644257520774,0.11065824682495594,0.1490079354133171,1.3148404651416854,-1.5439163745546648e-06,-1.5604274203488082e-06,1.6511045794143574e-08,-0.00018654533050736823,-0.0001866077411656922,6.241065692851452e-08,9.302646071359618,537.8554404614463,8.048324219412287e-06,3.732242369930726e-06,0.3394693896894127,1904.2163627217487,0.021551496069927515,403.3864740088211
800,0.5811883629404908,80.733043911174,0.22021099344410924,80.22708202116478,0.28575089656512287,1542.857859626338,1528.3104699252772,14.547389701060672,0.12742238715536325,0.10638493977078474,1.0646942489872446,-1.6264331542978668e-07,-1.7714187686613686e-07,1.4498561436350171e-08,-2.2609247894754806e-05,-2.2663536961540264e-05,5.428906512595287e-08,6.205099073836572,888.893079213015,6.263876770682766e-06,3.376874212640088e-06,0.28874807101517785,1061.6962272641463,0.020465064302278724,-788.5570057181503
801,0.6671122949171824,106.38865932479533,0.3623888008205399,105.67346565947011,0.3528048645047006,1478.8559472512286,1459.9736963680357,18.8822508831922,0.08887857730935483,0.1285546972803103,1.2085624688392285,4.051613567550483e-07,3.8920278126311934e-07,1.595857549192899e-08,3.995185209461599e-05,3.989332415343282e-05,5.8527939998565405e-08,21.60235526359626,645.5085081219192,8.155131133158413e-06,3.157800617728028e-06,0.32331702333406886,1456.8788755710539,0.020507512352148604,43.64673346184645
802,0.7006475031525702,108.73631712799997,0.3570149212597179,107.89874982681049,0.4805523799297686,1563.2376004155026,1544.0407042243853,19.196896191117563,0.09819677150120312,0.13000075207282538,1.2588033236540523,3.211146271705109e-07,2.9924104797367624e-07,2.187357919683468e-08,3.5243715196204195e-05,3.5183910885380285e-05,5.98043097779952e-08,6.781008959587664,440.2550000525382,9.56049516432884e-06,3.416472275975119e-06,0.3330126112061812,1534.9897975364202,0.02098556178833973,1875.6768293158202
803,0.6593463313861451,103.29693539902134,0.2975048423356968,102.57700784401811,0.42242271266752646,1565.386170800787,1543.0235092536693,22.36266154712077,0.10267244366391852,0.11680239803824542,1.1290981433137555,9.429853824075548e-07,9.248641662394607e-07,1.8121216168093933e-08,0.00010744354118328278,0.00010738768158293103,5.5859599380911894e-08,10.540716479754495,205.4458326731994,7.799108183600952e-06,3.201381397178216e-06,0.3012238513166919,1413.9134625840209,0.018075467478917494,-47.390253018933436
804,0.6382085501042501,96.8074493544748,0.2692497693584987,96.2286700674398,0.30952951767650144,1637.8374753078376,1616.2704173930624,21.567057914776505,0.11462117433059861,0.11651274570664816,1.1183893679527512,3.5740126398651237e-06,3.5580482307575133e-06,1.5964409107610786e-08,0.00041672111283654924,0.0004166553041239194,6.580871117537256e-08,8.481705987656941,346.5279016344701,7.519886731994723e-06,5.655114209556098e-06,0.2982060728013657,1394.078810098123,0.02102063918764483,556.617935236467
805,0.7458922982654345,119.98936447725765,0.3674322916677461,119.26090030711597,0.36103187847394386,1713.185824733494,1685.6561069037605,27.52971782973466,0.13476439345514585,0.13328639862469924,1.2464304151647079,1.3963307843521295e-06,1.3838227937732426e-06,1.2507990578886955e-08,0.00015528384655711722,0.00015521910011404857,6.474644159707448e-08,13.821214709090455,458.61099201547523,9.189948056311544e-06,3.9979595404788284e-06,0.32301893707220725,1656.9440587982895,0.02145868834022688,1656.15124296238
806,0.6031684113919832,77.45544008107552,0.19614016537325654,76.92237256978137,0.3369273459208973,1508.8900911068615,1491.9952104236338,16.894880683227907,0.07297679000243364,0.09887374866623956,0.9765522932258499,-2.070212571275096e-07,-2.220623911504042e-07,1.5041134022894667e-08,-2.630851556213371e-05,-2.6359921381517865e-05,5.140581793282227e-08,24.64732502909667,369.58929019495747,6.457472770274995e-06,2.7016187395070365e-06,0.2790078539040251,1043.8206803778019,0.019860957737926215,1264.196220544025
807,0.5833134489098535,74.04536076337665,0.2234491716519974,73.3051910479807,0.516720543743975,1432.0568883913502,1410.4157800829328,21.64110830841684,0.12723907682212582,0.09396850775836633,0.9279113423313072,1.3105109388261465e-06,1.2919228167180909e-06,1.8588122108055818e-08,0.0001468541612583838,0.00014680181939217556,5.234186513177755e-08,140.50536834383502,137.78052357689458,6.856040257758709e-06,2.4837755780799684e-06,0.2615518772855587,1024.8180675888916,0.019417153787990513,-175.613463819991
808,0.5784752861843971,75.65983377102025,0.2471707541212736,75.04906889572179,0.36359412117719886,1400.446109069807,1384.0977133881438,16.348395681664453,0.10985392770614434,0.11007066870559157,1.0944786899568248,-2.1117504086228436e-06,-2.128118020571816e-06,1.6367611948972654e-08,-0.00025408014232365254,-0.00025412801416142036,4.7871836525352916e-08,5.894139665645978,489.9621498513844,5.607431583346541e-06,2.5696588953786024e-06,0.2999383490819231,1063.8647791792484,0.01828290554532467,-517.8786554309409
809,0.6424111201902166,69.74432775246258,0.20604069781146878,69.33598799290364,0.2022990617474718,1649.7419701401705,1633.1105424025861,16.631427737583184,0.12098425385162172,0.0978453684385067,1.0459262521832093,1.907364339640038e-06,1.8901856035224024e-06,1.717873611763554e-08,0.0002163284604972995,0.00021627721788189955,5.1242614068872845e-08,6.981596209306668,901.8649246573757,5.315393187316065e-06,2.6211501276663054e-06,0.2758422222178576,951.9791552745993,0.019265293262482792,422.6370104143134
810,0.5657285794450313,73.08519289329314,0.22119797353745224,72.6318913952137,0.23210352454198263,1300.4232491509572,1279.4169213746873,21.00632777626773,0.09715990498271193,0.09391518635169178,0.971845932700662,1.029399203224183e-06,1.0149631577693104e-06,1.4436045454872654e-08,0.00011804787272974636,0.00011799286941848601,5.500331015893668e-08,4.637401673872082,633.7291027107448,5.99794848785914e-06,2.19649821140682e-06,0.2562456424237045,1009.2338916096608,0.01730976310622863,1913.0764997993465
811,0.6724039581400246,97.6650588982508,0.3164633767770532,97.01693718800077,0.3316583334729632,1382.3277865151933,1365.1325183923393,17.195268122856564,0.10831746293815936,0.11795758138459245,1.152217184842207,2.5760302492224854e-06,2.563462042402139e-06,1.2568206820346287e-08,0.0002983586248297782,0.0002983012839240669,5.7340904421832314e-08,13.025061485572458,522.5530264794118,6.561207212245102e-06,3.074193668885789e-06,0.31037699970018423,1353.4014364950526,0.018471491293674216,-130.96510675785248
812,0.6019640881347775,79.9629347412536,0.2732709708785739,79.46078021274982,0.2288835576252094,1359.5259690270998,1340.757453334325,18.768515692775637,0.09118188250403103,0.10117791862057243,1.0401778160446082,-4.860029235968833e-07,-5.006371853482135e-07,1.4634261751329994e-08,-5.930391910383102e-05,-5.935693635138855e-05,5.3017246574618876e-08,45.2593724861601,300.36515623699006,6.358505281727424e-06,3.08279213225293e-06,0.2874320192449194,1112.18950593634,0.018743108776603856,-101.77857777831014
813,0.5966563645461777,80.07834435347559,0.25390421440525823,79.70167756518914,0.12276257388118839,1392.703946793613,1371.1968051098982,21.50714168371613,0.11094165022100828,0.09950839305749976,0.9712800900328726,-3.094171834494069e-07,-3.2743211023014477e-07,1.801492678073789e-08,-3.8951778695740864e-05,-3.9003070566234475e-05,5.129186948031796e-08,4.564818961209736,429.160275819516,5.487672463373296e-06,4.840426422616567e-06,0.25916509993322273,1083.695129052378,0.01949124279372998,375.7703789947991
814,0.5671666292084926,73.15605155758854,0.22396786801760943,72.75234967695538,0.17973401261555402,1938.3394949299407,1923.2176494678727,15.121845462071391,0.06567862922834584,0.09437411540114773,0.9272513339912952,1.2678422162036314e-06,1.252600767807803e-06,1.524144839582795e-08,0.00014697630395653613,0.00014692940044208828,4.690351337290018e-08,12.146923161045972,442.8137461969552,5.2833620756206726e-06,2.4823301405249745e-06,0.26225559926925945,1046.6090759406504,0.01849377751697793,-1476.987512904423
815,0.6188773949266769,89.35222840614472,0.23408475310578294,89.1130778050979,0.005065847941024874,1453.3803903528644,1434.4327379748643,18.947652377998807,0.11014912444641502,0.09718997775085073,0.9309084482528482,-5.701035343649281e-07,-5.840526011813094e-07,1.3949066816381387e-08,-7.697559355898876e-05,-7.702626766007876e-05,5.067410016173558e-08,6.105464912730491,325.70877985632495,7.401616012155984e-06,2.433055518810972e-06,0.2557406632686505,1224.2202712624767,0.01860491354506564,1102.4639348640267
816,0.6615934597557238,99.28370989852719,0.33179432274691195,98.76659405323154,0.18532152254872175,1359.9539011510915,1340.3944941316634,19.559407019427745,0.11585007187932699,0.11706103785134564,1.092111193266118,-1.1861548320101939e-06,-1.201065421899255e-06,1.4910589889061678e-08,-0.00014710932588650748,-0.00014716581761168917,5.6491723589727315e-08,5.875275303476389,369.9904926459125,5.994309834423032e-06,2.819716696991501e-06,0.2976607849119102,1399.0176817164738,0.01884730231140638,-386.0563765333827
817,0.7026768028176232,89.4606138677914,0.27604176087622917,88.79969933948566,0.3848727674295035,1684.0129983034265,1662.7251072635036,21.28789103992246,0.08860545905440147,0.10474860874021716,1.0274339589177472,3.659317427492751e-06,3.6429341116774536e-06,1.638331581529783e-08,0.0004246722159589795,0.0004246137681625652,5.844779494302726e-08,6.085548850688239,212.54262788537642,6.605984978725206e-06,2.8621546959014938e-06,0.28107528980865054,1223.8662287129612,0.01799048665763892,-1445.999011409367
818,0.6150680478804035,91.3196188785397,0.26926095010301765,90.73832831846687,0.31202960996981666,1673.0647949949544,1656.0087813637201,17.056013631233185,0.16127909968364756,0.10561915432986008,1.0109575595652105,1.0661021635617503e-06,1.0488141377704291e-06,1.7288025791321357e-08,0.00011917092074785246,0.00011911556076092419,5.535998599929974e-08,12.682537147922226,597.6003460981959,7.226018568136591e-06,3.8136505217240577e-06,0.2725694106917768,1255.110002948975,0.01952734618601483,2698.7536978936587
819,0.6638831473257993,100.74218801997723,0.28506589735035875,100.19170902861497,0.26541309401189755,1773.724738486934,1741.485224148836,32.23951433809926,0.15904754528777676,0.11704727581044626,1.0838833343975356,-4.0814726699050015e-07,-4.244327371955946e-07,1.6285470205094348e-08,-6.115131033466638e-05,-6.121679685079983e-05,6.548651453475676e-08,10.280314649140431,634.6524773470264,7.683059018987669e-06,3.137074613370891e-06,0.2903315459193361,1397.5444415874426,0.019777592837607667,164.65135717021622
820,0.5542573024758978,73.6078252230494,0.18692019579606586,73.17807701857741,0.24282800867592685,1655.4423088951914,1637.7217501353564,17.72055875983712,0.15764214795765874,0.09473738148114501,0.9194716122818481,6.657852969368884e-07,6.498197504065909e-07,1.5965546530297636e-08,7.4741086679303e-05,7.468753608432886e-05,5.35505935979237e-08,4.391446606594077,297.02124156265234,5.897274849384056e-06,2.373988729770237e-06,0.2523481591793745,1044.585388114584,0.018713859487522397,2985.1532585014247
821,0.783725840011163,149.08241780464115,0.5515952491765598,148.11643355001374,0.4143890054508372,1702.4325216080294,1664.636692390759,37.79582921727,0.18766598940533247,0.16616876061829441,1.4122023095363356,2.3465295509498294e-06,2.326073238889292e-06,2.0456312060537006e-08,0.0002675281297874593,0.00026745469670924523,7.343307707876397e-08,13.874103149847608,669.3899554463939,1.0645822806729064e-05,3.2775046833942914e-06,0.37743128665019937,2052.6375499751002,0.018730640982850686,-349.45861937697555
822,0.6872299766968097,92.18943061431607,0.25027746439785536,91.83585063986078,0.10330251005743613,1695.4233097217889,1677.7158398637964,17.707469857993125,0.0796692551999678,0.14712682840436142,1.4422497597062698,1.7463238078008294e-06,1.7301178015365063e-06,1.6206006264322896e-08,0.00020275192213205955,0.0002026871267418609,6.479538909019473e-08,11.124294400573726,507.5608275025865,7.044222599513067e-06,4.129389028447438e-06,0.39166179964694287,1293.0067942680776,0.01949725196087829,-852.9878691418817
823,0.7068151071584025,129.5089549423772,0.4750961415621205,128.67498223950759,0.3588765613075027,1346.848161909257,1320.5552462225744,26.292915686681507,0.21705501601579247,0.13265092572828088,1.233396929893584,1.2768902779447343e-07,1.0762759151232756e-07,2.0061436282145808e-08,7.213659574314944e-06,7.146503853143962e-06,6.715572008526305e-08,13.910625262352424,610.480863400102,9.030309231552616e-06,3.4967823434694207e-06,0.32681404712377804,1862.622288314638,0.018905471704903063,467.45185981435134
824,0.6409281554198285,97.38245683644773,0.28834837118521217,96.78358959309797,0.31051887216454066,1842.2582380034867,1815.406726745269,26.85151125821759,0.18761959713644288,0.11613113466510522,1.1210317443610434,1.6851364463799064e-06,1.6656123095139737e-06,1.9524136865932704e-08,0.00019565478712284918,0.00019559023224528598,6.455487626787564e-08,6.121072664120138,452.77647496875574,7.479088870050233e-06,3.523860375664689e-06,0.3031496641854182,1396.6636207448034,0.020097979033733438,76.12379976184457
825,0.6613101539241806,107.47790993892103,0.3528610897319018,106.79898501669953,0.3260638324896086,1525.8668030215804,1497.9794817327083,27.887321288870737,0.33780885654513626,0.12031303981576662,1.1329927414361893,1.2224715070575386e-06,1.2063022536181958e-06,1.6169253439342773e-08,0.00014225027511873643,0.00014219059807258608,5.967704426985817e-08,7.753738887301191,321.7307284706867,6.7363088226731255e-06,3.1834343928401806e-06,0.29339924518015204,1510.1598706109678,0.01821891257690365,-331.1757096682268
826,0.7012203539047415,107.58671084312135,0.31623121397279164,107.03241976815404,0.2380598609945253,1498.1138954502208,1478.6473159972152,19.46657945300683,0.09950340584686439,0.12973332013739278,1.2252912895135246,-7.242238920973668e-07,-7.42070233313044e-07,1.7846341215677074e-08,-8.899417662547066e-05,-8.905408452353919e-05,5.990789680036871e-08,9.310285506107729,805.7301994963934,6.876901736957426e-06,4.527890499062235e-06,0.32786520340216374,1543.1931745742127,0.019382131084752202,209.2583895767384
827,0.6230056185128298,79.69745420549317,0.21368969929126347,79.24623319672537,0.237531309476527,1767.9907866472436,1747.7751907058678,20.21559594137642,0.11095820430524367,0.10047491845375531,1.0086038996016564,1.021675337645159e-06,1.0074902466869256e-06,1.4185090958233664e-08,0.00011804134285434302,0.00011798484357453758,5.649927807463044e-08,23.197292075976083,566.975718146539,7.058555674818908e-06,2.863965086485751e-06,0.27159649749874626,1104.4983993926153,0.021331280248001815,604.4123991471024
828,0.6017684947569295,89.14612027265592,0.2605903021546432,88.629263454416,0.256266516085289,1553.371034580528,1534.2925516804198,19.078482900108753,0.455302579162894,0.1102620555422811,1.0578474131350697,-5.583169913423979e-07,-5.704131925557388e-07,1.2096201213340922e-08,-7.226186574584308e-05,-7.231432794959146e-05,5.246220278113547e-08,10.569557671040318,718.573957950265,6.178794403532143e-06,2.767195622039176e-06,0.29072566312710707,1253.3145613025297,0.01863522109994781,990.8566012403862
829,0.5428206578762742,76.49924442416868,0.2228842327658874,76.02588700240636,0.2504731889964212,1436.8923639823436,1419.8540015933718,17.03836238896829,0.10439753581219827,0.09489805851513262,0.9512998352748342,1.2952509038894204e-06,1.2828366779183101e-06,1.2414225971110168e-08,0.00014721328896611256,0.00014715939697183545,5.3891993156428084e-08,22.37520218048084,631.791274560359,6.992181269272836e-06,2.3147593289806207e-06,0.2576998578209041,1037.3196771380492,0.018126853873276,-346.90910980627086
830,0.5610637955683224,72.5559046610879,0.20380880560809547,72.06933674280302,0.28275911267678666,1638.0923429348081,1618.6437879731052,19.44855496170279,0.0896559122217871,0.0928783002039814,0.9215572833724006,4.2710034076880286e-07,4.133119608152748e-07,1.3788379953528008e-08,4.5604006701098016e-05,4.5554468344063514e-05,4.9538356069661496e-08,9.040131706002159,-4.850955518199781,6.0553284768347245e-06,4.613053230294774e-06,0.2527491436503754,1010.6526094723054,0.018279052159174882,826.5687942881304
831,0.5960376742009967,71.75984040017917,0.1862303177552753,71.32485067279899,0.24875940962490573,1454.5114297963241,1440.5662114726808,13.945218323644879,0.09489532770794994,0.09139530284542813,0.9575357206208185,1.215277727164125e-06,1.2020126359766087e-06,1.3265091187516269e-08,0.00013798674502368905,0.000137937701754098,4.9043268397985766e-08,3.2409601171988056,199.46539660551682,5.078372326215188e-06,3.4850806911434254e-06,0.258196650247924,956.2237092970008,0.017789949918213328,-202.24768572707035
832,0.5936125981657228,73.30798008165306,0.23936843704818406,72.84029521973211,0.22831642487276407,1662.2288063939018,1641.2646235431146,20.964182850786386,0.07964325586782553,0.09447866831981536,0.979092536173105,-1.0657071187838432e-06,-1.0778087088824293e-06,1.2101590098586113e-08,-0.00013454730670601884,-0.00013460085735097994,5.3550643778544e-08,5.2766289204012695,482.21905284157054,5.5886543427889935e-06,2.580570619467646e-06,0.26054595782905376,1059.3108015310384,0.01946063794865798,158.11707697777456
833,0.6336144251187672,83.46751668337203,0.2858367520865356,82.89574885364662,0.28593107763886505,1194.8171041827088,1178.1064812305874,16.710622952121497,0.19204251826919533,0.10288703843472521,1.042746293053155,-5.656908355427363e-07,-5.803322165503519e-07,1.4641381007615742e-08,-6.758979922473978e-05,-6.764679527912422e-05,5.699605263891375e-08,15.356139016198524,151.79151024557424,6.498248358759301e-06,3.2001753894990086e-06,0.27666660122709097,1162.9246146885896,0.01904152264295086,1825.906418563929
834,0.6644979701817241,83.64637253569174,0.2687308261634901,83.14289939214439,0.23474231738387583,1323.5164916942276,1307.5742907151243,15.942200979102902,0.141842134430518,0.11083687767936251,1.1135984219108999,1.625074592500685e-06,1.6087945322463848e-06,1.6280060254300245e-08,0.0001879700188571399,0.0001879160968757646,5.392198006768068e-08,7.262842546581348,575.7485579771391,6.8413039531007015e-06,2.842214862327372e-06,0.30286324255039615,1195.692556152344,0.01877593783241939,-2995.67950287434
835,0.6429780777668633,81.96539686172368,0.21573181133493768,81.49783777760409,0.25182727278465283,1612.7657604781919,1596.9345343864068,15.831226091785306,0.10558797880103668,0.10331251287677568,1.033272795147032,1.950082722209251e-06,1.9381597552251136e-06,1.1922966984136874e-08,0.00021931013254750277,0.00021925623124029677,5.390130590326639e-08,20.54442787708171,565.9148479407938,6.526483638218404e-06,2.753802584828844e-06,0.2797013933687766,1126.4358518762617,0.019976641740108606,1591.378680734062
836,0.6158688808684121,110.22539659121844,0.3210430550901152,109.58836874249421,0.31598479363408927,1295.7222401869371,1278.0392080535953,17.683032133340056,0.12204551968456506,0.11521979311988144,1.0705135723371286,1.1191711017180482e-07,9.7008270466447e-08,1.4908839705357812e-08,7.973024824867449e-06,7.907129545374435e-06,6.589527861179478e-08,12.509370071592052,418.01483156584334,6.78510472308791e-06,3.5513578292438432e-06,0.2905004627324004,1550.296153485973,0.0163167433308673,538.5031433297081
837,0.6512931480699773,96.84004176932737,0.33013619922071147,96.26762635687057,0.2422792132360819,1815.6394802321483,1796.5784279700592,19.0610522620903,0.11367233314240283,0.10748278004246606,1.022749463642583,-1.8321293971215336e-06,-1.8494679198152898e-06,1.7338522693756883e-08,-0.00022277577777958708,-0.00022283585120612198,6.007342489488903e-08,6.141243688798385,636.7234662759671,7.926744823509797e-06,3.4724869474527522e-06,0.27325982947820165,1383.954728918989,0.01708799871970339,-463.31155213102465
838,0.5698586397160271,72.9869121798383,0.24858182841343318,72.49213935765312,0.24619099377176298,1680.1254641609726,1659.2821660117415,20.84329814922957,0.07989270256323164,0.09077463399616474,0.9199938968465772,-3.657784292464835e-07,-3.8355753753831034e-07,1.777910829182661e-08,-4.8492908787045816e-05,-4.854605930376912e-05,5.3150515825896985e-08,36.0790664484791,470.019368855467,5.48641882001849e-06,2.1257397136938125e-06,0.25239104663066936,1012.1096726449535,0.019006868892879104,191.4102974469679
839,0.5712629446346337,75.46032846045705,0.17463739295977515,75.08790638541782,0.197784682079448,1235.2400531832736,1218.8969116095593,16.34314157371579,0.1549445022546982,0.0879057438745984,0.8952946000679688,-1.054469256244192e-06,-1.0691760652597013e-06,1.470680901550868e-08,-0.00012729682790726387,-0.0001273466895689066,4.986166028042487e-08,5.372379932595004,530.658736919768,5.9753623189720435e-06,4.44931713597126e-06,0.2518808108698462,1038.6190027987193,0.01842385469728877,-1615.207819188192
840,0.6281412847603799,92.25442018634013,0.2685823658594329,91.65622452382594,0.32961329665474537,1424.7256741293475,1405.3286868463103,19.396987283038573,0.12598860672964893,0.11328360705718703,1.0895337941308367,2.2985907029699427e-07,2.1485785369614102e-07,1.5001216600853183e-08,2.1835954288050806e-05,2.17794116548138e-05,5.654263176430002e-08,9.772940762451348,254.92076807924514,7.208789274569366e-06,2.6115037372176563e-06,0.2984085624523172,1255.9464623695853,0.01869449356917295,-2785.3426803315124
841,0.6125510908913401,83.70995715320929,0.31170707789824337,83.06732961008242,0.3309204652286303,1566.5632731500923,1546.8042863839332,19.758986766158582,0.1090728323202139,0.09964832277316181,1.0029144022114702,-1.0431582475244662e-06,-1.0610657871710926e-06,1.7907539646626142e-08,-0.00013053814455229632,-0.0001305905172120056,5.23726584927309e-08,7.711803573708018,693.3090141128403,6.80536318817276e-06,3.271694921628834e-06,0.2686250701741999,1163.9428601446539,0.018548809626478674,583.7066594721291
842,0.6461698229836949,107.76054920501716,0.31753458111149835,107.10372364986598,0.33929097403968717,2168.124984089187,2146.418201744634,21.70678234455339,0.2885594386863631,0.12277803950062023,1.0903000695348544,-8.142582017375568e-07,-8.316782513242801e-07,1.7420049586723482e-08,-0.00010160686344979113,-0.00010166780565758382,6.094220669561785e-08,11.011771356315757,428.87218718579635,7.781919237490086e-06,3.210952196081388e-06,0.2990082516164633,1491.2701603888702,0.0184363870016708,1391.3908348033656
843,0.6317175441549727,85.25456776363657,0.28333504274436083,84.81300354839784,0.15822917249437132,1984.6933290445886,1965.7935213633436,18.89980768124503,0.11011256954689562,0.10348283077483764,1.0197733299273333,1.683448256880183e-07,1.5174829043519508e-07,1.6596535252823294e-08,1.4166095683364995e-05,1.411426513909862e-05,5.1830542560173304e-08,98.39008800344767,586.1437633695459,7.2044992191633935e-06,2.5900795510385515e-06,0.27818546161595975,1201.998866599875,0.01862651397395207,-1534.1305275112245
844,0.6225199723659839,82.37354596132623,0.21157790496343792,81.98747881154499,0.1744892448178208,1750.930755722544,1733.9802987307883,16.950456991755175,0.09722345099826214,0.10588032677396135,1.0788905368293968,4.4358252419537027e-07,4.248749694112787e-07,1.8707554784091548e-08,4.63175390921184e-05,4.6263104536800807e-05,5.443455369586945e-08,3.694184720785341,400.5218459473028,6.527291189728486e-06,2.9213495060692387e-06,0.2911869257360188,1136.0854540708092,0.020144689294571163,1053.5682274241371
845,0.6211863604437385,100.65211957430381,0.3091732393440286,99.89230664811005,0.450639686849735,1315.3747317751584,1293.1800488509352,22.19468292422621,0.2118907570993218,0.1116787585862958,1.0269536556651695,-7.246776378365074e-08,-9.021652965272714e-08,1.7748765869076394e-08,-1.5959303517292992e-05,-1.601935851987834e-05,6.005500166326034e-08,13.331704924557485,608.3145176281606,8.039998583217369e-06,3.451098792802951e-06,0.2865335201293356,1371.4735893692657,0.01981022811039294,-1280.053714466867
846,0.5809150889037602,74.13292823975755,0.2021168029183686,73.73128382322722,0.19952761361195293,1381.5811686791408,1359.2258025674587,22.355366111681782,0.10723709440867865,0.0940670771566484,0.9227200985343754,1.4594717400067313e-06,1.4458219469407768e-06,1.3649793065955182e-08,0.00016773959544140522,0.0001676853446777209,5.4250762335116764e-08,10.653368645913085,-21.071443406091735,4.998552455217995e-06,2.528144808672452e-06,0.255615230173866,1023.8531351046013,0.018328342211063945,-1036.1613533476811
847,0.7399267674288814,131.75181076302428,0.4046752719744121,131.00762174131984,0.3395137497300368,1730.3585392888428,1702.1518789477464,28.206660341097667,0.14818255612179732,0.14469577057197894,1.3255105808272185,-5.930529658458562e-07,-6.115370472808095e-07,1.8484081434953326e-08,-7.624891741513962e-05,-7.63228238619378e-05,7.390644522520307e-08,14.467195471291339,198.92968971188898,1.099314587508118e-05,3.7845856259720656e-06,0.35964432463065005,1859.2478782775552,0.01969265278351041,-1891.3497645029347
848,0.6555111980038615,105.30125223599725,0.30427707999097003,104.60792800434514,0.3890471516611361,1651.1624408851058,1630.6421419109859,20.520298974119463,0.1780426501547469,0.11269418396924247,1.0837880979459908,-3.535151019007721e-07,-3.7020165358218844e-07,1.6686551681416263e-08,-4.9634575066785376e-05,-4.969715469302072e-05,6.257962485919144e-08,10.658910818049288,568.6037650644153,8.346930979105387e-06,3.1809390710812045e-06,0.3014633345703748,1477.4098038270417,0.020683220845810167,219.98022054371904
849,0.8268785832944672,138.390725815247,0.4653491883508458,137.5931113464707,0.33226528042548353,2098.230747483114,2077.096679051242,21.134068431871984,0.29641468719009006,0.15888531625187727,1.4569616400973702,7.968905964392562e-07,7.762425729802509e-07,2.064802345900518e-08,8.418790870756355e-05,8.411015903714097e-05,7.774966891875668e-08,51.900112361701716,788.0767944521135,1.0562407653193606e-05,3.732851672232044e-06,0.3995918504052344,1957.3056135391387,0.020949717474753573,-2609.385671876742
850,0.5869791766179357,75.60384769975092,0.2509945103427953,75.12254028090386,0.23031290850425912,1586.8306791895018,1568.489480914889,18.341198274611735,0.09346373971639965,0.09287086978800738,0.9592048237353399,3.5877827993760035e-07,3.40999076422689e-07,1.7779203514911244e-08,4.2900800376890896e-05,4.2840289248400517e-05,6.051112721295968e-08,18.276411204143898,349.894705170497,6.4282277720452875e-06,3.936474852118529e-06,0.2605566849200613,1023.7490106255717,0.019081779173919476,402.6278979407289
851,0.7029508522946678,117.98761705509627,0.33470090042652917,117.39610332495675,0.2568128297129692,1953.6766791731116,1932.4391257876114,21.237553385500448,0.1409224085194259,0.13581906567184088,1.2516377146530484,-2.9458640975776646e-07,-3.1228562629847965e-07,1.7699216540713257e-08,-3.852690089321254e-05,-3.859570349213307e-05,6.880259725751591e-08,14.00898325139515,683.7438412098439,7.75714923208127e-06,3.7811237808227265e-06,0.3348386856180612,1663.7751182277486,0.020445079372468276,1980.3716000843815
852,0.6114282997707281,82.08243627517048,0.26966651358554256,81.54992841313657,0.26284134844837104,1897.187723935125,1880.2151010744117,16.972622860712484,0.07266620398178901,0.10421494225546793,1.0009235888588808,2.215292168183766e-07,2.0587408332842214e-07,1.5655133489954482e-08,2.0586097048517825e-05,2.0533239187507198e-05,5.2857859710982536e-08,9.869482328510248,597.4934609678131,7.036473358523296e-06,2.5983362696651465e-06,0.2713599102648448,1129.5165532543133,0.01841102410560296,-646.0392211544968
853,0.5540924719196366,71.08121226407464,0.20557069120936994,70.71226677057578,0.16337480228946685,1597.1730281943292,1580.773710239525,16.399317954803184,0.12498560046600134,0.09246963163720874,0.9127805877133928,-9.426259876951803e-07,-9.532911690260828e-07,1.0665181330902835e-08,-0.00011694584457794863,-0.00011699329468868807,4.7450109184697086e-08,12.530869438087322,186.17894043366996,5.850046900022335e-06,2.7147379315362833e-06,0.2525455043884902,1024.528489641595,0.01773096006533941,-77.96792659621133
854,0.6182389039636201,80.82558424525917,0.2362185278616909,80.35774765218181,0.23161806521567274,1527.3846880832566,1511.4381275291157,15.946560554142081,0.10867874047657798,0.1012187369359211,0.9686332175146535,7.926720899138916e-07,7.793350287047073e-07,1.333706120918445e-08,8.621476603946558e-05,8.615733532568323e-05,5.743071202504342e-08,7.785485608945889,445.83261597577064,6.3079978183240154e-06,3.6627963680433917e-06,0.27530024853475393,1110.0319363214476,0.020347700343854934,-220.79208055554045
855,0.575908856822898,72.86983812882647,0.25036195162450736,72.44279065277695,0.1766855244250106,1359.3950636024506,1337.1830530187142,22.212010583737165,0.20424317369537276,0.09503597793189912,0.9371221788555775,5.573672636842717e-07,5.420491643933138e-07,1.5318099290957843e-08,6.238346715736049e-05,6.2332566307944e-05,5.090084858561366e-08,11.59269418886655,500.9412755401133,6.766273248156092e-06,3.2547212304470353e-06,0.25760937845568604,1030.2794659924875,0.01806385373609682,1504.1004351886477
856,0.6644535990130932,101.30657025815151,0.2719196159725606,100.66084550887223,0.3738051333067206,1585.973177100739,1565.8728881116313,20.10028898910665,0.33279869263568895,0.11077338866639583,1.1100521124106428,-1.168371262451293e-06,-1.1862591691850583e-06,1.7887906733765552e-08,-0.0001442644752851686,-0.00014432111531742837,5.664003022278936e-08,8.853167030884489,377.69297822101765,6.822647833491575e-06,3.428983864555596e-06,0.29034372726229135,1465.142263787964,0.019127260723513933,110.48312429124417
857,0.6709169840741073,83.23581041379472,0.22507534124808848,82.82981044665375,0.18092462589289587,1478.0517095147143,1461.0099826546702,17.04172686004317,0.10432843598049929,0.10021787686254476,0.9813624709508665,1.2159528940356403e-06,1.2032437880182449e-06,1.270910601739523e-08,0.0001419538042134661,0.00014189913818451607,5.4666028031241206e-08,4.6325673427245615,301.1490164322392,5.828943262112803e-06,2.410597963738499e-06,0.2836269961217842,1123.038923079252,0.019119353644286168,-1123.1616753364433
858,0.6515824952762107,104.70338166588735,0.31836492504995684,104.06689604157025,0.3181206992671522,1757.1765716880802,1738.5548670610488,18.621704627032496,0.10322649860702125,0.12062483791425999,1.1354612395464574,-8.068541659014185e-07,-8.233553178448893e-07,1.6501151943470903e-08,-0.00010433744431710224,-0.00010439897774819695,6.153342912897451e-08,21.889676434780664,573.7024257330767,7.367623147023731e-06,3.213130600124357e-06,0.30745685911925835,1453.6933833596045,0.019580564079459253,936.1633222963974
859,0.6035136552611577,92.77600357514396,0.25767187140366604,92.26280266086498,0.25552904287529743,1223.2270421143746,1204.3260669513047,18.900975163068317,0.11418653956735118,0.10514612389086418,0.9909520647568447,6.838517226009254e-07,6.67730520025762e-07,1.6121202575163145e-08,7.904290986659635e-05,7.898499197373302e-05,5.7917891822148434e-08,20.059964174656503,430.95390611063334,6.881198486647086e-06,6.179468582827668e-06,0.27434831893541906,1331.5884320465514,0.019596138159295288,2092.4197425191596
860,0.6679280284491312,106.44601692497157,0.27371254820938706,105.94149231284212,0.2308120639200783,1205.990715292718,1188.44943708789,17.541278204825105,0.15157260363095068,0.11916009430973462,1.1197526575763999,2.268333316425147e-07,2.1218246011429922e-07,1.465087152821549e-08,2.2021236468811022e-05,2.1962559464299968e-05,5.867700295336386e-08,7.048986266634555,577.1010421447648,6.734793179817381e-06,2.996513958385649e-06,0.3088503299463388,1431.9654219723832,0.017582611535879776,1131.1441572704862
861,0.5786189905070859,83.3905631986265,0.28098270418658716,82.79587969332698,0.3137008011129277,1404.3840206290802,1383.1252773585973,21.258743270482405,0.08389732952262019,0.09995954957125308,0.9217257495868187,1.0780387449442088e-07,9.197751090435909e-08,1.582636359006185e-08,4.817311278901625e-06,4.763922618054619e-06,5.338865961994152e-08,7.154267709500948,347.4957252604433,6.78419920191795e-06,2.694742440527024e-06,0.2587747694027583,1158.4839695809874,0.017733585118787833,-2728.6019123362494
862,0.5956814522555268,84.37290825650113,0.22504870620069264,83.86463172505016,0.2832278252502713,1428.429284963279,1411.4354510231917,16.99383394008751,0.2601932439672487,0.09862219963074235,0.9231585002638646,7.52738341092089e-07,7.377101068516997e-07,1.502823424038915e-08,8.462103197164773e-05,8.4565682358669e-05,5.534961189780742e-08,7.230534069884149,359.5244167330051,5.890661556697483e-06,3.0744576321171125e-06,0.2631186900218428,1208.216565378164,0.02045153480580357,-1445.6473625338185
863,0.602244750720818,70.68832903510844,0.20248734281173625,70.3412285355779,0.14461315671881594,1642.1305438986224,1625.0723181347062,17.058225763916262,0.10831251387568576,0.0988001586475855,1.004585036893655,1.0502748246679745e-06,1.036397287228246e-06,1.3877537439727931e-08,0.00011832417920286552,0.00011827499170597617,4.9187495741749423e-08,13.074744117959204,728.9487256519294,4.922862233211812e-06,2.8468727311223176e-06,0.27852974258006563,1005.0267931462772,0.019012199120789535,1035.7001064010365
864,0.6186268167598294,100.46863157256875,0.33335582900931915,100.00954865878028,0.1257270847791428,1314.4313512108818,1291.4982372319337,22.933113978948498,0.1572579325503804,0.1064116510152379,1.0365490228516403,-1.12795762844698e-06,-1.1440386497461624e-06,1.6081021299182506e-08,-0.00013964405758754814,-0.0001397020185434688,5.79609551714112e-08,48.089134466034444,329.5158589141465,8.05497027900352e-06,3.2851783431970912e-06,0.2863794736018212,1386.9858832569012,0.017063585347041905,1674.2790044084904
865,0.5869508721508552,77.41407417076098,0.21885420311792286,76.96561451335508,0.22960545428798895,1388.4913891731082,1368.827407152994,19.663982020113373,0.10158529052479683,0.09942603935959411,0.9805276550124925,-1.6257062627893555e-06,-1.6398261963614682e-06,1.4119933572112185e-08,-0.00019839443022389613,-0.0001984429389323965,4.850870741946791e-08,5.103009020961348,572.0478454204912,5.813544208090448e-06,3.2072249295182174e-06,0.26929667573147026,1068.8226154525123,0.01881995221308176,95.28782070034868
866,0.6706742865821391,110.18875024473576,0.3266028347550122,109.4890186284828,0.3731287814979547,1509.294911837785,1484.7105658797343,24.584345958052324,0.12652824581680597,0.12081237258297484,1.0676306151911261,-1.4127804303573333e-06,-1.4281758614939849e-06,1.5395431136652082e-08,-0.0001728544880671194,-0.00017291381655923442,5.932849077709014e-08,20.61843353350259,540.0910665475986,8.285919409501788e-06,3.4094605624505877e-06,0.30480213404486234,1554.7164281243706,0.01712262328518195,848.306714331291
867,0.7227072784206164,119.00419871629188,0.3985077644727723,118.00304926749797,0.6026416843211501,1590.090491506231,1571.6095935763765,18.480897929853633,0.1410325842460254,0.13637239767574647,1.293427718781025,-1.9573252330473216e-07,-2.145283351129329e-07,1.87958118082008e-08,-3.08851126035609e-05,-3.0951907134430414e-05,6.679452940411906e-08,58.98622369633937,500.8232072504178,8.860922426580587e-06,3.7273147201465e-06,0.33706931351819686,1644.2601767535343,0.01875835040090435,-720.3278954938687
868,0.5321698854659271,69.08721068246761,0.20067681519388533,68.57206133028257,0.3144725369911631,1775.1671782318588,1756.1024160468803,19.06476218498131,0.07132205276945829,0.08430339507712017,0.8698990365085884,4.841633051764527e-07,4.703095419947678e-07,1.3853763181685257e-08,5.244692063333817e-05,5.239920655580218e-05,4.771407600875007e-08,3.0117339052583953,327.4619673066524,4.948007259385163e-06,2.2925961651729826e-06,0.24194807199176718,982.043963330849,0.01924591758742888,661.285672203252
869,0.6406659936638353,86.6796636258028,0.26385332444069204,86.11809067961327,0.2977196217488103,1238.0023228288246,1222.1153978089915,15.886925019832427,0.11698918303638658,0.10173570660818182,0.9691720947457292,-1.0116492564895655e-06,-1.0258040974432112e-06,1.4154840953645683e-08,-0.00012549838876694118,-0.00012555681909250764,5.8430324402714554e-08,15.151241069575601,476.2993669551963,5.866666333659659e-06,2.655131359465906e-06,0.26876197910514527,1181.8732582315204,0.018284094692204666,-933.5193821650246
870,0.611946169683371,85.45262608668739,0.2543102506375957,84.99304384268434,0.2052719933654342,1621.3836042842909,1598.2446209744865,23.138983309805372,0.13886185445452845,0.09825950131440409,1.0095150595877929,1.9119569702214692e-07,1.7678487654960601e-07,1.4410820472540917e-08,1.8484494697697128e-05,1.843071374377077e-05,5.3780952820057835e-08,6.99541676022648,677.5547352866047,6.029594167493097e-06,3.465295953669089e-06,0.2637219450665494,1179.2721019406883,0.019184691830174832,-686.5429397078951
871,0.5959423844941918,67.57307924385938,0.20198028857782052,67.12830551789095,0.24279343739059767,1772.7295192494253,1745.9368149593288,26.792704290097568,0.11005712672966178,0.0910727162270602,0.9271599584895872,-3.618070286748182e-07,-3.770234996023299e-07,1.52164709275117e-08,-4.4696435748689675e-05,-4.474686489527523e-05,5.0429145084884114e-08,5.625119864602189,519.4079714226474,4.6560884017464045e-06,2.4136603867114322e-06,0.2586547170258636,905.3583632044409,0.019942583003855673,91.4450789825205
872,0.6361305855600993,86.74314359329055,0.22053766886833637,86.25615760607931,0.2664483183429209,1553.9430217598308,1533.2841587064684,20.65886305336095,0.10618722362150096,0.09988747095587784,0.9803822607291546,-7.690839686580051e-07,-7.833644741581702e-07,1.4280505500165006e-08,-9.565415746988448e-05,-9.570915567877213e-05,5.499820732509805e-08,11.476423480116287,378.7728993444968,6.8627145589784815e-06,2.496888171699179e-06,0.2715070899816943,1214.569399745792,0.020742878735939035,-830.788018070536
873,0.7947783470483725,125.38652668180306,0.34449169871986673,124.75931202842285,0.2827229546603474,2371.047017215205,2352.073393676589,18.97362353861433,0.28391075340142174,0.1719134027127028,1.6123818988727696,1.5921601103681062e-06,1.573513813974632e-06,1.8646296393474083e-08,0.00018302882799832616,0.00018295883374698583,6.999425012044392e-08,14.538143813600954,829.2959681096683,7.921463474451398e-06,3.0620982815716535e-06,0.4280006884209279,1732.0303972612237,0.020922059328435345,2347.9937059156655
874,0.6392895700264417,97.98254218344482,0.33579202636135963,97.3268878365534,0.3198623205300402,1542.4588000323556,1524.3064422137138,18.15235781864087,0.06747492095149141,0.11230673618471991,1.0748012669983513,9.043664257917736e-07,8.880310194158245e-07,1.633540637594934e-08,9.859358762273051e-05,9.853968122307986e-05,5.390639769378052e-08,6.175072570633558,422.3915137938197,6.749051230452425e-06,3.4237428613659617e-06,0.2866090243377181,1353.4909062073973,0.019370615069069768,1657.6511424188138
875,0.7104779622516829,134.5369091758987,0.40306908681627446,133.64441392935453,0.4894261597279215,1562.573809982275,1540.3771031420472,22.196706840227517,0.14591557639834551,0.1332166529202168,1.201654384093545,-8.208539262745799e-07,-8.383201193849648e-07,1.7466193110385093e-08,-0.00010418609568,-0.00010424918749042105,6.309180840944553e-08,44.06482602699161,980.2979253712804,8.962541030593258e-06,3.281502059102645e-06,0.33081835462131304,1938.0770158032446,0.01933693022419759,-6238.302371135454
876,0.6289453060998698,94.3854428870166,0.24933841973853038,93.79225549110075,0.34384897617731697,1508.8002534144382,1483.6183745394742,25.181878874965207,0.1591312163055028,0.1096744481745895,1.0756183922714797,-1.4626783929240543e-07,-1.6441880528303417e-07,1.8150965990628815e-08,-2.3892267220887004e-05,-2.3948933113026874e-05,5.666589078431315e-08,15.439944330036877,486.26693511966414,6.5393109895052375e-06,2.7159697051015847e-06,0.2877855964783889,1286.9248557390292,0.018787603579003737,1799.4771269869743
877,0.6329039956163158,89.10204795932478,0.2857705200444715,88.53526279109752,0.2810146481828071,1676.0614144662813,1654.3850384052462,21.676376061033007,0.1742532926606932,0.10547347400007276,1.0944063500593766,5.014993730031155e-07,4.838566544783136e-07,1.7642718524801647e-08,5.43583499634319e-05,5.430234293959944e-05,5.600702271173695e-08,19.997533788958968,412.76231872657735,8.6174202486799e-06,2.652274812130055e-06,0.2750864647253284,1228.111800156316,0.018109925918378348,-2184.493936349383
878,0.6302982553340554,74.31144334793785,0.1956498949579215,73.92265356762579,0.1931398853541501,1372.5477991095472,1350.7198868054354,21.827912304109496,0.08750908355705139,0.10466798982927583,1.0476609742881178,9.859172463629645e-07,9.729634214345332e-07,1.29538249284311e-08,0.00010939825822437776,0.0001093478825635087,5.037565933020156e-08,4.526951697004588,-131.7605321463489,5.594592067721479e-06,2.929626878825273e-06,0.2782843673951974,982.1931989312066,0.019324702183722172,-980.3619619287601
879,0.6689817219850761,104.57061857322518,0.3303423912811476,103.96636453022164,0.27391165172239706,1550.1065519374606,1529.9262895652853,20.180262372175367,0.14000055625097488,0.1143254092649994,1.0794941005250691,3.0916861566268127e-07,2.960114263735637e-07,1.3157189289117664e-08,3.2671428164459595e-05,3.261293401115612e-05,5.849415220470199e-08,13.003716429833155,1495.8300116991882,8.187726890398467e-06,2.9434365113286285e-06,0.29273608717103566,1484.008490765322,0.019106041362966803,-2288.830544896642
880,0.6260541294235394,85.27952396308467,0.3132721620999757,84.58425605865054,0.38199574233416844,1621.0126084038773,1606.2307070672196,14.781901336658608,0.09593004060591177,0.09981565241412944,0.9711563695281262,-6.050894592116503e-07,-6.189024125771873e-07,1.3812953365537038e-08,-7.450068805090272e-05,-7.455540055193974e-05,5.471249988234864e-08,6.428828923614209,662.1516818187062,6.466582820113046e-06,2.2560001194626403e-06,0.2608435460020989,1176.764223086443,0.016430299083406288,1916.6840660568669
881,0.6820485761316791,107.98411519438571,0.3868328025086741,107.33305153623525,0.26423085564178583,1203.3150359591868,1183.480072604039,19.834963355149647,0.12867806101559393,0.1293466349912124,1.2269288967300043,-2.319581860619983e-06,-2.3348911479415174e-06,1.5309287321534108e-08,-0.00028116529567114875,-0.0002812285069108936,6.321123845489239e-08,6.444250146391877,364.50565111739775,7.861216824052907e-06,5.701809915199421e-06,0.3353636469247634,1535.8942650241015,0.019978401659400662,3356.546548388571
882,0.6636863373405901,105.9081718494204,0.34837053742073243,105.29462943117454,0.2651718808251261,1834.0158417617458,1815.9926973234094,18.023144438335493,0.15402223845982602,0.12872010041260726,1.2375315847919484,1.6987923555713007e-06,1.6823902917533894e-06,1.6402063817911627e-08,0.00019599129840540332,0.0001959265949663754,6.470343781514358e-08,13.728698676309145,560.463917880631,7.274019606153043e-06,3.5131793914717897e-06,0.33263442601982224,1487.0155446532358,0.020761857168176353,-137.48561085355323
883,0.6700532357152378,95.89801919590255,0.29020031064714175,95.30669577001422,0.30112311524118135,1446.3563394805235,1425.1589781552952,21.1973613252292,0.13105245491680453,0.118895877520974,1.2030957289479636,-1.6512378042487758e-06,-1.665915116406378e-06,1.4677312157602272e-08,-0.00020034143159748644,-0.00020040013872571133,5.87071267727062e-08,7.096881212731644,-41.28803002044859,6.269528412271519e-06,3.1862950872529545e-06,0.31111507582498643,1354.771956888125,0.02022238824911037,2296.8054061272887
884,0.5806117022968842,71.38701674775665,0.19389169159012318,70.98361981925527,0.20950523691125947,1325.5533284101427,1307.3893830482418,18.163945361900847,0.09404997062210652,0.08696360411360604,0.8787528492662625,-8.748056750358063e-07,-8.908304962785251e-07,1.6024821242718918e-08,-0.00010937383412129258,-0.00010942274531510843,4.891119229607106e-08,11.907834224001347,886.171462950056,5.330432686661959e-06,2.4264654651930426e-06,0.24829982749681895,978.8123079074771,0.018032512042835472,-2229.6656981032975
885,0.5999485312386003,89.82365185531786,0.2818330696266101,89.17507943337999,0.3667393523112635,1226.0971729771263,1206.5739455501207,19.523227427005473,0.08631450259962051,0.10452932133284769,1.0330093506872269,9.949188536098598e-07,9.795981774923525e-07,1.5320676117507205e-08,0.00010850941616304938,0.00010845555159695766,5.386456484785801e-08,6.302762199166179,337.03301672073036,7.892587968167508e-06,2.589277964417956e-06,0.2720894083805593,1263.9351262305331,0.017971565921460285,-2569.207913507289
886,0.5989941138656741,89.56189967828826,0.28128184388664945,88.98632848204244,0.2942893523591656,1351.9068758860337,1326.9092225044697,24.997653381563495,0.11963832509635201,0.10171012396170413,0.981545144164624,-1.3127826862426065e-07,-1.47592160171919e-07,1.631389154765828e-08,-2.0688866258449056e-05,-2.0741457742113727e-05,5.2591482321988086e-08,7.708152570867478,407.058230066336,6.904004840325479e-06,3.4898767760317238e-06,0.2614078238945467,1307.9498035829179,0.017630208525309315,-224.58507403638941
887,0.7040543606093844,111.38468438668329,0.3245817861745954,110.80080307042263,0.2592995300860445,1517.347512500844,1494.86133553155,22.48617696929123,0.3259812895706102,0.1298421003264467,1.2103549103281572,2.080271015430003e-06,2.0622354819086374e-06,1.803553352136475e-08,0.00023942292420444763,0.0002393616292447962,6.12949585432085e-08,69.68858198386175,865.9237325814996,8.723535811694229e-06,3.294625301879489e-06,0.3224224472033887,1570.3930941334308,0.02029250929491585,-3411.6077152563375
888,0.6433768544831838,85.93689211065748,0.26608584758995657,85.31961444606472,0.35119181700279734,1399.2403938822908,1380.2908421330144,18.949551749275756,0.09614154886260556,0.11508801911401273,1.1316069216364897,1.1261086937079785e-06,1.1104197570947309e-06,1.568893661324768e-08,0.00013009385759690917,0.00013004183402177597,5.202357447488213e-08,16.813030453138616,477.0684831294021,6.0267307914197495e-06,3.2993775946966536e-06,0.310906021562356,1218.510498655461,0.019306039176564427,172.36814173956736
889,0.7036484281729802,103.52382950347597,0.3295522498736351,102.99001831421174,0.20425893939058906,1768.350767589791,1746.9012310399607,21.44953654983211,0.10793448968971288,0.12041620653754186,1.1390274913772684,2.113066296721428e-06,2.098029739564456e-06,1.503655715697212e-08,0.00024380572434674804,0.0002437458629498308,5.986139537362593e-08,17.224205306934966,911.3024896615899,7.304683386753524e-06,3.14302728247068e-06,0.31138251751800555,1442.6116722449065,0.018537308246637126,-53.905030856709345
890,0.5975221702297928,70.75877291783485,0.17990951918366108,70.43485095347198,0.14401244517921544,1478.4939035888556,1459.2582376480802,19.235665940774023,0.06581997346768559,0.09824493944205463,1.0006666860691436,5.236638213409397e-07,5.07013669849397e-07,1.6650151491542555e-08,5.8279704508196344e-05,5.8230195760982745e-05,4.950874621242336e-08,6.260027904959918,525.8062904603557,5.6004507274557305e-06,2.865458795274724e-06,0.27859527151350405,975.5007928465054,0.018396915081536205,-1982.0101828209517
891,0.6595652120094007,90.05192588872444,0.3306533734857907,89.34251414191459,0.3787583733240552,1503.2987746567594,1480.4648558157471,22.833918841013745,0.30042848885994133,0.12125251679246393,1.2033730919445178,-6.869308641393367e-07,-7.038214379843038e-07,1.6890573844967095e-08,-8.268784811033218e-05,-8.273859253334805e-05,5.0744421657680875e-08,8.914694193751025,784.0343905930899,6.619117379098342e-06,3.1378960410778965e-06,0.3096417211496441,1235.5474643705584,0.017373777105910412,-785.8771317261162
892,0.5999174889087758,88.33054284164353,0.31522722156385097,87.86731826688838,0.14799735319131269,1418.2486208381938,1398.218622702478,20.029998135714678,0.2521811266540574,0.10323790098776192,0.9963164989069713,-1.1995967965901056e-06,-1.215956784731002e-06,1.635998814089664e-08,-0.00014651112090781197,-0.0001465661957815769,5.5074872657087656e-08,5.738601153622728,511.88636197054103,6.453141154078802e-06,2.7801211022909583e-06,0.2797998773912388,1306.6415752141802,0.01852373028645743,226.7783331215469
893,0.6193248165690917,101.12056134635361,0.29756314565045344,100.37470534185475,0.4482928588484006,1362.0477697285667,1342.970877541734,19.076892186832026,0.1422702767299324,0.11519441082462216,1.092362451248566,1.1696538163177536e-06,1.1551767393095319e-06,1.4477077008221725e-08,0.00013129800432800065,0.00013124003227300236,5.7972053551270885e-08,27.226359005640816,182.55760264515033,7.483657135461089e-06,2.9184665422467607e-06,0.28799801391456264,1368.345584326844,0.018843200076418563,-1851.7152269505823
894,0.6864950777586639,101.10442718165383,0.3080072036560322,100.42305051742062,0.3733694605771863,1333.4062840178597,1313.6890138056349,19.71727021222607,0.15398891906314266,0.11642082230488963,1.0811910522609451,-1.8996384043263353e-07,-2.088324834075649e-07,1.8868642974931323e-08,-2.452356041842485e-05,-2.4585328549215482e-05,6.176812952653482e-08,87.91108611109158,435.5312916853906,6.846840292406234e-06,2.9357046981228587e-06,0.29709002667284656,1417.2947935175412,0.01928098282889028,-348.97406364382914
895,0.6126361100148587,69.69490716335332,0.21909517030959202,69.28058111297392,0.19523088006979492,1175.5283603565917,1156.9708744714965,18.557485885095982,0.08521974312968017,0.09316123967715877,0.9708909657410995,2.763446385976323e-07,2.6333470120528603e-07,1.3009937392346302e-08,2.86279603593253e-05,2.8581066545499335e-05,4.689381279687423e-08,19.9653077474494,420.71564993365547,5.647644606587761e-06,3.4534260352566717e-06,0.2516067942378168,974.4553423571315,0.01664348997862204,865.7921881101684
896,0.7261431430317252,112.93244253455765,0.3185011042147522,112.31553109505418,0.29841033528870264,1482.8594838512113,1466.1456048969242,16.71387895428612,0.15830974336198375,0.12774885040670347,1.2185816411741113,-1.2158008763946948e-06,-1.232226215537392e-06,1.642533914269729e-08,-0.0001534934478524998,-0.00015355898252892517,6.553467519922847e-08,7.189889018048646,312.3815520144805,8.29442564752877e-06,2.911376118670413e-06,0.3281466979421202,1595.498949595797,0.019433393656140836,3225.2889545323924
897,0.6082304621400307,90.94973820101038,0.3118073412059045,90.37720498188459,0.2607258779199119,1366.403634627437,1349.3176525058586,17.08598212157872,0.2682259917831336,0.10619851916918345,1.0465064408691394,9.58702918751138e-07,9.440890531820511e-07,1.4613865569087173e-08,0.00010983554351053972,0.00010978583694758332,4.97065616264523e-08,18.090049463937362,193.90178820829968,6.201169456170194e-06,3.1987710769991506e-06,0.27695696784386853,1278.8859831791956,0.019921001928233283,1558.252372030489
898,0.6789775047081089,109.5534064497988,0.3599264411914804,108.83002345250199,0.36345655610533084,1861.5863703991972,1836.3333447332182,25.253025665980836,0.09872318353509128,0.12190268719924857,1.1616959907067685,-1.2290609468489758e-07,-1.4434376378965875e-07,2.1437669104761234e-08,-2.3520286305280958e-05,-2.357702874286825e-05,5.674243603630404e-08,11.407130841954107,706.3658428651433,7.1690745801988175e-06,2.7856368972249817e-06,0.3193167856351588,1545.6798270589445,0.0192264805951879,723.9867746793971
899,0.6247061739730715,85.3945428416736,0.26637822372576364,84.86922704223485,0.25893757571298476,1444.5995061084698,1421.7516699852342,22.84783612323419,0.1331814314216967,0.1206765074045071,1.1874292315545056,6.594384147088612e-07,6.439014459883113e-07,1.5536968720549913e-08,7.276422422310559e-05,7.271048981278269e-05,5.373440838023198e-08,7.8165645171861655,1097.9058080833715,6.721823741864071e-06,3.218762007444507e-06,0.3153876266149129,1198.2803048977514,0.020979840658443858,309.7944845690836
900,0.5765884094254726,66.04949456336149,0.17531446872354908,65.63115795428898,0.24302214034896522,1261.559348534767,1241.1574503602271,20.401898174538204,0.09196332570592136,0.0899809418037456,0.9371469813443049,-1.132547994589466e-07,-1.2679110933108693e-07,1.3536309872140376e-08,-1.9488876034342026e-05,-1.9536872652504163e-05,4.799661713081477e-08,25.60116039049313,60.023333479512864,5.277578446682075e-06,2.6697969410433186e-06,0.25631322832112624,938.750233898627,0.017827234441019735,730.3373659703211
901,0.6043500000743671,98.31544637971918,0.2999780495208764,97.68905560230404,0.32641272789423886,1309.7896870275265,1289.7636087173312,20.026078310193526,0.1370163151150186,0.1103207883127573,1.0402095582237434,2.650914005120122e-07,2.501832905026182e-07,1.490811000939404e-08,2.3432957738637568e-05,2.3376609781090704e-05,5.634795621622075e-08,7.037407356333155,524.6887901333814,6.113961966131401e-06,3.1635511969658345e-06,0.2803371239053453,1356.4370328137513,0.01740316116619154,545.4461936208572
902,0.655721605509855,104.85065998851951,0.34022910803887946,104.28875580151407,0.22167507896654345,1442.9337682783719,1424.0514543358427,18.882313942526963,0.12611300074604354,0.1234163998714434,1.1622850849430078,-2.199702111456147e-06,-2.219018457477453e-06,1.9316346021305668e-08,-0.00026529170588146425,-0.0002653515312961482,5.982541382884327e-08,18.457912613200932,656.2370652833131,9.547642963881684e-06,3.227850278107803e-06,0.31393609592779187,1429.9818101063734,0.01752673290503623,-361.2891621833951
903,0.6334448026470798,103.01015420749799,0.40440582982609374,102.19129754808998,0.414450829581919,1296.0575406212697,1275.8532318368482,20.20430878442115,0.13907586955330867,0.12073910413436056,1.137790160866535,-1.4541759141844755e-07,-1.59020681224847e-07,1.360308980639953e-08,-2.3848743006013482e-05,-2.390676805190941e-05,5.8025044855966735e-08,7.228674641175256,201.0882165009941,6.5398972032584805e-06,2.5433053644798076e-06,0.302282533038953,1436.379037953187,0.017668196965794265,-1005.1757206465481
904,0.7297270407531452,106.90647679621777,0.3770831468376736,106.05882496594181,0.47056868343827213,1331.196463941809,1309.64393453036,21.552529411450465,0.08719777043667612,0.11943472360970613,1.1358070161890046,3.0590989127134156e-06,3.039104831835105e-06,1.9994080878310475e-08,0.00035702520907169845,0.000356959014579135,6.619449139548519e-08,9.78900503703347,377.075490031389,8.504597216342784e-06,3.190073082259595e-06,0.30545702052606577,1449.110509083583,0.01915420989451824,2048.0212874297613
905,0.5936378418821846,72.85150346215406,0.2655480619029784,72.46027221876554,0.1256831814855511,1377.3807104088623,1360.2188368758852,17.161873532977815,0.3392703858317262,0.09917125303567224,1.006655717546382,-4.887416191007189e-07,-5.009699697202864e-07,1.2228350619567301e-08,-6.430722313526365e-05,-6.436017647872499e-05,5.2953342102976675e-08,11.219058722025848,55.10704665998548,5.218192030137576e-06,3.139974636382678e-06,0.27738288303054487,1036.0838396334166,0.018868852551110763,489.53176467621233
906,0.5870750985811077,82.06750030914928,0.2758834361114048,81.55128055643327,0.24033631660461022,1606.3287434956057,1589.7365258161922,16.592217679413867,0.0857343789905941,0.10227575355085225,1.0269225485355644,1.2877283346485624e-06,1.2751644474348476e-06,1.2563887213714677e-08,0.00014695657992736493,0.0001469045361248282,5.204380055854664e-08,6.731488011553973,734.753543983483,6.657540693061358e-06,2.7037138744723477e-06,0.2748118071413557,1133.3723609671492,0.017122326979009398,198.6794538062677
907,0.6778385508945726,107.43130230511964,0.39369448191955925,106.7656261049992,0.27198171820086775,1386.8548165840828,1351.9488926205227,34.905923963560596,0.11166243639894727,0.12111187065493191,1.1545778101350888,-6.72817650391177e-07,-6.88883362814747e-07,1.6065712423570042e-08,-8.484499932079125e-05,-8.490177730263951e-05,5.677798009304275e-08,21.913094937266166,333.268830270731,8.31381225768985e-06,3.9299439888141005e-06,0.30892471783499437,1505.4557573765235,0.01911858170967954,948.6541047428545
908,0.750169929997607,132.48249875466198,0.42324960578170967,131.70462553360875,0.3546236152715377,1625.4137758223083,1599.9836175684457,25.43015825386378,0.468849895059996,0.1468959093992946,1.3100442508743348,-1.2901134147293114e-06,-1.3089832419782874e-06,1.886982724897582e-08,-0.00016364211793318755,-0.0001637141970892204,7.207915410483049e-08,10.111303285397035,780.4509375036947,8.51475297390422e-06,3.7238487635914223e-06,0.3581832542472276,1890.5856565470367,0.019273721132874587,2064.5752413954397
909,0.5406606306997528,67.02844601970273,0.16493361912598004,66.6035331904483,0.2599792101284347,1424.4176349714119,1410.1690433130932,14.248591658318706,0.1408488333739136,0.08177945620908131,0.8499009238970309,-1.6261383010626087e-08,-2.8536213510238016e-08,1.2274830499611973e-08,-1.0934125987030525e-05,-1.0982612208782607e-05,4.848622066074308e-08,11.851790260247405,328.5636642312957,6.237157564165635e-06,2.6871555091103004e-06,0.23160328545999795,943.5944329975962,0.018148550328640142,339.31750127989653
910,0.5471293510389963,61.64437992468073,0.17678946101080187,61.24627778067917,0.22131268299073886,1259.7383951802774,1239.558388189327,20.180006990948957,0.07190983090204776,0.08765513619072243,0.9010234586896763,-1.1037411667773543e-06,-1.1169078652212337e-06,1.3166698443879215e-08,-0.00013780074810602826,-0.0001378484549820534,4.7706875103602514e-08,5.41618579407765,535.5323203977406,4.971820221056943e-06,2.657595834893545e-06,0.24574345971743522,864.923608640428,0.018501000511080522,1766.2169004493971
911,0.6716075521181848,114.41185076881429,0.4529414679519998,113.58238213229721,0.3765271685650811,1448.1413890120198,1412.8187678082181,35.3226212038006,0.20977790584671355,0.12405455649386497,1.1875942205495194,-1.0448205489544737e-06,-1.062439825047933e-06,1.7619276093459497e-08,-0.00012628026521673127,-0.00012634325417276406,6.298895476125941e-08,6.294505740657565,797.8164366202485,7.2298335387188075e-06,2.646393076798146e-06,0.31545778774063343,1582.22368388919,0.01743315868381256,-2363.17853104035
912,0.5782463108625203,69.78476389040279,0.2111335688808552,69.32397342755084,0.24965689397108778,1432.5803625756134,1405.9131916896608,26.667170885952057,0.1843221253970981,0.08426649883439337,0.8273877264481186,3.1558557986394966e-08,1.9096349289612618e-08,1.2462208696782348e-08,-2.4188068446598076e-07,-2.9281735216105614e-07,5.093666628287246e-08,6.048398628626354,534.6018436763717,4.574649811775324e-06,2.3443918082263262e-06,0.23624686625850969,969.7459748793871,0.018088316902257408,-10.814708402936958
913,0.5940643318591664,74.2844684606971,0.20871771423095095,73.7309874729861,0.3447632734800342,1722.7925694142623,1708.5201837578434,14.272385656421783,0.10892628401732855,0.09026843934550759,0.9262407736000745,-5.452896539020679e-07,-5.608439267289397e-07,1.555427282687199e-08,-6.887632139218142e-05,-6.892980878798914e-05,5.348739504765249e-08,6.84825163801033,551.5007225030228,6.211053282224354e-06,2.5678680091208436e-06,0.24702815534697978,1027.0122208758733,0.019323843304776312,-3076.017583412846
914,0.5731731805594019,86.59285115204732,0.2533268240255277,86.01211315567517,0.3274111723466145,1743.8436430021636,1729.6936011945556,14.150041807607082,0.1307114939501389,0.1020492633506159,1.0095796363743128,-5.2948300288243884e-08,-6.87728346295393e-08,1.582453434129543e-08,-1.1711487505185475e-05,-1.1765751328510788e-05,5.426382165867748e-08,5.227953106806822,637.2001737081174,6.2878476955869185e-06,2.6472263597090986e-06,0.27923475936367037,1211.692167661695,0.018436922075033432,115.2605184751701
915,0.6356447385524252,91.68968783187941,0.3247557053063207,91.11071994472458,0.254212181848513,1577.2885800646136,1558.6007307087746,18.687849355838047,0.11085198807405611,0.1178629168268492,1.1447060553805208,8.342682502569344e-07,8.192533493380767e-07,1.501490091885757e-08,9.11455452467057e-05,9.108653044011916e-05,5.901480535549251e-08,6.462631056387202,555.1822838481761,6.847865881368388e-06,2.746713235702966e-06,0.31505900249128677,1285.399102323498,0.01886998036577592,717.8058434888771
916,0.6403184140046334,76.25975849618747,0.23712713435366536,75.73460382224557,0.28802753958824473,1664.8355308443715,1645.508891114712,19.326639729658336,0.09478126674423802,0.10105714438891739,1.046744631833701,3.843620544962957e-07,3.7086431872821134e-07,1.3497735768084301e-08,4.1195823798936146e-05,4.1146533607112105e-05,4.9290190645181715e-08,30.64310891761815,460.3019706322713,6.193239860158649e-06,2.418644951055918e-06,0.27962613041461637,1052.8802797494934,0.019634078924697766,-1483.4262461095532
917,0.7125225902644947,128.68186786235148,0.4299271327412484,127.76426043219935,0.48768029741091556,1444.0827113441749,1420.0327029781656,24.050008366009273,0.14308223599369152,0.13495801492115508,1.183055915935562,-2.698229152179259e-06,-2.714268596690188e-06,1.603944451093051e-08,-0.00032575577953232714,-0.0003258287034498915,7.292391646589174e-08,80.88898981073929,705.5477190986416,8.758055052962726e-06,3.585646771471598e-06,0.327321378626699,1812.7700771357172,0.018740578131450455,590.5090145540416
918,0.597043808901837,73.2201554288924,0.227663974139104,72.74657248398056,0.2459189707727493,2880.032134243998,2863.8510795480984,16.181054695899128,0.141012593600594,0.09676716277809695,0.9749553112428991,-7.254478956291683e-07,-7.390323165054408e-07,1.3584420876272307e-08,-8.84012329744379e-05,-8.845180389581969e-05,5.057092007586283e-08,6.678436433783381,458.58422216057465,5.621978661271819e-06,2.546720603929657e-06,0.2616325331044967,1023.6508102723419,0.01985969192772465,-751.2454793456673
919,0.7508216488970454,123.94594721759867,0.3138848600035319,123.06813601513907,0.5639263424560703,1454.476123030278,1431.35032177201,23.125801258267238,0.3585249259037876,0.1471596566264498,1.4029003934089548,-4.1534311435474707e-07,-4.368560832861522e-07,2.1512968931405315e-08,-5.61310599786087e-05,-5.618860483690336e-05,5.754485729006493e-08,10.757768721289768,542.5420065224562,8.515644764165617e-06,4.517947228337357e-06,0.36595490640909084,1744.8085869824704,0.01956412421550603,-690.4402927927113
920,0.7128366706003156,114.65961864082254,0.31630410892529537,113.89948706341328,0.44382746848396537,1560.3583142494617,1538.7627989250564,21.59551532440557,0.19942696620767023,0.12848341647907688,1.1878049018157038,3.399765957881632e-06,3.3804426698579287e-06,1.932328802370463e-08,0.00039331427342168993,0.0003932477358113834,6.653760913443405e-08,12.229921984262221,475.3261440368204,7.903895971725015e-06,4.274722545837166e-06,0.31651532753445516,1710.5265527940182,0.019578473758868616,-1666.01059368172
921,0.7678210957375803,126.63149509706926,0.44263596317567366,125.58100385354118,0.6078552803524061,1896.2993135479485,1871.832509728151,24.466803819798074,0.13797800081785844,0.14305804839788794,1.3381247370700442,1.2433032862238628e-06,1.2252747096285713e-06,1.802857659529123e-08,0.0001407864069926547,0.00014072448060692825,6.192638434672702e-08,17.58149298311337,897.3517929579419,9.194808895757073e-06,2.7722320126597675e-06,0.36904937071963106,1838.168085386665,0.020460259208273532,2465.7023862035276
922,0.6365098950517292,92.44356711808132,0.28459507988641347,91.87855391703624,0.28041812115865544,1104.110458900819,1084.687524170038,19.422934730782146,0.12156154430746681,0.1075925797009,1.0191241016983186,-4.5380788204316245e-08,-7.188072383638318e-08,2.6499935632066935e-08,-1.2743250925227099e-05,-1.2799489607533233e-05,5.623868088339966e-08,16.554976341234124,580.2249614886213,9.67833433795318e-06,3.107687725158593e-06,0.28888257386596056,1251.9365184197427,0.019026570660275053,180.8634943237339
923,0.5711991865688694,74.53185252207463,0.22620941180387844,74.09122819525325,0.21441491501749937,1462.8726308772834,1443.7319079246083,19.140722952673716,0.14087804519113467,0.09533422222817316,0.9270674976883204,9.651470912206842e-08,8.170808527926509e-08,1.4806623842803312e-08,5.873302080185805e-06,5.8197870213670244e-06,5.351505770611111e-08,5.2871697644474125,548.1240967330391,6.2412909989105736e-06,3.189847661672319e-06,0.2653970787874139,1080.5665751939612,0.01816005470875964,-1729.9966877930601
924,0.5766780917830833,73.12237281811866,0.20253614597543285,72.72276846744573,0.19706820469750197,1360.5951385266653,1344.2644287789635,16.33070974770482,0.0900422073926002,0.09212898402473928,0.8940992638250981,-1.1293220087215639e-07,-1.2505986469835507e-07,1.2127663826198694e-08,-1.6114660701647898e-05,-1.6164564760711412e-05,4.990405768635652e-08,8.88686602477285,324.50211030531716,5.667302142670283e-06,3.119357916873601e-06,0.2553659236420934,1001.9551738141666,0.01908238066644098,-2127.233661081784
925,0.6842718951605462,123.65953656625189,0.4554602116351366,122.76365631364007,0.4404200409766533,1559.716385534913,1533.372533928182,26.343851606729057,0.19174866299934196,0.13364209773190835,1.2452573617774523,1.388943328615474e-06,1.3702126219438297e-06,1.8730706671644508e-08,0.00016059982382034905,0.00016053420743098414,6.561638822776533e-08,17.197142428093095,912.9680303010219,8.642793264768956e-06,2.966586198871814e-06,0.3239081783440241,1785.624186639088,0.020004056541903268,1282.2074115251526
926,0.6614682356253836,96.02125845689464,0.29007934873281527,95.41648288659412,0.31469622156769533,1819.3373029980305,1797.1633975729815,22.17390542504655,0.08638575418027966,0.11574071871733961,1.1176660290088172,7.616453804565159e-07,7.4652960144414e-07,1.51157790123761e-08,8.342629393872585e-05,8.336926292685787e-05,5.7031010667336694e-08,9.009675185511393,462.25553982994757,7.149896285996603e-06,6.6694247314650305e-06,0.30332389090249956,1326.530866117969,0.020015322805457997,3341.5472312942948
927,0.6806631090068365,104.2991773391239,0.3200183720661802,103.69345653804639,0.2857024290113185,1672.0226961618457,1648.7261463687976,23.29654979304589,0.1801873903958443,0.12809037070143,1.2175945929249716,6.653742380553472e-07,6.48227627837631e-07,1.714661021771618e-08,7.282749717016514e-05,7.276591005583687e-05,6.158711302650393e-08,8.176058342199488,390.2070853243253,7.118321041058224e-06,2.645515128625517e-06,0.32867246364463365,1477.097320303223,0.019678001246763093,-69.55436291959268
928,0.6493136257970015,100.58524975708463,0.2827497562483511,99.95092975038526,0.351570250451035,1496.2604493257227,1470.177617007836,26.082832317887,0.21333267875376996,0.12395921795383766,1.1484529570711863,2.2747663535422498e-06,2.258868651758146e-06,1.5897701784103e-08,0.0002632252749693258,0.00026316907267322264,5.620229465227766e-08,41.760211141001434,530.6834079258754,7.313348443128762e-06,2.862895985375254e-06,0.3063055476105435,1398.4097722736083,0.018437663788947314,398.3242975071407
929,0.5906251454593525,86.55723129725071,0.25833373336261956,86.17037246778797,0.12852509610012255,1568.9265065318464,1548.9982195008724,19.92828703097312,0.24341097914771637,0.10790839666213108,1.0581686033567623,-1.3019157590144994e-06,-1.3159135960610446e-06,1.3997837046545585e-08,-0.0001599840607111319,-0.00016003577436967198,5.171365687838298e-08,7.423894847065989,303.7887763070252,6.324680789040337e-06,3.3158735030023255e-06,0.2844312706464164,1169.051988284219,0.019421238019843842,-791.8975412769323
930,0.57111223557554,70.0055607573892,0.1940048581307012,69.63714621731273,0.17440968194577164,1240.8521450404298,1220.3294417405268,20.522703299905835,0.07297365334772535,0.08919145793136664,0.8939483231041065,-1.394292832428978e-06,-1.40536887019041e-06,1.1076037761432353e-08,-0.00016848400515606147,-0.00016853779798613094,5.3792828748868276e-08,5.61750776897369,321.5161953218686,6.080583532814182e-06,3.1665254213968352e-06,0.24588500290847207,993.0789859324752,0.019879257065325097,522.6123632120361
931,0.603878654046621,97.1420016827406,0.2809721856466551,96.71279585396854,0.1482336431253892,1948.7358550197043,1930.1886236403648,18.547231379341046,0.13240976570794558,0.10364704763341775,0.9861340106112351,5.962003464281844e-07,5.798389728028616e-07,1.636137362532289e-08,6.512630044216061e-05,6.507104632586705e-05,5.5254114804670245e-08,34.895335916717414,534.4744360137058,6.101863645364425e-06,2.7199337438277834e-06,0.27480402711330565,1359.149016769172,0.018355172869582992,-682.370497661137
932,0.7282092411613535,105.61959821491106,0.316900844070415,105.01221652666045,0.2904808441802099,1927.4543042394316,1903.8163260174845,23.637978221947165,0.2692684168677868,0.11984415961576382,1.1358628657491106,-5.2456069525920284e-08,-7.684038970377262e-08,2.4384320177852343e-08,-6.986723353823232e-06,-7.0537042101018885e-06,6.698085500155542e-08,7.016377687055578,557.0360960860777,8.381414513940111e-06,3.125606712889649e-06,0.3122336634665412,1495.3697183561853,0.02019948782362362,2800.81696775413
933,0.5785790528434329,74.81766569683599,0.2286731490111931,74.32154082818998,0.26745171963484493,1326.7839504442372,1304.9671100146147,21.816840429622715,0.22827256549710406,0.09861975736023501,0.9774957619931866,-4.4769937998600256e-07,-4.6216024254035586e-07,1.4460862554353132e-08,-6.0890465650960534e-05,-6.093908651398219e-05,4.862086209417332e-08,14.784282617858128,206.59964573946647,5.8904357994101345e-06,3.926018180865124e-06,0.26485572644256533,1051.1088023518314,0.01862240317782386,66.27184605200819
934,0.5705734808962015,66.87119295801907,0.18468047305470112,66.63305600307747,0.05345648188689073,1279.9102404893702,1264.0947673556882,15.81547313368276,0.07354153483205275,0.09975124297407412,1.014674155606642,-1.2361284673843771e-06,-1.2511909290136082e-06,1.5062461629231118e-08,-0.00015288658540121188,-0.00015293827785377602,5.1692451031657e-08,6.981526691724061,202.0434089298258,4.937845898419961e-06,2.918218772929149e-06,0.27191209809579475,890.6212071266356,0.01862085999514949,504.0364536323359
935,0.595858000412795,87.10228877167968,0.2561764059006171,86.63209049069573,0.21402187508333564,1751.2983304810002,1728.7813694566062,22.516961024394945,0.12871174515054282,0.1046216644885435,0.9739178686952765,-8.588350653278891e-07,-8.721246569439662e-07,1.3289591616076957e-08,-0.00010892421065474826,-0.0001089800665174457,5.585586042668142e-08,11.890169278178577,214.39206051645527,8.271432191296924e-06,2.9595771581912964e-06,0.27110414522616755,1228.665247279163,0.018586591068241773,-553.5233811333383
936,0.6588333742637259,111.2105954058028,0.38984923190658216,110.83599467321247,-0.01524849931625417,1704.109531508032,1679.3826801079354,24.72685140009838,0.16718748736976524,0.12362774733598539,1.171220908658543,1.0168652674779958e-06,9.963923800853926e-07,2.047288739260244e-08,0.00011755179859590514,0.0001174944973083488,5.7301285694958035e-08,82.09390136757732,994.5735208034777,7.05934943061393e-06,3.1860871428376186e-06,0.3117719624563792,1551.1394658330112,0.019676468244395468,997.0476065748626
937,0.5945445915865464,85.35642698417445,0.25324060871144743,84.90190162693612,0.2012847485268686,1432.6886208262197,1417.3887674243197,15.299853401900528,0.09058474579679845,0.09323632843117656,0.888309924298981,4.911489579676782e-07,4.7576091257342626e-07,1.5388045394251826e-08,5.1051734140091536e-05,5.099891851318032e-05,5.281562567140435e-08,16.964560535928282,265.0020620091835,7.3037867044633375e-06,3.082550716035136e-06,0.25847080317694193,1147.3324545501953,0.01771522936731746,-845.1142117164745
938,0.548382337545138,70.2245243134707,0.18222388832546088,69.88754575299733,0.15475467214791688,1362.2638353221184,1346.1792133525505,16.08462196956643,0.12476489732764111,0.08627140258817058,0.8484481915104057,-2.489736189096419e-06,-2.5034716887873375e-06,1.3735499690918908e-08,-0.0003024081102311788,-0.00030246000540630144,5.189517441678765e-08,4.55050488914015,530.7338084317565,5.380740879506563e-06,2.5288800592393417e-06,0.2417408953679046,962.5871209116629,0.018992076929659707,-1008.8696367234115
939,0.6174166823716817,87.78776529469242,0.24727531009344467,87.32665617300567,0.21383381159331266,1455.705185072641,1440.9651562759939,14.740028796647408,0.12196001935392836,0.1044006147588919,1.0219405997657973,-1.2434724513061583e-06,-1.258677600408324e-06,1.520514910216601e-08,-0.0001497869762718099,-0.00014984022422447288,5.32479516286603e-08,14.959584417732113,728.0090272237437,6.723036982023392e-06,2.693913170397144e-06,0.273985481326607,1227.572223169696,0.018230614850525396,638.3418922914534
940,0.6217050254038116,81.23437380310716,0.23033049034882053,80.72611936885524,0.27792394390312136,1513.1596225524681,1492.2190238752148,20.940598677254226,0.11400536949255047,0.10186088877529094,1.0289489210031217,1.0928213522356193e-06,1.0792334359794117e-06,1.3587916256207477e-08,0.00012397750276551002,0.00012392462856675423,5.287419714603467e-08,6.7270530980237915,123.42693457312701,6.022388205850116e-06,2.7503076674741256e-06,0.27116767567866307,1203.5189132557173,0.018705803127433737,2936.8341350200717
941,0.5995558554315901,89.0031604885863,0.2804607873194628,88.36054346290805,0.3621562383588079,1321.8910548240938,1301.366661171936,20.524393652155435,0.12264920378116093,0.11726724672489523,1.1589307576240917,-4.429790603170505e-07,-4.5631663747821535e-07,1.333757716116493e-08,-5.762428236174196e-05,-5.7679496410711177e-05,5.521404716458026e-08,9.41204630202202,677.2150199055865,8.742405758082763e-06,3.122837921153809e-06,0.3028645022001514,1282.1498627067647,0.01803258564036196,-165.61088767940964
942,0.6174662337801552,69.2035120609268,0.22620917688660022,68.83228403953582,0.14501884450438227,1778.4472616208811,1763.366070531151,15.081191089731568,0.1143601520878488,0.09161974895993666,0.9288904692412607,2.1534480844127168e-07,2.01667316648482e-07,1.3677491792789614e-08,2.0247864645628927e-05,2.019875458634514e-05,4.911005835092698e-08,10.02637969445145,289.31915406414095,5.38642299404978e-06,2.9994831793677854e-06,0.25337293261158206,971.0826471572369,0.01865094140090096,-233.18527637304942
943,0.7372690826236262,129.472696599886,0.34346372854215995,128.84940207948097,0.27983079186289034,1586.0857836641921,1558.8145911824786,27.271192481713065,0.17490022679707384,0.14045409249581994,1.2791967143286487,9.517807258540219e-07,9.339645630096348e-07,1.7816162844387224e-08,0.00010675800654150854,0.00010669230626959301,6.570027071419364e-08,129.56802979164814,1095.34323090482,8.973432570605248e-06,3.1802304021973587e-06,0.3322053491439798,1830.558900197952,0.019289035613476162,179.3190564285287
944,0.6212690486063001,77.96584122721427,0.2316073094149071,77.48918504091861,0.24504887688074106,1191.629370871282,1176.7268508794825,14.902519991800812,0.0656286425191779,0.0957460928920645,0.9086193358130735,-4.619921315749812e-07,-4.761274166306921e-07,1.4135285055710917e-08,-5.733431635062896e-05,-5.7381871987566936e-05,4.7555636139499413e-08,9.319964373299836,442.8178394641575,5.7175761013502775e-06,2.573025707332951e-06,0.2590497789715113,1082.0740855085219,0.017894059844460408,67.56971816431178
945,0.6430306067740185,103.83999332653805,0.28666242962030514,103.35060884576752,0.20272205115021805,1319.9647212812934,1300.535882242373,19.428839038920927,0.17874332940647325,0.12219331773842386,1.0890776523030716,1.2905152055779263e-06,1.270614706264361e-06,1.9900499313565036e-08,0.00015145343039126707,0.0001513929268214908,6.050356770735113e-08,24.51177319935718,165.95860878292402,7.983832459799186e-06,3.0384163656581395e-06,0.2983706795160261,1488.2758697788029,0.018972628357128728,3571.6543099225455
946,0.7563352299969511,121.20050629023629,0.39628352434319664,120.4909413096501,0.31328145624298726,1570.6192975520132,1548.290373271875,22.32892428013748,0.26653536622867513,0.14762525016200004,1.3078833563868892,-8.086713929655705e-07,-8.261675772020481e-07,1.7496184236477854e-08,-0.00010588965939333276,-0.00010595916644928406,6.950705451859141e-08,9.591829530069269,941.5516166878857,8.056455160092033e-06,4.094501193850556e-06,0.3584644938648399,1742.9425700870108,0.01974369873580365,-1921.2868525374106
947,0.6725517505622793,106.95132800146489,0.34996808293697096,106.17764936583704,0.42371055269087343,1565.026071234787,1545.899031090425,19.127040144361942,0.17828189222822133,0.13228257920324338,1.241953781792362,-1.0709630672977846e-06,-1.0894147360502329e-06,1.845166875244839e-08,-0.0001315017894704989,-0.00013155730811301863,5.551864127390334e-08,5.838458665582149,549.4259955334104,8.376595720123708e-06,4.777463051860565e-06,0.34030576576325755,1504.1590960495337,0.018395824683394305,-5207.261811322045
948,0.6270399837800559,93.41585844953948,0.2966268748109121,92.73727314126025,0.3819584334683125,1641.4065062187224,1622.1534949420172,19.253011276705585,0.10316497551327403,0.11018564800512015,1.0444926713196094,4.90400366489058e-07,4.752246204270101e-07,1.517574606204808e-08,5.4331947349185425e-05,5.427537755715971e-05,5.6569790313063816e-08,6.666893407854468,435.4488547268312,8.574161729482482e-06,5.584112463535622e-06,0.2906680659400495,1297.3542477679255,0.019345970596086653,-3065.5594487077724
949,0.6685616540365714,84.64120070056,0.2318335044695931,84.2095956584083,0.1997715376821054,1672.299179541266,1648.7383730269294,23.56080651433702,0.1740449857594556,0.11993715481010755,1.1946515493248429,-2.6875653125414997e-08,-4.314599270761305e-08,1.6270339582198063e-08,-5.39553233014207e-06,-5.4465322300706846e-06,5.0999897881519924e-08,28.021301505957492,535.9622912050804,7.0448670649912725e-06,4.89150973082694e-06,0.3286460251127226,1157.3763787158325,0.020907573990891506,-825.0907942005324
950,0.6146265377773209,85.86628210526516,0.23292965318597947,85.42417689413426,0.20917555794492024,1641.7689430344572,1622.5811063661602,19.18783666829779,0.26028084889222775,0.09951039376917957,1.019988797747267,-3.2007898762853144e-08,-4.645992630602313e-08,1.4452027543169977e-08,-4.201568228574037e-06,-4.254659053481011e-06,5.309082357277457e-08,7.074910533932492,326.44640533982135,6.9861477805113724e-06,2.65934311726463e-06,0.2723114667728416,1199.1872922579723,0.019282677604298415,411.96008744292703
951,0.6300244872703256,83.02356579988673,0.23391422885326485,82.52245777787161,0.26719379316185154,1385.8457466632647,1363.1721829618746,22.673563701389433,0.12383774628358027,0.10548742931079286,1.0472794370357112,-2.2070158879545147e-07,-2.3904988131077793e-07,1.834829251532645e-08,-3.2225199420296395e-05,-3.227957055614911e-05,5.43711344491361e-08,5.573536422472601,281.25234595203256,6.269222484401983e-06,2.8522264201378124e-06,0.28778532072239466,1189.1798174228484,0.01937438501416389,908.6681872926965
952,0.5946166025264336,77.22588180383252,0.18242581818503567,76.89260888081013,0.15084710483736977,1779.781218246664,1761.395505947368,18.385712299294998,0.13346979636334086,0.09639768526927117,0.9707675874625777,-6.912443189877358e-07,-7.055056157031192e-07,1.4261296715383319e-08,-8.694240645713006e-05,-8.69926589623129e-05,5.025250423655077e-08,7.7007755712171715,549.147045701403,6.774283122189391e-06,3.6262995074333924e-06,0.2721385059343149,1096.050940337666,0.01952346145051777,172.18139243832775
953,0.5944391015312659,69.44016697252654,0.20328611840578303,69.17856920253384,0.05831165158693014,1751.2398436730023,1731.7454621523198,19.49438152068102,0.16246658361862024,0.1002678524325289,1.0324209028095468,5.160292308834377e-07,4.991183127169749e-07,1.6910918166462963e-08,5.211085910325786e-05,5.206076455859807e-05,5.0094543476897995e-08,13.332224781511414,160.88369688679535,5.76902728176951e-06,2.675883943400627e-06,0.2767362021227914,990.2076047859096,0.020237095689132754,1351.428417398587
954,0.5922831236159041,96.92312162076473,0.2668519707759293,96.46623560671857,0.19003404327024578,1424.5618774647307,1404.7640035268505,19.797873937882922,0.13939271832821395,0.11233972748179774,1.0134321126736152,-2.5655502398879727e-07,-2.7405589241615516e-07,1.750086842735784e-08,-3.6552828967994724e-05,-3.661183565321651e-05,5.900668391636182e-08,9.345189316584671,268.8647489327856,8.64464064759547e-06,3.3442596689917317e-06,0.27773241153273853,1361.3739938936087,0.017943349533015584,-491.4211080297355
955,0.6346052950560236,84.90177432582753,0.297103389231682,84.29318577138292,0.31148516521290937,1435.678220936222,1419.927910774964,15.750310161259234,0.1117046004852316,0.10006576253285497,1.0034204362384556,-9.750202626291771e-07,-9.878282041322046e-07,1.2807941503027313e-08,-0.00011571302781540881,-0.00011577421762457389,6.118980820809792e-08,9.048175306915352,135.1413609763189,7.87502488100658e-06,3.0899409356430714e-06,0.2723667813174322,1136.3589513038307,0.019887298822124765,195.40256295270592
956,0.6842304167739677,97.84533343187272,0.3365102190046143,97.28466096709465,0.22416224577344213,1440.1677860412196,1422.734473898607,17.433312142613435,0.11783103929063302,0.11211055469225899,1.0668868029963274,-1.422120000251535e-06,-1.4406446297364081e-06,1.8524629484873098e-08,-0.00017504036569342157,-0.0001751027456363701,6.237994169488486e-08,22.35771741769195,751.0792702540855,6.3167628120766146e-06,4.941086485216588e-06,0.2982102505935752,1347.5974940702004,0.018122804026199535,24.911945528809156
957,0.652160047660723,99.16357272592873,0.2926612681864148,98.53304679178108,0.33786466596125286,1405.9705912226566,1385.9922801237137,19.978311098942743,0.22584969602718052,0.11905738027501019,1.1054778460269137,1.3136238577732734e-06,1.2977879109744355e-06,1.5835946798838466e-08,0.00015242440606721522,0.00015236552203782511,5.888402707109104e-08,9.98849648096369,519.166183163389,8.32530449024392e-06,2.5897064666256765e-06,0.2988561596480337,1383.8097395146924,0.019290541906390794,-2.612107047079917
958,0.5973321027246856,79.41299519897903,0.21308042552257317,78.9736706990835,0.22624407437295918,1256.9525610629823,1237.2579950365684,19.694566026413362,0.06874401276272028,0.0963423309320712,0.9197153281699909,1.1758258654494824e-06,1.1595283217226294e-06,1.6297543726852632e-08,0.00013650634657927645,0.00013645921702343716,4.712955483937192e-08,25.434271680033103,744.0614212148778,6.033319621276171e-06,2.6801477767496386e-06,0.25960520076783666,1103.4695321222007,0.01874432960655706,196.03432331730073
959,0.7539462306850943,135.54998143740897,0.4796301098545906,134.86081590649255,0.20953542106175593,1668.2662731639775,1640.2064164206076,28.05985674336869,0.1421312302422567,0.1455934669148233,1.290457257253049,1.6350709623407784e-06,1.6113392753451642e-06,2.373168699561368e-08,0.00018406396085328918,0.00018398774594688983,7.621490480455773e-08,77.08483760165504,750.736176196724,9.896734485560401e-06,3.64183992754648e-06,0.35281006708213747,1815.6097362276073,0.020281245528731482,-5379.301770437567
960,0.6905214746065952,116.19438111485093,0.36258091777112894,115.44534025286964,0.3864599442101502,1801.9138548179685,1776.5330022245441,25.38085259342323,0.3007077565171773,0.13299872920398187,1.1910669390360615,8.565041298503582e-07,8.405439726692321e-07,1.596015718112599e-08,9.69113781040588e-05,9.684691519210103e-05,6.446291035903899e-08,14.375304200767587,676.0097091129049,8.16576828724854e-06,3.1436886200275517e-06,0.32209073023073326,1591.171976083151,0.018747373264795676,2811.9106254635335
961,0.6175222083882121,100.91493165549883,0.26725456086017146,100.4959631190352,0.1517139756034592,1416.0545533071383,1396.48872723551,19.56582607162918,0.18781175723361465,0.10862707858368743,0.9794522740128699,-7.911195596747988e-07,-8.106027794335391e-07,1.948321975874017e-08,-9.751194118148955e-05,-9.756763626837383e-05,5.569508513119318e-08,4.839794173688095,420.5176666009967,6.879516602711829e-06,2.797127809276543e-06,0.2793528445812754,1425.174215830927,0.018304150374804293,-198.3085461881492
962,0.6771979663079364,103.7678781480309,0.3757154253733157,103.09171025603499,0.30045246662258956,1412.7078074214064,1388.9968842040043,23.71092321740113,0.07867779731188053,0.11292193922434723,1.105394820876654,2.1617812147937474e-06,2.1449993197576853e-06,1.678189503606283e-08,0.000256571118536055,0.00025650898580949926,6.213272568313306e-08,8.199531545950432,539.0755602146224,7.953629098111002e-06,4.0557256173175756e-06,0.29769211448167854,1455.8136454569758,0.01929751491732817,-232.58449540698712
963,0.6256163236406604,96.54159372716948,0.3094143228569827,95.95722071996744,0.2749586843450457,1766.2304024550701,1745.2421134601216,20.988288994950892,0.09405098857586958,0.10059958520802029,0.9455399743183288,1.2719849695844812e-06,1.2577257614347826e-06,1.425920814969885e-08,0.00014412321296410874,0.00014406634790527744,5.686505759657199e-08,5.937971326368566,493.7814898971537,6.823687873613176e-06,4.022859934328442e-06,0.26498536910296483,1298.1690632234,0.020473035897432507,650.028327208649
964,0.5768794214319655,73.40554250787426,0.18892843329589923,73.07050302058566,0.14611105399269478,1545.033492390115,1530.217455089713,14.81603730040285,0.09789146848077004,0.09818982937997593,1.025516988376276,9.309264400045583e-07,9.162265672347643e-07,1.4699872769793687e-08,0.00010103294999284073,0.00010098458100445685,4.836898677322427e-08,6.2678920490937795,299.2143914013591,5.979771534095519e-06,3.003840928956585e-06,0.26753016296601234,1046.4066204190688,0.018404418375386804,-604.8515410699729
965,0.6374384094753313,85.68826251695268,0.21231274779101797,85.21949724943133,0.2564525197303351,1934.699143427644,1915.134187476118,19.56495595152845,0.10719265500173497,0.10186562059770146,0.9791854329007073,-4.072554677045357e-07,-4.225505716045954e-07,1.5295103900059644e-08,-4.787061992475523e-05,-4.7923485085194935e-05,5.2865158839522744e-08,33.9168725622552,508.5402581143251,6.3757441966664155e-06,2.826565152032536e-06,0.2792226377230804,1163.3737257646242,0.01818737558042387,-188.76767500891947
966,0.6163728628026258,76.56671900696921,0.22739524219201201,76.13791924314376,0.20140452163342937,1577.3848737711282,1560.5606144746864,16.82425929644205,0.11031071719014213,0.09555440981928791,0.9387656673240691,9.31556248916811e-07,9.101552288302901e-07,2.140102008652082e-08,0.00010949756120533215,0.00010944745970096543,5.0101503262674126e-08,4.204153389610627,899.1532253611564,5.961536323201484e-06,2.664215879269712e-06,0.2648567819230641,1059.5788853121906,0.018851489841905895,1629.3494975919202
967,0.6731055834641086,111.12526052941148,0.35524364181614304,110.72191677966124,0.04810010793407992,1642.1918455980056,1622.343822597055,19.848023000949475,0.1903131897914052,0.1267790927143541,1.1677628041062413,8.322629937006186e-07,8.152629297177311e-07,1.7000063982887516e-08,9.475956132856896e-05,9.4696324457263e-05,6.323687003380576e-08,15.46600516417633,370.99099538207724,7.686441286742401e-06,3.4064127742080703e-06,0.3194675708261039,1546.7750299014735,0.019489948197728358,1806.5049634806019
968,0.6275471063263279,84.07810521401288,0.23698001471545557,83.55542913384323,0.28569606545419596,1251.9539982595725,1235.2857862267283,16.668212032842828,0.11262751909328542,0.10538581231184553,1.0261128795440848,5.914695477718831e-07,5.773220757416485e-07,1.4147472030234397e-08,6.763901453519823e-05,6.758748900920921e-05,5.1525524891664484e-08,5.220758002782362,381.848783773061,8.854295315480015e-06,2.4078353921916286e-06,0.2913884661219626,1179.3929810511372,0.01859497714232016,-207.96860921735788
969,0.574346603109824,75.08331655402833,0.1942324849425378,74.59184443699576,0.2972396320900086,1868.370270796429,1849.9865172351963,18.383753561234826,0.09985567225500806,0.09800015526288126,0.9607596477713936,-2.688003005768648e-06,-2.705842208523412e-06,1.7839202754764808e-08,-0.00032330442003954834,-0.0003233577038626891,5.328382218294439e-08,4.838730629591725,379.65354213199225,5.7105714069636455e-06,2.5259975417790466e-06,0.26994228882022164,1041.2589010087231,0.019961181144845047,-799.5747949313372
970,0.6299629349873629,111.97659631436598,0.49969077069320494,111.05994579796776,0.4169597457050227,1411.101509895038,1384.8646706785903,26.236839216447954,0.15391089871474017,0.1311063439306051,1.1938154705651423,3.659471669361944e-07,3.480225503924058e-07,1.7924616543788588e-08,3.4563164499980085e-05,3.4501674528320515e-05,6.148997037159819e-08,54.07554313217571,929.3571123639633,8.137965559031643e-06,2.6688158997078908e-06,0.3183489089443621,1576.3988521628137,0.01806632318185355,-254.89620450602888
971,0.6975365594638102,104.39702579913222,0.3153829635431627,103.7842394734964,0.2974033620926691,1515.3672756308106,1496.223752653216,19.143522977593836,0.19232035771974462,0.13467191299792353,1.3257611713248145,-1.4699088280393457e-06,-1.490413348332047e-06,2.0504520292701896e-08,-0.00018434068311529885,-0.00018440230386387017,6.162074739389814e-08,5.376354829973891,154.5802007004876,7.464099525507594e-06,3.0872655931813172e-06,0.34703840225102434,1426.163065572595,0.019846643187087155,3070.5739636091857
972,0.775751579683906,139.72556093195976,0.5014266946007302,138.83891864774654,0.38521558961252783,1445.6200280260948,1419.0007744418608,26.619253584235057,0.24917624117659581,0.13874765469344585,1.2566486257313807,-3.755609308605225e-07,-3.978255295235138e-07,2.2264598662991285e-08,-5.15831212987021e-05,-5.1647605693397315e-05,6.44843932253238e-08,5.039718277581728,784.8776463591939,9.918735269846816e-06,3.4664104590986885e-06,0.34220473273336366,2006.3032953533345,0.01941129579752158,-4757.971930799988
973,0.7236697980058154,126.00475127159547,0.349238615204326,125.12537748598943,0.5301351704017105,1465.8445137304636,1429.5862341049383,36.258279625525184,0.23877614599358135,0.14268084813793386,1.3213862131347636,8.623629967586128e-08,6.791679272354857e-08,1.8319506952312624e-08,4.953616944576115e-06,4.898240148200501e-06,5.537679485155238e-08,7.821472480522413,591.641381063079,8.987880123229571e-06,2.981405220393766e-06,0.35181651142414627,1771.3468234937404,0.019039033340688686,2030.5236165785864
974,0.5661207833079658,85.67049123952663,0.2820673670965978,85.061094663649,0.32732920878102234,1514.0672470566249,1495.0699033012163,18.997343755408412,0.11317124861213478,0.09838748212711071,0.9231836680607125,-2.1972201869576406e-08,-3.578057224623998e-08,1.3808370376663578e-08,-5.8690639036759826e-06,-5.918330948940981e-06,4.926704393664338e-08,9.033576370869888,341.4936627746377,6.623604175317068e-06,2.509399465239334e-06,0.2534526598594974,1197.4065614731949,0.01700149790833661,1441.5795513773774
975,0.7186241223124109,121.29378638573839,0.34753496973522563,120.42184858391981,0.5244028320833379,1647.5299612451117,1625.6918096486622,21.838151596450718,0.13765094985492118,0.14336977705304457,1.3401224602299207,7.240690621551762e-07,7.052651562221229e-07,1.8803905933053468e-08,7.496115865969517e-05,7.489468650050827e-05,6.647215707505748e-08,16.468799935753953,577.7498325037296,8.800383215051868e-06,3.24638566415297e-06,0.3553833254404809,1766.8131043137405,0.019625812167522818,-3343.140966880783
976,0.5806092662428846,84.81837047146291,0.2692849501662318,84.3868672572353,0.16221826406140566,1426.6879250967638,1409.0156337029778,17.672291393786956,0.14752782347053678,0.09899687646079895,0.9544203277586729,-1.1310337849282122e-06,-1.1490774375534765e-06,1.8043652625264244e-08,-0.0001388589704769132,-0.00013891438348908743,5.5413010489278045e-08,7.801089963586502,-200.43235253348206,6.424323740173832e-06,3.4929238823291304e-06,0.2602014912646022,1163.0119835544233,0.017142813853318957,438.64419404642103
977,0.6482530882271704,111.09232846886731,0.3495061879796941,110.40870644001795,0.334115840869631,1811.210122061117,1790.9986164031334,20.211505657986226,0.1349981593626355,0.12071365581565048,1.0976448319927288,1.3888484303577345e-06,1.3705834037660813e-06,1.826502659165359e-08,0.00015795904638789824,0.00015790047888330358,5.8567503812253625e-08,8.859975751134566,591.8141888410433,8.050882912870277e-06,3.2772375183540857e-06,0.3068380946234636,1563.0511587306828,0.018294460814948198,-1189.3731799811576
978,0.646514033260509,103.22761073613133,0.32964239916207466,102.63740578276743,0.26056255420181484,1806.541597077582,1782.6076964920048,23.933900585578442,0.14525783545258575,0.10762664400884317,0.9842435640022911,-1.0506914063316798e-06,-1.066952352286954e-06,1.6260945955274144e-08,-0.00012688493792952077,-0.00012694421194673039,5.9274016016332844e-08,12.681867471925395,724.3191454777649,8.804143778827181e-06,4.8997084309627725e-06,0.27501325080623984,1489.865587735876,0.020742674310409576,-317.6884539740131
979,0.6420240415550602,88.86413109827477,0.2474601111561233,88.39623065803762,0.22044032908104308,1787.6561017066113,1762.6239359157157,25.03216579089588,0.10920303746176749,0.1124757816120221,1.1501099155082362,-5.496642041944724e-07,-5.640469433158565e-07,1.4382739121384243e-08,-6.807819983118324e-05,-6.813731014043021e-05,5.911030790538999e-08,15.107878400012616,448.908361463904,6.4854377182850465e-06,2.7804907584142745e-06,0.3120216702840467,1206.377197872982,0.020213994403871897,-1077.3922180149675
980,0.6087227532293348,76.60684063712033,0.22926048984912079,76.16064392184687,0.21693622542433424,1644.67317864892,1627.0362266478219,17.636952001098564,0.10808779724987021,0.09887242264390511,0.9683267824483547,-1.4576202732182573e-06,-1.4716607863254494e-06,1.4040513107191846e-08,-0.00017931033248134456,-0.00017936399195522267,5.3659472853778025e-08,12.841801688827406,48.464176280194756,5.725206052647467e-06,2.968873416243851e-06,0.26512026982525466,1063.9247033503318,0.019478065639540906,351.259695197994
981,0.5721312221837435,68.69453627792353,0.22156141490888626,68.31444236610338,0.15853249691124813,1509.1083856487558,1489.827942573215,19.28044307553683,0.12156678936595246,0.08726719744297994,0.8613512238778871,2.8149309971715107e-07,2.6631911016690627e-07,1.5173989550244875e-08,2.8083255503383867e-05,2.8037174325210144e-05,4.608117718100508e-08,8.793391822900276,341.3616577137108,5.478581516374848e-06,2.673014636198687e-06,0.24252770149538802,998.2184933212075,0.01920896848996805,-107.09373360006066
982,0.5935493034580307,84.84437176106312,0.3012566180521804,84.37163754130297,0.171477601707953,1989.1160497756912,1969.8415930583153,19.274456717376562,0.09891433154335048,0.0984384235623462,0.9459558420244448,-5.241663035202208e-07,-5.374924029863877e-07,1.3326099466167011e-08,-6.961583904100869e-05,-6.966975723894829e-05,5.3918196714847516e-08,8.11253189777553,612.2483985818074,6.482954205205767e-06,2.8718347628863826e-06,0.25802117828273535,1213.6269288725882,0.017939827822050818,2042.865112153544
983,0.6569745190967925,97.7496211073637,0.32064632208323096,96.98274526577181,0.44622951950864637,1577.8101790285566,1558.083341305608,19.726837722949277,0.41844554578641413,0.11974588241330615,1.137461055801702,1.2310749729721713e-06,1.2126817901615701e-06,1.8393182810601253e-08,0.0001422967758232845,0.00014224027340118686,5.65024211125214e-08,9.268357461347335,343.82591191643854,7.958643823452463e-06,2.8955760286643323e-06,0.30540818306435996,1356.203874735838,0.017159429129266157,-1366.889189999467
984,0.5609934794129667,69.56056629328062,0.16408866040271805,69.13195121772529,0.264526415152619,1513.2739445879008,1496.1043127100909,17.169631877808502,0.08719441843366432,0.07932969248187166,0.8278868044934363,2.3587421965368158e-08,8.879843849495031e-09,1.4707578115873157e-08,-1.8232358641704347e-06,-1.8730921860841668e-06,4.985632043786504e-08,5.1204029869824845,162.07718574032955,5.9132976431862005e-06,2.298360603027802e-06,0.23370827335192604,969.8587640462058,0.01749257326502274,878.0145007253523
985,0.6663642868557187,119.85309338624258,0.46893091845345003,119.10215470409645,0.2820077636926805,1923.1095303400318,1896.9580700811937,26.151460258838906,0.24577636195138897,0.12572189504492756,1.1314589126748487,1.0203376146436145e-06,1.0032334865983808e-06,1.7104128045233237e-08,0.00011629688886318637,0.00011623504944564993,6.183941614958107e-08,9.317845754014325,587.3981289484967,9.480626851995454e-06,3.154075346107801e-06,0.30659450095346086,1706.4954526065371,0.019955804701606013,691.5437349211497
986,0.5885007988373978,75.13152999719799,0.20785935767134667,74.71488605882477,0.20878458070188863,1478.4991279450753,1464.3720883119952,14.12703963308064,0.11023513970354563,0.09167865039116138,0.9184089469329372,1.1271488977172948e-06,1.113523144037841e-06,1.3625753679453785e-08,0.00012961157238167457,0.0001295585681707479,5.3004209615848215e-08,5.24601307135507,-14.411678872840373,5.961995885640094e-06,2.906790775940837e-06,0.25352858121266236,1031.5489951494915,0.019898468208741867,1033.3328798450239
987,0.6620724207778098,100.10655609314742,0.3477841729628095,99.48459248924475,0.2741794309398538,1256.701906498376,1235.483182017392,21.218724480983457,0.11632597603075943,0.11397727330096638,1.1218760508161356,1.8321675006852876e-06,1.8169419500101039e-06,1.522555067518314e-08,0.00020757447723735074,0.00020751209108693308,6.238614943821875e-08,8.79660884762808,189.78080890221253,6.525434828242597e-06,2.7082294001475177e-06,0.30710190314322455,1407.0678667408206,0.019698730425299547,1245.3903331066685
988,0.5937711694225085,75.00919618961899,0.1983250294279985,74.56067249779217,0.25019866239881694,1309.6036858034495,1295.005622943292,14.598062860158407,0.09165498300501755,0.10143062089505966,1.041492831558012,6.136469788324896e-07,6.015942751479277e-07,1.2052703684561814e-08,6.973455074558417e-05,6.968291810643409e-05,5.163263809479393e-08,34.914064971807825,196.52615994243743,5.784075888910088e-06,2.7641979137142157e-06,0.2796847845406799,1004.0797095149219,0.019301587641732242,1264.8767485037497
989,0.6167746628508344,84.980349425004,0.2677530950173262,84.43530920068632,0.27728712930034327,1425.629965764717,1405.642850825366,19.987114939352512,0.12376839204970198,0.11282027488855266,1.1161112348056559,-3.974627857899682e-07,-4.138806269090072e-07,1.6417841119039143e-08,-4.545867327482141e-05,-4.551855844398402e-05,5.988516718809188e-08,4.248980854071222,356.8507177154313,6.4865252708065745e-06,3.0244886002325717e-06,0.3031379621325361,1238.0884474203026,0.019618462742418647,936.9375187071164
990,0.5867832687498177,77.93802266731353,0.23175545404369702,77.43763757727488,0.26862963599493966,1676.6298661010949,1660.2477482675288,16.382117833565577,0.10204896961509892,0.10156926072061756,1.011598483517985,1.2249208448832507e-06,1.2120031534956916e-06,1.2917691387559357e-08,0.00013865673621509125,0.00013861056514267496,4.6171071149076955e-08,11.344140282260994,342.2795674908574,5.713422062067443e-06,2.405584290088027e-06,0.2697826035042107,1083.6973429589596,0.017798714237622287,396.32847869549005
991,0.6737048950290461,99.26949311560955,0.3174890449024132,98.6461337638871,0.3058703068200177,1797.3293971322132,1775.3502851725711,21.979111959643998,0.256095136506073,0.1102602494042939,1.07451633430484,1.5218992306482794e-06,1.5051686879333975e-06,1.6730542714882138e-08,0.00017277045543674129,0.0001727146469553153,5.580847958533698e-08,14.312795912268362,524.7483278166619,7.221851419551846e-06,3.7936401844354207e-06,0.2817750214971387,1384.7552213540869,0.020713709387025946,516.6141028978673
992,0.6861626396170366,85.97335590462941,0.2074690456357959,85.51639730800957,0.2494895509840533,1373.2773296001758,1356.3772634027719,16.90006619740368,0.15046148274745882,0.10841372698496657,1.06968645568566,5.265428507435963e-07,5.095628061033105e-07,1.6980044640285745e-08,5.688375391505936e-05,5.683231445131553e-05,5.143946133069109e-08,8.727717247353585,640.2856493526207,6.706868912348546e-06,6.460208622563974e-06,0.2900628088319415,1196.0263486907197,0.020361225757240895,950.6528093851302
993,0.6237584333208159,75.31906288634143,0.1972821329662074,74.90865822111346,0.21312253226174985,1310.4367682478799,1295.483113773625,14.953654474252605,0.13544434240809702,0.0980106186507771,1.016561806015731,-1.7348497478879002e-07,-1.8842882249192104e-07,1.494384770313103e-08,-2.6649657937350585e-05,-2.6701910191155458e-05,5.225225221409375e-08,79.87242705040849,514.3039244189819,4.730935585213525e-06,2.8765333936803502e-06,0.27299244283621993,1040.2659018211539,0.01875231165665274,-597.7148081564155
994,0.695852905266942,111.41669057867347,0.34468575830964565,110.6100376602646,0.46196716009921124,1496.8249786902313,1471.634224096314,25.19075459391611,0.17026706892687465,0.1246441768151275,1.1525368398049616,9.068051929020037e-07,8.917237849558453e-07,1.5081407946158624e-08,0.00010510620732703554,0.00010504134012647401,6.48671989564383e-08,9.26164237467997,956.489344170409,8.763851419446694e-06,3.089508283030002e-06,0.310152192717609,1593.7256743444757,0.019342169750602784,747.8991209350279
995,0.770526131721824,119.58818038408477,0.3675306370632511,118.80934671470517,0.41130303231635423,1552.5889217403862,1530.1737266713735,22.415195069013805,0.11051173290493158,0.14161912126963458,1.3335701785519873,1.8243026874158348e-07,1.6332199512397118e-07,1.910827361761225e-08,1.0966746879413144e-05,1.0893372550472296e-05,7.337432741631104e-08,9.582098073956173,811.6755260320177,7.831703877604916e-06,3.73543374148076e-06,0.34875643890791946,1718.2061240165779,0.019431788806648854,-950.3184989063302
996,0.6045875005367177,80.73602850821896,0.2484812731322279,80.23640638291265,0.2511408521741013,1378.8857648365615,1357.0428816986089,21.842883137951603,0.14727794091484367,0.10775565248845986,1.0654760379281654,1.1407577813251567e-06,1.1279128028425258e-06,1.2844978482630891e-08,0.0001301525565926743,0.00013009693254549168,5.5624045831807074e-08,6.113505436991643,556.1335108959809,5.2085704757666e-06,2.4657362137762684e-06,0.2899182566356185,1112.0128667382214,0.02006866133045057,-378.68667871768776
997,0.6766826291383481,105.28837152801981,0.33747160109113794,104.42329624063515,0.5276036862935073,1785.2797237955476,1764.3147077685576,20.96501602699103,0.13895060742149545,0.12368641718115303,1.143003512419685,7.344431224609033e-07,7.190358368356381e-07,1.5407285625265337e-08,8.053425533467308e-05,8.046843257601967e-05,6.582275724841899e-08,16.616936703128744,550.0962595918674,7.397760528730917e-06,3.843737662665912e-06,0.31831534312127724,1470.36975946295,0.01971874972998082,1326.6720652699769
998,0.6445989295646676,104.58849845696263,0.40856846713366873,103.85670249151461,0.3232274983143406,1425.3790518535554,1402.714388755094,22.66466309846387,0.2081281422891081,0.11609500554171939,1.0670540851528716,-9.500858527827811e-07,-9.691247532213923e-07,1.9038900438610634e-08,-0.00011834611369164156,-0.00011840726096678011,6.114727410085454e-08,8.346861752684207,517.0323209067426,7.416430901696279e-06,3.3479066795477054e-06,0.28906230930701116,1498.4292454736153,0.018635842577128046,4197.332953140751
999,0.6034246938066712,82.35496903838303,0.23816186405213075,81.84961757029564,0.2671896040352722,1563.3958646627443,1543.1028651668798,20.29299949586536,0.0816067006315679,0.09649418285680116,0.8741119889159608,-3.308109113296486e-07,-3.4618368853500753e-07,1.5372777205359025e-08,-4.413546330573488e-05,-4.4185295817014796e-05,4.983250994921801e-08,17.114788381548223,171.5482276739887,6.387463002583761e-06,2.478366364015014e-06,0.25709918962896494,1131.113992395914,0.018074514325190822,1459.928913421565
1000,0.7431680741517722,122.69900785977117,0.4145982004377691,121.94430098434619,0.3401086749872492,1898.2830882630244,1867.5389359185765,30.74415234444858,0.11523683796681146,0.14186655872268067,1.3194399891094142,-1.3182762851560813e-06,-1.3335145608619487e-06,1.5238275705867335e-08,-0.00016303186956373285,-0.00016309423433929614,6.236477433987281e-08,45.02592534186796,1000.3917813426989,8.273462122893346e-06,3.5561386094948836e-06,0.3592392214977203,1705.0000540128308,0.020539029611028114,-1685.8480985033602
