iteration,Acidification,Climate change,Climate change (biogenic),Climate change (fossil),Climate change (land use),Ecotoxicity freshwater,Ecotoxicity freshwater (inorganics),Ecotoxicity freshwater (organics),Eutrophication freshwater,Eutrophication marine,Eutrophication terrestrial,Human toxicity cancer,Human toxicity cancer (inorganics),Human toxicity cancer (organics),Human toxicity non-cancer,Human toxicity non-cancer (inorganics),Human toxicity non-cancer (organics),Ionising radiation (human health),Land use,Ozone depletion,Particulate matter,Photochemical ozone formation (human health),Resource use fossils,Resource use minerals and metals,Water use
1,0.6562143509713001,95.55046546875343,0.27995467870447555,94.95310909009717,0.3174016999517871,1370.1965658477723,1349.209030119314,20.987535728458663,0.19871025688336746,0.11450598189935136,1.135629432538116,8.231055187164403e-07,8.093419726769644e-07,1.3763546039475902e-08,9.344476709096652e-05,9.338675700808957e-05,5.801008131209716e-08,7.062709806277116,771.6555030980219,6.889964984803188e-06,3.158337892906416e-06,0.3049378613136537,1341.670088858823,0.01921516287311099,678.7376891709173
2,0.6151406566392319,87.65962889292503,0.27906490754578134,87.07909000197243,0.30147398340680687,1416.532346720975,1394.275186779358,22.25715994161936,0.1339110791801649,0.10121045325076859,0.9291551686141792,5.539528721181704e-07,5.40519358831996e-07,1.3433513286174399e-08,6.126291317076892e-05,6.12115088263759e-05,5.140434291888636e-08,4.848321347849032,645.865551441955,6.85316686833411e-06,2.9620757296680315e-06,0.26453757754011664,1290.5250316826848,0.018308767125178958,-2571.681359095899
3,0.6055506702432228,73.88959262257897,0.19118180205313887,73.51391690760896,0.1844939129168941,1389.2153322073582,1373.7151830982252,15.500149109134863,0.12089307013488772,0.0909628066342682,0.946655859041323,-3.568834544487977e-07,-3.7013122364138847e-07,1.3247769192590644e-08,-4.686263599251256e-05,-4.691193313044617e-05,4.9297136099525655e-08,11.010942685649859,324.8691585809059,5.06662489861571e-06,2.8215799280215166e-06,0.25072861734809315,1062.4473321689911,0.019810456870307466,727.5399673147076
4,0.5996961669363912,78.99179705940882,0.2550953932969035,78.47624619622405,0.26045546988785306,1694.1417272100794,1672.9908667666948,21.150860443385472,0.1064477806743273,0.0967613629506648,0.9664418956532492,3.31120569452188e-07,3.1751928765729223e-07,1.3601281794895805e-08,3.49848062186956e-05,3.4928667501700725e-05,5.6138715767831213e-08,5.3276885333798845,391.2496390223804,6.467414057631476e-06,2.5471902042227027e-06,0.26396920020948494,1060.203706192782,0.018597268184559743,325.83254390124785
5,0.61310891943895,82.788632522594,0.2403830794241404,82.31054287597333,0.23770656719654484,1453.8583011826813,1434.4075585577998,19.45074262488027,0.11093047450149661,0.1019862669367305,0.9979635358535855,1.4356510574320765e-06,1.4207117346682419e-06,1.493932276383473e-08,0.00016565411446607794,0.0001656017331536903,5.23813111844706e-08,10.546741076827857,260.47721665446505,6.1746627989239015e-06,3.3626132919529576e-06,0.2691423142537293,1174.9940484587632,0.01869584655914568,150.34555799559166
6,0.6382566013393766,108.16129068282861,0.30344984697686744,107.49167542767852,0.3661654081732266,1284.0730842565772,1264.9031991560594,19.169885100518137,0.09586522551792792,0.1254024918138156,1.1625659476307975,-3.372865112291967e-06,-3.3882531537654997e-06,1.5388041473532523e-08,-0.0004091797680808617,-0.00040923670755716184,5.6939474779211294e-08,7.657894223258789,559.164270603585,7.253964348474149e-06,3.4452737953327605e-06,0.31296277182014914,1509.2580473171802,0.018829452222951917,3656.2543163929877
7,0.6310532141573217,83.76914765416366,0.25771630651671706,83.16785987191062,0.34357147573631297,1418.2485800975664,1381.1970504149099,37.051529682653346,0.07973622445634948,0.09580649798189622,0.9262019850109802,-9.723591170570197e-07,-9.877013999044306e-07,1.5342282847410648e-08,-0.0001199762696504427,-0.00012003253719813619,5.6267546524507185e-08,22.166054615377252,488.4972255271239,7.063222107155787e-06,2.6181910653045823e-06,0.2604598701006514,1165.51050792762,0.01922420902569784,2316.964610511597
8,0.7099785856799823,131.45957219042282,0.4306693836453221,130.6568724691213,0.3720303376561918,1777.66483880637,1753.4025312279875,24.26230757838135,0.2227709566327756,0.14169671846510545,1.2605974933093775,-1.8102294046165443e-06,-1.8286508382594158e-06,1.8421433642871553e-08,-0.0002250457596334811,-0.00022511571343664346,6.995380181659807e-08,16.743853244103306,676.9505170458958,8.44541458247058e-06,2.882920789955921e-06,0.3380327242740267,1837.754849782547,0.02041880679241773,1385.958659382355
9,0.6238483706295277,83.25420494604829,0.264022939749914,82.69210949384797,0.2980725124504017,1489.531978210539,1468.1241507519273,21.407827458610925,0.16995814669193218,0.10642483932820034,1.0239926249793858,-4.268137040562465e-07,-4.4467608047031764e-07,1.786237641407121e-08,-5.973323712901109e-05,-5.978743779585668e-05,5.4200665507245746e-08,8.07165893416937,516.1290706448739,5.796104269279415e-06,2.9914485831292615e-06,0.2828808313263237,1185.196643884364,0.01927827182636476,-1014.3226307596051
10,0.603354723172796,79.03383595880571,0.2214967114723491,78.49450514505696,0.31783410227634606,1474.4056643537376,1457.7456564123938,16.660007941344272,0.15281906604252893,0.09769527080999267,0.9348462153551248,1.8119689358820894e-06,1.7988708025548786e-06,1.3098133327211389e-08,0.00021165605844847637,0.00021160325521349935,5.2803233641677146e-08,18.35355442041562,640.761249688157,6.5915918572716385e-06,3.07967448819282e-06,0.260654627978048,1154.6970740141958,0.01974334710169283,-723.4588856808223
11,0.640125236725541,86.82716923393002,0.24254224227410262,86.2990396536855,0.2855873379704155,1148.2132360606734,1130.3304093636718,17.882826697001168,0.13215160843810084,0.10326537107076987,0.9634915462437981,-7.280536817298835e-07,-7.41314074669902e-07,1.3260392940018338e-08,-9.140591543221692e-05,-9.145755420890644e-05,5.163877527408557e-08,4.980835865803659,130.40664294581734,5.7671698928064025e-06,2.646404012141366e-06,0.2704830497481878,1235.6475974611194,0.017934635419072618,696.8678401981961
12,0.638289506939574,100.5632004645869,0.33931135969427845,99.83985553376672,0.3840335711258967,1452.6170830712438,1434.2988088301543,18.31827424109122,0.19019231755122046,0.1172458574586064,1.063867870000812,9.196882713468866e-07,9.045215959608201e-07,1.5166675386066872e-08,0.00010291042737800247,0.00010285229806569124,5.8129311443712426e-08,4.755471787957109,846.9314467404856,7.365935758842013e-06,3.126578549041561e-06,0.28840813459995823,1394.0075202191267,0.019845856122609938,17.192270352206833
13,0.6555299426276653,112.59267621160805,0.35828698395702246,111.9637062584365,0.270682969214537,1464.681913862163,1441.805736985145,22.876176877018107,0.228173268316132,0.1311223396733122,1.2156068512959146,1.0033871814700918e-06,9.873729957471276e-07,1.6014185722964547e-08,0.00011258542651223232,0.00011251897288623007,6.645362421925025e-08,34.515506555326795,477.4177791350701,9.030485939228467e-06,4.727072421379089e-06,0.3248674059880611,1577.9936568348055,0.01855365634182711,2211.1897506817404
14,0.5680431133740792,68.60298688617523,0.18979091551129396,68.17042725603918,0.24276871462475483,1291.016586495493,1267.088348261428,23.92823823406344,0.07526359737170076,0.09139820265374034,0.9692888350818137,-7.81573746326357e-07,-7.959090698637601e-07,1.4335323537403363e-08,-9.606205731545165e-05,-9.610935271039592e-05,4.729539391701258e-08,4.607773767018757,243.609019345715,5.402870012729389e-06,2.7481210472410946e-06,0.2585959740916976,972.6326168904479,0.018382907609573125,-1876.0805781043855
15,0.6072605420728229,70.04118499214134,0.19025409073281743,69.54049692551014,0.3104339758983924,1407.3478364320179,1391.3123404414628,16.03549599055537,0.09688986943250293,0.08385232671809974,0.8716833856732228,-6.297813650242662e-08,-7.638232971426977e-08,1.3404193211843136e-08,-7.66865552160634e-06,-7.71926207444587e-06,5.060655184055134e-08,13.4211156778028,-117.08900501139219,5.12668540933634e-06,2.5161398484778173e-06,0.2389885053787675,957.0766830985679,0.017693926108305322,77.20560877024764
16,0.6667841243016174,96.99064485262667,0.26339592726496913,96.40914398444578,0.3181049409159098,1438.4736663230703,1417.938453403299,20.535212919772935,0.09341704142388217,0.10615983140183466,1.0203317620381909,1.3141139909995647e-06,1.2982188360466027e-06,1.5895154952962537e-08,0.00014522391039274704,0.00014516637337925545,5.75370114945852e-08,25.273241781426314,473.31341526625454,7.457582912107139e-06,3.23297960877035e-06,0.2811744609172496,1333.7375958102734,0.018844295686325223,283.64566982193355
17,0.5799098991656214,74.57474127392501,0.21469243303844754,74.01334126102118,0.3467075798653853,1480.5056242654437,1465.1048588457506,15.400765419695905,0.07010339935139769,0.08719200373821727,0.896176418116532,3.148949857310923e-07,3.011524132393956e-07,1.3742572491696842e-08,3.191530518880044e-05,3.186733449205227e-05,4.797069582238351e-08,7.820464375812969,659.1726532779327,6.422074315066878e-06,2.515042505629793e-06,0.24335626494007206,1027.4866601416704,0.018132869694015747,-860.0844740425855
18,0.609603778552987,104.9848605787758,0.3041539978949924,104.4924147266497,0.18829185423108888,1851.7522858105756,1831.003788320234,20.748497490341506,0.10279789042802898,0.11189985399316757,1.0251687577720485,3.526562422058831e-07,3.3574281830646713e-07,1.691342389941605e-08,3.614556090454061e-05,3.6087202437229945e-05,5.8358466075441666e-08,5.021137895934417,479.0498384677208,8.76002053044845e-06,3.932535495789701e-06,0.2861625792923991,1444.1110732788072,0.01879022795269222,1920.8028092051463
19,0.7264597436714934,117.17141370233001,0.3791497065429314,116.39226427104468,0.3999997247424114,1480.2336073520569,1460.0469845218256,20.186622830232338,0.13406114366413113,0.135597315888392,1.2770546027221772,-7.67285769545813e-07,-7.863248190783317e-07,1.9039049532518885e-08,-9.685045257682615e-05,-9.691170562457444e-05,6.125304617506746e-08,7.642922947580922,320.71782960473587,8.577668046934914e-06,4.229262674198641e-06,0.33758805639572853,1719.2861362541885,0.019281502808167903,-1246.116901761612
20,0.6283683709115689,64.0865519784209,0.1915147551421579,63.598923100360366,0.29611412291838785,1718.9245604247424,1702.8170206051448,16.10753981959554,0.17903071622529004,0.09984432619278072,1.0637383053289478,9.248080873056992e-08,7.968892466829058e-08,1.279188406227937e-08,6.510143039293315e-06,6.462729105608204e-06,4.74139327937644e-08,3.649364066788456,176.92798394641576,4.780196650602627e-06,2.883485019107983e-06,0.28920644956695224,904.0061533602783,0.01979314836145641,1275.5021335223628
21,0.6510940899133414,84.009123535165,0.24970027197429806,83.48335639053494,0.2760668726557747,1594.274647734081,1578.9376168294157,15.337030904668403,0.07371086267478198,0.10482757668307272,1.0801456730308414,4.427862052493485e-07,4.2872538360244354e-07,1.4060821646904916e-08,4.54843203701744e-05,4.543110941553306e-05,5.3210953347868074e-08,14.03665119085974,1126.3682043401095,6.945424110348307e-06,3.385960729192078e-06,0.28850374310368887,1126.219078196624,0.01954896937636045,797.538068894075
22,0.578110778846589,88.37353214792522,0.2857376102268354,87.78995847754486,0.29783606015351644,1843.6773464642624,1817.5459054685691,26.131440995691847,0.18049159421624936,0.09760102176852693,0.9120973893006377,1.0397255437629857e-06,1.024235101628655e-06,1.549044213433073e-08,0.00011661049335263878,0.00011655233766694869,5.8155684268260205e-08,11.359594102548618,388.7180936366186,6.118995318397053e-06,2.815012623386325e-06,0.2553330196903275,1226.9743024432132,0.018188289827192113,2093.72356533273
23,0.6437051014912645,107.36386399815716,0.30173904186854034,106.74433895404134,0.317786002247289,1332.888762683342,1312.0208279783,20.867934705042593,0.09958480375597649,0.11686345667628983,1.073630736172645,5.08695724024823e-07,4.941931361330968e-07,1.4502587891726308e-08,5.414458114895009e-05,5.408698590022454e-05,5.759524725511141e-08,9.628123964366988,831.6742144621256,7.849111848643642e-06,3.0824477919470724e-06,0.29541539748666173,1487.965387446771,0.019266259237017858,-1705.2232252033318
24,0.6530045900807229,83.83618313885508,0.1988705243261161,83.37633458705795,0.2609780274709948,1629.0173573127227,1610.255900124393,18.76145718832716,0.14735729437071093,0.11075243969527945,1.0599432307977652,-1.8943418325566056e-06,-1.907360631450103e-06,1.3018798893497407e-08,-0.0002306375901556327,-0.00023069879385044672,6.120369256074033e-08,4.5401093261344965,313.1168244865793,5.686282575895908e-06,3.1231615266450097e-06,0.29577253947861293,1152.9550540306564,0.020683786937884023,-103.14592219814222
25,0.6263918592597751,89.43001319304292,0.26030470273293904,88.88307915714435,0.2866293331656118,1475.8839333796438,1459.0131262009209,16.870807178723126,0.12705062517103652,0.10354233189240811,1.0322675994069177,4.509196966031993e-07,4.328276902264726e-07,1.8092006376726757e-08,5.110393092969888e-05,5.104448572041646e-05,5.944520825239748e-08,9.20155804490727,494.62342364779437,6.2766503638951216e-06,3.7167501748946506e-06,0.27311773741198586,1251.2566580494656,0.018908150886161,1688.9383221555872
26,0.7467962160402889,137.9650210702816,0.4328696106396139,137.40370098159073,0.12845047805124876,1341.0742754560533,1318.4091575665748,22.66511788947992,0.20465618149837525,0.15337734956879595,1.4257788195401078,1.140923618420994e-06,1.1226398050934603e-06,1.8283813327533843e-08,0.000134432107864246,0.00013435915814041384,7.29497217254533e-08,8.498640863179062,434.5163383880634,9.059436561149346e-06,3.3959009445824063e-06,0.36796459744864773,1913.85845646078,0.018095776290448305,-3341.0521986376734
27,0.5907291894362683,73.00914479031917,0.2313245341989975,72.60235528670977,0.1754649694104136,1528.9156853666154,1502.9144469969685,26.00123836964546,0.0646545472657302,0.08516970331698738,0.8387990732328464,-4.544169125090748e-07,-4.720645223779191e-07,1.764760986884429e-08,-5.8429804633916766e-05,-5.848209183620659e-05,5.228720081113202e-08,4.728133416010907,506.50544071891454,5.130562447193857e-06,2.4116884940856923e-06,0.22851252941038336,1023.0970583160499,0.01682413001680752,273.6071272444242
28,0.6490926093557184,98.44209191377917,0.29669411061191114,97.70586292403783,0.4395348791294227,1462.25150201571,1443.2890013469241,18.96250066878814,0.07917426037950914,0.11029400905234796,1.0521316021365597,-1.5279089794600423e-06,-1.544485220644015e-06,1.657624118397307e-08,-0.00018221442569092095,-0.00018226996668511294,5.5540992856787675e-08,5.580296748050532,172.75242918237595,7.038194406208729e-06,2.9735293867313266e-06,0.2856055446741755,1391.8159617679667,0.019997696499923046,316.92786776207504
29,0.6883522714183528,122.1088058653233,0.32919404819486914,121.40275408914384,0.3768577279845856,1526.6594940839486,1500.7667372944838,25.892756789464173,0.24378265132658522,0.13329122424120696,1.2395880609446817,2.0276387429866032e-06,2.01066649940595e-06,1.6972243580653215e-08,0.0002333994405128498,0.00023333923386858473,6.020664213424034e-08,31.201020870207888,1321.1076707617829,8.022503018282339e-06,3.5150181075614985e-06,0.33682673628225385,1746.2115227966553,0.018301010258390375,524.8820222115501
30,0.6277417308716757,97.63016353347528,0.35358732375787516,96.90790022620234,0.3686759835150703,1878.3685427679238,1857.6989124213978,20.669630346526613,0.3496296668889948,0.11281769228161627,1.0512084232350007,4.0364001773956664e-07,3.876426654518704e-07,1.599735228769632e-08,4.4741566001384274e-05,4.468191763093868e-05,5.964836934426486e-08,11.560904668124667,386.5888772089136,6.8450478101628795e-06,3.2555996044380584e-06,0.28382022628189,1376.7692675603791,0.01988922221533697,1060.0695776744433
31,0.7548018712447299,135.67305459178456,0.5221701131409802,134.806085790291,0.344798688352566,1713.0654259299372,1691.7179273137833,21.347498616156734,0.3633419846181823,0.14306319548164675,1.2821333514766624,-1.0076205780378285e-06,-1.0280288561776762e-06,2.04082781398477e-08,-0.00012690080940682026,-0.0001269698091908816,6.899978250815297e-08,35.14850780400832,631.7561410265465,9.738806626698126e-06,2.9402719071904e-06,0.35071640871682924,1925.081955937565,0.020008583939069468,1292.0099014022999
32,0.5950648999265684,76.22099903565966,0.23444398804608,75.7643561211619,0.22219892645171152,1265.443037883822,1246.9588337509542,18.484204132871206,0.13120650523318186,0.09954228032330333,0.9980580953638756,1.1047453818047776e-06,1.0870330260894673e-06,1.771235571531017e-08,0.00012928430221999194,0.00012923463257243285,4.9669645741874757e-08,7.859483922314868,601.1062504647869,5.40326154285202e-06,2.475678184925493e-06,0.26770795714286444,1066.8298440094386,0.018141350413454122,-1449.3316975948874
33,0.6522595878671256,104.46993796797312,0.3163796472930582,103.73926370920945,0.4142946114706043,1704.468443695166,1676.6422001642402,27.826243530926064,0.09228411221251753,0.11799797320319548,1.1162211452508841,-3.774371278717816e-07,-3.9401135312555284e-07,1.6574225253771275e-08,-5.551687766283926e-05,-5.55818848627158e-05,6.500719884191713e-08,7.458327632722849,345.24024418098736,7.491914732180013e-06,2.797081377596325e-06,0.2998253958795327,1513.430669308752,0.01936056221793219,621.1570186238569
34,0.7049795209674437,119.19190364497926,0.358671708321523,118.47163137604932,0.3616005606084492,1457.7132718815276,1432.3364080731308,25.37686380839928,0.23237921309441817,0.14623259976791456,1.3921779159771748,-9.370816619122756e-07,-9.55076775345136e-07,1.7995113432859875e-08,-0.00011395491425346921,-0.00011402065851174708,6.574425726833123e-08,7.922890758307595,759.596433443229,7.872184651738473e-06,3.7227228292125024e-06,0.36988775897513176,1650.0908122662058,0.01965714080553005,337.5002444743768
35,0.6733541111340813,112.83777323406748,0.4241876185089717,112.11220628007992,0.30137933547860163,1479.850289722025,1457.930603082663,21.91968663936324,0.18761665326926846,0.12046101374247413,1.102232862004532,1.6543914326948567e-06,1.6347558994301898e-06,1.9635533264667152e-08,0.00018202202432528574,0.0001819593598531225,6.266447069100231e-08,11.27382065223534,57.95381908390401,7.806950052929806e-06,3.623823981842808e-06,0.29824848751765337,1562.2790321949933,0.019286687650810826,977.4201109218266
36,0.5912105593197837,71.1729651844626,0.22343681595923118,70.64394382290166,0.3055845456017047,1403.0053645847556,1382.8481890042576,20.157175580499736,0.1337420047397799,0.09547019249557542,0.9602345940176592,7.969399916377407e-07,7.830178467092167e-07,1.3922144928524157e-08,9.062920479966967e-05,9.05726867311392e-05,5.65180670419365e-08,7.768143148519137,254.31115227611252,6.2792781187106714e-06,2.8437958241546922e-06,0.2617229510495825,1021.8377207840974,0.01961732743501669,1664.4518165775225
37,0.7984538469840409,132.11193029875315,0.45766905786832235,131.6037703612368,0.05049087964803039,1348.5023674104166,1326.8751237385957,21.627243671821187,0.13439167084558998,0.1487363825538762,1.3332227627865487,7.280153107730741e-07,7.108787819104676e-07,1.7136528862606593e-08,8.338204066933923e-05,8.331337575147906e-05,6.866491601995022e-08,12.15365783730535,590.3876169641078,9.56453412897166e-06,3.256706951628292e-06,0.3660028380263481,1832.8526412528538,0.018124627385152827,-298.75904097965395
38,0.587083660806699,81.48775469772275,0.28697582272001665,80.96622588559912,0.2345529894035996,1192.5053571576577,1171.990670569557,20.514686588100783,0.12636575092292748,0.08978220258022583,0.8812142897331944,-1.341237742274783e-06,-1.3548898028215576e-06,1.3652060546774193e-08,-0.0001592755716549148,-0.00015932860537402397,5.303371789434792e-08,26.421663698133568,470.5613771881976,5.6761735719849205e-06,2.7801705169387745e-06,0.24633670233306446,1121.7199446192753,0.018789167177247098,-1181.1833768273245
39,0.6527264894681273,82.60569461861883,0.23342133219668904,82.13531609853827,0.2369571878838569,1863.602236298507,1843.7593779023339,19.842858396171298,0.09857477034915262,0.11049222220383907,1.1499690785480192,4.6149356045624036e-07,4.436323817842399e-07,1.7861178672000405e-08,4.880995526839098e-05,4.875385448681101e-05,5.610077961165303e-08,9.618724989287848,793.905134292158,5.780231432063683e-06,2.6428265244947532e-06,0.2964777127606614,1187.5791512377918,0.02121886941684062,-1105.4013721917618
40,0.5682952249495902,71.58822751766158,0.1928755277714282,71.1513142346843,0.2440377552058537,1414.801094297985,1399.2881324360235,15.51296186196289,0.10576365029595351,0.09325519267991109,0.9182420416792252,-1.90084162870904e-06,-1.916707984816581e-06,1.5866356107540602e-08,-0.0002281352476996063,-0.00022818067369502454,4.542599438119059e-08,6.980634374391446,140.86386661084612,6.402060378358744e-06,2.6800657070206797e-06,0.2587288530292624,1004.6545456017217,0.01798461157396608,1019.9016661318055
41,0.644451031927918,98.41129487975708,0.2813084959293508,97.6483172800977,0.4816691037300248,1715.2067426874296,1692.6385921518818,22.56815053554936,0.10169702560288763,0.10563002826728854,1.0039226982326825,9.841847365236893e-07,9.683046979357288e-07,1.5880038587960647e-08,0.00011623395473214086,0.00011617321766145447,6.073706967889247e-08,8.43864087321879,441.02988348984485,7.1213163485475716e-06,2.9023324741745837e-06,0.27199220743209235,1374.238593244103,0.01814137352051186,2691.4414304836864
42,0.6320646473373344,97.89122679888683,0.33087687521797715,97.34474320046776,0.21560672320110802,1278.9335496839349,1259.8160863361354,19.117463347800257,0.1349025671131752,0.10828381356911217,0.9773063885746235,-1.6997555883166485e-06,-1.7172301112783171e-06,1.7474522961669148e-08,-0.00020700875256995555,-0.00020706776434582908,5.9011774202749036e-08,17.273141321188604,593.8178536684367,7.133695455356275e-06,2.8287708786006467e-06,0.27830387748044116,1351.9508920149797,0.01778426983872567,1153.4336652474522
43,0.575104756655558,76.01664907746803,0.23736314981170606,75.5497215315819,0.22956439607443024,1356.4690965846105,1340.2530081324433,16.216088452168187,0.1163133314621748,0.10138093561243366,0.9964864903494365,7.821704326773343e-07,7.688243660527264e-07,1.3346066624607949e-08,8.889285989674982e-05,8.884406847728715e-05,4.879141826484731e-08,7.364478085912002,298.65565362274924,6.336165058984217e-06,4.224132936350824e-06,0.2719565726700366,1049.727146265937,0.01810160749607931,316.79166083953896
44,0.6041526797827728,71.20347926560402,0.23028241764133353,70.76933175987791,0.20386508808476408,1401.706284908482,1385.1511885192479,16.555096389235572,0.11255546179568478,0.10748456096141559,1.0585694852178376,-4.202256954948435e-07,-4.3276750182077897e-07,1.2541806325935535e-08,-5.290479212499754e-05,-5.295510154094339e-05,5.030941508138075e-08,15.780803466054525,307.13172528593753,4.9488264027594055e-06,2.73976170643366e-06,0.2883707577394914,986.0721788861867,0.02000460920431148,-884.1765904517997
45,0.5770701399210014,78.00868891219005,0.2502780908624634,77.52308714286136,0.2353236784662133,1446.2809739448692,1427.8158158106437,18.465158134224776,0.15436918432923963,0.102945272638523,0.979723743525958,1.126520447503142e-06,1.1132195839056787e-06,1.3300863597463223e-08,0.00013152811397316758,0.00013147723775372344,5.087621792360731e-08,10.911185435602622,73.51263718885487,5.964053098160497e-06,3.010599797586843e-06,0.2681254354300788,1091.804117031264,0.018113609292347368,1319.3492906985193
46,0.5951477299854945,88.76995523002881,0.24821282696285266,88.33632780006378,0.1854146030021802,1789.0370846572823,1767.393020834312,21.64406382297022,0.30845450591933166,0.10172671449552477,0.9625872888210525,-3.9409089902672747e-07,-4.072393262502085e-07,1.3148427223481e-08,-5.4746580209662475e-05,-5.480035853648845e-05,5.377832565314882e-08,13.724205383708007,1434.6044984706546,7.663350844385077e-06,2.683084932299812e-06,0.27831322102446976,1213.2454199950353,0.01919910841961889,826.9197227378827
47,0.6553082623570246,93.20406772926451,0.2922014094018837,92.63394862959296,0.2779176902696701,1720.3155082871324,1702.5628076082187,17.752700678914515,0.3837866329152864,0.10353888572276271,0.9677992679263173,4.5393598647533144e-07,4.377701526385876e-07,1.6165833836743757e-08,4.562338651318751e-05,4.5568134098017556e-05,5.525241400948363e-08,11.538427537015561,327.31358958206715,6.686260482611204e-06,2.8520010789382235e-06,0.2628044754544356,1295.218755232536,0.019459298391290777,336.34339900624036
48,0.594189081667875,86.69143669700281,0.304809207108453,86.06021195627875,0.32641553361562586,1641.1654859261666,1623.6715480879627,17.49393783820328,0.11299848304335819,0.10661239769445614,1.0389465781062186,1.3562973884863838e-06,1.3400102438134797e-06,1.6287144672904012e-08,0.0001564045311761928,0.00015635305008826716,5.148108701207002e-08,8.444904540326323,419.52404554374976,6.083363024549671e-06,2.6306414032848197e-06,0.27668350312455203,1224.5540924252005,0.018607223450243557,1941.3890072863614
49,0.6740020327438211,80.9151596162665,0.24164990069695177,80.3836981568052,0.2898115587643386,1679.7122372396343,1664.0129483877556,15.69928885187621,0.18058973029565356,0.1300693051289558,1.3178794986341966,8.733372453760915e-07,8.575403602208105e-07,1.579688515528135e-08,9.72966061058852e-05,9.724471546767219e-05,5.189063706284837e-08,5.4803556920463095,266.156838585217,6.6448057010950055e-06,2.711924614214185e-06,0.3407149379018557,1127.3807825928034,0.020115857163900686,1072.5697295956998
50,0.6276936344266705,91.9054221736341,0.24135194500943918,91.37473028814527,0.28933994047939005,1404.0976620303863,1383.8632333116047,20.234428718780844,0.13076798443688895,0.11019203301075244,1.0812000400623492,-5.50942729367291e-07,-5.630232727333473e-07,1.2080543366056404e-08,-6.857843194990429e-05,-6.863245096895845e-05,5.401901781081396e-08,7.500732682599839,364.27943229784904,6.774993052351666e-06,2.6862390942178805e-06,0.29186509026285484,1262.5042465971833,0.01796369965893636,-1162.7618331975173
51,0.6147883797849752,82.3075106125711,0.1767463325294164,81.91871089807616,0.2120533819655061,1286.7010690597906,1269.068037597255,17.63303146253503,0.08428105751414447,0.09822276466817005,0.9927028217872742,-1.3859093552625757e-06,-1.4010049838494017e-06,1.509562858682596e-08,-0.0001684666680479211,-0.00016851683702340665,5.0168974094629544e-08,5.679301521368027,263.9553616532876,6.459534603013228e-06,3.1160417898021463e-06,0.26710241904855614,1118.06907073939,0.019552313997213817,531.0970722823768
52,0.7611504581669694,122.15171248584983,0.3249032480880971,121.5601490462028,0.26666019155892545,1586.5957929919316,1558.7334865054522,27.862306486480254,0.1180807463073134,0.14221355634914662,1.2971845986012025,-2.052567311136968e-06,-2.069921632753744e-06,1.73543216167775e-08,-0.00024684956038140815,-0.0002469114112648025,6.185088205557101e-08,8.131336394722886,628.5765252099113,7.865529786404223e-06,3.4858225289983246e-06,0.35320883624547966,1748.5774809771494,0.01973457394994121,1330.552702836223
53,0.5902116958012671,79.40163887570252,0.2175761039686308,78.92446174605264,0.2596010256812319,1374.1866250056212,1354.0082543706978,20.178370634922114,0.13474603220116066,0.10080858547584441,0.9634970489252684,-6.070849127495314e-08,-7.470463541710772e-08,1.3996144142154548e-08,-1.3060537579522213e-05,-1.3118495903718738e-05,5.795832258621733e-08,16.11485508423276,508.13100816147613,5.842144927084003e-06,3.2862964075693217e-06,0.2762145266391464,1124.8795942343402,0.017721752963371612,-487.14819199235353
54,0.6491278348821905,91.29856017836661,0.29398711452369497,90.77321569704313,0.23135736679979843,1626.8203801353418,1600.2523281277042,26.568052007638588,0.13400345198005742,0.11324453150143228,1.1116442493683705,1.3080533311466934e-06,1.2884374066711177e-06,1.961592447557559e-08,0.0001486165785755787,0.00014856144554196272,5.51330324648976e-08,13.907626012398076,468.80196851893345,6.071401390992594e-06,2.7663270340360448e-06,0.29785673735294854,1244.566985792471,0.018998335212993534,622.6015728297716
55,0.7253119649611443,132.1784619031004,0.4079437196485794,131.4578080646296,0.3127101188222218,1645.8817019160147,1615.163204111277,30.71849780473816,0.1573204871721755,0.1348155345489024,1.1713447450498797,-1.6541208134051248e-06,-1.6722147236944063e-06,1.8093910289281902e-08,-0.0002064398906827074,-0.00020650411043690868,6.421975219279538e-08,24.146023708240484,441.9683963344735,8.5424666212598e-06,3.584842580607768e-06,0.33797444729704657,1845.3297376788414,0.019489078351786995,-2127.639775411182
56,0.6152885910786181,82.59842420306293,0.218859818964737,82.0347238378856,0.34484054621259763,1402.593505096081,1383.5327926562286,19.060712439852527,0.13040847424423987,0.09393370344104095,0.9197188100806842,1.3102324519256734e-06,1.2960059908434795e-06,1.4226461082193805e-08,0.00015080614489584464,0.00015075120836468309,5.493653003750397e-08,5.573829902227249,371.32009094030667,6.171811972321074e-06,4.029276097750135e-06,0.2591305161640333,1220.0590841758954,0.019051227342975062,1110.4832822334502
57,0.6551330786329573,96.48355030883161,0.32529960527658935,95.92330117349145,0.23494953006356886,1500.8885592484773,1475.7735985491079,25.114960699369153,0.1312841637052071,0.12025106552884407,1.1278366597944205,-7.487103180729917e-07,-7.65555129625967e-07,1.6844811552975218e-08,-9.084263201374659e-05,-9.089744443701321e-05,5.481242254344568e-08,21.513042964518583,400.87207239849045,6.685419021277775e-06,2.9330548986509452e-06,0.30600573584053575,1365.8356559280032,0.017597508556835468,934.1046128705093
58,0.5562647324910468,71.99510977860844,0.20616628688111804,71.53938165146292,0.24956184026441203,1190.2041840492675,1169.396892231144,20.80729181812416,0.07408054335443816,0.08756454373314893,0.8839848469170815,5.531262721583357e-07,5.406951299452809e-07,1.2431142213054511e-08,5.9570930917047686e-05,5.951866009921873e-05,5.22708167495752e-08,29.54896758470988,250.43524610796217,5.312577552758202e-06,3.1108892628710653e-06,0.24980916395276834,1002.906535828311,0.01807888182472805,-1278.7235516699584
59,0.6077385390224121,90.02910165381081,0.24963667808317705,89.47926558339555,0.3001993923320957,1499.7177072468767,1476.6317028722676,23.086004374609818,0.2672075909521062,0.09565010585744496,0.898309372376482,9.21973423150863e-07,9.038223005773112e-07,1.8151122573551572e-08,0.00010637591738630604,0.0001063128419654953,6.30754193233214e-08,9.641972650964824,332.32085544188436,7.396217480098471e-06,2.788718525217685e-06,0.2611143648073294,1289.9093463948443,0.019222249261392387,-2444.22382925716
60,0.6784719567491505,94.25825383293643,0.23474940575614123,93.83674624082101,0.18675818635926705,1596.423569535148,1569.8650476921412,26.558521843007988,0.1190361257518138,0.117859136392017,1.1509549503521201,-6.589463458875682e-07,-6.753447212916974e-07,1.6398375404129484e-08,-8.315364249923529e-05,-8.321245532934099e-05,5.881282823076633e-08,19.09442010220395,647.4136625507908,7.242979928421545e-06,9.110878715801265e-06,0.31418788697502,1318.7703237355015,0.019009392478101655,500.54488489001596
61,0.6654638681628781,94.48406563889533,0.2830721260909626,93.95314638115502,0.2478471316493576,1588.0710289622286,1568.061414115041,20.00961484718813,0.07695816416327769,0.1194854804010088,1.1380480894253915,1.3647946574715352e-06,1.3510719561821637e-06,1.3722701289371418e-08,0.00016190084294743077,0.00016183890011656825,6.194282908436773e-08,5.826481843442956,720.269357485232,6.301883819895003e-06,3.134462991879901e-06,0.31321147777197594,1309.5199637347914,0.019556526717082627,-805.8914537354103
62,0.7228724795447135,123.44626741214026,0.41343462110108636,122.83430742045775,0.19852537058142333,1736.2172100979024,1711.378353917302,24.83885618059872,0.36893625540633607,0.13231849056436265,1.2746847700785335,-1.4140705845250532e-07,-1.6302688407220342e-07,2.1619825619698004e-08,-2.876114775759333e-05,-2.882334128054937e-05,6.21935216328909e-08,8.392922675517397,312.5759682081304,9.744521181000812e-06,3.2551570594019713e-06,0.33277307799675654,1719.010386067614,0.0202077508677865,-280.12505442581823
63,0.5829004977433064,76.31084552890263,0.1870560231067419,75.92236430622101,0.20142519957488572,1313.5131329109327,1294.842956882555,18.670176028379743,0.07491357278930727,0.09716671066083474,0.954568094052736,-1.7600278721329166e-06,-1.776667804930527e-06,1.6639932797609948e-08,-0.00021054039556504093,-0.00021059677191125292,5.6376344570757824e-08,11.533830817670625,-334.927858037445,4.988950513015184e-06,2.704187054469479e-06,0.2692921694460645,1048.3896925307354,0.01844340478768244,-191.48220696245335
64,0.6095468842213341,89.84615798701843,0.2957236943554941,89.24941721484,0.3010170778229436,1626.795304088205,1605.3929155746405,21.40238851356565,0.24630751578439683,0.10350419895398864,1.0039700713350932,-3.2841331820502494e-07,-3.4312978910000934e-07,1.4716470894984361e-08,-4.518459130138307e-05,-4.5245877346670525e-05,6.128604399480246e-08,15.896268320370861,392.0590517284337,7.3253146118940515e-06,2.7316483582086535e-06,0.2695153739525873,1237.541905864719,0.018943362387581195,707.0272868464126
65,0.5687812857355914,74.47429332942345,0.17817336450189036,74.11910209716373,0.1770178677578451,1396.041045581613,1377.4208792031263,18.620166378486932,0.10660485301242764,0.09255248744873422,0.9131620323408429,4.247929491303851e-07,4.083892321710377e-07,1.6403716959347446e-08,4.70543171591143e-05,4.7006292377919364e-05,4.802478008608525e-08,25.21297357704489,645.2663458383821,5.124258069476299e-06,3.0487798445343394e-06,0.25341646753291025,1034.8111482395425,0.018586349282605143,54.067698467890295
66,0.5930024173064642,71.33625757164532,0.19901935116436217,70.93753966890233,0.19969855157861954,1187.3997744060903,1172.267069019907,15.132705386183526,0.09403121817394863,0.09745134866251466,0.9793509179504148,-7.421169870909322e-07,-7.568115663465217e-07,1.4694579255589906e-08,-9.25816319358213e-05,-9.262913567458518e-05,4.750373741548072e-08,5.358576144335451,501.26603953906084,5.139203408932731e-06,2.443488491174742e-06,0.27587915485447195,990.7016021839157,0.01953275258495362,257.7879389720438
67,0.6283424036127957,93.81052031531468,0.3192147120253942,93.22104890294466,0.2702567003446182,1659.1142545579644,1637.950447824924,21.163806733039966,0.11852847551715064,0.1171272865160531,1.1081576843107008,2.6265807140390115e-06,2.6089712652296537e-06,1.7609448809357196e-08,0.0003071979662368997,0.0003071414878494464,5.647838568228839e-08,10.430228250875428,553.7195551254639,5.973037861056403e-06,3.5412785352788107e-06,0.30708379451170964,1328.220998221184,0.018112853784985523,1180.5950958949797
68,0.687056388545741,101.93364146630569,0.2874823615973956,101.3737888650633,0.2723702396449833,1751.068117716147,1732.3620674794906,18.706050236657582,0.10484500777323048,0.14306278794770919,1.366273535531913,-8.948998655487809e-07,-9.103805714613471e-07,1.54807059125662e-08,-0.0001110550008735219,-0.00011111968862579845,6.468775072198687e-08,6.690425675199874,649.6669307179391,7.578771450709772e-06,3.642193713121728e-06,0.36692415063842204,1396.2992485308405,0.02059142570719993,-518.4441044699633
69,0.6036618889944323,72.4826255718782,0.17402263888810116,72.09342381133729,0.21517912165281236,1283.9665827895424,1264.3744990408347,19.59208374870935,0.09783577275657415,0.09541100458480593,0.9573790361803143,-7.73213910618998e-07,-7.879932019415384e-07,1.4779291322540532e-08,-9.610756220842124e-05,-9.615592740779759e-05,4.8365198055170777e-08,7.183200104432052,531.2172324945227,5.345898495298616e-06,3.2064095343309684e-06,0.26801763799678824,992.2504258700512,0.019351026466157942,-1011.4816507303949
70,0.6911533853893752,107.37776689794616,0.2912459979723043,106.7633040280658,0.32321687190804704,1423.15626968594,1390.4374527066022,32.71881697933375,0.15640922594711545,0.12399516667428552,1.1467620574871351,1.1162568560925214e-06,1.0983797099980972e-06,1.7877146094424016e-08,0.0001316792693419048,0.00013162088068271506,5.83886578670799e-08,48.14418013057927,512.9115778912956,7.201435906584494e-06,3.420212597757621e-06,0.30922512741348296,1543.2983790345431,0.018830286662062285,-1039.8070952415546
71,0.5637109095687481,62.139003184885965,0.19397100114820448,61.66889059926966,0.27614158446810544,1084.7035009987796,1067.9610421051375,16.742458893639864,0.08695334963547495,0.08549804629318443,0.918254302862429,2.7265868948340643e-07,2.5912450142672956e-07,1.3534188056677004e-08,2.8133007809830304e-05,2.8085568885373877e-05,4.743892315956677e-08,3.8222819637673786,212.0585572515319,5.260973621877094e-06,2.4304457256724533e-06,0.24090703298730987,853.9281454842605,0.018242940850275505,-10.750232132868405
72,0.6165198539650524,81.2689207433943,0.2687834627381027,80.7255730926545,0.27456418800170945,1370.1882824135353,1355.0140214326307,15.174260980904767,0.0843907168300855,0.1027631965215474,1.0440892194696476,2.831635642928945e-08,1.3419079613831092e-08,1.4897276815458364e-08,5.600027665059477e-07,5.093846426347301e-07,5.061812234388728e-08,9.20444797970497,207.57685056459388,5.254932105313425e-06,2.596017771151912e-06,0.2788007535906734,1102.4402046249666,0.017793150358803564,2115.5990336654177
73,0.6635999594758525,97.6374677984176,0.30292766069734295,96.92375226868869,0.4107878690315635,1931.431567294065,1911.7232502446805,19.708317049386505,0.116809848161054,0.11879101188298284,1.1403654382060369,-1.0179035686838646e-06,-1.0317876133234712e-06,1.3884044639606428e-08,-0.00012193699639803742,-0.00012199866501804636,6.166861867176439e-08,12.059119202488244,234.05254069585456,7.070868651743923e-06,3.3218831388672304e-06,0.30822069768507887,1361.1677471311841,0.0190804351118043,-1445.9464795480017
74,0.6549394338710879,102.75075879882017,0.32013612645367967,102.12873712357444,0.3018855487920669,1426.5341094363212,1406.617919476391,19.91618995993058,0.29345045666896774,0.1305564058492875,1.2039341386110987,-1.5259457732785142e-06,-1.5407061304812082e-06,1.476035720269437e-08,-0.0001864180519056407,-0.00018648064782734387,6.25959201093729e-08,6.258885184716745,514.2147163193688,6.702702788208922e-06,2.8548172385707764e-06,0.31548215224285125,1391.8599834964662,0.020603190173867268,675.2501834202412
75,0.5841309728851037,89.60163300100554,0.289394712680609,89.08987918227629,0.22235910604863324,1213.6785423480817,1195.7556602383406,17.922882109742687,0.16144058702530154,0.10013740479301012,0.9210763970617358,-2.308520457494361e-06,-2.3216881790773724e-06,1.3167721583010357e-08,-0.0002795515373221254,-0.0002796069006127006,5.536328950678061e-08,5.039936430882996,490.0849582683105,6.9792818333701965e-06,3.096529265610499e-06,0.2616869631627599,1242.2489462809178,0.018461958451888544,1960.2379488816186
76,0.6931548601066816,93.10792303250233,0.2972955055590804,92.51911840410342,0.2915091228398338,1291.3163650539434,1272.5465752517684,18.76978980217464,0.19320058793797187,0.1233055730839933,1.2200997029421838,-4.3216417019392275e-07,-4.466462944588147e-07,1.4482124264891987e-08,-5.572625559807118e-05,-5.5782225178424486e-05,5.596957917111534e-08,5.349633437010331,415.2001334597024,7.430277719710948e-06,2.967110340171139e-06,0.3187060214213758,1322.7739789157083,0.018468973409057874,547.7549146938072
77,0.6008209155372247,73.6855086065299,0.26530920832400023,73.1223585009467,0.2978408972592135,1378.2128568004155,1360.0044564637567,18.208400336660027,0.07186848536027159,0.09690912175600087,0.9835913299833443,1.3820707756559686e-06,1.370129696056596e-06,1.194107959937253e-08,0.00015960291222310555,0.00015954946425580276,5.344796607824787e-08,7.000112948409479,359.58522386122127,5.878426661592114e-06,2.589553621754691e-06,0.27203073616795514,1032.7485071727551,0.018355460397279248,-420.02701170447835
78,0.6306264553721885,87.06900226628429,0.29115882239616564,86.42298870787401,0.35485473601412376,1463.8688912516204,1442.6117973391804,21.257093912437426,0.09161630594275733,0.11451959759105575,1.1333652343048524,3.1271853483707032e-06,3.110351665223531e-06,1.6833683147172767e-08,0.0003662033811969831,0.0003661468872906009,5.64939050422904e-08,14.182134350153644,281.78904039724836,5.691908926124428e-06,3.2287320613463287e-06,0.3020505074546789,1204.515796484467,0.01828859735796898,-1639.5247824161233
79,0.6143110914082132,87.60401955074518,0.23064825946047016,87.0477418982072,0.32562939307748834,1432.1773398215948,1414.286587897921,17.890751923673495,0.08126272097840873,0.10844765034325972,1.103797557207584,-1.0411385354368121e-06,-1.0565310546899316e-06,1.539251925311942e-08,-0.00012570833803852676,-0.00012576208536367825,5.374732372379541e-08,29.069834226969753,600.8567155917563,7.1065413847082845e-06,3.1585288726059843e-06,0.29351578634395903,1195.0764183230647,0.019945389093912583,-720.4263339533609
80,0.6530810597766147,92.55669935068258,0.2534891675026843,92.03214495180688,0.27106523137300415,1442.6204618054605,1417.1083497229954,25.512112082464228,0.6127630539307553,0.1129338322574779,1.0463889783668476,-4.2958628317309053e-07,-4.433758248629047e-07,1.3789541689814289e-08,-5.243531878558848e-05,-5.2487730180150475e-05,5.2411393390529386e-08,7.694150739014381,522.3042966104667,7.0603483440569e-06,2.915518699340909e-06,0.2994725068668073,1292.5943966473399,0.019151517006324014,534.925725887264
81,0.61014303431479,80.45512158862967,0.21890084973888085,79.83694968932411,0.3992710495666605,1373.7686188774837,1357.354064876082,16.41455400140363,0.10091638779840098,0.10682303175314993,1.045644943222549,-7.037502150627853e-07,-7.166002377392093e-07,1.2850022676424118e-08,-9.050557449721388e-05,-9.055703890873819e-05,5.1464410071942097e-08,6.84333729408532,320.15143793035656,6.887247316910483e-06,2.74188828430067e-06,0.2843106812605512,1129.8578948148092,0.019513892464541084,1168.9313783688194
82,0.6380027859692793,79.78123107433251,0.20481417625294307,79.29737023219485,0.2790466658846985,1313.6992970271685,1298.6028316004108,15.096465426758742,0.08531771028203307,0.1096367604809166,1.0778744111719962,-1.598811799928574e-06,-1.6116394239426292e-06,1.2827624014055435e-08,-0.00019299374310109986,-0.000193046769627827,5.302652547645559e-08,7.320094898111453,148.2072191237034,7.098127315949688e-06,3.5530143957963303e-06,0.2893927420208148,1134.2214088043613,0.019001762332148554,1436.3101343866583
83,0.6537610843211765,103.61499862589054,0.31476604950759857,103.08399430871118,0.21623826767174717,1233.5741810435084,1213.3312899556968,20.24289108781206,0.11573204742309305,0.11527885662460509,1.0479183385846123,8.271512710083954e-07,8.1253383098353e-07,1.4617440024865596e-08,9.511281149926608e-05,9.505135333071105e-05,6.1458167068845e-08,18.078656326702188,766.1511824192344,7.799832920247665e-06,3.652035326020006e-06,0.29038982210237707,1466.9761462133401,0.01871807306419211,3284.440382838453
84,0.6913620069651144,109.77708682479278,0.29046901999757624,109.10601533566373,0.38060246913146706,1692.3504388661838,1668.123552668562,24.22688619762266,0.1819134859145008,0.13448466040454546,1.2268582531550056,-6.30196590790794e-07,-6.461948667936262e-07,1.5998276002832277e-08,-7.663258832525798e-05,-7.669674759036925e-05,6.415926314624785e-08,5.665094029610288,632.0913125350171,8.188291426465681e-06,3.760189171624265e-06,0.33648604469455334,1512.4291247501292,0.01898881017834592,-366.62957228594314
85,0.6284843201136907,79.37001063558748,0.22214468506112406,78.77540715527027,0.3724587952560807,1780.9422848624527,1763.3204617340118,17.62182312844184,0.1414544693035464,0.10282600619147436,1.0162688094123122,1.761660986586825e-06,1.748960141724958e-06,1.2700844861867464e-08,0.00019899138158336815,0.00019893811273873307,5.3268843361226e-08,13.145480600516407,219.5162742825608,5.658877400033722e-06,4.090704582619648e-06,0.27481188353877073,1167.334644673025,0.019703472144351114,500.36318758790367
86,0.6054902064840387,76.66982608516626,0.24762066344385977,76.13299783009991,0.2892075916224922,1687.8141617829676,1671.353383515051,16.460778267916645,0.09829790678196956,0.09475157483330168,0.9289562556298022,1.1595070448687458e-06,1.14537319256967e-06,1.4133852299076008e-08,0.00013254701160028004,0.00013249206099740933,5.49506015741637e-08,15.605539084220176,305.7438579814864,5.593403198087766e-06,4.2519385161287425e-06,0.2649895242256187,1081.6680033875768,0.02028590886297464,1102.638408698207
87,0.6718235119221924,100.17657487948338,0.3583121951043513,99.46248939571898,0.3557732886600531,1560.101610053578,1541.9755287297387,18.126081323841102,0.24796450919888235,0.11174241980554185,1.0325678604338826,-1.349648307642863e-06,-1.3638438822099347e-06,1.4195574567071707e-08,-0.00016322587782111663,-0.00016328100471899563,5.512689602869525e-08,11.208537273698674,295.4595321619561,7.557783946259329e-06,2.420695737559469e-06,0.2889360170333482,1500.2343673760158,0.020500030869000447,2134.3974165586005
88,0.608596304509064,86.32400562931637,0.25233176252240375,85.75299505131814,0.3186788154758308,1328.0645830540766,1303.6534458295916,24.411137224485017,0.08127427037790187,0.10667858901918477,1.043231270813126,-3.8541303700791755e-07,-4.0092285139623533e-07,1.5509814388317958e-08,-4.927380790270724e-05,-4.9330696410859146e-05,5.68885067914415e-08,5.227352227658712,629.9740593119793,6.664866536051069e-06,2.774301476226979e-06,0.284455247329024,1179.2984774953243,0.02071002203742045,-638.8584027781326
89,0.6517911270327471,93.54418163715403,0.31521009188971344,93.12108587745725,0.1078856678070615,1547.154514416484,1524.0778386912812,23.076675725201667,0.11417152069019999,0.10634330351593717,1.0209349173456839,-2.2529429582147684e-06,-2.275092887518876e-06,2.214992930410776e-08,-0.0002726917905740351,-0.00027275508382935303,6.329325447274696e-08,7.892237345753854,421.52717254048207,7.051428062831148e-06,3.5292476180338413e-06,0.28191549369775454,1320.3779503099086,0.020682229168905313,-1000.0504670701339
90,0.5544816064378021,69.05178685826904,0.19527633547545412,68.65411786225638,0.20239266053720248,1515.5445759707575,1499.18466382868,16.359912142079242,0.09991998386852721,0.08861610186950306,0.918859924783693,3.334040742790946e-07,3.190033457657672e-07,1.440072851332758e-08,3.5521281756091116e-05,3.5469952230915716e-05,5.132952428868123e-08,10.945704583564602,369.16124446103487,6.178672786323397e-06,2.953612876780326e-06,0.25103323936259125,978.6610877927982,0.018681831856635047,-1049.3903929445842
91,0.5978876492017164,81.81884811179667,0.2008031894763985,81.43401075206938,0.1840341702508898,1251.306775392937,1231.1356735554461,20.171101837489005,0.08412479130579285,0.10330854500220843,1.0157186205853992,-7.898284789354273e-07,-8.063882057003112e-07,1.6559726764883744e-08,-9.95206900717496e-05,-9.957334267194871e-05,5.265259884271989e-08,6.196800580479283,233.86739000810235,6.313796255212705e-06,3.614206645189741e-06,0.2817587613584868,1155.1520693273335,0.019943389981269048,776.0500190937855
92,0.6536629544028059,109.89079506258828,0.2919236135468272,109.24451347459248,0.35435797444897243,1390.478765283305,1374.1593788965963,16.319386386709457,0.24012271043890637,0.1125801905358257,1.0111941449290736,2.0288225048124662e-06,2.0090394005310024e-06,1.9783104281463684e-08,0.0002369014802323809,0.00023683915691799165,6.232331339044625e-08,19.931889193982453,778.9588162933318,7.868513721517276e-06,3.441553853246321e-06,0.2889709936093438,1556.0649197746538,0.01890732631642289,286.61933936183414
93,0.5885243053125103,79.89474413113781,0.2404751286791755,79.34667358653168,0.3075954159269727,1404.5539661926568,1389.5205013694904,15.033464823164524,0.12616953710078938,0.10136637620660507,0.9965856326197053,6.230711822486547e-07,6.078767891938862e-07,1.519439305476852e-08,6.824535088697408e-05,6.819505810050995e-05,5.02927853610126e-08,21.82303488255096,483.83659917927537,6.362262046580704e-06,2.38510748453629e-06,0.2685382386404637,1117.9932305926125,0.018254728715525068,376.9468963297513
94,0.7220658115554953,118.53220401396277,0.3460976930870755,117.79746914243361,0.3886371784420994,1613.7064820558721,1579.9343781900534,33.77210386581584,0.17330485125648165,0.12052485815988778,1.1242093362757504,-3.1302920548283765e-08,-4.4752263788862844e-08,1.3449343240579053e-08,-5.7558666285058005e-06,-5.818653269307856e-06,6.278663960950996e-08,20.346358058381725,437.98588827248454,8.497479111136476e-06,2.9109659206884046e-06,0.3089082263818186,1624.56979838308,0.019534147720720065,2132.347603902501
95,0.7567270969376774,140.91611737647466,0.4657396105886356,139.99447721345538,0.4559005524306436,1704.5562966756768,1672.3941094835952,32.162187192080644,0.21177287580667872,0.14501338994515395,1.3146791972401435,-3.7214400778972886e-07,-3.899717346472798e-07,1.7827726857550917e-08,-5.53193485101411e-05,-5.538610641756551e-05,6.675790595727196e-08,23.162373798898066,867.5749280083536,9.441628254663162e-06,3.7447342886658333e-06,0.34584918871640713,1944.1607728519252,0.021501652962474006,577.6715247016509
96,0.5389213122299502,69.13793197537343,0.1898282502312215,68.71100755771091,0.23709616743129017,1516.045490603523,1496.2485416042546,19.796948999267773,0.0985417286210037,0.08776848082745091,0.8675201502390226,-3.393909064353225e-07,-3.5260117931921915e-07,1.3210272883896487e-08,-4.6177731397406156e-05,-4.622445801919498e-05,4.6726620967153935e-08,8.66866628072916,514.8956637846799,5.4356149700355356e-06,2.9874973395518496e-06,0.2410313797957703,984.2186908410922,0.017358254543016417,-1309.5181648922335
97,0.7009252536698061,101.22227839947023,0.3333672384925024,100.71753294318057,0.17137821779713738,1635.2215903141698,1613.2967127952832,21.92487751888589,0.2672711313799544,0.11221557412578823,1.0337210725286834,2.6551710235428393e-06,2.63950430324484e-06,1.566672029799883e-08,0.00030848816753034305,0.00030842460717236866,6.356035669648667e-08,19.754575147606275,678.4229698373472,8.564658203448279e-06,3.7678039529707367e-06,0.2918061724765671,1446.2228592035158,0.01940862793244435,547.6304375412401
98,0.5927857505732008,78.1596782977089,0.25709035674897296,77.70031629310631,0.20227164785361473,1494.7469024575455,1473.7583848168013,20.9885176407454,0.15427566215525085,0.09746346634858234,0.950130897873861,-1.1110099819348179e-06,-1.1245787088980083e-06,1.3568726963190404e-08,-0.00013512918270810486,-0.00013517778553458838,4.8602825128343136e-08,26.829058101543446,299.99464367117264,5.389633396344863e-06,2.3502682355797647e-06,0.2668587745239447,1084.529188174015,0.019250280455395518,-890.0198069919388
99,0.7596023970708079,116.70267182327704,0.34972515901513135,116.08655726487584,0.266389399386075,1944.2357986859793,1912.427113481783,31.808685204197445,0.13119782937729613,0.13474685978781262,1.3172908077680439,1.1183174473620092e-06,1.0986431806223436e-06,1.967426673966584e-08,0.00012694866996756232,0.00012688522285221802,6.344711415891405e-08,6.454018863904478,1140.530594736728,8.137465885888524e-06,3.6805353518129705e-06,0.3224680103806516,1637.3583544759801,0.020455831589905188,-1375.6478086376374
100,0.589176809822251,75.95194711518137,0.21077402094501962,75.48220985794951,0.2589632362868583,1065.3123107885203,1043.5558722715416,21.75643851698106,0.13083289558624372,0.09996298227219377,0.9789013608981071,-8.96667594683324e-07,-9.073434340984998e-07,1.06758394151753e-08,-0.000109393043744021,-0.00010944318560434796,5.0141858824347355e-08,20.439125476572666,616.259102338729,5.216075661604029e-06,3.008909419589193e-06,0.26600685959625076,1065.641433154025,0.018870746888810852,1829.5106500981092
101,0.7010307882995139,116.57811559088093,0.4139223200755826,115.73670180776037,0.4274914630449676,1580.8390727354617,1562.3555740436664,18.483498691795965,0.10543501971379722,0.1265734776715466,1.1489401693001458,-2.005083056845779e-06,-2.0238511621911723e-06,1.876810534539206e-08,-0.00024614384594287656,-0.0002462060323106957,6.218636679683808e-08,9.895620223422167,396.7808106486533,9.430298422438067e-06,3.258257797908459e-06,0.312419150691499,1652.9649186370934,0.018038982478893212,-3457.389543667545
102,0.7073322399325116,107.12036947624976,0.3214870954771814,106.67711056662274,0.12177181414986171,1486.267524196035,1466.9018243565079,19.365699839528435,0.241249588507165,0.12279662594310962,1.2112127744537478,-2.3306743630823844e-07,-2.4810542989896534e-07,1.5037993590726928e-08,-3.5763881499014546e-05,-3.583531982468785e-05,7.143832470762887e-08,10.576276646119414,1012.8394885318838,7.441851472254701e-06,3.1447765249541944e-06,0.3162223455447159,1481.5924344675673,0.018662524133739554,1979.0794712130519
103,0.6124578360416311,77.01963324937205,0.2077621194132514,76.56203963781829,0.2498314921405076,1503.4529757767393,1488.4237938724104,15.029181904327766,0.15602468066629244,0.10231899590290455,1.012156271669327,-6.807181462176342e-07,-6.94031790228083e-07,1.3313644010448673e-08,-8.248933626679828e-05,-8.254284245672334e-05,5.350618877026393e-08,16.21767175795143,685.360227974325,6.05421212833043e-06,2.455196726855396e-06,0.2815403286129617,1084.1209919532891,0.018917056013747064,1357.8113789574345
104,0.6185493389667499,79.6121336189844,0.2233790639508335,79.10963545279597,0.2791191022375833,1651.9435271225311,1630.4438211630036,21.499705959528022,0.1298866934181476,0.10059584306932617,1.0598287503733523,1.7947245641496204e-06,1.7803348709758391e-06,1.4389693173781076e-08,0.00020045791760752495,0.00020039959243365674,5.832517272679669e-08,6.422835574194725,353.4831916903125,6.200357255310752e-06,3.3279769915889397e-06,0.2776102742243644,1079.903333224282,0.02085556803461379,620.7345534860906
105,0.599910901988862,66.46776440192667,0.17892612893744275,66.01541073600691,0.2734275369823202,1424.0335925902066,1406.5216329300426,17.51195966016525,0.12757522132766635,0.08851997488684654,0.907380634520129,7.35057981996664e-07,7.199704451054779e-07,1.5087536891185996e-08,7.999653005044437e-05,7.994646283662722e-05,5.0067212694952505e-08,6.256768343690755,121.79094301385597,4.997572219983257e-06,2.657028184125345e-06,0.25550162489873224,944.847851928513,0.01782926392472575,408.1517946651875
106,0.6715719918036966,96.70064716065174,0.32074934742520944,95.97254548889377,0.4073523243327811,1608.7511815352925,1587.614208338013,21.136973197281357,0.15096164867606085,0.11970091345553235,1.1759692872424705,-2.3392086220765716e-07,-2.526384048138835e-07,1.8717542606226353e-08,-3.1254015507268046e-05,-3.131460189121424e-05,6.058638262063385e-08,5.478988475321369,288.70918056011294,6.867627964646776e-06,3.09743036012248e-06,0.31117434362229,1371.0905068714158,0.01945890399056918,187.64179619474817
107,0.6032817523553753,81.84508293401575,0.232332760527784,81.42516442435918,0.18758574912878226,1319.1919848441405,1303.8074796488393,15.384505195300608,0.06940336158881436,0.10566975242313603,1.0600865578607284,9.216512163513153e-07,9.100357782057877e-07,1.1615438145527813e-08,0.00010448721458407233,0.00010443339834225573,5.381624046432156e-08,13.082698643783406,326.73567579377885,5.456614626670568e-06,2.5857891749157428e-06,0.28439808782838394,1127.2627555561078,0.017923767340495025,134.1942370852703
108,0.6417565682276289,86.9501431838075,0.233039996633766,86.56971352411186,0.14738966306185144,1340.7985643971333,1322.9804628531049,17.81810154402843,0.10373366017010766,0.11675081168431717,1.1488055105956578,-9.249273346137633e-07,-9.40620952002986e-07,1.569361738922256e-08,-0.00011218009825279609,-0.00011223633024238945,5.6231987875244415e-08,5.941063485304008,532.7905058434869,7.867637745502774e-06,2.9695808801404135e-06,0.3144760831804393,1199.2917528362707,0.017382088544369966,1812.957423887994
109,0.6284092592504176,91.53840899992838,0.26151451131859554,90.99997632062117,0.2769181679886366,1627.5970483515582,1609.9162769438026,17.680771407757057,0.09912290511710085,0.09848271564325221,0.9551435262647325,2.6481513804669978e-06,2.632854710286901e-06,1.529667018009741e-08,0.00030912058048119303,0.00030905972049434966,6.085998562700632e-08,25.02008668327956,508.6018121329207,7.088415158375843e-06,2.8022587778323993e-06,0.2682758950518205,1244.1919696816801,0.018901936403116572,-1072.9592737725798
110,0.5625054780806591,73.065095075186,0.22199913304110935,72.65479539976043,0.1883005423844633,1256.9319313833632,1237.3990732921764,19.532858091185606,0.11452779941334716,0.09607548296661243,0.9285424266446809,2.1926731618042218e-08,9.467116569930015e-09,1.2459615048112203e-08,-3.2218741623882847e-06,-3.275053457134641e-06,5.317929344580192e-08,20.57038654904843,300.1137426982758,5.401807751966821e-06,3.380392111941095e-06,0.25986172831484644,1055.8413886976089,0.01882190829486,1431.2210435632333
111,0.6710819726502493,104.32541052635209,0.36241223973131054,103.59790771352274,0.36509057309802007,1462.4668009441914,1443.1031626085564,19.363638335635276,0.2141440367324726,0.12217620121532541,1.1483177345487037,-1.2868081409956328e-06,-1.3019293228937509e-06,1.5121181898117698e-08,-0.00016168966105681244,-0.0001617493829034759,5.972184497396936e-08,21.791808468250835,319.43575957851783,7.966261634496137e-06,3.7067459093514365e-06,0.30863465644655047,1461.109884935194,0.018713018508054496,-147.17534259420063
112,0.7081306628933087,113.91029025304957,0.3206101877345343,113.25203053589698,0.33764952941805326,1420.747947198326,1400.3817001734938,20.366247024834426,0.11461136256178195,0.12544031076480008,1.1520085151737478,-1.6566771614750254e-06,-1.6704056133238237e-06,1.3728451848797921e-08,-0.0001979571126868488,-0.0001980162813291143,5.9168640981986395e-08,48.284259186257735,117.92493995704821,7.835373645329212e-06,3.7001376856778675e-06,0.3137956482529023,1642.1329865780983,0.016793968956613826,-423.4440222731573
113,0.611229598855993,81.18474842844404,0.25887483064959566,80.60781199975732,0.3180615980371388,1510.1452359178604,1488.153977321435,21.991258596425304,0.08173472938665466,0.1015195970619668,0.9829053281346234,-2.2614374778945104e-06,-2.27541961221181e-06,1.3982134317299166e-08,-0.0002718076077420171,-0.00027185823673654203,5.0628992661399616e-08,7.016660151056861,751.1535090423035,6.953527311365549e-06,2.795787280375998e-06,0.26279982233979504,1145.9663265455283,0.01805782712486342,1128.9376307396305
114,0.7468584664757122,116.3742847277678,0.3149336712944123,115.73940815419287,0.31994290228050076,1539.351642726703,1514.1797878810705,25.171854845634144,0.13598164057387246,0.14903504249177896,1.329775444746617,2.1761081134112734e-06,2.1613977594812246e-06,1.471035393004961e-08,0.0002480067658084233,0.0002479451083977562,6.16574094656138e-08,19.032568745976683,949.0093697746893,8.72891816592834e-06,3.14716726811616e-06,0.36135489692194533,1632.410522322247,0.018322083356445775,-899.6789664885291
115,0.6634109366077826,96.1260943260029,0.2866791828930548,95.56788913203845,0.27152601107139934,1250.4465289024265,1223.0764047626426,27.370124139784348,0.07255311092309431,0.10624101014586732,1.057983524494994,-4.058334326149457e-07,-4.212095750230215e-07,1.5376142408075652e-08,-5.170372605181342e-05,-5.1760691154221744e-05,5.696510106185406e-08,10.794169228040593,251.37992135003307,8.135096744534775e-06,2.693755873123177e-06,0.2826885994830939,1355.2450941333202,0.018381283592409113,-833.0876175998455
116,0.5232938730866884,68.20652642362359,0.19218619318316912,67.75386244590779,0.2604777845326446,1248.4232652493295,1233.6335892916256,14.789675957703562,0.21418445416994644,0.08500920494560094,0.8421493562760684,-1.300623472872413e-07,-1.4318731627259435e-07,1.3124968985353052e-08,-2.115054261248998e-05,-2.1199536464612477e-05,4.8993850868544686e-08,6.3972984037174925,549.1035943867552,5.0010347647706996e-06,2.839250111664628e-06,0.23680132434992188,917.84736169713,0.01875724945488174,1397.8625534625862
117,0.6485549255914996,90.67709161421587,0.2355000124381484,90.12577621806972,0.31581538370800766,1473.5406661874458,1449.329777600768,24.21088858667951,0.1164557665409231,0.12016662975498724,1.1958750430560923,1.4863327780082691e-06,1.471465861370444e-06,1.4866916637824303e-08,0.00017014604284424517,0.00017008521192056177,6.0830922493211e-08,15.011276071171043,98.49933907733457,7.732377006916854e-06,2.7592687693540417e-06,0.311285253067427,1264.7906759911189,0.019557776509148486,-185.51284965381274
118,0.7944399640462845,143.74917494629992,0.4815806554398659,142.6286262716354,0.638968019224642,1558.172638286967,1536.511620064608,21.661018222357626,0.14296114570803528,0.14637091831761503,1.324753511390555,-2.8125385800121633e-06,-2.832811632962049e-06,2.0273052949885983e-08,-0.000338010668500958,-0.00033808142766143134,7.075915899317146e-08,16.586628988823783,1125.3445615538342,1.0542658860410183e-05,3.5134649173478646e-06,0.36613152469047705,2004.719576429439,0.018871761323593327,-1133.7884773965416
119,0.68830370210577,115.70980670275635,0.36185929681687024,115.01670503321385,0.33124237272561935,1605.1266569257784,1585.8917719260016,19.234884999777385,0.20305132687474628,0.12031232737551523,1.1253786075172585,8.520331258695838e-07,8.364731118608938e-07,1.556001400869009e-08,9.607466784624493e-05,9.601502175473538e-05,5.964609053901646e-08,8.891316029723255,563.5604603786413,7.587910397038803e-06,3.292627877387662e-06,0.30431288497736547,1599.8674141373085,0.019496348616268228,2655.1303357640536
120,0.7030852398804988,127.71843463732036,0.4636859555556318,126.7960867655023,0.45866191626244335,1909.080281976887,1887.2444231048144,21.83585887207407,0.20497108920495954,0.13815646419647346,1.2543930222302888,-1.2636461940712775e-06,-1.2822024041559869e-06,1.8556210084710096e-08,-0.00015753473950278106,-0.0001576024181821323,6.767867795589828e-08,7.984208334616637,254.87741085513733,9.35089579585976e-06,3.37108806970488e-06,0.3411294370978196,1804.8496765047446,0.01774772316706034,-2475.5941145524775
121,0.679798853944405,107.24826074096525,0.2919464210042453,106.6548086016873,0.3015057182737255,1583.6428527025687,1558.4792261450505,25.16362655751937,0.14767232347731052,0.12099226933760472,1.1644992713319455,2.892841210509509e-06,2.873307026644602e-06,1.9534183864907325e-08,0.0003358697073004585,0.00033580735452532677,6.235277341157029e-08,8.980521212794315,484.77385265997833,8.079030096869014e-06,3.3261446763419473e-06,0.32532798150170095,1514.845306180328,0.018996620187286727,-359.09511518138606
122,0.6917313196347981,113.78311602211075,0.3016714630290564,113.11048100514977,0.3709635539319321,2008.067599534186,1986.3428934781887,21.724706055997572,0.11543272124643847,0.1290506281683502,1.2172145297455434,1.0337462779064652e-06,1.0167495356637976e-06,1.6996742242667608e-08,0.00011965576642646982,0.0001195949928661317,6.077355880247515e-08,9.643001203251039,341.41772843863544,7.904276132582146e-06,3.1886109024410456e-06,0.32504709509213064,1599.050384025915,0.019536016625209065,-3996.7267285236376
123,0.6028559805861875,87.15234160347534,0.3142243230749972,86.60321348233487,0.23490379806548056,1258.1001068019452,1235.3027198489478,22.797386952996842,0.11103937894370919,0.09558447004622134,0.9013645856798541,6.868870269504937e-07,6.703695510917764e-07,1.6517475858717146e-08,7.655496485191572e-05,7.649396436887442e-05,6.10004817208857e-08,6.799197910888497,347.54671898907424,6.502852937344047e-06,3.7228582694878792e-06,0.2528911090967372,1180.5429034083736,0.01860874630714849,354.6451177293384
124,0.572142667760491,74.06468108609849,0.2102852377001191,73.64172339404931,0.21267245434906706,2008.0653651350158,1989.7277313931204,18.337633741894667,0.16328798632472788,0.0961425858007205,0.9583304010466633,-2.8810237673264743e-07,-3.047757275703569e-07,1.6673350837709615e-08,-4.1779787447808186e-05,-4.183281684496744e-05,5.302939476324752e-08,4.691175705832275,214.96019373622084,5.601297797526066e-06,3.3651943040819607e-06,0.2526170108507573,1012.8869023047199,0.02002437884146595,1307.3866339476153
125,0.6325786238443889,85.38722721946863,0.3133608611627427,84.776830223763,0.2970361345428951,1412.4783440039685,1395.9694748855636,16.508869118406448,0.10114012029075559,0.10130361283327226,1.0012865260125985,-6.907603739786641e-07,-7.048328026844646e-07,1.4072428705800359e-08,-8.287614160976121e-05,-8.293092722691467e-05,5.4785616021794206e-08,7.455770672430557,427.94502066860383,6.5781318824105645e-06,2.4958494807825198e-06,0.27069821687246864,1242.4006774141992,0.018631618138135325,36.51119705899691
126,0.6047710741469676,87.08917993124902,0.25122175480580405,86.59492379640291,0.24303438004030556,1451.7932803461508,1434.9554075514882,16.837872794661873,0.16290002458626845,0.09910195391285778,0.9292213310464474,-2.1879419010064186e-07,-2.347930287275698e-07,1.5998838626927877e-08,-3.270579677316213e-05,-3.276414057273729e-05,5.8343797798291304e-08,4.401102246684946,479.8566224044026,6.107796382814222e-06,3.117209897651632e-06,0.2591416018864475,1187.1935384509432,0.019013585042194296,849.6184358257633
127,0.5618487401162652,73.97744900612597,0.17686995908374709,73.5263681119886,0.2742109350536151,1261.899398701122,1246.1359367833995,15.763461917722825,0.14559066914445615,0.09248187028775876,0.9214787653839634,1.5885135748951211e-06,1.5735245751730477e-06,1.4988999722073564e-08,0.00018484170311162934,0.00018479112939022912,5.0573720195533304e-08,12.791840633668446,398.72938273643365,5.483836398897499e-06,4.049933893416061e-06,0.2526611691233148,1015.082619428886,0.01758668553025721,-1934.6061949177601
128,0.6506615678278508,93.15194041645873,0.26032118940774107,92.59306328148175,0.29855594556924064,1418.5884272118317,1396.6063160641438,21.982111147688578,0.15725241837206294,0.11059413959171766,1.0726285618510223,-1.157672497994214e-06,-1.1729843294234524e-06,1.5311831429238622e-08,-0.00014394711616033855,-0.00014400275371724862,5.563755555172883e-08,7.146156294783855,485.1310631141641,7.917287737887432e-06,2.956939829403978e-06,0.28815211577904426,1274.3143980424404,0.01884031223872976,153.91872515018258
129,0.6370396630920138,110.98738565956846,0.3378714132976688,110.43212938082011,0.21738486545069657,1413.0849820558544,1393.6472052767633,19.43777677909032,0.18618675674383878,0.13241275951284842,1.1737147857422516,7.287964224938617e-07,7.145838965360155e-07,1.4212525957846154e-08,8.014179515460806e-05,8.00834984034362e-05,5.829674971981787e-08,9.218355447378261,585.2094194022916,8.593984979006695e-06,2.662692427055968e-06,0.31591658001928885,1526.3140530599724,0.018129271906906278,-577.9957222276062
130,0.5697994453936938,80.83231636150273,0.21364436439512385,80.30427315500239,0.31439884210523344,1507.7156834852144,1491.3535832281368,16.36210025707852,0.2188243314077299,0.09440996712788734,0.9048511710945137,6.438470386987454e-07,6.300855901072179e-07,1.3761448591527143e-08,7.377311452163759e-05,7.372433619240391e-05,4.877832816326237e-08,8.57921726797307,691.7314427213157,6.616897166501731e-06,3.499310970799199e-06,0.2501160884073163,1136.3090486576716,0.01913829144673865,1771.9028821307802
131,0.6619339557743921,89.27589067564405,0.25729851733479114,88.71485598341873,0.30373617489051935,1413.3983916689606,1396.4370256676136,16.961366001346637,0.18725531420265343,0.11219179769441831,1.1071323558406525,1.4160339667855776e-06,1.3995678218335227e-06,1.6466144952055096e-08,0.00016030774970384474,0.00016025517940622118,5.2570296227517955e-08,10.921825564846397,427.7409235071778,7.382095339518631e-06,3.2140748551737745e-06,0.2942174439749095,1244.459316854907,0.01908995303125319,-2801.445265010647
132,0.5973813433992374,88.60950260339753,0.2435515226315642,88.04906391036856,0.3168871703973907,1428.7304121374361,1407.2497677102313,21.480644427201774,0.07588220329504,0.10127036491407103,0.9659921708528976,3.6828895812624215e-06,3.667685419221876e-06,1.5204162040546263e-08,0.00043312961575860934,0.00043307005272480204,5.9563032129732194e-08,7.740705597559918,658.7859163559956,7.420530301869506e-06,2.7791815863243246e-06,0.2697593968427284,1211.8993296337558,0.017949219345903072,-515.4212400198958
133,0.5665915259406549,86.3211699316343,0.2744615793590928,85.68745230267474,0.35925604960045227,1173.1408631455354,1152.7966565080762,20.344206637458495,0.11932273405906905,0.10005265140710429,1.0059662807204632,-1.1823803456326524e-07,-1.3229936440579992e-07,1.4061329842534732e-08,-2.1045552333753332e-05,-2.109802242640349e-05,5.247009159981501e-08,56.09502155346437,567.105266955481,7.312054291696596e-06,2.24892318388036e-06,0.2632454955284034,1225.0627060324632,0.019340042045763325,-1154.2050303117176
134,0.723403899637218,120.63216099941135,0.392289608975119,119.96064322542942,0.27922816500682124,1580.0636744442636,1554.8152174533793,25.24845699088452,0.22607599892065386,0.14025270247374313,1.2866463959940213,1.006318207590734e-06,9.906483400407998e-07,1.5669867549934283e-08,0.00010848338693744759,0.00010841672958774117,6.665734824030215e-08,20.716359400076634,543.7844060337202,8.314872928947968e-06,6.36516363750118e-06,0.34851676743728077,1722.3653308523758,0.020122937246913025,-1540.6709278189774
135,0.6498574214782492,75.27710556050786,0.22025347826327096,74.879051190555,0.17780089168958307,1629.968581248468,1610.9145345851337,19.054046663336702,0.13208837854320582,0.10060431360301209,1.0092998767731656,5.320612312564495e-07,5.188852221423871e-07,1.3176009114062932e-08,5.560752576679547e-05,5.555751498298859e-05,5.001078253760363e-08,22.184535787818067,578.5195510319048,6.029101392572979e-06,2.8092942734985227e-06,0.2840444853944119,1040.8223803212293,0.019303844555974375,-637.0820199267473
136,0.63190450259396,113.82436256661785,0.38562757584971713,113.14634055338766,0.29239443738047427,1657.9338124900062,1639.470687589298,18.46312490070811,0.14788537096807164,0.126741731676018,1.110344096949329,-7.136249303453774e-07,-7.304199198812267e-07,1.6794989535849433e-08,-8.934638870646785e-05,-8.940789943289893e-05,6.151072494697528e-08,7.273797932337372,615.6005946408917,8.845980866627638e-06,3.197768545823825e-06,0.3037875398100899,1591.5098928137347,0.018630083556363992,3074.3075851925532
137,0.5420583395040409,61.59124245062375,0.20438396875254197,61.206363742914114,0.1804947389571041,1467.0107264720764,1446.4586878850553,20.5520385870201,0.08969893510668152,0.07507310542278199,0.7896765056726718,-2.0265612356627756e-07,-2.1647723467518618e-07,1.382111110890863e-08,-2.96314950128022e-05,-2.9680529452405946e-05,4.903443828230703e-08,7.4697494905671125,277.8401183215162,4.7975535940326985e-06,2.9391034068375574e-06,0.21569402159425577,857.7434239414322,0.018005597386667675,-591.3115542844862
138,0.6375771613239257,92.56659871837498,0.2626791968409975,91.89553393053357,0.4083855910004014,1611.5336909453981,1588.5215727887262,23.01211815667046,0.14175171718639024,0.11098804885841627,1.0494443825782689,1.5000888349805927e-07,1.3501236790809238e-07,1.499651558996684e-08,1.4724819745688801e-05,1.4663908574427259e-05,6.09111702173299e-08,7.202169756004146,300.2846925622402,6.974957566516024e-06,2.8138564534951206e-06,0.28968133893915815,1281.770635754138,0.018343911097490544,-2846.832793604346
139,0.6275387586931541,99.08651426745466,0.31904434380338653,98.47499297833471,0.29247694531656143,1376.4136582102576,1353.2787959091356,23.134862301121903,0.11485156961540462,0.1160386463500393,1.0646479503243806,-3.412242047498931e-07,-3.613554412013822e-07,2.0131236451489177e-08,-4.956020007765103e-05,-4.9622611592016404e-05,6.241151296877736e-08,7.381586914582833,193.51762748071147,5.5953177493878474e-06,4.813421933739795e-06,0.2988545498228436,1447.4475353115372,0.017996315022034637,-65.4661855419763
140,0.7072684782387028,119.66165097498613,0.3852444522976935,118.77808671291518,0.4983198097732514,1830.5139652614616,1811.582111539988,18.9318537214722,0.2221655666793021,0.13729716627666266,1.2577123852914902,2.24513007811732e-06,2.228495432424276e-06,1.663464569304324e-08,0.0002575803983147731,0.00025751436464016146,6.603367334197904e-08,21.769897401885874,437.78155041571864,8.578494105610697e-06,3.39197196699145e-06,0.3340362128237815,1708.4682129702442,0.01883032687663071,-56.0981084883897
141,0.6124676435558553,93.56832187324552,0.3210797373795298,93.02901639526132,0.2182257406046549,1626.78257069272,1605.4707657197234,21.31180497299473,0.3285011888062166,0.11861259923779023,1.1145325652962712,1.8067594112474328e-06,1.7901177105677754e-06,1.6641700679657445e-08,0.00020543539163836208,0.00020537710378895803,5.8287847900649716e-08,10.135549734900358,563.5002177056273,6.467848409284429e-06,2.5639783848807824e-06,0.3081711766957641,1315.2738119827586,0.01797826939157657,903.1180123289814
142,0.7275894026013054,127.24180790495748,0.5604433126929885,126.40442286673132,0.2769417255331625,1580.7009226716411,1552.2107451216848,28.490177549954296,0.13334051670703728,0.1372161131617507,1.2193436806032987,4.4980593844027974e-07,4.317759118679627e-07,1.8030026572316907e-08,4.54563584289275e-05,4.539778503634056e-05,5.857339068620695e-08,17.43328205483076,546.7914336337082,8.919331320628153e-06,3.4623457112327784e-06,0.3502183624910093,1790.7139559588966,0.018371983903146944,-997.2769636548364
143,0.6556828329625933,97.76945898372244,0.28471881765119667,97.21805078298402,0.26668938308723383,1362.8708057978426,1339.6676768963403,23.203128901501348,0.09591787552445087,0.12107072481284933,1.159871282373026,-1.3047523805845409e-06,-1.3176440994032365e-06,1.2891718818695927e-08,-0.00015853286620117515,-0.00015858616518528323,5.329898292318304e-08,14.367569437348877,433.1268524482659,6.9714530562240386e-06,2.6461392201103315e-06,0.30455583567840216,1345.1265447744486,0.01817301690996545,372.3843372091178
144,0.6667127886812699,98.53899040702744,0.30847002986796696,97.97510523371628,0.2554151434431948,1769.7346211893957,1747.8363483812307,21.898272808166176,0.17707160797381977,0.1215971149293971,1.2395477018819172,-1.2461992166826733e-06,-1.2648979052737184e-06,1.8698688591044854e-08,-0.00015154439286858468,-0.00015160580182128065,6.140895104857657e-08,7.38551634603305,545.4267111874299,7.280805987748518e-06,3.152092147360225e-06,0.31594975499276756,1373.1998212494914,0.020148156045014482,2342.28190192462
145,0.6127135587571813,88.92702715050845,0.3214981195836408,88.33473700955456,0.2707920213702259,1444.8192373980717,1423.1912174289012,21.628019969172787,0.12300722268589154,0.10625635835256511,1.0784754666746164,-8.149091083926671e-07,-8.305153242348705e-07,1.5606215842203457e-08,-0.00010621370862702988,-0.00010627251078639776,5.880215820993729e-08,7.52860015386946,490.5307749598175,9.289208970533164e-06,3.622115849195756e-06,0.2792174454302779,1206.4012086330656,0.017993935077559062,-625.7025160366538
146,0.7237320398761606,111.57224018786427,0.4136361360682781,110.77480487392174,0.3837991778742398,1803.555060744127,1777.9552541316798,25.599806612447136,0.13622773442907282,0.13177523672830166,1.2372050011708529,-2.514887818437787e-07,-2.705769602313134e-07,1.9088178387534834e-08,-3.9636024900774345e-05,-3.96975446423736e-05,6.151974045990069e-08,12.442065218010168,369.7244836554356,8.128406432181034e-06,3.441982343594383e-06,0.3407348245423502,1547.3662309879178,0.021234994232003954,-1104.654183928029
147,0.7528304403817513,126.39808620708264,0.34406156188301695,125.59462115142766,0.45940349377197554,1306.1665155535243,1279.4826231267718,26.683892426752102,0.1236474335612725,0.15418145303652048,1.4725458877809772,-1.85998914582737e-07,-2.0108694127511384e-07,1.5088026692376895e-08,-2.6422386716811848e-05,-2.6481633477229002e-05,5.924675873589554e-08,7.54679785294951,413.5372454691219,9.480404621251652e-06,3.3647641306776213e-06,0.38678330101279307,1736.8149268338357,0.01966043789077384,153.99578008060416
148,0.6586101530399224,104.36561588388655,0.35458363683978616,103.53955505212227,0.4714771949245029,1212.9723318011122,1190.9664916641589,22.00584013695358,0.1481755453932264,0.11026552896704446,1.0642533289756082,1.6781641410849685e-06,1.6629348836067915e-06,1.5229257478176518e-08,0.0001922120737577628,0.00019215400048096964,5.807327600145649e-08,9.348159197631205,305.7052103156124,7.818038367917374e-06,2.98711749886223e-06,0.2881576525142124,1480.455001996813,0.017533107359689905,1152.8676287902163
149,0.6531708286038995,90.35136212521518,0.23796642312816269,89.75594162809828,0.35745407398873685,1444.6004769408617,1418.4181969173092,26.18228002355205,0.12178939538633883,0.10761621886667659,1.0483945024708987,-1.4332368354340207e-06,-1.4481926707105004e-06,1.495583527647866e-08,-0.00017659336727870268,-0.00017665095599133095,5.758871129418661e-08,4.145887400614329,671.9297360941887,6.49827159938872e-06,3.3273968000272545e-06,0.28117772086225834,1242.3926889528173,0.018972676018358604,-181.92300108858763
150,0.6629385432538616,105.02394573024523,0.33470780987762255,104.3979021218056,0.29133579856202335,1674.059738669043,1644.3068291291795,29.752909539863246,0.14331488314469953,0.1285771476784539,1.208748781350884,-1.0108509910760902e-06,-1.025277604960454e-06,1.4426613884363664e-08,-0.00012615561626599394,-0.00012622338070558025,6.776443809332777e-08,14.404912038526751,150.97205474465423,6.6598218959900465e-06,3.349862880142934e-06,0.33903608710855404,1494.586455495724,0.019737637421240274,1153.7944917933528
151,0.6541576495937338,89.40396231866072,0.28505900029345826,88.85414334192723,0.2647599764400305,1579.3504795040867,1561.0343645605985,18.31611494348816,0.17652010937520005,0.11169826976377428,1.0938624183079246,-2.553856065406261e-07,-2.6978003126682414e-07,1.4394424726197921e-08,-3.3418015535015546e-05,-3.3471150138309905e-05,5.3134601528533816e-08,15.603659465943675,527.6137077018732,6.465868616360405e-06,3.3156325309915864e-06,0.3004251303528732,1212.1237522678111,0.017908075196613606,653.4581676552698
152,0.6654187012924617,104.87646007743433,0.2452426096776407,104.36791662443848,0.26330084331821063,1638.7711783997036,1617.491517167589,21.279661232114314,0.11027047064660145,0.11481804521339568,1.097411818855011,1.0708267487335545e-06,1.0541098080881397e-06,1.67169406454151e-08,0.00012420490844892084,0.00012413993372897521,6.497471884914838e-08,9.241685202662653,443.53409168927476,6.537278727859353e-06,4.888694798115888e-06,0.3113644009867173,1439.9310688847563,0.018537532648167595,2388.5670959552117
153,0.5716851112463539,70.20900006355286,0.2003283367103874,69.72616514984331,0.2825065769991599,1553.8786887576064,1533.4099423878067,20.46874636979867,0.07450863382216459,0.08950587198142039,0.8961006737061276,-1.2192266138947865e-07,-1.3744191992029832e-07,1.5519258530819694e-08,-1.9080504511875955e-05,-1.9136366869658765e-05,5.586235689191122e-08,7.569737458947595,546.3962271830435,5.998893790685796e-06,3.221478484820152e-06,0.24407824988557267,988.1152051143531,0.019037093094310446,892.1719229871851
154,0.7189287657078498,108.30399801466456,0.39248628491242,107.52009358918167,0.39141814057048435,1849.3147152100935,1829.066013295622,20.248701914472043,0.38709679630399696,0.1388206433489024,1.2717908142555392,-5.846569850903718e-07,-6.00837651874653e-07,1.6180666784280982e-08,-7.342674518069797e-05,-7.348422238044775e-05,5.747719796083506e-08,10.683822797745917,801.6320106465417,8.214172917780248e-06,3.2539478821779855e-06,0.34198751849774334,1523.826634406466,0.02065759063196539,-5.416981032267358
155,0.5688335861616772,78.79674183793541,0.2223557724977088,78.38857207045565,0.18581399498205636,1394.8320869926356,1380.3094364066774,14.522650585955782,0.12123885798551147,0.09769734218526746,0.9474188947501756,9.373936258924239e-07,9.216570714778363e-07,1.5736554414587443e-08,0.00010285421680861494,0.00010279999496440866,5.422184308082071e-08,4.42508790833769,388.3991929266502,5.84476226798159e-06,3.223202632189849e-06,0.25674921228904496,1066.6508326955898,0.017749766195202795,1286.359961503138
156,0.7149510285446073,110.71126286523072,0.32461054756803626,109.88754473704239,0.49910758062028854,1917.4669981681893,1891.6385057151647,25.828492453026417,0.14363086389943802,0.12855155395071363,1.2106868663831136,1.0250794757436802e-06,1.0085908934947611e-06,1.648858224891975e-08,0.00011262714875830833,0.00011256476817773831,6.238057939724301e-08,10.835439644709709,251.3119958852884,7.09481639671129e-06,2.851982118988128e-06,0.31472374499695865,1543.5251967713505,0.018722040997531806,192.24611043667392
157,0.5962616226524134,80.91107875992712,0.2537365491871142,80.31308189599409,0.34426031474590457,1065.263331798545,1047.6073671706145,17.655964627930395,0.11950238849513682,0.09504661182750661,0.9404859950979282,-5.490257145715716e-07,-5.619960522583173e-07,1.2970337686745607e-08,-6.761552258577928e-05,-6.766864673201189e-05,5.312414433513096e-08,17.328786701767704,327.5615841499346,7.1927552375147e-06,2.52833605384431e-06,0.2676462350059837,1121.0046617070084,0.018819925599732334,330.2525291394486
158,0.597460520187258,87.34330224399399,0.2201062411485098,86.84493577457805,0.2782602282674313,1433.1976613941015,1405.6785708547898,27.519090539311303,0.1971227819809993,0.10651074454911973,1.0364630906510164,-2.3722670265665454e-06,-2.38519016480727e-06,1.2923138240726117e-08,-0.0002844030817402313,-0.00028445369294216155,5.0611200264154186e-08,19.18426299202907,424.8817627446254,5.8462814932403675e-06,3.6455897953734e-06,0.2830447879238563,1208.5674493584331,0.017496381461159685,1614.9795105652556
159,0.6027233217851261,80.03353179747073,0.24098584786982807,79.4761075355174,0.3164384140835084,1312.6099939874177,1295.741972214234,16.868021773184466,0.13810704933764467,0.10286340711739825,1.060101554603536,7.762950461108027e-07,7.624186106260787e-07,1.387643548472386e-08,9.182827908541557e-05,9.177577604391855e-05,5.2503040042869386e-08,9.415001336408164,513.1624247676541,5.386298195773099e-06,2.9866654381421676e-06,0.2798472839357576,1101.913524498399,0.018899008158447136,2302.440874964923
160,0.6751916181686306,98.62794165814535,0.24136279026078478,98.14685492820657,0.23972393967799877,1417.3191391144953,1399.6127007260502,17.706438388445964,0.21749131983179304,0.11953332345316968,1.1288869778645967,-1.1590900162863222e-06,-1.1745353313511192e-06,1.5445315064796917e-08,-0.00014100817034656165,-0.0001410639748691395,5.580452135751729e-08,7.652980943067676,609.6310317713836,7.1128059545447406e-06,3.3680289858146367e-06,0.3060576815908273,1395.6142235443128,0.020295013674239776,103.33144074462689
161,0.6131360494022497,81.39925741323835,0.21122900085700683,80.87682356103313,0.3112048513482193,1204.1706512009366,1186.3417069751708,17.828944225762807,0.12840105045744768,0.09867479299015684,0.9505525313360383,-2.016272648108888e-07,-2.162331917560473e-07,1.460592694515854e-08,-2.4862547335526698e-05,-2.4918317538294105e-05,5.577020190072626e-08,4.128744284036058,313.1525790564811,5.804382253824793e-06,2.636710617265305e-06,0.26783979910283373,1136.9749632067924,0.019210890539744497,524.0646724830476
162,0.7588566875018332,127.05972171222705,0.45196693078472155,126.23805971802312,0.3696950634191826,1644.05302571859,1621.5154213615476,22.5376043570416,0.19091274374665873,0.14239820258145758,1.3247033160572266,2.0620762603486735e-06,2.0428285624166337e-06,1.924769793204016e-08,0.00023615303300702768,0.0002360878668768598,6.516612853072626e-08,31.286528669271018,1228.774838938965,9.744325300018364e-06,3.1520222113713908e-06,0.3501626263948208,1824.0370377285476,0.020232314081503104,-455.70850263542525
163,0.593030749556269,77.27768058654749,0.21252089595461351,76.90600238737944,0.15915730321343735,1536.8798376205852,1515.4052957679362,21.474541852648265,0.1400642904974442,0.09506283192649576,0.8984488534732044,-1.3959335789966606e-06,-1.4104966670917171e-06,1.4563088095056616e-08,-0.0001707506474037736,-0.00017080297751997673,5.233011474094357e-08,8.528358033933015,368.3221429412546,6.2095927361631476e-06,2.8474443391754146e-06,0.26157651928436204,1076.640636068208,0.019112584068734187,-311.04641614367574
164,0.596151278073788,94.66608636003637,0.2626404596859833,94.00533146883441,0.39811443151599485,1660.9405474652256,1642.9975228317999,17.943024633424514,0.10475850337693249,0.10549391170364752,0.9775675822093776,7.410754144428887e-07,7.270628074799982e-07,1.401260696289083e-08,8.062672654215269e-05,8.057259449648477e-05,5.4132044849516e-08,6.985207485095183,492.1433274726777,6.252192151106569e-06,3.2918203909748604e-06,0.27860847146532025,1331.2422076521586,0.017934995874869904,172.00280949359876
165,0.5871383838343567,73.50080788586423,0.21874422054855408,72.97562069341362,0.3064429719020681,1270.1579898825446,1251.5487545874864,18.609235295059314,0.25001054439802134,0.0935798328071206,0.911439280152952,-2.4037280956628303e-07,-2.5530604979938024e-07,1.493324023309711e-08,-3.5310923277283625e-05,-3.536183433534704e-05,5.0911056628431925e-08,10.709099284051838,219.01222648916132,7.60129540886755e-06,3.5974555543349526e-06,0.2569531406272778,1036.3574778673144,0.017573519259715432,-1805.3956092678673
166,0.7045585333323221,107.67552732306604,0.32471270274896685,106.95391651947334,0.3968981008437016,1417.2588041331962,1395.0907730805084,22.16803105268965,0.127640354708533,0.1313333165924868,1.2351803054013457,1.6799406881775373e-06,1.6604795096058625e-06,1.9461178571674913e-08,0.000193801689910177,0.00019374310873042228,5.85811780040733e-08,95.45954402143678,904.9364404999623,7.322854550726197e-06,3.6296072613415816e-06,0.32700685052775336,1545.377816185407,0.019194050923020695,1514.751303539244
167,0.7056177116108464,110.29754641910047,0.38805039205191666,109.54821926544086,0.36127676160769806,1492.2042154715575,1471.8226990287121,20.38151644284486,0.18155432082411,0.1341254792899327,1.2631531355174028,6.031991552057745e-07,5.861373534229568e-07,1.706180178281756e-08,6.741668742984637e-05,6.735776591640849e-05,5.8921512382716193e-08,7.590521430839882,157.08515540211866,8.465154224423044e-06,3.6035089857317215e-06,0.3352851699910064,1523.5216092206192,0.019872812910275213,27.26974085452821
168,0.6835267939695273,119.69253175245777,0.36064432203932983,118.99605635126352,0.33583107915492694,1887.9695845619688,1856.7494503986757,31.22013416329229,0.10561059095148612,0.12554259341779894,1.1956347515067605,-6.336467779865459e-07,-6.558075074954636e-07,2.216072950891758e-08,-8.085930979210639e-05,-8.092430749836922e-05,6.499770499172612e-08,8.106338461530342,375.9425618296226,7.305892427435798e-06,3.6326649984234655e-06,0.3208502503510909,1699.9901986926232,0.018055606975382152,1960.4382870284498
169,0.5986977062604614,76.77989552140002,0.22562078715118486,76.33862128608439,0.21565344816443008,1603.833105175335,1584.106087573696,19.72701760163788,0.1025990829283278,0.09528959022081306,0.9444319450456107,4.1156233705527644e-07,3.9796943431154647e-07,1.3592902743729998e-08,3.9811811556520285e-05,3.975521410590268e-05,5.659744980340431e-08,11.39178574223843,392.771666291505,5.914458126991688e-06,2.188623386150715e-06,0.25696778061683245,1096.6020696588594,0.01907515987516212,894.3183311554494
170,0.6988261951492856,105.948649877169,0.33136331819968057,105.41191428126683,0.20537227770250496,1727.9034585057334,1703.384854160757,24.518604344974587,0.13381744917707908,0.12695637830176065,1.2377080235023978,6.830382076626134e-07,6.654705287632302e-07,1.7567678899383156e-08,7.824381809637552e-05,7.81796689240054e-05,6.414917117802568e-08,49.233688579108005,324.37339339756403,6.976087415599881e-06,2.8648620691108684e-06,0.32546770439251604,1440.2256357638412,0.018911862817163273,1036.581934201462
171,0.5760070283976821,83.54005573226048,0.2736539410498622,83.10296701415015,0.16343477706049075,1640.049016381975,1620.3584316191073,19.69058476286985,0.10669355204685008,0.1051526028239002,1.014111405940118,6.037338702222766e-07,5.869952531453076e-07,1.6738617076969023e-08,6.499324786588153e-05,6.494169753760447e-05,5.1550326216005465e-08,8.004335324068965,360.15121336077976,5.763811260157618e-06,3.076900300272073e-06,0.27966984989793675,1167.4634025388627,0.020193678220240308,-34.93366357584455
172,0.5929852601953013,70.12083155792111,0.1969594107919804,69.7088699019595,0.21500224516962657,1178.78748043068,1159.5155007118349,19.27197971884481,0.08033750173052547,0.09450175302315682,0.9683114623258077,-9.977618722334731e-08,-1.1491122721594043e-07,1.5135039992593113e-08,-1.540906107342967e-05,-1.5455140674372467e-05,4.607959955493311e-08,3.0292051707793917,513.8320355511723,5.347337105315005e-06,2.5430557171815925e-06,0.26407545872294086,981.7525231723457,0.016887146575578393,85.81845983437961
173,0.5939481185304704,74.34019320566007,0.214489871006923,73.86604433349956,0.25965900115355167,1272.0958066135504,1255.7628594750715,16.332947138480453,0.11060632160343443,0.10068370663973662,0.9771565579868445,-4.263843977004136e-07,-4.396397761705373e-07,1.3255378470123692e-08,-5.056491425249918e-05,-5.061909901234133e-05,5.418475871843602e-08,4.25103635876023,207.2775446294483,6.2758585055666295e-06,2.997271012343841e-06,0.27383782664905426,1045.2748876942276,0.020916717630169886,705.4414525952488
174,0.5403276591732795,78.0199297427063,0.20467967855323,77.63907943056832,0.17617063358474572,1301.3875556492676,1285.168039836374,16.219515812894745,0.11161153267979906,0.09389135953120759,0.9183007533753319,3.1387183814368256e-07,2.9737054162966e-07,1.650129651402271e-08,3.241690464400817e-05,3.236502638683475e-05,5.1878256212085554e-08,7.410641653678779,648.2552406516396,5.85050554348292e-06,2.749301446060806e-06,0.2579176021674879,1073.9332003531606,0.018002379886490068,-3019.547674503261
175,0.6317709624394381,74.16834962419678,0.22841747324701323,73.73843140696815,0.20150074398164777,1812.596693745751,1794.0378024121642,18.558891333585628,0.10599008647799517,0.10658252017942675,1.0968586897812322,-5.440892379801009e-08,-7.012277936526503e-08,1.571385556725498e-08,-1.3552760879114345e-05,-1.3605079390411547e-05,5.2318510165451173e-08,33.86786848991066,483.4597711643709,7.420846626959269e-06,2.845479116208585e-06,0.2902959643726235,1023.9386837831162,0.019674929046968503,468.0984346418554
176,0.643562766797227,113.78572029507218,0.3809957420870385,113.21896155386365,0.18576299912150446,1752.0958538075727,1732.24350219098,19.85235161659283,0.11641152510264945,0.1189864499688989,1.0514759248978283,-1.4189749666732977e-06,-1.4326205291080182e-06,1.3645562434720314e-08,-0.0001745076507470778,-0.0001745727153441345,6.506459605360228e-08,28.65849276745605,440.42651131817064,9.851549655615042e-06,4.2266028705361235e-06,0.28960425984998645,1651.3814187902105,0.019412783807003686,-2042.6034594365337
177,0.6122291356621039,77.6297807381107,0.25035395944916305,77.21811646957669,0.1613103090848387,1639.2406160461314,1623.7868318623932,15.453784183740034,0.08947086475103319,0.09904862485603104,0.9635600938135856,1.5125937297034498e-06,1.4968824800951078e-06,1.5711249608342167e-08,0.0001737667415642492,0.0001737192721203257,4.7469442973028465e-08,5.931620399131656,534.5982231392619,5.6866632387907476e-06,2.3757110164162478e-06,0.2764405610134337,1103.150370561598,0.019861018836942274,1457.36296554824
178,0.6078501173087523,95.3999046521051,0.2758140046750287,94.87297589353443,0.2511147538956397,1670.8165858140642,1648.2726339341873,22.54395187987401,0.16695558660526655,0.13037170464814068,1.2735169261471784,1.3936705702091763e-06,1.3765097174769794e-06,1.716085273219699e-08,0.00015889502574389743,0.00015884086852368916,5.415721933049781e-08,4.492820825781434,482.8718369178935,6.688861108748219e-06,3.037326993200221e-06,0.3261634581684629,1315.987359482542,0.019465338072015927,-1099.0428714367627
179,0.5464334005750436,78.19718397894977,0.22221553770786318,77.73830278605865,0.23666565518325017,1644.5595531424874,1623.6257919037964,20.933761238689396,0.127159866660283,0.09280358703721855,0.9003404859073146,4.0570462740559907e-07,3.928665746806394e-07,1.283805272495961e-08,4.247340169862231e-05,4.242195884481202e-05,5.144285238634678e-08,8.588076667405998,334.23478028160616,6.461474230502139e-06,2.6943553941244886e-06,0.25166470108604266,1080.5368220200396,0.017834751872650097,1845.9873921794933
180,0.6965158648507273,115.20909679531437,0.3675322849072996,114.56304256979986,0.2785219406072325,1742.3871682791944,1720.178459832376,22.20870844681968,0.14803466518704245,0.1223059934635715,1.1507072001779755,-1.08282326796822e-07,-1.2683167848209037e-07,1.8549351685268357e-08,-1.531651004246825e-05,-1.538155129268251e-05,6.504124834899222e-08,10.97878433471438,272.66930675284726,8.901759449509317e-06,4.0234472467806425e-06,0.3155096188773453,1640.4120681850836,0.01870199703787713,-472.7712119791395
181,0.6445759692231766,99.01253342297281,0.28957989326050537,98.21400077020915,0.508952759503166,1398.6237301053477,1376.4364014730468,22.1873286323045,0.14290932278545573,0.12598806464877926,1.22869780146461,-5.800389001721249e-08,-7.894444082973388e-08,2.0940550812521342e-08,-2.044712432990285e-05,-2.0500037497219577e-05,5.2913165747469586e-08,12.144556048997877,542.8089384489969,7.356158614708843e-06,2.7734605866535395e-06,0.33167529203232665,1401.5404881436116,0.018630896334182356,919.3855509576897
182,0.6025340988278095,72.50627728276682,0.25242169771000933,72.09464326013472,0.15921232492208828,1137.1718077178514,1123.4165673084378,13.755240409411236,0.09068416945620393,0.09683635897889735,0.9946863280279477,6.715309476951086e-07,6.561012648091583e-07,1.542968288595008e-08,7.912035105398188e-05,7.90720645108363e-05,4.8286542150090076e-08,9.681152293294728,580.9485196225838,5.846643602982364e-06,2.493255273292824e-06,0.2782096521455506,1031.3284146043159,0.018170859785485344,1880.2527447236862
183,0.5449246182786952,68.4501598376858,0.21234279766245442,67.83367105686585,0.40414598315747546,1279.6688032023374,1262.8216845015377,16.847118700800216,0.13108545140286734,0.0866828663794048,0.8930948467611153,-1.3615887415938691e-06,-1.381521984914965e-06,1.9933243321095707e-08,-0.00016966844169060883,-0.00016971702171192672,4.8580020203458136e-08,9.251380165288676,395.3468295885754,4.974824208445695e-06,2.1924696206985532e-06,0.23781964152965787,921.1474242382706,0.018973105739841904,1318.3100937067247
184,0.6194465429796846,80.42063412410579,0.255827462908816,79.8060410596723,0.3587656015246821,1394.9928597104076,1379.2651963468304,15.72766336357874,0.12156565858500842,0.12772253991804217,1.2607340891118755,-7.518698206949885e-07,-7.676412273180316e-07,1.5771406623042863e-08,-9.121541284612729e-05,-9.127034697878994e-05,5.4934131512367404e-08,9.604273313566972,382.83918458188515,7.069210839554825e-06,2.666179032833474e-06,0.33346318962115346,1152.2293611120356,0.018818531211547033,213.25489374819517
185,0.6263997502481701,73.8261231384902,0.21930026782860323,73.30784050250787,0.29898236815373674,1384.668641255764,1367.363474867961,17.305166387804036,0.1171305737982444,0.10202144864916435,1.0276405263209798,1.885942842665085e-07,1.756287127922301e-07,1.2965571474278408e-08,1.2876367675056147e-05,1.2825472818658033e-05,5.089485475060924e-08,23.04019601291392,114.42709148853503,5.7558413057819785e-06,3.0403480147463138e-06,0.2836603407174314,973.2990837138196,0.018766385377113372,-2248.5566732519474
186,0.6415490109945264,72.1697201468896,0.20127774550796693,71.83274731965223,0.13569508172938644,1840.8021666944012,1821.7790470754683,19.023119618931887,0.11289673832653849,0.10812948914346196,1.1080107919948248,-1.4845155461258704e-06,-1.4962020941344537e-06,1.1686548008583675e-08,-0.00017966807830744832,-0.00017971765482751917,4.95765184679729e-08,13.013512873110802,276.6617789811838,4.846192778483408e-06,2.793294775484932e-06,0.2948612286301502,997.80411449984,0.01918776319017543,44.40008082602799
187,0.6372931981225897,99.97120665910195,0.3054227941861235,99.30730008748952,0.3584837774263161,1884.9592546573158,1856.6565261998485,28.30272845746788,0.283116779806374,0.10679558158516929,0.9873408983364351,4.3027498389729416e-07,4.1423026594950856e-07,1.6044717947785688e-08,4.157705014756055e-05,4.1520906597860405e-05,5.6143548340031534e-08,8.809581154024373,367.00328918195623,7.087414159125612e-06,2.7974217178896455e-06,0.2777838055083543,1395.384891809482,0.018088859720148925,1187.5968075290548
188,0.661281657291843,110.76475415559254,0.35577946396205684,110.13573169119837,0.2732430004320858,2130.7466071755807,2110.798333925308,19.948273250275264,0.13119640059192894,0.12329967776939933,1.154619272033376,1.3650882623353484e-06,1.3410898912407962e-06,2.399837109455187e-08,0.00015608993735461582,0.00015603100880066153,5.892855211690556e-08,7.855437684950825,384.12671922326973,7.730006319411386e-06,3.344081786726846e-06,0.30827709276015236,1574.2422262827743,0.019010092123383164,503.2341159967109
189,0.5975728136239138,66.96375287339694,0.177757433629872,66.57319350945569,0.21280193031136027,1531.7296376266893,1511.757211972177,19.972425654514115,0.1632407665980906,0.11679106976084823,1.1964061696798054,4.0667180391287806e-07,3.9106402401819834e-07,1.5607779894679737e-08,4.479457506944955e-05,4.474739567231727e-05,4.7179395724352704e-08,17.69498354709244,656.0372295242819,6.22716246314048e-06,2.4458850098732896e-06,0.3137595785134176,936.2182878385531,0.01978205822885286,-1734.254668909056
190,0.5878956354416934,78.07670259639552,0.23107798997873866,77.5935436435548,0.2520809628619926,1359.9568699068554,1341.2294500374876,18.727419869367882,0.06653556123063602,0.09020969935790629,0.8852009018205133,9.6640973382959e-07,9.537324788996658e-07,1.2677254929924797e-08,0.00011053554365781652,0.00011048281994374817,5.272371206094811e-08,4.411807761515093,218.36969538383704,6.380547646992957e-06,2.444878683749176e-06,0.24816947309510312,1080.3514980281022,0.01827379712536569,1269.691458883939
191,0.6194087052072539,93.1349964957953,0.3238697683257889,92.47871630748138,0.3324104199881266,1911.8174694650088,1889.677114545192,22.14035491981908,0.09110082960808769,0.1045516347068411,0.9623829985517307,1.78234769444081e-08,2.266970583007191e-09,1.5556506361400904e-08,-2.8395308497986768e-06,-2.900943714121113e-06,6.14128633277822e-08,6.946185643172543,675.4972420650425,6.774570345902092e-06,4.179127765835019e-06,0.27237816253717045,1329.942204257387,0.018126395077322905,-2151.40213128892
192,0.566851872045361,78.14920630235649,0.2266336369739274,77.6893035688021,0.23326909658045827,1748.1620471484562,1724.7608901161113,23.40115703234786,0.09266787464163827,0.09913919442181121,0.9827921456315193,-1.3065768671676297e-06,-1.319650969189162e-06,1.3074102021532646e-08,-0.00015821000123528172,-0.00015825797483230675,4.797359525065513e-08,8.740107837958941,345.60360394974987,5.2481029257329166e-06,3.2730848026970062e-06,0.2759060113135138,1111.3147412125304,0.018197294192860772,-944.2958098087074
193,0.6003834703760856,85.7677357001169,0.2512780250109769,85.26974299761054,0.2467146774953812,1133.5324159684992,1112.3271822268298,21.205233741667218,0.15453746947650715,0.11313717756074217,1.112683676955998,-5.421856265536393e-07,-5.572510428114122e-07,1.506541625777293e-08,-6.747742616951524e-05,-6.752616896909988e-05,4.874279809920043e-08,6.07463415872537,540.5246685230695,6.794996800010298e-06,2.7104748357037573e-06,0.2938658774187222,1177.937882650564,0.018622913420162642,-437.4938414287535
194,0.5582991839360133,76.05649163229495,0.2045460331499277,75.62441910564038,0.22752649350463328,1609.17171486681,1585.141786420302,24.029928446507537,0.09314737598125705,0.09235842179176816,0.9185117765347994,1.339048252460431e-07,1.1762755921722737e-07,1.6277266028815647e-08,8.96085274505959e-06,8.909443426401342e-06,5.140931683080609e-08,7.996226191602002,509.20469717234874,5.879381895361009e-06,3.027426716029566e-06,0.2524457241057592,1047.125047533737,0.01994761997233819,1466.9896503531418
195,0.5909015255805329,78.7440248951071,0.26169968342301,78.15623814313241,0.3260870685516717,1399.0370604747366,1379.4658973823712,19.57116309236515,0.09029728965529435,0.10276093396911518,1.0874615194291464,-6.070452968587361e-08,-7.606012087307623e-08,1.5355591187202637e-08,-1.178741602495184e-05,-1.1842061177359392e-05,5.464515096923257e-08,74.81906497640625,618.4324012551599,5.755149449237038e-06,2.5162047459092207e-06,0.27309527292581387,1081.3248050061065,0.01738398269934275,-748.6046231677756
196,0.5785614397569052,75.14720636855364,0.26848703972525584,74.7333716479088,0.14534768091958367,1509.5598430631594,1489.0595596133903,20.50028344976993,0.14432390319523938,0.091978325900519,0.9106109130102407,-2.6556798636766007e-07,-2.8049918644935703e-07,1.4931200081697e-08,-3.475657728987071e-05,-3.480615686983986e-05,4.9579578729590257e-08,7.048765425205325,361.1408377188963,5.9092961681967945e-06,2.937382043805892e-06,0.2448034622759901,1085.9220502347348,0.017771948323025404,-2249.7942510050852
197,0.7161369261287768,121.63825270391433,0.3081022898318926,121.02916023609215,0.30099017799027583,1673.904893417674,1653.464231616432,20.440661801240974,0.21919604148391192,0.14238361299245464,1.2915331471035933,3.9405029501797576e-07,3.757414732954067e-07,1.8308821722569153e-08,4.240028852617267e-05,4.233715550608041e-05,6.313301884975307e-08,9.644878833668388,828.0318747813866,8.510071768956604e-06,3.379644831084016e-06,0.34403139330279964,1682.6599096267835,0.019277383138535886,1981.7375678050557
198,0.5969379977932805,92.51290653920992,0.32210797469008956,91.93721561572337,0.25358294879648546,1552.9750738605699,1535.34728363349,17.627790227078567,0.10161548124867634,0.10477487315380514,0.9876409248952862,1.4941252941438007e-06,1.4780141507533352e-06,1.611114339046564e-08,0.00017567486909018855,0.00017561980193178903,5.5067157092287e-08,9.742325591665253,502.11166215440284,6.7585243631263995e-06,4.1723008662699894e-06,0.2665170522167682,1321.4980551198096,0.01769487069906154,1520.8335328171634
199,0.6269950108572608,83.95137806504508,0.25577031355612245,83.4808342556385,0.21477349585046213,1603.0049144730074,1581.0298822043464,21.975032268659525,0.16641661331034086,0.0950285527602858,0.9100323255300684,-1.7587904365787791e-06,-1.7716961511618528e-06,1.2905714583073221e-08,-0.00021334205429809834,-0.0002133944728548748,5.241855605892134e-08,8.482021607531053,-157.09141079894678,6.753659422654889e-06,2.641704691759147e-06,0.2616971456097591,1172.833174374096,0.019441847316254837,1060.3913498744187
200,0.7292703999030148,120.4831308452433,0.33153776160073156,119.76696684722576,0.3846262364167977,1852.9557159000026,1825.2852016159566,27.670514284047982,0.08267945499455177,0.1348072615026564,1.2571274758576687,1.0595971862992304e-06,1.0442706052948972e-06,1.5326581004332952e-08,0.00011464706461741339,0.00011458353173391325,6.353288202269739e-08,15.33899835975478,73.81825940940213,8.765674009944696e-06,3.1370915466172846e-06,0.33006393981522575,1667.610191175482,0.01934624974453083,-1865.5998284957059
201,0.7323301434479793,125.5242240821475,0.42667160034958795,124.81636276535492,0.28118971644298807,1698.0918149130598,1679.7155878428136,18.376227070248536,0.12656069396590017,0.13747448189305633,1.2827045395674352,1.7189158480445195e-06,1.6971933685470386e-06,2.1722479497480537e-08,0.00019434058401619105,0.00019427437394669815,6.621006684683952e-08,34.895238670005405,634.5276251224519,8.701642420007102e-06,3.5180716182418215e-06,0.34463720313618385,1777.8880910714802,0.01837977345075256,-167.3402785180515
202,0.6777293156483565,96.76272464853156,0.38165825684730986,96.12850065387819,0.25256573780605945,1357.809144578337,1337.376467460173,20.43267711816281,0.1259820619839015,0.10911606234756502,1.0615026796302862,-1.7835352421418383e-06,-1.8006904869782093e-06,1.7155244836371094e-08,-0.00021953884508931978,-0.00021959781357464535,5.896848418447176e-08,7.191672764474785,544.8836781058225,8.141514722430728e-06,3.1960802379743547e-06,0.28598679855156006,1382.4181608342803,0.018405260806237635,-408.1445789795762
203,0.6138712176876344,79.17076173798101,0.2062564625625084,78.59824116565721,0.3662641097612867,1441.4165670864868,1422.780445768057,18.636121318431005,0.1655543757712656,0.10584690729964384,1.0727459796466934,9.794846432608031e-07,9.614984777845057e-07,1.7986165476297005e-08,0.00011070023424861677,0.000110649445563822,5.0788682388119705e-08,9.770915473247568,632.969035678429,5.883877937963275e-06,3.0598241340710474e-06,0.29006708893982985,1112.552394286933,0.020714784552748375,262.97304803480074
204,0.6535843791006778,90.1496779475981,0.28319138750645123,89.57966922541395,0.28681733467768156,1613.9570260465816,1596.1392740150825,17.81775203149972,0.07875224432965029,0.10732929896821017,1.0487447223276907,2.4889090243993323e-07,2.3219680531665591e-07,1.6694097123277336e-08,2.2654637233982317e-05,2.2593323044081393e-05,6.131418884272594e-08,18.015602865988885,236.0882706779011,6.401576620852146e-06,2.5921348936316663e-06,0.2851553390528606,1249.7768111802714,0.01809178946948965,-739.5548609023972
205,0.7303302869287885,121.30060205747006,0.3573386884277043,120.52258386074286,0.42067950829949824,1883.1116642321233,1864.5639787858854,18.547685446237253,0.17808070052658917,0.1346991105566955,1.2365480344453545,1.0927851915086957e-06,1.07218827575951e-06,2.059691574918515e-08,0.00012390903183203777,0.0001238443495369438,6.468229335225633e-08,5.399934977114171,344.42134258680596,8.909588201329109e-06,3.0671377475876842e-06,0.33157551735738944,1711.277322924951,0.019143297879078678,-4285.2846090729
206,0.5895362682120888,75.11776468384558,0.23969829019569458,74.54475329726608,0.3333130963838157,1417.8250127705894,1399.1028070343834,18.722205736206284,0.16924138474733547,0.09544968626750716,0.9204203815268317,9.87782074548298e-07,9.752993745776272e-07,1.248269997067109e-08,0.0001102812299903123,0.00011023260492365531,4.862506511378144e-08,29.00323369837829,629.3094767886814,5.247218341622292e-06,2.4441915925789252e-06,0.2602761043963326,1024.5353888015186,0.018462703000158325,532.2890207237651
207,0.6191139402384597,80.8035616440298,0.24398304791382483,80.38438434278919,0.17519425332677482,1889.5442420526783,1873.8320286222574,15.71221343041935,0.07827174331816127,0.09716660373156104,0.9737379489860559,-1.3004714985854766e-06,-1.3163040271031827e-06,1.583252851770622e-08,-0.00016088921204125567,-0.000160943908346598,5.4696304263814824e-08,7.8635385465847865,-19.44224045007589,6.164134189662267e-06,3.0973870560597334e-06,0.2663538122345308,1120.9677308452196,0.019613386374406627,1759.037131553876
208,0.6828180158808227,104.79925351656493,0.30896921739819555,104.1003479552513,0.38993634391545084,1543.4682340177724,1525.8320020840595,17.636231933711503,0.10856829942327867,0.1123459787431527,1.1323984665294131,-4.4614471808985946e-07,-4.6520663795253916e-07,1.9061919862679528e-08,-5.449449524920317e-05,-5.455419211725858e-05,5.969686668760045e-08,5.6559342772679395,-84.22019827987712,8.55689909205537e-06,3.32111176082022e-06,0.2913774182820537,1443.0656281923193,0.0206537783809375,1018.5578585374715
209,0.5945072090410235,91.73684638400267,0.24143580422237385,91.12106907067522,0.3743415091050853,1766.4212642570308,1745.1656908428226,21.255573414209394,0.14192898289785033,0.10789750472588812,0.99360858775373,5.023068463883223e-07,4.817244363534207e-07,2.0582410034901506e-08,5.74143608055099e-05,5.7360505098366744e-05,5.385570598788207e-08,9.987356114490082,679.7185199954138,6.922664267081508e-06,2.9716356925402075e-06,0.2847122102668646,1296.789869560692,0.02019815338556614,-2752.1932379810023
210,0.6523039095025865,86.80819565265385,0.2660805839061284,86.30626020475127,0.23585486399644573,1623.3361803639734,1606.3417589647195,16.99442139925681,0.09808937870677259,0.1161888162558334,1.1534153925535473,1.0093677624555311e-06,9.935883007244637e-07,1.5779461731068022e-08,0.00011393095915157095,0.00011387388059434529,5.7078555295800685e-08,3.943550484023139,580.2066554960278,6.471695428222056e-06,3.2176952577301426e-06,0.32683107840689213,1168.7741579281505,0.020145703342840143,-14.94094628541643
211,0.663664304715084,107.8290034255415,0.4023240683789605,107.21705980056753,0.20961955659503512,1983.087872183937,1961.775901832499,21.311970351437402,0.20284057416825008,0.12364331245304423,1.1706312530282565,1.0761736124304749e-07,9.03129770745453e-08,1.7304384168502157e-08,2.4896261865499677e-06,2.424239033060093e-06,6.538715222593873e-08,9.83451316429597,614.1343569123859,8.034937817688114e-06,3.11911566702485e-06,0.32217402355014596,1487.0257031572423,0.019515020555471375,-477.0517543023707
212,0.6383971184060175,88.98072158097915,0.2992816353637566,88.4241842398294,0.25725570578597506,1556.3490780743855,1536.5776744924638,19.77140358192219,0.10980835118199135,0.10645929958714023,1.0552946871353992,-2.320595737934891e-06,-2.3383322580401536e-06,1.773652010526367e-08,-0.00027860274814978477,-0.0002786584715743283,5.5723423401893874e-08,25.061094567843217,621.0439310428252,6.6446208511180444e-06,3.1397973447708263e-06,0.2848899314231065,1296.9888132738056,0.02089528569327262,-1101.945188844431
213,0.6919692386093682,123.659217652466,0.3543806999373343,122.91462370369412,0.39021324883456204,1332.910419989059,1305.1556613251603,27.754758663900652,0.2528525469135848,0.1304957358420511,1.172072937970676,-3.1396845740445573e-06,-3.1539480775373583e-06,1.4263503492802266e-08,-0.0003780689309333818,-0.0003781335282683163,6.459733356222644e-08,9.369846835580857,514.0742484687307,7.587926277889636e-06,3.669046939093475e-06,0.3214497983707512,1691.2026640141733,0.018154260424366332,-1121.8418115425302
214,0.6905769533198084,101.66090231721127,0.2993299048271974,101.13854742165898,0.22302499072508736,1277.7984272950216,1253.8850902332954,23.91333706172678,0.07978586232928966,0.11802975565946766,1.1133368072203045,1.4543427995152064e-06,1.4314407829395631e-06,2.2902016575643757e-08,0.00016352209476738612,0.00016346275209675688,5.9342669331985446e-08,31.595573746723232,389.8111970743672,8.360040463720642e-06,3.3628464363395206e-06,0.30331115719572277,1434.9088510505728,0.01914971040685836,3260.9709464926673
215,0.6187429549946735,80.34019294029913,0.23192235923384874,79.8840544939967,0.22421608706859786,1516.2585839331052,1501.4147081150409,14.843875818064808,0.11598093218827643,0.11598562217781254,1.142601515684997,-1.4098260859026115e-07,-1.5786129697326037e-07,1.687868838299917e-08,-2.3046506776473554e-05,-2.3101596917072504e-05,5.5090139004949737e-08,4.916316068071323,315.54604038036825,5.942298546184216e-06,2.914865178017792e-06,0.30884092934824825,1149.9423806788382,0.017934379536481217,-1756.8003242806262
216,0.5541126018758298,71.15116475255621,0.20785332769057605,70.65553544113958,0.28777598372607194,1258.1075444526564,1238.2130056841088,19.89453876854934,0.18655370985029157,0.08974034415064189,0.8823482456398579,8.144003739883567e-07,8.011214498433693e-07,1.3278924144987395e-08,9.294161181965852e-05,9.288972942839095e-05,5.188239032646038e-08,5.509602698063588,392.39906790950397,5.572541918761422e-06,2.700435025001297e-06,0.24710610683557133,1042.0321274893677,0.017588385344659858,-419.3024177729785
217,0.6278551183199105,87.36221570086215,0.2928584639025898,86.74532958159963,0.32402765535992606,1174.6769171908627,1152.5117973293266,22.165119861534706,0.11418549119958739,0.10489176858918393,1.001197665723982,3.033413976183312e-07,2.819227371550332e-07,2.141866046329799e-08,2.746892116666815e-05,2.7412442984906584e-05,5.647818066139931e-08,6.834878592210566,542.1128526593036,7.227318813569512e-06,2.585237032729274e-06,0.2848977816099602,1232.4589739868538,0.017948153506615074,932.8421430257149
218,0.6847704604415384,108.74799111178766,0.3522678238307623,108.13879859551487,0.2569246924420327,1636.3192269376107,1611.4486868478268,24.87054008978477,0.23822688182678334,0.1500054930900058,1.3928715634050997,7.62194598371472e-07,7.464855285388659e-07,1.570906983260606e-08,8.563814295298396e-05,8.557738310531e-05,6.075984618320385e-08,15.34471419115195,247.3401687383965,1.0220294983190678e-05,2.8421109085962193e-06,0.3638451534770403,1589.9749162538114,0.019093838669421666,3246.8737312241283
219,0.6730398014600902,122.13696534725469,0.34210044157206704,121.488249966234,0.3066149394486308,1597.805650587015,1573.603591985967,24.20205860104819,0.21420560701319122,0.13379504699211617,1.21292264946905,6.637053695434924e-07,6.449683375039428e-07,1.8737032039549753e-08,7.657167696308002e-05,7.651057052840186e-05,6.110643320585519e-08,9.758704412475298,330.9374545965481,8.652221622934546e-06,2.858836647221216e-06,0.3258519893459682,1739.4054286528083,0.018262407677865,-7242.941353835471
220,0.6959331002368347,100.91987182970549,0.25358620476805815,100.34901082954745,0.3172747953899822,2050.105840310104,2029.6754906559936,20.430349654111904,0.1128906822992837,0.12706807621647037,1.226933707429028,-5.096052083400952e-07,-5.241901885059692e-07,1.458498016587395e-08,-6.179719771411554e-05,-6.185461184120504e-05,5.7414125460957114e-08,43.986048868321504,219.47898688768493,7.225127449000224e-06,2.9541604782743176e-06,0.3326192788717149,1384.3069725154633,0.020116932708133393,-165.98157107136285
221,0.7734283891827455,115.37815129890822,0.3486868420784736,114.78776198061658,0.24170247621316332,1870.5072368303418,1850.5770390174882,19.93019781285444,0.14721369829699082,0.1673164396671085,1.631304717847987,-4.000023129799094e-06,-4.017227536831352e-06,1.720440703226011e-08,-0.00047817637864845913,-0.00047824095685535504,6.45782054128824e-08,16.46694303228817,778.942177677715,7.702768418190631e-06,2.8279201322252043e-06,0.43098962951517145,1555.82997530711,0.021053496447560268,-266.08900055960476
222,0.6346701243287833,87.63738993077224,0.268983783712337,87.10024940839804,0.26815673866185624,1455.2254931182981,1433.076097897993,22.14939522030371,0.1439928570038736,0.10650496612257189,1.0473675039163353,1.4678785397092767e-06,1.4553679639866505e-06,1.2510575722626671e-08,0.0001713785011667722,0.000171324653080089,5.3848085265699695e-08,33.40302487369829,432.57151068886105,7.446800060057599e-06,2.6092158861988403e-06,0.27697729969254853,1208.4019533489907,0.01809566810959704,-1892.1441079578726
223,0.7883422797631974,128.12033500921888,0.40346365234301057,127.46967703825352,0.24719431862232175,1492.4824222000946,1472.0831726923611,20.399249507733213,0.10800547507534093,0.14771624096152527,1.3669649520458265,-2.1986009751063406e-06,-2.220151792950178e-06,2.1550817843837396e-08,-0.000273794885302991,-0.0002738612463095962,6.636100535379239e-08,10.326132389046435,1017.7786904574047,8.753821228881968e-06,4.415133743688753e-06,0.3677093704221517,1736.7239410568948,0.0198756954295876,-351.7048119112915
224,0.6716302053425255,113.40446184000389,0.30633743004452596,112.73780758181775,0.36031682814163124,1645.7959657663102,1624.7704982315006,21.025467534808524,0.2046307711711416,0.12016624137111125,1.1151708580377253,2.4308624344490763e-06,2.4092622059500978e-06,2.160022849897841e-08,0.00028213586015031516,0.0002820727289496298,6.313119960000516e-08,90.94358407111848,273.63553522159066,9.850420705756755e-06,3.592105482494812e-06,0.31177233435804713,1596.615368860932,0.01944771810396394,75.97544054704849
225,0.6067187810366697,84.81622169252135,0.2666733108545822,84.3447896676832,0.20475871398357237,1464.4919483852716,1443.0965727314522,21.39537565381752,0.08019263841684708,0.10677022737935057,1.0605495433149563,1.31650458397114e-06,1.301426949702658e-06,1.5077634268481774e-08,0.00015212467414682846,0.00015207123023123714,5.3443914157255516e-08,8.208112486175384,265.8701662584446,6.082402615664342e-06,2.858853066157491e-06,0.28941031450992216,1148.2711700154425,0.018524883267883208,1114.0922183903967
226,0.7054394307938071,110.49109453740601,0.3979109503703829,109.7416430778848,0.3515405091508379,1633.1416988759154,1613.559157786336,19.582541089582623,0.1538325761102901,0.13202373064004053,1.2730862588408562,-4.833180599930207e-07,-4.994870697195528e-07,1.6169009726532204e-08,-6.940197362796266e-05,-6.946487422544103e-05,6.290059589391093e-08,84.32455051927411,622.6754173139583,8.248482648835149e-06,3.7567821565880232e-06,0.345563752879264,1576.6647373013295,0.018915062455272486,-1839.814222577832
227,0.6027579937468471,74.65798920667162,0.22565036383915024,74.21970895824957,0.21262988458291138,1491.2993374775458,1469.062590681964,22.236746795581432,0.08383507894295014,0.09505915435662639,0.9321209879983251,6.083690163249493e-07,5.969357459744845e-07,1.143327035046439e-08,6.522407369780334e-05,6.516349506882234e-05,6.057862743162975e-08,9.36021094543887,433.83148702051653,6.45521633356599e-06,2.8630988038935395e-06,0.2661909121068464,1052.7905273544418,0.01777832440334734,1648.9587191360733
228,0.6109877082343899,92.0773827935894,0.31310970009435035,91.51699957920458,0.24727351429044292,1481.9569325753769,1451.0292150499165,30.92771752545956,0.10108179762836286,0.10146271304698573,0.9800937914981741,1.3548239645661583e-06,1.3399712091575659e-06,1.4852755408592725e-08,0.00015237428802972013,0.00015231129709688634,6.29909318301766e-08,26.993972876208645,535.3163954923883,7.156264973928441e-06,2.738295435748778e-06,0.2690802506226472,1278.0344557708981,0.01851138061387221,1315.2129755516908
229,0.5783917496734674,87.01176113648792,0.24656880518616686,86.54634361350763,0.21884871779414258,1561.8393379070806,1540.5506569412946,21.288680965786646,0.08582826202041911,0.09825934958865293,0.9895824345559792,1.039592958878658e-06,1.025315469711962e-06,1.4277489166696115e-08,0.00011553730279374666,0.00011547850260572667,5.880018691129836e-08,8.355880399249903,362.11404459770375,7.48091960685043e-06,3.113922791261878e-06,0.2658681877654062,1219.3772661578505,0.018973035664952793,-300.71160317250906
230,0.6405418645381404,83.09961604550699,0.2437636497429818,82.61292636439619,0.2429260313678201,1490.1620610311322,1470.7502018543848,19.41185917674631,0.08734832131448425,0.10248139743450144,1.0395371177883224,5.640246146715463e-07,5.509398433644772e-07,1.30847713070691e-08,6.44552513337546e-05,6.44026392162705e-05,5.261211627743182e-08,11.17590135471394,561.6053465855287,6.471897750636089e-06,2.809769472231585e-06,0.28412869159819176,1137.5610648820716,0.018613135753621352,1049.8526516407474
231,0.5996166580392435,80.31437195145782,0.22205083438698392,79.85590342119377,0.23641769587705333,1663.391933315878,1646.2597560186284,17.132177297248386,0.12368239656812213,0.1020065053880601,1.0476507493356924,1.2460646899441672e-06,1.2253096974407475e-06,2.0754992503420004e-08,0.00014050067537480944,0.00014044827546376957,5.2399909660566605e-08,4.91673285401022,286.0628402871348,5.798115409185593e-06,2.863567606051443e-06,0.2770854042895855,1096.1198351361936,0.017328933708674474,-628.3667509060251
232,0.5677119858487746,71.79959225724949,0.17773001360186286,71.35961789293778,0.26224435070985097,1319.3584039460766,1302.314966969296,17.043436976778274,0.15037832248798305,0.09364362143205156,0.9424902046963626,7.473639662140247e-07,7.31879905957764e-07,1.548406025626058e-08,8.465160459929478e-05,8.460380642524666e-05,4.779817322042475e-08,11.384160893410634,493.2065079778356,5.203962317798914e-06,2.2568700117823324e-06,0.25535743313449183,1005.2125656971697,0.017170986814373124,1373.081523675257
233,0.6675825492860972,83.83994746507977,0.2705145538394055,83.3102649121449,0.25916799909547655,1474.7355691992495,1445.8390941385207,28.896475060727973,0.09661691907696328,0.12740072778036957,1.307254972565755,1.1469961039527303e-06,1.1310905680593793e-06,1.5905535893351734e-08,0.00012846857166492174,0.00012841633531606236,5.223634760998403e-08,25.527966909626308,549.5631430673428,5.313641535409837e-06,3.620100785571739e-06,0.33415279914095775,1170.6342803675,0.018702523234566677,-866.5520687832905
234,0.6841462367845882,116.76742725572757,0.45130589101348856,115.78205669181129,0.5340646729028021,1942.441961978285,1923.4558873156718,18.98607466261343,0.3328935065199154,0.13401308407837145,1.2229209418261906,-4.877640161969709e-07,-5.06037124466138e-07,1.8273108269167207e-08,-6.734037898712494e-05,-6.740293980978868e-05,6.256082159564421e-08,20.419412656077235,447.3282191627779,8.097851936203384e-06,3.4232785158014245e-06,0.3227035989758104,1652.2606425381955,0.019523797686507336,78.54766446120266
235,0.6505839871682639,101.75782894679213,0.33629528123097563,101.15994060615812,0.2615930594030266,1719.5862352873328,1701.20489093185,18.381344355485087,0.18793297735434003,0.114010294888826,1.0557117739408008,-3.206258582917639e-07,-3.4030966978862677e-07,1.9683811496862832e-08,-4.428639529867693e-05,-4.433826944014803e-05,5.1874140793343245e-08,15.43672729319815,786.6755160729323,6.5260141297767425e-06,3.5742291837658953e-06,0.287275125256595,1414.6097906427099,0.0184286982449263,-1883.733991164314
236,0.5754525670042707,67.50130143804839,0.18870110179915528,67.05603830248423,0.25656203376498016,1301.9767005897056,1283.9144896285306,18.062210961173488,0.08067153942083301,0.1016371946575701,1.0349486779575034,5.263492221758547e-07,5.125321339090386e-07,1.3817088266816598e-08,5.763463485102875e-05,5.758432833387852e-05,5.0306516024456805e-08,8.777402023677165,213.85648185090105,6.090963927702723e-06,2.6672079535765304e-06,0.29028372176827727,942.2120866888232,0.018621666668227874,284.6574788675025
237,0.6161152090888597,81.3939692490078,0.21481268720937344,81.09636094837998,0.08279561341844864,1165.0103391975408,1147.9087125694568,17.101626628086176,0.1430104060806359,0.09890059155918705,0.9706354315839257,4.1294693829180683e-07,3.9623578423085455e-07,1.6711154060952183e-08,4.585309396362632e-05,4.5798409037440994e-05,5.468492518787629e-08,5.481862501857434,658.3816000750093,6.042580975230106e-06,4.384307078562818e-06,0.2739574058185151,1089.146602216113,0.01900055419151547,-1415.0644151949236
238,0.6172182501085999,88.0053808276723,0.29528552445817274,87.38515094500407,0.32494435821006834,1421.8875638152613,1400.0633651382655,21.82419867699748,0.10900421305471615,0.10560324542258509,1.0391834923242038,-1.4120991565536543e-06,-1.4252135114275258e-06,1.311435487387202e-08,-0.00017209741785278445,-0.00017215864859987007,6.123074575798096e-08,14.23694055470595,453.86513399089466,5.828905588739001e-06,2.9398835740944386e-06,0.27701518445731893,1212.5490218680002,0.01790115985955315,2891.7596855318225
239,0.5810675921529684,82.71037611006226,0.22866597310969553,82.23399199802716,0.24771813892538203,1873.1548143075934,1853.7685815772202,19.38623273037537,0.0759511872912906,0.1008302622147668,1.0357478709028527,-3.6903170660628227e-07,-3.8251057371384317e-07,1.3478867107560841e-08,-4.6598804963915975e-05,-4.665059537139303e-05,5.179040621606276e-08,8.099715504005951,344.34864546567024,5.78595602417679e-06,2.757564495780078e-06,0.2674151993123062,1153.3975561864877,0.018961948239759722,-1942.5231259021275
240,0.7885005168168057,154.73541763005943,0.5610555700229156,153.77280183146613,0.40156022857040646,1576.7518093205292,1546.1748172616074,30.576992058921217,0.3532910164902312,0.16497356773920163,1.4404380877345615,1.026242870424892e-06,1.0072704935348506e-06,1.8972376890042e-08,0.00011691262931953905,0.00011684025091786602,7.237839959033947e-08,29.00401263458657,1632.1902457089209,1.2876385177355148e-05,3.115382943506544e-06,0.38177168207188,2300.43901098711,0.01970193807194808,976.6156959521286
241,0.7049811298207335,106.02047037667451,0.3610428226978285,105.35769628422138,0.30173126975531894,1499.0109828075156,1478.8461759398017,20.164806867713796,0.17397172930630955,0.11468669263218177,1.1118728460636058,-1.038464912183263e-06,-1.054457831620276e-06,1.5992919437012528e-08,-0.00012716317924395514,-0.00012722479188448474,6.161263955003201e-08,25.143431976744004,547.387983583345,7.773215785985765e-06,2.888300817859092e-06,0.2970288573953054,1446.7521598601122,0.019343749338576598,-785.8421749294139
242,0.6382313415750084,94.86536342182984,0.2771370175932095,94.24996633419553,0.33826007004111036,1500.6795077822965,1480.31759139944,20.36191638285807,0.16596555046353054,0.11233459154099527,1.0595528706609794,-2.5520104274504277e-06,-2.5730277395022534e-06,2.1017312051826253e-08,-0.0003110680395791883,-0.00031112621828466845,5.817870418404419e-08,8.453183401561356,438.09525094964346,7.016734898536652e-06,3.2693224578245906e-06,0.2941037334432601,1312.3169382658027,0.019468381330004805,43.92114588068216
243,0.6636556257649512,113.83917435715654,0.4123996350658576,113.07317922418308,0.3535954979075893,1415.1318908013086,1388.10477269856,27.027118102748748,0.09148185961341716,0.12799473028018693,1.1578844930328533,8.427164713320201e-07,8.262317963790136e-07,1.648467495300621e-08,9.281958874685297e-05,9.275965352972946e-05,5.993521620586124e-08,10.782792967566163,388.7436061189615,7.991110332996291e-06,2.8618027290475303e-06,0.30829430457009716,1588.1874275528662,0.018709089434747538,1171.9069679335516
244,0.7518607027612634,116.51792868579895,0.373807725263525,115.75199181541394,0.3921291451214808,1693.7700261572086,1673.8789390433828,19.89108711382403,0.13198414216600543,0.14488055571338462,1.400348197804449,-6.680906663659349e-07,-6.841962518668767e-07,1.61055855009418e-08,-8.502725616241592e-05,-8.509109872207957e-05,6.384255746814716e-08,129.54183984628418,224.59717793608934,8.314736541456539e-06,3.5356904293975026e-06,0.3791340369293555,1627.5551786929493,0.020769714938095915,193.3320371259906
245,0.6720513195235868,108.88079704246475,0.3375131295170045,108.22392823260233,0.3193556803454104,2097.9962421677033,2078.143656403998,19.852585763705925,0.19688127124461136,0.12164980555303108,1.1070798891715123,2.1694201731396133e-07,1.9967180192559492e-07,1.7270215388366404e-08,1.5550334007235137e-05,1.5489696324604053e-05,6.063768191737842e-08,6.033883720724795,556.7405074927757,6.984522051371498e-06,2.7331088092237664e-06,0.31034107170734865,1540.5457155775068,0.019442526260246163,1470.3469821771178
246,0.6522524116331346,112.949325326718,0.29603584841672526,112.22931815921527,0.42397131908600316,1332.8832243806382,1301.0137505693099,31.86947381132949,0.3196187458110512,0.12049725881132314,1.0895560522178505,-9.465600912040761e-07,-9.672916502013677e-07,2.0731558997292176e-08,-0.00011646266465674214,-0.00011652803416869537,6.53695105197124e-08,15.547386873448092,103.98123724820225,6.995279786534396e-06,3.4118849220132633e-06,0.2963793268286016,1552.1577448461285,0.018864551472096258,2811.323830295707
247,0.6098230029252198,102.55455774534421,0.29813872592562907,102.01774125897136,0.23867776044722247,1413.3824516423122,1384.617265041165,28.765186601148883,0.12173456531942498,0.11194911505039358,1.0551606226456545,7.512307576382435e-08,5.8375375002587655e-08,1.6747700761236728e-08,7.183966114066625e-07,6.572891501165269e-07,6.110745990265738e-08,6.5542745477894915,614.6319008066179,7.640029380353778e-06,3.142206417107511e-06,0.30356490943429687,1459.2462981217243,0.020180132054643096,-827.5375927279638
248,0.6287564661589683,93.05719026887233,0.27003425139870846,92.47449880651992,0.31265721095372484,1218.8829547882776,1201.4869220386586,17.39603274961755,0.1453003860137782,0.10074963996131671,0.9555578324990034,8.623757994895267e-07,8.483562135787151e-07,1.4019585910811596e-08,9.884667285130604e-05,9.878802870435652e-05,5.864414560921774e-08,12.425073067807528,265.1578781206527,7.404408569546251e-06,2.6467208744270487e-06,0.2597602248151226,1232.5380867380964,0.017245285460742533,-1779.4806286195198
249,0.5749425401980134,72.36351794402799,0.22956262229977809,71.80404320281785,0.32991211891035155,1648.1617533425424,1633.4793181155262,14.682435227017635,0.09418112661935885,0.0889101688837477,0.886497827265961,-5.348509027210497e-07,-5.506179644857027e-07,1.5767061764653214e-08,-6.669164799752626e-05,-6.67436560513876e-05,5.200805225709815e-08,25.47093657620957,735.3658070514238,5.933501300682494e-06,2.346702682181592e-06,0.24497542882090392,975.7556564393972,0.020222511683615087,754.5722480437507
250,0.621592330468661,79.29707383769062,0.2636405325530592,78.7838945293959,0.2495387757416561,1582.9201577486429,1564.0193487276747,18.9008090209693,0.16966833270766088,0.1043209109878975,1.0453470132719065,-1.5743516418266162e-06,-1.5871246350568532e-06,1.2772993230236842e-08,-0.00019090534708167715,-0.00019096537540512872,6.002832213177338e-08,4.5292881611426274,629.4867056071527,6.840783544973354e-06,3.4607399923136423e-06,0.2813012044501921,1052.335290498469,0.020790636408889736,59.926695315225516
251,0.6301199751318693,79.90369919806109,0.26302796171025744,79.36584747696878,0.2748237593820629,1243.1407320632384,1224.2981356294927,18.84259643374618,0.2307766721074276,0.1005852727930728,1.0023106417074759,2.7563650920420814e-07,2.598975837080235e-07,1.5738925496184455e-08,2.7275584651559366e-05,2.7222810064303496e-05,5.277458580799843e-08,4.1603204848383815,547.4277106094015,5.447298067365354e-06,2.6961534783455557e-06,0.26719102255085125,1101.284596566154,0.01919849526045622,387.13227831819313
252,0.5922690994404837,80.216478160548,0.24806334998465152,79.64186051282859,0.3265542977347821,1328.4286396866514,1311.9426155078986,16.486024178754768,0.10275017429024419,0.10529632321280472,1.0031930872774384,1.1310913332860826e-07,9.792082046721578e-08,1.5188312861392548e-08,7.1682697130331005e-06,7.110789415806379e-06,5.748029633285544e-08,5.296420165411844,178.15086081017924,5.811958326469088e-06,2.663626631923943e-06,0.27526919525580335,1120.4501945267045,0.01684435906413955,1351.1660587229817
253,0.6529045244659087,96.2006611888362,0.33501765310957465,95.64837457571016,0.21726896001647755,1724.3107677891694,1703.2416958949561,21.069071894216552,0.18695176374356917,0.12469951237545673,1.2209098328742851,-5.033080962143434e-07,-5.236888890458908e-07,2.0380792831547056e-08,-6.78033118586667e-05,-6.78586427495461e-05,5.5330889727677054e-08,9.341669853969986,567.6808493782318,7.61353421693845e-06,2.469222262608682e-06,0.3234310892439862,1341.2071837462136,0.01993882374298734,1649.2850588447618
254,0.6745137281230539,110.07542854773699,0.3189073409350205,109.4739367739128,0.28258443288916635,1451.9997961006552,1428.6304361813561,23.36935991930141,0.14279703051774711,0.13280473364652384,1.260999884634488,2.3657998234982097e-06,2.3483209543890007e-06,1.747886910920978e-08,0.0002779395526473473,0.0002778799630487034,5.958959766148596e-08,33.82743558783251,137.6549681153326,8.447036201264128e-06,2.9328006928896502e-06,0.33708242199942956,1631.4237785719756,0.017662741193520355,-4530.945563449306
255,0.6363883572742203,86.7520663393741,0.32897847868138197,86.15224528736398,0.2708425733287338,1244.8180740490875,1227.5009496370822,17.317124412005317,0.11406422777398649,0.11257077303606229,1.1106672984747317,2.7908657709677205e-07,2.61078689617723e-07,1.800788747904908e-08,3.0253251900071416e-05,3.0198624597148593e-05,5.4627301558447184e-08,15.753838084882467,301.27832073582164,7.937715581643933e-06,2.739540698080506e-06,0.30178611809602995,1208.385775608287,0.02014512436887342,2090.0890476910827
256,0.6352779753165105,91.09941433064417,0.30537834883627063,90.58233244927153,0.2117035325363554,1775.1500479753586,1744.3545445454622,30.795503429896524,0.2060452204992002,0.11292619267949613,1.1093165856488805,1.4188162770916855e-06,1.401466113798128e-06,1.7350163293557336e-08,0.0001620114349968887,0.00016195686722132244,5.456777438091867e-08,4.188990761697673,529.0215252438029,8.103794508693736e-06,2.7628788758778764e-06,0.2924980228818273,1289.383297381311,0.020121654398935512,1471.0084479647085
257,0.5768249630266457,72.67900599298265,0.19885282417409103,72.24809084297127,0.23206232583729317,1198.78040412561,1183.2057657450828,15.57463838052865,0.3371822693607425,0.09557967503163006,0.9462065532662411,2.246224294370459e-06,2.227535520315369e-06,1.8688774055090633e-08,0.0002625449912796128,0.00026249139808345184,5.359319494753651e-08,9.132167111144092,288.6095417335839,5.741095910326957e-06,2.5202764116474046e-06,0.25396505170810196,1036.9669406459896,0.018363140486846875,-284.78838599216397
258,0.6947838181093388,127.88683010871954,0.38555781597015804,127.01485887912702,0.48641341362234486,1980.8857964428157,1956.5144722076775,24.371324235138037,0.2525011425336046,0.13079606135766128,1.179919256853375,1.271756534448431e-06,1.2519832602092481e-06,1.9773274239182797e-08,0.00014688890367727962,0.00014682132602279532,6.757765241417173e-08,24.08746192223524,599.0015703979348,9.251620382740217e-06,3.603985368591051e-06,0.31580754363306945,1714.0278794466,0.018746726862550613,-988.6729426041566
259,0.5989657520780726,79.9924480669082,0.21870619761359517,79.60919887165232,0.16454299764228186,1361.2230953200317,1341.1237071617707,20.099388158260087,0.11465795353344559,0.09825032886924799,0.985321833515765,-2.3347314176718217e-07,-2.444285360137638e-07,1.0955394246581685e-08,-3.2345781129737833e-05,-3.239542442781346e-05,4.9643297100133147e-08,6.88978253016465,969.2299307134022,5.790508347499957e-06,4.9634333852706855e-06,0.2625725170624136,1161.418151619915,0.019287059503121526,394.87852182131974
260,0.63808627826967,85.70047164538377,0.23075682749403842,85.20449991835888,0.2652148995308375,1268.5693409114995,1248.887005555254,19.682335356246064,0.10519535894469693,0.10679837560837434,1.0571095299200917,-7.161361626164367e-07,-7.321069815389599e-07,1.5970818922523173e-08,-8.84406410381129e-05,-8.849676740517328e-05,5.612636595273205e-08,12.60584898063387,307.48655675423066,6.703057885339815e-06,4.040438065146226e-06,0.28633897433469796,1169.4762695014367,0.019002652333795236,857.2573822668019
261,0.7057271458801555,103.87969779808974,0.28387360819421514,103.30913888463454,0.28668530526098385,1437.6804485066407,1420.099745926206,17.580702580434682,0.20739595224625318,0.13419023927742882,1.310672333514978,-1.2799572730184312e-07,-1.438134082931591e-07,1.581768099131593e-08,-1.7920035345358182e-05,-1.7972786591962115e-05,5.275124575696304e-08,5.528726496595915,362.6779772386701,8.455435653609243e-06,4.0310959833014385e-06,0.3397410575477691,1448.6238801678196,0.01822146897517413,415.0020465745147
262,0.6120974747209093,70.02848570365416,0.19496901516460874,69.56971951868933,0.2637971698002166,1619.4483365484618,1597.4904999008154,21.95783664764603,0.10822537381651409,0.09452310263305493,0.96023118926425,5.107643094918866e-07,4.981859550596865e-07,1.2578354432199887e-08,5.451049394429293e-05,5.445533184165794e-05,5.5162101549495946e-08,5.955592212913944,281.49377069715814,5.077068134198275e-06,2.45309467416784e-06,0.2705524130918369,977.0710448517585,0.01911983655867845,900.808018052463
263,0.602694207698804,82.2829953258923,0.2506087246372821,81.75905036899046,0.27333623226456566,1421.227258637548,1397.431544404735,23.79571423281508,0.2217759775322927,0.11477765799193326,1.090665433991971,-1.4756131273576535e-07,-1.6199315243890517e-07,1.4431839703139789e-08,-2.298442852229065e-05,-2.3038610422576058e-05,5.418189904323605e-08,5.012308128095781,652.8486368802935,6.092070840797716e-06,3.1852549055342546e-06,0.3007278727975762,1166.818377006787,0.0197324465100357,387.823933403095
264,0.6146547440087642,83.1300409265911,0.22315240742122705,82.65176513441378,0.2551233847560808,1362.289899640622,1339.7325942602386,22.557305380381887,0.1371133629924877,0.10413187204104324,1.0008472957409908,3.1787402635817325e-07,3.051945612283546e-07,1.267946512981857e-08,3.6296400680668535e-05,3.624130454277976e-05,5.50961370138321e-08,11.815963469035037,497.26007790196326,7.407403671566412e-06,3.370157219664288e-06,0.28178488972185867,1187.8514723181759,0.019368482726312374,810.5530017857782
265,0.6421664562134592,85.63975916593068,0.28033866428466664,85.05210490285982,0.30731559878620607,1590.2512952323268,1574.7490046309636,15.502290601368308,0.26224569270995235,0.1078631386299357,1.1352263684975568,1.4180106565505917e-06,1.4039666872421343e-06,1.4043969308457354e-08,0.00016537757657291192,0.00016532180044458972,5.577612715634842e-08,6.542643433301069,499.9422575084472,7.2678005033352835e-06,2.7397345495790415e-06,0.29591397803953035,1186.8650876165095,0.018744203996367583,694.6668648995001
266,0.7717536794688055,111.92511260403016,0.38552874882751575,111.31573578573249,0.22384806947016622,1771.9648398045645,1744.21261597852,27.752223826043103,0.5097463530061103,0.13432450221255995,1.2527396257722097,1.098000133521629e-06,1.080077621934233e-06,1.792251158739593e-08,0.0001239470653873769,0.0001238835972786717,6.346810743025094e-08,9.12582835608337,490.5640247295725,7.960502169045477e-06,3.1805213038646967e-06,0.34715445045409465,1608.4842532740481,0.018896967317934416,405.1259557225385
267,0.6752586341114347,95.59488244973558,0.27426254556269986,95.1887581684584,0.13186173571448495,1280.7858925561675,1259.0318275379188,21.754065018250053,0.11390622025359795,0.10940825308043774,1.0622184094840936,6.010979130443321e-07,5.879594738156015e-07,1.31384392287305e-08,6.499496329283997e-05,6.494029806929918e-05,5.4665222436830844e-08,7.423784601743742,679.4065120692637,6.550353440062694e-06,2.7717309421788424e-06,0.29164849268862697,1377.5618131869055,0.017564511473012794,-1854.7657923551342
268,0.6314573505254237,95.52308621167778,0.3059072077072265,95.0077634839599,0.20941552001066052,1517.317648572129,1493.8343559953494,23.483292576779743,0.159460666585271,0.11246138678724234,1.0995167197239706,-6.351713561516221e-07,-6.518608383850227e-07,1.6689482233400706e-08,-7.897031406228772e-05,-7.902993357831393e-05,5.961951505780486e-08,7.433400537336732,290.81343607801205,6.58944842674283e-06,4.588468684701887e-06,0.29881164841638874,1351.2432408697625,0.01791704088559044,204.42405882566163
269,0.6482580667578127,107.88013318845466,0.3298471919208319,107.1854165622335,0.364869434300336,1485.3662327770976,1467.1079777058496,18.25825507124648,0.21789246251371536,0.11266482896053798,1.016418841101446,-3.54934488823324e-07,-3.7058634229891317e-07,1.5651853475589074e-08,-4.4500012056025426e-05,-4.455925943642259e-05,5.924737899971832e-08,8.416457963958514,822.1435738528753,8.577890232591919e-06,3.2460644087377426e-06,0.2779570246454886,1493.8397098819285,0.017988391106142868,637.1950547654633
270,0.5631493134022341,72.61669866234237,0.26030460043055104,72.15033735262192,0.2060567092899027,1303.0628446527003,1282.9926809121623,20.070163740538945,0.10374138905505821,0.09446045965056402,0.9363255852612553,-6.448662732062433e-07,-6.582156623810305e-07,1.3349389174787137e-08,-7.928574507438233e-05,-7.933962782399114e-05,5.3882748682220406e-08,11.782829711501456,160.36141050400133,5.747779047826588e-06,2.3804522250081304e-06,0.2526307580574373,1001.0095010008478,0.017834170296687837,1271.7769356722747
271,0.708003290304491,130.48068340946983,0.4467987638108754,129.66044129475011,0.37344335090881997,1825.9918019646955,1776.4663774734781,49.525424491217954,0.21890895476550576,0.14054605593050956,1.2677318838555593,3.963757756713489e-07,3.7965767914769946e-07,1.6718096523649395e-08,3.695677102904266e-05,3.6892145904492906e-05,6.462512282454579e-08,105.65896185449488,777.8283460561225,8.865917344697606e-06,2.8076747510384153e-06,0.33754972829151136,1850.8720101867893,0.020682167188235706,-510.23682410305264
272,0.6291977236557251,85.70430395886018,0.23637237510314135,85.2923335366784,0.17559804707866497,1411.9770602750662,1391.068708433237,20.9083518418288,0.16040915390049584,0.10257236158117145,0.9962232533903617,-1.2047896271017973e-06,-1.2176920384055472e-06,1.290241130375005e-08,-0.00014559983292627754,-0.0001456583450992522,5.85121720465062e-08,6.777458727278442,480.782463126402,6.7384980164880565e-06,5.199424297790763e-06,0.28351295483059646,1216.5143294348097,0.019522526968227163,-685.152098752922
273,0.5656022550105284,84.3346669213758,0.22813389132553338,83.7887800097204,0.3177530203298656,1736.679794164802,1719.6560819953843,17.023712169418562,0.11713048234291228,0.09440286139107885,0.9131806395305996,-8.83138015059731e-07,-8.978304315815459e-07,1.4692416521814882e-08,-0.00010753958712674092,-0.00010759325611257468,5.366898444016554e-08,5.8195931247718065,439.10859841373536,6.838077987441348e-06,3.0209573990596156e-06,0.253936737317793,1119.6062473663121,0.01953868124686477,-2245.5701607921437
274,0.6690783853106387,77.83362701200967,0.22251692021123137,77.43469097346401,0.17641911833441146,1358.5674461458682,1342.6676637087326,15.899782437133602,0.10869351142055377,0.10225708184058281,1.0499886292214642,-1.9688279056434982e-07,-2.14237679493219e-07,1.735488892886914e-08,-2.5690502360168848e-05,-2.574376137910782e-05,5.3259017849078515e-08,18.866109128947382,522.0719711026928,5.017399914207587e-06,3.170371358178826e-06,0.28984843241717373,1096.6773530080757,0.02042401408107143,-313.2107799223195
275,0.6279154935372498,93.30767778915147,0.3010993131335563,92.68221326588953,0.32436521012839686,1381.2849746380014,1361.3765670079551,19.90840763004588,0.37449483397000705,0.10304618410832946,0.9686818209528913,-6.702379875040576e-07,-6.846015165285994e-07,1.4363529024542054e-08,-8.713838576697608e-05,-8.719412436734363e-05,5.573859915978833e-08,9.759925947494185,520.3014916757128,7.54252385635088e-06,2.8406060748756235e-06,0.2687202021574041,1299.7797372006805,0.018180015620862026,-2181.9151268514797
276,0.6150661763984253,77.26868503163779,0.243868347772335,76.93521834541751,0.08959833844793359,1336.0529770357737,1315.0658444253413,20.987132610431388,0.09174866793465193,0.09589542376866154,0.9454730834361993,8.374216259089029e-07,8.245263930571428e-07,1.2895232851759752e-08,9.519385653348473e-05,9.514184459299328e-05,5.201193912097215e-08,5.211491615895127,504.50955349364295,7.776353543726082e-06,2.6168701389921743e-06,0.2551520104462615,1052.0281575155313,0.019355764419630262,1791.230367197244
277,0.6094200847905235,91.95430366094898,0.29338608111575537,91.29965627569537,0.3612613041378529,1338.108238361346,1320.2792765979555,17.828961763390478,0.2625341530005794,0.10421213871981537,1.000685102950953,1.5940999161681683e-06,1.5765777699530635e-06,1.7522146215104927e-08,0.00018365082736678006,0.00018359109010061163,5.973726518766999e-08,6.693201351872947,473.8239927156831,7.027364424053922e-06,2.669092016440068e-06,0.27711263041879597,1276.294471265358,0.019300307786089425,1279.7586839544892
278,0.6131440493678937,87.27433541281735,0.2578800089305874,86.66539753632289,0.35105786756389046,1217.8912937885943,1196.2413847538007,21.649909034794174,0.10617517878937295,0.11292638457023374,1.137516745862281,8.878799426701566e-07,8.740961537381194e-07,1.3783788932037235e-08,0.00010030829219410515,0.00010025745819782926,5.083399491189101e-08,10.202299329610268,-20.945378077913528,6.3156741624100195e-06,3.2259983589075203e-06,0.30565637654225863,1184.8924515904362,0.017713552061085956,-623.8509226320166
279,0.7621014669017963,141.06340022538012,0.3849679024275763,140.25570746164652,0.42272486130602666,1461.5781051781703,1428.4001650168764,33.17794016129453,0.21854160114074977,0.1483495867085598,1.297845456111088,4.021427563418093e-06,4.00250077489191e-06,1.89267885261836e-08,0.00046309805184207724,0.00046302188060929147,7.617123070128224e-08,40.484930801281656,209.51689226505104,1.0236442031761893e-05,3.4923025996582994e-06,0.3493950071087681,1960.2775632962769,0.020435820255776525,346.7320528213786
280,0.7019672301993932,119.20405576254416,0.45830687999578307,118.21341148218939,0.5323374003589858,1711.9623970395685,1684.6961859263738,27.266211113191897,0.1718485533418195,0.1297411110468279,1.2191696022672522,-3.5279797836696676e-06,-3.547228128442765e-06,1.924834477309763e-08,-0.0004268281087593043,-0.00042689654021668536,6.843145568874843e-08,7.080655965837975,27.907442361963064,9.461513818963659e-06,3.0699433688903555e-06,0.32207815566172104,1642.787887231171,0.02107057777089424,-2785.127201125528
281,0.6311941251236757,93.88445377595741,0.29050056725040874,93.31424073670716,0.2797124719998359,1282.9904065084186,1264.3949299063454,18.595476602070732,0.46692841302717225,0.12031780326992775,1.2055662410645533,-3.3101185961594295e-07,-3.451389476531944e-07,1.4127088037251377e-08,-4.098986407709833e-05,-4.1046643305983644e-05,5.677922756346974e-08,36.24981671226845,528.5814355756958,8.37730589652558e-06,3.0092619645251916e-06,0.31257282030184486,1306.466862161388,0.0187329681891267,2368.7416009118024
282,0.5601920420705157,76.4405854532022,0.19797136186666803,76.02734974476434,0.21526434657118534,1452.357992449605,1430.8719331870002,21.486059262605906,0.10172689275717696,0.09210342240868077,0.9042657386231793,1.481398092117964e-07,1.3313549689347167e-07,1.5004312318324772e-08,1.401758027009912e-05,1.3963878646698022e-05,5.3701621823335045e-08,6.870773957408451,375.1997264028685,6.802737691431346e-06,3.1329523043562185e-06,0.2523232119170652,1065.4622193942723,0.018280626096139594,1069.6568254482918
283,0.7408922279333466,132.15560407145466,0.4016913657841513,131.28750577141986,0.46640693425062457,1384.1458424359844,1358.5030956074736,25.64274682851106,0.19883720806692237,0.13636390967910816,1.2374311112530156,-8.20922779055111e-08,-1.0007567451187818e-07,1.7983396606366998e-08,-1.5411561960687164e-05,-1.5475686044254693e-05,6.412408269241451e-08,16.01794009776952,759.3090958278863,8.075788065752942e-06,3.2493829754375615e-06,0.34142253681456697,1885.0801206862648,0.017048649550186933,1771.6380114927306
284,0.5607880225682705,65.24451715922879,0.2063577695151188,64.88234439462155,0.15581499509211894,1338.1355612398672,1321.2136122543732,16.921948985492527,0.1606132386527613,0.09571129864608686,1.0003739149273887,5.528235409921933e-07,5.392161612503115e-07,1.360737974188191e-08,6.152481111877181e-05,6.147937288561656e-05,4.5438232108578514e-08,10.212239330117198,284.4525179330172,4.973808835635323e-06,2.3747087748602545e-06,0.2660931479370024,897.4979262020847,0.01707857605303925,-89.5913206739242
285,0.6402816710303246,100.55698591299951,0.29829787180331585,100.16735354310417,0.0913344980920225,1707.4479810893865,1688.8994520256445,18.54852906374123,0.13950519855823867,0.11294618718329251,1.096582965104673,1.4486615410728587e-06,1.4282196697457175e-06,2.044187132714101e-08,0.0001655472779595365,0.00016548579664733417,6.148131101121617e-08,7.419154042166391,479.4761437012502,7.98517728406442e-06,3.2605815790300883e-06,0.29145303869941125,1445.9162118301274,0.019789129608296853,-634.23143512561
286,0.5901179153178364,81.67532774646676,0.2516615577833527,81.27375479587441,0.14991139280900204,1255.101917923101,1236.910324941914,18.191592981190645,0.12133365925490065,0.10175175270932657,0.9873756186278427,-8.634593397341325e-07,-8.78126890324442e-07,1.4667550590309735e-08,-0.00010667417381632122,-0.00010673219823378486,5.802441665533424e-08,12.006253333462542,693.823205985255,5.962748477182529e-06,2.655883377803555e-06,0.26363750214638776,1178.9390983881385,0.01836131318439428,1308.9632715374028
287,0.7258524142934359,107.82486193675113,0.28960560698631194,107.26958926178119,0.26566706798363554,1461.4145616357835,1440.1651100778604,21.249451557919603,0.145771509161528,0.13938901348687738,1.311241137860929,-1.6576895165779582e-06,-1.679877743994167e-06,2.2188227416209014e-08,-0.00020881011843217916,-0.0002088757928508002,6.567441696132385e-08,7.350749568888965,505.24305394748217,8.980798245035281e-06,2.9881566464929873e-06,0.36451699285199246,1498.461377638091,0.018253886975421435,547.6717151852426
288,0.6149288681283019,102.4749027917461,0.3344279366520244,101.69956153591801,0.44091331917607074,1351.4934675689517,1331.3368177735854,20.156649795364764,0.2496592357523195,0.10931555887623837,1.0174754582593828,-4.929856720337779e-07,-5.077018085513329e-07,1.4716136517554797e-08,-6.317751276263596e-05,-6.323806691934099e-05,6.055415538693587e-08,26.461086763796114,744.1548711221565,7.936240572917142e-06,3.1262026199904954e-06,0.2889435907528757,1435.8676672454635,0.01977514196274978,-872.9898586391246
289,0.5371275688498224,68.17329812690303,0.19275371553784346,67.78098048251937,0.19956392884580237,1231.3207716569646,1212.2935496082573,19.027222048706815,0.08206098735324575,0.08579314094217588,0.9004964092353742,-3.965109973253145e-07,-4.065576749239426e-07,1.004667759862806e-08,-5.133038413853361e-05,-5.137989649367362e-05,4.951235394023151e-08,4.763964913565022,447.9052946916974,5.091131844889455e-06,2.712838065096834e-06,0.24141870588897996,971.5790023120232,0.01876165908673033,-262.81520810273287
290,0.5742441130968953,81.40533597774652,0.2707673424079615,80.88797674537977,0.24659188995878867,1410.2088862394442,1389.8999471277943,20.308939111648865,0.07105817443783118,0.11093082590944328,1.047149802991478,-3.396493923794419e-07,-3.524750866842444e-07,1.2825694304802455e-08,-4.852705823407541e-05,-4.85781906573316e-05,5.1132422309716664e-08,7.96413873053927,1274.3703667999662,6.096342149577397e-06,2.83020970551315e-06,0.2844400387422042,1101.979826324289,0.01886534216030303,-259.1047717837173
291,0.5833953959796838,81.92368298365675,0.2371253476746189,81.38767110710717,0.29888652887497263,1352.101422584268,1329.6852859153328,22.41613666893767,0.10682295454620415,0.09939621008740412,0.9725640419949901,1.203768806913346e-06,1.1885389252683519e-06,1.5229881644994298e-08,0.0001413524116152716,0.00014130255028000927,4.986133347560607e-08,5.5608079956450975,198.08755669060238,6.013615564768057e-06,3.6962748422399696e-06,0.26454958377668664,1144.5908601855733,0.019103088653455502,-329.07543504518617
292,0.7691487153916906,148.12170489690178,0.43880669446783316,147.22632932994773,0.456568872486217,1976.7287313152628,1952.767502208967,23.961229106295793,0.13931525905144115,0.15758187990175201,1.391140209476222,2.8289915600414185e-06,2.8104580613674135e-06,1.853349867400381e-08,0.0003247559373171624,0.0003246814585108919,7.447880501650906e-08,39.68644858134364,310.9851274994255,8.981180601303505e-06,3.1297829506850826e-06,0.37462027550386673,1991.4460842219466,0.019888235671854874,381.46546619862784
293,0.6164401819884503,88.71539814467243,0.3441418552340856,88.14720544696291,0.22405084247542867,1562.0921286276207,1542.6742145848991,19.417914042720668,0.1408532510950831,0.10360648482467263,1.0204866711563272,1.5904784149669052e-06,1.5754431480940262e-06,1.5035266872878752e-08,0.00018159433249600348,0.00018154129483086346,5.303766378100466e-08,37.18910159917916,504.95101772141345,6.831769917077839e-06,2.65462952090446e-06,0.27072930985547233,1226.3136301411892,0.0194320615348215,1344.2636148979254
294,0.6378380631865996,98.49756544994639,0.2801361486384868,97.85862421333546,0.35880508797243643,1592.0801307733902,1573.4984824888427,18.58164828454844,0.13632560232511245,0.11723837311807399,1.1143422948646395,-1.0043406423774091e-07,-1.14834087350025e-07,1.4400023112284046e-08,-1.3284423710981628e-05,-1.3341391995738132e-05,5.69682832276533e-08,7.218030213483688,454.65343981780546,6.761754884287015e-06,3.1596962535334697e-06,0.3074705177251061,1359.3972856383389,0.020340304343763906,13.719908205719548
295,0.6280185452612359,92.48662202842097,0.27076004153319144,91.96687160296494,0.24899038392284842,1386.0713555092445,1358.9415798873565,27.129775621886296,0.15333146765050013,0.10955374700365766,1.0842544396109806,1.1302540632039002e-06,1.1138940194971872e-06,1.6360043706713075e-08,0.0001280431959119436,0.00012798571368275306,5.7482227989952434e-08,14.261430069490803,547.8986451481459,6.358183140388677e-06,3.377394459788973e-06,0.2928381485289509,1313.6162510490485,0.01939936409264319,482.91544448798595
296,0.6074468843896371,71.30815632596676,0.19893879014457905,70.94953691230378,0.159680623518386,1380.8156045903286,1365.2623195128197,15.553285077509905,0.07950969206120216,0.09515817392661714,0.9679947764213879,1.6212545642089001e-06,1.6093437167752494e-06,1.1910847433650559e-08,0.00018943319398663435,0.0001893808300093495,5.236397609757319e-08,17.382597150603452,213.76931640386076,5.791550594428874e-06,3.1606738514723363e-06,0.2691458794224056,995.5235476309608,0.018574423088064444,-736.4629520673952
297,0.6144595475411627,91.3576859253908,0.23482523080352063,90.85860333564578,0.26425735894148844,1592.0580260679444,1570.919257173395,21.13876889455007,0.17659984556285938,0.10346506372355381,0.9526427654154133,2.4798786789620943e-07,2.3250540957647917e-07,1.5482458319730264e-08,2.0404650066256413e-05,2.0349280630155772e-05,5.5369435266048576e-08,6.7603051988958756,162.48341637595158,6.131517190511767e-06,3.2897900323139245e-06,0.26798181313889036,1245.9911990666087,0.01979137873470954,665.5505621546654
298,0.6306843631178083,69.70338826533363,0.20745116411968717,69.15870849659225,0.33722860462169585,1584.0115291499762,1568.321148460259,15.690380689718538,0.11113270594487391,0.09689313984385274,1.0061831802311225,-7.339815819742345e-07,-7.465482873950772e-07,1.256670542084269e-08,-9.126425458335322e-05,-9.13142405985262e-05,4.9986013768311005e-08,16.424918779237316,553.1126953589593,5.178739887876159e-06,2.583635126016987e-06,0.28643740809092394,961.6537349646857,0.01941510567984479,719.7338173788703
299,0.6808214947413102,107.27465630373398,0.3141169496679659,106.54397870599254,0.41656064807347687,1250.8096389413186,1228.2180685066708,22.59157043464592,0.2876401177775816,0.12740085099275217,1.1901379001136956,1.8991462550331662e-08,3.200691178384888e-09,1.579077137194672e-08,-3.0652200657846e-06,-3.1250544902956304e-06,5.983442336298287e-08,23.404719973514972,598.6865681494963,8.12924102681498e-06,3.7624875167177215e-06,0.32362893959392797,1448.3793832153783,0.018415019109461906,1204.0559441969162
300,0.636844325902567,104.92551693273042,0.33344853037550093,104.26657002756586,0.3254983747890536,1715.9715120483631,1698.0541622905134,17.917349757848424,0.36361102268081286,0.11050403314090994,1.0208489221982326,2.8649376416174805e-07,2.7123509065565847e-07,1.5258673506089457e-08,2.9296930445578666e-05,2.9242190740717358e-05,5.473970322498471e-08,5.988907164324145,536.6435196310537,7.311277514240577e-06,2.858043512373192e-06,0.28305652353911503,1510.6036165979153,0.019148962304332343,-802.290748192936
301,0.5842743253672914,76.62027590767624,0.1984668167795751,76.24369357882613,0.1781155120705286,1406.161675249886,1389.3869791611032,16.7746960887847,0.13612945867705184,0.08985821927900128,0.9151805058983431,9.516610659248773e-07,9.358989383159116e-07,1.576212760896595e-08,0.00011042901361416779,0.00011037793480788861,5.1078805330157545e-08,12.458398298814167,535.540680417385,6.486128036626856e-06,2.820432056203934e-06,0.24711038329745316,1070.1898466676002,0.018726919765911176,508.3844414723244
302,0.5972086993718695,74.74972409006837,0.20327074493365235,74.40202817467494,0.14442517045977907,1647.0401739702486,1628.4203785777859,18.61979539246259,0.13788603179107253,0.10239258479055002,1.023543445481761,1.1765508145894638e-06,1.1621046088190799e-06,1.4446205770384486e-08,0.00013803914913176977,0.00013798969384956142,4.945528116567066e-08,8.823250081449778,541.4662480183682,6.536297115773695e-06,2.3738042608008695e-06,0.2783726290893059,1024.5748445299384,0.018160370461113556,-420.251974650153
303,0.7419372640316226,131.39249494011491,0.44256379694434955,130.59325632021458,0.3566748229559784,1815.4999760842568,1792.3662914040613,23.133684680198208,0.40851051941204714,0.14601098191987352,1.2861658088965238,1.3449582048133266e-06,1.3264104621407747e-06,1.8547742672551676e-08,0.00015521203987813183,0.00015514457793905625,6.746193739119806e-08,10.653591522099767,818.5778078500965,9.018861784303408e-06,2.909687550039358e-06,0.349506151989977,1813.9454608832777,0.019390204399463207,193.38764826402257
304,0.7613744675282202,136.4440928350516,0.5037079015029553,135.93412212629826,0.006262807250396322,1673.6964738683487,1651.820310181223,21.876163687125768,0.2773525177877803,0.14258853229466006,1.2802177892438409,-9.960020176854105e-07,-1.0155591083402982e-06,1.9557090654887735e-08,-0.00012221895773006705,-0.00012229784778953454,7.889005863273693e-08,28.458874568556396,702.189663860448,9.717037497175245e-06,4.9105291530513505e-06,0.3425985503290539,2008.5546003102113,0.021311010188015986,129.35255805615452
305,0.6093011052393725,89.38655563577257,0.2660861478274951,88.84917894692558,0.27129054101952993,1960.7640086338163,1935.8973246845858,24.866683949231234,0.10995189302259017,0.09611158264532822,0.9344595788224513,2.067182835211572e-06,2.0530296600519673e-06,1.4153175159604169e-08,0.00023973088422645568,0.0002396766906296962,5.4193594510043674e-08,13.645905801929548,11.840899968760093,6.18242968917854e-06,2.7349141994519075e-06,0.26458929368233675,1280.3561735025119,0.017574411650490673,1244.004485607682
306,0.6248801818799208,75.50103395534389,0.22903888660795924,74.97879025377512,0.29320481496080536,1685.0232905198804,1662.2302458797255,22.793044640155756,0.11725262298663175,0.10434235814361753,1.0156079305717818,1.7242916882412374e-07,1.5928003714046412e-07,1.3149131683659684e-08,1.5101910634308027e-05,1.5052872255293006e-05,4.903837752881888e-08,5.1912161009011095,560.2450397752754,5.578602762134211e-06,3.02766569423153e-06,0.2812466856977733,1019.9210931700218,0.0187817047861672,-679.3911907254114
307,0.5788793480594162,79.8462246320431,0.1875053989256742,79.37602707182074,0.28269216129668356,1218.7094264928019,1198.412195278385,20.29723121442037,0.14007965579165865,0.09137228772861083,0.8767958112855474,-3.521753673473909e-07,-3.66837836549287e-07,1.4662469201896131e-08,-4.656148955186657e-05,-4.661313529650155e-05,5.164574350530888e-08,6.264077182930541,160.326308040677,7.399838625930058e-06,2.9423533489820785e-06,0.24603444998487833,1148.6323278128098,0.01810491172792988,645.188541994703
308,0.6430865238418108,92.19699053488759,0.2805823104103604,91.60764635874038,0.30876186573684616,1348.8559453212322,1330.1855453085166,18.670400012712893,0.10033683895557635,0.10377889967641386,1.010347101507034,8.973448371038552e-07,8.832009815805779e-07,1.4143855523277304e-08,9.954239495525297e-05,9.948616578257861e-05,5.622917072008226e-08,7.294158733386098,602.2115628704034,6.502501546087229e-06,2.609511707168755e-06,0.27743730716135484,1263.449789024574,0.017956146611477295,-547.6195870880474
309,0.7132802800913144,93.86565392761284,0.2800980497598453,93.47785092148257,0.10770495637042088,1515.5013432151854,1496.4509683946424,19.05037482054344,0.1881341350305506,0.12321391843428622,1.1948766258094705,-5.899402550017602e-07,-6.049627849006523e-07,1.502252989889206e-08,-7.789684854296665e-05,-7.795250120810322e-05,5.565266387801806e-08,22.41498122403428,376.3518633646669,6.42793333257301e-06,2.906921906760079e-06,0.31217481176461903,1289.4814807873076,0.019249545619604964,-1381.382133422234
310,0.5761087717530753,74.89986598185968,0.20174665643769663,74.49228316525368,0.20583616016830006,1558.5301031698518,1540.529778692136,18.000324477716454,0.07602890664787444,0.09546759127955991,0.9240299754155449,1.8823846941718615e-07,1.7660059833865357e-07,1.1637871078532602e-08,1.901091006714093e-05,1.896458942078116e-05,4.6320645076744624e-08,28.23933458342274,218.91417561877554,5.552494526074961e-06,3.1547149265596272e-06,0.2450856940316704,1064.087568074992,0.01936516346520249,-636.2672750878555
311,0.6620584993527189,101.888197514398,0.2840846050264347,101.39714965137202,0.2069632579995595,1772.7485306310139,1749.2711350874513,23.477395543563407,0.1201332821348921,0.11803161715111328,1.1253201879704788,1.1481955754470632e-06,1.1337703138465652e-06,1.4425261600497418e-08,0.0001289666125770484,0.00012891012243154552,5.649014426772463e-08,15.59840249764744,471.8274737856455,6.251142571927657e-06,3.0931152561131953e-06,0.2998907898536456,1430.1159736923632,0.018055536744511966,-259.28204425450167
312,0.6963830215138158,102.28532226691982,0.27200270274617777,101.82056358935469,0.19275597481895312,1766.0748349044707,1746.2677251958362,19.807109708631884,0.08662736088303517,0.12181349980243977,1.162339800070657,1.3634176604184957e-06,1.348349743606842e-06,1.5067916811653833e-08,0.0001590964013476368,0.0001590356244168986,6.077692885326305e-08,9.84183541864838,523.2262118782812,6.9153389748510545e-06,3.6371691661243667e-06,0.3091755032270317,1437.974960836742,0.020582803213863937,1548.454825597848
313,0.609899964426018,82.87324733716488,0.2468192652499572,82.3991682813277,0.22725979058720913,1511.0431128319515,1489.9999897857376,21.04312304621613,0.17845840513325328,0.10397346912929803,1.015605471524455,-7.636698102086218e-07,-7.806040665392291e-07,1.693425633060723e-08,-9.391484300567075e-05,-9.396851618992418e-05,5.367318305145995e-08,6.104273455590625,506.93185937009895,6.330819274632776e-06,5.187581083665037e-06,0.28784230669351374,1163.6888331024236,0.02023081322009918,361.9328515562629
314,0.6557820856309944,101.06690588918332,0.34406028121908905,100.33388337177267,0.38896223619155834,1945.768549155255,1922.3067250070055,23.46182414824906,0.16225091851482318,0.11471336945709264,1.122513764052596,5.824821836258099e-08,3.912328573459211e-08,1.9124932627988883e-08,2.5852171371185224e-06,2.528511726814213e-06,5.6705409267032065e-08,16.55974787200251,706.8311299340503,9.300380144337999e-06,3.937452709272767e-06,0.29738337871043635,1428.170440641146,0.018748602004128905,-116.66818170784609
315,0.6276420691318474,82.67984219568052,0.23042935862306083,82.18591048822628,0.2635023488311786,1443.381686329006,1428.3750604140635,15.006625914941582,0.11568502697557333,0.1130554983725313,1.1521678715213135,1.6222776964691905e-06,1.6032708700813128e-06,1.900682638787818e-08,0.0001891987793918886,0.00018914633331558936,5.244607498206103e-08,26.035989560559692,464.7138719484393,6.99479998478133e-06,2.5555829957792953e-06,0.3034251940854145,1147.1748124766075,0.018688781420322206,23.67276456918262
316,0.6159089306825004,84.31449820206399,0.22186491271828718,83.72940716400191,0.36322612534378457,1923.1078268554213,1901.743044160548,21.364782694873146,0.16737713793689055,0.11231289154189283,1.1150066480229655,4.5054303860974166e-07,4.371242246438239e-07,1.3418813965917907e-08,4.963739906286428e-05,4.958189182798597e-05,5.550723306334455e-08,12.642336445793653,526.2414033363975,7.305145123508126e-06,3.1930665269896033e-06,0.29601299042560425,1154.127620057896,0.02031418873554132,1293.41925423238
317,0.7168099488364374,110.80374088887719,0.36413417157020367,109.87440130463251,0.5652054126744563,1495.4127724526995,1471.8542306959862,23.558541756715343,0.16428614567079156,0.12458122382981658,1.2890938930077267,-1.6328237149953444e-07,-1.7680504413640624e-07,1.3522672636871868e-08,-2.5718004908355853e-05,-2.5782136324555612e-05,6.41314148907881e-08,15.66262712653767,255.63768133146033,8.575039378518665e-06,3.2353473650236326e-06,0.313397223047887,1598.3559924438123,0.018713814012721715,427.49348988706697
318,0.700494990219865,119.78433589351872,0.41656987447617944,119.06545270970493,0.3023133093376175,1844.7824522807118,1822.7802900486422,22.002162232071118,0.1373269043666467,0.139251198184845,1.2433841537396955,1.091910276707121e-06,1.0758234083987127e-06,1.6086868308407957e-08,0.00012759531399772706,0.00012752906532367882,6.624867293538228e-08,9.49541609686269,760.1283811819463,9.222273053286545e-06,2.8616607562986765e-06,0.3383293083887708,1727.055499703694,0.018026949600923613,-455.38296618743334
319,0.6680858235239716,90.04912436329647,0.36891348203765495,89.48118252098884,0.19902836027000922,1468.3661536656882,1451.0750492491638,17.291104416521854,0.11086982303597782,0.11590454251973374,1.118200377615763,1.377899362401393e-06,1.3636443291003822e-06,1.425503330101096e-08,0.00015491300298556092,0.00015486102071730627,5.198226697071002e-08,9.393259961546088,503.5199891431387,7.2559790894755865e-06,3.7716225476462452e-06,0.3003850196131752,1255.5728277981257,0.01911489241232855,-1408.9758102555934
320,0.5912842113473734,71.56064757937688,0.23131940627958947,71.15845671188958,0.17087146120769062,1624.0025303547634,1607.8910723675704,16.111457987194232,0.06825962527863329,0.0938049495645068,0.9576017482772036,7.189734469343591e-07,7.036029340260451e-07,1.5370512908313884e-08,8.201042212664163e-05,8.195728186346534e-05,5.3140262334435384e-08,9.83957881768005,167.29856077850752,5.908253946065818e-06,2.7345411071426776e-06,0.2654029406698758,956.7168140477639,0.018927980085717513,-283.3916465130278
321,0.6614411960349207,111.7612253545718,0.29620711013438183,111.1385810418571,0.326437202580316,1377.3201605356933,1354.9396256699704,22.380534865723586,0.14461548501778596,0.13217880311635782,1.1930859242183633,3.6328774301585506e-07,3.4869507526815736e-07,1.4592667747697787e-08,3.536867724123675e-05,3.5307994788722317e-05,6.068245074017198e-08,11.800297490553103,498.23926134911716,7.890460545307705e-06,3.0122121453181435e-06,0.3251109810253983,1534.5886839243135,0.018322109196877878,-1262.6152949994648
322,0.6314567073205567,97.70093929263945,0.22442642015002282,97.31857777477686,0.15793509771260594,1672.9783934186914,1657.0098884208119,15.968504997879144,0.17771866580691678,0.11421700793565343,1.126752672471052,1.3925856688871799e-06,1.3755989807513605e-06,1.6986688135818962e-08,0.00016088293693316503,0.00016082415717698145,5.8779754642146975e-08,6.983897713426334,29.59316267742063,6.899140170629069e-06,2.610406854339791e-06,0.2975977817545536,1386.8683002100292,0.020468946317326427,-3040.3875289039424
323,0.5850485345525172,77.20576783959591,0.2426170550650682,76.79142545893022,0.17172532560061682,1223.3718068974363,1206.3171283778213,17.054678519615756,0.10387637231124512,0.09611845508805583,0.9610637548284913,1.2839899380351638e-06,1.2701045010923576e-06,1.3885436942806427e-08,0.00014806712541141074,0.00014801625469971542,5.08707107150935e-08,9.68391096300791,404.2128780283024,5.523858319772248e-06,3.6094242251238678e-06,0.2564078620368657,1069.2309959942336,0.017643657013550144,1040.251625726134
324,0.7014763735851555,116.74541347489965,0.4035930160142892,116.03520027746039,0.3066201814249651,1787.784112175978,1766.263615918948,21.520496257028874,0.20660680439981696,0.13342314300276875,1.2031832687764612,9.294474055749493e-07,9.101821675629726e-07,1.9265238011976805e-08,0.00010242373832928744,0.00010236494857304044,5.8789755372309186e-08,17.225787666667085,719.168098363012,8.976749561725797e-06,3.0628821299201677e-06,0.33166711644655505,1652.4647224294931,0.018945910742967368,1497.465797820314
325,0.6598357961073558,103.08511193625036,0.2923199195919406,102.55818090969815,0.23461110696024742,1696.0221544214567,1673.2576861930104,22.76446822844661,0.23057716702077133,0.1126227429917732,1.0997829336191691,-3.436248099624049e-07,-3.573432035092928e-07,1.371839354688788e-08,-4.222540036842822e-05,-4.228837195232931e-05,6.297158263048861e-08,17.511342162850486,374.3775965414615,6.935629029631897e-06,4.8595712271643235e-06,0.29719337571262244,1426.271295234268,0.019005387752717897,84.49106761446455
326,0.7674502092061618,126.59172985036155,0.40817412404333114,125.85957344397342,0.32398228234478665,1741.0305449364794,1720.0473466911199,20.983198245359958,0.3754010288861115,0.14022133945827725,1.2648736694492353,2.8776071686177485e-07,2.680812166630491e-07,1.9679500198725815e-08,2.633344271873611e-05,2.6264228574716142e-05,6.921414306611245e-08,16.604718979590828,631.3964752731553,7.826778641078317e-06,3.4680067483761766e-06,0.32844090924054936,1810.0006797112526,0.02059986192677367,-1730.5570292981138
327,0.673201550867419,125.02785575953268,0.37498910673548463,124.34066101256268,0.31220564023455544,1484.9638690535537,1465.0606261421817,19.903242911372125,0.13379295746382702,0.12844165916701017,1.147410225834025,-2.107015598962705e-06,-2.12296450988171e-06,1.5948910919004378e-08,-0.0002524030380330356,-0.00025247297167053326,6.993363590854702e-08,16.252198619212642,797.7263591086984,8.46515704869858e-06,3.1514157386068565e-06,0.30418137643910853,1729.995603511244,0.019427279093317245,885.4189333928771
328,0.6624000601203368,91.08426080968898,0.28668062771555053,90.65069332776307,0.14688685421036804,1303.289090169521,1282.5990300815383,20.690060087983362,0.17735667345762895,0.12001032569444718,1.1328684936131497,7.181986398027446e-07,7.004327399368107e-07,1.7765899865933752e-08,8.281881330245908e-05,8.27597658541907e-05,5.904744668004292e-08,6.865803199032092,270.2624316054185,7.027444955753974e-06,3.306087259122277e-06,0.3277682832195046,1252.2071162721015,0.020747328409189074,-793.9994136485948
329,0.6178185568629158,90.18800055790602,0.3175171070571358,89.60421342054087,0.26627003030802504,1292.8970823623156,1270.0039005046044,22.893181857716577,0.19199141169952863,0.10285808766616575,0.9595837478544561,-6.266187654849209e-07,-6.465292655765922e-07,1.991050009167135e-08,-7.760547923531909e-05,-7.766302917646176e-05,5.754993971514441e-08,5.462256134167758,233.7060480906738,6.584398076574271e-06,3.009362504224512e-06,0.26375374860891954,1238.5776702166581,0.019129930067714747,-171.43233573781254
330,0.6107750001044671,87.43082597026678,0.2237023112254936,86.95752633474633,0.2495973242949525,1167.0583075716631,1143.5625873243098,23.49572024735291,0.10108754830195817,0.10043980127492716,0.9484154809929528,6.476353650616319e-07,6.31040263761446e-07,1.6595101300185962e-08,7.02627485361436e-05,7.020728226584033e-05,5.546626848407687e-08,22.814084118562818,523.3518769562028,6.707412793814552e-06,3.1744392470073643e-06,0.27392327567393876,1204.786560315499,0.017749424846762688,-478.8568421825112
331,0.6984079927717757,126.43723463367776,0.3898988995417762,125.74856667222487,0.29876906191110064,1588.6625493938548,1567.5754544668525,21.087094927002646,0.17744220299340746,0.13372363609578672,1.2199854940250532,2.8884208816075937e-06,2.872152242903454e-06,1.626863870414046e-08,0.00033906313919287155,0.00033900329033585447,5.984885607446664e-08,53.20244488422233,718.0766232066971,8.269297773961801e-06,3.23955394216811e-06,0.3285376736557469,1783.0166212409815,0.01860427299929686,837.6353700750915
332,0.5915464283868845,76.08664240685009,0.25119268448504234,75.49980852245115,0.33564119991389935,1336.2435871365153,1315.9344187232587,20.309168413258288,0.06647880724346365,0.09506117248260096,0.9044562913409452,-1.1967889098878329e-06,-1.2114622466401968e-06,1.4673336752363697e-08,-0.00014731323597875253,-0.00014736668421312765,5.3448233248505e-08,5.59716401319649,392.5906495048102,5.630333793611777e-06,3.1507671664729265e-06,0.2585760793560132,1042.9915356281701,0.017045842055084214,1884.2196640497386
333,0.6535500442987614,96.74202993863835,0.2723073873775962,96.08169347937555,0.3880290718852158,1750.497134552535,1730.57190947914,19.92522507339677,0.1567158252881773,0.11266943591116252,1.0829185963743477,-5.388818379538595e-07,-5.555932634400844e-07,1.6711425486225138e-08,-7.039329222466462e-05,-7.045277106269471e-05,5.9478836635028846e-08,12.084500264709309,429.6228430680736,6.541573099901429e-06,2.8271022865070373e-06,0.3003368036061209,1324.8185112605186,0.01900973578986609,-738.3254542361683
334,0.6280271891129935,99.20893338461306,0.31995616769539054,98.70165960910046,0.18731760781722823,1793.3137582975546,1770.0438282032528,23.26993009429989,0.23474646356009032,0.1126294731356823,1.0482586925326327,-7.688174236906297e-08,-9.000233877919385e-08,1.312059641013091e-08,-1.68023982751428e-05,-1.6856234942310807e-05,5.3836665645292056e-08,6.063581733945596,280.4877810903704,7.24476808665873e-06,3.762443845677198e-06,0.280443629832342,1406.2246729135784,0.017770917857572475,-217.69308451951292
335,0.6548635917597933,100.68532368978502,0.2906807974472869,99.98253786821684,0.4121050241208983,1707.9581036551867,1675.979994589297,31.978109065890248,0.10357052965765837,0.11281915616677891,1.0421786830429487,8.831371572186513e-08,7.415923422054146e-08,1.4154481501323716e-08,5.9828371800770126e-06,5.924200599473897e-06,5.86365787084289e-08,9.52852352474789,1661.705416799679,8.07298507345635e-06,2.5678695396449294e-06,0.28537124213824466,1409.8938801876882,0.0187932408479873,-95.56736237075165
336,0.6039493607234252,83.33162398540783,0.22401082021960217,82.96850123114814,0.13911193404006836,1356.5630849641166,1342.1600421975095,14.403042766609078,0.10616950068365341,0.1008181062419054,1.010118932814366,-3.686318458554203e-07,-3.825844841058048e-07,1.3952638250384482e-08,-4.6702789782980356e-05,-4.675431954474551e-05,5.1529760152424924e-08,7.460969873236678,487.88047462567084,6.1217801161734426e-06,3.1395852236655255e-06,0.27072452862142504,1159.8728303837272,0.018278798641128136,-1478.6912900248171
337,0.8287574860929079,153.57137860768088,0.43893722252857675,152.6670657906469,0.46537559450538557,1687.1723692202925,1658.751338885855,28.421030334439116,0.16070701058808243,0.14775377817452562,1.2727456830956019,9.63158340387906e-07,9.453187447699492e-07,1.783959561795592e-08,0.00010466811241518489,0.00010459161441383073,7.649800056252952e-08,11.302056896526775,1230.7996544843506,8.688415028002475e-06,3.944728771996806e-06,0.353293650587499,2127.2351836662037,0.01898880060495856,1723.7580412888055
338,0.5957347751442661,88.10613095914823,0.2360422175540505,87.62508302403722,0.24500571755697642,1504.9511508919277,1485.9417476855567,19.00940320637157,0.09720997993105411,0.10346847029274249,0.9866555930921711,-9.646380162943148e-07,-9.769213753310351e-07,1.2283359036720438e-08,-0.00011805760773339544,-0.00011811281124041756,5.520350598592718e-08,19.214165127348558,630.236036348505,6.5448005459120615e-06,4.092331324718882e-06,0.26530852393945453,1230.234688962625,0.01801505377045309,-246.65019188676524
339,0.5981770541684642,69.87409642680865,0.24285842946186634,69.30318196290452,0.32805603444227555,1124.3256042411458,1107.8168590133016,16.508745227844557,0.09885975756983814,0.09311829270918189,0.9609784752191434,3.1160619826505646e-07,2.980728864099651e-07,1.3533311855091193e-08,3.268921477945986e-05,3.263875613741022e-05,5.045864116389244e-08,7.653853562139112,63.96869151730246,5.038548549424167e-06,4.241153506773976e-06,0.2547374937804135,995.7570151162251,0.01826579216842313,154.42070023245833
340,0.5164964219723427,69.78312021359963,0.22357615777447915,69.55600386595155,0.0035401898736010717,1337.1056383357218,1318.989550432342,18.116087903379437,0.11006393546627703,0.08647271625871653,0.8560860851593772,-7.820373169048814e-07,-7.967930907896617e-07,1.4755773884780433e-08,-9.670180713577612e-05,-9.674927625605681e-05,4.7469119139795854e-08,8.728428055112587,629.1617708574857,4.809949661764276e-06,3.250446133801448e-06,0.24028397764843393,974.9044734625807,0.018500033588286297,-662.1736793427553
341,0.6251351612474227,82.2708408329908,0.2621922517731526,81.75435034359975,0.2542982376178926,1536.152507676472,1516.0846253682514,20.067882308220316,0.09402233626947444,0.12060082056596175,1.2202026632707335,5.26692529726697e-07,5.137637327079803e-07,1.2928797018716512e-08,5.5056130639362497e-05,5.49990800813884e-05,5.705055685527569e-08,8.894208322322942,126.87942919138557,6.381334573063715e-06,2.5746060779443543e-06,0.31956419523574586,1153.4523260353174,0.018778958301127663,1445.7086375664803
342,0.6854347333607202,119.65253152668625,0.37535764899262164,118.83210058582392,0.4450732918697014,1873.686713452207,1851.0241744251168,22.66253902708906,0.1685434192246414,0.1254052319111333,1.2183011031986677,-1.540739271297534e-07,-1.7095852166713127e-07,1.688459453737787e-08,-2.1436277571783388e-05,-2.1497781321403525e-05,6.15037478283398e-08,7.537966400248964,639.0947367339891,9.097707924835746e-06,3.526111312473089e-06,0.31104659650412775,1699.699213543482,0.02204755326602868,492.62001556696487
343,0.5995450285472862,79.21241643323036,0.20124723817697832,78.77046762563171,0.24070156942166734,1464.4717594396684,1443.8702441851588,20.601515254508893,0.10888602582616307,0.10353382510762713,1.055093522285648,7.363346088033452e-07,7.232329310960012e-07,1.3101677707343774e-08,8.191818022205291e-05,8.186867851626591e-05,4.9501704479447105e-08,10.179213698973513,630.236308220231,5.769960449851905e-06,2.784681315461526e-06,0.2866618111720613,1088.4326807939512,0.01949059292709783,1306.3182638153012
344,0.6056581104843872,82.48400498122109,0.23742549255119572,82.01843456682174,0.22814492184815335,1410.6748161403723,1388.120637574406,22.55417856596652,0.17452058088602604,0.0983199124173155,0.9299432136330292,-3.9227580074382333e-07,-4.074224730036071e-07,1.5146672259783772e-08,-5.0268490001547035e-05,-5.032102688383405e-05,5.253688098587213e-08,64.78927749221292,-115.45071363618797,6.006448471389319e-06,2.966596943415448e-06,0.2699663146501354,1171.2542259513284,0.017886867515067375,-156.17332124571476
345,0.8379717517628692,158.8984885362344,0.543451054456525,157.96048105140446,0.3945564303734296,1439.6708709418563,1410.2456960553848,29.425174886472398,0.14699339612960768,0.16999440038936608,1.5172075881087368,-2.358696419421662e-06,-2.3764856432163997e-06,1.7789223794737483e-08,-0.0002950437347433322,-0.0002951144470607154,7.071231590728792e-08,20.467405609279666,588.3171527868637,1.0699584026811643e-05,3.456762939969113e-06,0.41355943286929353,2275.8254458039446,0.01913479824704759,-3164.0978465871813
346,0.6085070707530387,65.96051164972319,0.1615394209005005,65.52400795223976,0.27496427658293293,1183.472025746651,1165.7062643097229,17.765761436930813,0.18454073479919628,0.08879264383518497,0.8763393296555244,6.350152393971085e-07,6.217039386035279e-07,1.3311300793580576e-08,7.173756637931891e-05,7.168821426861486e-05,4.9352108775571906e-08,3.273671981633714,241.16702652533962,5.741663468522348e-06,2.3752988771488372e-06,0.25617087980294007,893.602757149958,0.019021698568464338,661.2521947585919
347,0.7772033862198703,115.4872851019463,0.32463188242318725,114.82320837706527,0.33944484245784323,1414.2949260398461,1392.8189195797852,21.47600646006207,0.17836325575802367,0.13267148659199685,1.2679938778325925,4.6579909069890947e-07,4.466499497601122e-07,1.9149140938797403e-08,4.967193153405251e-05,4.960344979453512e-05,6.848173831291007e-08,13.695355672618316,424.19073466964926,8.752646356779697e-06,3.968910804134872e-06,0.3411133119975118,1667.7952745509015,0.02096451781800458,1365.9733646679306
348,0.6930918623291499,124.0232915063915,0.43950926491291414,123.36149950735302,0.22228273412558144,1445.8386504440637,1421.0917513499037,24.746899094158245,0.0793984368416527,0.12380747740803504,1.141774969021873,-6.025515517474548e-07,-6.196500552183961e-07,1.7098503470941183e-08,-7.624177083460305e-05,-7.630516770752545e-05,6.339687146804319e-08,15.038113026690247,626.9690364962123,6.613102590107094e-06,3.331783320582687e-06,0.3127893729170086,1715.7986923097826,0.019503058939408544,968.9296121185544
349,0.7398654204740742,124.7970941306295,0.3479079172912705,124.0285759821626,0.4206102311756476,1798.3390155945287,1776.3024571100948,22.036558484437258,0.1279961584751961,0.15687122161624453,1.4537832514208706,1.2494738569968348e-06,1.2294212348823294e-06,2.0052622114505818e-08,0.000142577950884211,0.00014251256586325048,6.538501933443069e-08,73.1142850153276,485.77202730633934,8.861224494856084e-06,4.022713825938526e-06,0.374564926643234,1740.115337749197,0.019646535473579634,326.6879011747187
350,0.6030307712590052,80.38097043414429,0.22298212101643983,79.95377493937984,0.20421337374801218,1375.8680692597468,1352.4166861579808,23.451383101766766,0.09907837971066488,0.09876579723992832,1.025608031718503,5.296423959948459e-07,5.166413976762397e-07,1.30009983186059e-08,5.570406498158245e-05,5.5649166582982755e-05,5.4898397293274e-08,12.314255330081526,1143.467563035152,7.121382502102605e-06,2.351823353598413e-06,0.2768451608695364,1069.3004127500483,0.020133236845106574,170.0438873332605
351,0.6599289096881472,97.48868052407695,0.30317268721571006,96.93601043679061,0.2494974000706426,1428.6157897992264,1408.9055706138606,19.71021918536667,0.10598599653896577,0.11298116643046349,1.0746735729153274,5.611516554878419e-07,5.458188084993356e-07,1.5332846988506444e-08,5.240261333028072e-05,5.234108108442707e-05,6.153224469953832e-08,7.016726580945668,518.5182628948126,1.1111219480571261e-05,3.5396700711673527e-06,0.2969239254138347,1382.9082468978995,0.020120280432089434,-65.58677650682876
352,0.6008190251071824,95.62367100084205,0.34085954129122864,94.91313125808479,0.36968020146603253,1340.3801925970802,1322.3871539636434,17.993038633438132,0.1736071918884262,0.10499183720816851,0.9936630641886315,7.824256947247352e-07,7.682855825585493e-07,1.4140112166185936e-08,8.952650572996041e-05,8.946565088344378e-05,6.085484517229291e-08,41.525951856872794,555.2615968921048,7.450001888478903e-06,3.4111707037678656e-06,0.2743024854469925,1373.45680203017,0.02030531747060372,155.28930471540298
353,0.6189690520672552,86.72755851724149,0.3091542259286771,86.13941325539717,0.2789910359156629,1599.0401820520726,1580.1812017250406,18.858980327031972,0.13073547047041367,0.09811861871303822,0.9847458897952678,-1.235367690106753e-07,-1.3915521371417618e-07,1.5618444703500876e-08,-2.0799091510812886e-05,-2.085542272379051e-05,5.633121113869977e-08,7.341515242333564,616.5135527221363,6.1383222264763045e-06,3.2089706420541433e-06,0.27249946632894806,1188.600850726314,0.019233581066510203,790.4154285824661
354,0.5946970936985398,88.76740301064984,0.2245680990893434,88.32111606580315,0.2217188457573407,1654.66877709021,1633.8522482968017,20.816528793408924,0.08554345044544914,0.11006052872380431,1.0575904834198682,-7.21870166573636e-07,-7.35594521600154e-07,1.3724355026517973e-08,-9.10372736451056e-05,-9.109316174531918e-05,5.588809905031974e-08,9.912632694519285,315.520014249473,6.248471854039529e-06,2.6088980491378395e-06,0.2955786413001949,1253.1780088763526,0.018805802392531826,754.3854405845814
355,0.5944170786614225,80.48600411833678,0.26159989295040065,80.03332908860426,0.1910751367821039,1234.7757982740384,1218.997952077042,15.777846196996606,0.10710313263753136,0.0989025080460141,0.9533983969286313,-8.650641061392635e-07,-8.794751393351433e-07,1.4411033195879826e-08,-0.00010739563570508159,-0.00010745168271072581,5.6047004304746196e-08,22.72542360862931,213.54189707604905,6.769750762652003e-06,2.6179531733156545e-06,0.26343280837930627,1105.0187223263538,0.01870211600512345,24.906350854853372
356,0.6168466616758693,77.8958577024153,0.25352395944221046,77.28973634728435,0.35259739568874393,1234.363355212147,1219.22661647803,15.136738734115813,0.17253003917616835,0.10315817459965222,1.059952521622642,-8.418618697090281e-07,-8.593388305241876e-07,1.7476960815159596e-08,-0.00010299528481651916,-0.00010304936967702571,5.408485920141382e-08,52.42078141249998,350.2085764915381,5.3814702824637e-06,3.4698770234769187e-06,0.277208852214191,1065.492167771058,0.018868646003745812,617.4250327840709
357,0.649602849666037,94.65681141753171,0.27148681864195995,93.98192727379791,0.40339732509183807,1442.4571618969615,1423.3330355589658,19.12412633799352,0.13218648143369552,0.1160676797544295,1.0896272192233671,-1.6977468940875499e-06,-1.711156094879084e-06,1.3409200791534446e-08,-0.0002066353572681457,-0.0002066972700096233,6.19127401321681e-08,33.483206871342354,311.3791505382693,7.822672218073017e-06,3.4529813352860354e-06,0.30123184456790625,1336.1654855701909,0.018907169947391254,-669.7918571960508
358,0.7035108181086537,120.75235441807375,0.4050017476516986,119.91103398515384,0.4363186852682242,1502.1783076186248,1479.5736160319257,22.604691586700234,0.09245315460133546,0.12971716003867825,1.2017730296566178,3.5425599310431464e-06,3.5289888890320787e-06,1.3571042011065967e-08,0.0004139319918174698,0.0004138704392428243,6.155257320366982e-08,8.724530452446706,609.2773020627228,7.447810618186417e-06,3.10455107696816e-06,0.3245748799909603,1694.1827073276045,0.01820819821884243,1357.137857966387
359,0.5870950866795374,73.81853522826889,0.23674561049442797,73.34532267410842,0.23646694366604037,1403.369505911305,1385.7729054323254,17.59660047898029,0.10397087116732584,0.09922720431470235,0.9699576292955638,3.3231940601510706e-07,3.178615143109632e-07,1.4457891704143713e-08,3.581351370838613e-05,3.5763948118461694e-05,4.956558884043579e-08,4.628476837340086,405.4227590294799,6.326197900091813e-06,3.210757145037466e-06,0.275154892946546,1062.7892988619108,0.018202068364492504,327.97335214139093
360,0.5764138224345637,77.78948055419774,0.1786894570577704,77.45927987634074,0.15151122079921667,1147.846011142194,1132.4124418788879,15.433569263306726,0.12145579344689143,0.0970269733874553,0.9790191925417121,1.2916090055901915e-07,1.1354683558731233e-07,1.5614064971706715e-08,9.332630444491818e-06,9.281720730022736e-06,5.090971302087198e-08,29.320022325439226,238.70334071620067,6.626939038381228e-06,3.007184012974909e-06,0.2640859106594192,1052.5511613032727,0.020026817159546177,-850.126716668994
361,0.6624687945397274,96.85814427352521,0.2903898786166621,96.42314441672296,0.14460997818559346,1482.3517312049237,1460.0896973650372,22.262033839885166,0.14428933637435534,0.11190028235475394,1.1142898516198712,-1.8878999943173205e-06,-1.9036252391385151e-06,1.5725244821194702e-08,-0.00022795029635556063,-0.00022800890029723984,5.8603939969125875e-08,17.13774418357054,875.1442706155176,6.7161151561075735e-06,4.472651333813853e-06,0.29752387163919347,1344.3167891358996,0.019590390821195805,1276.721040244287
362,0.6652758537776268,78.51777083884315,0.208954833541468,78.01179632242734,0.2970196828743306,1639.3401927589393,1622.5241857871335,16.816006971806377,0.1668390321167953,0.08826140437283184,0.9476303369488956,1.4528706852897405e-06,1.4377818108311582e-06,1.5088874458582397e-08,0.00016799248448684807,0.00016793924459658236,5.3239889154010535e-08,10.197848818959585,1062.5568241423193,5.975223865107787e-06,2.6142879536488327e-06,0.24276780032526937,1078.048020687895,0.01949495767700126,124.74454980550217
363,0.6000719848838271,71.82490769345608,0.22497483858484052,71.36548482739767,0.2344480274735833,1657.776848049591,1642.4241074323145,15.352740617276647,0.09307836768982186,0.08989299354083724,0.9401053156232463,9.610715348733874e-07,9.456541723672194e-07,1.541736250616771e-08,0.00010897830454176247,0.00010892863033382581,4.967420706397204e-08,12.433512081309463,1013.9787402745264,5.922361265836972e-06,2.4831757420488654e-06,0.24776952983011288,1013.2726111820166,0.018192707138425888,793.2398411570321
364,0.7609573633243943,147.58679060963436,0.4497389241065657,146.6489440376486,0.48810764787921257,1609.7600906074967,1589.2865640293892,20.473526578108608,0.11227217289944047,0.14853701508163017,1.3150103250443212,-2.4858044321200563e-06,-2.5037379909394246e-06,1.793355881936748e-08,-0.00029604382500208397,-0.0002961081062013422,6.428119824110571e-08,27.66819199421684,435.66607679266514,9.32774017078453e-06,3.460268700418453e-06,0.3498624578344079,2073.879286601873,0.019916513056734843,-2743.3558198967185
365,0.6920173766663597,114.20538685524821,0.3397843955761322,113.67153822898581,0.19406423068627435,1680.3310366246633,1662.3816552756546,17.949381349007417,0.09579837264165332,0.12140695054896371,1.0905768395339934,6.455777105471444e-07,6.314823709027209e-07,1.4095339644423323e-08,6.858146174755364e-05,6.85223831792845e-05,5.907856740777538e-08,16.653308493886815,367.8553555748258,8.024041898802956e-06,3.9473032988018295e-06,0.3014351300226384,1611.8607558865488,0.01807865574779893,-710.3558359495037
366,0.5740535301878835,68.25547635465678,0.16139476911836242,67.93928029704648,0.1548012884919324,1187.3670813758367,1164.8233870073757,22.543694368461246,0.0809908289667119,0.08429840549259954,0.8681278871036341,1.9774570516163053e-07,1.8359853697977708e-07,1.414716818185352e-08,1.728327339302401e-05,1.7229719575729708e-05,5.355381577025788e-08,5.090891155342542,242.9555609855506,4.752940390541615e-06,2.9206518044716656e-06,0.24247266560865735,931.8980360588853,0.018843137083988732,217.46667620687367
367,0.5990051124013358,78.78201632451865,0.24278348471470798,78.34881209135726,0.19042074844668777,1638.2150055838574,1623.720356882489,14.494648701368478,0.11885812544535643,0.09934398511343781,0.9508827628415264,8.523136385381409e-07,8.358445341713555e-07,1.6469104366785307e-08,9.712209443255803e-05,9.707263636090053e-05,4.945807050087678e-08,25.998286167087166,379.1275885157227,6.649266326068466e-06,2.7563480709036756e-06,0.2616824618788466,1131.2919341292647,0.018464605643526973,-3363.021266140695
368,0.5841055745571834,77.55812877409066,0.17925716364923924,77.16201790054858,0.2168537098928487,1361.1827058687436,1343.071906987451,18.11079888129228,0.13629093679831997,0.09869414934180605,1.0229587652248362,1.48981577997744e-06,1.4754555344398273e-06,1.4360245537612852e-08,0.00016942183313354282,0.0001693697674917208,5.206564057158852e-08,29.185514455144613,524.1085814890495,7.049871968567594e-06,2.893194052909683e-06,0.262787086184634,1057.7260210703728,0.017905255330806034,1716.1604334829826
369,0.700078722707476,112.16091896762077,0.3923583271630829,111.50131011618748,0.2672505242702038,1483.3170013046226,1453.161123901326,30.15587740329918,0.11093212555899942,0.12552930392519882,1.161986383468706,-6.839369599864962e-08,-8.621392179315636e-08,1.782022579450674e-08,-1.2999207366510917e-05,-1.306339790951061e-05,6.419054217641171e-08,10.615473926396007,168.94253245355296,8.08342450194883e-06,3.576668841262683e-06,0.31276376417143636,1615.2640480064586,0.01862923650508921,476.14172289211274
370,0.5765216317012428,73.03793379618746,0.2086136508496801,72.58457318594155,0.2447469593962293,1461.8038545595948,1442.2713796261633,19.53247493343119,0.11316019285187374,0.09439045907072895,0.9663553459392608,3.9103949656792014e-07,3.7846703594208753e-07,1.2572460625832547e-08,4.1277826854976725e-05,4.1224712457085295e-05,5.3114396204544926e-08,10.967684529868874,1185.1158471838637,5.6644662850747745e-06,3.7752167217350055e-06,0.256182833568944,999.4170195628252,0.018981985342648063,-1023.0453304188086
371,0.6178855515232359,80.26808026955169,0.2337964890411311,79.81421555582126,0.22006822468928647,1648.0371166598036,1626.4107022306114,21.62641442919297,0.08569306775858558,0.09762760736080646,0.9487137554575155,1.3261292620062962e-06,1.3101381121503616e-06,1.5991149855934637e-08,0.0001497259573819527,0.000149674182199434,5.177518050535457e-08,11.572279899759593,435.6303069030234,5.376883816612767e-06,2.361020414222079e-06,0.2655418985373261,1133.2816140498783,0.018882180788961186,1501.2303836327555
372,0.63682323905636,103.198204657317,0.33183956818006,102.52559642682237,0.34076866231456954,1692.6744122016628,1674.8534807361566,17.8209314655079,0.14527402868534137,0.11278594947453001,1.061708291174391,2.7881635275796326e-07,2.623971505951583e-07,1.641920216280483e-08,2.3571909575901247e-05,2.3510484200278116e-05,6.142537379688882e-08,4.917266941369015,302.89864109280273,7.910287805444896e-06,4.081090522315777e-06,0.2975884878935732,1455.156641458499,0.018282357229106545,31.57317068301927
373,0.6413160722729763,80.78422425628943,0.27213043328191017,80.33493966408915,0.17715415891840455,1382.5472153994451,1363.3406881305193,19.206527268925772,0.19228734797979902,0.10944001196174755,1.1051221107243199,5.918874414606283e-07,5.768063637863749e-07,1.508107767425351e-08,6.982385905007465e-05,6.977596652595056e-05,4.78925229149236e-08,31.38725524507175,225.4609805692173,5.897040107229988e-06,3.3676546111399952e-06,0.28950117005583553,1128.248506097571,0.01741373903550083,277.24610074334487
374,0.6327746975603941,88.62926848332637,0.2753908039619372,88.07856489875239,0.27531278061204034,1391.6123112048535,1375.7152808417502,15.897030363102223,0.08226450397316833,0.1065637089318335,1.0265160347306939,-7.623796589685891e-07,-7.797493656139575e-07,1.7369706645368463e-08,-9.267917084108242e-05,-9.273219528478166e-05,5.3024442270283165e-08,14.458842396600163,251.3682333071931,6.118519061991043e-06,5.489153496330465e-06,0.2874982053277219,1230.3419161369316,0.018395514982908024,1912.7294481267018
375,0.6338466797952853,82.6530448890462,0.22035824965974551,82.1738059066599,0.2588807327265537,1449.790355374192,1429.3939411143501,20.396414259843663,0.10111033825374227,0.10169951669311184,1.0426786824938212,8.377924535504034e-07,8.25035267684522e-07,1.2757185865881567e-08,9.426964464443079e-05,9.421487676848678e-05,5.4767874392975884e-08,9.621797064318052,628.2189202687839,5.310197255099241e-06,2.936337154107399e-06,0.2705433321236708,1128.534069491878,0.018780576812623705,-559.9615399134054
376,0.5626754793308332,84.34478628774308,0.2208541869610142,83.8575307079421,0.2664013928399713,1417.5638445257205,1401.8353107120333,15.728533813685981,0.08810427954092118,0.09981196465943097,0.890856991757241,7.124340814950514e-10,-1.523719298906312e-08,1.5949627070558153e-08,-8.130460731779312e-06,-8.187038650236054e-06,5.6577916525088236e-08,8.581429618941243,576.7376919390721,8.367840763700248e-06,2.8351177807470156e-06,0.2560024722401401,1138.842130595878,0.01766038919851152,-4312.684181089229
377,0.6759864915232158,121.58483172117698,0.5166065103900356,120.62664718381868,0.441578026968274,1659.5080018529839,1635.7836778804692,23.72432397251343,0.12764830027573046,0.12456590427892901,1.1551885271889248,1.6865602347769573e-06,1.6691415253302003e-06,1.741870944675739e-08,0.0001916500517711626,0.00019158394382149077,6.610794824517118e-08,48.23378617821494,658.3424556422835,9.701378792125622e-06,3.3218161697347403e-06,0.3004791581735869,1714.0721229102705,0.0180921410667266,2053.5220893679652
378,0.6317274581162969,84.05236786016974,0.2618670381871501,83.79700102180271,-0.006500199820122551,1378.5489706896449,1356.6865265516567,21.862444137987136,0.0929546637139865,0.10005763377302185,0.9901910071420389,1.745076297449403e-06,1.7288974165238882e-06,1.61788809255147e-08,0.00019825239244907486,0.00019819988224140117,5.2510206483886005e-08,10.21898129190797,506.90309465434854,6.248398203447908e-06,3.5174069816128036e-06,0.27522249365575036,1212.0731152020571,0.017492138602067987,-137.75036371243914
379,0.6188094533587284,88.00409213709892,0.2504510094018779,87.59990623164863,0.15373489604839344,1539.0605250588685,1520.9361745636845,18.12435049518421,0.11780093905231302,0.10667198279212836,1.0412589497906248,-3.312148776159679e-07,-3.50925919076832e-07,1.971104146086416e-08,-4.6188132701682344e-05,-4.624912555371887e-05,6.099285042355797e-08,5.690946866086616,479.4269028769692,5.3276797868781716e-06,3.1571312863894073e-06,0.278791287528285,1252.9886229701053,0.018188063150806715,0.537293428202247
380,0.7035425778616091,113.13744337117238,0.31060496092462647,112.65495677338664,0.1718816368610951,1597.7386655955734,1579.0486790676523,18.689986527922585,0.12401848555598957,0.12564196767354482,1.2060996125537824,2.6489307456948713e-06,2.62882458934981e-06,2.0106156345060664e-08,0.00031009613767450916,0.00031003939269823305,5.674497468661252e-08,16.167074459001004,413.0772360821686,8.231530747977178e-06,4.163621401552516e-06,0.31282259043460164,1651.5347471045313,0.019583206902440902,3946.026406823228
381,0.6784244043887139,100.13159816754276,0.30440055721145615,99.5680490965697,0.25914851376160636,1263.03468611996,1245.0665132738748,17.96817284608258,0.16576937230629823,0.11437752533825858,1.1083512443658585,-1.0714349970946445e-06,-1.088660441250349e-06,1.7225444155704978e-08,-0.00013223231487915804,-0.00013228629456312288,5.397968286248314e-08,11.214891363135862,355.95852451788164,8.010162620935331e-06,3.3315744086422914e-06,0.29613411324627026,1378.29429871371,0.018345263173235416,-1055.724515570546
382,0.6116267716925724,93.86165433382548,0.2941705449870452,93.23816614961886,0.32931763921959145,1434.9069264666202,1413.4618217711716,21.445104695447974,0.1645101024039452,0.11188568545767297,1.054634483473324,2.2540006956513523e-06,2.2400351474897526e-06,1.3965548161599473e-08,0.0002610314830828156,0.0002609760584414282,5.5424640269065845e-08,22.302382743558972,743.802266279236,7.433984370169166e-06,2.9619449134267993e-06,0.29442651396184627,1332.886302020403,0.01850586773281837,1676.245666850995
383,0.6519724947109866,80.70660574110578,0.23470067438164155,80.21425424120294,0.2576508255211915,1347.1510484213181,1331.5597647049622,15.591283716355955,0.09951770396765364,0.09706397263308031,0.9858489612033783,4.663620260995579e-07,4.5339516548546466e-07,1.2966860614093341e-08,5.351543880416305e-05,5.346551517440068e-05,4.9923628162713294e-08,22.283425021658406,771.5572705407624,6.2044628431498855e-06,3.7203565529560236e-06,0.2598023295830401,1095.5134575102427,0.01802991823823861,-566.8008453595685
384,0.7018483380494546,120.21269888666266,0.4176121093206651,119.51721848103888,0.2778682963031029,1180.5770809341664,1157.43097032728,23.14611060688595,0.13158625980573344,0.12963767065012366,1.225658891265406,1.0926343215652418e-06,1.0759886314680347e-06,1.6645690097207254e-08,0.0001231155896645247,0.00012304878252863939,6.680713422804794e-08,37.66345496789587,419.8729553035416,9.676984228614953e-06,3.2758953432674913e-06,0.32995104583783885,1689.499919583644,0.01886382228235658,-3471.0361788666996
385,0.64003963058462,91.63651417652314,0.2672181176583704,91.11579346959043,0.25350258927435126,1441.2000451599781,1419.168855213365,22.031189946609132,0.23729146973302725,0.11562195657060176,1.143050456465121,2.522177269278776e-06,2.505923546123023e-06,1.625372315575263e-08,0.00029511480929028054,0.00029505192106284416,6.288822600901547e-08,5.673388856301424,1227.6147762618946,7.482026588084856e-06,2.9450531040552826e-06,0.30029651057081286,1305.277344370813,0.018577968442359996,123.88471023209422
386,0.6008576857695862,79.5318210642457,0.20751893894205767,79.1276638156786,0.19663830962504172,1497.8358957577536,1483.3498200890356,14.486075668718795,0.20471683418844783,0.09496443495616838,0.9444995162005885,3.314440086397381e-07,3.148478086593946e-07,1.6596199980343422e-08,3.327077009308717e-05,3.3221663876884245e-05,4.9106215284752494e-08,7.783116967530935,89.46013369928575,5.952719291657498e-06,2.407372015635231e-06,0.2555835851415949,1139.3252949100038,0.01806978796289753,-832.4068560868
387,0.6634674757663253,106.86738724086162,0.3061654074212816,106.22263238395131,0.3385894494890347,1582.1110204996996,1556.9840818563866,25.126938643315142,0.2342823856090028,0.11792753838788854,1.1018872266585156,-2.0657964157888038e-07,-2.2142177721582163e-07,1.4842135636941211e-08,-3.0274396115126182e-05,-3.0332608692081666e-05,5.821257589483177e-08,15.640408801426878,499.4942177475592,8.490044047933527e-06,2.889765960633774e-06,0.2910662836388194,1466.7137850681836,0.018510687978617404,-1275.3793567946996
388,0.6901131465343047,100.58704247356401,0.2760092548601885,99.95555365050667,0.35547956819716986,1772.2669105951286,1749.2744748277014,22.992435767426443,0.0750701403805103,0.12078992085110458,1.1704875797748264,8.522928620695273e-07,8.378354092606917e-07,1.4457452808835758e-08,8.969672220373836e-05,8.963169117079435e-05,6.503103173910274e-08,43.594944405018246,402.6492849874436,8.285956177088373e-06,3.7193687499682857e-06,0.32517237224726897,1407.7816243635302,0.019540836209834777,1703.7321541303754
389,0.6851991122789174,105.40093692608461,0.33466134383473356,104.7541131202982,0.3121624619516687,1662.2121260176832,1638.8170425198703,23.39508349781383,0.2475749376412089,0.12872954991540983,1.2089189925701358,-2.6002889090990167e-07,-2.77459135331745e-07,1.743024442184344e-08,-3.90722584599294e-05,-3.913758675949279e-05,6.53282987016661e-08,8.836693336863641,145.72903828229983,8.337809227729973e-06,3.2125303785074113e-06,0.3199196257963401,1454.9797684591704,0.021423204098847005,647.225474432842
390,0.598099369323943,82.10411083636625,0.21372379493165194,81.65270511921244,0.23768192222212262,1981.8368146063092,1965.49465109439,16.34216351191867,0.12564499684674324,0.09700732223330787,0.950617117222911,1.171697867414568e-06,1.1562139673621098e-06,1.548390005245854e-08,0.00013350655121333594,0.00013345267667307345,5.3874539462020923e-08,5.2973694912382046,562.6154310543953,6.397772903369382e-06,3.2864911085840336e-06,0.25548496601249887,1133.6973879035138,0.017105838357372682,-1115.2831582590625
391,0.5436781275775739,69.2674841827999,0.20333636034384084,68.90565405751408,0.15849376494195633,1389.6702695306362,1373.778539396851,15.891730133785112,0.09970889095514754,0.08649904486906293,0.8711371639067301,-1.7604350932876332e-07,-1.8994423084420784e-07,1.3900721515444516e-08,-2.380053036157306e-05,-2.38492390349177e-05,4.870867239138456e-08,6.154210374125003,498.14631573872344,5.704924690907656e-06,2.44774568075073e-06,0.23567113317637303,984.3155267719942,0.017305592415678344,874.7414939200353
392,0.5772260825979366,80.04182857368535,0.23602477853046908,79.51219024205318,0.29361355310169346,1547.4160809127,1530.722739789138,16.693341123560813,0.15368140967863184,0.09295289671974395,0.9409798520170886,8.456158322081087e-07,8.307114153870542e-07,1.4904416821054377e-08,9.671796465955104e-05,9.666280886568631e-05,5.515579270656206e-08,6.485065790600567,269.7307882708681,8.791510746979318e-06,4.787834083462364e-06,0.252277276331596,1111.518541445838,0.01893966436285656,-1404.1442499239165
393,0.6149453493424631,86.57472479529181,0.2501594303787326,85.97275380880325,0.35181155610982384,1439.1065849048089,1421.2400002799986,17.866584624806706,0.27271837879881905,0.10233357838008596,1.0378060797730453,5.070906841551437e-07,4.918726961495826e-07,1.5217988005561103e-08,5.5972718751588546e-05,5.591046665432067e-05,6.225209614988486e-08,7.18021848134674,401.87725272298496,6.070729583982809e-06,3.184896525895157e-06,0.27389522249746034,1186.4051544112924,0.01781383210052453,571.9819555283975
394,0.736533599880423,129.59192497093048,0.4363086663901779,128.9238081842112,0.2318081203290985,1837.9571919920238,1810.7921176122998,27.165074379721556,0.2000731142071587,0.13946220273038878,1.2557756644103573,-4.4139473658023116e-07,-4.580773739265875e-07,1.66826373463562e-08,-5.793237018657127e-05,-5.799440695090963e-05,6.20367631343083e-08,49.01337621863598,346.8804650607553,8.462411433008476e-06,3.6557731911200462e-06,0.328660095575086,1817.5403909148306,0.01875324513298928,-2215.963436221864
395,0.83276725497819,155.39751783777953,0.48882343566926684,154.33248626668504,0.5762081354252028,1859.2775050517112,1829.3160858465956,29.961419205115696,0.16949217705886743,0.16579357530236052,1.4737261249190279,8.237116127062067e-08,6.371256732790275e-08,1.8658593942717876e-08,-1.0082871209178864e-06,-1.08691269688211e-06,7.862557485861407e-08,11.798055342910857,888.9114343581585,1.2059485586324384e-05,4.205252175636377e-06,0.3930634064276585,2172.747363917271,0.0197177725948024,1050.2720246905592
396,0.6819101465219529,94.16365991220253,0.25859464165092927,93.6209823232706,0.2840829472810141,1467.8346322253942,1447.9569985882622,19.877633637133144,0.14533772967977293,0.11605214444262493,1.1641207261130557,-8.91905354158439e-07,-9.104615268836555e-07,1.8556172725216384e-08,-0.00011299569654668925,-0.00011305202218271824,5.6325634337572593e-08,9.385674145872914,-87.13734232047568,6.521173229759597e-06,3.927289112182274e-06,0.3081887975026009,1274.5379473475643,0.020186704104983872,1037.6154446117362
397,0.6594683085865795,99.84012975959514,0.3260165667149671,99.32055068820975,0.19356250467041541,1343.4910315196369,1325.7204561227154,17.77057539692143,0.1364106499447732,0.12088424941455371,1.1528054161170502,-1.214056715768149e-06,-1.2289585387696124e-06,1.490182300146305e-08,-0.000150427385661045,-0.0001504805179768698,5.313231402692766e-08,7.153835880475585,334.7038755283674,7.352148927900389e-06,3.1173396749510138e-06,0.3067199960994558,1393.2764174769786,0.017819393519221526,308.9179177689948
398,0.6046080712402301,87.14189118216188,0.2533500028301666,86.55641739817317,0.33212378115854246,1303.0165314406368,1275.0819633553256,27.934568085310573,0.21686953344159718,0.10449761360262859,1.0039640373734966,-2.4626912470886994e-06,-2.4805728980509056e-06,1.7881650962207036e-08,-0.00029606696307659904,-0.0002961234164804297,5.645340259708517e-08,33.12432296786648,330.6612494566439,6.263044127519918e-06,2.5420379038483568e-06,0.27665882559169674,1228.4234140148421,0.018584780059478917,964.7232295363938
399,0.6963047322399833,110.88225177855664,0.3665610106310205,110.14932523806044,0.3663655298651736,1811.9686827363093,1792.1084888791077,19.860193857200883,0.1716522168663961,0.13076548035700414,1.1912668214043245,-4.3793814091579386e-07,-4.5513832877737233e-07,1.7200187861578603e-08,-5.223256257456643e-05,-5.22938870818769e-05,6.132450522578361e-08,15.048654295874963,598.5638789454492,9.47069220661486e-06,3.051320497584943e-06,0.32746696448387924,1560.1739493300868,0.018229582988979916,-619.8778635168019
400,0.6392534924595298,84.46508887937134,0.2880313198472444,83.89927210318145,0.27778545634265084,1845.6416370949344,1820.479888262336,25.16174883259825,0.14695767338169605,0.09518553525426415,0.9535272336678466,2.1485296845249554e-06,2.133339249629314e-06,1.5190434895640878e-08,0.00025073921684994467,0.00025068095303401914,5.826381460809838e-08,10.625534224928103,113.31762984692892,6.216721545981148e-06,2.75019021474736e-06,0.27240988456601384,1163.5351961596716,0.02137077915833446,-1037.6220520795323
401,0.5105893666909647,66.86406039156935,0.18108116875130112,66.47957126415882,0.20340795865923736,1905.9983653209067,1890.7408983323835,15.257466988525648,0.109785705582511,0.08424187566258035,0.8330464186545051,9.562380527185668e-08,8.282568842244744e-08,1.2798116849409284e-08,9.579132374636527e-06,9.529853686840102e-06,4.927868631935377e-08,8.802036406421163,253.8614922108654,6.260185068548806e-06,2.797449706428547e-06,0.22920292080480836,924.0063004799661,0.018902807203681135,908.1392587629198
402,0.6895559519674341,98.1016745209537,0.26444431686460707,97.32875355325534,0.5084766508337472,1879.9904708678578,1852.8991276342779,27.09134323358008,0.2472343046812395,0.12665045026430122,1.2496974953825515,-6.877788733840757e-07,-7.038201210991389e-07,1.6041247715063676e-08,-8.873922931861141e-05,-8.879556960000989e-05,5.634027993572424e-08,38.0984555198566,574.3840173726956,7.573057500560744e-06,2.9753361279587854e-06,0.32692910877836695,1350.7577278397432,0.020336545607762612,-1868.4914868223095
403,0.6586496163572199,91.56393596198517,0.2777888875669001,90.9034364066125,0.3827106678057564,1489.9003687759534,1466.6133542390426,23.287014536912075,0.09484509632505005,0.11449387334065687,1.1157083029888846,-1.2304429579357086e-06,-1.2450021616482697e-06,1.45592037125603e-08,-0.00015495053448069145,-0.00015500588689526635,5.5352413673235955e-08,8.148620953372093,74.96600537852943,6.982442332560222e-06,3.990193975211439e-06,0.31398820854741044,1265.0527017287898,0.018789972018364905,-220.9697080368278
404,0.5785757544085088,76.36818903901172,0.21424278253097095,76.03844428239641,0.11550197408433552,1397.0268818436539,1377.267567541334,19.75931430232194,0.09131794772607674,0.10064224655691369,0.9761106680552964,9.079288908186649e-07,8.934282856534751e-07,1.4500605165189664e-08,0.00010640570930058637,0.00010635430007424431,5.140922456962983e-08,4.466556143778769,663.2082746478876,6.3711563378735e-06,2.537202536506394e-06,0.2623808185237819,1052.4445806537815,0.018399120568205314,-3249.8570566235903
405,0.6308798180885754,88.05795084227357,0.27311525042021256,87.53042632007156,0.25440927178179956,1555.8356358019919,1536.1628327561118,19.672803045880226,0.08727804271261522,0.10512520048198096,1.0347120440630622,-5.094993229582315e-07,-5.229981480489962e-07,1.3498825090764525e-08,-6.650102765558947e-05,-6.65518720925905e-05,5.084443585324583e-08,26.034672941699586,611.3946007923556,7.89921442080426e-06,2.6464102445794058e-06,0.27635456878799713,1235.3966606331505,0.019188646340225116,-2360.3209397504434
406,0.6232587630921679,95.12192441162281,0.27735424216627685,94.47828696972158,0.366283199734982,1615.7879391424144,1593.1921647785841,22.59577436383177,0.08560497662756573,0.10298721488854923,0.9832693155506008,-2.636103517223927e-07,-2.7807466624345504e-07,1.446431452106231e-08,-3.698578431783712e-05,-3.704160551219314e-05,5.58211925637156e-08,5.915755169268037,367.9945139163606,7.386152446162889e-06,2.9384293514971016e-06,0.26656577411299975,1308.468374873497,0.01880704104020305,-2603.856319668761
407,0.5816913746480646,79.69241227239353,0.2164268847927881,79.20113249599738,0.27485289160333604,1412.745779556303,1396.3375881730267,16.40819138327568,0.17186050611752174,0.0981129686435395,0.9599986960733418,-1.491704192614806e-07,-1.623201562757629e-07,1.3149737014282265e-08,-2.0197934633830568e-05,-2.024848377310963e-05,5.05491377425855e-08,6.52111903954806,-157.4562491935405,6.111019401067587e-06,2.830551870686991e-06,0.26436117138750825,1129.4704563756773,0.02011057350610134,1443.9670248033617
408,0.6178769129371997,77.3557434132777,0.2547736492179272,76.88277784291965,0.21819192114011238,1422.552588065829,1404.279849874667,18.2727381911629,0.11690728388361322,0.09358311776556691,0.9800858228638127,9.83940805134888e-07,9.713027219148745e-07,1.2638083220013179e-08,0.00011017066071515815,0.00011012213863159744,4.852208239495925e-08,16.39069253674811,-3.6865858981503408,5.7758887266509194e-06,4.047364633773854e-06,0.2571176045146338,1072.4492507898046,0.019360830342146695,-1489.9385075609716
409,0.6267923532217397,87.67330460980875,0.24802966323108094,87.1861511776083,0.23912376896936935,1556.089581701245,1530.0769906750431,26.012591026203012,0.16010500411540007,0.10438387250669996,1.056584564341568,-3.8473474821187373e-08,-5.232670247155337e-08,1.3853227650366036e-08,-1.0902569100273532e-05,-1.0959957566628906e-05,5.738846501524525e-08,7.627206088134909,748.9356809245467,6.907431785079495e-06,2.702588159896764e-06,0.28984664059269144,1207.0342447416424,0.01964176823628168,338.2887021411989
410,0.6752427007874843,100.76728005431109,0.28813363397047137,100.15207530103848,0.3270711193021363,1329.545829537347,1314.0511192964725,15.494710240877133,0.08766266331222872,0.12263297490795176,1.218686083734433,3.421997514475314e-06,3.4050371056817707e-06,1.6960408793542193e-08,0.00040126781002726886,0.0004012093839157043,5.842611006556601e-08,8.208275200312567,274.284937376736,8.78130416112645e-06,2.8693347530385755e-06,0.31558674170387857,1425.3394831400979,0.018931774915418448,822.2365744898561
411,0.691049468597082,111.9317185137996,0.3539537874411939,111.29084959928147,0.28691512707691,1707.7649537024693,1687.0201699773045,20.744783725164464,0.09331077568130361,0.1288317939170814,1.2067820472371613,-1.1627420681956725e-06,-1.1788332507617977e-06,1.6091182566125263e-08,-0.00013916678566644057,-0.00013922538201529416,5.8596347834644236e-08,13.933872910978891,509.60066843984424,8.975309154227756e-06,3.0930176493714407e-06,0.3182507977987696,1635.3441436011467,0.018513140273053685,-60.27608991046145
412,0.6469201534777796,79.32766919557909,0.2767401614877617,78.82659056086695,0.22433847322437225,1462.6917196603401,1443.732595665984,18.95912399435656,0.26904865739471895,0.11789839730609271,1.1875140463615952,-1.0675584738028085e-06,-1.0840465086915781e-06,1.6488034888769777e-08,-0.00012834892540548236,-0.00012840276615967816,5.384075308574569e-08,5.352464304664176,59.347468531367454,7.239427466251247e-06,3.0552613112925937e-06,0.32842824271145477,1097.5091441162174,0.018446328783639696,2048.8410209407084
413,0.6044669166556901,83.30703207961423,0.23232513931869256,82.78170907850837,0.2929978617871414,1429.7082411707834,1407.8829432758487,21.825297894935368,0.11049646914330621,0.10289953639177261,0.9950299437322928,1.9990348600553102e-07,1.8584650236417234e-07,1.4056983641358684e-08,1.8569703845580615e-05,1.8517982675216656e-05,5.1721168914743826e-08,14.861388443134523,506.6120902448389,5.708476854486746e-06,2.792489762394302e-06,0.27672152292306784,1183.2602164777886,0.018031144017340236,207.03701358105172
414,0.6870743510069024,79.45264203544484,0.206629951764301,79.06591492338762,0.1800971602929135,1572.2328403021613,1552.9405526708088,19.292287631351524,0.10855198989267648,0.13357379881420856,1.3764322979977892,-1.2464556158819873e-06,-1.26079281846522e-06,1.4337202583232132e-08,-0.00015280229398617701,-0.00015285515419685583,5.286020954345284e-08,13.011622361729158,184.48618629622044,5.232152100566087e-06,3.4214533973331766e-06,0.36413392624583146,1112.9622191181977,0.019635493472436996,-96.60770102951574
415,0.650922003152455,96.58585335902958,0.32209319506961254,96.03423265925078,0.2295275047092105,1532.1604002210177,1507.334027404386,24.82637281663203,0.1765300088487851,0.11287161136189817,1.0573191283837977,4.994309404700559e-07,4.856053416087871e-07,1.3825598861268539e-08,5.380033205824026e-05,5.3745092478854674e-05,5.52395782569628e-08,23.86819325575651,665.3865750467487,8.032624731381663e-06,2.9383460564018728e-06,0.2912139406449195,1319.2084612251288,0.018616587414187598,479.6741395425124
416,0.7327427970922572,151.15189348223697,0.5713170659823255,150.03638098578452,0.5441954304700988,1565.0716203859042,1542.202851415706,22.86876897019768,0.18456951406338323,0.1413663308123384,1.2550228436269342,1.1356191651672671e-06,1.1167009596015971e-06,1.891820556566985e-08,0.00012697642129397702,0.00012691061535548748,6.580593705955368e-08,96.98795131115162,590.7771299539223,1.1489269807878006e-05,3.3118423463761896e-06,0.338753743599664,2091.74289871178,0.018475251527406127,1860.8373066863896
417,0.5511826249494733,78.73758239020108,0.23236407884443666,78.21076109155425,0.294457219802403,1461.2459420170858,1444.3995646880269,16.84637732905914,0.0699036892349594,0.08434926877112209,0.8190863249566293,-4.0919695724692535e-08,-5.4643135813017945e-08,1.3723440088325396e-08,-9.826539392645285e-06,-9.884833421466474e-06,5.829402732672202e-08,6.223328138362861,-126.91002977559852,6.158237431335215e-06,2.5429738311575813e-06,0.24251344706992514,1102.9698030394593,0.017720703084473453,-357.9602623395658
418,0.6499845841536527,93.10560680102157,0.2923658441485136,92.50578241957481,0.3074585372982114,1749.0645300287,1725.9000665801254,23.164463448573187,0.11321897964002064,0.11699773890799489,1.1594987648943438,1.7868352282935927e-06,1.7700232849346483e-06,1.6811943358944416e-08,0.0002048855195253917,0.00020482855347912136,5.6966044669080824e-08,7.893973977079983,523.3472699633803,7.077105223719046e-06,2.9462205339633912e-06,0.2974085383937382,1317.841259091091,0.01812887285314444,-388.3222506101956
419,0.6434240675742345,89.40337322635546,0.26109208806722756,88.88917329603643,0.2531078422517847,1434.20828102081,1417.9576999505034,16.25058107030698,0.1548454379163478,0.10560484572103565,1.014310362108919,3.0789077211935634e-06,3.0602151490902083e-06,1.8692572103354355e-08,0.00036064373175124316,0.0003605894259288558,5.4305821154671455e-08,6.960199210553826,1272.7812012763482,6.914022153143677e-06,3.017084272000826e-06,0.2726671291387199,1255.4637205277377,0.02250097548443244,616.5630899834796
420,0.6420927962156929,100.4042219745521,0.26284290587886366,99.69269819236322,0.44868087631001485,1595.8246316984764,1577.7456053592252,18.079026339251474,0.10503608005126258,0.11204771461946307,1.030975124447412,5.707564105132787e-07,5.580179543907035e-07,1.2738456122575163e-08,6.596594737947474e-05,6.591070845345936e-05,5.5238924782110014e-08,6.435624204556674,797.1882955759331,8.703300908283455e-06,3.1409708726948168e-06,0.2806138111592065,1450.2986891409641,0.018512697093483247,-1445.561676874382
421,0.6608229565894221,114.16136811671763,0.318402094480803,113.46862641381988,0.37433960841694774,1369.1982226522566,1351.9413624049494,17.256860247308676,0.19359054773416823,0.13113141656043475,1.1847325624417235,4.6066209676131504e-07,4.4389547136563546e-07,1.6766625395679676e-08,4.284353567826573e-05,4.27799609700412e-05,6.357470700767628e-08,64.22291126795776,190.24380848961337,8.483044990781171e-06,6.38410447657789e-06,0.32692466654943836,1658.5998200056863,0.017517154905644636,-920.8887294096203
422,0.6125162061242836,69.38815347709584,0.20103822160501678,68.99528543575315,0.19182981973767335,1459.6374514731624,1437.6402319704082,21.99721950275403,0.14266053912685409,0.10160538116682694,1.0566865242086079,-1.256065264701296e-07,-1.4028480297392254e-07,1.4678276503792892e-08,-2.0774405772128512e-05,-2.082890493864242e-05,5.449916480607916e-08,12.285351343673925,305.713128667913,4.9465936921865715e-06,3.341723155551641e-06,0.2862630612683342,925.2615641371738,0.01907721377514069,360.42147653748907
423,0.68396104320678,101.57200553380213,0.3068059142472366,100.99766135269954,0.26753826685536025,1524.57548065546,1503.9082725673643,20.667208088093606,0.16333903999688945,0.11867626603861457,1.0788791245529898,1.8394758270983378e-06,1.8260831882441212e-06,1.3392638854216326e-08,0.00021236867538998992,0.00021230705863921389,6.161674994687216e-08,10.198411888882685,487.9697204843655,7.0218355052233674e-06,4.429386128128529e-06,0.29966794121398743,1457.705716209865,0.01995362861021928,423.27972134654556
424,0.6392813417228043,102.01218093675217,0.3071263293938407,101.39223106450723,0.3128235428511185,1997.5889938491543,1977.9001333388574,19.688860510296912,0.12072332866793441,0.11418613276891927,1.09123366144545,1.4317209333372328e-06,1.4135155085496541e-06,1.8205424787578778e-08,0.0001614821141940323,0.00016142749504014273,5.4619152809438326e-08,6.764467825509798,710.6215888881394,9.360417856608383e-06,3.259791106781373e-06,0.29018312745383784,1416.6311356484975,0.019189999786532793,-383.5562484502443
425,0.6921213314278772,103.07408190110519,0.27535178285473927,102.42447274996076,0.3742573682896902,1881.5782497952227,1865.383261585251,16.194988209973175,0.15070790564667919,0.12306411135305295,1.1713371850526944,2.3729978157810829e-07,2.2212844259392196e-07,1.5171338984186364e-08,2.4998839356974682e-05,2.4935073479157984e-05,6.376587641370954e-08,29.56082224813112,333.2023801959324,7.390056601186811e-06,3.596196833577849e-06,0.3265433879639618,1400.645134560279,0.019203229988345213,1830.5103618865323
426,0.6191083003580161,71.14619920813139,0.17722252370420216,70.84618609978024,0.12279058464696228,1151.8372742402807,1134.4136650722744,17.423609168003622,0.13495433150732208,0.09186694888453538,0.940910561159227,5.316391691797829e-07,5.168873518576315e-07,1.4751817322151195e-08,5.829933556475961e-05,5.824496035728228e-05,5.4375206089090106e-08,6.043785431707633,502.1178860169609,5.942268641499136e-06,3.985807544569491e-06,0.2603816680619195,983.4952983324856,0.018049537269702896,-1673.1591342050851
427,0.5078206568319957,59.43499968528801,0.18318275561426425,59.03096658891017,0.2208503407635795,1188.4921724586632,1172.7758797370182,15.716292721647934,0.07115700207301197,0.07448015510609271,0.7565682934806308,6.158312808630061e-07,6.031975308700602e-07,1.2633749992945733e-08,6.654914327679749e-05,6.649953386741317e-05,4.9609407930706705e-08,9.030483473481723,357.47045526807455,5.102539106613586e-06,2.540440357926895e-06,0.21912715756920925,827.8521426272679,0.01743065297007065,1035.5598570107504
428,0.6642755108383005,91.24968065510308,0.26916237622161193,90.63778949506586,0.34272878381559907,1439.5055357886938,1419.3342126750304,20.17132311366354,0.1113959970062611,0.11450955152334365,1.0828684183014923,6.135232862931222e-07,5.930198674547e-07,2.05034188384221e-08,6.407462986338483e-05,6.401327406681626e-05,6.135579556306462e-08,11.709734825513006,385.6172511233245,6.714302106660721e-06,3.8138954558402967e-06,0.2957671542639441,1227.0678743168946,0.019687876850549315,1920.5970964775952
429,0.6438173734273734,92.45460319553358,0.2888170078252812,91.83096108490511,0.33482510280319644,1834.8153495799243,1815.8552477793185,18.960101800607617,0.10852910342232192,0.11749048546110286,1.1021497665291091,1.2224755969728116e-06,1.2101150360886303e-06,1.2360560884181694e-08,0.00013530942262692696,0.00013525519915594337,5.422346988325317e-08,6.104587084226964,634.2619446873339,7.361104001096227e-06,3.7447173858005175e-06,0.3018837141449786,1276.1046151948808,0.01965769537732017,2147.8358988988875
430,0.6920052991631435,107.43052171681857,0.3408026244704995,106.57735949346394,0.5123595988841296,2011.6680942966686,1992.462880513016,19.20521378365047,0.19584016555798794,0.12541179361826593,1.2198883820609807,9.169858764283851e-07,9.02762991088209e-07,1.422288534017594e-08,0.00010491397815006079,0.0001048562353873563,5.774276079499193e-08,15.319898427568821,708.356062173792,7.878304333764349e-06,3.878558501869881e-06,0.32419471367654495,1546.4558864082928,0.019853930044778458,3665.4685913383146
431,0.7366897034208963,105.03373962430683,0.3719890051281472,104.46273553280366,0.199015086375045,1491.6953531122028,1470.3757032926592,21.319649819545358,0.16616393367527657,0.1588145852381897,1.5323133595611016,-1.737478677565692e-06,-1.7507563600227773e-06,1.327768245708577e-08,-0.0002114008303663431,-0.00021145994030139387,5.9109933865106996e-08,6.75792467327099,311.7939974310892,7.378202634077807e-06,3.572357382056959e-06,0.3960794635832741,1479.6742677978937,0.021142143377032584,385.4672665163271
432,0.6474204875963503,101.92387884505135,0.34546860372235383,101.28800280715139,0.2904074341775951,1569.439678227702,1547.4204980005754,22.019180227124842,0.3157644925602099,0.1236532199841414,1.174570744504042,4.304688097664122e-07,4.1459505290599726e-07,1.5873756860415094e-08,4.4086282074641515e-05,4.4024528051987984e-05,6.175402141309403e-08,15.742698273610994,95.33276801887115,7.648276038189086e-06,3.1519833536907805e-06,0.3192883467096228,1447.709591422083,0.019675462267775435,434.8456092265842
433,0.6081589600394229,92.31439405522991,0.25148088797975465,91.6884523092347,0.3744608580154619,1270.6452535022045,1254.3494944971105,16.295759005097175,0.10615851677384215,0.10926287727870973,1.0553978483727098,6.085975628067092e-07,5.94027578469027e-07,1.4569984337682204e-08,6.74126336916442e-05,6.735370405143319e-05,5.892963875434207e-08,12.629678821645388,504.9842011737235,6.79007574185008e-06,3.128500414219126e-06,0.28863705676992857,1267.912524378924,0.01758118413377655,-1030.6147004895938
434,0.5647881067730159,77.53644998015582,0.21060613318496407,76.93893117311046,0.3869126738604001,1439.7409890413965,1412.9951406755129,26.74584836588379,0.14296962157291992,0.08988038541008088,0.9207670487888563,1.2674498572364675e-06,1.2534947400547477e-06,1.3955117181720064e-08,0.00014586025415229094,0.00014580720316855294,5.3050982300390796e-08,9.292843323400252,484.0492746567514,6.556780309635186e-06,3.3406768320389075e-06,0.2439477443311458,1077.529902942927,0.018032453633778468,1212.2923568058723
435,0.693805924271113,106.1160688369297,0.33663286806561,105.47967297281248,0.2997629960516209,1854.0291175233683,1837.7645767121076,16.264540811261824,0.10765523794772665,0.12425434328012272,1.2446265297769625,4.5971581595426446e-07,4.4491757977615206e-07,1.4798236178112447e-08,4.495278489381894e-05,4.489260389703691e-05,6.018099569667276e-08,10.033406047496214,1526.7981427352197,7.768754635182013e-06,4.101279349005602e-06,0.32585183697447206,1434.9615287778652,0.020003300822918384,-767.7784994473259
436,0.7505432784092333,128.3186519091117,0.36331188300721606,127.53994933439559,0.41539069170889176,1576.0032096941836,1556.963840503131,19.039369191051684,0.14311977674852874,0.1441639342002221,1.3309539816896976,2.0434134707907774e-06,2.0225028277260003e-06,2.0910643064776517e-08,0.0002330618152405529,0.000232997834411009,6.398082740233286e-08,12.486352968189784,417.9818301084687,8.397131821080672e-06,3.3366397463854003e-06,0.35091115918513394,1776.8129253063562,0.018961906085125272,-2994.150717055938
437,0.6310411245086927,78.12544976589876,0.20365740318124387,77.68796063154318,0.23383173117433512,1613.5544147009484,1600.5760526115823,12.978362089367543,0.08835210097510489,0.10297911345760054,1.04124861328881,-8.405558164369369e-07,-8.565432840371812e-07,1.5987467600244428e-08,-9.980112030433481e-05,-9.985404277159674e-05,5.292246495716036e-08,5.53872876848396,201.3812474069609,5.188262804140086e-06,5.122743524210088e-06,0.28196068731226803,1079.8694479971373,0.020162684916329787,-685.6321222974439
438,0.6319919945291135,95.53357397277102,0.3009179302105067,94.85652047963272,0.37613556292778855,1590.6615287328245,1568.833229111155,21.828299621669192,0.0995633427631769,0.11067768501549602,1.0979140826274276,5.751949125330103e-07,5.592804976113774e-07,1.5914414921632882e-08,5.678600122380585e-05,5.672785859397514e-05,5.814262818244096e-08,14.6134080126035,145.10015514050806,8.256397480672163e-06,4.258892577880175e-06,0.2783099908448628,1307.8705013338804,0.019765205789422896,-1213.9757182808135
439,0.5922154220481606,91.0385435815611,0.30698771994400775,90.39729315131437,0.3342627103027078,1232.4651511708532,1214.010477381528,18.454673789324524,0.10803522774338664,0.10359622165867875,0.9953893852386402,5.613173166762682e-07,5.432615780083834e-07,1.8055738667884806e-08,5.972031971232861e-05,5.9661786118223025e-05,5.853359250852126e-08,18.893113054385577,240.55831910981232,6.847552507161481e-06,3.791949722563314e-06,0.27170943456130137,1273.8935899410621,0.0179288598389609,-881.8941182318413
440,0.6186957025202027,87.79576916277743,0.2774525260995325,87.23062155767639,0.2876950790015193,1456.7580366358443,1435.0551809475294,21.70285568831626,0.12888124339674886,0.10478849128524045,0.9996870378154445,-1.8364572171847793e-07,-1.989150420477142e-07,1.5269320329236153e-08,-2.7292281725732335e-05,-2.7345474625672907e-05,5.3192898272656973e-08,17.72030314939861,386.10589730121256,6.363019110673099e-06,3.578608651033754e-06,0.27581988133076685,1223.3862890573826,0.018787012691986547,-1021.9497647050011
441,0.5831387011316562,74.83995966021175,0.2613609211831107,74.3106097280729,0.2679890109557317,1332.16229390223,1316.1300633625224,16.032230539708493,0.1086761404394737,0.09081406701998283,0.940705352150852,1.350968231094858e-07,1.1973310532392675e-07,1.536371778555901e-08,1.0299031550730321e-05,1.0251242073064667e-05,4.778947607906631e-08,5.418125613111362,980.9032805129901,5.381533963470974e-06,2.3834954472794034e-06,0.2454848482403281,1033.0022229725987,0.01889829076837769,1296.9206922673548
442,0.568881641523779,85.6103054696101,0.22614496162220032,85.17115119533814,0.21300931264976206,1583.8258345973236,1563.8793124302074,19.946522167115734,0.22591159005635364,0.09921187473368616,0.9082255628936042,2.0923766148550274e-06,2.0786939909162234e-06,1.3682623938804192e-08,0.0002419518728104117,0.00024189835208603635,5.352072338289642e-08,4.603635540244789,611.7967044574115,6.346891275726489e-06,2.7082532176564205e-06,0.26238545199822777,1201.2651204650601,0.018155490350892235,2019.081175505784
443,0.6364493214409899,97.1937016967872,0.3011004725889485,96.80614606933379,0.08645515486444891,1505.8405424117002,1486.287203721476,19.553338690225313,0.2327080302598524,0.10808755558403686,1.0210063996755785,-1.2085628979413138e-06,-1.2242411095895076e-06,1.5678211648194012e-08,-0.000146170218947619,-0.00014622160094586648,5.138199711524642e-08,5.1153998688429585,244.11924404809668,7.0322967635882125e-06,2.4847151801633263e-06,0.2781876687913608,1359.689641368184,0.018757467788775118,-2983.2454109477076
444,0.6484956868909799,69.58691574993854,0.2223283933862971,69.15498873402152,0.20959862253072328,1849.3219085258022,1832.5292801218604,16.792628403942697,0.08640049965671752,0.09993315648946222,1.10377280409206,-1.3808675233609822e-06,-1.394034736575315e-06,1.3167213214332598e-08,-0.00016839762477190642,-0.0001684478672956191,5.024252255344442e-08,9.415533007527905,270.096717309803,5.13036977300078e-06,3.437837306321872e-06,0.2733841454694315,933.4322038951028,0.019201158099633544,92.00752814133375
445,0.6870251375886164,116.95645566335915,0.38466780211197693,115.98028289741282,0.5915049638343644,1616.275170192106,1586.8820953294892,29.393074862617727,0.10178594911239443,0.12636449668680397,1.1322925684992367,-2.2856347293604615e-06,-2.3024427122139475e-06,1.6807982853484954e-08,-0.00027397300562570986,-0.0002740401442051321,6.713857792259793e-08,4.440221577678375,468.90359876200796,8.96886696990597e-06,4.122689499283047e-06,0.31219828769822094,1644.6252079057258,0.01951698201378988,333.4268675461135
446,0.620202600134254,83.93224636569643,0.28377355118581343,83.354001766013,0.2944710484976095,1579.1486155474497,1557.3542875249032,21.79432802254704,0.07200041664349967,0.09887502177057154,0.9178927042540929,-1.1177020531743158e-06,-1.133924317999365e-06,1.6222264825048484e-08,-0.00013661992223513265,-0.00013667660758252413,5.668534604717706e-08,11.310047202971093,317.61641206599467,6.494323192992385e-06,3.279895773756397e-06,0.2629819972001266,1159.3867884078404,0.018519521213386545,-2511.6234285325227
447,0.6860927745190292,99.31120750204896,0.23948776976174993,98.957289641009,0.11443009127822368,1783.0050843961565,1763.447987384987,19.557097011168562,0.16016485956042797,0.11008730107970702,1.0878036354754945,-1.6810823532109471e-06,-1.6953884837971986e-06,1.4306130586251295e-08,-0.0002020026454754971,-0.00020206416506263802,6.15195858031802e-08,6.116736273553398,583.3002288450666,7.82701662290091e-06,2.7437334840896944e-06,0.2905670743902843,1415.5933922564273,0.019429924462463184,1331.3812303347804
448,0.7309885292119818,126.88437791715316,0.34085064195725284,126.2837216042776,0.2598056709183217,1697.8913114337765,1667.7443549739426,30.146956459835685,0.2932064341883741,0.14620178918061444,1.3810559817193226,-2.2130476091078066e-06,-2.229517715185833e-06,1.6470106078025554e-08,-0.00027297704387853854,-0.00027303983075444336,6.278687478673806e-08,20.36857648605394,816.2533869016149,8.173346707724216e-06,3.4322981481843358e-06,0.3518429551174897,1804.4518906908233,0.01998594355972672,2879.858769465416
449,0.6988450958827356,104.92819998538661,0.30971699604287406,104.30044505627309,0.3180379330706457,1504.788446842125,1486.997760793159,17.790686048966855,0.15577917844851402,0.12000812567101238,1.1885474043979387,1.94950573495314e-09,-1.673837395038296e-08,1.868787968533613e-08,-2.578600522713359e-06,-2.635822551818396e-06,5.7222027826674087e-08,10.727034383926458,459.8501790547537,8.126060905081117e-06,3.43725155147414e-06,0.31074978048863977,1473.5529589134026,0.018225944870005808,-99.31610448111678
450,0.6071767228015672,79.1066456688266,0.24615651811759798,78.6575938422645,0.20289530844453194,1423.8171392353715,1401.7099440125687,22.107195222802787,0.07770743138834325,0.10508623721607122,1.1011538183217455,1.4277729846949195e-06,1.4095523375824603e-06,1.8220647112458835e-08,0.00016244331353261753,0.00016238722949789422,5.608403355038629e-08,9.121527436409526,393.510257906475,5.956077797034653e-06,2.864049305428104e-06,0.2894256235430757,1082.1873554530143,0.017279419716061686,2088.393772252901
451,0.7382100430337025,125.85102895738123,0.41238251821401634,125.02756061640532,0.41108582276190536,1781.1359843752919,1755.39462001738,25.741364357912587,0.16295284233974783,0.13163961042370687,1.2582854670968484,9.700628491133208e-07,9.535551546701883e-07,1.6507694443132205e-08,0.00010949731378146523,0.0001094263409118932,7.097286798565986e-08,31.515079710645697,1483.7392067331682,9.199861537715465e-06,3.992443940712785e-06,0.3299316510040095,1722.4240073440167,0.019539307819487373,-662.3314586833221
452,0.7089258366903395,129.20061695978038,0.42112185686622156,128.42626940295386,0.353225699960285,1512.8364296341763,1493.5968351302633,19.239594503913708,0.1834549143235145,0.14377321301208112,1.286149489935461,-2.532507270323003e-07,-2.7059092034574105e-07,1.7340193313440767e-08,-3.603381464573674e-05,-3.609817154732766e-05,6.435690036793551e-08,22.949131899075525,752.7115500369372,9.413461335512e-06,3.1901629479421653e-06,0.33063672556592344,1807.6825909939848,0.01909555564795478,588.4177511588932
453,0.5869774110672872,82.36543072825441,0.23447622158046882,81.8551169618843,0.27583754478961037,1584.9098865198755,1568.4308987349375,16.478987784939253,0.1213322676293166,0.10883075908746069,1.0401138963346208,2.6005383786385486e-07,2.4169086752268265e-07,1.836297034117229e-08,2.0679178462492624e-05,2.062727661323537e-05,5.1901847952174265e-08,7.282251811368491,175.22613831510407,7.053543119197458e-06,2.8854687298766436e-06,0.28247026488356375,1166.9149263892282,0.01881973024189898,-1263.3841909232106
454,0.5421995416579619,67.31294746595267,0.1795852384844125,66.94931712074467,0.18404510672359561,1606.695572502278,1589.8352082465797,16.860364255700308,0.10812620122588837,0.09097285845047837,0.9054183603661845,-1.2012043612069218e-06,-1.2156996191241704e-06,1.4495257917248624e-08,-0.00015100997315709074,-0.0001510605459642515,5.0572805673079306e-08,29.224309565740285,173.38936084437333,5.6590481397282795e-06,2.980177350943864e-06,0.2503273249656424,912.9098520691809,0.019569617665988668,-63.43888378995689
455,0.6470033843908288,102.38241304355289,0.35079784171686623,101.69808373556178,0.3335314662742727,1403.159522619247,1382.6570036944186,20.50251892482807,0.09664296474871122,0.11499066445237378,1.0714615551175135,9.197573248293004e-07,9.042375898643094e-07,1.551973496499105e-08,0.00010407582956905572,0.00010401448859398798,6.134097420483068e-08,16.485273110035017,482.5999552632904,7.945739179218608e-06,3.0334812383447494e-06,0.29950111584168676,1435.9330107615683,0.017605620733193866,2880.2102994504385
456,0.6254331390202997,87.63147495750988,0.24530801307697617,87.10954660942765,0.27662033500524924,1173.5392236614832,1155.7809259918502,17.758297669634437,0.2284523861943094,0.11019289471996455,1.0885441848296575,3.314571120776676e-07,3.1682522248361123e-07,1.4631889594056265e-08,3.612931387730468e-05,3.607305988393322e-05,5.625399191065576e-08,7.561078452859201,283.8555477008737,5.836891731246931e-06,3.3940030712469197e-06,0.28705507401357705,1214.3867396260612,0.01891296895334469,-1118.534921208684
457,0.6741046336411337,110.89566553656455,0.38299369227212804,110.0513761484479,0.4612956958445228,1520.9253064045151,1499.7784621908806,21.146844213634797,0.14900326423065985,0.1239817174022196,1.157187651146294,-4.5751907351013185e-07,-4.7264517263996293e-07,1.5126099129830998e-08,-6.020983925343685e-05,-6.026931534717312e-05,5.947609245683159e-08,7.246740015338116,353.73348581003887,9.127356645702651e-06,3.6754525227397932e-06,0.3015589480801182,1520.4401943875644,0.01811668881402231,999.7931689281795
458,0.6218420882823724,78.27459395344957,0.284685705966772,77.80300036091522,0.18690788656757085,1194.2116645347753,1174.7374876877973,19.47417684697701,0.12714133311606077,0.09861538319874455,0.9642409825821446,1.1645112591178986e-06,1.1491399444320016e-06,1.537131468589731e-08,0.0001320979645057151,0.0001320455821239224,5.238238054127874e-08,9.365320533918315,477.25241888289094,5.212730541160173e-06,3.935671307325076e-06,0.2626299610348463,1079.533516653664,0.018826569478473328,-328.99288694175993
459,0.7463447065732831,130.05191619092375,0.41977114560556467,129.1779169463764,0.4542280989418175,1350.0776804237817,1322.9524538633798,27.125226560401046,0.14933936422333896,0.13614434090748925,1.233529803713532,-5.756410502110031e-07,-5.921291238389673e-07,1.6488073627964517e-08,-7.330040924945094e-05,-7.336060181386284e-05,6.019256355306609e-08,16.302035955764524,724.68428908655,1.0201910003759946e-05,3.6278219189173086e-06,0.33156283589956737,1830.0466703293255,0.01767684108958468,-837.8721107687888
460,0.612783370683054,80.65541728141652,0.2359977536391333,80.20791061885639,0.2115089089209949,1694.8519951073454,1678.0763410817617,16.775654025582686,0.09800064095396173,0.10269939061575292,1.0065915421068492,-2.777778168654694e-07,-2.902997162810443e-07,1.2521899415574778e-08,-3.997100630680879e-05,-4.0028293162913674e-05,5.728685439045544e-08,9.510309324807272,160.87736133399093,5.425984424756191e-06,2.810745581458902e-06,0.27706058408726253,1131.2705591519418,0.017773575965394306,874.2782402137491
461,0.6069685570811743,93.31997890989918,0.29300344930976235,92.727269527295,0.29970593329444606,1992.468214060513,1967.9194612214353,24.54875283907786,0.14879385456161523,0.10495685693401914,1.0196657702779615,2.8932532317592055e-06,2.87888880850203e-06,1.4364423257175951e-08,0.00033225436507910804,0.0003321965394571238,5.78256208343053e-08,8.724138115935723,437.0714422605701,6.272743896318706e-06,2.8832190174091818e-06,0.27581338437366,1290.9351972030113,0.01959612350845458,1313.8395121195135
462,0.6239946288782581,85.99859485182672,0.26769982771183054,85.5240202000235,0.20687482409139815,1658.464049326658,1643.3290592354172,15.134990091241402,0.13977790545167726,0.11099138696430262,1.0277991225174417,-4.36302669113516e-07,-4.554230347498084e-07,1.912036563629249e-08,-5.775641143863008e-05,-5.781208934751777e-05,5.567790783209825e-08,6.874802290009159,377.6189539069945,6.762280224122816e-06,2.7012233031945457e-06,0.2888944377211137,1194.6240522941791,0.022331418759940845,-861.3376901807933
463,0.6133810173392843,86.01498299030078,0.28628065515077533,85.49096360611156,0.23773872903843,1583.3138229634246,1565.8734763803232,17.440346583103302,0.22469686386563084,0.10907510639259742,1.0475606113488263,-1.0604041461925895e-06,-1.0751957587198077e-06,1.4791612527218606e-08,-0.00012846219955543994,-0.00012851937579248527,5.717623471405028e-08,8.5515254714989,480.3688421996759,6.809055818535429e-06,3.0747780499494474e-06,0.2781362928170083,1197.1658649734834,0.02069026795099145,-1028.824597172279
464,0.6373531499250114,96.41685161066458,0.3157942787286042,95.81078333493176,0.290273997004208,1884.4747703118567,1863.813080709348,20.6616896025098,0.11912395796756704,0.11116230705500177,1.0557899826280377,-2.635275443667402e-07,-2.802695375808892e-07,1.674199321414896e-08,-3.685645922192113e-05,-3.691806938951929e-05,6.161016597645215e-08,8.241461913945558,485.4450937965743,8.436118178796476e-06,3.316323478068521e-06,0.29350298425692517,1410.992914076168,0.01955763322434769,-606.9015645162253
465,0.6147513516531076,94.39717202789735,0.2493139042876911,93.65994753278197,0.48791059082768684,1361.4260251675469,1340.244213956696,21.18181121085054,0.20662693067633167,0.105515679849394,1.064790620361594,1.0711880732538198e-06,1.0585508345847063e-06,1.2637238669113232e-08,0.00012075789681543579,0.00012069664665341003,6.125016105691578e-08,8.74182416163481,333.2522344238879,7.430532202070606e-06,2.889355434904204e-06,0.27560009476960046,1279.7764055107464,0.018215747297419104,2193.894908528884
466,0.6120624575984582,91.78222000847246,0.25969128141094033,91.25491533958602,0.26761338747549746,1550.3149454650104,1532.3848866671742,17.930058797840076,0.11938192180095081,0.1240166879836281,1.1454435528546092,1.0205295273223158e-06,1.0061004052273308e-06,1.442912209498458e-08,0.00011989167668674836,0.00011983682720165942,5.484948333264024e-08,11.17656555261052,184.6252378318034,7.408132025816435e-06,2.797594026909312e-06,0.31382352354297455,1317.0042809864792,0.01822853534364041,1542.5612794337212
467,0.6406250660843288,95.46754927913217,0.23949727038723911,94.95630277042156,0.27174923832337633,1880.0552624870822,1852.040471899332,28.014790587751975,0.1806565264791495,0.11173884895895123,1.0715410561847138,-1.3509605484310384e-07,-1.4925613841643233e-07,1.416008357332846e-08,-1.859864329140323e-05,-1.865847523359238e-05,5.983194110498834e-08,8.570773166482265,581.5660717294213,6.999723994673274e-06,2.929919656757519e-06,0.29938531599668766,1360.9857745312336,0.018579526760675216,-3429.2195638746525
468,0.6218497333909334,106.52806147468361,0.2800449134134745,105.8804756165456,0.3675409447245582,1470.2062741999266,1442.4937752394826,27.712498960445345,0.16498623698053094,0.12054038755482106,1.0970110747087336,2.0736209744873802e-06,2.0561573414736782e-06,1.746363301370146e-08,0.00023994498267980829,0.00023988300330792794,6.197937035006976e-08,8.127844052824715,870.9095149930964,8.31474064729545e-06,2.5708338441342407e-06,0.2971388301789693,1517.0455476289872,0.018675912391814105,961.1963231058253
469,0.5756713913734777,70.3971005742125,0.2099129281398912,69.94724948303138,0.2399381630412197,1406.2702017912402,1387.8464143688036,18.423787422435186,0.09303326450090128,0.08869901380821528,0.8814797957867633,1.4020387448301897e-06,1.3863426935272417e-06,1.569605130294798e-08,0.0001602133417790236,0.0001601578111893725,5.553058883084577e-08,5.901601333039045,869.7696720626035,5.93440077604243e-06,2.2549808700547025e-06,0.24349882288364968,980.0568948858563,0.01790965335498419,-1477.2389485244385
470,0.6814992869223353,93.00879369716995,0.2667343497899102,92.43986733870516,0.3021920086748888,1669.6015518063707,1647.9831229082504,21.61842889812006,0.13301990021979285,0.1093666350136476,1.076619107691296,-9.475519143131338e-09,-2.60848353963791e-08,1.6609316253247778e-08,-8.300720685994847e-06,-8.358970221396574e-06,5.8249534069368054e-08,20.880044876063767,710.7779433289846,7.012091264423161e-06,2.6337433923127256e-06,0.28492116812481777,1273.2353084050362,0.020139681010829216,654.7898107565561
471,0.5930307570482384,73.27671823007273,0.2168727082708031,72.77398878026438,0.28585674153755636,1418.565302140923,1401.043210248811,17.522091892108854,0.16167154513532236,0.0896213267017552,0.8730798296565936,-5.92021292755589e-07,-6.077391492227467e-07,1.571785646715788e-08,-7.234823552887209e-05,-7.239994664700892e-05,5.171111696708968e-08,5.69015290898224,695.8945542576845,6.065078525655825e-06,3.166665905396314e-06,0.2515741649820404,1038.2101260059285,0.019580176050047752,-332.08943775318767
472,0.6056312867565775,93.8527541593736,0.33481101535113833,93.3023746898569,0.21556845416554166,1496.1371857172285,1472.5570902171355,23.58009550009433,0.1367630598583755,0.10525842640219278,1.0131139687227977,1.5985301061776444e-06,1.579628875733777e-06,1.8901230443867286e-08,0.00018346431721940446,0.00018340137791745777,6.293930066978853e-08,9.120466422260598,678.1864560680131,6.518880532828233e-06,3.0321638013314294e-06,0.27513997328925066,1300.4780189853816,0.020667923476232503,1315.5804733885743
473,0.699870509510965,118.952673259038,0.4413616467557323,118.2627642218947,0.2485473903875516,1672.4886691964214,1643.1044491415091,29.38422005491132,0.26452441575486985,0.13356293059580862,1.2490753356711752,5.532727052185379e-07,5.364340875534878e-07,1.683861766505025e-08,6.110929908687911e-05,6.104218369651047e-05,6.711538910836195e-08,7.574199733505864,499.23805150750275,7.619311551265499e-06,3.525889530670848e-06,0.3285692461125706,1728.014725850015,0.018969526963727803,792.4565466143504
474,0.6601513643323251,80.5188770458576,0.20233539377965767,80.1100045659755,0.2065370861024219,1647.6021053579575,1621.562896105823,26.03920925213745,0.23556718019475098,0.10192937332517585,0.9890366506413649,7.166414111781757e-08,5.304944151475637e-08,1.8614699603061235e-08,3.577903317468795e-06,3.518898571435775e-06,5.900474471420916e-08,7.736975899920099,303.1617459660586,5.643446888713863e-06,2.5972302582916772e-06,0.27448240239025057,1106.7048076244682,0.01905124824156793,388.84413939507795
475,0.6257349180451707,87.32319591805525,0.23792245439586782,86.86832871753235,0.21694474612703124,1487.0698830548188,1456.4777150154043,30.592168039415014,0.08501068531502523,0.10894225645343684,1.0457492132761308,1.1345012963434832e-06,1.119707726123264e-06,1.4793570220219026e-08,0.00012987674437632123,0.00012982198957127463,5.475480395233195e-08,29.66685939404391,539.9953199724673,5.998918461326126e-06,3.2274331088322383e-06,0.2859892187022302,1216.1845559353458,0.01712019747217801,-661.6202361923206
476,0.6662507419403607,103.15290628046904,0.2826538791884473,102.54084486065179,0.3294075406288039,1395.6379155860109,1374.704236902589,20.933678683419274,0.10771749935743798,0.11662519531770353,1.1910922199641607,1.777233346961753e-06,1.7610699878965478e-06,1.61633590652049e-08,0.00020486924911676947,0.00020480895679753148,6.029231742207355e-08,5.541151840069715,605.926823981346,7.858465659901091e-06,3.113151979766819e-06,0.30285912320285024,1407.193364575653,0.018310734205426785,-3139.7683414279963
477,0.6768295506505169,101.1872694938479,0.2760259112172906,100.62946028833939,0.2817832942911977,1484.2995359059444,1458.2283033255703,26.071232580372932,0.2652766850890276,0.11981140959321188,1.120039167807871,1.569122314840998e-06,1.5532574280042669e-06,1.5864886836731343e-08,0.00018364069497725128,0.00018358444884594062,5.6246130120963824e-08,35.48679092732266,242.34827662617764,7.980664857420939e-06,3.0561673891420235e-06,0.3046545141209741,1454.8033276058636,0.017503841316311282,-868.5727652860114
478,0.6497384556169081,90.35856746689424,0.24204805356716727,89.89932057066966,0.21719884265740466,1561.7989563946894,1535.7152008332891,26.083755561399975,0.14178365978846882,0.10921273230328725,1.0383823348812722,4.0643327119118256e-07,3.892142139010769e-07,1.7219057290105626e-08,3.7085626132802576e-05,3.702714782825901e-05,5.847830317272653e-08,22.76685762837947,492.93465121406433,6.123170083153416e-06,3.626216574748997e-06,0.283707952369948,1222.4320363469478,0.020134638752188787,2179.3626948936326
479,0.6077920679215723,74.40833584570785,0.2123828383346759,73.99655955179533,0.19939345557784524,1765.3639168037832,1741.8268806453736,23.53703615840802,0.08645080865620214,0.09681638286907703,0.9624332133756747,2.0692181506193814e-06,2.051693790736718e-06,1.75243598826634e-08,0.00023657459927939553,0.000236512497260112,6.21020182324101e-08,8.227413641105088,863.5792550725926,5.789454872831915e-06,2.599342443841708e-06,0.2691030605744399,1017.6157420905198,0.020189771278631283,1629.489160830246
480,0.6468696126071927,86.30845187246521,0.2630090215746968,85.77259294131831,0.2728499095722173,1500.4079090894058,1483.3804324257055,17.027476663701215,0.09379280966251485,0.10321312783484524,1.0012066694220363,3.13726462759498e-08,1.497308327312114e-08,1.6399563002828717e-08,-3.110410721557683e-06,-3.1647880945626022e-06,5.437737168716891e-08,6.2507768805215695,295.8929448508675,6.2841956842367516e-06,2.6790953889237077e-06,0.27779451025130625,1203.169256631661,0.020206087176563668,-2366.464088553359
481,0.7529445890740779,128.09538070173238,0.46044983746972,127.27623985493815,0.3586910093245123,1955.433538749565,1933.4060750090187,22.027463740548203,0.13571459153790694,0.13672189755321992,1.3187461878496838,6.143721240574129e-07,5.931831519856653e-07,2.118897207174747e-08,6.881866788709939e-05,6.874906986473351e-05,6.959802126009917e-08,15.307167082390647,456.72697756031454,8.369906442721423e-06,4.167742791720408e-06,0.3436360514717876,1828.8621432862526,0.01999589523611091,-1970.1853182346567
482,0.6711711394809305,109.5017679767992,0.3027470453181638,108.81821001533034,0.3808109161506786,1383.8688042016413,1363.3754015816512,20.49340261998952,0.16950978164774017,0.12466391263063903,1.178287586758237,1.1169192272094603e-06,1.0998418600590016e-06,1.7077367150458534e-08,0.00012788746928405384,0.00012782478489017362,6.268439175582874e-08,8.318482824658151,756.6148088245754,8.862311213874691e-06,2.9607133694233026e-06,0.32138554973606953,1536.9082333845747,0.020012194262501403,675.1808004880259
483,0.6209238758870512,73.53796377269614,0.21559846859963283,73.10755191038918,0.21481339370734126,1798.022233636445,1781.7206530091469,16.301580627296925,0.11274304653585748,0.09767521343962807,1.0241240415288697,1.0121147056253321e-06,1.0000499725636436e-06,1.2064733061688586e-08,0.00011505657490270406,0.0001150037646796143,5.281022153094186e-08,78.36013802404729,772.6405553213566,5.328250334119935e-06,3.1558873774349107e-06,0.26793856138933,1020.2725933920206,0.019335532951218554,-360.4779032503575
484,0.6577972823752197,101.39549237082436,0.3288940780361216,100.81593143961474,0.2506668531734978,1588.746450884989,1565.884377728438,22.86207315655235,0.09781477384733919,0.1208861001552202,1.1688808420946128,-2.4769487698907633e-06,-2.491501128029812e-06,1.4552358139048394e-08,-0.0003001220357418482,-0.00030018058927527315,5.855353206457057e-08,19.390994168944147,653.4542093998165,7.116047101907655e-06,3.2135655219026697e-06,0.3107502477859507,1428.5923550475534,0.01799831123468497,-1152.4220672220654
485,0.7526261268168326,147.14100751405073,0.49609936079593264,146.63020517362497,0.01470297962980629,1754.4171329352387,1729.3987973009296,25.018335634306204,0.35716006356797153,0.15467984796521564,1.347429310858633,2.1715840696547766e-06,2.154530540302693e-06,1.705352935208378e-08,0.0002464509005013181,0.00024638503531601477,6.586518312130641e-08,19.06474466836606,1027.7919125853791,9.481497811690102e-06,3.855580245004159e-06,0.3563191545941414,2044.8748010611146,0.0198638165677689,-4157.687902586182
486,0.7391019882593299,125.57763550122363,0.43346492182809404,124.9104922700257,0.23367830936981177,1874.5404720153085,1850.6627449958223,23.877727019488788,0.09945045947743696,0.13996788364751864,1.3078565797326847,2.311517374173705e-06,2.2959063295603787e-06,1.5611044613326198e-08,0.00026066281212670306,0.00026060397158717734,5.884053863775738e-08,59.170871335051885,516.8311863141486,9.499310823349806e-06,2.8747699657691836e-06,0.34461619632499096,1744.5619417382306,0.01930536324140393,-3101.101761778962
487,0.6648710054631218,105.37380437825536,0.35008795839848006,104.68710973939247,0.33660668046442443,1275.2031878307052,1252.605198432524,22.597989398182065,0.08526400613139676,0.12237727262587353,1.1103447380905938,1.05603854808079e-06,1.0389319758159703e-06,1.7106572264820273e-08,0.00011880133873259632,0.00011874270237834815,5.863635294848046e-08,5.4389829826189775,731.3493326561209,8.43967412725784e-06,4.024064506262214e-06,0.3004585576506316,1479.9033551552716,0.01871597390302738,476.7270254432842
488,0.5565087602414827,71.12945072213459,0.19771335588555716,70.71275627768996,0.21898108855908324,1355.962400715637,1337.2139612363228,18.74843947931346,0.1819530262235116,0.09254465735716357,0.9158509445830693,-4.865991699793004e-07,-5.011178792658652e-07,1.4518709286564902e-08,-6.248667314231672e-05,-6.253854044879973e-05,5.1867305495193757e-08,17.025529287910594,232.517954878418,5.4499620263214494e-06,2.5397360538481627e-06,0.25891218257864834,978.8371782197835,0.018160136951124582,-1626.7992513324498
489,0.6785803881484529,105.10291644591513,0.3083928053207108,104.50537790010844,0.28914574048598246,1795.9058904476476,1774.1413156088383,21.76457483880992,0.1486770080282266,0.11427485279361613,1.1006474326059887,1.4884800874646289e-07,1.3402163279077598e-07,1.482637595568692e-08,8.053736417584965e-06,7.99603642735665e-06,5.769998840727964e-08,11.096016759779467,133.06409425943826,6.8210841244129246e-06,2.8006848862078608e-06,0.2892892553993495,1508.9301811773748,0.019203457073132,-1331.0097982183252
490,0.6186644500208356,89.95995589668439,0.26284985304949937,89.46483123120765,0.23227481242722792,1286.3179820769942,1267.9894782274012,18.328503849594036,0.1244194729410451,0.10864602621042614,1.0764941120583889,1.6041767046607096e-06,1.5908472957012243e-06,1.332940895948533e-08,0.00018763428204119636,0.00018757762282955678,5.665921062977317e-08,20.270195681720907,581.7663576317503,7.265261886890468e-06,4.0443023722398654e-06,0.2950413893758847,1233.3528062342689,0.018991147681470113,773.7797420006573
491,0.6028095728186474,86.56098985119161,0.2566409632511342,86.18845806050965,0.11589082743082409,1509.6241262862256,1487.2630071540434,22.36111913218254,0.08764453397486022,0.10909340463711363,1.093254894301311,7.646395224420672e-07,7.48615480852657e-07,1.6024041589409827e-08,8.6972468304993e-05,8.692072679241491e-05,5.174151140897245e-08,5.758030523287874,528.7497548309275,7.17560305978905e-06,3.681410826969336e-06,0.29246789296174924,1194.9819415998797,0.0194709982972138,-4944.992250903379
492,0.5775928700556334,81.16484326233271,0.2493300661207584,80.56305040603516,0.35246279017676996,1681.475553678618,1653.9400691933888,27.5354844852279,0.15645739110069753,0.10149572647436053,0.9859388990258577,-9.465329125206704e-08,-1.147081238803151e-07,2.0054832628248052e-08,-2.0838562799825013e-05,-2.0897698139671538e-05,5.913533846264798e-08,3.952771708159367,107.71510576388435,6.585315070094466e-06,2.9033427496346536e-06,0.2668479632010653,1119.48254760883,0.019654624085470043,427.74283011585067
493,0.6993364417893407,123.28177525926557,0.3968086236962043,122.59036962905873,0.29459700651065057,1763.3576609418642,1742.7396923025815,20.617968639281784,0.18711894054375044,0.14298800147768995,1.2990675948835677,-3.491797091409609e-07,-3.646648439995214e-07,1.5485134858560638e-08,-4.8142189439550405e-05,-4.820344533599268e-05,6.125589519786325e-08,9.53697095044911,434.971246089612,8.78398795987297e-06,3.7841297671809715e-06,0.3420280747618858,1767.027160148501,0.01855106244646238,-1561.4553336692588
494,0.7023760821558996,101.08828933275389,0.32857930855003264,100.32419014330483,0.4355198808990415,1586.2326062078182,1563.6112058841109,22.62140032370855,0.15168062677004696,0.12860850771946153,1.2526099188367747,-1.071452624868773e-06,-1.0859126904420764e-06,1.4460065573303677e-08,-0.00013242652471034808,-0.00013248266400311742,5.613929184535587e-08,16.309703234994245,539.3616258861772,8.367310473148033e-06,3.99243929864871e-06,0.3265302429386143,1414.7989629982585,0.019286762472507647,793.6614340251253
495,0.6932389061123754,84.03519624094693,0.2787743387879279,83.38501575339447,0.3714061487645349,1637.8232719894472,1617.51033775909,20.312934230356948,0.0954953035793622,0.13088431202395082,1.3358362082014448,1.238894525165007e-06,1.2246254237245495e-06,1.4269101440458027e-08,0.000139906626248165,0.0001398477958381943,5.8830408781247805e-08,8.03007025142708,393.49006068281153,5.5319757917367295e-06,2.7528058000900396e-06,0.34989287894775556,1169.6465685955134,0.019913659630435745,-1932.2542888305325
496,0.5835446518747406,77.15035917741102,0.23266806393395206,76.63248061037113,0.28521050310594603,1669.6111628815138,1653.6414628021294,15.969700079387483,0.10289735162328079,0.0942672066278812,0.917628104658911,6.947677078161576e-07,6.831122071240694e-07,1.1655500692088312e-08,7.777951963133269e-05,7.773095974639635e-05,4.855988378231865e-08,11.478416297713025,698.9601820639193,6.127597916931088e-06,4.296543224077752e-06,0.2623373657863595,1136.1594352236157,0.01788435027466712,-1866.7436600987858
497,0.6197740057212513,94.69149327073893,0.30134482477292723,94.14697220351917,0.24317624244685565,1755.3706969884088,1735.464639944181,19.906057044226593,0.19766690268221437,0.10492546877805542,1.0083234563501948,-1.4164049232788088e-06,-1.4288060355345517e-06,1.2401112255742999e-08,-0.00017329212853549818,-0.00017334977161762835,5.764308092493526e-08,6.132719757563309,531.3955470728833,7.710447087657194e-06,3.197785126151467e-06,0.2755591585970211,1340.4773182351155,0.01874012355897033,482.8547430567669
498,0.6009652264721536,83.64822151488853,0.22390899136318607,83.18876747674507,0.2355450467802644,1434.7169672715374,1412.7202287843352,21.996738487205,0.27592315137140966,0.09896643138203702,0.9782577727432095,-3.302415607191642e-07,-3.4379853774378867e-07,1.3556977024624521e-08,-4.2473456379374455e-05,-4.252606786019067e-05,5.261147971526843e-08,7.815705342195264,408.2042480813005,6.016714175520739e-06,3.1566408630132193e-06,0.2703201100197357,1164.1099933657229,0.01697805979458609,1784.3775424280975
499,0.6303841104371394,89.03682748136272,0.2713538517549678,88.43369953763495,0.33177409197280144,1336.286187284112,1308.1767117058748,28.109475578238833,0.17600359616366387,0.10061370544076298,0.9693628261600951,-3.8593005788389604e-07,-4.0095095162864097e-07,1.502089374474504e-08,-5.148630834553319e-05,-5.1544777225971164e-05,5.8468879438314957e-08,6.516407079277244,486.1181601703977,6.8432167402099965e-06,3.896916814889124e-06,0.2650954826475332,1234.2072881437664,0.018626698868472503,32.30074871359102
500,0.5665544020951279,73.50122705501516,0.19377506141490278,73.07358817379583,0.23386381980441653,1295.6717216974623,1280.9003702800248,14.771351417439286,0.18311126827335053,0.09288032132724268,0.940601203400109,2.730252936907433e-07,2.586200392828105e-07,1.4405254407932779e-08,2.606088693104235e-05,2.6014058781131552e-05,4.6828148042794184e-08,5.488675796297429,33.80159262505335,7.638648150023382e-06,3.842047658670969e-06,0.25268121158022994,1026.51974807635,0.01771149670399848,-213.4024713505205
501,0.6476710596397155,103.18118728644805,0.30407339308596687,102.71421688422811,0.16289700913397173,1551.3962674246916,1531.5463923649766,19.849875059715117,0.11016848981215771,0.11204479929504334,1.0337528034741836,-1.8187959663449851e-06,-1.8374750724929344e-06,1.8679106147949133e-08,-0.00021844979395793397,-0.00021851000177588033,6.02078167640191e-08,9.339871342354275,572.5384255111863,7.960612279968954e-06,4.495275981185365e-06,0.29011905082465644,1433.4797592315028,0.02028379024026064,2088.9220543098236
502,0.6104284053842057,86.15626575325723,0.2411368869431308,85.70030320511096,0.21482566120313693,1344.6953695368811,1324.1721706037276,20.52319893315645,0.11895527671611757,0.10621684995586157,1.0059636065425381,1.0949852522024218e-06,1.081338174121191e-06,1.3647078081230408e-08,0.000126079567158895,0.00012603054576851964,4.9021389208706795e-08,34.08820459589699,668.699528226091,5.991463199147772e-06,3.269727616036524e-06,0.27752782738197507,1237.1512109752252,0.01775141615413042,1637.7682854247505
503,0.6024432848438772,81.7881605514256,0.27380855248346075,81.247368473231,0.26698352571113115,1568.8950610650081,1552.786014971716,16.109046093292424,0.10122947177346947,0.09518844730674167,0.9591292045261498,4.511358050597682e-07,4.328363242094062e-07,1.8299480850362086e-08,4.649641903049134e-05,4.6444272931139106e-05,5.214609810786306e-08,5.509896367824147,625.7828561134645,7.629128040327113e-06,2.6607483741197096e-06,0.2604643214807416,1164.1839070021365,0.019097226077606378,-2336.8749546730724
504,0.616942263585694,92.04019839852862,0.2755639625780729,91.65437065297775,0.11026378297279188,1399.956336873685,1377.2072019327975,22.74913494088757,0.09338742852165673,0.10474551268060277,0.9693211868390671,-4.282494888345425e-07,-4.449827684133667e-07,1.673327957882428e-08,-5.5795082644389315e-05,-5.585573386061007e-05,6.065121478830733e-08,14.633112873173783,211.76127776590013,6.909299209159175e-06,2.4658146767183293e-06,0.2746208078628033,1276.4830379093796,0.01936356149751847,1343.4232167311056
505,0.7145860727151025,112.67099866059064,0.382232304522002,111.9882648752869,0.30050148078173927,1626.5649441652713,1604.3101127244583,22.254831440814854,0.13022317633656127,0.12340359371262809,1.1139053457284092,-2.33843054888391e-07,-2.518647120039836e-07,1.8021657115592648e-08,-3.323147171871433e-05,-3.328863843930076e-05,5.716671908177179e-08,18.73397158068579,621.7801107984282,7.578243703993675e-06,2.8077937104339556e-06,0.3061705727044174,1642.3884693565076,0.01758872958914061,-527.4470427834203
506,0.7070492201498558,114.34162429366418,0.33012798714724684,113.62386748214841,0.3876288243685284,1488.2540870536418,1467.5636695362944,20.69041751734546,0.18095541081874736,0.1262000267612675,1.1794364210437784,7.290308517040646e-07,7.121231143036416e-07,1.6907737400423057e-08,8.001786837662907e-05,7.994353024312965e-05,7.433813221094445e-08,27.68744989500498,412.0942120246766,7.902739134638922e-06,2.81551866282701e-06,0.327055371543482,1621.6761951044848,0.019609892023397395,-615.148275545358
507,0.6414947737118748,99.79822752665865,0.2537130218931888,99.21120053375246,0.3333139710129954,1112.0461541575044,1087.6892591196959,24.35689503780887,0.16801194055941887,0.11379620160789318,1.0570834806680425,-2.187131631408609e-06,-2.2024845404506693e-06,1.5352909042059546e-08,-0.00025848765010023456,-0.00025854053707337647,5.2886972270048675e-08,13.937047632002944,553.8315339756937,7.046718470404806e-06,2.8775730424391684e-06,0.28552811546189394,1383.7802944680855,0.01643729024331233,1740.218967301258
508,0.6397684504098818,84.78587722783529,0.24386861737760576,84.23895275885991,0.30305585159776455,1596.4317188287225,1577.086399733877,19.34531909484462,0.16463639626229856,0.10920471902393569,1.0326672558941894,1.2680755628021608e-06,1.2536293029603816e-06,1.4446259841779894e-08,0.00014937508487022544,0.0001493196674670871,5.541740167305346e-08,12.965583082701556,231.76589579545296,7.189782946018906e-06,3.0475676575133538e-06,0.2810131887747573,1212.3980326605795,0.018975192493550865,791.8121114110836
509,0.5935333140180278,84.90696702631878,0.28464112221404797,84.24433235421718,0.37799354988756295,1682.8679043212271,1666.4918065050747,16.376097816149336,0.1158744343107595,0.09305809211627002,0.9055864424059586,-2.302051046598873e-06,-2.3127682065430034e-06,1.0717159944130384e-08,-0.0002781991339433621,-0.0002782552113123315,5.607736801535794e-08,15.034972793819184,336.1170696487776,6.567089749984511e-06,2.471853707660609e-06,0.25609842342348843,1166.0595676559826,0.0193836432480569,742.4464441549608
510,0.6918743257318029,115.2891010520643,0.39982204637137647,114.47105951281605,0.41821949287687116,1425.922140126693,1406.1054764699325,19.81666365676122,0.24227510492995527,0.12347091462140385,1.1297575360358239,-3.3323293266458154e-07,-3.504328419444503e-07,1.7199909279868695e-08,-4.2101955035900456e-05,-4.2166174913388626e-05,6.421987632253846e-08,7.33064840028349,429.3508218471222,7.678471909438462e-06,3.4106597747089088e-06,0.31027875242489084,1588.0719846786194,0.019323916107772825,-205.47238137199383
511,0.626399198920551,89.61711252548918,0.27010024461117427,89.0863564563856,0.26065582449241503,1329.3001881108025,1303.7210396173532,25.57914849344719,0.13162552714853037,0.10455352002795952,1.038163528531261,1.7281788032783997e-06,1.713684665834639e-06,1.4494137443760996e-08,0.00020000650272006064,0.00019995418296579715,5.231975301739447e-08,10.70365709963241,413.19091195666186,7.651557400731068e-06,2.9534611927889104e-06,0.2896985040376087,1242.5644741299038,0.01901486482676169,288.4925333774918
512,0.5726451085401886,72.01492990866548,0.22995985355337997,71.55376450621466,0.23120554889743167,1370.032473362435,1349.1395844101414,20.89288895229231,0.08916251153322234,0.09701098076778343,0.9850013360449862,4.1827107740758774e-07,4.076482537471025e-07,1.0622823660485376e-08,5.0208422169843576e-05,5.015777331252495e-05,5.064885618601874e-08,30.8592113005815,708.2276021858255,6.565381027880829e-06,2.1996592050402294e-06,0.26368204881831875,967.992573444034,0.017850612406323567,-123.85278880847909
513,0.6034962154791922,81.59477612746898,0.21842801700953535,81.100273484079,0.2760746263804295,1414.9172372387377,1398.4073042565715,16.509932982166884,0.13930160167933966,0.10283168357602444,0.996333655784138,-5.080362980656863e-08,-6.47633080677869e-08,1.3959678261218263e-08,-9.774908680697532e-06,-9.82786976432278e-06,5.2961082994478216e-08,5.402597614274292,311.8485282554381,6.073173763231986e-06,2.9941950389956653e-06,0.269790417826891,1120.7190745814928,0.01819289278440371,-665.9175984411559
514,0.6108121771488813,87.73767606759016,0.2989555149272756,87.2267610971193,0.2119594555435962,1348.7927441882441,1330.6357038917847,18.157040296455524,0.09394369104934254,0.10661049726061354,1.0135403633531352,2.166407777925534e-07,2.0256320182415152e-07,1.4077575968401855e-08,2.136271834388944e-05,2.1309563572766798e-05,5.3154769476013985e-08,13.299014835995578,951.9492874843868,6.080246851732185e-06,3.3448397299450695e-06,0.2825981989339204,1222.7463097601185,0.019363157983421492,1048.1370479387115
515,0.6463141075156645,102.70280896643861,0.3137647813054972,102.15938578468744,0.22965840044566244,1311.7275610344268,1286.2845587851145,25.443002249314475,0.11534956342251952,0.11630177466790347,1.0734864700225013,2.7637656990033624e-07,2.591776979449479e-07,1.7198871955388396e-08,2.8001950858072413e-05,2.794376692441992e-05,5.818393181559127e-08,10.861587916964314,411.2941079621307,8.295268047587101e-06,5.661422718081283e-06,0.30098157906734835,1385.554450572617,0.01816062976475239,635.0684637862469
516,0.6720053162643189,123.3344763248336,0.36784964986680796,122.69012768486844,0.27649899009834444,1363.4228932541118,1344.1455501092728,19.277343144838714,0.10892388911444442,0.13273481007811147,1.2154445238975822,-5.978964914196601e-08,-7.765112019719725e-08,1.786147105523121e-08,-8.915459285350915e-06,-8.976029357845394e-06,6.057007082082666e-08,10.874396006826009,512.1449380404488,8.734569221279275e-06,2.998473880612753e-06,0.3249056137031639,1750.2506927681086,0.01832617656447974,1245.8851820791278
517,0.785529933372765,131.45868557576455,0.4619244518222454,130.77384302915337,0.22291809478895633,1841.4979461131832,1814.913807973544,26.58413813963679,0.21615895116104042,0.14280798006656628,1.2973992241574497,5.819581990010105e-07,5.636198167997921e-07,1.8338382201218336e-08,6.4606547217201e-05,6.45440190841801e-05,6.25281314800593e-08,12.423716419515875,812.6859802563854,9.426818986837165e-06,4.070609577309178e-06,0.3552214021869373,1844.876955187016,0.019751679505665618,-372.31601560969284
518,0.6773149635742852,102.03234367571719,0.3100311023963626,101.5572260917643,0.16508648155651223,1792.409542276788,1769.349357684624,23.06018459216208,0.17106892739556373,0.1207870975704695,1.1332355193536248,-7.302496939887521e-07,-7.473423870537546e-07,1.7092693065002944e-08,-9.417316679066173e-05,-9.424464200196987e-05,7.147520971666016e-08,117.85950069431456,640.8140050781428,7.353286606348943e-06,3.768548935554506e-06,0.3121620412867784,1426.0814913770764,0.01954895608225477,-992.3844923441648
519,0.6361019704924101,92.36115452347258,0.3008422994912271,91.81367194493585,0.24664027904548733,1438.3035674635703,1412.2253984804127,26.078168983157294,0.08344175866386888,0.11576605102734462,1.1040038677492303,8.176090921266652e-07,8.018322921335427e-07,1.577679999312256e-08,9.252706954649712e-05,9.246885021265004e-05,5.821933207787875e-08,17.874325201047665,646.854503732388,6.756695812277012e-06,2.4055197464624782e-06,0.30038912301303833,1323.3003461377514,0.017910176983098682,417.64280656223127
520,0.6582514731838165,97.20952997640025,0.28886211361208786,96.81133281798422,0.10933504480392281,1548.3829233058373,1526.1021883562032,22.280734949635136,0.15483626213651835,0.12502423894716214,1.2013817858119595,4.347758125685083e-07,4.193511150457807e-07,1.542469752272777e-08,4.604522668158854e-05,4.598837973562176e-05,5.684694511840341e-08,21.88716811224812,160.96437324942275,6.167810620248489e-06,3.5177820480076154e-06,0.3183944535385129,1398.5416869520764,0.019883815568874193,2425.3452313519592
521,0.6628954654945289,95.35094417750038,0.3262378302138127,94.7344913207292,0.2902150265573449,1417.3234651132288,1398.1059581984355,19.217506914793223,0.13300233353433927,0.11560106025046743,1.1112631264540411,-5.794346858316302e-07,-5.92707242509877e-07,1.327255667824663e-08,-7.593080234258175e-05,-7.598919630728178e-05,5.839396307840608e-08,25.302608237289153,210.69080193865733,7.173098734606989e-06,5.16398739196711e-06,0.30362083221129194,1332.6677349862875,0.018571459565649418,1572.1176445986785
522,0.6762390332905279,96.64681502906193,0.2452284945938483,96.15097419210365,0.2506123423644239,1798.7525377493223,1775.1091403602443,23.643397389078164,0.07843197769484671,0.10398137617545342,0.9899399943899597,-8.255179230463512e-07,-8.423821692317583e-07,1.686424618540701e-08,-0.0001015325229250557,-0.00010158913811036277,5.661518353711315e-08,6.880843155424257,72.10494202017387,6.7582068110466065e-06,2.7505315457791968e-06,0.26737191161208396,1332.498301710845,0.019209909872184048,494.64800738121994
523,0.6878746019598856,100.12284660923724,0.2881395182795761,99.53946931280312,0.2952377781545589,2042.634632497675,2022.8617940832842,19.77283841439226,0.09541025098190989,0.12258937343481309,1.1592527244695008,6.438292725898098e-07,6.269578208862345e-07,1.6871451703575296e-08,6.835265462355771e-05,6.82939159626823e-05,5.873865955503458e-08,5.589520870944893,285.69971050148433,7.609989733604681e-06,3.4701393222127626e-06,0.30806972918608283,1387.19708776895,0.020703523296866033,-1548.8100304143918
524,0.62631971040417,104.48859484335038,0.3464718700848456,103.7058521889467,0.4362707843188381,1619.1631558886747,1589.8312475655166,29.331908323158153,0.11060465892362382,0.10938312837039167,1.0188924146519902,2.2425659574757368e-07,2.079687444649809e-07,1.6287851282592762e-08,1.9702588806135293e-05,1.9637401343189597e-05,6.518746198313951e-08,13.823874308142113,145.24314267902332,7.63144302171041e-06,3.0170474795811485e-06,0.2836409164357183,1439.8803740336357,0.018906915162901876,324.4648683095111
525,0.6097328779116595,81.16906346292943,0.27406525608598936,80.65596321503759,0.23903499180584817,1391.240827195614,1375.1992506651768,16.04157653043681,0.09703549511428343,0.0968274520574566,0.9688401488578668,-5.711702449887736e-07,-5.840319168672348e-07,1.2861671878461174e-08,-7.295816799567616e-05,-7.301370537115757e-05,5.553737343831746e-08,6.853886214553626,678.4368833684839,6.104019670392027e-06,3.0418076515678074e-06,0.2638978599857479,1112.5597888007571,0.01842973000244589,-966.2294443457758
526,0.6059573145437036,78.30512662007314,0.20319987704998071,77.85746880697955,0.24445793604362223,1263.3897516117484,1243.4557838891371,19.933967722612802,0.12816730795402093,0.09994332875734555,0.9620973581069484,1.5153260654730474e-07,1.3326634336468964e-07,1.8266263182615136e-08,1.2484755541837742e-05,1.2434382078078286e-05,5.037346238329332e-08,13.854145511334009,384.103913237557,6.007063806742281e-06,2.852477644158221e-06,0.26925144940239537,1090.2831601879848,0.018371501438416822,-2028.6508331156838
527,0.638309955869903,96.16327380530674,0.3698886458613179,95.52088184518196,0.27250331426345137,1708.1638724214274,1686.0268354743025,22.137036947126916,0.2665718318314589,0.10978426464409428,1.0282614963878178,2.954399644846886e-06,2.939605434097909e-06,1.4794210748976768e-08,0.00034463263197660797,0.0003445737551296903,5.887684572576293e-08,8.917877788233548,327.1853797341826,7.731408118587376e-06,3.1329092282901885e-06,0.2782803040455305,1342.1838868506984,0.019214309508663777,-403.5517628776797
528,0.7685229250261914,145.05968855271743,0.49780660115001785,143.87091694067567,0.690965010891731,1789.5130132582312,1766.3987650801644,23.114248178066838,0.25338051191719485,0.1495338278147901,1.3147775565005957,1.2437585095100316e-06,1.226157965573086e-06,1.7600543936945614e-08,0.00014118602191158337,0.0001411253752789697,6.06466310494755e-08,18.081728566993377,673.3767662756759,9.162678222316278e-06,3.5135319469785263e-06,0.3582396757644997,2078.406848458042,0.019718238823132936,2275.835886463061
529,0.5623681239667142,69.02960931182366,0.1887810765461372,68.59087529205385,0.2499529432236729,1096.0570083860778,1080.688158633069,15.368849753008552,0.06813634746312701,0.09802046183124978,0.9796392543351777,4.6405550937541183e-07,4.485498011324251e-07,1.5505708242986776e-08,5.119058515202587e-05,5.1140765826422495e-05,4.981932354883092e-08,4.6364950278578005,272.2008034417587,4.854572632669092e-06,2.234794672389867e-06,0.2708883069536402,965.7184094307614,0.019037896734252827,-243.33058903580604
530,0.5802014881133094,68.98331361101631,0.22485699326096098,68.4581171024649,0.30033951529044506,1512.6177138952603,1496.5365778101277,16.08113608513409,0.07081418119397043,0.09547356324204383,1.0231477892440164,-4.808246079515367e-07,-4.960466924015297e-07,1.5222084449992867e-08,-6.35530159977859e-05,-6.360708035206843e-05,5.4064353094043034e-08,9.269501740056773,608.443708471367,5.376493140966657e-06,2.534113384093073e-06,0.26337482403863666,945.3925855345586,0.018840230723933295,352.45981822973044
531,0.6647016333583512,102.01317257376907,0.28620188020196674,101.50527911623523,0.22169157733187428,1312.0760726617416,1290.3073462150446,21.768726446699254,0.10601116445446133,0.11063664367887963,1.0646204356039815,-1.6269584065139993e-08,-3.362278894835324e-08,1.7353204883213287e-08,-5.56131308506737e-06,-5.620103106179505e-06,5.8790020295022574e-08,7.894101703060697,475.3819019633635,6.950344067715753e-06,3.474892547359951e-06,0.2960239127175541,1449.3598913559726,0.01965096981107607,-2988.0290170231056
532,0.6860995480174876,104.10754785497569,0.3078848321849556,103.610650963259,0.18901205953174638,1295.6264494280579,1272.5510004446855,23.075448983373825,0.3444618412425537,0.12602482924469743,1.1976779028429239,1.438670422750979e-06,1.4231121757959793e-06,1.5558246955000308e-08,0.00016301798566075953,0.00016294870726052806,6.92783991282957e-08,38.59891483953749,403.5029498438134,8.040230778138594e-06,3.0460429261273487e-06,0.32977812921757427,1473.2800415879526,0.01978213592132461,-1062.537198142567
533,0.8309530431040743,137.79333530386606,0.38741717685880805,137.00333176862418,0.40258635838296875,1574.9547593052666,1538.919324890598,36.035434414667364,0.1299347576507238,0.17812649204886732,1.6962114339751981,-2.949908327628334e-06,-2.966802507679251e-06,1.6894180050917175e-08,-0.0003525248140884267,-0.0003525967511212134,7.193703165926559e-08,53.32791114008437,498.0749011507506,1.0056894991657054e-05,3.966084000140059e-06,0.44713495232481915,1857.601999610499,0.018496974912512558,2795.8435269087386
534,0.6439725125252426,89.07917473713769,0.23809419440685436,88.56231601028807,0.27876453244275984,1721.9369944313166,1706.1107771207396,15.82621731057931,0.12596824443504492,0.10805003006983709,1.0589551295308193,-6.307310728725936e-07,-6.457583504440467e-07,1.5027277571453092e-08,-7.84787089576494e-05,-7.853087804552792e-05,5.2169086475045706e-08,15.071668402426203,649.0866210825857,7.124973016650703e-06,2.84841667760332e-06,0.28418474933463567,1281.6421856679206,0.01880363767546094,857.3164938475638
535,0.5837441470867037,67.87151060419593,0.18282690894010806,67.40171922137257,0.2869644738832639,1994.789286648338,1979.382640963625,15.4066456847145,0.09568634861648956,0.09317614369221949,0.9567165457583504,1.7836103841767658e-06,1.768803712259622e-06,1.4806671917144044e-08,0.0002081307395364403,0.00020807625504947982,5.448448570716077e-08,44.1503221569533,866.2792660039873,5.035117869784563e-06,3.040900943980853e-06,0.2684381827148087,914.0154616589838,0.01951210083116629,634.0116560645802
536,0.6970115037678122,100.68476150570187,0.3641924602456853,100.07711832230574,0.2434507231504549,1659.2549706384518,1637.415188959479,21.839781678977968,0.1307268126327088,0.11632525048215607,1.1555818204730286,4.2010379523604787e-07,4.0542770508830227e-07,1.4676090147745718e-08,4.9530094274976736e-05,4.946984307536422e-05,6.02511984865539e-08,6.431545899288567,582.0535749863706,6.805357871278598e-06,3.358159665264876e-06,0.2991279535964015,1398.0797578172824,0.019618655445689324,-1950.619326715947
537,0.573470856000562,67.69770236509534,0.19982015209770304,67.29445756284721,0.20342465015043362,1384.114482074319,1368.8256811317144,15.28880094260302,0.06988594666692209,0.09059322203001925,0.9075313440679353,4.1575001660235055e-07,3.999476360961855e-07,1.5802380506165184e-08,4.4325524976031064e-05,4.4272515592177025e-05,5.300938247901711e-08,4.80157747799876,397.25548979182,5.116826820627279e-06,3.159617483961809e-06,0.2543200538596315,946.6393004887466,0.01857303487656981,-2318.757985276756
538,0.5905836094483053,87.31536053797967,0.26734558197364144,86.65206045765339,0.39595449835264196,1411.6330004123165,1388.7354026695762,22.89759774273856,0.08399830392657567,0.10550846183184934,1.0032101745047597,-9.340296001221105e-07,-9.550104351611283e-07,2.098083503901789e-08,-0.00011804318336955581,-0.00011809353821381151,5.03548429423617e-08,69.28724025439772,183.2374835879379,6.959074153063614e-06,2.7839301185617983e-06,0.27478487091841947,1223.1582729714858,0.017357203684940235,-487.9373843338544
539,0.5436824073281246,72.21760223510736,0.23770855633840807,71.83737277456316,0.14252090420579042,1468.4162189399103,1446.8379918270666,21.57822711284592,0.09032624948190125,0.08912219601499882,0.8700507756330325,-1.088986319250256e-06,-1.103681638042226e-06,1.4695318791970314e-08,-0.00013332354119338202,-0.0001333704554750554,4.6914280604340084e-08,17.668457205726334,540.770290346235,5.800538987212741e-06,2.4805930076488422e-06,0.2433899405409786,1018.4075952177932,0.020042844358635615,-444.86219739250737
540,0.7543305367610068,95.49240897273047,0.301615398921458,94.91145714774268,0.27933642606631515,1576.4290692046675,1549.0379222193235,27.391146985346627,0.15189410480526105,0.16892534341024992,1.7508401731663126,5.84911363698097e-07,5.714780959547148e-07,1.3433267743382044e-08,6.66979024638288e-05,6.664276941013771e-05,5.513305208381642e-08,6.771461173888858,400.6278827986303,7.025483810803149e-06,3.0375795718303287e-06,0.44370876190536856,1344.6291210835323,0.02213887979108823,1513.4975943752615
541,0.6394771561152532,81.31624579105423,0.2585187645424934,80.82383833578108,0.23388869073064322,1919.4181844186603,1902.3032732686286,17.114911150034416,0.11389974747685454,0.10734103259557737,1.0415618688944424,1.3362785679441405e-06,1.3197721195204844e-06,1.650644842365641e-08,0.00015534238465939675,0.0001552875865804528,5.479807761916172e-08,6.047381086444194,751.2946251731582,8.315854683912323e-06,2.3434263041430207e-06,0.2841212750023205,1120.5247926316579,0.019086115127868734,1213.6530784741954
542,0.7422539455054376,131.09646658198625,0.422682507609471,130.20192542717004,0.4718586472067501,1699.2631833324228,1679.7436754515318,19.519507880891314,0.3889829602278559,0.14432342661214612,1.312556887835201,-4.388874759864302e-08,-6.003429168690308e-08,1.6145544088260044e-08,-1.422341679558626e-05,-1.4296680822354981e-05,7.32640255888224e-08,16.869372407332342,549.785379545788,1.0366126557556451e-05,3.386001105136578e-06,0.34459639843145173,1851.250421510326,0.017479185887452228,834.4565364788177
543,0.6476248299141564,105.71840845088992,0.3275915128610309,105.10215507255094,0.2886618654779453,1994.6654351700636,1975.7149407640397,18.950494406025673,0.12807764176659236,0.11391120557803457,1.0818340299399265,-2.0546649801078807e-06,-2.0734164849427345e-06,1.8751504834854253e-08,-0.0002502527845464825,-0.00025030919785854416,5.641331090942996e-08,39.33594404598206,442.4846460068714,7.835510048341097e-06,4.370074930275501e-06,0.29639975600552065,1516.0144090058002,0.01897953199323934,1437.05165212067
544,0.6128694985791612,109.1942055743487,0.3248695499887464,108.52907135669909,0.3402646676608728,1663.6794316143025,1635.4091653506334,28.27026626367282,0.18033051947351897,0.11475611464720455,1.059599753291674,1.259946186573347e-07,1.0734477435078987e-07,1.864984430654489e-08,8.318181828790694e-06,8.261816439913471e-06,5.636538729854814e-08,15.094572796708244,462.8936518342709,9.547532222835487e-06,2.747699816048278e-06,0.2886557970056453,1528.0381648552423,0.0182319136385416,1063.440439060705
545,0.7222760536777116,118.17678681890874,0.40495835311405337,117.42909556649255,0.34273289930213274,1790.5514659694725,1768.0512834625335,22.500182506940572,0.12814779173713134,0.140393814722705,1.3271934937368863,2.189490370029449e-06,2.1724936972688473e-06,1.699667276060287e-08,0.0002543548811925109,0.00025429548138003363,5.939981095405087e-08,22.53060422649839,476.4249763188628,8.069467611359519e-06,3.5771814570485026e-06,0.3568275778597953,1652.4721482572377,0.019126124099101634,-97.00881521243355
546,0.6612011207400892,102.57337321113418,0.29095232742981025,102.04671952782766,0.2357013558767062,1920.3667602360767,1896.9659356342631,23.40082460181068,0.17448652578934198,0.1167954275898664,1.1189464402632667,2.2834372253051245e-07,2.123254832809681e-07,1.6018239249544345e-08,1.9660394573726714e-05,1.960165037719442e-05,5.874419500010695e-08,14.849730338570701,565.011037722381,8.125109313142327e-06,2.5374453668865475e-06,0.3126795791271183,1464.0491003016075,0.019155891447496624,-486.11492792302306
547,0.661008729911018,90.04087118084952,0.23843367525195563,89.48601232509047,0.3164251805070873,1817.7300650581312,1799.6022310520013,18.127834006131668,0.08599437069084005,0.11711102043204862,1.1663507228988987,2.0038627860880528e-06,1.988494764689317e-06,1.5368021398736494e-08,0.00023194208346201257,0.00023188545601053603,5.6627450386647074e-08,18.27684574486575,222.60974835928198,7.002388551994236e-06,3.2676093526375735e-06,0.311920547473198,1286.1380732564796,0.02126129849180037,761.1808165108778
548,0.6269959479828411,98.27982273227327,0.2793443421858387,97.74605297079738,0.25442541929006546,1168.0809803990435,1149.0533836036188,19.027596795425506,0.07544184269931373,0.11589239156457445,1.1028410869025629,1.5987466442297086e-06,1.5848358094517644e-06,1.3910834777944246e-08,0.00018756173494694032,0.00018750341285676293,5.832208895661369e-08,5.857011534134298,311.59881783493387,6.50740441606344e-06,2.9072462020804787e-06,0.29679670627061444,1382.5325027563513,0.01886451840695165,-1414.2012577815258
549,0.621860866644701,101.62668884760653,0.36009194884038775,100.91039886642584,0.3561980323403157,1276.5491607688145,1253.6440524239697,22.90510834484463,0.12331380397744227,0.1112784781032559,1.0287995923876068,-2.5493043207443854e-08,-4.194474786176294e-08,1.6451704654319064e-08,-6.891896077852988e-06,-6.95408341471872e-06,6.218733585274721e-08,42.63388238927064,215.8509152475587,7.294531708902831e-06,3.1297240976460968e-06,0.28107437711763655,1437.1930302914236,0.019328065315666564,-1077.2949103290703
550,0.6349190786373127,107.96511719053431,0.36246232202256046,107.41685177581965,0.18580309269210216,1581.121592049005,1556.4295694906873,24.69202255831919,0.1630824037203152,0.12245152997794712,1.1282268398095239,-1.6567914807089655e-06,-1.6710261575063928e-06,1.4234676797427077e-08,-0.0002025678131914034,-0.00020262676409621506,5.8950903344279905e-08,15.9546332183202,504.3984515936861,7.0923602383050894e-06,2.56283335401135e-06,0.31321570112854563,1522.6599317263692,0.018216940326704012,1234.6698425254908
551,0.5967272433778115,74.30589028196843,0.21850213267480825,73.84490950031997,0.24247864897364427,1281.5270144602073,1266.4362366636421,15.09077779656706,0.08696553727213122,0.09501062192679546,0.9625428023900857,1.1158769140000996e-07,9.8690955820522e-08,1.2896735579487993e-08,8.92711985587657e-06,8.87380203747775e-06,5.3317817382975206e-08,22.276249682276816,258.77196754442815,5.3914973579268925e-06,4.723890727413241e-06,0.26170500978904926,1001.2765797654976,0.017825015260568088,-1548.728873326876
552,0.6889748313816226,104.84728517051305,0.28171766112721397,104.39055490692702,0.1750126024587924,1739.4554332853072,1719.4123430032937,20.043090282013214,0.1391788486365369,0.12327019504814672,1.145529598851621,1.5075190177749477e-06,1.4904881815624796e-06,1.70308362124681e-08,0.00017427155511947918,0.00017421171641091281,5.98387072503189e-08,9.066366398754987,445.1383586564046,6.98076053066588e-06,3.406650137362152e-06,0.31689821280026825,1515.3117140997801,0.019811723610415423,1178.6064701826472
553,0.6099526955434295,85.75438847938801,0.23414730117529456,85.26862606560799,0.25161511260473457,1479.7793196592356,1446.1281610934907,33.65115856574739,0.12137068753504633,0.10106134994266935,0.9646444751019105,-6.570994733841663e-07,-6.698109296345065e-07,1.271145625034035e-08,-8.397159793311838e-05,-8.402761193575364e-05,5.6014001208395e-08,5.553830809135941,370.5542998543637,5.409221408260035e-06,2.51964854453498e-06,0.2653175702856285,1201.1340232241255,0.01786713865442079,1534.520299449916
554,0.589030333715092,75.68761317470448,0.21366814102596068,75.2483670613621,0.22557797231642676,1250.6629948196846,1227.5553115572627,23.107683262425272,0.11178444755174106,0.09882245949095729,0.9863087471800098,-4.239016229350494e-07,-4.438450732288697e-07,1.9943450293820327e-08,-5.640009784375096e-05,-5.645183451534761e-05,5.1736670255058054e-08,5.30376919348451,472.0929133098071,5.8685522633049795e-06,2.641022498514339e-06,0.27760617432390783,1064.2025691188962,0.018940419845685338,951.7298690614007
555,0.695974713271166,118.53264910429826,0.49335722318250946,117.7936412276886,0.24565065342715786,1624.705312510729,1599.9211163279679,24.784196182761864,0.17608915070949033,0.1453061630562913,1.3140838846203828,6.012743529233113e-07,5.83407761346068e-07,1.7866591577243437e-08,6.344516526475125e-05,6.338405039396858e-05,6.111486914260692e-08,26.350110640176204,530.0743956060203,8.573931221199892e-06,3.5262816921004925e-06,0.356004465994562,1678.8257335343942,0.01875004325622407,-237.0371470759892
556,0.6064664613320112,91.67875893490601,0.334230039645948,91.01477926362462,0.32974963163545196,1747.088778950943,1721.3252296327373,25.76354931820557,0.16698644416563643,0.11303264072260873,1.0826910871646636,-7.085010083639721e-07,-7.224310828424514e-07,1.3930074478479131e-08,-8.405517603020894e-05,-8.410686536084304e-05,5.168932933403934e-08,20.09677983377781,443.44863781336926,5.613553725024365e-06,2.9953212852373792e-06,0.2873624116751117,1311.6395655443741,0.01917597149723544,579.2362992679591
557,0.5596057483145181,70.78209824985692,0.19280290371678824,70.2831663314677,0.3061290146724183,1664.677832686272,1645.4282500485106,19.249582637762256,0.22678843694987438,0.08363626862035235,0.8575423926665826,-1.8500258245855322e-07,-1.990119238931703e-07,1.4009341434617134e-08,-2.7353584789552713e-05,-2.740417143140117e-05,5.0586640076905357e-08,6.192803106537747,241.91128141812376,5.6782929670788926e-06,3.648955394844062e-06,0.2362519334359159,941.5380608880055,0.018324447940602027,-194.99738720030655
558,0.5333352324856897,69.803029028394,0.19608856638582012,69.3298034277908,0.27713703421737823,1463.5836382933524,1448.1670730737926,15.416565219559564,0.12460885680842261,0.08275662985068433,0.8386623075640448,3.3955901392415066e-07,3.2578897099978155e-07,1.3770042924369205e-08,3.3256573413104306e-05,3.320497395404258e-05,5.159945804735734e-08,5.811706471709854,458.10183760049136,4.758440931122658e-06,2.682140910504473e-06,0.23382792284242832,959.0146194939896,0.01902539504317389,466.29831532482785
559,0.6114501386652208,95.02989914688122,0.25203693581430997,94.64394194055795,0.13392027050896493,1521.0269130174315,1502.2813012556135,18.745611761818584,2.191423574845189,0.10214322114915964,1.0040667210145906,1.3616671409758834e-06,1.3470843064937817e-06,1.458283448210226e-08,0.0001555379628299196,0.00015547970008037578,5.826274838534834e-08,17.78532754081525,204.441166352766,7.716739177566222e-06,3.0107982733078554e-06,0.2736618989125996,1322.2950285186912,0.017533786041965222,-2197.1166024550766
560,0.6169546273589454,79.28262318662547,0.22743965543447478,78.81841558039739,0.2367679507936178,1484.361037348262,1452.1971319192426,32.16390542902073,0.1343378263864123,0.11299881970088853,1.1069342931826904,-1.1670222486937365e-06,-1.1849523119181469e-06,1.7930063224410754e-08,-0.00014279636292917217,-0.00014285289860127892,5.653567097480351e-08,5.103751061787667,404.35367564169536,6.477510916016814e-06,4.010804540887892e-06,0.31977407406477243,1066.2809454836859,0.02086526585879899,484.6126595685964
561,0.7057726633598793,115.46859808839667,0.40328428700109614,114.6998269027539,0.3654868986416731,1727.274523762593,1703.252468854584,24.02205490800884,0.41466829281217715,0.1426039396646268,1.3831304157202895,3.5124819628874484e-07,3.358504850769255e-07,1.5397711211819346e-08,3.8141112603301086e-05,3.807844647603199e-05,6.266612598845985e-08,30.17935862268417,801.6334468663181,8.702795048307509e-06,3.158800628764754e-06,0.3656810327528256,1630.1189663873529,0.020834090369715837,-2795.440796840252
562,0.5321276523509143,67.34025899066508,0.1900935737360349,67.01667618678752,0.1334892301415338,1485.9135162683326,1469.306832129981,16.60668413835024,0.07600277880310524,0.08033585436958333,0.8091866530207507,-4.2935108418081684e-07,-4.428429979414597e-07,1.349191376064281e-08,-5.498322781824888e-05,-5.503600579606305e-05,5.2777976459844734e-08,11.756771999303261,558.542381966181,5.103675664731625e-06,3.1501547041321616e-06,0.22427880911941922,938.9811705485984,0.018481372705119913,73.64910325370147
563,0.6655806575371512,98.18031070674736,0.29152739529567245,97.53730128924092,0.3514820222107973,1169.3658781728118,1152.1239778391362,17.24190033367707,0.44478257022483786,0.10940116350936611,1.0792250883093777,-2.0990574612244905e-07,-2.249160980321656e-07,1.5010351909716564e-08,-3.084253183593153e-05,-3.0904203482158316e-05,6.167164481668336e-08,10.173260233243152,219.94414460234708,7.41572236846143e-06,3.5804323568897388e-06,0.2878741045702755,1338.8131694930325,0.017679524960508,2224.2056774340817
564,0.6116537352760558,71.27191481347555,0.21324593350681986,70.83606438601458,0.222604493954115,1713.1881720318947,1695.9417053169227,17.246466714972858,0.08565622367160253,0.09403027638165973,0.9526575471643587,-1.8208088409141619e-06,-1.8365673338422005e-06,1.575849292803878e-08,-0.0002188201169907012,-0.00021887584314213775,5.572615046549861e-08,20.97179409508623,614.4472335520694,4.9363784973123215e-06,2.4204318537668303e-06,0.264064273783549,962.7104329970458,0.020416591029284586,766.0995453875112
565,0.6409973772239369,96.09314605544036,0.33595760352619,95.4876682907471,0.26952016116707156,1687.8600612903012,1667.9734434460734,19.886617844228834,0.2725314254230904,0.10887395006976373,1.0078522902544924,6.709603852178486e-07,6.551812533382762e-07,1.577913187957265e-08,7.218861453411224e-05,7.212519243545096e-05,6.342209696592462e-08,9.56043917237334,759.6123220636283,8.166170758784946e-06,3.1964503023867363e-06,0.2901618553462066,1336.6463605650958,0.019961129617720907,24.345394706266234
566,0.6502328296752548,103.79308500922717,0.3401250225310338,103.09168757958744,0.36127240710869746,1590.9520333627872,1570.2649178001966,20.687115562587515,0.14969093628238883,0.11446113188700109,1.1102976688506732,1.4219705524012698e-06,1.4050614541076467e-06,1.6909098293623453e-08,0.00015983829645596593,0.00015978081383416756,5.748262062043511e-08,14.965028824940566,641.0928266120736,7.664064433821874e-06,3.484091700129069e-06,0.30479978901382787,1473.100485862197,0.019409247884833183,3998.0571370495163
567,0.7498594468598375,122.39009523270788,0.40422448931492405,121.62161448083688,0.3642562625560784,1605.9082221612098,1585.6061192846153,20.302102876594926,0.14176015502545072,0.1339546973915999,1.262690195887601,6.237668466324153e-07,6.063028093054906e-07,1.7464037326924484e-08,6.565075940080138e-05,6.557855716402541e-05,7.22022350755926e-08,181.12126771173774,917.221745103547,9.412971026152612e-06,3.691802260516854e-06,0.3390151143009467,1731.7672541303177,0.01919900563879412,25.175159484999313
568,0.5964317003527001,75.33037458446795,0.2215154859717075,74.85057185595436,0.25828724254190133,1346.401691691519,1328.2993939477194,18.102297743800282,0.10105338633542339,0.10606978020315677,1.0662173638930335,-1.4040864386471217e-06,-1.417182156567887e-06,1.3095717920765257e-08,-0.0001720015415925384,-0.00017205525618302746,5.371458935261395e-08,11.975548456075131,496.0757530847983,7.135170933625305e-06,2.2722323078443987e-06,0.30012084609059003,1034.0626139200424,0.02058426950862887,-1882.9584338999375
569,0.6953351575853876,112.19189410484033,0.31613310930745053,111.59206848188985,0.2836925136430287,1555.146979279,1532.981868709237,22.165110569762035,0.1765991164578533,0.13320583135311828,1.307181870486002,8.263957541305369e-07,8.070899535915393e-07,1.930580053899775e-08,8.897850528471647e-05,8.891279012896877e-05,6.571515464130419e-08,7.733334214571872,-168.98626054647838,8.47752564995319e-06,3.400203021370687e-06,0.3434221728142425,1561.6527755716327,0.020287003416378537,3111.564271837022
570,0.7390593612096348,136.2864824420983,0.6815114893648783,135.25626091126333,0.3487100414700805,1738.2946642433608,1708.1526894056688,30.141974837689833,0.1331966219748972,0.14075356065569422,1.2732402258394446,1.6483529152136545e-06,1.6302059425624625e-06,1.8146972651192046e-08,0.0001884709245404558,0.0001883972089134068,7.371562477957666e-08,7.590001273924422,746.9852756218652,8.601989457678933e-06,3.7640499773644793e-06,0.33233894320634944,1924.2420654763316,0.020415794171916975,-2396.1136125713274
571,0.6266902587059243,81.56167648591052,0.21829678914753434,81.14699913299636,0.19638056376663796,1448.1901090767042,1427.831343418489,20.358765658215766,0.1768559772882465,0.1101905925189962,1.1046345381932774,3.371701318787293e-07,3.194281018380631e-07,1.7742030040666142e-08,3.1961107901949556e-05,3.1908094585064655e-05,5.3013315031043815e-08,3.986066616524079,501.2773892855204,6.036062829032876e-06,2.804066964754376e-06,0.2914776959398634,1155.0652915927185,0.01896480413042032,-3385.2988252355426
572,0.6674269241627195,104.64958256910514,0.37666500575811324,104.09297976590517,0.17993779744185154,1489.1042131391114,1467.0054777105888,22.09873542852237,0.13850052585370126,0.13261841872036756,1.2655873383565601,-1.2307296286132735e-06,-1.2453532469652739e-06,1.4623618352000337e-08,-0.00015405437489171903,-0.00015411665479990935,6.227990703987297e-08,8.88671504339046,801.9712775780581,7.259506002406674e-06,4.171937191077683e-06,0.34524969709214537,1418.5274003705222,0.021780149742367076,-2785.190301850529
573,0.7406800515510281,129.45042457571913,0.5741183052824844,128.5579298373051,0.3183764331315672,1772.385299633095,1744.237093300657,28.14820633243603,0.11107554536933682,0.140973761268955,1.275184511127333,-1.9020988675627405e-06,-1.9221323059532144e-06,2.003343839047415e-08,-0.0002350045297895958,-0.00023507050605280284,6.597626201723106e-08,79.33253598923906,224.49636151291185,9.28905926382429e-06,3.850462338858455e-06,0.3449733845920377,1897.5006659289782,0.019314207114796096,3106.227455364049
574,0.5657400264734215,72.07803433407348,0.19575709859966617,71.65427328797274,0.22800394750106934,1402.5224867654076,1384.2917093105025,18.230777454904988,0.08501727724579027,0.0911095784988552,0.9652107071104693,1.4926424345536088e-06,1.4800090992792484e-06,1.2633335274360753e-08,0.00016926191496765544,0.00016921328001886685,4.863494732905764e-08,8.717628731541,462.8542800373753,5.486622213099329e-06,2.6363524931200612e-06,0.24327430670594602,1019.6564292609758,0.019543083491588124,-3104.158502556791
575,0.6798983721334777,122.94285900485637,0.41298424275701195,122.16817210361035,0.36170265848902294,1930.024428573019,1909.486629551384,20.53779902163284,0.15026613767689662,0.1294185040856786,1.1362816034704055,-1.2942471793820961e-06,-1.3129674768725722e-06,1.872029749047715e-08,-0.0001582855464581491,-0.00015834959302555112,6.404656570498027e-08,6.707589125183044,523.2550813954116,8.65954380303316e-06,2.744902260101821e-06,0.30857611522540906,1724.5946358399087,0.01889418488371489,-1022.4390118597294
576,0.6089804376300634,92.58094057179213,0.3080790258101348,91.98032326439292,0.2925382815890661,1427.0897276640858,1409.8662278616127,17.223499802475125,0.1394110537454694,0.1075872966483981,1.0206258850558458,4.4522491713235574e-07,4.3167998710444956e-07,1.354493002790628e-08,4.8253352280048394e-05,4.81999227612854e-05,5.342951796650315e-08,11.438776043837443,372.7022376188611,7.479130115706831e-06,2.9041978596100052e-06,0.2875733907585865,1327.132187939912,0.0182070975327694,1331.1067131764976
577,0.69689837631413,122.88943260186915,0.472074684987048,121.98088728675702,0.43647063012506093,1631.6057230852773,1610.9339128268634,20.671810258414173,0.08573439843882008,0.13020442564804216,1.2336644059189343,-1.3066718946464557e-07,-1.4868213660711634e-07,1.8014947142470723e-08,-2.4204485285163275e-05,-2.4270102430351395e-05,6.561714443707442e-08,71.14464174716625,824.4870428872534,9.647561899507506e-06,3.0171313346123703e-06,0.3320772699908577,1720.1919105273532,0.02010869609166904,2830.8700159778346
578,0.5911166409256395,79.57730393043549,0.1892891523311206,79.18788345061927,0.20013132748512072,1209.8032600002205,1190.1611712931208,19.64208870709818,0.07707730770443583,0.1020365898243717,1.0098061534208067,-6.131026948193105e-08,-7.548180406566606e-08,1.4171534583734972e-08,-9.77412364898217e-06,-9.824701149716626e-06,5.057749944848122e-08,10.646111974924715,240.2252166425923,5.924436060111369e-06,4.154126237533261e-06,0.2739750182479618,1100.5811618000073,0.01866951925351158,-897.0231427446561
579,0.6237896274538869,94.75400903580845,0.2760037363278761,94.13425301357276,0.3437522859078105,1695.7345796579361,1675.4515336678148,20.28304599012185,0.19037102650426194,0.12362907952701188,1.2196775483627325,-2.7709987089700427e-06,-2.784911980893582e-06,1.3913271923540089e-08,-0.00033292784137974106,-0.00033298937468498666,6.153330371791257e-08,22.980159537037995,145.8675536906276,6.691534455860773e-06,2.7298045031323637e-06,0.32365699829067274,1325.6654321473175,0.019452988373212063,2060.266189349877
580,0.580201425344403,80.22549965650978,0.30507550429485514,79.65755808262568,0.26286606958926473,1333.152590600784,1313.2687445527947,19.883846047989316,0.12481519041551858,0.09149360774880762,0.9021110385864609,-5.74266665745389e-07,-5.892664679192629e-07,1.4999802173873648e-08,-7.266305285721832e-05,-7.2718068641228e-05,5.5015783003628876e-08,17.67205200850998,353.21528402434257,5.611210111740117e-06,2.5828940431751096e-06,0.2403793301748169,1104.704448151645,0.018610737297705588,895.3574497919508
581,0.6726162608542142,90.9938514685823,0.2603797111476509,90.47245086089048,0.2610208965441842,1724.6444479840866,1707.1191690698574,17.525278914227492,0.13574328022522156,0.12264640878169211,1.1941046118708947,-2.565069231352758e-06,-2.5805091709236904e-06,1.5439939570932756e-08,-0.00031037871880359595,-0.00031043657537505596,5.7856570149922564e-08,6.990073951350745,622.8814673921462,8.423555872948724e-06,2.8315378687590703e-06,0.3284231071138467,1291.5670613110806,0.01993783456350916,-755.9739541461568
582,0.6768228586315862,109.83301473581999,0.30570795811066265,109.08750466666375,0.4398021110455812,1548.261546287654,1523.6863928159714,24.57515347168128,0.12224599007613787,0.12431937507992352,1.1537497391924183,1.4666981870256637e-07,1.3164976409555086e-07,1.5020054607015533e-08,7.859326478796995e-06,7.803391981603522e-06,5.5934496053215847e-08,14.657665369308159,122.3342280997672,1.0317070593665477e-05,3.389584734326037e-06,0.3040039529180254,1594.3279160289676,0.018854498467453178,1871.5294849023412
583,0.6673446373637486,114.44072063779589,0.33651171422314907,113.71253047795425,0.3916784456185053,1497.4388291940418,1475.1135990795356,22.325230114507292,0.08847023287253135,0.12471079373758431,1.1559416327274326,1.2756603682272864e-06,1.2599616476500784e-06,1.569872057720792e-08,0.00014412500199109682,0.00014406144271168094,6.35592780968792e-08,123.75007139527983,1329.90442569625,6.882442764029357e-06,2.8504511398499132e-06,0.31358420355446653,1539.0662677023802,0.01880325151765228,761.7536261662535
584,0.61805450816476,92.39230431276656,0.25000131722101726,91.81816450603395,0.324138489511587,1345.4210497542883,1325.052741888766,20.368307865522,0.15581637579752555,0.09818866479875402,0.9312687667863264,9.789227008895096e-07,9.655478012085346e-07,1.337489968097503e-08,0.00010947151737566927,0.0001094160606972432,5.545667709184709e-08,16.027565058848285,224.80957453311007,7.395276948733062e-06,3.8980137528268334e-06,0.25913155730144777,1281.1998702615952,0.017925392139307536,1604.8652555454391
585,0.681858395072542,100.55886017505598,0.3171726483889853,100.04887544174845,0.19281208491853924,1669.3635433787128,1652.155953816619,17.20758956209164,0.2948963734059411,0.13030728656201643,1.1459862184638272,2.272652170147463e-06,2.2564578803828233e-06,1.6194289764640076e-08,0.0002640563500192479,0.00026399846926481867,5.7880752711037355e-08,10.649984641871523,587.2833636476031,8.479070094393529e-06,2.8854432427459073e-06,0.314582524961696,1439.7003661154195,0.01875536930709842,2604.9000522468305
586,0.652701248435394,74.01388174589385,0.2522073678399402,73.57750062545536,0.18417375259855404,1249.2032584160158,1229.818796010249,19.38446240576607,0.09511985995487378,0.12743322721071695,1.305607845870039,-6.429355805276322e-07,-6.584469604620589e-07,1.5511379934426456e-08,-7.717890075642882e-05,-7.723134325337781e-05,5.2442495891415425e-08,30.951250499000622,331.9896589392972,4.97078596906511e-06,2.94038907157769e-06,0.3439551267715681,1010.2218937817413,0.018501477567992867,-100.31264016522618
587,0.6446529080148732,85.5037738893925,0.2864164061082646,84.9851979427007,0.23215954058353988,1684.5731084920003,1664.5138637964599,20.059244695541786,0.1070989683616275,0.10494958373734184,1.0622048139858655,-4.0542492817523536e-07,-4.184703413412292e-07,1.3045413165993859e-08,-5.115541512098606e-05,-5.121644612051609e-05,6.103099803524478e-08,5.471728892808105,495.72770734202527,6.574008641142474e-06,2.617631590647997e-06,0.2864960260716322,1150.8979920924996,0.019918028254805868,1954.7561669546776
588,0.6750903391637884,90.901408922457,0.2627148777443859,90.32299094445781,0.3157031002547786,1578.6414872935527,1560.6842950579771,17.95719223557712,0.09329782547962039,0.12739938811311674,1.230100005612532,2.697611438785094e-06,2.679859822163272e-06,1.775161662182158e-08,0.00031032241758287196,0.00031026528085465355,5.713672727798029e-08,10.985981786319769,567.7123042140739,6.248475977696612e-06,4.1409005964475846e-06,0.32341016925797444,1264.416340486358,0.01970000798363776,-701.3940710631432
589,0.68342097192615,105.18715903572219,0.3178312144816109,104.420365651068,0.4489621701725977,1856.8971813472795,1833.4559740644006,23.441207282876924,0.12769034494924414,0.1173059284336157,1.1208692212869062,-1.6678126375798838e-06,-1.6802889412074602e-06,1.2476303627576173e-08,-0.000201155040357692,-0.00020121859563279487,6.355527369719449e-08,30.255989375697776,751.1432330825381,7.712504814209015e-06,2.68738263072921e-06,0.3040341235479575,1523.188313323389,0.01847304608012459,-1349.2647615803908
590,0.5925031833527481,79.05186249677092,0.23311807506432225,78.65808464831959,0.16065977338700263,1455.2755764543574,1435.9551226251272,19.32045382923046,0.15834274597481188,0.0989645782644767,1.0283281560975182,1.1196221577419365e-06,1.1068575570330244e-06,1.2764600708912395e-08,0.00013068953163471972,0.0001306375846064996,5.1947026277163656e-08,149.76130444584024,332.9440677603169,5.7682713595008305e-06,3.036723390073604e-06,0.280713844472142,1092.903505961196,0.019761435997585133,-187.72628033101137
591,0.6190165590392342,71.54891922976786,0.19600747629877985,71.18062004745585,0.1722917060132297,1442.9142209647646,1420.4754812102635,22.438739754500425,0.10446890657654627,0.09569892631060212,0.9613163520531824,-1.4337283906448904e-06,-1.446830234528615e-06,1.3101843883724355e-08,-0.00017672203204525415,-0.00017677297717253688,5.094512561812973e-08,11.401172387821218,395.8231982056597,5.443981771168332e-06,4.125048700625374e-06,0.2649307088515879,993.0157076810574,0.0190567980167866,327.2293354743815
592,0.5994887755602587,83.46198351796707,0.24665641968324162,82.91185344074337,0.3034736575404523,1524.76555757984,1505.1011233946879,19.664434185153162,0.10798135068117082,0.09877559036092073,0.9691891835818005,-7.01378700961615e-07,-7.155429816829721e-07,1.416428072135695e-08,-8.929122071988425e-05,-8.934311041764184e-05,5.188969681032771e-08,16.62556990607206,428.80044069895683,5.564952311893948e-06,3.6714237940370063e-06,0.2604951106087648,1172.2198907226339,0.01909560697678951,267.9613687135752
593,0.6164220598151913,87.36020297068093,0.3597440164261644,86.6478859119186,0.35257304233617354,1396.0050808651135,1379.0286686303125,16.976412234802236,0.104592241391459,0.10486592614277704,1.0432998025150813,-7.729980395128463e-07,-7.883944608366973e-07,1.5396421323850927e-08,-0.00010238027240635697,-0.00010243325521488193,5.298280747976165e-08,9.175150461611896,292.53070023275416,6.9509159986952485e-06,2.519587837672011e-06,0.27188589110973693,1234.5940856415864,0.01798220850836599,-950.5203498685987
594,0.5979407523212691,89.20484817487635,0.28026499920385645,88.50719692774001,0.41738624793248075,1356.989767311511,1342.031636191747,14.958131119763125,0.18705485482460488,0.1093615299546362,1.0843315567532388,2.5891323758705103e-08,9.545302036295703e-09,1.6346021722409383e-08,-4.034957714767239e-07,-4.582711654508714e-07,5.477539264750948e-08,45.67207441774638,345.7168452445985,7.064778365656812e-06,3.826806759787981e-06,0.28745703890566904,1261.8116710940894,0.018302080538313267,-1222.5192035214495
595,0.60198726378963,84.32346444927109,0.2611685724573033,83.8600178608627,0.20227801595107786,1613.294645629274,1591.3057628704298,21.988882758846653,0.1925040640221743,0.10795267732118263,1.0354193506974285,1.42785001633859e-06,1.4130511387832667e-06,1.479887755532321e-08,0.00016314325796543708,0.00016309285426642728,5.040369783155256e-08,22.744963243487838,607.5599969562838,6.6057092227203565e-06,2.720850504050292e-06,0.28900026306284876,1167.5543411528597,0.019083429234114692,-62.40130158119064
596,0.6535320454772482,96.25389821937358,0.284434689774694,95.64808057215166,0.3213829574472431,1790.712720409609,1764.3854027701223,26.327317639483784,0.10550192054483679,0.10836789608966134,1.043942408775487,6.161840467120224e-07,5.98259535382788e-07,1.792451132923455e-08,6.154153302659847e-05,6.148148983846192e-05,6.004318710697253e-08,12.255680121640047,230.97379880900846,6.720417078017331e-06,2.540527759706033e-06,0.28397020015300567,1363.169950869408,0.019557259836600116,1165.8062792771561
597,0.6787062965220486,116.92054791248725,0.4350084725261197,116.24010462659498,0.24543481336615183,1493.7218572773477,1468.9270090307514,24.794848246597923,0.15578824092929894,0.12275506673417994,1.125321728276605,1.6630240261261045e-06,1.647338407890142e-06,1.568561823596238e-08,0.00018989395711009767,0.00018982795384238067,6.600326656899488e-08,34.6209481038094,456.095385795665,8.970002845926644e-06,4.27834124494354e-06,0.31444889401847337,1654.327485504265,0.018135183860634695,850.293718468798
598,0.5669205077439387,77.1128138517046,0.25661965237153345,76.7293856322675,0.12680856706556526,1471.0550517273705,1448.2205957141584,22.834456013211987,0.0846574317335723,0.10294200692372717,1.0408706882686243,2.2327799908030854e-07,2.0688116080416817e-07,1.6396838276140373e-08,2.0538603749499436e-05,2.0483838054173777e-05,5.47656939609637e-08,14.311101119991031,384.54582239658635,5.8653485381710076e-06,2.5748399261977183e-06,0.2837909857057153,1074.676002009401,0.018073817625667735,-1971.989959362647
599,0.6476475093666951,94.8715592910473,0.2558756432689176,94.37450195195048,0.24118169582791393,1315.744175429314,1297.9628714034677,17.781304025845547,0.10365429698344619,0.11659202950421445,1.095038462098571,2.2592300113351448e-07,2.1010449236961275e-07,1.581850876390169e-08,2.3510819119714535e-05,2.345013127185959e-05,6.068784625359787e-08,27.622020429155715,92.92968727079001,6.655121569275171e-06,3.337822841398736e-06,0.30599715872225963,1363.2941889039628,0.018028558079517885,1081.4611098612477
600,0.5955591613927813,83.26964905212057,0.22805729976422706,82.76472937650149,0.27686237585486484,1247.6360596795012,1228.6038027813163,19.032256898186066,0.08370867373073947,0.09964460834604083,0.9668843167021058,3.8260307672781135e-07,3.6497874895458426e-07,1.7624327773226984e-08,3.8144846908898106e-05,3.808680730817314e-05,5.8039599202678385e-08,6.9112451757122635,802.9769330517332,5.937316956368178e-06,3.348477159994904e-06,0.27329197956758544,1195.4626920765847,0.019890823288987124,1550.7028115389912
601,0.6723819633473588,110.1331971811474,0.43727625098113254,109.28336449867317,0.41255643149308713,1425.1814530089046,1399.7468288288192,25.43462418008558,0.23588379098795587,0.11962765331367416,1.1111785270678922,-2.2457756149133465e-07,-2.405513693204252e-07,1.597380782909054e-08,-2.866998153366602e-05,-2.873439719092614e-05,6.44156561771036e-08,8.55299836161946,501.28507302235676,8.114943757453877e-06,2.760155426030076e-06,0.30028224195365283,1576.5950824906074,0.017747033575936814,1528.3539783078304
602,0.5679128488855247,60.52745675155742,0.16563164791181723,60.087021020909056,0.27480408273655066,1256.8824750829908,1234.4426478099294,22.43982727306239,0.0749553415906679,0.07925134246772642,0.8642505834492656,2.636028181524398e-08,8.31142178696346e-09,1.8048860028280455e-08,-2.755783026578103e-06,-2.8070204383778743e-06,5.123741090238393e-08,20.55942338015909,430.45897360541557,5.02054761770835e-06,2.337019804470692e-06,0.2315504909885619,853.3297951655671,0.016806678861006598,819.4554741417014
603,0.7458487024589904,122.97524093880496,0.2932855444435123,122.27536645165483,0.4065889427066194,1303.0980994338784,1282.0438350527297,21.054264381146005,0.28183772533027646,0.13020256796590918,1.1774945998785147,-3.982612096341536e-06,-4.000794758630897e-06,1.8182662289360973e-08,-0.00047906440244005043,-0.00047912925174556907,6.484930431790134e-08,12.853928611779386,818.011798486083,9.55097643978105e-06,3.0693273269445677e-06,0.3198431607069823,1750.4742112486156,0.01926464072885861,-2331.7809136589494
604,0.6531114307537913,98.76265284107821,0.2810059607292783,98.27638962206032,0.2052572582886073,2036.7113694436932,2015.8568413031408,20.854528140549952,0.08351950949330145,0.1133638596279779,1.0897080607749134,5.599929976171195e-07,5.411488918925954e-07,1.8844105724523945e-08,5.779099520745898e-05,5.7735427446604684e-05,5.556775953978575e-08,9.50821858091366,493.493907646317,6.8762221946363235e-06,2.88069120822573e-06,0.29298681146359495,1454.081962445156,0.02083164854381026,-2969.93754496548
605,0.674792247463439,106.84543066546051,0.3484581623915393,106.03346402301241,0.46350848005655565,1515.803734940992,1500.2618822122242,15.541852728768758,0.17271758127486325,0.12232380958702944,1.1577197109955621,4.820757220632828e-07,4.664986020093818e-07,1.5577120053900627e-08,5.218921897369351e-05,5.212946230011967e-05,5.975667187444486e-08,32.969815708122944,335.5747001644601,7.803523283050578e-06,2.6149290557351964e-06,0.3018178536169927,1502.5529935966956,0.017825765600903005,-992.7381536115281
606,0.5464821081313976,75.81965926104708,0.20134828932881366,75.32370706812164,0.29460390359660704,1809.8165206133212,1793.5766596863723,16.23986092694991,0.10806898759654024,0.08816697050916907,0.8763681842205281,-1.4118656559757236e-07,-1.5639581158523245e-07,1.520924598766011e-08,-2.187692067651802e-05,-2.1925582345141477e-05,4.8661667510399494e-08,24.08537141416611,355.4442403303808,5.658846994266943e-06,3.0321634239888177e-06,0.23825845905866086,1057.797036800046,0.017960335240535672,-434.2932983551291
607,0.7304446032041532,130.0261490014195,0.42590997746525416,129.4196312910026,0.18060773295166171,1619.5445555875033,1599.2991096660594,20.245445921445558,0.12682045596372907,0.13661082827122464,1.2508735436528566,1.6721138954388822e-06,1.6551078733753867e-06,1.7006022063495863e-08,0.00019307184690366813,0.00019300045518896356,7.139171343604519e-08,13.596967798905794,598.0303551228194,9.216545915505014e-06,3.3026253309136323e-06,0.3344568184721217,1867.7721039699736,0.019770361275777183,-1340.7788716572468
608,0.5600458391040203,73.52592589794729,0.207754089366476,73.12509523317601,0.19307657540480422,1679.7713746580089,1659.1528612107106,20.618513447299666,0.11106228010755845,0.08099104134892451,0.7896024819143409,2.4627654674698213e-07,2.3124797191715519e-07,1.502857482982678e-08,2.6521995571091586e-05,2.6473471527381907e-05,4.8524042503238995e-08,6.714038002054208,566.2552992829469,6.98921335047994e-06,2.3055011230861015e-06,0.22707109581744833,1020.7219998705798,0.018811515271217827,1929.9518988048003
609,0.6214397935543657,79.43492543120301,0.2430052763431383,78.95249737604503,0.23942277881483112,1605.6048763608912,1586.0516460891113,19.553230271778645,0.08069799300807197,0.09895892482893057,0.9692741969887769,-1.4405496711830994e-06,-1.4559097967258567e-06,1.536012554275686e-08,-0.00017819851639105632,-0.00017824909291841865,5.057652609030045e-08,8.442471984277049,328.2196599453886,6.833353742032429e-06,3.1734780846899455e-06,0.2649618654044607,1100.403128258667,0.019075388842331148,-118.54865166066156
610,0.7074561723390581,99.3756079862136,0.3024409619938623,98.71288222295885,0.3602848012608635,1768.9933068099954,1749.9695287199447,19.02377809005218,0.12241689738934812,0.12663720462869302,1.28055084069604,-4.2350247770526445e-07,-4.3810734853261576e-07,1.4604870827351279e-08,-6.046665725011194e-05,-6.0529716996918505e-05,6.305974543583613e-08,12.537775794900005,913.2813821727741,7.282684570251525e-06,5.8006732796868865e-06,0.32577173673551624,1377.8002191141074,0.020775803923055326,313.84549806553696
611,0.5691562980359343,73.3252877752186,0.20962718933725147,72.96973017600085,0.14593040988051387,1516.9287819820586,1499.6064471603336,17.322334821725473,0.22472370124188246,0.08628270756574367,0.8363363139624006,-2.1336584154578167e-06,-2.1475450670793664e-06,1.3886651621549304e-08,-0.00025919644409129364,-0.0002592460695415185,4.962544926488255e-08,35.253212608086656,355.9767489002464,5.406795473760125e-06,2.6989002746986044e-06,0.23852681755650437,1034.1915570356168,0.01668587909221869,1869.1953394958873
612,0.6341359703242394,96.5379030089295,0.28312754930195494,95.82028214223641,0.4344933173911163,1500.921988151467,1481.1402786217045,19.781709529763017,0.07562626244587736,0.10692211922617749,1.0259295215745556,-1.9994292380509023e-06,-2.011626752311525e-06,1.2197514260622785e-08,-0.0002464787477340076,-0.00024653731801094404,5.857027605992711e-08,8.703343144131317,180.9678262068229,7.143800410696487e-06,2.9205182321767447e-06,0.2768346424979309,1329.2753632068539,0.018687142960873992,627.4060504070258
613,0.6363528089511392,92.1481865865302,0.24924616970449823,91.63724389938425,0.2616965174414646,1252.7441705906028,1233.0492123686047,19.6949582219992,0.09276817908249133,0.10765525032653028,1.055472658532163,-1.0370383273687401e-06,-1.054706611416508e-06,1.7668284047767865e-08,-0.00013119799172654932,-0.00013125222267079095,5.423094298873912e-08,5.425350038976836,152.050266993725,6.312545759476761e-06,3.887189076288576e-06,0.29003410567322224,1297.5006129526098,0.01818674109479825,771.2385679044892
614,0.6228130054919833,87.4887330885926,0.28868140244198176,86.92426276404808,0.2757889221025334,2176.567356847247,2157.9813431263306,18.58601372091718,0.2164055717338796,0.10368957716336755,1.034185476064488,4.052961771527741e-07,3.8995303669445825e-07,1.5343140458316083e-08,4.2748682649713414e-05,4.269586812150536e-05,5.281452688857211e-08,6.776435320672109,63.35439723384799,6.863487916428804e-06,2.9171825579661024e-06,0.2801482512855642,1236.6659941770972,0.017649631547895204,-110.93103531707675
615,0.6297037116197404,80.69566502753774,0.28165404495353047,80.04357773110253,0.37043325148169165,1419.2622345123473,1400.2968156100808,18.965418902267825,0.1316659419592833,0.10665466151881023,1.0568655428573195,3.6541582278611395e-07,3.4944746376614723e-07,1.5968359019966618e-08,3.8949408890645825e-05,3.8894410885050936e-05,5.499800411261427e-08,10.46534972429369,528.4273412111171,6.407089528455437e-06,2.924052660616069e-06,0.28262614038274075,1095.8950969245363,0.018663910152335067,-1609.2964631470459
616,0.6255761056859556,79.54190810491278,0.25002501700714097,78.97708087470592,0.31480221319973384,1397.776609311081,1380.163907665111,17.61270164597147,0.1419952872266762,0.10531642397652288,1.0446658020229567,6.6420629438159525e-09,-1.21555635249885e-08,1.8797626468804408e-08,-1.2711276195835963e-06,-1.3282474224930857e-06,5.711980153148587e-08,25.818882136083506,614.6585062929329,5.79785675612604e-06,2.3669936741583313e-06,0.28913128759810686,1102.7400946300431,0.020359171106537465,975.7634814958983
617,0.5968780392779054,88.9984930319881,0.2890959370474636,88.49871206125951,0.2106850336811456,1432.5873014567217,1405.7788973440272,26.808404112693626,0.08731867749186012,0.09822004355733986,0.907542211968427,1.7998909615151716e-06,1.7848095802750437e-06,1.508138124012755e-08,0.0002097237360703404,0.00020966084742208232,6.28886469601943e-08,5.826348363203836,471.0689057245367,7.680643218265547e-06,2.884730248486754e-06,0.25398706469408633,1271.4682226981497,0.018270740415485296,-265.0637095141101
618,0.703430009781639,120.82279230895243,0.4323724420548514,120.04618405598994,0.3442358109076235,1668.1998231601299,1640.5857025686907,27.614120591439658,0.1573182985089317,0.14524940923866286,1.3414114063698557,-7.14135542851735e-07,-7.306741441263213e-07,1.6538601274585905e-08,-9.302486701899231e-05,-9.308942026645583e-05,6.455324610937218e-08,10.583713612976966,592.5562846274331,8.778666694413465e-06,3.90361878197692e-06,0.36289256461109365,1697.4281173029392,0.021495546444346477,-808.9314668590341
619,0.6033692097230345,73.7844776690484,0.21223468126113348,73.34555891003815,0.22668407774910623,1576.0000850694528,1554.0521174589835,21.947967610471053,0.06767839221829741,0.09685757133804627,1.0098081934709204,1.21245767705613e-06,1.1981745793625168e-06,1.4283097693612794e-08,0.00013832088378834678,0.00013826877500664142,5.210878049898613e-08,8.587087017782995,433.3231842130083,5.833373154763058e-06,2.6626397653940523e-06,0.2724020520224269,1028.9948806973523,0.020144732886066503,1553.7311719647987
620,0.6646333448665065,81.20005297098012,0.2574957618773811,80.66979804495082,0.2727591641519275,1748.0171670050117,1730.6643852002815,17.352781804731404,0.08710638848648712,0.11370586283523129,1.149148450899883,4.139902960772365e-07,4.0055736008031343e-07,1.3432935996923103e-08,3.995432498679434e-05,3.989743886979081e-05,5.688611567236295e-08,7.746470265083732,482.3888079608999,6.741054680665255e-06,3.0136313709454403e-06,0.30738064789652303,1141.2535781054444,0.018049867479837677,1885.8770460319283
621,0.6680545713547936,110.72697974921077,0.3126334192699095,110.02767279341778,0.386673536523073,1343.5655696259535,1322.3715067450703,21.194062880882637,0.14070844346795988,0.12451260773849268,1.1458869427736846,-1.2953278431112836e-06,-1.3136128122044188e-06,1.8284969093135572e-08,-0.0001590930683250599,-0.0001591519411161656,5.88727899691374e-08,7.714378426944627,386.5753508122869,7.2392325763363505e-06,2.9030426714524167e-06,0.31562564691795786,1540.7363900426294,0.017785907682005296,-4389.143230605405
622,0.7207445371631954,117.40656050377982,0.3410305253440591,116.728664991495,0.3368649869407532,1464.331803953555,1444.630384739057,19.701419214496475,0.31858311161786385,0.13619989819522438,1.3100328846055267,-2.8560488834283922e-06,-2.873426173646238e-06,1.737729021784579e-08,-0.00034158316107836686,-0.0003416516728835905,6.851180407392603e-08,6.158436818691445,396.7215456682392,1.0551142357179663e-05,3.363791755985609e-06,0.336105760742784,1666.2895156843158,0.01856654096551339,1636.9349782412464
623,0.6270695881863138,82.18399939372559,0.2321742774709922,81.79566416265352,0.15616095360104665,1942.1996048372694,1922.8189178546613,19.380686982608896,0.13596935906719818,0.099970506137292,1.0132771278771284,4.886160472406116e-07,4.734458382186761e-07,1.5170209021935374e-08,4.8923452171593075e-05,4.887529307480278e-05,4.8159095582737024e-08,5.206902937852437,423.8755032663967,6.856437999283771e-06,2.670733323387758e-06,0.2628320091729564,1182.9576483668798,0.018097738085282238,-1007.3993947754498
624,0.6776664939513097,105.52885883243381,0.33032210778447235,104.81765096409394,0.3808857605553981,1489.714164247065,1469.1013486843563,20.612815562709194,0.1178761629069974,0.1251609312599327,1.1799407860665907,1.9523899607447043e-07,1.7602614251145443e-07,1.9212853563016068e-08,1.47485585023262e-05,1.468437802182825e-05,6.418047910859137e-08,16.69580537345908,717.0680967173047,8.06449396098141e-06,4.475230674534711e-06,0.31880867921723377,1444.3122850833092,0.018178555463599245,1691.472979454029
625,0.7198727483841022,123.23372888215927,0.43310571816592786,122.47483955092537,0.32578361306797177,1551.4159933028186,1525.0816855608052,26.33430774201179,0.10053362936024565,0.12330491391961933,1.1298088829828654,4.081543576382437e-07,3.923500554591377e-07,1.5804302179106146e-08,4.558597413468831e-05,4.5517840593475745e-05,6.813354029748331e-08,27.47011342561087,316.36151517031533,8.995585251466941e-06,4.244787218478445e-06,0.3195725046864233,1711.7863546582398,0.018461799922050288,-1803.1886607257438
626,0.7042825256854398,86.72244061075911,0.21117803638120944,86.20197669552913,0.30928587884879427,1434.7074455613472,1418.834208556675,15.873237004672722,0.2751980151361874,0.13131008628555615,1.319031041497362,-1.0721377849982242e-06,-1.090913603055955e-06,1.8775818057730573e-08,-0.00013157277227393772,-0.00013162299628075125,5.022400559206356e-08,17.14543948400587,109.0574423995331,7.719266607093028e-06,2.76456092214751e-06,0.34216830310665775,1206.3437945443102,0.018679794659200662,945.578916806895
627,0.5488160552215401,73.02199651237072,0.23392767617959462,72.56580865548506,0.22226018070604736,1744.4474632308793,1725.0484038147367,19.399059416143135,0.13198392231621042,0.08622837038396117,0.8550755023986204,-1.458483318732816e-07,-1.5932318703081264e-07,1.3474855157531049e-08,-2.0718329275726345e-05,-2.076752560001828e-05,4.9196322901138834e-08,8.740150447117992,363.5305410863491,5.450142975132847e-06,2.4059763348299913e-06,0.23232786045803658,1014.0963216200425,0.017075510274499495,2390.1556512554816
628,0.5719740332511994,79.7947335224937,0.19295836319588083,79.34383518229248,0.25793997700535287,1574.1412211495463,1555.174455860386,18.966765289163547,0.10276999171502783,0.09472653225683751,0.9154977857213321,2.13442764152483e-06,2.117316032455349e-06,1.7111609069481222e-08,0.0002473742255418216,0.0002473216725778832,5.255296195787115e-08,4.710866208383472,246.8112020419097,6.884897295505559e-06,3.4522969350646036e-06,0.2641143721053046,1108.447867130372,0.0191082002428311,1888.2893022450953
629,0.565322829263482,76.00740567554574,0.21194539336462112,75.50250654626987,0.29295373591122953,1337.6176763828362,1321.492335832436,16.12534055040035,0.1218996526824172,0.08364744812116728,0.8228276190719349,1.8890377710358544e-06,1.8747323177805852e-06,1.4305453255268784e-08,0.00021681620102064267,0.0002167608005367202,5.540048273360748e-08,14.873877163572013,613.0407171784959,5.132994051492039e-06,2.653778592023119e-06,0.2329131109972503,1055.284386402399,0.01794602993253682,-763.3764465836539
630,0.6308506691814267,90.65318922368563,0.26524785893522307,90.07649961513177,0.31144174961862753,1619.519487734104,1598.1119122676148,21.407575466490158,0.09033205567312856,0.10892318066309192,1.0386924687380914,-5.216232575948934e-07,-5.37488533154623e-07,1.5865275559729402e-08,-6.545625368665494e-05,-6.550820011628365e-05,5.194642827581394e-08,24.816867280762718,498.263322619199,6.821086561453147e-06,2.919157943957564e-06,0.27999530828337144,1265.2452635362074,0.019917082583683268,2544.651973693981
631,0.6876227771380549,112.97021224118963,0.39893870565772854,112.29686883991728,0.27440469561462283,1638.5128467391764,1614.479759207769,24.033087531409937,0.33930615323908525,0.12493967245047252,1.1880048022149958,-2.253727147365661e-06,-2.273160990560893e-06,1.943384319523256e-08,-0.0002728200916451013,-0.0002728790681567648,5.897651035836557e-08,11.576945470647242,353.608147343301,8.576306694830784e-06,2.828116951067192e-06,0.32191153923806304,1584.3636646578343,0.019549996032216566,-1491.5762876859153
632,0.5822104219877673,84.28559178488845,0.3319932589107592,83.66980689858521,0.2837916273924886,1623.9885959991045,1606.704206152528,17.284389846575582,0.07891325817404748,0.09388111288042135,0.8853777719828176,-1.7689876025441349e-06,-1.7832682964164803e-06,1.4280693872345584e-08,-0.00021161741563292406,-0.00021166921957110457,5.18039371530811e-08,10.600725549748752,454.78734848571196,6.972639401287675e-06,3.12680391508174e-06,0.24485153416626604,1229.3148947765894,0.017754234442045755,1490.6513700878459
633,0.6084493996047985,82.27901665385835,0.2566302404381842,81.7774312793258,0.2449551340943657,1526.6556228874097,1504.118129744893,22.53749314251772,0.11311210080917013,0.10384168798428683,1.0278473859907515,4.888111016919329e-07,4.7636139557702986e-07,1.2449706114902907e-08,5.579763968532096e-05,5.574248189328599e-05,5.51577905628437e-08,11.56809126043832,541.3722477100465,6.137878511177112e-06,2.870408232615298e-06,0.28018831676858896,1140.7752148908844,0.020219756486870844,-773.7723034211267
634,0.6488457568740025,93.0148373072169,0.24660561466802686,92.53366078384175,0.23457090870711098,1228.6226852143475,1205.6925228286532,22.930162385693876,0.1236823340344027,0.11154088804634024,1.0739370044121928,2.058343109952764e-06,2.04311103762714e-06,1.5232072325625468e-08,0.00023991392237970025,0.00023985692809785097,5.699428095683678e-08,16.568593649289376,353.7599102786106,6.615908395445588e-06,3.610734351961939e-06,0.2853194888502878,1299.6453460032812,0.016378338510300804,26.903202710527694
635,0.6699220262525072,81.74833494212207,0.24766068314589543,81.22031385506561,0.28036040391056294,1678.7703944453408,1641.9255007968113,36.844893648528405,0.06555600153896807,0.0985835112036476,1.0065704024134847,-4.520798059682359e-07,-4.6729672586474577e-07,1.5216919896509807e-08,-6.050814032552267e-05,-6.0567824883982265e-05,5.968455711368802e-08,10.012978021335428,325.006771298532,6.058472850681258e-06,3.157978201401929e-06,0.277405303975933,1120.761918338865,0.02091470538005766,1848.3084173846
636,0.6059207958664479,83.93243498800243,0.2377433630388903,83.47464161809309,0.2200500068704736,1582.7655610839192,1562.744896883871,20.020664200046497,0.09096464424491238,0.09932238943570663,0.9686259211025684,4.314909168024712e-07,4.135237792705771e-07,1.796713753189393e-08,4.456708240158523e-05,4.451240498520168e-05,5.467741503427674e-08,13.550365141954611,902.0109050582412,7.2025247240227864e-06,2.4143643729110937e-06,0.2678833921393124,1186.7669212044996,0.01899264894997426,1003.9857619554823
637,0.6489447266751471,77.80383024774804,0.21540438368438747,77.30066714009077,0.2877587239728817,1341.1339481012828,1325.5241058403008,15.609842260980225,0.09020828246927375,0.10549852724449346,1.0754723359883747,-1.3109136851221206e-06,-1.3233825010241956e-06,1.2468815902075517e-08,-0.00015941207782665053,-0.00015946221566030344,5.013783252899734e-08,4.9575777049394265,770.6255429789512,5.682648136387548e-06,2.763067724211409e-06,0.28499988518965425,1069.0649889805718,0.019010483773653542,-898.643393189519
638,0.5707387137240818,64.95581801657265,0.182093359847536,64.54287056693127,0.23085408979384206,1422.1483299397848,1403.2325981389868,18.915731800800227,0.07617581877157514,0.0879907087349594,0.9347927362760279,-4.93557236420667e-07,-5.049867969301802e-07,1.1429560509513261e-08,-6.479783379717995e-05,-6.484544873366884e-05,4.761493508329452e-08,3.79657382879983,305.2909772266589,5.395958523952052e-06,2.92988720628111e-06,0.24139367039953782,895.7099190341542,0.018755282608399683,-522.081815419213
639,0.6736705567957201,99.03189592520305,0.3132819421482595,98.36139685556489,0.3572171274898847,1552.4236812196468,1530.24466336059,22.17901785905748,0.18281857276244134,0.11489809490709783,1.1197302070537984,1.9310723482915226e-06,1.9147567188501676e-06,1.6315629441355043e-08,0.00022353998809725148,0.00022348043824652928,5.9549849463014436e-08,9.652555473815427,964.4570648685501,8.378753147533785e-06,3.1920289790277254e-06,0.2944692189168571,1376.081812355517,0.019708126667862622,-570.2021053867866
640,0.7192338072762506,137.00063362801194,0.407952550329523,136.3737895183174,0.21889155936498733,1747.743389520811,1723.422727156685,24.320662364124555,0.1132648835974767,0.13865880010677203,1.3057299023524152,-2.0973372661789536e-06,-2.1134980582191945e-06,1.6160792040241078e-08,-0.00025236558779673446,-0.000252433058933922,6.747113566099712e-08,22.288569725956812,700.5840973543188,9.6956047603133e-06,4.605100875052435e-06,0.32492163544659436,1965.7110259382277,0.019686479360097917,869.1311614681617
641,0.6086634606813247,79.28663000910376,0.23178672413019627,78.80103610751226,0.2538071774613105,1422.6328960518094,1404.7183908028462,17.91450524896262,0.0883058110514762,0.09803631226854431,0.9938966207738129,-2.6009586630985746e-07,-2.7251833646137854e-07,1.2422470151521215e-08,-3.5228525507734464e-05,-3.5280386179547515e-05,5.1860670331386795e-08,7.021774247427382,525.2399118412653,6.047444646673838e-06,2.9995525191527754e-06,0.2678805563173451,1103.418724655409,0.018849746312739266,316.2118468890585
642,0.6305053720323798,81.84703648586809,0.2710469256112403,81.32959409194898,0.24639546830786765,1543.847176484538,1521.4359320302008,22.411244454339137,0.1620431298076025,0.10800512355199468,1.1065623487961338,1.6704355979532354e-06,1.6555601750884871e-06,1.4875422864748806e-08,0.00019669257327466856,0.00019663971622764487,5.2857045998852075e-08,11.290789912055635,408.45254454697465,5.72953383750302e-06,3.4616263650337533e-06,0.28581441727498974,1136.852603061672,0.01857639604413113,-407.91407958048876
643,0.5859710045104918,74.76901884991655,0.2257146369009045,74.30026002221207,0.2430441908035785,1195.3029776908106,1179.181106483449,16.121871207362734,0.10345559976278845,0.09026654908943707,0.8950610705599505,7.159597958971462e-07,7.027817359404656e-07,1.3178059956680473e-08,8.441072718763525e-05,8.43558471095571e-05,5.488007703001707e-08,17.216987602670176,724.5328986754561,6.1581273176772285e-06,2.4253832827016137e-06,0.24958664480906018,1020.5203346912355,0.01893216300057316,581.79899818185
644,0.60656128365395,85.51265953134046,0.2616506929076269,84.94439262529957,0.30661621313328463,1317.6914300703468,1301.203034315326,16.48839575501917,0.1212758340585448,0.09954221022078034,0.982657194367798,6.075946968845647e-08,4.8031708430340564e-08,1.2727761258115916e-08,3.8607982113153105e-06,3.8007467136593735e-06,6.005149622922277e-08,10.404095039726341,-2.0577377452045944,8.874544505265917e-06,2.8078550568010093e-06,0.26980522067631274,1192.8492933018729,0.017895327681293927,497.81528013610296
645,0.6243774874192634,77.78857691117508,0.22770070595798042,77.36606076053978,0.19481544467732073,1254.040694733695,1237.8906984393109,16.14999629438534,0.12808864071507423,0.10159128625296064,1.0564816488117332,-1.1598878007867895e-06,-1.1756359278541059e-06,1.5748127067316012e-08,-0.00014384064961066637,-0.0001438915432014986,5.089358994838582e-08,42.634435557366245,-33.40524972164046,5.895969942551155e-06,2.830061833657295e-06,0.27475364258615126,1113.909533946367,0.020114688245532537,-135.45989042575093
646,0.6636409611179627,86.78845826620571,0.280613082276554,86.26062571416044,0.24721946976869985,1445.1406116066632,1424.1104631237479,21.03014848291729,0.10556346325100645,0.10601449819941308,1.047655923877923,1.6098005746228265e-06,1.593685338466314e-06,1.6115236156512814e-08,0.0001865280857577795,0.00018647401207506125,5.4073681153569495e-08,7.541231876748558,492.05522900524085,6.364173130953699e-06,3.3303711126089974e-06,0.28862565213627106,1191.1154635221426,0.0179799981449558,1928.3794589191784
647,0.6263600330632902,90.10251337822373,0.24129968498133583,89.60741920778904,0.2537944854533368,1377.8894984624,1360.1784753495713,17.71102311282833,0.11598182337789234,0.11560672080539974,1.0949067961431564,-5.87685640906324e-07,-6.043120244907714e-07,1.662638358444751e-08,-7.188742230285845e-05,-7.194490537862022e-05,5.7483074758679625e-08,7.9226896817688495,663.6116317076728,6.762939798584789e-06,2.8170525900406426e-06,0.3045698593706953,1244.645457608104,0.018400780067859883,127.98775999807913
648,0.6594062791519577,96.16520732776927,0.3201309330307081,95.44600422490325,0.39907216983530375,1285.777124289571,1267.4051931335457,18.371931156023763,0.11743844438835396,0.11485188506747275,1.157741568510918,-1.0380653438149925e-06,-1.0550325430972348e-06,1.696719928224201e-08,-0.00012415409493530147,-0.00012422079712584084,6.670218904468579e-08,6.819667199136537,421.10814537444367,6.813524285919916e-06,3.1182719377007347e-06,0.2968381692872195,1369.146077729335,0.01879885472729006,-1078.9123237198146
649,0.5915721150526624,75.67081453694202,0.2342828521490813,75.21943043441797,0.21710125037495887,1444.5115909125645,1428.9048188345992,15.60677207796682,0.08917067199594511,0.10386279982836409,1.0373113613650917,-6.963440697781942e-08,-8.344300719461363e-08,1.3808600216794208e-08,-1.178763132116537e-05,-1.1846277408247325e-05,5.8646085881707404e-08,14.200717735112026,479.8392671421787,6.436059748248027e-06,3.330451079950489e-06,0.27707605257635004,1049.1522622696277,0.018766948087287922,-2.287929247431748
650,0.6857594105461711,118.03926616662348,0.4027441170239304,117.368750687963,0.26777136163654597,1600.1104981457786,1582.0694227911638,18.041075354613643,0.2194139522861796,0.12488828404387586,1.1491358336019797,1.2688099853490004e-06,1.2508974717124009e-06,1.7912513636599933e-08,0.00014192492529407991,0.00014185872430195334,6.620099039758837e-08,7.695820004211613,512.8307321463343,9.019559476032481e-06,3.4187563134560095e-06,0.31891583184126426,1657.6656294407921,0.020046207436122156,1865.587497136512
651,0.7239505144291193,114.69209908144032,0.42238321120580563,113.86162458335716,0.40809128687735713,1404.086787231717,1380.6809652315844,23.405822000133195,0.14618118604945832,0.13504154591531714,1.2823749904681951,2.947302652506526e-06,2.930040127636142e-06,1.7262524870385283e-08,0.0003372356106223658,0.0003371755192449523,6.00913759027775e-08,47.49811842290122,701.4827946036587,8.325641479077609e-06,3.7048342699674486e-06,0.342405446794977,1603.6463874480569,0.019267663528144394,-888.1488819916776
652,0.6085568532749757,85.19757351262605,0.2563802142324886,84.53172468156706,0.40946861682650715,1558.8587104512337,1543.5705323581105,15.288178093125733,0.08678508564024731,0.10426490403047206,1.037520888002061,-4.862609052715459e-07,-5.043128505888878e-07,1.805194531734199e-08,-6.576994111877609e-05,-6.582745844836486e-05,5.751732796430523e-08,3.7741109486872513,311.09820530223163,7.1569169184543694e-06,2.43224141131099e-06,0.28892271367068595,1231.3560133817534,0.018189053855087574,-709.6993670762167
653,0.6023503016078691,70.98356244067614,0.1961163977825291,70.58107326074582,0.20637278214777455,1844.9440162273313,1825.772395373329,19.171620854005443,0.1631081424338185,0.09338946514569071,0.97844632417937,-2.480530264791824e-08,-4.652288372467569e-08,2.171758107675748e-08,-1.2136736854122967e-05,-1.2188360607081531e-05,5.162375139989494e-08,7.575746110428194,329.67388198320896,6.045810679346709e-06,3.3925866992288904e-06,0.2651304365157455,976.6753328552958,0.018414425969702615,-714.4262341224166
654,0.5834080627660977,70.90127436344433,0.18945938255335543,70.59525209639403,0.11656288449693382,1261.4926705737269,1244.592196881571,16.90047369215551,0.12613115738634428,0.10136218310177403,1.0284439001767696,1.5803497894811706e-07,1.4353014161069672e-07,1.4504837337420393e-08,1.592099417417627e-05,1.5868273033050194e-05,5.272113970420497e-08,4.732839374279493,65.19343071731173,6.242415441006855e-06,3.4017751577782197e-06,0.2850201529210801,952.7176132256827,0.017692086385547638,-892.193330104652
655,0.5821792792366759,79.67789824205049,0.22064551800337653,79.32041259198543,0.1368401320616789,1317.0337100510758,1299.1727332003843,17.860976850691394,0.24030423967620862,0.10575591840957366,1.0204859624649207,4.790431096135548e-07,4.625181960772901e-07,1.652491353626489e-08,4.957693526141706e-05,4.952441155131272e-05,5.2523708240460445e-08,4.097440662027578,375.99675191345557,5.8685448425586035e-06,3.090124316930788e-06,0.2765980039669876,1121.6492996416634,0.01882578505906007,465.2023264638883
656,0.6584069218832809,89.8189539169448,0.28274461935314693,89.28833995905902,0.2478693385326507,1822.3591620320292,1805.417695557962,16.94146647406613,0.2873535137029402,0.11067120484863198,1.0018020812761304,7.107063000955875e-07,6.956088901735775e-07,1.5097409922009906e-08,7.819153300202663e-05,7.813806182272649e-05,5.347117780034006e-08,5.853556388581948,535.6080293220487,8.794977357774169e-06,3.208581257973441e-06,0.2800273486696151,1260.180491757812,0.01859718995320727,-61.26970975409495
657,0.6619323195428213,116.75104752044044,0.3828317481115052,116.01354371970625,0.35467205262268775,1702.1673317616066,1676.5399641569854,25.627367604623505,0.11067955072851003,0.12563360498000206,1.1889704787314836,-9.689821510300387e-07,-9.816615669669976e-07,1.2679415936959e-08,-0.00011728951207251793,-0.00011734697395347135,5.746187932499826e-08,10.172021314391056,852.3651056614617,7.699820107734353e-06,3.270799592290529e-06,0.31139726646222843,1691.853620120653,0.019936007713217494,1999.621900203776
658,0.6188354566824938,89.10210285573062,0.3021846483807329,88.54960756039583,0.2503106469540394,1504.6810620240724,1473.9209260228984,30.760136001172516,0.2677124428513634,0.11086996605668473,1.0805260064694098,-3.808345885474405e-07,-3.957924053155363e-07,1.4957816768095702e-08,-5.264413134568652e-05,-5.270428821076926e-05,6.015686382539297e-08,19.650872844472453,277.468402284383,6.705887270007128e-06,4.133625383600231e-06,0.2885139817338434,1226.791269741816,0.0196723475161754,1012.374055610253
659,0.7578023787547951,123.34266247055555,0.39294428333852793,122.52592941377524,0.4237887734417707,2087.932617241116,2063.5796997397874,24.352917501331333,0.21336727474303072,0.13845951167300238,1.330739519890069,1.1551181003667485e-06,1.1382818738243288e-06,1.6836226542419907e-08,0.00013299434837498768,0.00013293444433185793,5.990404128008256e-08,12.27061055827125,563.3836510777459,8.37864252400202e-06,4.0852596698935975e-06,0.3562458508093599,1793.001915188755,0.020060088183201614,-926.4073960470269
660,0.5881041523131099,75.3111491497015,0.2159229004404514,74.9145518311318,0.180674418129229,1244.5047776900296,1222.1456134622294,22.35916422780058,0.17040120807875145,0.09598414806570178,0.9090614088723389,-1.5447706310914086e-07,-1.6842086279695445e-07,1.394379968781355e-08,-2.017157830218683e-05,-2.0223596809286137e-05,5.2018505624157716e-08,19.677286439796763,459.31123747951455,6.620099331197913e-06,2.6455721146600144e-06,0.26489156013665366,1049.0405392947112,0.017814884335643287,-242.77926368640692
661,0.6654962588502762,109.6472913844327,0.33608204590028606,108.85864263876363,0.45256669976880187,1518.9325300296557,1499.8787405002665,19.053789529390627,0.2200374337109569,0.12431749977759457,1.1321763824867466,-2.4073312762460196e-07,-2.561157586764309e-07,1.5382631051828925e-08,-3.0490584089564144e-05,-3.0553602105794676e-05,6.301801466719942e-08,10.931279841728648,336.5083310467043,7.649563503292385e-06,4.900571219157713e-06,0.2990322554265463,1586.9429079763736,0.020552735583261417,-299.3443157334368
662,0.6336937262951517,93.45226801637526,0.271767164661599,92.87632925320668,0.30417159850696435,1579.9752414987904,1557.9179100641522,22.057331434639167,0.08691746635369042,0.10744606533590904,1.0754317777291513,-1.1881172257686665e-06,-1.2023978864155496e-06,1.4280660646882523e-08,-0.00014562334623626828,-0.00014567843144044606,5.508520253461107e-08,13.78122162551489,423.8088967472549,8.167075440044316e-06,2.6705596170966704e-06,0.28982945679012967,1299.192588683425,0.019092602543739807,2016.7361742082867
663,0.5970801273066042,72.94487686899376,0.22136260761656598,72.43978907680928,0.2837251845679236,1317.735918769378,1302.3184212427602,15.417497526619101,0.1109274188153231,0.09893876556318004,0.9667715444231424,-1.1049747550994923e-07,-1.258551690384324e-07,1.535769352848326e-08,-1.7626591396946456e-05,-1.767305049349527e-05,4.6459095403484396e-08,5.855967963913937,250.9644589466027,5.844466076473284e-06,3.1383082429451004e-06,0.2698066480099387,1053.0870427396824,0.018030152872450737,-287.1204826341527
664,0.6232851515415351,101.57032514729183,0.2944570606779717,101.13212353832132,0.14374454829253797,1265.7326131928426,1246.5769277854677,19.155685407374943,0.17038736455244277,0.11237875661652551,1.068664247911628,-9.649567083639694e-07,-9.799677432805288e-07,1.5011034916559498e-08,-0.0001218512236166646,-0.0001219078818555871,5.665823755333657e-08,7.643302977109508,564.6215768819318,8.227305056799475e-06,3.458245844852842e-06,0.2903808105082318,1438.7723514559223,0.018365872000697718,982.9835250323886
665,0.6491977347161091,94.2704692764105,0.2699837331830539,93.70150445138027,0.29898109184715127,1709.5331032339498,1689.650504392194,19.882598841756938,0.1683890323248662,0.11880893313131809,1.1760310289248725,1.9336963130510378e-07,1.74499467774272e-07,1.887016353083175e-08,1.72957029944833e-05,1.7233257282175456e-05,6.244571100019667e-08,21.310037959103777,227.72264367391261,6.693254371649414e-06,4.441558201251031e-06,0.3046023964949069,1336.5768363502739,0.021126641883858047,1303.8141515855496
666,0.6536046091792186,101.99185241949243,0.3465572054069216,101.34483730723656,0.3004579068489191,1570.5411686458433,1548.6894367539858,21.851731891855096,0.08615495867635424,0.11838488026422903,1.1112976078528856,-8.9981379090132e-07,-9.166241922582508e-07,1.6810401356930722e-08,-0.000109987072058826,-0.00011004812281433777,6.105075369608782e-08,16.0872338135569,148.75260278495756,8.780203345584055e-06,2.8137400126341e-06,0.30588793271950393,1400.8023650869166,0.018045354830247575,-251.3361701648464
667,0.6713574434407337,112.08824473843013,0.416446868568069,111.29208514633035,0.37971272353171526,1779.5800791886036,1757.4455259057745,22.13455328282791,0.2918021962812966,0.11902846785580724,1.0960557374210553,-2.895845140357247e-06,-2.910682252774641e-06,1.483711241739458e-08,-0.00035344589147475255,-0.00035350472803924904,5.883656337964629e-08,7.058646946884982,564.084214572452,7.613863974564864e-06,3.135089110270433e-06,0.2913997931190958,1574.2110242144513,0.018276525964640432,-3784.7676553910023
668,0.6788429776581838,106.52027607342033,0.3512499297815598,105.76557298389295,0.403453159745819,1454.6268238356272,1429.547822615759,25.079001219868847,0.1442640120649905,0.12205038457719765,1.1181972621401746,-2.843551150800023e-06,-2.8634203713940074e-06,1.9869220593983867e-08,-0.00034423256897914996,-0.0003442894177231281,5.6848742773239985e-08,34.898776245752565,507.48362134004145,7.629416259977396e-06,2.900055938453517e-06,0.30134506041824244,1515.8862189999868,0.018439871279699007,767.4823911999083
669,0.5977168326548489,94.29817785098322,0.34667536769604895,93.77511352104727,0.17638896223991643,1617.983934363483,1595.3795679121276,22.604366451354583,0.1129003350431109,0.10519634351209738,0.9710158236116181,1.4874126249539183e-06,1.4692500631901717e-06,1.8162561763746558e-08,0.00017111107994958078,0.00017105526278202353,5.581716639107427e-08,15.59660235359621,372.1053571441952,7.29083691355046e-06,2.8707621446941897e-06,0.273139617458663,1308.991251096701,0.021144772606185115,1707.2743981470667
670,0.6092324781103782,84.83532518731477,0.2391954449332567,84.42378504319012,0.17234469919138917,1649.4529390735702,1632.3262909316275,17.12664814194076,0.14139104998158392,0.10519944433472206,1.0197162058087879,-3.332435078924509e-07,-3.480975601364672e-07,1.4854052244016206e-08,-4.701500647579874e-05,-4.7070988256745394e-05,5.598177975481396e-08,9.908644800377154,1787.9808455454965,7.028041445617804e-06,2.47523536350174e-06,0.2822394663900985,1165.2438543437222,0.019187365444882244,-1987.20239532696
671,0.6955439156805029,99.61145512480726,0.30181870527760873,99.09899338193748,0.210643037592177,1483.3168498012485,1460.8305210234355,22.48632877781225,0.13220251749480189,0.11871841090242993,1.13071266024343,3.49492142243226e-07,3.3260404640916875e-07,1.6888095834057375e-08,3.76390894154229e-05,3.7575762878905614e-05,6.332653528889803e-08,71.49492204494634,329.7615467166281,7.816718786936854e-06,3.1557148268645876e-06,0.3093408438883257,1423.2837696138622,0.017355923820984415,-2660.7593422128703
672,0.7581544075257748,109.29459104117545,0.32483450167140826,108.64734976623878,0.3224067732652518,1508.060202177266,1486.213800111605,21.846402065661874,0.24205975533655077,0.14485760025198854,1.3562414572685015,-2.2110086012805905e-06,-2.2283180942778896e-06,1.7309492997299157e-08,-0.00026439203180142587,-0.00026445144897706095,5.941717463557885e-08,48.11522225700619,666.0139034851644,6.831101549359329e-06,2.8129059038275712e-06,0.36450331991862694,1528.5383680677871,0.018147173710849805,-822.3747388830889
673,0.5983623773029453,81.91876736515492,0.30189609575221127,81.44193314170829,0.17493812769441966,1618.846577752668,1598.9283947931967,19.918182959471103,0.0884751183206711,0.10096088211664933,1.0565571569422505,1.8688325636746e-06,1.8530884216845137e-06,1.5744141990086883e-08,0.00021454551025186315,0.0002144900478602029,5.546239022805635e-08,5.406692908378254,533.0544170430592,6.675473586931615e-06,3.08958406047432e-06,0.26650481677364657,1156.2018423601753,0.019164413829113772,422.75423981892527
674,0.6271971016267531,107.21468540603533,0.3561371940202452,106.50779323942274,0.3507549725923432,1452.7888172294722,1433.074428897891,19.714388331581453,0.20872046950598494,0.1126101412462558,1.0175617757378201,-1.7822764567946534e-08,-3.1343329314271505e-08,1.3520564746324986e-08,-7.72058374461164e-06,-7.785297926827003e-06,6.47141803833123e-08,18.281055722585826,655.7386789037628,8.411768452677023e-06,3.061522115125086e-06,0.2907780040004937,1478.3755278898157,0.017982805555228815,-557.7515225485877
675,0.6383765200847836,79.74977433246275,0.22963578143283397,79.26540512191738,0.25473342911253116,1410.718381683586,1394.3095372249327,16.408844458653583,0.20580335481687542,0.09199476642600168,0.9031479300774135,-2.5765849773726875e-07,-2.732148336566361e-07,1.555633591936727e-08,-3.378360773679368e-05,-3.383485597448971e-05,5.1248236467928614e-08,16.642979905782695,469.2993859306225,5.590157844403551e-06,2.611318577618447e-06,0.2550434557979916,1107.426116164377,0.018877564474951525,-1486.7823432422338
676,0.6173873908506821,84.44707429708838,0.23928041162119484,83.96388893425485,0.24390495121233197,1242.4913700811692,1213.8150861556205,28.676283925551573,0.10559412347865038,0.1080458926597439,1.0613542059024743,-3.139108238526134e-07,-3.2736420362727077e-07,1.345337977465738e-08,-3.755428698078029e-05,-3.76076339673647e-05,5.334698525212102e-08,6.479788565073375,378.301569011263,6.730186822259261e-06,2.624219895001717e-06,0.2938565983545713,1191.119816374304,0.01969047574621929,225.72081520440406
677,0.6430188554946656,91.76043169960218,0.27193853838219323,91.21125995728036,0.27723320393961837,1653.3537333794422,1637.81143707297,15.542296306471885,0.2611315287619082,0.10492526696573677,1.0115642584199325,-6.61773922086208e-07,-6.74506216233886e-07,1.2732294147678024e-08,-8.590222175901623e-05,-8.59635199737174e-05,6.129821316734236e-08,10.250902478401535,181.23912931675665,7.232661040767526e-06,3.2655377824913176e-06,0.2850108537961011,1232.9593351854155,0.019061907152914087,480.322516123706
678,0.6001542366413328,80.89107644944487,0.26605597019076604,80.40482915617002,0.22019132308407935,1465.9753363717932,1450.3314259497342,15.64391042205863,0.09700131515738279,0.09675616172387973,0.9607958979293951,1.561864719731408e-07,1.4224789426451164e-07,1.3938577708629106e-08,1.5965146453764613e-05,1.5912592346225783e-05,5.255410587491708e-08,11.61617539025952,366.17373519743074,6.993004601593526e-06,2.57508700977378e-06,0.26486679634204463,1110.7482523713381,0.01933576680024136,1536.6225899231067
679,0.5508904914781073,71.45562698669254,0.21024091464866232,71.03744400750828,0.207942064535577,1256.1386724879778,1232.500825300668,23.637847187310406,0.1296195596536734,0.08932782092425036,0.8880943339884937,-1.093262266564552e-06,-1.1067557950541684e-06,1.3493528489616829e-08,-0.00013329963729856665,-0.00013335133060436057,5.1693304627298224e-08,3.9512908124709387,508.91035403952003,6.737432930724756e-06,2.4778295356319093e-06,0.23967873832598377,1011.7752499738108,0.01783941871407304,-2061.4744673715177
680,0.6360629067598383,94.31396370180114,0.3060606599269536,93.69413546643285,0.3137675754413423,1214.9756109688617,1192.3907292023941,22.584881766466648,0.08204551327196932,0.11139438751660391,1.045242221616465,-8.101294276630694e-07,-8.26142198306923e-07,1.6012770643853628e-08,-0.00010321222850362051,-0.00010327096768529026,5.873918032450772e-08,7.5309830115312515,474.5657400760914,7.408463085378566e-06,2.960635893162706e-06,0.29035224389481096,1312.6720062699144,0.01776633465842438,688.4360485034995
681,0.7245414710950657,104.25849096542578,0.3178567488581999,103.67437330710517,0.26626090946241054,1476.35831659451,1454.7528582471627,21.60545834734972,0.15721601178402708,0.1225385066149958,1.127307635208729,2.4856148441449e-06,2.469572439956678e-06,1.6042404188222638e-08,0.0002900115639284963,0.0002899494059428295,6.215798470995833e-08,65.25282214915332,579.7465037491245,7.3182097127924435e-06,3.086211817095754e-06,0.3068821398707529,1441.9531997317615,0.018913429464510505,-1977.2429628745958
682,0.6919589534718176,116.31489277869642,0.396394457958799,115.5178526223818,0.4006456983558197,1542.559290506599,1519.9266128391605,22.63267766743917,0.12830521188239916,0.11720017422147558,1.0905700779635492,-1.3855991598296403e-07,-1.5452461741404122e-07,1.596470143107723e-08,-2.6913002194942014e-05,-2.697221404744762e-05,5.9211851431124686e-08,9.47771628619687,604.6665844931562,8.206935978286547e-06,3.1768727300447098e-06,0.3011165633906984,1640.677818443786,0.01883453435582314,552.9030606961205
683,0.5736199228092035,78.54614776875741,0.2863703848015245,77.99337342242319,0.2664039615326899,2102.5565991774292,2082.6221651469623,19.93443403046601,0.07378423035681866,0.08984636439780337,0.8682463486831099,-9.234207240034418e-07,-9.375126018966677e-07,1.4091877893225894e-08,-0.00011461706045407628,-0.00011466779619011212,5.073573505113882e-08,8.444850988328653,594.0176441223385,6.290989118099629e-06,3.215092767450597e-06,0.24167763371139148,1109.8095761589734,0.016615727228428707,-740.8558914909736
684,0.6058079459873494,81.3237120886695,0.21348359832863403,80.89081025313706,0.21941823720379489,1474.449524629392,1456.1250668182504,18.324457811142565,0.1185025363781957,0.09926730962167123,0.9615821899686532,3.211526589142574e-07,3.0937008892939544e-07,1.178256998486192e-08,3.248134945516662e-05,3.2427049093587695e-05,5.430036036228208e-08,16.729447995587837,352.50052701750946,6.648987877244982e-06,2.6770000761595444e-06,0.26271380956349094,1107.3512906824985,0.018528356411531968,-3215.2245316836634
685,0.651619457921314,98.88412413123012,0.32773762298408843,98.3457005497752,0.21068595847082125,1696.5359104214183,1671.4282437506715,25.107666670749143,0.09838330779130679,0.10847814046107394,1.0136118251219923,-4.4448594246348163e-07,-4.626650529447685e-07,1.817911048128686e-08,-5.7624436251004135e-05,-5.768216810889465e-05,5.773185677929931e-08,10.661626819864319,475.3820937117575,7.23535456357834e-06,3.8113630220782124e-06,0.2843893840284966,1371.983823368792,0.018534048293644537,1900.2970112856128
686,0.6322786729681227,111.5267757543191,0.41588736643709723,110.82857033255466,0.2823180553273295,1667.8490189568345,1641.2563410871842,26.592677869651197,0.32222623696901104,0.11778756125545553,1.0561502879445277,-2.0770110073505636e-06,-2.09451572739388e-06,1.7504720043316782e-08,-0.0002480630482047345,-0.0002481232065186666,6.015831238276369e-08,7.685558259702281,664.7922502117657,7.151731732415132e-06,2.615572378052906e-06,0.2903109425494958,1540.6890920498422,0.019417846532241583,3799.645816477703
687,0.7040475068606225,110.85167469530398,0.36744587643794674,110.03841598845723,0.44581283040879627,1354.8923914161212,1335.5975169824385,19.294874433683656,0.15113236527560833,0.12625062086908476,1.1643946322718333,1.8797746226115646e-07,1.7285673564783204e-07,1.5120726613324423e-08,1.699465779909393e-05,1.693068321129692e-05,6.397458620754451e-08,13.08947236238458,491.37948955944506,8.025797758242799e-06,3.4872702058753627e-06,0.32501676438044313,1526.1551366794968,0.01862011245710716,-1999.5253655363413
688,0.6350011564244608,94.38868033734227,0.3210459127475799,93.79676672126442,0.2708677033302803,1608.5252221438714,1588.831310063675,19.693912080197347,0.12131745556250192,0.10527302916107502,0.9823542154106125,1.9197754462019093e-06,1.9037969948640134e-06,1.597845133789429e-08,0.00022239485610658506,0.00022232810208984934,6.6754015584816e-08,8.81413460535271,228.4829108837566,7.985707175454442e-06,2.5996802095757723e-06,0.2746043079201381,1267.5155120592158,0.018163508554575127,-3103.9262299135953
689,0.7273159663133147,116.12787168921955,0.3441852501315644,115.36578611807349,0.4179003210144886,1591.5450907932402,1558.5733803745277,32.97171041871138,0.12033777610529739,0.12108588300878798,1.1542200744722229,-2.7561380261887963e-06,-2.776015804495484e-06,1.98777783066878e-08,-0.00033511133736780207,-0.00033517273628217754,6.139891269204214e-08,52.949613056283084,1088.6266673600037,8.40237049838131e-06,4.212189672970316e-06,0.3124019957562912,1602.3238060166427,0.018025878607706526,-3009.3839155557
690,0.6352052534754745,91.5611648685835,0.2704727045366722,91.01179155855249,0.2789006054943471,1480.168061642567,1460.753349558612,19.414712083953475,0.13158797812027806,0.11949658549750297,1.153931283849109,-6.434843648345356e-07,-6.599161658121431e-07,1.6431800977607384e-08,-7.777872413460181e-05,-7.783578428731356e-05,5.706015122225353e-08,6.0907126760206305,307.6809752063071,6.036506211545307e-06,3.215709181310605e-06,0.31029154904392375,1328.9236516158724,0.01953578303400251,-1818.2367705563483
691,0.6264813605959131,93.55969502494092,0.27469450472468815,92.99147398786816,0.2935265323480529,1534.9588202612838,1512.7091018125639,22.249718448717577,0.10388663003696195,0.10964775175887059,1.055456131364212,2.4434787316270157e-06,2.4290599338088385e-06,1.4418797818177074e-08,0.0002813476301790395,0.00028129004346602604,5.758671144549153e-08,5.240150429440019,307.16281683753147,6.39478180754216e-06,2.9986348079996612e-06,0.28345370004357506,1303.3942550253455,0.019950852216666762,1568.58214457113
692,0.6656460100421419,107.71035889666274,0.28230458316238943,107.1438468515488,0.28420746195155777,1529.1725443541745,1511.0107458861562,18.161798468018578,0.15342715527692224,0.12556513553627666,1.2566251443717786,-4.1768809425783444e-07,-4.347888644238329e-07,1.7100770165998405e-08,-5.644398526662737e-05,-5.650598738104209e-05,6.200211232556892e-08,51.16489700628209,544.7088488325061,1.1235402824429556e-05,3.2504684356280483e-06,0.3271887293809172,1551.008290365603,0.019829217720141526,532.0488424261785
693,0.5875352041336314,82.19675098610979,0.2569500366930538,81.72927412001474,0.21052682940200243,1328.325515901755,1308.5857948810592,19.7397210206982,0.093981806042936,0.0950780611394587,0.9335506883452428,-4.783407159863068e-07,-4.916853853373011e-07,1.3344669350994322e-08,-6.41405957058928e-05,-6.41918154351497e-05,5.1219727955736167e-08,5.214614342620292,438.35775532003595,6.172812681260213e-06,2.602476864320819e-06,0.25585267264294215,1146.597203682844,0.01943687864689744,-702.9024847951914
694,0.5772204599547132,76.63221803452886,0.2217932503815091,76.25739985445944,0.1530249296879016,1279.3437184798647,1263.2992231565177,16.04449532334993,0.15261434050383688,0.09771620789287798,0.9588385347133858,3.9767675219211215e-08,2.536772682671291e-08,1.4399948392498307e-08,8.690557494495054e-08,3.48703941489244e-08,5.2035179848503525e-08,13.849350348074136,376.1089498410674,6.252110478917709e-06,2.808644094008597e-06,0.275568790899506,1063.6621917546227,0.017793401001349157,-1246.1533579465722
695,0.6850800023989392,121.5389431385263,0.3833083827749285,120.67474713593163,0.4808876198197448,1486.283226740083,1458.0697923501034,28.21343438998075,0.11810756572679834,0.11908386661622058,1.0712588050863265,1.0832379478446659e-06,1.063257387551124e-06,1.9980560293540744e-08,0.00012078309883065533,0.00012071522342458093,6.787540497095558e-08,13.429074560541567,297.8586309979138,9.46252098578391e-06,3.446349642223861e-06,0.2985650461067793,1755.0214703963456,0.018909616432828544,321.19450383412186
696,0.7364165425930229,122.13055525202287,0.31498405584506095,121.34086311977988,0.4747080763979233,1822.5883675440107,1796.3903356205774,26.198031923431767,0.1452835926792777,0.1342372672888877,1.1997721539295125,-7.759465985376444e-07,-7.921450308706591e-07,1.619843233301457e-08,-9.663195527993526e-05,-9.669424806095751e-05,6.22927799336129e-08,23.45271051106884,429.1231158304472,9.680405866075466e-06,3.517491715591713e-06,0.3345154934421521,1740.0836428343832,0.018425410169044306,462.7460671775989
697,0.5592090701932404,71.20804074543523,0.20537038232351718,70.7854811737503,0.21718918936141812,1192.9987516754766,1174.386723347596,18.61202832788079,0.07561144186010776,0.09215045859399182,0.9451203443119698,-6.347246787215288e-07,-6.514638143037443e-07,1.6739135582215516e-08,-7.882806468295913e-05,-7.888104386525722e-05,5.2979180897923526e-08,25.448081469872843,140.08794653308786,5.7437766670814246e-06,2.429206971018466e-06,0.25339027703410566,965.8929404174507,0.01696796790313461,1072.0241970804345
698,0.605563082024384,77.41821665962377,0.2346977876811872,76.92439558549576,0.2591232864468253,1547.1450976629192,1526.210185169533,20.934912493387444,0.1254689560219416,0.10788096582619015,1.06241829804881,-8.335197763522811e-07,-8.4728500424877e-07,1.3765227896488902e-08,-0.0001034960568854909,-0.00010354771564002925,5.165875350520465e-08,10.277681853127167,547.5782087836322,5.961918763584082e-06,2.5449957796879032e-06,0.2889714646856836,1060.8029345805016,0.019713043350667123,1494.8738734219514
699,0.6051287838259656,75.49420825027885,0.21940948923884374,75.0391965194369,0.2356022416031103,1395.2966483145083,1371.4643536123297,23.832294702178196,0.0726107203081577,0.0859222212501858,0.9123205712814229,4.969991778594375e-08,2.958065487066195e-08,2.0119262915281777e-08,6.226789342014291e-07,5.708812630392333e-07,5.1797669654194424e-08,4.153248727890234,369.89630128852286,5.99006427300832e-06,2.844933222913087e-06,0.25494471478227454,1039.3704870736133,0.017606527650893895,10.882694866420934
700,0.6438045090039071,93.4591925660203,0.22632577049279204,92.93520515087064,0.2976616446568828,1394.9259626641388,1376.1236322716434,18.80233039249543,0.15333026558616036,0.1133769080139318,1.0602933343948706,-1.1164189938346351e-06,-1.1309100152435546e-06,1.449102140891935e-08,-0.00014161296702470125,-0.00014166658501727985,5.3617990933804876e-08,10.454692836225506,282.9253472619416,7.677011384550024e-06,3.3223092331264606e-06,0.2918272179778207,1277.8851070430762,0.017704090540201074,2530.6130352173896
701,0.6609484497131285,102.95452381583793,0.32227502431364213,102.38930193153172,0.24294685999256663,1381.7027064809351,1349.4276241566113,32.27508232432312,0.11900696889125742,0.11887883356302728,1.1108994900804894,-3.9697135362645756e-08,-5.61427562428101e-08,1.6445620880164345e-08,-9.116819559977572e-06,-9.17571475416598e-06,5.889519311729797e-08,7.8675636663948385,434.5430222260664,7.212327835962356e-06,2.64190306432331e-06,0.29527128653593004,1431.0174667012748,0.019207767044318366,645.8771196760645
702,0.6982530067749093,108.28477370446436,0.31212741101238084,107.62421336593533,0.34843292751664307,1575.3140148563773,1553.892086454673,21.42192840170815,0.1178517732645329,0.11898296433681062,1.166065197951952,-6.241591539517732e-08,-7.850333219472011e-08,1.6087416799542782e-08,-1.0745688301747044e-05,-1.0805547157013463e-05,5.985885368651242e-08,8.287264694324847,612.3400185872297,7.3600801371552166e-06,3.4724352691661395e-06,0.29658493076024695,1575.8380098854595,0.020608394695952922,-1608.9550781589642
703,0.5770588553631298,61.078742714960086,0.16151223592717745,60.75912490423189,0.158105574801028,1504.560860527333,1486.0960266338068,18.464833893527437,0.0694042721913753,0.08940877717169157,0.9407624487530968,2.472952756504842e-07,2.3232767334380368e-07,1.4967602306680558e-08,2.29154164434136e-05,2.2869174756872917e-05,4.624168537999366e-08,4.0750014367946275,191.23527141425868,5.27676349987791e-06,4.086798424722746e-06,0.2530826887626158,867.2152483916489,0.018234942938248816,896.8625440627075
704,0.6390804258523214,95.34407011054466,0.26959103262968187,94.82408975544766,0.2503893224673047,1405.543089056553,1387.6776952486375,17.86539380791537,0.18887642514838968,0.10447707544323213,1.0076818633931255,1.6811126839860398e-06,1.6618446274002848e-06,1.926805658575434e-08,0.00019054149848022264,0.00019047930913656614,6.218934248088121e-08,4.873475195941585,125.54935564880776,6.8705030469226475e-06,3.5747427158116578e-06,0.2740264448323864,1344.5717709110872,0.01879717019622171,-1250.025957110487
705,0.6710005344816786,109.83298377402875,0.3533660889790916,109.13407972970194,0.34553795534771986,1821.662009976389,1798.7991446316,22.862865344790134,0.07295067358119665,0.12239264735011147,1.1643737328912525,1.3566437191141656e-06,1.3405027239663936e-06,1.614099514777259e-08,0.00015946373408073095,0.00015940616198676847,5.757209238522787e-08,106.69414593574854,-581.1701447429282,7.788509359875859e-06,3.1999894965840045e-06,0.3102994167409224,1541.2426579112062,0.018975870057362065,-2355.7965195885154
706,0.6939178815346952,98.58715955415396,0.2810657256311846,97.94422717811369,0.36186665040908195,1351.5127993972048,1334.777444338982,16.735355058224712,0.172957760816935,0.12383840104736508,1.1964231404238639,-1.137855251039886e-06,-1.1538781174597407e-06,1.602286641985417e-08,-0.00013609786479716724,-0.0001361571061773746,5.924137951992417e-08,6.110612870525336,480.9000855929856,1.0103763595739283e-05,3.1749441347284705e-06,0.3189848810882684,1323.3231948595624,0.018381902775504184,-297.10283545546554
707,0.739698290217651,103.74746591189994,0.3689423141266741,103.06121334037826,0.31731025739500823,1462.6392169427045,1440.5364673344295,22.102749608275293,0.1920848094002964,0.13807476822481995,1.3280441633033073,-1.5730715433480764e-06,-1.588854701971652e-06,1.578315862357611e-08,-0.00018940224671277675,-0.00018946112252324324,5.8875808827098876e-08,5.772663233656005,-129.66189032129813,8.019115697623688e-06,3.4577253767562807e-06,0.351800437961997,1443.2165753050444,0.01760293554770642,369.7256174674476
708,0.6449989841191426,100.87373408731483,0.2914477669866615,100.26009140468864,0.32219491563951475,1467.5733428557999,1430.1526354823495,37.420707373452686,0.17871919182463203,0.12003722232706607,1.1006027171614932,4.971720263645172e-07,4.790327362978896e-07,1.8139290066627897e-08,5.832932473742543e-05,5.826843144046483e-05,6.089329563835959e-08,11.069707294902901,574.884251258215,7.043573540871852e-06,2.7676553337909656e-06,0.2976666999216356,1407.4527890049103,0.019797680425876606,-3172.8274743773436
709,0.6249696267634444,101.47114718171565,0.3080528969434265,100.8834984721913,0.2795958125809258,1370.1717229902215,1347.963879612538,22.20784337768326,0.10443393621059412,0.10630795884604294,1.0031877332944301,1.1298353736774928e-06,1.1116229634748111e-06,1.821241020268176e-08,0.00012821604018188436,0.00012814940858744094,6.663159296834567e-08,18.148391992529334,456.42644871528006,8.390520271387657e-06,3.1233646295577233e-06,0.26732507662841615,1408.228458090038,0.0179121482223088,-555.0822545981464
710,0.5791881834119721,81.56712591864246,0.26529524093693657,81.08123294380175,0.22059773390377935,1373.345443268595,1351.1245604599953,22.220882808599015,0.08871024723206065,0.09839428788569099,0.9457016201709909,5.7432567930073e-07,5.612971343927228e-07,1.3028544908007035e-08,6.299686831528654e-05,6.294679775654076e-05,5.0070557174218325e-08,9.241248101737,299.6204412416589,5.949657574074425e-06,2.8810110218770748e-06,0.25677991156065183,1172.9497841978346,0.018688314549418203,-35.677573706598196
711,0.6648554873122718,103.8902381541184,0.31560718762726,103.25451911997189,0.3201118465192509,1410.141468540201,1389.272535223752,20.86893331644919,0.11528151663904798,0.11791279950984572,1.1409292150412758,1.147134548689524e-06,1.1319153783867286e-06,1.5219170302795757e-08,0.0001263791660354251,0.00012631914003649348,6.002599824916263e-08,9.830959966931811,629.15582652414,7.820383007132311e-06,3.7745824446437197e-06,0.30132629535016264,1455.176501321962,0.019673690163213534,34.68571859959047
712,0.7384433848119033,124.2224967372359,0.3796433500721535,123.4975405681298,0.3453128190339546,1699.136419705068,1670.260260752664,28.876158952403504,0.16526446080747587,0.14149052554871294,1.3391441728228357,-1.4008568255148497e-06,-1.4165785229149728e-06,1.57216974001238e-08,-0.00016647137550247055,-0.00016653846411916238,6.708861515005836e-08,9.155610581622183,553.4080265960952,1.0050130469736028e-05,3.0863671538671864e-06,0.3486123577617677,1783.382766274905,0.018643865650640353,528.4299626434295
713,0.6671311060919186,109.32065286759719,0.33846167595894033,108.68020551769919,0.3019856739390678,1368.6193867933039,1351.3163889286052,17.302997864699496,0.16050727355820898,0.1243670484872665,1.1589340187224706,-6.168997619392298e-07,-6.321748249795804e-07,1.5275063040350396e-08,-7.940938491457161e-05,-7.947429082471916e-05,6.490590874467836e-08,29.924491400929355,579.4283206489788,9.278796595811512e-06,2.737183283084932e-06,0.32438493441185423,1514.9720523787723,0.017591344465573547,2746.9599083915055
714,0.736225300206285,125.89548394197796,0.3574032037840403,125.17372324739608,0.3643574907978517,1667.8192516298284,1647.2156275854536,20.603624044374573,0.17103474438370495,0.12882787702048915,1.1814575173208537,2.2576668192456324e-06,2.2391238336874264e-06,1.8542985558204762e-08,0.00025833395512484995,0.0002582732456019934,6.070952125488917e-08,11.86463066604276,756.7695756120935,8.999285418182176e-06,3.1903316840421415e-06,0.3233092110906473,1789.9185636319244,0.018479153244821286,-777.782262053177
715,0.6340642426046667,82.18660605098539,0.2654459659201149,81.86247757820125,0.05868250686401287,1749.7107843469926,1725.5085727116516,24.20221163534179,0.098656232794805,0.1055773563115513,1.0518867640827707,-9.020422441362956e-07,-9.14968328961767e-07,1.2926084825471624e-08,-0.00010987880960236302,-0.00010993070942714394,5.189982325390003e-08,38.72223319351775,174.96829430070113,6.7753655882082054e-06,2.7271099334548186e-06,0.2835891033106332,1165.5671394383448,0.01901954565838791,639.8744925459723
716,0.5667103145725325,78.99657881153571,0.23850260481480984,78.51470258482725,0.24337362189366987,1376.9402162203774,1362.8400027474063,14.100213472970774,0.32784648996129506,0.09172613983626497,0.9049048214445549,-2.607260388548851e-07,-2.736484330267078e-07,1.2922394171822549e-08,-3.34129134530995e-05,-3.346516267073924e-05,5.224921669563192e-08,5.901749725910981,627.59041934848,5.472746514599874e-06,3.3911409546768227e-06,0.24463376499696254,1142.706147094636,0.017464773589801974,1088.4483659503312
717,0.5926605544810221,74.35634968073722,0.20629951311247408,73.89746002742456,0.2525901402001725,1291.2769353679175,1275.6646124387414,15.612322929177902,0.08242804855659873,0.09733264848986356,1.0194409257055301,-7.778765358385637e-07,-7.906315403694813e-07,1.2755004530917742e-08,-0.0001008771136885016,-0.00010093391357858029,5.67998886137762e-08,6.945569376967041,652.0872292678898,5.385289653452206e-06,2.306536090726064e-06,0.27294025158415813,1040.478487079895,0.019109281676217334,1670.4316792991995
718,0.5817440391636719,69.30159762875186,0.22446175552037884,68.86266292167554,0.214472951555962,1131.516332924082,1116.1730368064975,15.343296117585046,0.12907086177738236,0.10306739723141839,1.0579372258695556,-3.887950679448927e-07,-4.0152925486417183e-07,1.2734186919279147e-08,-5.230657040380235e-05,-5.235620790051847e-05,4.9637495374913636e-08,12.47645693152656,229.01868368346848,5.416303218633382e-06,3.52945820484066e-06,0.28292772179695524,951.0723196256622,0.018206441250024102,-1286.9850405145444
719,0.6250860535989965,73.4166547440146,0.23233046897083448,72.88397030877617,0.3003539662675769,1277.8705925587437,1256.5087732475674,21.36181931117694,0.12628323832216312,0.09963024180315333,1.00275585194487,1.0207532410521043e-07,8.859606952067766e-08,1.3479254584532735e-08,9.961384211508178e-06,9.91129605923345e-06,5.008815104155996e-08,12.650447155041112,57.88646410760152,6.03985593057569e-06,2.771819114185356e-06,0.27948318352037804,1082.5156202378994,0.019666869805216126,37.950127182964934
720,0.71846221575827,109.04891516381406,0.3406879688266344,108.40669632034592,0.30153087464149664,1301.9151321037552,1281.7518175604246,20.16331454333149,0.13944299699300572,0.122931190717238,1.176649803909771,2.773604804079978e-07,2.600965005621129e-07,1.7263979845885047e-08,2.2774230041571793e-05,2.2710344763360528e-05,6.388527702516517e-08,8.867408406535871,330.29360749184855,9.602896784465742e-06,3.2016509339057865e-06,0.32491209221930695,1514.8547483565367,0.019322457144791128,1601.0833767523654
721,0.7362801211863947,125.62662866566971,0.33798459491792804,124.95572134432045,0.33292272643133686,1591.6252145608432,1567.2610776547424,24.364136906102427,0.17174553052101957,0.1434679472963946,1.3114771392733175,-5.669860287160878e-07,-5.846219770853021e-07,1.763594836921442e-08,-7.190426470270863e-05,-7.197017680280638e-05,6.591209850651388e-08,14.162149154180334,496.09200946692886,8.578157401564028e-06,5.410296942084696e-06,0.34645933153840847,1725.1580683418888,0.019502804693058956,643.4860617892373
722,0.7301330655153435,114.43255385863367,0.41350269603456247,113.75736198159366,0.26168918100545124,1536.597840609428,1512.8366120184066,23.761228591022544,0.13353643164202034,0.13009535526829594,1.2136223489829774,9.118857473444249e-07,8.940223612055559e-07,1.7863386138869033e-08,0.00010030245785945807,0.0001002411719542242,6.128590412779027e-08,220.69011980444773,458.336235877795,8.68714125939425e-06,2.9879695333530763e-06,0.33302470903296205,1627.1280208604794,0.021128980904181676,794.489845970169
723,0.6733809514811768,88.09174920768012,0.24895733752148458,87.57779354672029,0.26499832343835383,1648.517634601281,1624.1824993839818,24.335135217296806,0.08252031182835896,0.11544683279040852,1.1536196979020046,-6.250994038897479e-07,-6.427466170924164e-07,1.7647213202668644e-08,-8.081675880707354e-05,-8.087409114553414e-05,5.7332337004778594e-08,7.231768213111668,594.5011149950225,6.312783435801412e-06,3.999724341776914e-06,0.3187855294872541,1224.7819498111662,0.02054518577113769,1596.0031263678611
724,0.6649794547415795,110.3663522597592,0.3640955114889808,109.69164886750235,0.31060788076784807,1566.8974770513894,1544.0949598534598,22.80251719792885,0.15997802562898494,0.13048732778533295,1.2097598627155834,1.7097844546016874e-06,1.690694222188588e-06,1.9090232413099006e-08,0.00020302653734500254,0.00020297149947423335,5.5037869791635015e-08,9.903138067028777,303.62810745353164,9.595070273140861e-06,3.2548236532866773e-06,0.3285369548977535,1613.3927436227827,0.0188746559676939,2719.485366065761
725,0.6343245860855601,82.97124223838038,0.20275419059701857,82.50201766863461,0.26647037914875915,1335.0097844900868,1319.6608170362229,15.348967453864836,0.08867421220676446,0.10334856543756105,1.020629003070572,-1.3338583016939795e-06,-1.346629561720651e-06,1.277126002667177e-08,-0.00016287548785335812,-0.00016293166334219387,5.6175487908756726e-08,6.700574398549776,28.66386235957846,6.041697504285111e-06,3.731976239724727e-06,0.2747661946672238,1178.2831444290266,0.019230354246249262,860.7085089026114
726,0.7081484477533019,130.35657081777015,0.4603748041687968,129.48280801858903,0.41338799501231877,1399.1001112752724,1372.8092384389374,26.290872836334948,0.17085719931258858,0.1328845671088642,1.2112846494044112,-1.4860450726457877e-06,-1.5033092394799998e-06,1.7264166834212142e-08,-0.00018160959456531116,-0.00018167413355263826,6.45389854779604e-08,11.642960652768782,781.6682027142512,8.158471612557247e-06,3.358267717629564e-06,0.31544159532448585,1855.9320515209404,0.018557800467124328,2809.4770196091667
727,0.6856697142445496,102.21671057296011,0.2695193184335836,101.62405662126612,0.3231346332603932,1473.9889639462733,1452.9671911529,21.021772793375053,0.2735126731633135,0.11560808614935401,1.1347130271591432,1.9176449856913674e-06,1.9006230116736629e-06,1.702197401770519e-08,0.000223943555814298,0.00022387954239507508,6.401341819271626e-08,14.871636833588683,580.1884741019151,8.677224715089198e-06,3.3631042152502887e-06,0.30074161998764515,1438.9554646921956,0.020234345132994647,408.04411795179476
728,0.6165317431339534,90.24279486557207,0.21936745622756204,89.77997957983014,0.24344782951438665,1601.3814547646987,1586.0768843922021,15.304570372496805,0.16957788506907387,0.10288251852983642,1.0000940225812671,1.5133692630607829e-06,1.497597640154888e-06,1.5771622905895023e-08,0.00017335643582758726,0.00017330410925308983,5.232657266640254e-08,8.93445633704458,603.1561416857683,8.245043920823072e-06,3.975544779628691e-06,0.26622425180979337,1279.2632232047927,0.019440136912977326,1396.427300273841
729,0.554415052989494,67.6121558957505,0.19795063184822462,67.17176489463645,0.24244036926582657,1609.595261458259,1587.8050699891116,21.790191469148585,0.1332919384753513,0.09042753354123834,0.9589230576819094,-3.3037868102323205e-07,-3.463652561171329e-07,1.5986575093900997e-08,-4.6339989305764633e-05,-4.639111072726043e-05,5.1121420195320305e-08,10.357183796024495,327.34454248585297,4.817397258172405e-06,2.4911444131458e-06,0.2546983214108651,941.9996595929853,0.020052046146388492,948.2583094899237
730,0.6538252219300617,93.19231093933105,0.29766404599168284,92.65574307999209,0.23890381334729263,1317.1257257861362,1299.0198927669476,18.10583301918956,0.1431683812274854,0.10919455497087296,1.0658901078349994,2.432048008666623e-07,2.2961317288509397e-07,1.3591627981568365e-08,2.8482745410868402e-05,2.8423129748205065e-05,5.961566175305355e-08,34.274879049538136,314.6346981611186,6.81449216753821e-06,2.809376892217815e-06,0.29502427611795495,1267.916154871194,0.01920455254506328,1290.5802141717832
731,0.5560709961854851,72.83075559341106,0.2463803550555278,72.28679753781446,0.29757770054105365,1456.5270952448536,1432.3322597217548,24.194835523100103,0.08225811358352798,0.08504289737052513,0.8297144325895951,-1.0976404914634644e-06,-1.1120040255364653e-06,1.4363534073001716e-08,-0.00013370140192121022,-0.00013375245220049016,5.105027809565439e-08,5.548269118841128,520.4259978638402,5.729737391615383e-06,2.449122623595599e-06,0.23735309017456976,1008.2180081378622,0.018339901010691294,-306.62949983548606
732,0.7032802355264142,119.84495257737471,0.41104529653677535,119.269106491445,0.16480078939292903,1605.343493701305,1579.2871983892117,26.056295312095358,0.2776443777991687,0.1338147827508132,1.2620976383955953,9.425150765040311e-07,9.269524151091136e-07,1.5562661394917607e-08,0.00010869841208318678,0.00010863907864695538,5.9333435015196005e-08,20.51521895075351,513.3942590362433,9.155250143287566e-06,3.6980367146524483e-06,0.33259892910100247,1699.980221696901,0.019477315705851175,1798.3915067116723
733,0.5853417241491662,82.72489687055615,0.27620335517617434,82.25582948599137,0.1928640293886075,1564.3858702434904,1548.2300806006958,16.155789642796197,0.07331663358439773,0.09473828537584397,0.9699286997730611,2.1429905830743898e-07,1.9945221259398999e-07,1.4846845713449084e-08,1.9561027975709353e-05,1.950944171225484e-05,5.15862622845781e-08,23.621681365598672,347.3643199959619,6.827831312099641e-06,3.169709233441968e-06,0.2597544374726807,1149.4153489103462,0.01863680235323357,-2258.7783266924635
734,0.7044087824107945,125.8437873162646,0.34746606354788684,125.07076358441346,0.425557668303249,1560.9978867683208,1538.3437810337446,22.65410573457758,0.17573656368370816,0.1322999391311808,1.2768982522591794,3.7610365548470445e-07,3.572773877970991e-07,1.8826267687605473e-08,2.6280518885080996e-05,2.620908364831112e-05,7.143523565269682e-08,70.9981626927509,516.649672655948,7.646523984364908e-06,3.4291478062899516e-06,0.33629414921790113,1778.838605684914,0.01972813750803839,-2213.4146343364446
735,0.6973613732201652,122.80916056669643,0.412380941752163,122.10230086769764,0.29447875724665146,1524.431488613112,1499.6534232431754,24.77806536993856,0.14126917021026208,0.13588563843331883,1.2441611871003402,5.625150794381049e-07,5.41922093456284e-07,2.0592985981820655e-08,6.388535278306656e-05,6.38233589390433e-05,6.199384250184414e-08,20.688542996061106,589.4369944748855,7.799049173410672e-06,4.916210313962824e-06,0.33641081198122075,1741.1491733388025,0.02057408438014015,1575.44839832453
736,0.5853690880508211,78.19305266064006,0.20174271556236884,77.75542294026418,0.23588700481350736,1385.2176453003797,1368.5547649135906,16.662880386790327,0.10975153398925572,0.0991417163332789,1.0071624458521673,2.0721226298016244e-08,6.016193091037826e-09,1.470503320697842e-08,-9.375513265639375e-07,-9.924597681643428e-07,5.490844039882478e-08,6.416532796226824,159.84402826807005,7.489275107092677e-06,3.1176455808850713e-06,0.2778472712531629,1117.9645073216188,0.019856728538270533,878.7632064621575
737,0.753266424041181,137.89262667678494,0.46155174540790833,137.0357553786809,0.3953195526961132,1478.1887047623593,1452.727188541897,25.461516220462606,0.14099625762313656,0.14913956763172076,1.3665101304360001,-1.5014902445346794e-07,-1.6901710540631318e-07,1.8868080952845266e-08,-2.5619727987629522e-05,-2.5683377730655952e-05,6.364974172891819e-08,6.957588496140159,1027.5318669555518,1.0145156648411421e-05,3.26682338939838e-06,0.36000463908764163,1936.4728928330333,0.01946605632527366,-5747.01156659679
738,0.6984657844079086,113.28324429096094,0.3683652728589981,112.64849207068036,0.2663869474215581,1368.5522811743167,1349.7515038155827,18.8007773587359,0.18338982335685047,0.11236475161272609,1.049976689632494,-1.440621509424608e-06,-1.4587312275366176e-06,1.81097181120097e-08,-0.00017602720510998207,-0.0001760867732396365,5.956812872156999e-08,5.172432809326486,837.6183986108541,8.85043741306566e-06,2.7520309733517945e-06,0.2933075406344072,1569.6193864669165,0.01837751651399954,1556.7557840786321
739,0.5817036076324552,70.14652594645099,0.2395805559223258,69.73029636949987,0.1766490210288027,1370.3397162957606,1356.864669585693,13.47504671006748,0.1283149378386989,0.09746448743057812,0.9831916620501194,-2.057293059035387e-06,-2.0706871489665483e-06,1.3394089931162332e-08,-0.00024893342657626396,-0.0002489816446763685,4.821809896338012e-08,6.651351349073131,315.1940444908841,5.792853989429807e-06,2.584567856588553e-06,0.261189243298149,995.4223375462127,0.01815802879297604,1254.8982588157596
740,0.6029693011206297,90.09436544145849,0.24103997601095556,89.54686208665787,0.3064633787896777,1425.350556502812,1407.813583765939,17.536972736870602,0.1777680590114804,0.0992199715592713,0.9171901137679387,-6.244568776708993e-07,-6.393261693302695e-07,1.4869291659370411e-08,-8.18407271888862e-05,-8.189238080652846e-05,5.1653616634922024e-08,7.093589724325982,385.5404498174916,5.899755789187846e-06,2.5275521746187966e-06,0.26610096625072294,1269.5865023136964,0.01806038070629234,-108.53355738718892
741,0.6977659791079925,106.79641789795883,0.3179796734160248,106.14100761509225,0.33743060945054715,2029.982884024944,2004.3855395272733,25.59734449766897,0.19259480142301694,0.12243914756533478,1.2269964745837803,-6.17957550055056e-07,-6.356265170421267e-07,1.7668966987070923e-08,-7.895237548394751e-05,-7.900922420387404e-05,5.684871876933069e-08,17.880760974643806,1091.4047540417341,8.545381745353771e-06,3.8672331074532185e-06,0.30761110047945794,1483.3740927423978,0.02122429114029658,-1685.5758698091122
742,0.5929260509503693,95.72707356612158,0.26542183961519883,95.22425849383924,0.2373932326671316,1489.7058864885635,1468.7183174224651,20.98756906610113,0.10091858007986827,0.11367613340678656,1.0799431453986137,-7.5041562371757e-07,-7.655560012032868e-07,1.514037748571683e-08,-9.812523216034905e-05,-9.818129600385396e-05,5.6063841697326965e-08,10.418610725905921,516.1773827778211,6.931318443621614e-06,2.8087650683155245e-06,0.29177030976402507,1313.8652069558668,0.018092088644115236,528.3204143350049
743,0.6070687142038138,81.592156409642,0.21949098811054873,81.13927566580202,0.23338975572944992,1493.4790135684473,1476.0746353533461,17.40437821510113,0.13205682995269957,0.10516155927044926,1.028318140045176,1.6866117143433749e-06,1.672330160459544e-06,1.4281553883830762e-08,0.0001954597373849205,0.00019540335244408965,5.638493962522473e-08,80.07392999941894,736.0923465699651,6.42368267429959e-06,2.650346919036298e-06,0.2882134904290266,1103.4386014330078,0.019355591744737177,-246.53780554874538
744,0.6356074444266729,94.34883349493725,0.2450224455688353,93.85028546592422,0.25352558344420245,1680.351947075354,1663.4331962775725,16.91875079778185,0.17794104560995194,0.10966330498365245,1.0394467760677542,-5.9405042649704607e-08,-7.838816060767308e-08,1.898311795796848e-08,-1.285613655177942e-05,-1.2911098117664386e-05,5.496156390911406e-08,7.01182790146305,703.7430089723142,6.553354726247008e-06,2.771169656733766e-06,0.28198596527593245,1272.3944350234692,0.01854962276343084,1010.5260481695041
745,0.6295570860068553,87.45892520106055,0.2680753321110668,86.93896965112502,0.2518802178244635,1434.7821386240996,1411.3568199574486,23.425318666650497,0.13042092437265912,0.10620380237501069,1.0320726847515123,1.3909354869752181e-06,1.3788757749234402e-06,1.2059712051777563e-08,0.000156497067947406,0.0001564420315602504,5.503638584572274e-08,10.260655184933325,-113.56175972604646,7.777055946332594e-06,3.163259293781656e-06,0.28413588794267874,1257.7668369118583,0.018765711186500226,1195.707051393456
746,0.64945594291814,112.62754390807298,0.3564492917388005,111.90447450102674,0.3666201153074151,1387.6002764771274,1366.179478137239,21.42079833988863,0.2846552249309375,0.12121137105502142,1.0881169213850226,1.2743200395875842e-06,1.2593764281865762e-06,1.4943611401008174e-08,0.00014206635427427603,0.00014201176707808792,5.458719511623334e-08,11.211477260894764,571.493740050753,9.12070438881252e-06,3.0516911590333906e-06,0.29581352656478055,1580.583740905143,0.01804690968392168,-1378.8575061193224
747,0.6223175138096866,89.20335195800762,0.26250025162254875,88.6228263681083,0.3180253382767637,1620.5350999679692,1602.421567287676,18.113532680292877,0.17781268821406093,0.10391314870233144,0.9880458355641778,8.108310849610484e-07,7.931383397464057e-07,1.769274521464264e-08,8.921009139094816e-05,8.91481509567287e-05,6.194043304409707e-08,6.285397585642193,660.3828797828289,6.194037531299039e-06,2.5089154714348165e-06,0.28480914693035625,1279.8656427463857,0.019758196817939718,714.5056116510386
748,0.6829280972997529,107.78996951206152,0.45070421363735935,106.96050478096232,0.3787605174618293,1626.7515570735811,1601.335210127352,25.416346946229424,0.11544421405425626,0.11664662026833068,1.105341902185948,1.2053329946953545e-06,1.188910656660376e-06,1.6422338034978624e-08,0.000135781558636941,0.00013572148581854812,6.007281749816656e-08,14.870296151244546,366.4291720769887,1.0702732721587318e-05,4.11705624963029e-06,0.2920206510079301,1542.1238777872766,0.018057249145779813,-2825.9372173697047
749,0.6669639451003766,102.87632545755703,0.3304028631875559,102.17442276308006,0.37149983128939623,1353.713478069972,1331.9469414624336,21.766536607540512,0.2532751364729572,0.11203727481810018,1.0181854462540674,-5.13793788138484e-07,-5.310911382398503e-07,1.729735010136623e-08,-6.850936017311101e-05,-6.856826991517723e-05,5.890974087177136e-08,53.0214435967463,355.59907873127844,8.910625013355205e-06,3.2131179918267007e-06,0.285500602682206,1431.6833708319346,0.017797389636856543,-180.91105368200078
750,0.6264502291948228,88.21151054335247,0.23797692769085405,87.65635253923027,0.31718107643133087,1477.2785484392261,1454.723240714034,22.555307725191977,0.09143139926187384,0.11277507373923121,1.1119927784939003,1.224208857502129e-06,1.2104723400238697e-06,1.3736517478259014e-08,0.00013751254370248482,0.00013745662774295887,5.591595826916858e-08,11.686554260016292,361.338452421491,6.845811904850245e-06,2.601238320204894e-06,0.29990905103339055,1246.4413927115795,0.01938908814149544,1409.2825935709552
751,0.573309185843417,80.61629296172465,0.23663812432112385,80.06913813872842,0.3105166986751026,1507.655066634851,1483.8032139401573,23.85185269469685,0.14478333776975474,0.0977615762957716,0.9798648018692816,1.4133743681179206e-06,1.4004296687309916e-06,1.2944699386929497e-08,0.00015974541399190498,0.00015968967855005249,5.573544021056313e-08,12.195412023040854,194.9592225693016,6.608659000649581e-06,3.742564217345534e-06,0.26459165674930696,1107.0483088628575,0.020329644057090448,-1601.656236785253
752,0.6351289276707267,103.69586112060058,0.3388954170187076,102.96293576820828,0.3940299353736016,1317.5199699028922,1291.3675470523904,26.152422850500876,0.15208932043908915,0.11735382939916802,1.0602448501325252,-2.9652481353132216e-06,-2.9810097874093388e-06,1.5761652096116942e-08,-0.00035662174938501254,-0.0003566850803452258,6.333095854387807e-08,4.860559589023963,84.63356016321629,7.534141169372883e-06,2.6013508716472255e-06,0.2963515824904475,1504.6350143845002,0.0187593683865471,1269.5752237763336
753,0.5989134174421559,79.40312848836209,0.23968196738124453,79.00244623656948,0.16100028441134165,1303.920362825196,1280.5221531441498,23.398209681046495,0.16005377654115174,0.1069424735266061,1.0475876147338288,-5.286554566006209e-07,-5.407395739884162e-07,1.2084117387795167e-08,-6.9721289204681e-05,-6.977354704029076e-05,5.225783492401738e-08,36.46940625501959,114.66457511902932,5.401139894485655e-06,3.2375355804555866e-06,0.2759819993027502,1092.6375695835447,0.019981054613204065,1132.6622150558214
754,0.5887454127113417,72.9213608608613,0.2158507094716129,72.3472024282968,0.35830772309289244,1280.6225152123388,1254.687348392363,25.93516681997923,0.14066845387232707,0.09897282405702165,0.9817968942556383,5.517949338233685e-07,5.396841432592547e-07,1.2110790564113953e-08,5.9840644460257474e-05,5.979074493144881e-05,4.9899527784252435e-08,5.361699758478956,158.409010913321,6.202851457437418e-06,4.4218365426220444e-06,0.26283650958814786,1022.7712988388759,0.01976300182326839,-1271.8821381096968
755,0.6157072206408609,85.59140091259555,0.2347325303552407,85.08042850171196,0.2762398805283376,1521.667349468288,1498.4459444474048,23.22140502087981,0.1365917058836897,0.10269133535990906,1.0121083916832374,-9.676586677172918e-07,-9.836013233004888e-07,1.594265558319638e-08,-0.0001183032476835342,-0.0001183597803607127,5.653267558341282e-08,13.260034189886113,438.096269438697,6.024440755739255e-06,2.487841629967806e-06,0.280342378801716,1219.0811691673052,0.021343952818967518,1242.4842175870544
756,0.5895891507527892,80.6492614740352,0.2810675782334595,80.20675814361583,0.16143575218590875,1319.3371707864865,1303.2589865373661,16.07818424912016,0.1686273332126633,0.09582450850498184,0.9206109410040594,3.071779581380345e-07,2.9415202024175315e-07,1.3025937896281185e-08,2.9336376029712395e-05,2.9283360655023848e-05,5.301537314014961e-08,10.875433357000457,208.42652539576775,5.727733234282546e-06,2.426272029164794e-06,0.2564765427496989,1126.0136847689419,0.018811510083725367,955.2500369696645
757,0.6821007912691207,101.39756292945972,0.35055563561895964,100.72679384566362,0.32021344817714176,1591.2307675668508,1573.9653504884786,17.265417078370792,0.10703460987982771,0.12520048620364038,1.2046523600267298,-8.307813328655152e-07,-8.451338005261256e-07,1.4352467660610321e-08,-9.988941504492259e-05,-9.994855237300068e-05,5.913732691825313e-08,16.372250314100633,589.4343069853137,7.490973166123495e-06,3.450721501770522e-06,0.32047040997844517,1413.2454372935395,0.019350353915631623,56.38414042358636
758,0.620232474206165,90.67133822809757,0.25031743172640397,90.03729736770693,0.38372342866421094,1107.63935187184,1088.7953876363042,18.843964235535513,0.0988765457884869,0.10045916464293718,0.9432288237585711,-3.917298994488813e-07,-4.0662563568867906e-07,1.4895736239797833e-08,-5.327768361419498e-05,-5.333500512132956e-05,5.732150503288831e-08,6.654094642164248,326.6998160039997,6.685215759727932e-06,3.1895919431993014e-06,0.26406315383252915,1266.54634054219,0.018966650712833034,-810.817644880437
759,0.5958160559895114,79.66112005277013,0.2306796053299755,79.30435010028445,0.1260903471557192,1100.3552307674893,1083.5731825814887,16.782048186000477,0.1248709326623988,0.10172601124239532,1.029332830111702,-2.3205116097634877e-07,-2.4685743406175726e-07,1.4806273085408509e-08,-3.430512678901239e-05,-3.435577748209396e-05,5.065069150893689e-08,5.2703823877618525,253.94115582651,7.689816175536412e-06,2.6797454437416757e-06,0.26751045471576373,1160.5563924714952,0.01796549742848803,2548.1935005084742
760,0.7115305317278933,137.83339154795038,0.3667086263226863,137.06270028477664,0.4039826368510371,1650.6552963966749,1625.3905260328593,25.26477036381508,0.1114428859669734,0.13839329507278209,1.224323358774231,8.930890068015865e-07,8.736958444965741e-07,1.939316230501265e-08,0.00010287416443053232,0.00010280162436598692,7.254006267494051e-08,37.77025934915302,484.2070865994302,8.376401064680233e-06,4.625492163533516e-06,0.32943038328351665,1914.5759064097397,0.017643434755429836,-161.99194231219371
761,0.5568004379918093,73.2346079970373,0.22556561508341633,72.68062114028419,0.3284212416696849,1181.2938570272202,1167.4180896974888,13.87576732973021,0.1131151043338278,0.09338313973256701,0.9297260538958416,6.256056313127368e-07,6.116923423222866e-07,1.391328899045032e-08,7.061531876495817e-05,7.056832660607082e-05,4.699215761889337e-08,13.949415455836606,220.7962243931603,5.138322382547204e-06,2.8625174690043714e-06,0.25364076194646995,998.8442963561623,0.016765595744866472,-69.53635571948689
762,0.5646834332499101,67.27696065154873,0.18769943601351186,66.97510985408843,0.1141513614468004,1348.6119927424668,1330.2753927101876,18.33660003228011,0.0788058848465851,0.09363326895692493,0.9872309953194048,-6.418737193983815e-07,-6.564617197233639e-07,1.4588000324982545e-08,-7.922278805486989e-05,-7.927130855454313e-05,4.852049846378928e-08,9.224735987227326,661.5723583411183,5.3633147694167e-06,2.5265963957288776e-06,0.26238311531458225,921.7731095146183,0.018674608227879634,443.85049357022945
763,0.609856021594434,71.04346873419632,0.2268427191764207,70.56745754121218,0.2491684738077271,1806.9636147892518,1787.4196965216343,19.543918267617833,0.07956393643730068,0.09432660727274707,0.9348711663917076,1.3876706178838362e-07,1.226551201610525e-07,1.6111941627331087e-08,1.5394535168144404e-05,1.5339176670336177e-05,5.535849669443144e-08,10.402304047571798,231.65981725100764,4.858556745659583e-06,3.1512990468224118e-06,0.25956282899857386,1016.026014038488,0.018470355042145576,-1387.255535211887
764,0.6160392835228797,79.2052310668172,0.2213345431893166,78.73222238841502,0.25167413521284165,2317.087056776479,2301.567952251656,15.519104524824364,0.12101132457523074,0.10953838109491836,1.0838538912665003,1.3765376242456313e-06,1.363937015182673e-06,1.2600609062958635e-08,0.0001504335863142055,0.00015038053261406928,5.305369848598472e-08,7.535557645108405,918.2977263229361,5.365952980763507e-06,2.954348923255337e-06,0.29925140134473455,1072.5107111559898,0.021508837490553493,-500.93145078345697
765,0.7404620974317857,126.66738015775954,0.5214861621211557,125.67354841929951,0.4723455763388543,1618.9792763804853,1596.0180814669363,22.961194913548017,0.1782891184025744,0.14174409221101333,1.3241348628546121,1.4345246168757731e-06,1.4168996341160629e-06,1.7624982759710337e-08,0.00016689981812082724,0.00016682868033813532,7.113778106399448e-08,6.746117568329544,597.9566727876197,9.535392910828311e-06,3.8124719754014928e-06,0.3596405632857842,1729.3576431511863,0.01863217389024328,3141.571487989815
766,0.5675015175874994,69.84664946667908,0.25085009474266806,69.33077648307679,0.2650228888596376,1516.1132428516735,1500.9020280297368,15.211214821934762,0.11152261263282695,0.08967256495383705,0.8752198538939954,-1.72065900365364e-06,-1.7343292975655848e-06,1.3670293911945155e-08,-0.0002051446643160314,-0.00020519630004939046,5.1635732160885955e-08,4.550142139885322,785.7333164628823,5.46863671254506e-06,3.3318809376761635e-06,0.25153327771822515,977.4930648356881,0.02010912921249874,114.92185483595313
767,0.6448341271108758,102.73915377293294,0.36360847428721355,102.23882064723898,0.1367246514067275,1226.0592915834518,1202.3912261002934,23.66806548315986,0.11329257112036649,0.114868686750828,1.0066243146307323,-4.959174397927533e-08,-6.370462790145726e-08,1.411288392218193e-08,-9.201084748009624e-06,-9.257769932116719e-06,5.6685183050787027e-08,5.830435039096765,272.4121994123586,7.995684564052333e-06,3.3851358551627783e-06,0.2850868463996367,1459.6860270858363,0.017385161977224457,-2373.2938223010206
768,0.5739836897652082,73.20259614472188,0.20966872598135758,72.71664260911463,0.2762848096259055,1264.0862777621849,1248.06158375991,16.024694002276277,0.11910959669158268,0.09901675960416258,0.9875553345032917,-1.6889350537412502e-06,-1.7031014796674433e-06,1.4166425926193425e-08,-0.00020155924726964904,-0.00020161146613966672,5.2218868636748525e-08,10.342510390512778,329.66356262971294,6.021375582923992e-06,2.422335004260222e-06,0.2676122288549348,1027.279184004136,0.01827113728686494,232.9699528036981
769,0.6200658416984718,74.07446821516037,0.19664291284212151,73.72337121448325,0.15445408783498946,1796.8336490578024,1776.2203343156802,20.613314742120924,0.15068199391644782,0.09575841563664737,0.9779934781698971,-4.269429731239741e-07,-4.41312331485931e-07,1.4369358361956746e-08,-5.5168502460240886e-05,-5.522613698626847e-05,5.7634524770016893e-08,7.884540198578639,281.72101559568614,5.938356976696946e-06,3.1497913147090724e-06,0.2763200742344589,979.7423412032834,0.018226184514814548,1065.2869691353008
770,0.5784788285693379,65.30773407557278,0.17485760504762476,65.02037582087289,0.11250064965226136,1445.767353033618,1428.7930913754585,16.97426165816042,0.09618230919337327,0.08437664009225021,0.8377063603840326,-4.910389453143413e-07,-5.053336630322203e-07,1.4294717717878812e-08,-5.90017818133942e-05,-5.9052363275983625e-05,5.058146135446637e-08,4.589105489317044,612.352272917664,4.755052457378634e-06,2.9902567779361957e-06,0.2425629760194426,886.772453971832,0.017648795141980422,-1396.1996955232862
771,0.6094621532877669,90.78130545820166,0.2584426346053672,90.21163471122934,0.3112281123669454,1347.443314752296,1325.2533213005813,22.189993451713065,0.275606743055848,0.10834788784917555,1.0406936825842539,-2.8452492639319474e-07,-2.9763760562945163e-07,1.3112679236256881e-08,-3.7808699501776124e-05,-3.7861894101951794e-05,5.319459831664196e-08,14.054336722843253,504.42659598262605,6.9912666186759095e-06,3.324285147711037e-06,0.2735136141200168,1248.4409556703745,0.017528524490440213,2456.194336330005
772,0.634364679162866,85.52749501798432,0.21959130815943037,85.10277294158368,0.20513076824119386,1177.7456137783947,1157.7916770288457,19.95393674954898,0.3565694535269519,0.10845732217294471,1.062403915493744,1.0983970105117518e-06,1.0827654940227774e-06,1.563151648897409e-08,0.0001269944777539884,0.00012693952719013122,5.4950562666992156e-08,6.074583479855665,468.16831392963724,7.242861828610164e-06,2.937542094367053e-06,0.2983056517561131,1218.9260020018332,0.018223903544458228,1857.4823529997557
773,0.6722910134978055,91.52797817770242,0.2170013318332781,91.0110726405685,0.29990420530064243,1423.8737936374134,1400.765697580698,23.108096056714512,0.1705343189384227,0.11051825484657381,1.0553083004677468,8.436058619374732e-07,8.261939687099106e-07,1.741189322756272e-08,9.465375147630808e-05,9.459587793600066e-05,5.787353895385027e-08,6.313549209034257,383.20261442686757,7.4554939906981225e-06,3.0198828753433837e-06,0.2970542655556342,1243.7978707530415,0.017845823808184995,555.86259875428
774,0.6765839205089028,96.31463436557436,0.32432325931697237,95.64897938778574,0.3413317184716566,1537.4996862400749,1519.7909895701775,17.708696669896558,0.11598551559439522,0.12394468995006791,1.2194863683094885,-9.063311278608667e-09,-2.5586686157665395e-08,1.652337487905673e-08,-3.001752062833685e-06,-3.058825464950046e-06,5.707340068204053e-08,9.931455992399083,576.7788304770437,6.802881628725683e-06,2.5212903460331396e-06,0.32339320863092474,1340.6397549727687,0.019561548465536052,1397.5284011897202
775,0.6385408397428097,85.36211734963817,0.2418917076416574,84.82556517175453,0.2946604702419765,1330.7637826276996,1313.6848743772969,17.07890825040583,0.1988632442164393,0.10071484757104485,0.9868161066235077,-4.881746822130447e-07,-5.088243143052039e-07,2.064963209215954e-08,-6.430462288204107e-05,-6.435443033026388e-05,4.980744672259515e-08,5.963464095172865,565.5784177838767,5.988191850351905e-06,5.269356195565997e-06,0.2674999421254814,1202.8956474273741,0.018268721279284632,1102.3195898770246
776,0.5883100806225345,73.65275384481795,0.18231659738347478,73.29242029941476,0.17801694801972012,1657.6815563722027,1643.3406386045517,14.340917767653814,0.09684137244018674,0.10547953716290757,1.1161390570032201,5.777878596667303e-07,5.662680468914924e-07,1.1519812775238117e-08,6.125694891342261e-05,6.120893126061504e-05,4.8017651563278046e-08,11.377846147852136,144.55300704102228,5.509268973124718e-06,2.463799700722463e-06,0.2841816738034448,1039.6540640771532,0.019894125734419517,-607.5881922807384
777,0.5773254437623266,79.10379672355877,0.25294710417485433,78.61982638343757,0.23102323594635799,1276.1809994045593,1258.7499059285685,17.431093475988554,0.14376574634059008,0.09588239876691791,0.8784798605200471,-9.269402996211663e-07,-9.438207053862865e-07,1.688040576512032e-08,-0.00011395115573226608,-0.00011400633808388134,5.5182350597355325e-08,10.280876630505977,574.0228344457946,6.07785097395356e-06,2.8593655986568576e-06,0.25045162577640684,1100.102499970613,0.018140492831316444,-260.6976221377554
778,0.6072648276976227,82.69380129526384,0.26249180040597636,82.2156005203822,0.21570897447569545,1286.1409875066818,1266.1963128011018,19.944674705578382,0.08780976929862153,0.09478684785645713,0.9221091561588695,-2.12036855358137e-06,-2.1345328741722205e-06,1.4164320590850294e-08,-0.0002586249557188939,-0.00025867884560652364,5.388988671651145e-08,8.738431907484596,362.37266637781363,5.355944515352616e-06,3.4203302887237633e-06,0.25474250216812716,1164.6309162820994,0.01739050435508474,1079.1854209926896
779,0.5246758750046899,66.8292122562398,0.18239113727439,66.46700028146675,0.17982083749866745,1616.6272357940354,1596.4909276208007,20.136308173237794,0.06452902334322218,0.0843271754420743,0.8674376137780785,6.41350994189649e-07,6.28261110733323e-07,1.3089883456325981e-08,6.912262586479686e-05,6.90701391797048e-05,5.2486683738923426e-08,4.804536828786868,507.054713152759,4.801732421379705e-06,2.8503248768524866e-06,0.2424357573498405,907.451320190906,0.018545053661968885,-897.5939503786503
780,0.6432299818555612,106.72035197254519,0.3636325656391256,106.06582438321195,0.29089502369410514,1415.9299593182936,1391.3563946671286,24.573564651166627,0.20329048838826735,0.11992161090831752,1.0970235309344911,-9.023548102858535e-07,-9.176090998856364e-07,1.5254289599782827e-08,-0.00011318965860619042,-0.00011325150292490892,6.184431756790686e-08,5.56641805453236,-0.7239350965814473,7.918662597790528e-06,3.069966018910471e-06,0.29679047322400337,1533.8910314708085,0.018811857211368948,-909.9169997063327
781,0.6799403074587699,123.82736970322549,0.43187793346214337,122.99434810576464,0.4011436639986927,1763.7110664140898,1743.6651511669843,20.045915247104176,0.22544307897161583,0.14369881189899006,1.315972295602987,-3.497588239890736e-06,-3.518349262245514e-06,2.076102235477744e-08,-0.00042140314562982,-0.0004214689171524968,6.577152141578551e-08,9.288147288094203,152.40151760250268,8.170889791082426e-06,3.506839655450921e-06,0.3468059860337143,1747.1818534435151,0.019016358615886998,-3757.5831721251925
782,0.5849509165228092,81.25499276861429,0.2551881766134921,80.73547929676518,0.26432529523560566,1414.6002077007497,1394.9779737454544,19.622233955296302,0.08612074424860593,0.10259738301312926,0.9888050322547169,1.0886399250672783e-06,1.0699569834587588e-06,1.8682941608519197e-08,0.00012490119480492272,0.00012484935071673323,5.184408669986096e-08,35.46494460317599,213.92519721211534,7.395214865760667e-06,2.5846205858834764e-06,0.27535177261654514,1164.6914369899107,0.01907263567173084,-1203.1696714301652
783,0.6821699357625595,105.05482089459228,0.38831265587455543,104.4543170240774,0.2121912146403283,1326.3727278756412,1307.429478446459,18.943249429181375,0.13896272763989548,0.11289948903381888,1.0966112417224214,2.1629815124190833e-06,2.1423827023940153e-06,2.0598810025066862e-08,0.000249985626552726,0.0002499276749878179,5.7951563319755756e-08,18.363594564701266,1612.016801681201,7.326248137073017e-06,2.993895420669294e-06,0.2930812626541378,1491.2489671401536,0.020423392370898057,-3302.2373537413514
784,0.6388242275703412,90.88512850771522,0.3001368214308694,90.42042516366374,0.16456652262062021,1228.6151897492823,1208.2836921917087,20.331497557573073,0.12926379948555577,0.10432966087336673,1.0003149285274398,7.57191586402084e-07,7.410371039098421e-07,1.61544824922418e-08,8.520489993161754e-05,8.514866816000781e-05,5.623177069654512e-08,5.949009908906189,709.9349741991763,7.721634891422548e-06,2.9554278306316452e-06,0.28648107190245603,1266.4259571120683,0.018334171575816103,-953.1119167834258
785,0.5924204980872345,90.23930360648068,0.299635517123381,89.68202304605138,0.257645043305919,1424.8316830457593,1404.3239038854535,20.50777916030515,0.10839841367865763,0.10157573294523047,0.9762554560535139,2.2704124798339797e-06,2.255421586022265e-06,1.4990893811714427e-08,0.0002592049877183036,0.0002591534915683274,5.149614846654556e-08,8.466544772555505,677.3866625872819,7.501274607450905e-06,2.951766737259272e-06,0.2670716035956722,1262.304601057164,0.018028218960732596,-1074.8061873326114
786,0.6735115644858933,108.23171227865399,0.3823536521969947,107.39915593778267,0.4502026886743135,1635.5476984869615,1618.514303324427,17.03339516253147,0.10252395107163091,0.12726333549181432,1.1746423177792722,1.4566762396149358e-06,1.4411312072508934e-06,1.554503236404223e-08,0.00016796495387819837,0.00016790403692174645,6.091695545805664e-08,7.385216805973486,436.4429416942915,8.834556214596397e-06,3.547580870334093e-06,0.31728743666203907,1513.4049415950703,0.019061994152512102,-372.4448213493233
787,0.6052028851490707,78.83538831689879,0.23493523869515584,78.33865493107578,0.26179814712783234,1730.701776264296,1710.4810368745523,20.220739389744768,0.1020613817331724,0.09587773454388948,0.9354570559646748,-6.462966432313495e-07,-6.644250832278953e-07,1.8128439996545895e-08,-8.096659512118986e-05,-8.102401188583294e-05,5.7416763451013305e-08,4.560836745750314,424.24318580319004,7.5081822496454915e-06,2.610784179205687e-06,0.26556157156897764,1099.0156431939304,0.018936512537183776,-848.594032794801
788,0.6426820917895529,109.315996842175,0.3051142440309762,108.5136084994763,0.49727409866770234,1630.6887357469075,1606.842448096931,23.846287649977132,0.2003760792053032,0.12372888628112834,1.144610452547294,-3.676047024326928e-06,-3.6899651183911506e-06,1.3918094064222456e-08,-0.0004384098417616258,-0.0004384694004124439,5.9558649974115684e-08,5.868495233791069,777.254558594177,7.800074872871527e-06,2.8832504243840525e-06,0.30297738786664763,1566.9527798171762,0.017817919911894665,1150.7180741721968
789,0.6795627564131593,98.28364956271326,0.24254272093610052,97.7712913068955,0.26981553488166327,1610.4372981476279,1587.3466319297545,23.090666217873565,0.1816102123597144,0.11570429392291193,1.0966127793186409,1.899982911964274e-06,1.8811048616913121e-06,1.8878050272961772e-08,0.00021880209260987976,0.00021874334634772999,5.8746260504833184e-08,9.455920777423323,492.98826728520555,9.217144310361975e-06,3.1581657037779425e-06,0.30651731907274427,1370.2544441078637,0.019334825766012215,-758.8904603524898
790,0.6001957471332415,70.21747197546158,0.19165639787822847,69.79195445744146,0.2338611201418838,1329.7101721984354,1307.909401504981,21.80077069345476,0.08668954194059472,0.09625184002513339,0.9773458252269124,7.564802101148076e-08,5.6917562736384696e-08,1.8730458275096045e-08,3.6161118257157266e-07,3.1085569508788895e-07,5.0755486447696124e-08,9.048540247757133,434.3746191180801,5.8324869511598455e-06,2.6842950349338956e-06,0.26789042929451545,987.3180362749483,0.0192919964377958,2077.7473853276897
791,0.6067800809185088,91.05834896620823,0.2793855260964724,90.64955122151892,0.12941221859282812,1584.1584975603764,1565.191736462083,18.966761098294803,0.2430795532090114,0.1020534234793407,0.9393949335937196,1.0225001402124897e-06,1.0077680845211082e-06,1.4732055691381713e-08,0.00011934705963953678,0.00011928903871695782,5.8020921410998655e-08,8.50244170962451,-139.2713430009808,6.255237049167435e-06,2.5719252602131953e-06,0.26172303599200347,1295.5201224611226,0.018872726139983784,-1822.2315371523364
792,0.5641102825933277,69.36404570745627,0.20171640462224194,68.90446355522376,0.2578657476102791,1150.866577113881,1132.3064487343167,18.560128379562727,0.08325634749340438,0.09312331697629589,0.9005545356461787,1.5337124934230372e-06,1.51842590708251e-06,1.5286586340527213e-08,0.000173193067574087,0.00017314297249905748,5.009507378683116e-08,7.970463646051773,559.6454454216995,5.060029579704811e-06,3.5141081471431324e-06,0.2501352288876654,995.7036640925224,0.018063790374330223,1278.4784272053657
793,0.7252958776732241,112.90216002068045,0.3520376221214392,112.14345143091188,0.40667096764712923,1731.0350997937967,1707.205575992179,23.829523801618144,0.15806222035138673,0.13929770641114997,1.2980071901645616,2.4097030621233533e-06,2.3931981078586405e-06,1.6504954264712295e-08,0.00027619254858068584,0.00027612938283743895,6.316574201322081e-08,20.187731760774042,512.6441300784359,7.880150111761692e-06,3.310607375879262e-06,0.34409380750184854,1632.771936718002,0.0193698305349142,186.38020676553788
794,0.6000813400592092,97.30849426466669,0.35246995406840353,96.73845097331937,0.21757333727891964,1433.6867960202528,1411.9073450166811,21.779451003573794,0.08855936888115022,0.10653827161432024,1.0403522778806302,3.6221224410560394e-07,3.4565420009540663e-07,1.6558044010197306e-08,3.721284561087342e-05,3.7157577447457604e-05,5.5268162263015014e-08,9.776783737882337,396.57257826407965,6.971304878404268e-06,2.2759261341672634e-06,0.27542779586418653,1337.3964530657988,0.017663901197808602,157.44273510254789
795,0.6331652510933783,93.1256910220187,0.2876707632749634,92.6277709636775,0.21024929506623682,1278.4870169116207,1257.4319347087119,21.055082202909645,0.06432756010446444,0.10458733846975225,1.0170948078351445,-1.1223522480409268e-06,-1.1407178623263772e-06,1.8365614285450126e-08,-0.0001365461569675577,-0.00013660618944771788,6.003247845109591e-08,15.067422541318319,725.4675412944522,7.999457980434305e-06,6.460301622643428e-06,0.26986189807844724,1279.8993385861856,0.01753145365246203,588.4862792183922
796,0.7108040141785966,105.85772109429064,0.2995300481258504,105.32635837722968,0.2318326689351206,1393.5853773070407,1371.0901747891369,22.49520251790341,0.1767687708754989,0.13608326121114472,1.322074732188872,1.13119846361662e-06,1.1128240698661072e-06,1.837439375051215e-08,0.00012646339879078108,0.00012639590921187762,6.748957713005121e-08,8.201359632811311,449.7586541595584,7.041611244211681e-06,2.9526534393580255e-06,0.3554640819191041,1473.7724532271682,0.018477933441279855,-34.45643024505989
797,0.7135535131836166,106.03289065836292,0.3575116435234219,105.40279578538623,0.2725832294532665,1710.671410623356,1684.4307727476626,26.24063787569425,0.2234056340013941,0.13252926549323243,1.276626255015335,1.1145016986410145e-06,1.097911917616366e-06,1.6589781024648194e-08,0.00012940517191976835,0.00012934961367498148,5.555824367042066e-08,9.528281195906064,513.2681783875368,7.976822876258794e-06,2.6138852599065024e-06,0.3320595384915281,1546.9638791741033,0.019215606058528255,-2244.7514923562703
798,0.6098401320385569,83.95524744945261,0.26330743977836685,83.51309008919266,0.1788499204815874,1458.1886406408223,1440.855086775943,17.333553864881267,0.09771463508797162,0.097796645719564,0.9712439471383398,3.211344876531883e-07,3.048612747467697e-07,1.627321290641861e-08,3.536960003984743e-05,3.531698186159814e-05,5.2618176771847515e-08,5.925942891982682,512.0313919570036,6.680557549909158e-06,2.5020635757460453e-06,0.28241748415066015,1161.3232384443686,0.019230323622031118,1043.8268352956402
799,0.5808587478387545,72.75486539611843,0.20848341690012703,72.23821323225962,0.30816874695866553,1252.3009574095456,1236.3748310552623,15.926126354282202,0.12343323053469327,0.10378988102212795,1.0389431885586746,-1.1810851767332684e-06,-1.1942533579340584e-06,1.3168181200789985e-08,-0.0001466473349537332,-0.0001467008695544399,5.353459964917353e-08,6.4347500272506855,382.7481368927193,5.670154414309103e-06,2.5217513501851636e-06,0.2796409467885356,953.3893906454961,0.017587071000923136,709.2866418800004
800,0.6675037983054201,100.3097824895563,0.3115052747728715,99.66084929436664,0.3374279204167954,1373.682588530801,1352.1633086513402,21.519279879458427,0.08280659847512446,0.12231243765408348,1.1534166404265254,-4.13376579872333e-07,-4.264629607271096e-07,1.3086380854776628e-08,-5.559748115589106e-05,-5.565235801011287e-05,5.487685266785888e-08,31.63786154826075,524.1943982237439,7.90970777947139e-06,3.3319439702933617e-06,0.3103504795881563,1421.733566597866,0.01892909537511425,832.7647379038353
801,0.634928808751473,99.40296315021509,0.2976007333036735,98.85277799333913,0.2525844235722751,1213.5134914845823,1185.6652315358958,27.848259948685683,0.14309585001350483,0.13963461888115347,1.2889892365834597,3.8071508382585616e-07,3.6549422549892125e-07,1.5220858326934904e-08,4.006134236617823e-05,4.000132124240164e-05,6.002112273278146e-08,23.66504468348777,396.86822790982495,7.41883212370315e-06,3.101479570633752e-06,0.3437356259652068,1366.2273177703867,0.018518606600351043,-674.3874065938835
802,0.6503617851620237,113.85887129140582,0.3815121969198549,113.17151911460758,0.3058399798783833,1304.3478174125562,1278.7065226903278,25.64129472222701,0.08958944092261945,0.11624895744845239,1.0789699410142777,1.8878750055156953e-06,1.872863624434014e-06,1.5011381081682206e-08,0.00021675783995834773,0.00021669771484150274,6.012511605109077e-08,13.277540118249608,689.2692322897906,7.449816118598674e-06,3.5404153258564312e-06,0.29894849609606267,1588.7520119441258,0.018591276843940213,2474.611606547249
803,0.6418062838436788,116.82411478502291,0.3883054409557285,115.95918024813557,0.47662909593161784,1840.0638719185397,1819.6442296272223,20.41964229131738,0.09790922250612705,0.12428082049116533,1.1137948990786932,-2.634279529217474e-06,-2.655926207157118e-06,2.1646677939643412e-08,-0.0003167404023839055,-0.0003168019753352737,6.157295058995503e-08,9.818481183610757,344.16465343949847,8.457477225788064e-06,3.172113582558257e-06,0.2933106943394656,1649.4536893588725,0.019641781551235665,-319.6128249804133
804,0.7255257259258361,128.9915787443452,0.417159933868958,128.13481408041864,0.43960473005760387,1435.2504183522437,1408.53230523292,26.718113119324315,0.17969345160572842,0.14750511321783105,1.3426965831098479,-6.185178997718801e-07,-6.357942084930569e-07,1.7276308721177084e-08,-7.520064849648431e-05,-7.526542252912014e-05,6.477403156131578e-08,8.990913823483844,419.242274621709,9.052688591509644e-06,3.2475694092489857e-06,0.36307723129843034,1886.1523540683888,0.017484946568384174,680.5030107308157
805,0.593646418421891,83.68243700372216,0.24986466414153102,83.17406195692594,0.2585103826546928,1598.2139858070223,1582.1537373120955,16.06024849492527,0.09238153366188678,0.10502764572622111,1.0019253061701612,-4.897096352831281e-07,-5.074629436752321e-07,1.7753308392104133e-08,-6.738508693172201e-05,-6.74386337326561e-05,5.354679999070309e-08,22.766296443375396,741.5627266603412,5.7174110056042035e-06,3.1860203693740935e-06,0.27165140933372606,1171.7620535725541,0.019376994585563374,-511.01531292858635
806,0.6968160388076124,109.08192809580136,0.35784172238096856,108.2874519944764,0.4366343789439856,1602.8327400632547,1581.3860633232025,21.446676740054254,0.22294760351092963,0.12594728373459188,1.20852609530802,-1.2360699060279013e-06,-1.2488843594831086e-06,1.2814453455206994e-08,-0.00015140569228093496,-0.00015146494086644186,5.924858439720866e-08,26.335099099793208,471.7237558925265,7.685044440816155e-06,2.836481498157275e-06,0.320532596234996,1529.023463862379,0.019827392988690785,-4351.4896197604285
807,0.6858128118052818,97.58226682000097,0.3028889121947041,96.95832931566665,0.3210485921396198,1861.8622802264297,1843.1710157560692,18.69126447036029,0.145488439484804,0.11217791677199485,1.0697727378659334,-1.4168590455048362e-06,-1.435541260730015e-06,1.8682215225178422e-08,-0.00017604919294115243,-0.00017610799702314124,5.880408029879127e-08,13.230687442482338,429.4606404193597,8.016670363495284e-06,3.7422725312032427e-06,0.2959810285572259,1362.2437877154564,0.021217761208982246,3687.814898819681
808,0.6825491932868277,102.18349148929968,0.30544074527356413,101.52522203311092,0.35282871091520107,1553.3737496915926,1533.4883064413802,19.88544325021059,0.18945380351474914,0.11530095363294264,1.0828351434237458,1.6042357944124384e-06,1.5880159732381326e-06,1.6219821174305505e-08,0.0001822656591953977,0.00018220262466056054,6.303453354285247e-08,5.328787132690184,106.16390457824096,8.045649390165604e-06,2.966797633140153e-06,0.29347954703032936,1394.696076146969,0.02017455095108319,-2270.692842340013
809,0.5748524597031889,75.68301582176697,0.21396810870809269,75.29347931149128,0.17556840156761777,1587.9245095043757,1573.1114156353628,14.813093869013208,0.11918495396070801,0.09610868423637328,0.9843423053456904,1.037260678224247e-06,1.0237103452434648e-06,1.3550332980782428e-08,0.00011708774833732283,0.00011704191960451929,4.58287317827716e-08,8.839111595209571,504.63000169155373,6.539546447555151e-06,3.7939205155753884e-06,0.2691558474965348,1055.420868971731,0.01887086793961702,-182.83328048348994
810,0.6258498302585093,77.61827927906579,0.21273950244677736,77.1644509609375,0.24108881568148408,1328.6465852448991,1308.8981736352966,19.748411609602247,0.08116489527240903,0.10398984363187086,1.083250668212664,4.5823068932001656e-08,3.199443644790415e-08,1.382863248409749e-08,-1.3340048523873e-06,-1.3891818988901634e-06,5.517704505838582e-08,27.668800663007538,386.6970104467004,6.163404289510765e-06,2.913179972853802e-06,0.29895374427349214,1102.1546589097484,0.019085429783470966,-2641.266184353284
811,0.6000672222016973,87.5610678039106,0.2713043318177949,87.1012600105317,0.18850346156109982,1583.2360044445152,1559.697017990139,23.538986454376484,0.10506145958973177,0.10375782228770937,0.9936692543888405,1.2284973770511202e-06,1.2140697359907134e-06,1.4427641060406762e-08,0.00014095476473777554,0.00014089767555104784,5.70891855974191e-08,11.713765099524167,381.35950828738544,6.920715477774748e-06,2.867747339041876e-06,0.2786667018034632,1238.3180195545801,0.019037111786939072,-2893.4934541407747
812,0.5869915570810209,81.97223946185272,0.26483799647572287,81.45094646220706,0.2564550031699582,1410.2899260887348,1393.5814045189354,16.708521569800915,0.07202764699333986,0.10065148445142218,0.9768037077677071,5.454317122707821e-07,5.331468410891039e-07,1.2284871181678142e-08,5.96680387902057e-05,5.9617824345612634e-05,5.021444284044328e-08,14.371020126539204,495.59869644138735,6.919488497628319e-06,3.6802767871744743e-06,0.2698325391447853,1157.2227378385214,0.01795757858849199,-220.23748561607863
813,0.6488512786571802,103.37553786936935,0.37474578804913267,102.81545351342787,0.18533856789235154,1542.7444364866014,1522.093812142689,20.650624343912806,0.12126739044416894,0.12483128491224879,1.196460498407571,-1.6178411755591274e-07,-1.804205213219331e-07,1.8636403766020372e-08,-2.4283408528246907e-05,-2.4343283284522688e-05,5.987475493990106e-08,8.73737660487463,526.284368314453,7.2265054701244096e-06,2.6350537688335444e-06,0.31764419322010023,1461.6918698987342,0.02001843371713143,1670.1802061081653
814,0.6140917276543171,86.55934730402159,0.25463863764823896,86.03579613441146,0.2689125319618923,1532.6481364568435,1517.4597212339422,15.188415222901135,0.130280131571249,0.09865539578556012,1.0122454051858645,2.0382356765316397e-07,1.8760937957806835e-07,1.6214188075095618e-08,1.8807114301788593e-05,1.8746805472750913e-05,6.030882772244864e-08,6.83484741751233,666.1687377498728,6.866590364804403e-06,4.0994735609775956e-06,0.2589767328444182,1200.6505966082568,0.019170561957852966,-359.1639225979852
815,0.6292863877572696,85.55202238196023,0.2947266136082728,85.15403216244627,0.10326360590566566,1725.201589775089,1707.4572413655287,17.744348409558132,0.1148677260194946,0.0971007928497038,0.9608258483404114,8.760863280754839e-07,8.595345098510939e-07,1.655181822439021e-08,0.00010219989286482013,0.00010215025548438928,4.9637378741949416e-08,6.339173806057859,321.0753922489937,5.5940173932910134e-06,3.7140302732579863e-06,0.26052659861657157,1170.1336071779933,0.01932482387966238,323.65685364746605
816,0.5944447896807192,77.63513788647818,0.23589989207198434,77.17780395832195,0.22143403608424284,1219.1457384811094,1202.1235915371162,17.022146943995097,0.17537276387874437,0.10422952445673615,1.014205271787138,-5.12592847515691e-07,-5.263027024312423e-07,1.3709854915551044e-08,-6.273421468333139e-05,-6.278272518570608e-05,4.851050054810989e-08,6.109411976675421,379.3841185824551,5.630973142372607e-06,2.3495391299588274e-06,0.27457658326700446,1112.2974471581774,0.018906999622327114,702.9362002667658
817,0.7412331988944824,122.65865195608865,0.42961607999160817,121.95577672196349,0.2732591541335301,1589.632841697143,1565.353403530356,24.279438166786196,0.20141441098706808,0.13365562093686043,1.2608665455070966,4.701442003858537e-07,4.5399331289207774e-07,1.6150887493775955e-08,5.1866884060787366e-05,5.180490467217144e-05,6.197938684851279e-08,7.531149622966227,764.7950595381817,7.133075171944184e-06,4.305301016450267e-06,0.3418165302050918,1778.7636951389536,0.020289483339326675,-1441.6355718352825
818,0.7171859856797616,102.39656281011284,0.31205278910397005,101.85685835022052,0.2276516707883558,1293.2029680398227,1269.2956723746224,23.90729566520236,0.2763865262078966,0.12403599080325683,1.1841057933707109,-1.2770943692908667e-06,-1.2940014231922348e-06,1.690705390136789e-08,-0.00015747902265461918,-0.0001575398771507392,6.085449486800736e-08,10.784744581427127,654.4626638714846,6.514955220110332e-06,3.9739142257531245e-06,0.31641686193775503,1441.0817341150146,0.019783014199287397,194.35177703059526
819,0.5746907339027184,78.39611507463383,0.23311652847272238,77.93784372967818,0.22515481648293317,1471.028861359625,1455.1877742044198,15.841087155206232,0.09035105908827613,0.10106153553161483,1.03299834486878,1.2111605811148646e-07,1.096397786034298e-07,1.1476279508056676e-08,1.1725421232610103e-05,1.1675179421411665e-05,5.024180995377389e-08,12.382809382116331,417.67091708751025,6.554452806737073e-06,4.098919899348996e-06,0.27863875931468474,1120.6353487375286,0.018558692246673163,-1597.0111291157373
820,0.6398122068505648,89.90029577775353,0.2408454713641179,89.46973192578412,0.1897183806053001,1711.295469096789,1693.6115430475104,17.68392604927573,0.12404628692705658,0.12422944581954169,1.2293975141725848,-2.0737431916012437e-06,-2.0920629954859034e-06,1.8319803884660184e-08,-0.0002507068361462243,-0.00025076576795013937,5.893180275989308e-08,5.493141005202881,682.2168195718126,7.399872364257249e-06,3.3519749425118144e-06,0.3241935786781627,1261.0364351166695,0.020168244694331268,-745.0845623534042
821,0.6372104933442109,86.0908781202614,0.24534321499986084,85.67536149138778,0.17017341387374807,1546.1976325954183,1525.3998624432988,20.797770152117618,0.10324363668084822,0.10048645599312991,1.0054596721834437,1.8421612914901083e-06,1.8278242096390655e-06,1.4337081851043113e-08,0.00021551630744468103,0.0002154575378954557,5.876954764603704e-08,11.38488348143872,644.5436571405663,6.974986751172935e-06,2.594487333894625e-06,0.2828704406101672,1132.968417082455,0.01650257263222538,-645.7534020868952
822,0.619617659202889,97.2431851685811,0.26630704314204456,96.76767753137841,0.2092005940606392,1395.3085524502671,1376.7314699852673,18.57708246499784,0.3508323718842665,0.10882299955199567,1.0097985350929413,7.362443919598178e-07,7.212780978887395e-07,1.496629407107847e-08,8.40638086976943e-05,8.400254820060778e-05,6.126049597316547e-08,12.969334065369084,1048.3666482077099,7.521666842263446e-06,3.1880018836038074e-06,0.2776381420888892,1393.97474687991,0.018752680991110462,-2112.1978066570337
823,0.6696142717079699,93.39966717741744,0.28716635041279526,92.85193409885979,0.260566728144865,1560.795272629299,1539.11425648533,21.681016143968108,0.15541900314553447,0.10885111608488897,1.0785658516682546,1.8309854965545068e-06,1.8091947167309486e-06,2.1790779823558007e-08,0.0002106327828088014,0.00021056887192895778,6.391087833144679e-08,23.283993607534214,513.594125918119,9.479582726219365e-06,3.7842004440794433e-06,0.2966082425495216,1311.3339633325181,0.020934938346097935,-1292.7264837094735
824,0.611153301158874,84.60158745142576,0.3221529611023844,84.07190121363378,0.20753327668956784,1173.9229755183915,1156.2198242937166,17.703151224674755,0.14394900741397798,0.10835057357990001,1.0157364348919904,1.3441151602137866e-06,1.3304826054137683e-06,1.3632554800018808e-08,0.00015333471838884944,0.00015328510245233838,4.9615935215461566e-08,29.800397870557163,501.9749805356506,6.610240425995668e-06,3.281240829393728e-06,0.28646650283099945,1186.7698775370648,0.018563632325192682,1774.6190883066156
825,0.6185690555865051,85.0107707325587,0.2860865900538987,84.42910382299155,0.2955803195132414,1454.9647606985066,1431.4602017140153,23.504558984492444,0.11532490129422124,0.09734245596699655,0.9576621754103981,7.045632753486609e-07,6.890514940486845e-07,1.551178129997642e-08,7.788218715817445e-05,7.781780236482477e-05,6.438479203187986e-08,42.90073990087367,142.10748104261822,6.485284415527601e-06,3.886988819480371e-06,0.2696146813205216,1163.7827367078396,0.019069929706127756,662.4548183585866
826,0.6470627451752335,97.90306596778485,0.28656623597150843,97.34525527772055,0.2712444540927852,1858.0196791645415,1825.9755586302736,32.04412053426742,0.10015331870543097,0.11365985992869419,1.069133476578156,-4.931142298965443e-07,-5.126320018142932e-07,1.951777191774912e-08,-6.423861140337074e-05,-6.429953119573263e-05,6.091979110352941e-08,26.20685110038257,639.6797743554297,7.329251047506448e-06,3.3665572514106286e-06,0.2882047474007107,1350.3140937638177,0.018640484177090896,1760.6209038478228
827,0.5757533106458053,71.72283519186553,0.20324657455302586,71.31750900400719,0.202079613305314,1910.7103115518653,1893.0516303226045,17.658681229262566,0.10093737929059951,0.09511836757135259,0.9828137404045156,-5.217106192928091e-07,-5.35801547851803e-07,1.4090928558994163e-08,-6.48128997865071e-05,-6.486150179453008e-05,4.8602007085505104e-08,12.140676412399072,93.88949696543196,6.769497026604497e-06,3.0203159720712893e-06,0.2637613292738283,972.6107666659577,0.01999669490142179,1576.2582217893105
828,0.7347188754254208,108.27916983028987,0.33223748366935824,107.55222276397818,0.39470958264231926,2288.8238785861768,2267.2474003714783,21.576478214697875,0.14859879632698686,0.12584306476003518,1.173227200543295,3.157977925153194e-06,3.1413916410858546e-06,1.6586284067338836e-08,0.0003692782604710651,0.00036921703910203186,6.122136730985173e-08,18.333012398996427,275.76912243057177,7.60303562191127e-06,4.319945076451397e-06,0.32327549155454294,1511.616553670259,0.020131768033573007,-1483.208375366732
829,0.6963725549888037,97.44289765183512,0.28359884173663086,96.81756365133293,0.3417351587655489,1484.6428609449094,1468.9590064128074,15.68385453210029,0.1010011263699188,0.11261159946173538,1.090485047364838,-4.163480081970132e-07,-4.314358522167278e-07,1.5087844019714846e-08,-5.0914502509505484e-05,-5.0969626395625066e-05,5.512388473806485e-08,8.859340881625242,509.5224288350178,7.772029815433393e-06,3.436000691688668e-06,0.29568272770264126,1336.5994436404935,0.018648960668965466,1263.7277132331146
830,0.7468860613662943,113.09449220522876,0.4177875694049562,112.21336835378314,0.46333628204065747,1685.663424499527,1663.466288466771,22.197136032756752,0.20894845760823205,0.1380428785437844,1.300504099029913,7.508795965818163e-07,7.322979760111188e-07,1.858162057069763e-08,8.355582265488696e-05,8.34885173199866e-05,6.730533362962059e-08,8.734007720252862,591.9892540872218,8.577338430296897e-06,3.2581705512757444e-06,0.34814733606805903,1612.6066553190888,0.020101893049773625,2969.7961348492645
831,0.716922876165896,109.14163746452572,0.2828192271161118,108.49320274438975,0.36561549301986423,1598.025291647551,1579.3388984688959,18.686393178653923,0.17819554814277525,0.1236904066526399,1.1688768092027153,-1.4616408515578798e-06,-1.4796614789817294e-06,1.8020627423848772e-08,-0.00018139302529057488,-0.00018146072099801573,6.769570617013899e-08,6.133940682991123,404.9083830007839,8.60399236023368e-06,3.5050992232182016e-06,0.336132496665663,1555.9683053523163,0.019314742863618502,-909.2349121938241
832,0.6727671559390856,98.2462908480814,0.2724120501363505,97.6182471782951,0.3556316196499608,1276.0054556126297,1256.2600749304381,19.745380682191367,0.06458863144579015,0.11424509739778853,1.0915802351002644,-1.666907349909821e-06,-1.6843113943896559e-06,1.7404044479835283e-08,-0.00020508717330672353,-0.00020514641816536493,5.924485729224635e-08,10.012767018602418,432.4717137685035,7.347707046274255e-06,4.0379419344055905e-06,0.30505380681311334,1372.953754164887,0.018876572870349977,2750.37357069222
833,0.6784152234659767,113.86968924139826,0.37025750215734043,113.13417461939463,0.3652571198462752,1560.512744438797,1539.8113785159253,20.70136592287026,0.10551830128746005,0.12589210466081066,1.2330366332888747,-2.2070510526992125e-06,-2.223780152813578e-06,1.672910011436479e-08,-0.0002697105857985507,-0.00026977851508744956,6.792928794941325e-08,25.63739967308799,555.0924532844591,6.781337669957121e-06,3.2277975309377082e-06,0.33337831641497734,1576.5838482370573,0.01885322133766702,1324.5380574675037
834,0.5653706277083757,65.58565285433775,0.18220772519673037,65.2691812886819,0.1342638404591163,1491.169797072574,1475.484844718165,15.684952354408118,0.08246282763061644,0.08530390021907895,0.8811008394631255,5.25041336500378e-07,5.142074155018883e-07,1.0833920998490042e-08,5.849671778818195e-05,5.8447920482314934e-05,4.879730434977852e-08,4.731049524345387,545.9596423140222,5.003075911481815e-06,2.2039014343802882e-06,0.24325004523692081,923.3856307832322,0.019087842791675573,-70.07672925795487
835,0.6577484528804284,110.45569245678398,0.3886498266491527,109.60924924879477,0.457793381340037,1583.3234074337001,1561.1517641993375,22.17164323436413,0.11379970870105297,0.12656400673981194,1.131635756109271,1.5278070044927491e-06,1.5088680743808096e-06,1.8938930111939605e-08,0.00017866398253865191,0.00017859995650184343,6.402603551945282e-08,14.838381222408614,727.5546952740442,7.690566445689612e-06,3.1516596965102892e-06,0.31256558018076014,1553.0429880771003,0.019424259683373836,-1264.5418600706253
836,0.6943682615716822,115.39151841237283,0.32865701640904144,114.77554893206896,0.28731246389482484,1701.613591975229,1674.7093713064535,26.904220668776247,0.09167325432850666,0.13652065554735482,1.2307015381703537,-1.270148603425631e-06,-1.289549259707645e-06,1.9400656282014355e-08,-0.00015563114266285645,-0.00015569528032539532,6.413766096531346e-08,10.650167144026831,306.97815414478004,7.650424345857984e-06,3.1145911063407973e-06,0.3348080753627043,1638.4242705472955,0.018706855854578982,-260.25544906649884
837,0.6079415737526894,93.69369099281967,0.2987406193326956,93.11675370198198,0.2781966715049979,1522.9932895249312,1501.444006106271,21.54928341865931,0.10012020129041903,0.10833425781264983,1.0287094993405628,1.4341781043492429e-06,1.4159513649398451e-06,1.8226739409398047e-08,0.0001616775474305051,0.0001616227179711261,5.482945857888718e-08,6.978773922893744,537.4320031818654,6.648054580173209e-06,2.668537172955494e-06,0.2778272340451052,1282.9653195067497,0.01847788576574696,272.3213280203381
838,0.62380263606509,75.07027080065635,0.18728982190108742,74.67379071741156,0.2091902613437075,1703.0560911668788,1680.0192061962987,23.03688497058108,0.08608092103256794,0.11174672431218348,1.1682686180015645,1.7910267187444105e-06,1.774197152438193e-06,1.682956630621763e-08,0.00020627547755061032,0.00020622414494019773,5.1332608955877126e-08,6.359321204523652,283.977019236476,5.920470668029859e-06,3.1524062066224082e-06,0.30843975801570894,1081.054846550523,0.018672906609260957,2559.935131200902
839,0.5643044501481279,68.13330931571235,0.21567555833609356,67.75857545794926,0.15905829942698307,1482.626672218958,1466.643861206706,15.982811012251531,0.14014154786274954,0.09076642520247148,0.8902558683816305,1.533665514161322e-07,1.3712372788917733e-07,1.624282352695484e-08,1.3983169841245834e-05,1.3932808011562911e-05,5.036182851800712e-08,10.961704750359004,489.98914433050686,6.2667410214872245e-06,5.243100441072349e-06,0.2516894475530223,926.7908354116811,0.018396906771486504,-325.10094552636656
840,0.6712865690448947,110.34044830702427,0.3570676014930529,109.54885222899216,0.4345284765390507,1773.1124021006065,1747.7511484190568,25.36125368155112,0.24303456482416566,0.11395252261975046,0.999630439442533,-9.699118479730076e-07,-9.857971863395987e-07,1.5885338366591388e-08,-0.00012440990877868576,-0.00012447396679676385,6.405801687754393e-08,13.17049866279766,446.09970896615295,8.772149327156395e-06,2.652013559915204e-06,0.2852231881377033,1551.6511490162552,0.021707782131370732,725.3761210590565
841,0.6733656899020461,118.5253298791176,0.41538357860433545,117.83143414301131,0.2785121575019695,1785.442160395494,1762.3748070782924,23.067353317200595,0.16835669841280548,0.12344504720983429,1.1438795286620937,4.018679352546619e-07,3.8481105119709807e-07,1.7056884057563854e-08,4.322796323927092e-05,4.316303210629628e-05,6.49311312605564e-08,14.136261594683718,246.47436719593827,8.521100990313331e-06,3.1819103513989876e-06,0.3071760349752848,1713.8119112256277,0.01964188605199499,589.6833155652967
842,0.6362344679060604,88.88007970660405,0.28628916129922266,88.3621564306825,0.2316341146223314,1294.1606318219067,1266.4516738864863,27.708957935417487,0.17332037933855243,0.11438467921077337,1.120330487837839,3.6912456807493606e-07,3.548750979206082e-07,1.4249470154327873e-08,4.076453902261907e-05,4.071021871983315e-05,5.43203016302469e-08,8.549137227370695,448.84845691609263,6.070063404704839e-06,3.0547200239212623e-06,0.30648986628434266,1245.9957762992665,0.019312997535697984,-1042.2225748421915
843,0.6256916742728662,81.2264851728461,0.24949130928451116,80.60849629444891,0.36849756911264075,1289.0688746184508,1270.5062754376074,18.562599180844092,0.11238801585701025,0.10584965336156617,1.0012006917085992,3.9752100065738395e-08,2.631773224341659e-08,1.3434367822321793e-08,-1.1400091495942888e-07,-1.7367609969711742e-07,5.967518308853043e-08,7.348820105127171,234.96730008863958,6.244935567713022e-06,3.262230914963209e-06,0.285252089865215,1140.451284078564,0.0172991812407978,-1185.0553079277088
844,0.598816375826601,91.10488831098634,0.30627164369844345,90.56003671235835,0.2385799549295365,1496.6644961534037,1476.099177525909,20.56531862749653,0.07588391050817533,0.11159598153162431,1.0470084284045582,8.743467164723491e-07,8.595129203842877e-07,1.4833796088061218e-08,0.00010254361128214246,0.00010248632888797433,5.728239209380676e-08,10.653380681057339,203.9336458140021,6.805869863854751e-06,2.6826926359962207e-06,0.2924234801363497,1239.0741480956508,0.019703138608815864,-235.35209060346824
845,0.7022732195617307,100.69688102902714,0.2752391922005247,100.16896622657939,0.25267561024722274,1354.529024690207,1329.045676231851,25.483348458356883,0.15752145209218954,0.1151432332660719,1.0948538762740412,1.4550008457834486e-06,1.438590300809436e-06,1.6410544974012805e-08,0.00016670228846401737,0.00016664181066436255,6.04777983520189e-08,7.215063126858487,535.0574960619691,7.237645660869582e-06,3.832346860627612e-06,0.3002663136756185,1389.4721575313654,0.0201782693672913,1116.853609885271
846,0.6925919140844541,126.91615094974463,0.3830338523469913,126.24197893163634,0.2911381657613031,1592.7174660739013,1567.3022728846902,25.415193189211966,0.19841860840232176,0.12831326484190259,1.17360926378838,1.081952374503945e-06,1.068774163517317e-06,1.3178210986628506e-08,0.00012465290902569461,0.00012458866515193865,6.424387241176452e-08,23.682184259743565,793.2987290909707,9.913128848662877e-06,3.460918252043674e-06,0.32410701897258803,1776.6685258454786,0.01965431958059343,2068.5457490302506
847,0.7111390638802143,112.24019410953466,0.3349284067586941,111.50604821241396,0.3992174903620108,1777.5412991440041,1755.9603966824052,21.58090246159945,0.16751373080708185,0.12960279100228483,1.2335356525801757,-2.672907670199828e-07,-2.846032017599467e-07,1.7312434739963925e-08,-3.539754059371072e-05,-3.546105463686551e-05,6.351404195734123e-08,16.39194316423548,574.5175811311877,7.42463183671056e-06,2.903792595664267e-06,0.32641622361796774,1615.3045018814064,0.021333580541063022,-674.7490563108622
848,0.5893564777264693,68.21240006336578,0.18891647146440416,67.78703353504908,0.23645005685229395,1581.130158439674,1560.3539663531164,20.776192086556016,0.0843193820142156,0.09171635226391202,0.9592534127963128,3.1864536050476696e-07,3.0355326751272856e-07,1.5092092992038354e-08,3.3434099917993874e-05,3.338266504901487e-05,5.1434867415500304e-08,9.2944675461222,-26.827057674989415,7.1372040737783215e-06,3.070682920180216e-06,0.2524890953832314,914.8741516641193,0.019583151100906884,-996.1020640791867
849,0.59958112585505,84.8156221259941,0.23164501233561752,84.37443103185376,0.20954608180470827,1628.920541076945,1608.6468516619213,20.273689415024865,0.1645990376013971,0.10005280858690181,0.9541697771528894,-7.565511774296892e-07,-7.696559173492874e-07,1.3104739919598185e-08,-9.189851588836377e-05,-9.195045778819351e-05,5.1941898405449595e-08,4.971644582009694,409.20812146475396,6.674574682563044e-06,2.637985909380817e-06,0.2559770396282412,1201.3297198707637,0.018079388901244844,2104.5046807171566
850,0.6918878413013766,102.3605448925322,0.3714806840798701,101.73095070984377,0.25811349860858784,1403.0719061361092,1379.774678514926,23.297227621184554,0.10962909377091513,0.12427001451057469,1.2238579367737168,3.1058986752705916e-06,3.0915150825098806e-06,1.4383592760710338e-08,0.000357030673127401,0.00035697412897938,5.654414630522273e-08,20.723274965797554,508.98693705641523,7.343384982472762e-06,2.831119985064636e-06,0.3202195454031771,1423.5450724102766,0.01883777061153406,-1012.5958537818005
851,0.6197557980356123,95.55144852870231,0.2686057342355691,94.9660985479767,0.31674424649002975,1455.3700349754702,1435.0620981345082,20.307936840962014,0.12968805670455796,0.10043927810972503,0.9302719035403261,-1.9886424030719386e-06,-2.005498936778264e-06,1.685653370632659e-08,-0.00024043818393365118,-0.00024049292466247796,5.4740727559455656e-08,33.9881838866588,659.2394984390626,7.709676889904362e-06,3.3863654948802115e-06,0.2655928241136799,1294.8038323526778,0.017682199004938587,1502.3455481110468
852,0.6615377650160595,89.86415641311868,0.29318764937470526,89.25387733019546,0.31709143354850505,1357.1141978499224,1339.4697214656787,17.644476384245063,0.1639306883761474,0.11594133070289626,1.157886275459846,9.089318012224692e-09,-6.371411282110581e-09,1.5460729294335245e-08,-2.831231132965403e-06,-2.8837113752390614e-06,5.248024133200433e-08,16.318344884272665,1058.3769025809363,6.656327224546092e-06,2.984693034975798e-06,0.3116497860264074,1301.5691437577902,0.02008485283619561,-1468.7042872225938
853,0.6569714246465856,104.266146307045,0.27994991104054195,103.78545567121984,0.20074072478461663,1356.5394713273377,1335.5603185557532,20.97915277158302,0.10721893342514975,0.12213383620415064,1.1899033288871583,1.2496409260293267e-06,1.236219874769359e-06,1.3421051259967803e-08,0.00014310015842698657,0.00014303458159109085,6.55768350597144e-08,43.66556949737743,186.84820627122218,7.794817577051394e-06,3.349214917976197e-06,0.31469629700053015,1434.2001145191116,0.020048953947832484,2096.2323372688334
854,0.6610064114473133,99.55301873875834,0.2932511740097423,98.86324783724272,0.3965197275058891,1270.888703926237,1253.3146229560355,17.57408097020154,0.12381431004420458,0.11225477239538399,1.0704303992521926,8.177918613519288e-08,6.715257268931641e-08,1.4626613445876456e-08,2.960377743049918e-06,2.904813931654026e-06,5.556380965936869e-08,13.874577583219772,441.6431006011209,8.553239502926281e-06,3.368523825977433e-06,0.2892002304464174,1426.1257794095518,0.01749084324566424,62.681928741811134
855,0.672914886714101,99.45110959064563,0.32751437491400937,98.64959385470607,0.47400136102555473,1599.5177512736602,1580.518907804953,18.99884346870675,0.14263887586915538,0.11531108575841927,1.125713081447934,9.839166721059108e-07,9.698380051273208e-07,1.407866697859013e-08,0.00010952619384130377,0.00010946257561643696,6.361822315201368e-08,7.088088687793665,636.77095089068,7.828864420520095e-06,5.196779354550507e-06,0.2997588657757506,1444.2446955336463,0.01979777988986901,218.49504213464752
856,0.6415831564683606,83.18213183274113,0.24854505066276955,82.68593153832813,0.24765524375024164,1714.1008158294155,1695.5948812774511,18.505934551965233,0.23700482113320706,0.10050483201714894,1.0408038242469106,1.8904703235078026e-06,1.8722481009413158e-06,1.8222222566486404e-08,0.00021790580714357,0.00021785023495705924,5.557218546837748e-08,4.9777947864951,-493.86855789138065,6.8801280082423755e-06,2.806551943510287e-06,0.2758646646881348,1143.135608618083,0.020092290844664584,-2324.955716145563
857,0.6566600332826864,90.37133869721991,0.34880065728105547,89.81002321848598,0.2125148214528248,1636.0857649545599,1616.1777210387686,19.908043915791374,0.20221567720124298,0.1053780645013345,1.0030148544214275,-1.1946738107734546e-07,-1.344517839968508e-07,1.4984402919505367e-08,-1.3900252825532202e-05,-1.3954856754598846e-05,5.460392784022424e-08,6.314018000122905,143.1404713713363,7.444137242659956e-06,2.7690547926030064e-06,0.2800526365139926,1271.5077837577505,0.01755601723633667,-2623.8835713986227
858,0.7482545271453755,144.67134264289325,0.476754659271153,143.72001074299433,0.474577240627792,1820.458940577892,1796.2975813011517,24.161359276738988,0.160625097229627,0.14669409463793576,1.3023926144339446,-5.569407162567122e-07,-5.724085380292985e-07,1.5467821772586145e-08,-7.217432787755047e-05,-7.224096537923797e-05,6.663750081005184e-08,10.688096147045965,620.1340707047358,9.965740596883997e-06,3.599460414145916e-06,0.34904020668025804,2032.5432476998299,0.018299863903839197,-3438.685557848996
859,0.6665836029253992,130.30615134461976,0.40785832612309625,129.30256263884993,0.5957303796467249,1711.0078287057001,1684.6595553183165,26.348273387387753,0.3011832710074642,0.1289278135638514,1.1282528236400498,-1.0266774374774437e-06,-1.0452960250994282e-06,1.8618587621984e-08,-0.000128510672880026,-0.00012857711503186717,6.644215063944056e-08,10.860736847006471,722.4448784828624,9.20909813575159e-06,3.0369690137732526e-06,0.3031950043586006,1822.4232301315928,0.017987617809671966,-114.77903548655013
860,0.7294821788710024,132.17134203763723,0.3955180808539384,131.41114719957037,0.36467675721292675,1462.4509734310477,1439.777944322779,22.673029108266295,0.09070612619903344,0.138907922362803,1.2341132118041138,5.841810282556819e-06,5.820899970629481e-06,2.0910311927338182e-08,0.0006800057423759083,0.0006799403258760449,6.541649909223266e-08,17.057225905953032,1046.003293302246,9.03435412721166e-06,3.390699478086599e-06,0.3366429655114935,1882.8991221219476,0.018604478923010634,-1727.0527296726432
861,0.6448323115993759,106.45914160408681,0.3207254617443567,105.85701508564392,0.281401056698521,1641.780952626586,1623.2352338449916,18.5457187815956,0.09981574163461555,0.12235891738359833,1.1451548418153334,-1.2083889676420769e-06,-1.2253519238315351e-06,1.6962956189458285e-08,-0.00014492899654027657,-0.00014498803537174094,5.903882971343231e-08,7.368404496064214,863.1890887171483,7.615270986606987e-06,3.184997278269313e-06,0.317650405496756,1472.0275402910524,0.018636332688668492,1141.0882233498305
862,0.5954114080232736,71.91378299851826,0.2136925181532148,71.5546266437986,0.14546383656646977,1241.7419840673276,1227.5175231997428,14.224460867584217,0.10797881628444783,0.09518664131672037,0.9931400356339403,1.6922777946409388e-08,6.2600254252239796e-09,1.066275252118542e-08,-4.2266974082321425e-06,-4.276976043832877e-06,5.027863402526253e-08,3.741244311348034,81.9671423922365,5.448252956988587e-06,2.9699366921119767e-06,0.2680189372029871,972.4901686834271,0.019129190196853208,-930.2107803844956
863,0.5846504093621488,77.16604295475837,0.21842177932885143,76.57346334773301,0.37415782769652,1664.8874553645026,1644.3252699185296,20.562185445970794,0.11788195637633496,0.09555550019999061,0.9335640923780368,8.869899614242514e-07,8.698548045760197e-07,1.713515684823165e-08,9.937079833626329e-05,9.93179669440563e-05,5.2831390938848305e-08,4.255111240439604,512.2418198436328,6.863887465292034e-06,3.287309998308487e-06,0.25965238097869625,1063.4729233628364,0.0188728912160811,-1266.2049986094316
864,0.7328034742331795,117.95879472054948,0.35234732212569225,117.41814986156493,0.18829753685885603,1547.9873713671748,1514.6148088663108,33.372562500865186,0.2427345316619322,0.1362908803196326,1.3613809748957204,1.4555516233059695e-06,1.4393259042020373e-06,1.6225719103932004e-08,0.00016482984797256618,0.00016476361297658207,6.623499497296891e-08,32.20341318204681,562.5842849549787,8.172720526919071e-06,3.3458685403196307e-06,0.34662415268015495,1639.1583023335093,0.022173797129022142,-2033.1280867358
865,0.629693413177109,95.64331688498882,0.37984442593968437,94.81323685069384,0.4502356083553049,1542.2706100694295,1523.5473341836573,18.723275885771827,0.16930498050190348,0.11116378004947018,1.0607832378547735,1.4276662589042436e-06,1.415068845548814e-06,1.2597413355429712e-08,0.00016637802991476743,0.00016632146010586553,5.656980767387899e-08,67.97045645499388,525.9864677688705,7.153887551826602e-06,2.6888501952337816e-06,0.2832382839830857,1346.3648682869184,0.01871344971887047,-1347.3762948994736
866,0.5887542013312408,75.6132059450383,0.23708477909235254,75.05816755975454,0.3179536061913928,1399.0969645666703,1380.1973721307904,18.89959243587907,0.11519203330650639,0.09999203287218435,1.0217281120490014,1.5203230924470602e-07,1.3568677208613643e-07,1.6345537158569558e-08,1.0548807165682774e-05,1.0497632796054054e-05,5.117436826274945e-08,13.166448977696627,312.90566897271754,5.322874776802766e-06,2.813912263859896e-06,0.2750713441636881,1075.4727669238619,0.02020886255095746,-1472.21376286526
867,0.6645671625416251,90.8226191130401,0.261502123717364,90.28054102883384,0.28057596048891237,1335.5705017429398,1317.6691263039816,17.901375438956297,0.13492112592284608,0.11571493458672676,1.1338892413366524,-1.4294228083548701e-06,-1.4462060606143807e-06,1.6783252259510477e-08,-0.0001743028535350179,-0.00017435540090298944,5.254736700745963e-08,9.902155402425153,798.3920065292524,6.982321352568623e-06,5.643344847460444e-06,0.30643377218687823,1250.4269228678315,0.017509990663507332,-4380.460944007707
868,0.6316977096438002,82.76873386746355,0.2611444475744209,82.19036011272598,0.3172293071631391,1362.9200654948538,1345.7904893510845,17.129576143770464,0.1706691101540656,0.11022956177291648,1.0956267372681083,-6.212355649041934e-07,-6.340730114530174e-07,1.283744654882386e-08,-7.676082320125753e-05,-7.681397152254604e-05,5.314831974014915e-08,12.856164970721895,147.55516941453544,5.956326052264338e-06,3.5319111478817294e-06,0.2948567583183749,1166.4495946592951,0.0195863499706366,-1079.516213907682
869,0.733028565199832,123.5120452174041,0.4290173359584396,122.71117466755547,0.3718532138901933,1822.3213167670187,1798.2834830458844,24.03783372113711,0.6772645957161836,0.14388650478875933,1.3651257195703648,6.727234082512453e-07,6.538217832618736e-07,1.890162498937134e-08,6.983756660607566e-05,6.975808041050911e-05,7.948619466874919e-08,9.534440182958118,797.9215209420067,1.1258738432043216e-05,3.843721697673005e-06,0.34728791315161867,1663.37375662371,0.020751094810932652,-4201.8277399086
870,0.5992058081345081,76.90811729025148,0.2626004022614656,76.43876694893144,0.20674993905857442,1518.4120261323092,1499.5585504818337,18.85347565047372,0.08347612314329285,0.08822941047879736,0.8539871884997821,-1.0684549108334044e-07,-1.2020460126174056e-07,1.3359110178400135e-08,-1.7540928494028988e-05,-1.759211942405893e-05,5.1190929012984286e-08,7.8034910117101575,403.02954941504174,6.404127220882896e-06,2.76983841154123e-06,0.2493255283309061,1067.9468858539115,0.019175991174028822,-500.6650564374504
871,0.5901558232287257,75.61921065521416,0.21761546644385218,75.2896348302623,0.11196035850802093,1354.87127665602,1341.3304090633599,13.540867592661876,0.10669208504128948,0.10492639998457093,1.0256064048266147,-5.821193248913021e-07,-5.975724349742316e-07,1.5453110082929692e-08,-7.335134584801502e-05,-7.340246105775483e-05,5.111520881794977e-08,86.07773907959786,221.76984409774045,6.009973012657094e-06,2.5237191417623283e-06,0.28643821496586075,1004.4352089399023,0.017804445509953293,-237.45971766800358
872,0.7102194236688094,95.9375567048814,0.3150342552550639,95.41115838456628,0.2113640650600607,1294.5058952527522,1274.9396239891773,19.566271263576706,0.16616330223858974,0.11880067086528492,1.158269613945074,-7.524835478343549e-07,-7.710831907901705e-07,1.85996429558155e-08,-9.467080965564853e-05,-9.472809492416094e-05,5.7285267532042526e-08,11.229142301255806,730.5894247054077,7.333635004097928e-06,2.9816207030849203e-06,0.3082116871663171,1343.615903624264,0.0197526443844423,-453.3938620842018
873,0.7006664200874742,82.38492881188847,0.22499130030430625,81.9273874735321,0.2325500380520619,1823.58428552138,1801.328327631013,22.255957890366922,0.08108843029211374,0.10464179726633352,1.1052649840576558,1.284058381093685e-07,1.1552966411993508e-07,1.2876173989433436e-08,9.877641593631868e-06,9.823763217107161e-06,5.3878375320401844e-08,6.92572520244386,-209.02917354135445,5.570658976741814e-06,2.737923034379337e-06,0.28843143620660083,1163.3857123327325,0.020316006915032003,-1193.5924149663479
874,0.5897889859587505,88.00345198449477,0.2981745327271357,87.53259136962431,0.17268608214334405,1532.4733732125974,1507.5757625966105,24.89761061598477,0.1345694792241055,0.10090906869347815,0.9619763028468931,-5.756924340626529e-07,-5.940614042997661e-07,1.8368970237113107e-08,-6.94020507140516e-05,-6.945745381373885e-05,5.5403098207715416e-08,11.695880284117012,268.708288863398,8.483993297757346e-06,3.592818909309788e-06,0.26787531605373927,1225.7779550988298,0.0177613523956879,968.220272006216
875,0.6101567554930564,84.76736753173061,0.22915825580913057,84.22596330195023,0.31224597397124715,1730.8487836936451,1710.0900861745238,20.758697519123125,0.18645017309456693,0.09671522833116732,0.959890360780641,1.7642330712320902e-06,1.7500703037698483e-06,1.4162767462242093e-08,0.00020671625357499248,0.00020665435449852194,6.189907537269255e-08,15.001963694846559,578.996060171977,6.96517967812721e-06,2.562597137502908e-06,0.26336312086438174,1156.9428358253317,0.0198456509146167,505.3740003567873
876,0.5860401014604882,72.34276427079655,0.19249160305318871,71.92195784494182,0.22831482280155266,1556.5650813608402,1535.6195902911247,20.945491069714194,0.1882728128871929,0.09893455110371563,0.9851830600218585,1.8045623512282374e-08,6.555821069369247e-09,1.1489802442913155e-08,-4.771970306506473e-06,-4.82572947360529e-06,5.3759165798948245e-08,9.054322213079617,-44.799557208317395,6.169973645289566e-06,3.0082166294706457e-06,0.27399779996504786,990.983168668104,0.019800091453336586,-2105.990618156822
877,0.6802074783819626,117.33345560048554,0.3730342314242252,116.61499810733312,0.34542326172818316,1854.4042374681765,1833.5350191972634,20.86921827091499,0.11172657392528444,0.12204755350580544,1.1390157063856634,2.7418064485886975e-07,2.5279994805003324e-07,2.1380696808836477e-08,2.467889348725141e-05,2.461191424725765e-05,6.697923873312027e-08,13.249017145917337,444.63994675178986,7.600955940008241e-06,2.8322125737425645e-06,0.30456918080372597,1633.8522682732964,0.01836160827327086,2280.9920542145774
878,0.7359300016441436,103.23766666577455,0.33133235034510405,102.70210059859728,0.2042337168321541,1625.7854902117983,1606.969989030396,18.81550118140017,0.10498717150654437,0.13856455026762501,1.367962653104337,-2.5659088206814987e-06,-2.5783822981036757e-06,1.2473477422177477e-08,-0.0003071729672188111,-0.00030722784416164557,5.487694186079377e-08,52.78110188628222,860.5133526996899,9.659584873491603e-06,2.8714487258501523e-06,0.3564458643582335,1466.026082486092,0.018038390168088985,227.30689481693116
879,0.7654734826276636,139.31154806295558,0.4424307420633328,138.71484758486693,0.15426973602530322,1699.2060395834046,1677.8425469697254,21.363492613680005,0.19837200881544093,0.15569506868994665,1.4086490385042851,1.0295652602680326e-07,8.512583975806713e-08,1.7830686268736064e-08,2.6668003751660776e-06,2.603981097829872e-06,6.281927553753826e-08,9.32983984250485,545.0867354342417,8.456784113683658e-06,2.954322051245911e-06,0.3863998130666144,1933.2325953836273,0.018001326243171367,-1925.0997782002269
880,0.6068683959565871,83.14203663595246,0.24963073002004943,82.69908107335425,0.1933248325781637,1254.1043287635475,1234.1746102149123,19.929718548633673,0.1065457539793484,0.09982858248687462,0.937045823666288,-1.2960408031296037e-06,-1.313653950163771e-06,1.7613147034167136e-08,-0.00015987124982080775,-0.00015992445856855212,5.320874668229711e-08,110.00222071593784,287.4948645692234,7.5822951643716154e-06,2.4222054459931474e-06,0.26653198109567006,1176.1430050136541,0.017418412630292954,-1819.6072801937153
881,0.56339546607876,73.20530005344807,0.17403713719984884,72.82186846351362,0.2093944527345844,1539.3114817648755,1520.1486075532123,19.16287421166334,0.09397610091509369,0.09916799199739673,0.9895396863399526,-9.641733371839745e-07,-9.797489321664542e-07,1.557559498247953e-08,-0.00011809580028350694,-0.00011814527066552835,4.9470380920832785e-08,29.512238883005246,443.2409807861623,5.603355078840674e-06,2.945479184905207e-06,0.27131254475757466,1046.6647162815523,0.020006721779651605,1914.7904681645923
882,0.534160929280229,62.80378124540611,0.19837044289077652,62.456895052514795,0.14851575000053696,1507.7006760569736,1489.168575452959,18.5321006040155,0.0997232718187665,0.08723208675675292,0.92392472208311,-3.120467609922993e-07,-3.260374374300688e-07,1.39906764377695e-08,-3.9852817316209284e-05,-3.989780672618265e-05,4.4989409042830626e-08,5.150187352865565,284.0099268644049,5.094367249737008e-06,2.4724537098844046e-06,0.24199792502909112,896.1240587963466,0.018517892321777186,440.14948630877916
883,0.659792075950197,107.31438601929767,0.3313645779463314,106.60832433588828,0.37469710546304585,2108.270219133214,2084.5356594072514,23.734559725963596,0.1582028578623984,0.12806519246524617,1.2209219243823126,1.084849166654376e-06,1.063390202567758e-06,2.1458964086618382e-08,0.00012122951782492679,0.00012116712234911919,6.239547464008847e-08,6.559163753200048,942.0251177862651,8.198769889909246e-06,3.2010625449445944e-06,0.33803723860348744,1538.7232374421546,0.019982965060886197,-3.1005824410385685
884,0.6582307978102411,107.29683365860878,0.33423384451873595,106.72823972359264,0.2343600904974153,1805.2621119386556,1783.6717761436832,21.590335794971875,0.14585365118286256,0.12595523133259803,1.1723041705566921,-1.5848056994164908e-06,-1.5989059824001377e-06,1.4100282983647443e-08,-0.00019157340402549666,-0.00019163111617145052,5.771214459656861e-08,12.076842507095101,-958.8261838594916,6.905609917472007e-06,3.139267747138443e-06,0.31261769694382147,1462.5207986909677,0.019430845205851983,-5917.063543045508
885,0.6783760084007173,106.58347961151783,0.34566277553649527,106.14319056685217,0.0946262691291747,1567.0416441128402,1550.2246744592014,16.81696965364313,0.1663287919299026,0.11727433570859379,1.1087944208537368,-7.719012016847391e-07,-7.90147045342466e-07,1.824584365772659e-08,-9.386544642043669e-05,-9.392371783203345e-05,5.8271410559448855e-08,30.465485797585146,500.9366933434234,7.529608626048435e-06,3.5382769240653895e-06,0.3048269972139689,1472.3895315810287,0.01919754619167056,1903.4690093972458
886,0.8034443319818036,150.7432193500994,0.46016825308844805,150.02826662817714,0.2547844688337855,1654.4974747052354,1632.5267107605107,21.970763944725444,0.11927333621417277,0.1590426631161321,1.4635683772734251,4.488800989694905e-06,4.467469545923284e-06,2.1331443771621233e-08,0.0005206577601004408,0.0005205834275058185,7.433259319316728e-08,9.511496808964825,621.8233697626268,1.0271723230849595e-05,3.5917961953311424e-06,0.3844961871296792,2112.567479436139,0.019944301503271374,-753.1501616529422
887,0.5841334234165119,79.2483635922839,0.27813156462397515,78.58560669706078,0.3846253305991224,1392.8710160846701,1377.7011362872342,15.16987979743367,0.233268296856261,0.0979979032399397,0.9664888112678551,1.2673252057896642e-06,1.251229724055126e-06,1.6095481734538793e-08,0.0001393970355028009,0.00013934313680314108,5.3898698576934424e-08,3.5223864216434606,600.6615612960076,5.943700047271945e-06,3.2938860673450404e-06,0.2637142502824946,1125.5920463783273,0.018305588163085515,-225.7483572124911
888,0.6170654401251005,85.32502289765742,0.27086248901969817,84.78985148188745,0.2643089267502641,1425.1971535756147,1408.2432838500633,16.953869725550568,0.21173351498428353,0.10768827804724507,1.0872011369095902,-2.517760744229266e-07,-2.6824019616908185e-07,1.646412174615532e-08,-3.1917743878626767e-05,-3.1975979188148484e-05,5.823530814908235e-08,10.215482939572642,832.6708374782629,6.411647108905949e-06,2.7173270692331272e-06,0.2883852420372152,1208.2635781572758,0.019477017688062804,247.00317556411028
889,0.7652463971126046,132.59691294078968,0.5047232279804011,131.76380804123195,0.32838167157733883,2120.460257471663,2099.649374059148,20.810883412513785,0.14183318615800844,0.15886449960488,1.508238654205753,2.5613391737428827e-06,2.5432059477631997e-06,1.81332259796827e-08,0.0003004367623217955,0.0003003694248437151,6.733747694909013e-08,12.180345880373299,1346.147051467364,9.95496157414569e-06,3.3183459565025373e-06,0.3858134824693543,1860.2164845136158,0.01976018906709249,-1400.6120848951032
890,0.6595529798829164,105.69694823005203,0.3648423741456737,105.04447459186319,0.2876312640431741,1605.9492837911653,1581.89955309151,24.04973069965341,0.10599964725272916,0.12601115129029003,1.1679492212497642,-1.9014215452154154e-07,-2.0662111718511917e-07,1.6478962663577608e-08,-2.609452907231328e-05,-2.6150588009545943e-05,5.6058935750249654e-08,13.608249535050653,685.5620539735093,7.374273743881296e-06,3.1822924444516055e-06,0.32037415903460015,1575.3849636623504,0.018959323422072506,-1072.5324820935894
891,0.5818316980423142,81.99598838999064,0.23393726471583168,81.59818230507713,0.16386882019766683,1442.6944793244434,1426.6891419332214,16.0053373912216,0.11192385251778579,0.10399008252382816,1.0167563330522806,2.3113551270319388e-07,2.1693051233215148e-07,1.4205000371042325e-08,2.294617877783972e-05,2.2893955578241476e-05,5.222319885796017e-08,5.269514886995564,476.1711350918662,7.39008798194407e-06,2.814320806845172e-06,0.2783530413324463,1154.4702860986872,0.019273297436825074,998.4536773540603
892,0.5995485111095812,71.58344761278101,0.22075447953632016,71.10445199875264,0.2582411344920594,1733.3432550665127,1713.9651695678344,19.378085498675986,0.09853259814837573,0.08751045629139505,0.884811701304555,1.433404701175464e-06,1.4183173007984885e-06,1.5087400376975418e-08,0.00016023608032141883,0.0001601871592191244,4.892110131703833e-08,7.366251833460974,557.9466445882812,6.067040427390265e-06,3.188070575687649e-06,0.2416923826435817,998.4886841686691,0.019332023526650623,864.2006302544614
893,0.5621986650544739,76.7496270803401,0.1834399117691278,76.34467156078819,0.22151560778278595,1114.2982912652128,1097.5058137159383,16.792477549275354,0.09236825012026174,0.09825612797929183,0.9894177274450531,-5.620822009700767e-07,-5.780471916659757e-07,1.596499069589907e-08,-6.892084816125039e-05,-6.897028237430785e-05,4.943421146039939e-08,12.895641629833566,168.37907045553106,5.289895235334281e-06,5.139616380971377e-06,0.2707999653466167,1028.749261330823,0.017759146883698982,857.2837765475451
894,0.6093348414704456,81.61501411838154,0.24159413563150967,81.1864030608814,0.18701692186862084,1641.0900912663385,1623.3414845643986,17.748606701941164,0.10168258005792384,0.09727794738792787,0.9534865841801012,2.753009715816243e-08,1.0715019971087846e-08,1.681507718707456e-08,-2.8700646646374147e-06,-2.9256366836458717e-06,5.557201769977106e-08,6.677026667146341,423.847232934424,7.753843734984975e-06,2.9403665682084418e-06,0.2721428723135123,1135.1369981491375,0.017602905054527936,1695.332589552334
895,0.6398471577023406,99.1953399808518,0.3138245224973692,98.5959258200394,0.2855896383150271,1806.6356352040782,1774.9244411904701,31.71119401360926,0.15781864397089268,0.11409084509811494,1.0675365006887572,-1.9119014727859137e-06,-1.9250512123325935e-06,1.3149739546679527e-08,-0.00023003255875980608,-0.00023009276600266513,6.020724158195682e-08,86.31082503101106,666.801873251469,1.1876885983179913e-05,2.763960991718434e-06,0.3053005919495427,1377.4375781369588,0.01852422760872721,1253.6799179092377
896,0.5542172115821772,75.14655725886058,0.20184647908926137,74.79937576097208,0.1453350187992424,1253.4453953181926,1238.1294733613702,15.315921956823335,0.1477017601124878,0.08810361366525485,0.8739521471209062,-1.859530067018376e-06,-1.87280590068211e-06,1.3275833663734631e-08,-0.0002234496140991008,-0.0002235018639174484,5.2249816922887873e-08,13.043898259937105,168.99712684123975,5.113270139045989e-06,2.8250549875403576e-06,0.243600709975226,1012.0991349706673,0.017837179676170316,201.31060275192067
897,0.6399707839614772,87.87264502131224,0.2664537323148129,87.35713299803716,0.24905829096026158,1211.1706020713868,1193.4568914158674,17.713710655520167,0.08885428270522165,0.10270211071073143,1.063382239570553,-2.968803510047323e-07,-3.107061035852769e-07,1.382575258054446e-08,-4.108539209905947e-05,-4.113978368997015e-05,5.439158993109738e-08,14.458427381317632,419.4178359682558,6.144396415720485e-06,3.156267959468006e-06,0.27229185209977935,1235.6171507028153,0.018063374414764015,-2439.821986879444
898,0.7001450021860688,114.98395011915724,0.3482266986032178,114.235179270678,0.4005441498760164,1679.862459555373,1655.721466595774,24.14099295959718,0.19917838749288727,0.12112706128471537,1.1158535212145728,-7.596803295075551e-07,-7.790006968098869e-07,1.932036730233161e-08,-9.256491735264317e-05,-9.262808550786097e-05,6.316815442020447e-08,26.506893810677855,442.05450573697226,9.514790471479875e-06,3.6082385504763234e-06,0.30553706233467903,1586.0238484296863,0.01914554749400103,2031.23057723921
899,0.677061277421089,120.38500593283622,0.3767974319367535,119.68218076348406,0.3260277374154301,1460.160966194654,1439.8923394283697,20.268626766285198,0.2461315930238982,0.1241949550931439,1.1078763418366573,2.2081478506061294e-06,2.1899753677542865e-06,1.8172482851844224e-08,0.0002559803466997766,0.00025591337559962315,6.697109830091545e-08,16.78668906126797,186.71959513516643,9.055412998699749e-06,3.4403269689264917e-06,0.30644754625218723,1695.3134309411596,0.018831537468867832,1585.6402457720287
900,0.6358291331664319,88.19484260133183,0.25477812497367786,87.63603165527064,0.3040328210875217,1405.005062857164,1389.7805435775501,15.224519279613254,0.10830473597564305,0.1030803260244962,1.0505856828844078,2.261893131073755e-06,2.2448733203483254e-06,1.7019810725429352e-08,0.00026073238995488637,0.0002606750578786923,5.733207509107199e-08,12.682468416308147,441.3888869861496,5.9843485040736175e-06,2.6731597657116145e-06,0.274713768263942,1207.9747982381682,0.0198526838417567,-382.21509024794796
901,0.6271814060995959,70.90569075134235,0.1921117579698309,70.63098483342212,0.08259415995038646,1423.3503479834326,1400.9190294854463,22.431318497986123,0.05789005069810598,0.09109735423133407,0.9495063655303579,3.1790334689764266e-07,2.988341523121159e-07,1.90691945855268e-08,3.3026720901983256e-05,3.29741038815706e-05,5.261701919215035e-08,5.9846505771038645,83.91943091646543,5.518552864288491e-06,3.4232055404975928e-06,0.268767269042453,958.0138233846168,0.01805903964853322,-509.6434598548185
902,0.6569038234435608,104.16136994652032,0.32129792527314777,103.59148694569626,0.24858507555091605,1837.2132797505296,1812.94962257773,24.26365717279846,0.17965197207362354,0.11713236884986576,1.0973169611594606,1.0407390328265005e-07,8.772279925800769e-08,1.635110402464231e-08,8.85306238825654e-06,8.798501029987853e-06,5.4561357431827904e-08,23.689827776802808,522.5215752980674,6.443066266104136e-06,2.5712263848402343e-06,0.30022388753498824,1439.50644436534,0.01798504222531336,1093.3150625215167
903,0.6753100599887183,88.40639295940883,0.2595681917615251,87.9480691288825,0.1987556387648244,1406.2302359471066,1382.570698485787,23.659537461320713,0.18854601008088778,0.1085926641665359,1.1159000637486591,-1.4889472025892973e-06,-1.5034320237412289e-06,1.4484821151931014e-08,-0.00017856599877699803,-0.00017862349086136302,5.749208308850948e-08,9.428460287921093,521.543977194537,7.407307193227497e-06,2.72161442821274e-06,0.28949354178914866,1217.3774240755565,0.01897479230661283,763.7539921849602
904,0.617057998754661,84.10554018705822,0.2408338674662235,83.5174783576718,0.34722796192020605,1539.1747735565152,1523.2685118196327,15.906261736884439,0.16015705640946595,0.11366954110928627,1.1020222498904146,1.7100876019122496e-06,1.6957257650112324e-06,1.4361836901016937e-08,0.00019984393966952004,0.00019978634397847898,5.759568981644712e-08,11.093404833819227,377.01922105836485,6.2251059251762465e-06,4.117844319191288e-06,0.29419842760623893,1202.0641565664353,0.01928772188131184,-574.2921649190357
905,0.6257587961399099,107.63390242757538,0.4151345994688536,106.98264588757813,0.23612194052839758,2066.9516129111344,2046.7238392222164,20.227773688913796,0.17614072701626982,0.11252030353471536,1.0104385051694926,9.932667606927664e-07,9.79134343953995e-07,1.4132416738771672e-08,0.0001164496118989559,0.00011639091312804784,5.869876965975903e-08,22.559196692707758,481.09822811499697,7.632127804881106e-06,2.721477927327666e-06,0.27197592293307593,1533.8260046011285,0.018709032097970115,1151.2269149435633
906,0.6748228000148272,118.65533456482011,0.38342823343959626,117.8811032441196,0.3908030872609205,1604.632550951142,1585.992678242732,18.639872708410547,0.3034787049488399,0.1240501677731281,1.1295481057810626,2.0326422757020306e-06,2.0136544396682644e-06,1.898783603376474e-08,0.00023098610475664913,0.00023092377360693563,6.233114777323457e-08,15.242970014778924,-241.83415922403273,8.181170601540361e-06,3.2250788524058696e-06,0.30411850555025227,1672.1718365982488,0.020988126602931152,816.5273817225825
907,0.6235598890228143,91.68131856275734,0.2909617279610401,91.10249851666676,0.2878583181295472,1549.0641296921442,1530.2803366862838,18.783793005859415,0.08642707336863328,0.10494091761550296,1.0543851618012365,1.525711523269996e-06,1.5133936361552808e-06,1.2317887114715328e-08,0.00017476842468045265,0.00017471452798782219,5.389669156366852e-08,7.224253276816004,97.9790312992728,8.206676789819434e-06,2.7016153171779926e-06,0.2769867821097128,1290.5405836774537,0.018727226119201242,-1930.3980140507374
908,0.6384128484002072,74.47659683741021,0.2445303308321731,74.02099921901024,0.2110672875678012,1333.4838294741428,1311.8787696767663,21.605059797374444,0.100195586078117,0.10007638029178392,1.0223853391851911,2.016164332257645e-07,1.8677073697139937e-07,1.4845696254365098e-08,2.1245062258158194e-05,2.1197060966106577e-05,4.800129087070144e-08,7.155621514275326,713.5166043826466,6.145977500203969e-06,2.8404839827570356e-06,0.2803246312923589,1032.6570687323901,0.018445767913664764,-1143.454437723034
909,0.5685926032007953,77.54914843720397,0.2431475698392982,77.01962264936668,0.28637821799798807,1521.0753864280857,1500.8041047998765,20.271281628208285,0.15462698657811183,0.09025066507740981,0.9282838558403572,-8.41859516376449e-07,-8.552253841329732e-07,1.3365867756524103e-08,-0.00010587816715574171,-0.00010592736907596864,4.920191936501439e-08,16.850223660407288,376.9980828069094,6.354221421424055e-06,2.3521428458952043e-06,0.24358095502865382,1034.548064907681,0.019714722727606757,1256.0271511775645
910,0.631980792192737,100.28609043780634,0.40337084347396246,99.64519821151366,0.23752138281871202,1597.369035575192,1575.4768244741836,21.892211101008954,0.3311432809991942,0.11286738983678556,1.091638599050059,-4.908408057645176e-07,-5.047788245376534e-07,1.3938018773136047e-08,-6.594061402691876e-05,-6.599583056906155e-05,5.521654072368345e-08,8.294312443760314,996.5131467594476,7.387424174675059e-06,3.332653565035683e-06,0.29790968762439385,1452.173744422968,0.018866576033281214,1109.9972145803295
911,0.641728412157825,88.53681687945469,0.2869965650484812,87.98133176757021,0.2684885468359673,1799.2266171298793,1772.5633218223854,26.66329530749522,0.08935776675018045,0.1099648426086769,1.0783057458069267,4.047193594873718e-08,2.603236237641626e-08,1.4439573572320952e-08,8.027630983545225e-07,7.455339705986588e-07,5.72291259812788e-08,34.49430168198166,367.579908726246,7.168231056538247e-06,2.8058434623181297e-06,0.30574075134411616,1247.5004180673882,0.01837438335814914,-1088.9354590008406
912,0.6246620595046758,79.43074608520672,0.3052168404920279,78.8890606551994,0.23646858951528957,1332.491786173495,1317.9339408180704,14.557845355423563,0.11857425010248263,0.09993220597543384,0.97664738997802,-1.2645704870530358e-06,-1.2767906346917446e-06,1.2220147638708698e-08,-0.0001540208985173417,-0.0001540730590738882,5.216055511173601e-08,4.567139110449279,522.6286509118709,5.897154156978816e-06,2.527013134523161e-06,0.27418805744352887,1101.0480193522621,0.019543770842060625,334.168301284888
913,0.5462876222506537,78.11575414021277,0.2060374925317475,77.71233937191298,0.19737727576806074,1430.1778278327424,1407.670893303513,22.506934529229255,0.13828041025357968,0.09191679829946754,0.8722945209121509,2.1509980621914106e-06,2.1362146543291523e-06,1.478340786225754e-08,0.0002486988842728,0.0002486421384424757,5.674582951715892e-08,8.248756475892268,526.2938759074241,6.805046456794216e-06,2.3235853709412892e-06,0.24495449842460212,1107.5627249337033,0.01846748287963178,863.375188927952
914,0.7031414626079806,135.71255833547713,0.3957272020228054,134.8423517229019,0.4744794105524528,1506.289521920116,1484.1409396535576,22.148582266559075,0.09195497126040561,0.13959814482837796,1.2854201098964946,-3.5170492159794766e-06,-3.5345279138585794e-06,1.7478697879103087e-08,-0.0004243141643225642,-0.0004243787679772448,6.460365314039391e-08,17.080623150696447,-264.60401490880713,9.668413778445175e-06,3.387812134273374e-06,0.32901562088540154,1852.693934654277,0.018302340963168667,3519.621272649605
915,0.6588844812804926,111.14044794320634,0.3590553642200045,110.48866059273088,0.2927319862554273,1556.8812273248266,1536.4202009284745,20.461026396355276,0.15119744676274577,0.11522418324230459,1.0721105263636828,5.057138953435702e-07,4.900884880771579e-07,1.5625407266412452e-08,5.6736563795156516e-05,5.667772005360497e-05,5.884374054275944e-08,9.785032571425315,235.6573463465013,7.791473636998722e-06,3.7498463526149185e-06,0.29562097740061877,1496.4421553973248,0.020047962188589542,793.9122378947723
916,0.7301680910392004,138.6309184310093,0.38389976337470594,137.87010973463964,0.3769089329949409,1435.0933407029274,1414.0717329203612,21.021607782566836,0.18445464021539404,0.15068457359863366,1.3138156549967417,7.363238743196395e-07,7.177137530853485e-07,1.861012123429101e-08,8.492329916304232e-05,8.486190397099737e-05,6.139519075270953e-08,16.71861072277147,926.4630101542577,9.589720325542875e-06,3.452029121062323e-06,0.3559427032191814,2020.291715765826,0.019095252565178054,-1494.1487223446493
917,0.553950890201833,68.16628612610619,0.20917203054457925,67.7823012072091,0.17481288835250297,1342.169606863264,1316.0539546083253,26.11565225493816,0.10288212256289891,0.08549195790012364,0.8705961787615284,-1.1164728244237735e-06,-1.133118557168449e-06,1.6645732744675944e-08,-0.0001373422919707312,-0.00013739289194959875,5.059997798468072e-08,5.536248157536518,626.6300944357473,4.8182827440394025e-06,2.909855223840487e-06,0.24015954917381385,919.7601682237812,0.01772639682880223,-1521.8250437274692
918,0.5464939412964447,68.33341889325092,0.17466060836750805,68.00823581479698,0.1505224700864312,1518.7513223294154,1500.6114525862836,18.139869743130028,0.07494384459590445,0.08964310215653944,0.9324253889779601,8.634657458185481e-07,8.495446946984627e-07,1.3921051120085066e-08,9.76694256656828e-05,9.762268560407173e-05,4.674006079859597e-08,4.8101560061378015,403.2591343303478,5.388401265788105e-06,2.6404312005473487e-06,0.25434588892180837,959.5488307051555,0.018323276964067946,107.34536346701498
919,0.6193902125959283,75.49151644331187,0.20220170281383237,75.14766610348943,0.14164863700861763,1312.9371854297622,1296.131904563287,16.80528086647268,0.11548157078846724,0.1050332506449232,1.0266410160760338,-1.5685687689215228e-06,-1.5876594528162682e-06,1.9090683894745337e-08,-0.0001909497129225341,-0.0001909968016850644,4.708876163506844e-08,7.254518723625907,687.2337579607456,6.017537258487753e-06,2.381226019403107e-06,0.2825933719592631,1102.231762605595,0.01962443657044632,-613.7465723820205
920,0.6499308502111234,92.45604739371763,0.26503554413450187,91.94054420910562,0.25046764047749354,1729.9127505394492,1711.444760345123,18.467990194327065,0.1457776816984162,0.10420481138143953,1.045459305181558,6.513220432517559e-07,6.344212202878408e-07,1.6900822963915066e-08,7.154180015297442e-05,7.148535955504571e-05,5.644059628811799e-08,8.098987486824422,462.13134199289584,7.403204208955536e-06,3.084308076619132e-06,0.28354433137588936,1271.1055243079718,0.019781275737743412,235.13208436944115
921,0.538611402887236,64.4942377586931,0.20743653476222318,64.06528546810625,0.22151575582462077,1322.4684587534537,1306.1809982994623,16.28746045399359,0.0761243816594926,0.08413242435567794,0.859185937336434,3.770629980238504e-07,3.5989503783543964e-07,1.7167960188410765e-08,3.884075716598284e-05,3.8794682533452806e-05,4.607463149735085e-08,3.841673086743783,325.0915180350147,5.69927798394308e-06,2.245043187192081e-06,0.24712370443043763,892.7357429788218,0.017540243007298,1795.8370131683841
922,0.7163661427576228,122.33552902910101,0.44524499491936337,121.67353386688141,0.2167501673002379,1596.4246058974086,1576.0250338578976,20.39957203951192,0.12908660802716343,0.12720534699781874,1.195377506475674,-3.1770882768296792e-06,-3.1953050386302768e-06,1.8216761800597688e-08,-0.0003768421122103303,-0.0003769122850068089,7.017279518776587e-08,12.062716711698027,694.6378123612378,8.045857824087373e-06,3.0225788941484713e-06,0.3129757731828634,1734.5023179198367,0.01895376750927736,730.1175458894904
923,0.6992968050837998,105.93553813607143,0.3739370704601882,105.27565461756404,0.2859464480472161,1917.6553931123387,1889.1202908833343,28.535102229004227,0.1219888520780264,0.133239869975666,1.2844379185624049,1.6653159797875082e-07,1.439437434074332e-07,2.2587854571317618e-08,1.2337585583777046e-05,1.2276423274588177e-05,6.116230765115408e-08,11.765731539857153,378.6361519776572,8.655367955141404e-06,3.1476501266176912e-06,0.3544911850716927,1468.4239084898577,0.019103448376644117,-792.5444477667297
924,0.6408990296312879,93.6939782867546,0.25346175970581697,93.0937931382792,0.34672338876960834,1509.2692901947275,1488.4335454448321,20.835744749896726,0.12395485405267608,0.1037326515340141,1.0723912076092825,1.9836994605881197e-07,1.8256176456231673e-07,1.5808181496495264e-08,1.6536051173530053e-05,1.6477805804643374e-05,5.824536749571798e-08,32.923504206730385,325.89211702680365,7.1845971042048374e-06,2.8387813293745632e-06,0.27601905708797586,1278.9468604257263,0.0192686062979498,2491.284951380723
925,0.5977416728809168,80.06471824300989,0.21313795425096857,79.62900344380627,0.22257684495267466,1540.1650165866859,1523.8041136253516,16.360902961335082,0.08889732343550025,0.09552592242385873,0.9523519723152544,5.320002320578006e-07,5.154428248462561e-07,1.655740721154468e-08,5.6894478065748265e-05,5.684069751197049e-05,5.378055281559929e-08,5.978163199222365,158.91330466990044,6.272123508255412e-06,2.5500331069116583e-06,0.27749752808265776,1115.9260335656554,0.019811391332526743,410.13079421493603
926,0.621600310781132,86.00524379858118,0.28059647057564896,85.36243740926028,0.3622099187452536,1459.59083864573,1443.6465988617852,15.944239783946704,0.14116356096963703,0.10353201580832365,0.9740804691640835,-1.1469286091385592e-06,-1.160281240922715e-06,1.3352631784156203e-08,-0.0001391095145238256,-0.00013916258190442828,5.30673790653346e-08,10.202333401742722,458.03963853052824,5.795900104732348e-06,2.632423680577957e-06,0.2714413322325022,1224.7954344492612,0.01917139771409625,366.8870455499018
927,0.5845921754463723,85.96971366327239,0.25689806960829437,85.42162058880662,0.2911950048574751,1433.65457873355,1417.309885604634,16.344693128915235,0.11400163295847994,0.09269629900289297,0.9418948846095417,7.120511168290307e-07,6.996857277666088e-07,1.2365389062422032e-08,7.920267509194595e-05,7.914326956875952e-05,5.940552207380645e-08,11.646847234397367,501.92586285864286,7.216312034811626e-06,3.1316072222922496e-06,0.25314831974417024,1216.200014748084,0.01727022270054189,-604.7815690835196
928,0.6200752523141757,92.70637803349308,0.36614126145988435,92.15147163938423,0.18876513264897696,1630.3575909300332,1611.2711249365489,19.086465993486975,0.07378064575407882,0.10379501388938767,0.9869122654348983,-5.991880202987136e-07,-6.153682631555012e-07,1.6180242856787737e-08,-7.47396629345591e-05,-7.479573194004411e-05,5.6069004215787174e-08,31.113501148867563,308.1633461243876,7.037072717945148e-06,2.705104501009458e-06,0.2760836148467125,1253.3163220970569,0.01859895964412232,1143.3437959216208
929,0.565921759729079,66.29136238118693,0.1670801567825241,65.91953224469711,0.2047499797072936,1407.0304093216544,1390.4153957660399,16.615013555612926,0.09376995273826731,0.08447956991935143,0.8633065250788237,-6.491477118462149e-07,-6.635630486112353e-07,1.4415336765020458e-08,-8.33474388646818e-05,-8.339685552456265e-05,4.9416658889259606e-08,5.081730473468619,326.81811850454295,5.602672283039157e-06,3.549656968138177e-06,0.24695488376548402,943.2678195134703,0.017931051176098105,1063.8953994008152
930,0.5879881568395056,72.1939292981165,0.19043542969767566,71.72938045179305,0.27411341662577127,1353.3650073615408,1336.0334676365178,17.33153972502445,0.09192038116132178,0.0981389792867491,0.977148512978126,1.7080717075399036e-06,1.6899287773167946e-06,1.8142930223108978e-08,0.00019933935369619062,0.00019929033655818418,4.901713677574251e-08,4.190719048606939,381.5348478987073,5.685427373464179e-06,2.5501237095093555e-06,0.2734653051488747,1010.5878468054709,0.01701120915664146,783.983277976462
931,0.5410767042214204,74.39070568348575,0.2358891958586814,73.67511603246612,0.4797004551609162,1383.3941719563054,1366.2978814797464,17.09629047656076,0.09150830715648273,0.08775375887257308,0.8448637399732448,-1.9186333707214556e-07,-2.0548494113710185e-07,1.3621604064956252e-08,-2.5107407123106138e-05,-2.5155142393571756e-05,4.7735269152339835e-08,44.529575667149864,771.5273514749636,5.150326002872595e-06,2.763261274703173e-06,0.2342079673750192,1033.8864643044199,0.017747152159763784,-657.2904577810405
932,0.7598513765777539,123.66589067511477,0.5436431613762923,122.74446339875549,0.37778411498301473,1977.3340394714198,1953.6755542312542,23.658485240164847,0.11612551354019499,0.13647296426441954,1.248376765768044,1.8556742190739968e-06,1.8395392786124538e-06,1.6134940461543226e-08,0.00021016724599224487,0.00021010135669052344,6.588930066420374e-08,7.686578878603006,403.8417004861495,8.659341982065843e-06,3.374974697952348e-06,0.34554464077209995,1700.4479200116189,0.0193185861772425,-2606.281326508022
933,0.6011421865622981,89.58841609900003,0.30817038615660947,89.03679526339218,0.2434504494512492,1232.1001353823046,1210.0906371839146,22.00949819839081,0.12866240340654703,0.10242948533043225,1.010842407198909,-4.516511303843167e-07,-4.6683012294396144e-07,1.5178992559644678e-08,-5.904891028987063e-05,-5.910269604955367e-05,5.37857584731547e-08,15.476898298831927,620.0694137182642,7.852847154760621e-06,2.316318217072223e-06,0.27182596703497264,1277.6446155315812,0.01982346896473418,-1515.7727732189014
934,0.690656115369317,114.62447466155545,0.33054321211153087,113.90467391008889,0.3892575393550245,1648.253498475434,1625.82880387836,22.424694597073856,0.11488348607949712,0.1256947664479379,1.1367426198243085,1.858611482242303e-06,1.841473685324331e-06,1.7137796917971648e-08,0.00021718794941783377,0.00021711957161685112,6.837779950700498e-08,7.016242601987031,382.5838062155719,7.56901031165868e-06,2.848582834034157e-06,0.3158482724198428,1584.3932278440043,0.01819593322591154,824.37860795706
935,0.6274034864483844,98.35234115985448,0.2578567203018071,97.74009179338721,0.3543926461654556,1893.8859031602385,1869.8330810056782,24.052822154559845,0.12352995426073839,0.10681990332272077,0.9702050010058128,-1.0478940917638607e-06,-1.0645252104747932e-06,1.6631118710932844e-08,-0.00012881048007100897,-0.00012886593986150338,5.545978917261161e-08,14.962893352672829,-34.18459044040929,7.419839664790994e-06,2.555129503125366e-06,0.27508060166768694,1370.6361919092087,0.01880144358151107,2320.823871536053
936,0.6767476331058261,112.05141146510186,0.3899070023912134,111.30725941696164,0.35424504574901694,1403.724484961786,1381.8006226729135,21.923862288872975,0.4204852801179983,0.12202033931677342,1.1209997182679459,-1.3640750420082991e-06,-1.3826308910348343e-06,1.855584902653532e-08,-0.00016927942318342837,-0.0001693402697645025,6.084657964958406e-08,7.186210098834625,495.3760206040051,8.995763682785502e-06,3.3783768465836817e-06,0.3156544570553843,1635.7247982811414,0.01936877201316086,-1337.6529501258192
937,0.7390503382524295,124.33084324785865,0.4559152926294757,123.5287463815406,0.34618157368857355,1539.9976026946174,1515.0402576101535,24.957345084464194,0.14725256898213496,0.14476543023405594,1.3095601491425584,-1.9772345383411616e-06,-1.9950743554819092e-06,1.78398171407479e-08,-0.0002422649017393156,-0.00024232646710813853,6.156536723240578e-08,35.13962106260095,633.8373692105399,7.992297836256045e-06,3.312861349528976e-06,0.3484407464196978,1727.574770874352,0.01985293345633112,4484.797164798343
938,0.6603574530351652,127.33347304330292,0.44291422824012294,126.87981019451935,0.010748620543439025,1739.1314358182801,1710.259332988563,28.87210282971683,0.13769124322721585,0.12097729319738246,1.078139031251336,1.2155656046150582e-06,1.1934517515963803e-06,2.2113853018678435e-08,0.00014432623042976006,0.00014426130540176173,6.492502729534666e-08,68.41777839890251,665.5168666909304,9.779089773097431e-06,3.103787960128018e-06,0.29626263676942155,1788.004877267468,0.018613461738409564,1719.125603558532
939,0.7385266333997645,112.71094157005358,0.3135480574194239,112.1643424908963,0.2330510217378589,1377.5575177133878,1358.774021072077,18.78349664131235,0.11152135274615281,0.12898534953350288,1.2346805420691307,8.844950200354401e-07,8.684983753471672e-07,1.5996644688273032e-08,0.0001005919407061205,0.00010051996222773677,7.19784771821389e-08,7.157944870617288,778.0190471469011,9.138118645043283e-06,3.0163050729573823e-06,0.3316615983925864,1609.1962497176664,0.018813625315535733,101.40136262266242
940,0.6776400466321308,105.65103124831637,0.32826785825558935,105.00782056047952,0.31494282958125863,1675.9130407803796,1653.0318811813506,22.881159599028486,0.1609438486226331,0.12481405198245098,1.140383762249431,6.567398685070673e-07,6.375883132546435e-07,1.9151555252423467e-08,6.984488612263555e-05,6.977697907467785e-05,6.790704653139636e-08,10.30033435461613,93.80698626315636,8.637600229800843e-06,2.8036127770265234e-06,0.3206453678657063,1484.9194736558368,0.019813147983301502,864.497912292496
941,0.5897113448273791,78.89826686827392,0.2639197069968722,78.29543629788364,0.33891086339337784,1406.7269781343277,1392.7048350692305,14.022143065097755,0.10006660531150019,0.10381235502087349,0.9971321914727859,2.1848171781775945e-07,2.0722055019271427e-07,1.126116762504522e-08,2.279187497331202e-05,2.2740395495435774e-05,5.147947575314205e-08,12.591855672032063,193.67654119351576,6.5254734286056686e-06,3.499217846627345e-06,0.27748077944648464,1099.4363546583618,0.018522078530676576,656.2588767101151
942,0.7115228282148417,129.27115444663812,0.370882044696474,128.6123249055843,0.2879474963573424,1609.9269614620678,1587.7523389261307,22.174622535938795,0.14709937307099816,0.1400505899825273,1.1974563788046355,-2.5402647269893715e-06,-2.5568983509772085e-06,1.6633623987838047e-08,-0.00030520887264862785,-0.0003052721732640902,6.33006140449426e-08,11.635288354913857,496.662758784848,8.574566118945694e-06,3.1412912655789986e-06,0.34454663837580135,1798.2603450115346,0.018520507726201237,-723.5953661068088
943,0.6520782258770419,96.96345064368005,0.2843922047874237,96.38104007506956,0.29801836382306757,1534.2131522434008,1511.7795684649032,22.433583778496516,0.16438625491073502,0.11587405387640251,1.119702442505325,1.6978170289661999e-07,1.5209218333864233e-07,1.7689519557977687e-08,1.4946761247248137e-05,1.4884696904197438e-05,6.206434117806656e-08,8.416129161952693,664.4827675190019,7.377260187889702e-06,2.7096172163948347e-06,0.3022602982257436,1341.685422131955,0.019263391341262197,1792.8406370796984
944,0.6039334870530764,78.30441169318847,0.2177529212378141,77.83889975717422,0.2477590147764511,1460.868804626278,1441.4558155384113,19.41298908786765,0.1324238393400641,0.10299810920271836,1.0251759615253362,5.531544926486687e-08,4.097089068840344e-08,1.434455857646344e-08,1.2960762678912883e-06,1.245536625175259e-06,5.053964152910686e-08,8.959584039145904,480.82816460107665,6.726941451911671e-06,2.7724579110508224e-06,0.2878329983122799,1091.841558582512,0.019128476253282872,373.44004653802403
945,0.6329422585359002,98.08713219775717,0.3061203792749772,97.35209276647694,0.4289190520052582,1618.5067231617797,1589.314521169937,29.192201991843394,0.18301293357091175,0.09820344891314352,0.9334627798691492,2.2947203508358552e-06,2.280225520357027e-06,1.4494830478827965e-08,0.000268916865775652,0.0002688539669454829,6.289882852626411e-08,77.74534035626793,334.12846241948347,7.35764272845576e-06,3.0817366103592306e-06,0.26266753011310173,1326.3955693547543,0.018668171984348128,383.7227186342534
946,0.6822996162499778,106.95631313818456,0.28809665784032323,106.31019955755849,0.3580169227857581,1506.195640682023,1487.7308047067934,18.464835975231964,0.1201778293315709,0.12322684946035083,1.1492057368932267,6.624903111742146e-07,6.456096754730291e-07,1.6880635701185656e-08,7.516585122611472e-05,7.511139305191073e-05,5.445817255116196e-08,7.0054939191006,258.7391383273914,7.909527269562996e-06,2.7124504559528174e-06,0.3111051090190279,1473.8217017361003,0.018337092718952216,409.2042155206618
947,0.6025499468571671,76.79941274449156,0.21465406852382635,76.36158888450852,0.2231697914592281,1427.7769228020243,1413.039142963599,14.737779838425002,0.08593051775715496,0.11244915153657965,1.1520882490898896,-2.215851469963249e-07,-2.3816023246050993e-07,1.6575085464184943e-08,-3.147841040808873e-05,-3.1528583013739994e-05,5.0172604163037386e-08,8.389820539785942,672.70568453661,5.420247987174865e-06,2.7187634049118406e-06,0.3049063155219871,1042.2022008005995,0.017512234266613757,584.7872149524737
948,0.6510192872032377,82.67067749643464,0.24437950237779288,82.07867239284485,0.3476256012119923,1534.5530460410753,1519.004994929407,15.548051111668732,0.18524564521873685,0.10962488940367085,1.0910283398344125,-1.471697636659006e-06,-1.4866580741436617e-06,1.4960437484655725e-08,-0.00017791005462181484,-0.00017795792292821082,4.786830514033704e-08,15.931887475516021,340.4249882275751,5.7007666238874104e-06,4.285753246509162e-06,0.29124856561880663,1148.9945254023366,0.019442355137480053,270.4347328802796
949,0.6687122273451344,106.10509101481787,0.2913332465077951,105.4774727816637,0.33628498664637596,1593.3742938405335,1569.1346601152136,24.239633725317976,0.12365180785846135,0.12482930146724447,1.2343935339663064,1.3042347944285944e-06,1.2880580529977884e-06,1.617674143080643e-08,0.00014571436434078817,0.00014565725454506308,5.710979356560435e-08,7.326020207610961,559.4963053788688,7.253779724588161e-06,2.4830339823383194e-06,0.3180771053995205,1500.6955166972584,0.019015040560718167,-1536.91766309374
950,0.6425697576000254,84.69086181629746,0.2847193380822019,84.19621776355774,0.20992471465751247,1418.1305857609075,1398.0468820490603,20.08370371184911,0.1684454256980095,0.10899077255087843,1.1282310956540555,-6.325154325252424e-08,-7.774414616967725e-08,1.4492602917153008e-08,-1.3820044428282869e-05,-1.3875178401686204e-05,5.5133972212474106e-08,18.901060354797536,314.1584551263133,5.780384448731099e-06,2.591597746774647e-06,0.28637813062265466,1203.7259358237682,0.017645509707359577,769.1044441836129
951,0.6441611267630177,77.48959552920522,0.24062864748945817,77.03027314144504,0.2186937402707301,1406.899847945649,1380.7329718744074,26.16687607124269,0.0847968742855298,0.10955760082769447,1.1706069314870748,4.3525825570154955e-07,4.166997843926682e-07,1.8558471308881454e-08,4.8670273998942154e-05,4.861959429801941e-05,5.067969987991128e-08,15.125107920572772,447.4775552180233,7.062281895200513e-06,2.63154037366418e-06,0.30070659947364003,1078.4562788720798,0.017648257632166868,-375.1208746645789
952,0.6183923164943709,88.43141083044532,0.269252014925456,87.89376111769045,0.268397697829407,1675.7954277213803,1654.286857601509,21.508570119872978,0.12996816949884327,0.10776982052289619,1.0076267636279224,-6.22255994882212e-08,-7.427212941242772e-08,1.2046529924206513e-08,-1.4042368489856899e-05,-1.4097268698439776e-05,5.490020686551531e-08,7.910116877768585,360.20387799023104,6.9505048684816535e-06,2.752503553990525e-06,0.27812945128553157,1255.3156110716761,0.018249022270822476,-45.721175062637485
953,0.5813886214313075,84.71902542166714,0.20476334660419962,84.29419124996656,0.2200708250963748,1447.6061352857128,1431.994918628631,15.611216657081515,0.091324555915243,0.10687490659744656,1.0537164847937566,8.885227383185198e-07,8.728617899275579e-07,1.5660948390962314e-08,9.988956323782367e-05,9.983450247280661e-05,5.506076401317952e-08,28.543775772016275,515.884899151209,6.351811143823999e-06,2.802441250667415e-06,0.2898240969149568,1171.251112682938,0.01844159367361869,-1196.535206669243
954,0.6516995089053763,95.55865964401039,0.27236473034679975,94.96310627268913,0.3231886409744746,1720.0239325977088,1694.564855126569,25.4590774711408,0.10988830152036766,0.12287444515964674,1.146121962931208,-2.2113456564986626e-06,-2.225089638806353e-06,1.3743982307689474e-08,-0.0002715818597934004,-0.0002716453454996131,6.348570479159918e-08,10.603941074034232,270.21875547751813,8.05123242602948e-06,3.090319097511984e-06,0.3150649574087946,1355.8234377116478,0.019055040458426382,666.5944701396547
955,0.7111744340601054,129.15813442274538,0.43447634590698103,128.30272975622853,0.4209283206098609,1636.328302326342,1612.0236451176804,24.30465720866359,0.3048360397100541,0.12324309166827568,1.200403814919592,9.085563737441765e-07,8.869984150097143e-07,2.1557958734462212e-08,9.786751931492853e-05,9.779308557330055e-05,7.443373977416173e-08,20.21193495316463,542.9839804513985,7.941644789069614e-06,3.2231172506197492e-06,0.31812099935199023,1816.5341502553497,0.01924158534125643,2321.819090806872
956,0.7542903836809435,125.92029082047348,0.360219182844211,125.23815955451049,0.32191208311879393,2034.0330706220498,2007.6445376155932,26.388533006456374,0.19264634197383207,0.14701578796072698,1.383858838154586,7.3941747318032e-07,7.193359682141606e-07,2.0081504966159457e-08,8.215597672787496e-05,8.208159130969658e-05,7.43854171357108e-08,12.458362631256618,492.0149467811835,1.0482877982102472e-05,3.038030536551174e-06,0.3637471645452531,1791.1053754950372,0.018386785814902943,-2164.2239932444936
957,0.6572020878269393,90.80020363056133,0.29822991659015763,90.3813175348882,0.12065617908297735,1230.3349404505464,1208.523027629167,21.811912821377994,0.11976768295867005,0.11241996974944526,1.0961833651119497,-3.184887184479709e-06,-3.1996426539118867e-06,1.4755469432178614e-08,-0.0003827336092876878,-0.0003827949172105581,6.130792123098722e-08,5.985680120748269,547.3614189203785,6.788954059950528e-06,3.6586777729454006e-06,0.29868458232255346,1200.4914495104279,0.018832816466131483,1457.0460066282903
958,0.7130726930997017,118.31662655817802,0.38445692548933286,117.77203931492032,0.1601303177683475,1663.863163269168,1646.1586109119896,17.70455235717974,0.19214466213012996,0.13677935136799338,1.2343549592220904,-2.181942764585617e-06,-2.1963737632093692e-06,1.4430998623751111e-08,-0.0002663829074287833,-0.00026645363489557903,7.07274654944288e-08,6.814685792050792,640.9697104311687,1.0023527001233368e-05,3.611785549743364e-06,0.33144079952778327,1610.298287767628,0.019567535327574496,3138.3151172939724
959,0.6084014875483168,72.48640968914917,0.21386734743512875,71.95402439385747,0.3185179478565736,1364.2390388493761,1345.5101705384109,18.72886831096767,0.07943116623944396,0.09550140953227654,0.9456040133215875,1.2626141039732767e-06,1.2482377146352522e-06,1.4376389338024786e-08,0.00014387631709021227,0.0001438273631554271,4.895393330031644e-08,9.637794675365608,427.8240502527987,5.572126916549857e-06,2.5347041068874207e-06,0.2616966003542606,994.9197503793825,0.019741508975424638,183.55413262471848
960,0.6378919334901227,94.76169637208366,0.29418957343767366,94.05943811894431,0.40806867970166727,1528.1257094158761,1506.7163448492038,21.409364566676416,0.1377603226661807,0.1216600020345963,1.2058430063740315,-1.0267215567666768e-07,-1.1642011132319672e-07,1.3747955646529038e-08,-1.7529653044929532e-05,-1.758491825646225e-05,5.526521036623848e-08,5.560872126375627,291.2470214323443,7.629028503579676e-06,2.4615084818301107e-06,0.31578765106094464,1295.2363878448537,0.01998144304243203,-1478.4305434850357
961,0.5674934293941386,78.7748971945617,0.2281953751046378,78.32116252089611,0.22553929856096483,1203.3985025021718,1189.586788465016,13.81171403715475,0.09152127976526944,0.100248409032588,1.0079249927531253,1.010133911792484e-06,9.939248925566972e-07,1.6209019235787088e-08,0.00011749748956910837,0.0001174403630602078,5.712650758007124e-08,8.276810769093542,841.7772011060252,5.648018745572702e-06,2.758897419119679e-06,0.2724948762080475,1096.9131031733496,0.017656948032274578,663.6974572077706
962,0.587235123598342,80.83473518232564,0.23000412504644174,80.38899528855343,0.21573576872578373,1622.7301005750996,1607.0076653719943,15.722435203104803,0.08514563283256484,0.09197961993389984,0.9038241890886218,-1.6340964768084094e-06,-1.6492460381600119e-06,1.5149561351602293e-08,-0.00019911872475763772,-0.00019917363987345544,5.4915114722395135e-08,16.429637166929048,-552.917892130796,6.692055274722804e-06,2.6824090701890747e-06,0.24722482843358523,1165.8466390925705,0.01798900560105271,-615.3831294622505
963,0.5808303872707072,76.10755819705336,0.24918395375617286,75.58867055866408,0.26970368463310457,1147.8940204183652,1129.2195984626023,18.67442195576103,0.13362911984422957,0.08734009041040318,0.8909642637551886,2.32949703504488e-07,2.2078822285388845e-07,1.216148065059956e-08,2.2363164725510107e-05,2.231099189772475e-05,5.2172826617092835e-08,7.459592632613871,621.0303604724352,5.990816838812105e-06,2.9996512970961646e-06,0.24413237482747244,1082.30117015628,0.017557400404320987,419.4606588239876
964,0.6927143752151123,107.86143956825627,0.3049534331361321,107.19978545049159,0.35670068462855137,1325.660363359368,1303.2056420855783,22.454721273789822,0.256736062334132,0.12342048152987424,1.1901978364171766,9.068058362149252e-07,8.922682224067722e-07,1.4537613808153003e-08,0.00010672540984495193,0.0001066608466285022,6.456321479180058e-08,10.451000985561581,212.43472401318348,8.187571790675866e-06,3.0133776881574556e-06,0.3069449714844106,1442.6734226796436,0.018971649995289767,-3017.6389799707067
965,0.6583278080468912,107.43193638165191,0.252536321366977,106.90265929022924,0.27674077005568426,1808.9027178231768,1783.0585226837331,25.844195139439233,0.13446198713774332,0.11680879720213244,1.1313457205871742,1.3365639081291856e-06,1.31901916895122e-06,1.7544739177965565e-08,0.00014995683378722763,0.00014989105143235195,6.578235368737748e-08,10.881880147470042,375.77979999321576,8.420568512149946e-06,2.916833444502437e-06,0.3052487167633918,1516.4089255632734,0.019190245549136387,-1943.5790368446214
966,0.5742903657328905,72.55918062037058,0.1919649626842869,72.13554500690186,0.23167065078443266,1479.346304633108,1458.43266615535,20.913638477758436,0.08441402374151352,0.08656959795784676,0.8421094074375228,2.6136524607639076e-07,2.4822062920897366e-07,1.314461686741711e-08,2.608590161808399e-05,2.6037246240757028e-05,4.865537656811378e-08,6.187822764347511,506.47621465547553,6.089927782399056e-06,2.5245822379958805e-06,0.24189543455508017,1031.3927265486313,0.018481641938707338,754.9070418349183
967,0.6468097699995173,102.48365022227225,0.29059801559762033,101.85899950471038,0.3340527019642332,1554.349564736137,1535.0931140074135,19.256450728722346,0.239595211052692,0.10464334718496736,1.0069345736093898,-2.0120758728880546e-07,-2.1782353767880884e-07,1.6615950390003336e-08,-2.7224436295867143e-05,-2.7280880738204372e-05,5.644444053392483e-08,28.353965101991832,645.0385225598318,7.346838224931017e-06,3.570938981139119e-06,0.2909446112312367,1414.0065853886606,0.018871805034752467,3006.5395680695838
968,0.7116365157702426,124.89998117305451,0.3442737136055999,124.20550647320576,0.3502009862431378,1833.6740310478215,1802.5247730805916,31.149257967230657,0.3144003067749902,0.13578235548693873,1.2450690889358231,-7.266399271311252e-07,-7.444426257491432e-07,1.7802698618018125e-08,-9.364889727837479e-05,-9.370783698692042e-05,5.893970675047819e-08,10.109567627684196,908.6980456955663,8.018571339353117e-06,3.3389653366785244e-06,0.32931375684737857,1772.77161769239,0.018899589331585302,-1145.058821554103
969,0.680572938325391,98.43519576322048,0.3685764637579379,97.69642814764522,0.3701911518173082,1940.2501593535587,1921.6774867130625,18.572672640496663,0.19719287213173076,0.1234354456612175,1.1464239164937646,1.2714630675971821e-06,1.250639298793134e-06,2.0823768804048696e-08,0.0001501693727066088,0.00015010497063138437,6.440207397322599e-08,23.121032766669238,997.8883111147517,6.28008220626314e-06,3.6555250796429857e-06,0.31425348302369777,1429.6010060851384,0.018870110733746497,-1262.5686909747565
970,0.6227431432688465,94.82578929721599,0.35939331323306734,94.15403218605631,0.31236379792663316,1521.0776537190093,1502.474493301129,18.60316041787965,0.2651104387893775,0.105456550736945,1.006540422458107,7.638458873853783e-07,7.465093552193791e-07,1.7336532165999146e-08,8.612078108975116e-05,8.606311086120477e-05,5.7670227744537675e-08,13.337241671613874,684.3669659665118,7.056578506162107e-06,2.6307026734253142e-06,0.2756673122450419,1326.0427208265062,0.019479123867469094,-431.7740231788557
971,0.7216071586644248,113.89097834194902,0.45934973137774493,112.9901988307228,0.44142977984847825,1779.739202738881,1756.3572874558972,23.381915282985755,0.14996945355313165,0.13689962124227098,1.3174840249176156,1.078311043422124e-08,-8.406852268172687e-09,1.9189962702393892e-08,-8.726169665315076e-06,-8.79223293684672e-06,6.606326899833068e-08,62.263891511361514,597.6213979829375,8.646016751190002e-06,3.2538783831487046e-06,0.3507786717133148,1658.9336750040088,0.01889638769954532,-1060.7774753485282
972,0.5759455762241246,84.93629557516937,0.29660422479365206,84.4217265932626,0.21796475711307267,1485.4506285173954,1462.525042466128,22.925586051267924,0.4187444732074032,0.09934469655868668,0.9376143981692616,-1.027219579142449e-06,-1.0465061960636108e-06,1.9286616921161673e-08,-0.00012753053586863215,-0.00012758385068809618,5.331481833697199e-08,21.50504298583906,444.4086171046032,6.407546354896558e-06,3.5177254058359385e-06,0.25979518787700673,1197.6312149224884,0.018409299567962514,1912.5024637365677
973,0.5664315909585952,73.20735899048763,0.24010467665150043,72.76884087117061,0.19841344266552077,1374.8698017682052,1357.627976623153,17.24182514505285,0.0807717042176045,0.09425382562426396,0.9223743980615571,6.709537439309457e-07,6.507524471604436e-07,2.0201296770502e-08,7.180986879199289e-05,7.176018392459367e-05,4.9684866027317595e-08,10.78538518305343,639.6839360385925,6.214527434365978e-06,3.170144612332283e-06,0.26257733319592286,1019.1697362971531,0.018873583421306895,1799.3649979069633
974,0.6381323535297797,104.74649385512633,0.3221531322362825,104.01190143433271,0.4124392885573363,1488.1025587804495,1466.566171108045,21.536387672405922,0.10038116313176719,0.1168956522811583,1.0972667579623228,1.0304925876999102e-07,8.854395760240577e-08,1.4505301167585224e-08,3.2199269753192285e-06,3.1547847331904133e-06,6.514224104527589e-08,12.644012280866647,490.63341267205163,8.681133921080717e-06,2.9172588459262916e-06,0.3089492350879113,1496.2142626092407,0.021713340778255066,-301.8270269789027
975,0.5996118115609933,69.08488746145494,0.18411367439774134,68.76257154381291,0.13820224324427727,1557.6687602180211,1538.2429847776477,19.425775440371137,0.09283158743647026,0.09725527472793061,0.9915443797128736,-7.46052969812278e-08,-8.885299164213213e-08,1.4247694660904307e-08,-1.3838917217638082e-05,-1.3886858118106136e-05,4.79408994811819e-08,7.975104320275461,835.2779590847734,4.938120171374396e-06,3.006845357100984e-06,0.27094153445121855,944.0454483414031,0.018280788616010523,-379.54527499840333
976,0.685282894701503,144.0860102643096,0.4191395328867491,143.3037940157595,0.36307671566335037,1467.8441919287986,1443.9202978552469,23.92389407355095,0.2020149866639095,0.1397990757666059,1.216893937002354,-8.265188575584815e-07,-8.44848754469819e-07,1.8329896911337488e-08,-0.00010421853065342452,-0.00010428863282586588,7.010217141500811e-08,13.995151952305484,713.1625879475841,9.372022791064422e-06,2.8155728523930766e-06,0.34262166278805795,2069.165288123642,0.01696270119311381,287.0038704966173
977,0.624338317257145,95.18231992458153,0.27765873201394137,94.68419332488044,0.22046786768716267,1838.8952251928124,1821.0926983719457,17.80252682086811,0.0942111830011505,0.11267785330405117,1.0604791834102707,-4.3115967263620187e-07,-4.5119398047655767e-07,2.0034307840355702e-08,-5.6939424463459754e-05,-5.699525753437532e-05,5.58330700789343e-08,5.902666688237938,648.0634285886931,6.173037045454944e-06,3.1605131569438254e-06,0.2966339733782321,1348.1149645474247,0.0179464673647674,-1032.9588822272817
978,0.5764917962270594,74.55280392264933,0.2087281076345603,74.05115013770754,0.29292567730725066,1279.9678003425818,1258.9330599932828,21.034740349298396,0.08681581694242016,0.08707858987955668,0.8740178156077516,2.3992790952101054e-07,2.2954953999102866e-07,1.0378369529981852e-08,1.9435466974853123e-05,1.937961025875565e-05,5.585671473955138e-08,4.2765557014265845,330.10493581320776,6.320854414962993e-06,2.7022832583231697e-06,0.2407361006421127,1079.730885157123,0.017843136762526537,-1404.6724358796419
979,0.6952694026762293,97.68814799847229,0.28479454780182284,97.21151183776608,0.19184161290437063,1574.6428602543747,1552.3049591355773,22.337901118793802,0.1385621877301656,0.11767240975695961,1.1446181454383493,-1.4723104378756893e-07,-1.6082547068422125e-07,1.3594426896652348e-08,-2.001590645810396e-05,-2.0073989569294e-05,5.808311020503451e-08,4.806802619537095,351.6143620771485,6.057127906953317e-06,3.076245094636286e-06,0.30013959643244775,1388.840147999641,0.019556122549517187,1316.3549373410206
980,0.7100463388435383,115.81509040053416,0.32030568068149207,115.07761341021322,0.4171713096394538,1698.0970632904016,1679.2399600454632,18.85710324493963,0.17070824854202377,0.13754118516310276,1.2252791765239126,1.5695202639080253e-06,1.5526509752389716e-06,1.686928866905409e-08,0.00017926001458472277,0.00017920575969518053,5.42548879652278e-08,10.045506882830612,382.0486760023094,7.745179634597093e-06,3.0329100912193223e-06,0.33568297231263294,1677.321542718326,0.019740550034703295,362.9054467253882
981,0.6548857203432191,82.26908144110378,0.250125011879202,81.79610341348837,0.22285301573620675,1472.3193280483144,1449.7139254331585,22.60540261515433,0.07861006621236155,0.11036484520461176,1.0728880975166761,-8.798045221269187e-07,-8.983201719937238e-07,1.8515649866804833e-08,-0.00010932355718353745,-0.00010938044629285779,5.688910809934559e-08,17.47474910804872,215.46516280058853,6.29033358357285e-06,3.4078979564379624e-06,0.2933766321828763,1165.4524200055544,0.01880377786731585,-148.60722863024057
982,0.613637019934398,82.56713595117377,0.3083779924415161,82.0460493257117,0.212708633020551,1318.3901622734325,1303.126749580495,15.263412692938346,0.2972240263737571,0.103109685221298,1.049261559251283,6.368361133190815e-07,6.240167357778013e-07,1.2819377541280356e-08,7.186627115999411e-05,7.18129692674684e-05,5.3301891072555e-08,28.910809776155926,345.78542631933516,6.2473863730965034e-06,2.7920837762474085e-06,0.2790452124182099,1124.4893947678784,0.018384068407341504,-517.6059021480905
983,0.644970041284356,107.12973573891142,0.2804582748885511,106.5953498099463,0.2539276540765707,1439.067900492812,1422.3110881488476,16.756812343964842,0.14431083624718832,0.11335626771321901,1.0662412498040112,1.4674725201086218e-06,1.4520337245821907e-06,1.5438795526430478e-08,0.00016771474662002407,0.00016765779085225707,5.695576687764663e-08,39.400812687816284,254.80009732760456,8.1269588135727e-06,2.691918916259683e-06,0.29588708104661976,1530.3173353510738,0.019104576493961384,-919.5767301291417
984,0.7164715999619167,125.2073581240556,0.36119436198794885,124.65082251537254,0.19534124669511876,1530.2755892425228,1508.8366990804893,21.438890162032713,0.12397131129605563,0.13907390784262955,1.2647610504453999,-3.1360895097002043e-06,-3.1576864579453016e-06,2.159694824509688e-08,-0.0003773179988235654,-0.0003773830452315223,6.504640674371339e-08,19.40044840147109,495.9688891371289,8.49327286361765e-06,3.697636928439883e-06,0.346039095014525,1766.84170052241,0.01912624856803578,2286.3194225779007
985,0.5742029033941269,68.2621911169392,0.17453894518811497,67.84109413563199,0.2465580361190796,1335.98207219514,1321.4389376661625,14.543134528975177,0.10608440612579524,0.09010240070345983,0.9286473082325196,-3.331773450878544e-07,-3.475499338659853e-07,1.4372588778130867e-08,-4.232158655590509e-05,-4.2369965681635995e-05,4.837912442690349e-08,11.201391567922318,304.11077918627075,5.187725410994372e-06,3.987667215783084e-06,0.24715839473745393,919.7383653465613,0.019384024668915308,-1433.4755640990625
986,0.6992183722613311,113.09709031739203,0.3383835638409078,112.28148726850702,0.47721948504411477,1594.6650354348928,1575.388781956621,19.276253478273386,0.10253715672404966,0.12207245477945139,1.1539343997177385,5.008187923745009e-07,4.865988553376653e-07,1.4219937036835626e-08,5.164121032335885e-05,5.1579840890064e-05,6.136943126586853e-08,17.290853268039392,-44.87592763481242,7.830898380237335e-06,4.967096632508367e-06,0.3147569622028329,1570.9306603988143,0.020561725194095982,-491.69933209349256
987,0.6463826310106545,94.8778704329378,0.2753323083056678,94.52877295576708,0.07376516886505213,1135.9615742688597,1111.7193888973784,24.242185371481632,0.11503261331456395,0.11526539978801631,1.0868229039229147,2.5302106920648703e-07,2.3746999519016827e-07,1.555107401631883e-08,2.567152625693747e-05,2.5611629017100596e-05,5.989723869842292e-08,5.6200608466676165,540.7749285697737,8.091446097761544e-06,2.996723069736895e-06,0.29751666550152783,1342.9160849693353,0.01773964879442806,-302.897738512278
988,0.7683821561599689,135.90655862008384,0.5912280619376641,134.95756432627755,0.35776623186863865,1632.079039498342,1608.4937378571456,23.585301641197177,0.26251919665417517,0.15397066101821708,1.3598245396444653,-3.066194022779925e-06,-3.0858623644936515e-06,1.9668341713726426e-08,-0.00036915826673773316,-0.00036923186747747557,7.360073846865523e-08,13.99213351716886,660.8225172876882,8.755238437520182e-06,3.491430399336477e-06,0.36407397185676094,1890.3835786061218,0.019399392671985698,-5737.387941796551
989,0.6630845468559445,113.48200087295513,0.3961647255336055,112.7884409044226,0.2973952429989378,1551.4308397052928,1515.6281695524826,35.802670152808936,0.31205872637591175,0.12466627740356503,1.088228035310612,-2.7280940995581965e-06,-2.7432947882603726e-06,1.5200688702175912e-08,-0.0003269559982542837,-0.000327022209782297,6.621152677903933e-08,4.407821752301555,694.3117188476323,7.0685229373726986e-06,2.707572172778897e-06,0.3069841889936789,1609.7014830523663,0.018590455111212534,2895.5712899215396
990,0.5881339417172691,80.23690692352244,0.24613732612665223,79.7848419821902,0.20592761520559788,1398.2346783138516,1381.1444361571496,17.090242156704036,0.11429490679107919,0.10581255528061587,1.0648319666986534,-1.4764498456854216e-07,-1.6270334487668813e-07,1.505836030814607e-08,-2.1749809547894162e-05,-2.1806982523246604e-05,5.717297414594268e-08,17.337926252201935,254.04731942868685,6.604490701262111e-06,2.6848684554612043e-06,0.27836520159500144,1099.1335465336329,0.01884615594459777,79.11834518412434
991,0.637633099032923,82.85748356126058,0.30226625996766904,82.29765899199998,0.25755830929292606,1399.2425948916325,1379.876845809084,19.36574908254947,0.15077249813246538,0.10556675496558707,1.059926046738697,8.053349267900291e-07,7.862944435075333e-07,1.9040483282495714e-08,8.749759306497931e-05,8.744307806005191e-05,5.4515003649243686e-08,15.416132771882243,-343.92801438285056,6.421367276610341e-06,4.907347224060049e-06,0.2878073082599594,1157.040747878209,0.01901191173616776,2103.094228360671
992,0.5969958361700936,75.68607306256615,0.20861526977780676,75.31457379886352,0.16288399392481995,1765.9271365082009,1749.7758855892525,16.151250918948435,0.07269382400450682,0.09850213080038787,1.0185923252983218,-1.0583279141974165e-07,-1.1896874242476044e-07,1.3135951005018712e-08,-1.4796317555170948e-05,-1.4845217012892314e-05,4.889945629336237e-08,7.570627392039075,876.4414489302794,6.034854296333089e-06,3.1338365848838616e-06,0.27128891176205083,1096.3128958714042,0.020336543525120158,249.30187417757043
993,0.6730616375132751,88.81696251253585,0.2743333206075764,88.28598073241623,0.2566484595120268,1295.8703011942011,1271.5689586661472,24.30134252805375,0.0858811951472506,0.09990864210733923,0.9917247742359695,-6.33273011749451e-08,-8.277482508870097e-08,1.9447523913755853e-08,-1.2400731427715217e-05,-1.2457463853960816e-05,5.673242430922573e-08,14.906580292806902,394.75976117813553,6.4930422980966425e-06,2.94049527591909e-06,0.2663978868112476,1262.238375474567,0.01881058016133528,1894.2506232855521
994,0.6494957617113615,114.60536777529218,0.3195715962022112,113.76054622543008,0.5252499536598781,1441.5001444751952,1417.9464553294765,23.553689145719787,0.1517501582530469,0.12116262493215581,1.1122239003558825,1.8781264204151613e-06,1.862411088661048e-06,1.5715331754113683e-08,0.00021618647596791986,0.00021612356775208675,6.29082145910731e-08,41.23209358402106,805.1930998907081,6.550878643881341e-06,3.315385438864506e-06,0.29829568049051725,1643.2130498049507,0.018751512304017726,2507.2290082037107
995,0.610101312660405,81.3332174546392,0.21073557276408325,80.87582548508048,0.24665639679463847,1758.1953287071344,1740.568476733374,17.626851973760957,0.14269958341562652,0.09955057407550905,0.9847357788358633,1.94296425779412e-06,1.926547279743009e-06,1.6416978051111087e-08,0.00022672058354710902,0.0002266684906819462,5.209286390384407e-08,13.291549937290027,363.732736488525,6.8461214328862466e-06,2.3180646710782664e-06,0.26723056088093566,1089.3596640969456,0.019351162225586784,-1579.7368246649094
996,0.5561569273776797,70.41714764364293,0.19995501937731355,70.01731563947087,0.1998769847947539,1501.1498160474548,1482.9595510760837,18.190264971371143,0.10686468218495962,0.08649736317695356,0.8799020938988414,1.9896304427990723e-06,1.9765827166920817e-06,1.3047726106990392e-08,0.00022964821745896798,0.0002295983037074358,4.991374998263488e-08,5.440093042482708,583.9884107763969,5.652961805929841e-06,3.692440986686693e-06,0.24933499163969436,969.886164777872,0.018487789234007554,1049.4257841330182
997,0.6605171797104028,100.68099269558937,0.30121242049042474,100.1807533181489,0.19902695695004832,1945.45132223375,1924.2246720753453,21.22665015840304,0.13740076661274278,0.1181358099233558,1.155681915000074,-1.2869760517440162e-07,-1.4293641984957843e-07,1.4238814675176849e-08,-2.100095301902604e-05,-2.1058062158250566e-05,5.710913790479317e-08,8.498502397782836,-64.11175949572302,6.816446945901432e-06,3.2945905432296157e-06,0.3025779895506118,1415.458549745515,0.01919142963654461,2492.954741006921
998,0.7245553130255512,131.15479182611597,0.377900171686686,130.23351083563912,0.5433808187901393,1924.7601248163744,1901.9010625198807,22.859062296493427,0.17216414799034505,0.14402926147765077,1.2631261868404828,-2.208281243660623e-06,-2.2287325387622657e-06,2.045129510164287e-08,-0.00026725400625112193,-0.00026731675816059797,6.275190775770426e-08,19.669570305337494,770.1796970375899,8.924840911546862e-06,4.48702237400537e-06,0.35018198927524663,1868.3003503980965,0.019599514172148377,-2083.807974129122
999,0.5437527730291214,70.32405303595631,0.21089635535489898,69.85321140286257,0.2599452777388364,1459.3420590367969,1438.939823831141,20.402235205653916,0.09662896090599879,0.0868329835959738,0.8378168150573795,2.014516651632207e-06,1.99965981593143e-06,1.4856835700777319e-08,0.00023577185730684025,0.0002357230421199273,4.8815185504367085e-08,8.397669899428987,421.798097184103,5.902523502606754e-06,2.7234620939133195e-06,0.2522792891400864,1000.0412496211397,0.018910572210306592,1949.8279873089014
1000,0.6295801054536148,89.48237607219062,0.22646274634648056,88.783347081367,0.47256624447713225,1501.453088753428,1481.6658890874712,19.787199665957207,0.11175353910878015,0.10558814042096049,0.9820015066688623,1.213986237345753e-06,1.1984342449282697e-06,1.5551992417483002e-08,0.00013523637956540374,0.00013518046851512087,5.591104890064483e-08,6.71741006645086,226.22883242959912,6.590556974019562e-06,2.6000328561433182e-06,0.2668291925399962,1226.4330416482294,0.01875205958902012,1745.4802813841598
