iteration,Acidification,Climate change,Climate change (biogenic),Climate change (fossil),Climate change (land use),Ecotoxicity freshwater,Ecotoxicity freshwater (inorganics),Ecotoxicity freshwater (organics),Eutrophication freshwater,Eutrophication marine,Eutrophication terrestrial,Human toxicity cancer,Human toxicity cancer (inorganics),Human toxicity cancer (organics),Human toxicity non-cancer,Human toxicity non-cancer (inorganics),Human toxicity non-cancer (organics),Ionising radiation (human health),Land use,Ozone depletion,Particulate matter,Photochemical ozone formation (human health),Resource use fossils,Resource use minerals and metals,Water use
1,0.11601403028987661,8.629718199290325,0.030007970696261065,8.514498522802294,0.08521170579176704,498.8274156741316,496.43533227535573,2.3920833987755152,0.023289917550410277,0.0166632262979376,0.18988031770270838,-2.0649358184501043e-07,-2.102336283245049e-07,3.7400464794944696e-09,-2.5029511824134402e-05,-2.5050985913058234e-05,2.1474088739349254e-08,0.6271039255041957,165.23622167390246,6.848663943527901e-07,6.934556106714283e-07,0.049035375790587254,112.1931798151694,0.005838321820511283,789.1534853843978
2,0.11716852706129931,8.170948231057451,0.026111670538457084,8.071961301002986,0.0728752595160077,290.3317757642733,287.72390900951285,2.6078667547595957,0.01664677965424041,0.018116773803359812,0.21456621660066658,-1.132690500647193e-07,-1.1901221653994957e-07,5.743166475230229e-09,-1.4870919973435883e-05,-1.4892375259180438e-05,2.1455285526501738e-08,0.6196027699291357,5.966017386385227,7.432311260249672e-07,5.88714286547772e-07,0.05465478447110295,108.33728191847474,0.006036870194823379,328.2249226656386
3,0.11893410591932699,8.671992122888241,0.02741895451767272,8.55262238916573,0.0919507792048379,541.2055533975544,538.3645475880888,2.8410058094674406,0.019886054406810023,0.017730794310853053,0.20041292874186722,2.580692640750979e-07,2.541403676042167e-07,3.9288964708811845e-09,3.0035938908292513e-05,3.001446152521681e-05,2.147738282077881e-08,0.7143744382935251,179.42462398884254,8.220951613097098e-07,7.340734997595559e-07,0.051719746526294144,113.16466119228164,0.005793941398973442,-468.22914903794754
4,0.11896662126734917,8.562747939534503,0.028724994446281238,8.45909746878642,0.0749254763018029,419.8116303925045,416.9651732451723,2.84645714733248,0.018046278713674462,0.017031967448615997,0.1974573117206973,3.405798981359092e-07,3.369577605367373e-07,3.622137599171868e-09,3.8429986092225996e-05,3.840855762117049e-05,2.1428470811294198e-08,3.3764119146044105,30.19991746996871,6.524071631408818e-07,8.581546806370676e-07,0.0514653739374001,117.93670701153447,0.006066668328902792,677.9979728070552
5,0.11354327704650254,7.947096917097412,0.023371075145777156,7.8678265485621734,0.05589929338946256,336.76260952469704,334.22178512806795,2.5408243966292177,0.015228529140576538,0.017592262065637035,0.204184522234107,2.65326917720502e-08,2.3069572380903222e-08,3.463119391146969e-09,3.946969602092546e-06,3.925823022071046e-06,2.1146579804093756e-08,0.7624757698013993,91.8548171346166,6.287781001040029e-07,8.001431044125911e-07,0.0514141426210185,110.93819354113998,0.00581887800866835,170.74815804945956
6,0.11274637163915055,8.194371757339253,0.024913064463154673,8.085159389510496,0.08429930336560312,443.081492132403,440.1992264546606,2.8822656777416027,0.014735860258440463,0.015381018543169523,0.17615968757640724,-2.4521761417245866e-07,-2.4966597813245637e-07,4.4483639599978266e-09,-2.9909090879641372e-05,-2.9930268401752592e-05,2.1177521941089013e-08,0.8656324603246415,-91.43564925787344,4.4953624781260607e-07,5.866465557243159e-07,0.04773071761847896,113.59381272584204,0.006075475236249876,236.1508660944619
7,0.12343223901941605,9.013674775237956,0.026806629377700446,8.928686289910411,0.05818185594984389,367.4102380459574,364.45784293888846,2.952395107069361,0.02079971527157713,0.01850268794320041,0.20988171071990702,-1.4795088321589684e-07,-1.528511736050979e-07,4.900290389201026e-09,-1.88622688991246e-05,-1.888437182429882e-05,2.2102924999280504e-08,0.5642768613901121,107.07802458081804,6.100629818252749e-07,6.414571816200689e-07,0.05490864513258704,128.10448614961388,0.006054111016207917,326.43625530538066
8,0.12265161349913149,8.632523065757683,0.02811370470940486,8.528440581827846,0.07596877922043252,360.6649021381078,357.6590879815521,3.0058141565556307,0.01694146250625168,0.019060668715576965,0.21541358444297146,1.4629107581931144e-07,1.3604780112030083e-07,1.0243274699010632e-08,1.7244375207325824e-05,1.722209038298141e-05,2.228482406752323e-08,0.8051715043194041,-2.1165819345215455,6.221791258892377e-07,7.689679148348751e-07,0.055340117909470014,115.50497044348688,0.005998981218323943,426.22691150542596
9,0.11412918269284328,8.102209083215476,0.024318064730752154,8.009527440586565,0.06836357789815652,372.549408801999,369.3786891808392,3.17071962115958,0.023880194190788583,0.017744171376202374,0.2018364766696053,-5.476675429698163e-08,-5.804440431272798e-08,3.277650015746331e-09,-6.691323879178405e-06,-6.713011258722548e-06,2.1687379346929153e-08,0.8202544150439693,71.88090624883048,4.896413228258572e-07,5.358087630533738e-07,0.052594002295076735,103.58173201926138,0.005999238467669498,307.1374638481061
10,0.12721269628780926,8.39591598164058,0.02444659355835642,8.309757084525835,0.061712303556389715,364.234637362194,361.33250516224587,2.902132199948249,0.014394858383318773,0.02047035708732082,0.24878895927509895,2.5958533746298735e-07,2.542388507557366e-07,5.346486707250834e-09,2.918908997721164e-05,2.916702183722002e-05,2.2068139795453522e-08,0.8496851439829758,49.19738757046249,6.007250053172093e-07,7.733540162389906e-07,0.058933868386652086,112.57719496739938,0.005857849259225457,-389.0493475998751
11,0.12059625275168163,8.938158011861942,0.02906444492387332,8.825181244333447,0.08391232260462188,540.6013479612492,534.5298761832832,6.071471777966052,0.017745614183998493,0.01749617702451402,0.1977159784793744,1.8112446058673512e-07,1.7499208485738538e-07,6.13237572934973e-09,1.913527984148693e-05,1.911310120192379e-05,2.2178639379695774e-08,0.754759210750325,52.185736627144905,7.231336182687906e-07,6.56915371608488e-07,0.053005469261238315,121.68923041478327,0.006059140225620378,233.79267235634507
12,0.11920098492042508,8.605064106487763,0.026491370963624996,8.494176013164322,0.08439672235981543,394.07110898654076,391.0415069407422,3.0296020457989528,0.017134772762033762,0.01653580465821099,0.18580918704337207,1.4428451337526781e-07,1.3809553589549697e-07,6.188977479770791e-09,1.5835602473049324e-05,1.5814079195854096e-05,2.152327702229032e-08,0.4349777254857906,99.85251791520174,8.489997128231031e-07,6.012340624874442e-07,0.05115248525751515,113.60589288760083,0.00606967729191091,112.88979906512986
13,0.11576592499144482,8.29814982002027,0.02633800873737646,8.20373101380206,0.0680807974808346,472.3723858705621,470.06704860148983,2.3053372690724823,0.017422680617350698,0.016556227351979282,0.19422555974623532,-5.527903007248384e-08,-6.041704375557293e-08,5.138013683089075e-09,-8.01118795584876e-06,-8.032519475238928e-06,2.1331519173719298e-08,0.7380074490690658,101.28113246183686,6.439445768009694e-07,6.196877744285798e-07,0.04922493931932136,112.8991317444667,0.005962121697365326,24.013929089415342
14,0.11399422001052802,8.212713408737432,0.024780401196445215,8.116211398940337,0.07172160860065102,403.253529689487,400.89792653633157,2.355603153155589,0.020878799515074056,0.018029935294034762,0.20128631614765455,-2.72444067865684e-07,-2.7838114109895816e-07,5.937073233274183e-09,-3.39833666666266e-05,-3.4004894949660076e-05,2.1528282875146285e-08,0.5988635212268499,173.08679909524722,6.985202799061454e-07,7.34696270827536e-07,0.05174833589929269,111.17390143827456,0.0058864840812175865,61.67773068603674
15,0.11165215765700334,8.311904319996295,0.025865594450295168,8.220813053716132,0.06522567182986767,422.67642467520847,419.434305087109,3.242119588100169,0.016622603559575438,0.01451179731413181,0.16886406436774715,2.915972021939439e-07,2.863235470714995e-07,5.273655122444379e-09,3.181660844474141e-05,3.1797018334557506e-05,1.959010992426992e-08,1.0648908686836633,34.86176341465107,6.883093972091449e-07,5.771700273554118e-07,0.04300595873199239,106.80249948131143,0.005935706983950315,3.867239559976042
16,0.12308007162748603,8.648038549995809,0.02895973743693315,8.546769002743071,0.07230980981580111,405.82832094913687,402.6391796645712,3.1891412845661313,0.02112180163414785,0.019561783234984458,0.22501043467484386,2.8353889572868394e-07,2.772679347086185e-07,6.270961020065273e-09,3.2387123150092534e-05,3.2363954575982544e-05,2.316857381507918e-08,0.9322377969381761,37.34786587670322,5.612736643857058e-07,7.499887171950035e-07,0.057788082088636776,114.51780543335023,0.0061151675668305785,229.35090729558988
17,0.11920592442086497,8.540928041307964,0.026768189537353795,8.418321826310068,0.0958380254605419,406.2782195537473,403.3217414197403,2.9564781340068493,0.027028150657944207,0.017182347058603546,0.2041684400345645,4.796190389269748e-07,4.7528073248183153e-07,4.338306445143519e-09,5.638923663791397e-05,5.636725473527774e-05,2.1981902474037214e-08,0.5753599831711373,27.497368405864048,6.917906053896602e-07,8.419254087117915e-07,0.05080258865218721,115.38344538615371,0.006019288909113245,311.3990956050484
18,0.1168160318200752,8.554941972106295,0.02680245642651618,8.457594827171587,0.07054468850819286,369.6800233873381,366.7763475460245,2.9036758413135155,0.017513775323513236,0.017445187928138463,0.20130214428317894,6.750764872266466e-07,6.711001922195493e-07,3.97629500709736e-09,7.969856992941263e-05,7.967618472542285e-05,2.238520385980906e-08,0.6877456088664095,95.14370537524373,7.320556449692071e-07,6.714227050769565e-07,0.05105061781776436,118.20867504892327,0.00593419128281478,-89.93461448846028
19,0.10726863039931069,8.32520918997943,0.026310768147309357,8.233244666834093,0.06565375499802982,472.5880048436324,469.0507986631748,3.5372061804581176,0.018034952800152573,0.015167280232121985,0.17002471392413906,-1.4629365285690107e-08,-1.872358575534551e-08,4.09422046965539e-09,-2.8251365472373416e-06,-2.8457245140118474e-06,2.0587966623601473e-08,1.0878497097654334,-32.061861797706264,5.951854336605458e-07,7.281819151398941e-07,0.046335705992090324,111.87530184512515,0.0057645682037452016,652.4211961460314
20,0.1092763700107738,8.163274171748665,0.02786844319461435,8.049058769576352,0.08634695897769831,515.5350532984785,512.7508185859426,2.7842347125364446,0.016656344700767396,0.0166340567455373,0.18776437317816574,-2.5565342578854117e-07,-2.623644084182082e-07,6.71098262966706e-09,-3.028361926583636e-05,-3.0305776934460752e-05,2.2157668447331945e-08,0.7200756147559186,49.48849277864528,7.916991658630613e-07,5.755028122993857e-07,0.05049926851553685,112.52790338637439,0.005964472507777746,85.14076769612802
21,0.10795265951128129,8.265109503365869,0.027123675694127124,8.156976280394153,0.08100954727758782,434.4653739658706,431.5289405607475,2.9364334051235996,0.017025588053524717,0.01641915755833745,0.18057996188465547,2.0161190536815892e-07,1.9720802420208598e-07,4.403881166072973e-09,2.3167411856309708e-05,2.3146399228874814e-05,2.1012627205311007e-08,0.39260835636520214,118.95704452529358,1.3563068659225972e-06,4.991599190617777e-07,0.049878587433250535,109.48067686500488,0.0057743686401980085,-189.4717679965006
22,0.11735880691881873,8.418187443672018,0.02488951286997726,8.331123973607484,0.06217395719455594,373.83340842181155,370.5342016889781,3.299206732833594,0.01853578771604339,0.017109166137477698,0.19359864738707827,3.9030807549550084e-07,3.872766061451699e-07,3.0314693503310152e-09,4.5552413347395e-05,4.553051475137098e-05,2.1898595822397192e-08,0.9395271838718123,119.44271080152808,6.608323166551729e-07,7.250703875618264e-07,0.05122102488041175,112.5666051346721,0.006061742832055577,292.18487205355314
23,0.11946635485328172,8.57774869535899,0.02987815048050669,8.470363241604414,0.07750730327406992,333.8547791032653,331.3147650528196,2.540014050446174,0.021792570184034056,0.01716802627124374,0.20066485706727014,9.468210693223729e-08,9.073677790117344e-08,3.945329031063854e-09,8.672033118483415e-06,8.65009692912683e-06,2.193618914649316e-08,0.7367629984541608,50.974128344365035,5.503983904505158e-07,6.10151451691167e-07,0.0519487359571677,109.0475500000514,0.006029726626379015,311.35011373352927
24,0.11698510009881224,8.222237593705596,0.02560242547221562,8.13645155026394,0.060183617969439746,544.3308994025232,541.382486421005,2.948412981517262,0.021987721854321473,0.01773228767083983,0.20358847780545736,-9.577744767239436e-08,-1.0097411541547041e-07,5.196667743076059e-09,-1.3938404349318042e-05,-1.3959858171241619e-05,2.145382174770878e-08,2.601547248695845,101.54933296797978,7.721957240536282e-07,5.874117257257543e-07,0.051539526466767,112.49780533191047,0.005952121230228698,-119.2617308401368
25,0.11769019580370507,8.168970264364146,0.025849690887913217,8.072530393033167,0.07059018044306656,413.08118595475577,409.65021008559796,3.4309758691578165,0.015420674832917603,0.01842755523259225,0.22104803697565947,1.3704381092136712e-07,1.321352207092173e-07,4.908590212149853e-09,1.4639019126989199e-05,1.461536527010128e-05,2.36538566715025e-08,0.3591951451702162,139.69801162944836,6.039935143832497e-07,6.36699425763941e-07,0.05331504303456456,108.69281101518172,0.005922090692102649,-970.5976830767377
26,0.12203075446187187,8.436420897689487,0.02792375573683325,8.33586669620678,0.07263044574587788,464.70092090518835,461.97622363984016,2.7246972653481007,0.02168419696995745,0.018055635138385418,0.21216665799552073,-2.7563971045733136e-07,-2.8064397905415154e-07,5.004268596820074e-09,-3.4680442760295665e-05,-3.470201419572382e-05,2.1571435236840164e-08,0.8345611237770474,85.76802974337811,5.253191458983696e-07,5.681222384884788e-07,0.05375814015222688,116.14633164534976,0.006103508470793474,254.79914975874362
27,0.11931168056198004,8.840317183744544,0.02777403755316282,8.741820808023961,0.07072233816741993,435.1965014909795,431.66997973386856,3.526521757110722,0.020468229181223454,0.017260900675708415,0.19796664559834784,1.7575871016338896e-07,1.7164882962470516e-07,4.109880538683832e-09,1.7617396305307514e-05,1.7595924349169398e-05,2.14719559699085e-08,1.4432555556195457,174.74903382833355,6.646475135167352e-07,6.680939009374314e-07,0.052409262406691984,118.17350400585387,0.005895260454716406,-355.2673563168046
28,0.11530325620594756,8.041635287861343,0.026992288754215926,7.9533756756600775,0.061267323447048196,465.58722500803077,461.94358053208225,3.643644475948881,0.021153532447438613,0.015901869288133415,0.18689041602595843,-2.886074803059022e-07,-2.934986091002393e-07,4.8911287943371714e-09,-3.5573923640630294e-05,-3.559536524336683e-05,2.1441602551696222e-08,0.8141216451208462,2.1524079471750603,5.672659191259398e-07,6.686066644612274e-07,0.048427810743070517,107.68158814848121,0.006026700377903405,-74.11001342780992
29,0.11587982170528038,8.603328921421868,0.028355299264735585,8.495482016694249,0.07949160546288452,407.8703973525305,404.27237774635915,3.598019606171451,0.017741701502170547,0.01692857465185507,0.1977855737954622,-4.18595719126823e-07,-4.228434569069582e-07,4.247737780135094e-09,-5.015621960465735e-05,-5.017777106828199e-05,2.1551463396363348e-08,0.6309767464815389,27.358774013415484,6.732656397569051e-07,7.372240140366468e-07,0.05046132315857635,111.71487213382628,0.006022147662320165,22.061638636456337
30,0.11860615052876745,8.509907992956197,0.024843963010096202,8.424337985665723,0.06072604428037877,431.40512952882517,427.794910988689,3.61021854013633,0.020641858228329934,0.016423442966385312,0.19607557000932904,-4.860349305949439e-09,-9.580705585992226e-09,4.720356280042797e-09,-2.299166382212818e-06,-2.3201233889650214e-06,2.0957006472785848e-08,1.8876452360753144,111.05760536758896,6.108081467203933e-07,6.282132255432978e-07,0.04853495175989111,111.24559216275905,0.0057872506343415895,-160.7383268301055
31,0.1196991108999942,8.579221994695017,0.026689803294735127,8.476374358396475,0.07615783300380669,376.30382880157094,372.8264040450198,3.477424756551936,0.025207562397568863,0.016916314810331214,0.1969556602451278,5.0258989700369715e-08,4.642648517602583e-08,3.832504524343884e-09,5.667870007339628e-06,5.6455834742996385e-06,2.2286532822975987e-08,2.1601394723694054,61.30387234233845,7.690578363598019e-07,6.83067659452752e-07,0.05107059131939395,115.2519491203455,0.0060022202157444145,607.7400167342489
32,0.12136458078651323,8.50212439051481,0.02780044142508577,8.41117061726972,0.06315333182000589,378.7986011313707,375.5355694349347,3.263031696436233,0.017854184279056953,0.01777866344846264,0.21050939012663136,-8.547217712384011e-08,-8.995636523614348e-08,4.484188112303356e-09,-1.1926255932485553e-05,-1.194991681175579e-05,2.366087909701153e-08,0.7233118633068027,155.2186931105043,5.878108634583286e-07,6.674456945835414e-07,0.052381485642763,112.68882988421201,0.005996388733636634,653.3731228302136
33,0.1190921766421497,7.992364676289187,0.025480967485711336,7.898243526553414,0.06864018225006016,438.78512338522,436.1595585825129,2.6255648027071077,0.015405725043891427,0.019251766963172965,0.21858729598261048,7.698555870918712e-08,7.339972519435195e-08,3.585833514835198e-09,6.773847519358293e-06,6.752324748967129e-06,2.152277021210281e-08,0.5690539837777219,77.85857224760535,5.926025469837516e-07,6.176276358370162e-07,0.05576712004092237,109.65324324240842,0.005839119911641819,-384.8791455637811
34,0.11808620569526944,8.105093113756922,0.02630991942857018,8.022700821057082,0.05608237327126959,405.8280452863384,402.6977924697986,3.1302528165395063,0.0151802988232736,0.018531820271384523,0.21954832695455576,-1.0528436297324396e-09,-7.118639120169524e-09,6.065795490437084e-09,-1.4569143184311847e-06,-1.4788814521632696e-06,2.1967133551107763e-08,1.836533617321794,84.95738714916948,5.881345878157723e-07,6.54690705618573e-07,0.053532623741740726,110.54397022067103,0.005996493879690342,401.25149282051916
35,0.12125405056484832,8.581387505647955,0.02506394036721117,8.48200358364702,0.0743199816337248,597.9064018696513,592.5025087936556,5.403893075996487,0.015030858384589056,0.01780144570775298,0.20587256607467289,4.64977803475145e-07,4.601789290555716e-07,4.7988744195734096e-09,5.2202133144473995e-05,5.2179577624125326e-05,2.2555520204512432e-08,0.886599152287521,12.803048250364247,6.222569406066242e-07,5.963679126798798e-07,0.05255235587893806,109.83128154326923,0.006125729965486122,-1.9761258459138844
36,0.10868488514411472,8.10643153285367,0.026678428194687735,8.01298214805789,0.06677095660109217,374.03905072735904,370.5727116896603,3.4663390376981886,0.016204623915561666,0.015768024220514234,0.18498571023645116,4.878590103349991e-07,4.805762972860817e-07,7.282713048917269e-09,5.648739772283124e-05,5.646593241648101e-05,2.1465306182291412e-08,1.1691020503271392,-31.29775464129623,4.789482362774941e-07,5.922098999044194e-07,0.04630562568270407,112.7744259539671,0.006011394586369918,-242.20687294965592
37,0.1103669964300835,8.168892264843912,0.025160069958338763,8.068073525627527,0.07565866925804511,538.7433474629986,535.030740731625,3.7126067313739823,0.01842152099998,0.015212920018014447,0.17480240034128022,-7.33892753585421e-08,-7.660640143801795e-08,3.2171260794758297e-09,-1.1053288641310305e-05,-1.1074739783470435e-05,2.1451141993570365e-08,0.5977453749064274,59.06447589504858,7.07541158755873e-07,9.808955133705103e-07,0.0456378206372984,106.88373412691948,0.005964068055824837,-377.7111231616559
38,0.11663161774064695,8.54704741990165,0.02454499508849903,8.452438014621823,0.07006441019132885,382.1522529009529,379.59017157990473,2.5620813210485904,0.02640316304311999,0.016917690120257293,0.19002405665599753,7.368277368226659e-08,6.92297786899845e-08,4.452994992282072e-09,7.042605868540255e-06,7.020716358112881e-06,2.1889510298626626e-08,2.9689714450608142,114.88369891627563,9.56336714573172e-07,5.970255563519759e-07,0.05103765409166177,111.95073530747172,0.005932047471370068,21.083990502891538
39,0.11741583283245394,8.692755229094175,0.027390388007533135,8.594453513695111,0.07091132739153079,426.52980841593177,423.3742811458763,3.155527270055344,0.01642724543002165,0.017022891860736324,0.18730385352351245,2.1416822361094991e-07,2.0892618593671826e-07,5.242037674231641e-09,2.47268676697669e-05,2.4704864297488894e-05,2.2003372122002676e-08,0.7565969413866797,95.55792411125873,6.391111880094577e-07,5.589379691613254e-07,0.04969488344743121,124.4148842892865,0.006070443077281817,-284.6589343328851
40,0.11084450710883699,8.591560779006752,0.02681908779010476,8.486636365359931,0.07810532585672131,379.70061818643427,377.2246560344779,2.4759621519562174,0.018491610270216844,0.01591601639625543,0.17675128461711914,2.7328419241798925e-07,2.6623341286911643e-07,7.050779548872772e-09,3.079582984070942e-05,3.0775143813178694e-05,2.0686027377084532e-08,1.2983686437403879,35.4833048220826,5.860510984998257e-07,6.293424210910597e-07,0.04807770945574383,113.35346180884798,0.005852801901389126,-447.171247572066
41,0.11877665618401037,8.451284656491435,0.02523231006644528,8.333133183990698,0.09291916243429134,368.75924322238615,365.8192862336331,2.939956988752609,0.02081070538100627,0.018388066085686855,0.21428512539748593,1.3016159261948573e-07,1.2161258192757202e-07,8.549010691913667e-09,1.3710520824196646e-05,1.3689855293238515e-05,2.0665530786029936e-08,0.7880358095149359,57.68584166098255,5.169957877667777e-07,7.698166962313212e-07,0.05398084358417881,112.03484411161534,0.005857454239122169,395.06155148073776
42,0.11999911320873351,8.504629657672957,0.025178716877040576,8.389944635853103,0.08950630494281166,359.75295790853625,356.48433268611024,3.2686252224258916,0.019385256815224662,0.015029119954503326,0.17983500178911196,3.3188743487938087e-07,3.2614362143498063e-07,5.743813444400034e-09,3.7284503054559466e-05,3.726250026453759e-05,2.2002789873496286e-08,1.0689502601902092,0.3019868402406868,6.74878946164919e-07,6.737021844221117e-07,0.04687510384838895,112.61982742583747,0.0060010266741122595,-605.9757164776302
43,0.11511624352863055,8.364734061727836,0.026437696104131776,8.273674921776678,0.06462144384702609,368.7866180877252,365.6509491211179,3.135668966607546,0.014442282987934076,0.016709079310464912,0.18400017129536048,-1.8186069158921635e-07,-1.8561829015657683e-07,3.757598567360462e-09,-2.1485568216727656e-05,-2.1507551557513782e-05,2.1983340578014514e-08,0.9485265486940643,-43.50370032375439,6.239819341585943e-07,7.570009135485491e-07,0.0499001475548073,110.5100908593131,0.005909293629988869,311.6943732404434
44,0.11869888101043037,8.449566409121829,0.026017401575017463,8.344699552295879,0.07884945525093917,331.38385048414693,328.14464360336285,3.2392068807844954,0.013138135553091346,0.018236122959617494,0.21758033600275065,4.020030121143188e-07,3.9817008114659033e-07,3.832930967728503e-09,4.627945438659946e-05,4.625897918858255e-05,2.0475197862962186e-08,0.7655408032057229,-92.70377628353707,4.875006072502832e-07,6.71867034912114e-07,0.053800800637867637,109.60253294357015,0.005755095313582453,-428.0590301199636
45,0.11988539122908899,8.836576628334571,0.026361221394018117,8.744650723271855,0.06556468366869997,442.25845210907727,439.00855105689214,3.249901052184613,0.021227396513834314,0.01824215617345985,0.21447040328207354,-2.7754931630123366e-07,-2.834783718591282e-07,5.929055557894541e-09,-3.4337669547951594e-05,-3.43598209758376e-05,2.215142765746254e-08,0.9217175749482818,-46.78210686622122,7.818080060970198e-07,6.531973624034945e-07,0.05206820408731077,119.61231473212041,0.005961947021311927,3.183431190786905
46,0.12300645497052416,8.414349749426432,0.02586091255416308,8.332712396765844,0.055776440106425657,320.8850454819712,318.3821700773628,2.502875404608389,0.016470084384804348,0.019450889540163045,0.22478071194911312,-1.9468878396247293e-07,-1.994168299106806e-07,4.728045948207667e-09,-2.389027834622548e-05,-2.391172682698983e-05,2.1448480543438424e-08,1.9319835776703085,30.764563239006144,7.831300436807085e-07,6.638260137269941e-07,0.05597515406291324,113.38956171761984,0.005842069828134718,369.57947099312514
47,0.11599599650818876,8.306767404828753,0.026265065566923197,8.198818490667865,0.08168384859396627,358.0411718625271,354.40295084415897,3.6382210183684096,0.020496644347967562,0.017016611497227333,0.20013360057109741,-4.849049942753346e-07,-4.90042128352297e-07,5.137134076962283e-09,-5.9066604036537144e-05,-5.908909489711424e-05,2.2490860334382784e-08,1.182782000677021,-12.500639857708563,6.542579006785729e-07,6.971207737463991e-07,0.05085425354350192,113.37535567263774,0.005734566252847995,-352.58043550880393
48,0.125828856454302,8.530619900739564,0.02731172436619529,8.431363938450714,0.07194423792265453,385.5154543636255,382.80972154540996,2.7057328182154214,0.020543269234005637,0.021850451015937335,0.2557464742379149,2.381767299621658e-08,1.898076133044486e-08,4.836911665771701e-09,2.077348271888524e-06,2.0562520698558046e-06,2.109620181925321e-08,2.200764114685803,-0.7676124101066508,6.629445510468812e-07,5.646686054711783e-07,0.06228084942595483,113.36173370981615,0.006086411149377234,-91.89125339601287
49,0.11231069252912547,7.908490562683407,0.024802810106100946,7.8326683805222945,0.05101937205501123,296.02739987485006,293.2752835362814,2.7521163385687184,0.017238973541776306,0.017258656426772573,0.20135333625622687,3.2673041768704737e-07,3.2265752102882867e-07,4.072896658218728e-09,3.698147853594496e-05,3.695862870937784e-05,2.2849826383709012e-08,1.1350250471183487,9.353030482453043,8.016302886978504e-07,7.267847688206003e-07,0.050813035657983265,109.57950961890309,0.005797833539982856,88.701137745918
50,0.11811944212608805,8.626172334317312,0.024903929311004783,8.53416735500272,0.06710105000358606,326.1522008754247,323.3638992800905,2.788301595334099,0.014688954732573681,0.017103577590015486,0.19869842983425506,-5.3128957967707887e-08,-5.8809848601316504e-08,5.680890633608627e-09,-7.679739455222554e-06,-7.700789894456148e-06,2.1050438995190475e-08,1.1263475191985477,31.491811738996045,6.812796040325747e-07,6.870519525461607e-07,0.049658127802603126,110.7937942911589,0.005816046029374766,479.7728409075471
51,0.12186691079407952,8.28871809985173,0.0265353943371378,8.186813619790051,0.07536908572454097,400.39900111963306,397.22059293197384,3.1784081876594064,0.01470866237868348,0.020026171141454774,0.2268689383539565,5.97869828808878e-08,5.20400176766999e-08,7.746965204187878e-09,3.795076814388674e-06,3.773518958951115e-06,2.1557855307038264e-08,0.8527015877326678,-2.2013318488025755,6.336694300966777e-07,7.510751728488359e-07,0.057976631851332845,118.02235569142799,0.005919070938129819,649.7722877252058
52,0.1252538658943255,8.063532177030863,0.02799510963908829,7.948197154908138,0.08733991248363823,289.31783936447226,286.6399519134635,2.677887451009521,0.024833659249078564,0.02146554220522922,0.2552190953187538,8.568865222357545e-08,8.287013347510436e-08,2.8185187484711063e-09,9.41022706190206e-06,9.389459885286636e-06,2.076717646570143e-08,0.5808572525782277,309.53667121222963,7.640207264892037e-07,6.130652620074145e-07,0.06340690185683709,105.15970007576456,0.005863315387232187,-243.17122662812517
53,0.11973559922875116,7.9930244264198835,0.023788808407384746,7.901522315073331,0.06771330293916848,375.5461102066923,372.19005556146203,3.356054645231031,0.01839618354679814,0.019931054716271053,0.22207148305109417,-3.036486211052973e-07,-3.076170483101571e-07,3.968427204859748e-09,-3.6503773432488105e-05,-3.652573036879321e-05,2.1956936119715602e-08,1.468721337849814,85.9308182343736,6.490696931463563e-07,5.087551960788618e-07,0.058621598938477494,110.19270668168195,0.005888477642412583,83.64720883995551
54,0.12236041471961559,8.656611216042732,0.029947342645881253,8.542747712665493,0.08391616073135741,428.7997704237478,424.8478924721,3.9518779516480955,0.017818176681688322,0.01923462257469789,0.21689146508065427,1.4102790322562687e-07,1.3587515735447165e-07,5.1527458711552616e-09,1.4584443906861063e-05,1.4562687221805618e-05,2.1756684821897148e-08,0.8082242756891762,29.878995846658047,8.551137207100091e-07,6.718396044312166e-07,0.05669722126694852,115.70893234387671,0.005972258976314598,-311.3082161893499
55,0.11890229530318727,8.375639843208932,0.027013699981881713,8.268984415569847,0.07964172765720334,395.44852179943575,392.4069462558034,3.0415755436325824,0.015326830110675514,0.016573070004557204,0.1960580810728926,-1.7219817781549958e-07,-1.766257003578102e-07,4.427522542310626e-09,-2.175958398474134e-05,-2.1781405955911523e-05,2.1821970983861656e-08,1.1348675193234132,142.92674924464774,6.985347402013783e-07,5.502516263786999e-07,0.04971937156850737,115.8792965129901,0.006017834626663072,449.5675124485292
56,0.11214740503516582,8.68926734305153,0.02831745820783784,8.584958649253005,0.07599123559068774,475.36567253307305,472.232530831076,3.133141701997631,0.013396956144445225,0.01603027963833258,0.180635848761986,-9.290830917135894e-08,-9.855100372260697e-08,5.64269455124803e-09,-1.2356621451150543e-05,-1.2378495590744772e-05,2.1874139437350708e-08,1.0213791756331614,95.74842574778617,6.060706467232024e-07,5.463525437017065e-07,0.050129649556332756,116.35321022362477,0.005931874235394542,314.3267761246725
57,0.11036026589061718,8.49328691323584,0.026746515470324816,8.38899660238235,0.07754379538316636,324.41297352524566,321.3699936717154,3.0429798535298116,0.020424321071133667,0.015115449803555637,0.17691536821801873,1.6386879771452346e-07,1.599251585869949e-07,3.9436391275285985e-09,1.826433319367073e-05,1.8241778738930844e-05,2.255445456463651e-08,1.3716215453975487,102.5090018723006,5.69202226959474e-07,7.076372102709446e-07,0.047705936617813416,110.37830994146128,0.00597212361805281,-218.5426289102188
58,0.11648688261662632,8.655815723077191,0.02605165982164879,8.54634059634429,0.08342346691125332,509.5990714396664,505.24897371310436,4.350097726562341,0.017324463760878442,0.015502736893028559,0.18144201457374326,-5.03154405981197e-07,-5.086580931366239e-07,5.503687155426904e-09,-6.306763757428236e-05,-6.308852803890555e-05,2.0890464450609216e-08,0.6804864684518599,71.80154328838798,6.012588238455884e-07,6.33723433278529e-07,0.04939728969170632,112.56497276486643,0.0060318212539640795,-114.79950459992506
59,0.11044501956469639,8.21440349029272,0.024828015422344123,8.119811134937745,0.06976433993263134,421.4123240264625,418.4751955485788,2.9371284778835123,0.015113962800262339,0.014404841677458228,0.1719674865944823,-1.1251585807417286e-07,-1.17235694196023e-07,4.719836121850138e-09,-1.461905905942147e-05,-1.4641121305701516e-05,2.206224608878167e-08,0.7233498035745953,71.4570041685173,6.88869435890062e-07,7.035660937654382e-07,0.04455902028643162,110.05461110038593,0.005755490344226348,-417.9649880689567
60,0.12141645048362817,8.314102530324547,0.026431805324236012,8.219406740818677,0.06826398418163233,407.5830446517542,404.5730377205693,3.0100069311853783,0.023091546228277613,0.018446698755723863,0.2141312128142325,-5.942084971540669e-08,-6.452466849658413e-08,5.103818781177461e-09,-9.730624490738303e-06,-9.753659541896168e-06,2.3035050976114922e-08,0.633936989773344,-17.640193812378396,6.680540081161803e-07,5.477347687769605e-07,0.0538337052253676,114.13995856682203,0.005958467488616499,-848.1682651435235
61,0.11901144387958373,8.371608117556598,0.026856442680594884,8.255165036429645,0.08958663844635384,409.3414211357302,406.7511569684632,2.590264167267538,0.017092768467351877,0.017997209665066353,0.20418961621464998,-1.6364815281724153e-07,-1.689847588441428e-07,5.336606026901286e-09,-2.0998510331413048e-05,-2.1019448187877565e-05,2.093785631181924e-08,4.6816894473501565,213.95733604832037,6.227733509359391e-07,7.055819785535228e-07,0.052735762275701176,114.53137337527178,0.006006063069980552,-428.2706247740489
62,0.11115290288986965,8.270910757601367,0.02504584492414334,8.160682985973246,0.08518192670397755,468.42433811970847,465.66853073820556,2.7558073815031405,0.014566721554640177,0.015582258981185655,0.17660167287773912,-5.550250895701529e-09,-9.126678781266925e-09,3.576427885565388e-09,-1.981931793343351e-06,-2.002600143318216e-06,2.0668349766380113e-08,0.7295229691749227,36.53912780319741,1.0871501001229422e-06,5.446665814268663e-07,0.04671351011412113,110.49074906258139,0.005873851942194769,406.8444223720212
63,0.12418141344462372,8.357648899405588,0.02588922633579526,8.275378559751294,0.05638111331849791,415.04985781041677,412.3607790256276,2.6890787847891913,0.022207157828367095,0.019767515266429614,0.23098185733544324,-2.919840141873665e-07,-2.964871357565895e-07,4.503121569222946e-09,-3.6520165577372406e-05,-3.654164630898053e-05,2.1480731448835545e-08,0.692178518191835,-14.798341429238128,7.192776273920438e-07,9.606639625086076e-07,0.058617911535348,109.35061397216555,0.005990980997329514,504.10860090186543
64,0.11765077603354454,8.811752210766029,0.024947084218952864,8.73599782809219,0.05080729845488758,383.7479729420404,380.46638249836195,3.2815904436783323,0.014636118279637508,0.01629164359881731,0.18459785514569527,2.013663580205976e-07,1.9794973236781747e-07,3.416625652780176e-09,2.341479588557398e-05,2.3391291891169818e-05,2.3503994201080246e-08,4.376984047691914,-32.51820536098739,8.21897224866733e-07,6.705694487143398e-07,0.04741981808525827,121.71264908263755,0.005952250161457022,-244.07360556899994
65,0.11910436294116813,8.916384112028513,0.026542907678088222,8.812364078886656,0.07747712546376868,399.41569259584423,396.44725980019734,2.9684327956474075,0.019417355122022514,0.01740955835914318,0.20379119998611192,7.405333474754702e-07,7.343437219045397e-07,6.189625570930414e-09,8.548672545154426e-05,8.546315748147149e-05,2.356796992504206e-08,1.9412205724025215,99.96025458822692,5.513829455781988e-07,6.871668995620401e-07,0.05154595419658087,122.11942285072276,0.005997207641661827,775.6905166303636
66,0.11627433440786825,8.233569378649428,0.025095453137371986,8.142765817633126,0.06570810787892702,468.60615689682913,465.0074362873519,3.5987206094772652,0.018451500875810677,0.015984116695980172,0.18783843729619787,-6.596206203938942e-08,-6.963081766486268e-08,3.6687556254732903e-09,-8.582479740347464e-06,-8.604180763932303e-06,2.1701023383277807e-08,0.8981299218439072,-37.940981068047655,5.953294625143012e-07,6.070595415246433e-07,0.04881268932758914,111.92326760230439,0.005974373284899353,-256.49666062817187
67,0.10870685449691452,7.994615267567457,0.024385278600558922,7.905114507716477,0.06511548125041978,328.83150890121203,325.4568607820309,3.3746481191812676,0.014256738312197152,0.01524729177424069,0.1719296369372821,2.5546278726067146e-07,2.5165359462292467e-07,3.809192637746741e-09,2.913825890586154e-05,2.9117665064814983e-05,2.0593840924097455e-08,1.2753836502259128,45.958007837666315,9.743338448835658e-07,5.364034282064275e-07,0.045472576309951454,106.97031133255678,0.0058448346171708415,355.07902817667764
68,0.11738171881879148,8.398316623170857,0.02535531939654003,8.302748414543396,0.07021288923092106,297.7333720314907,294.8141283783912,2.919243653099926,0.022877996622280246,0.01654299137314787,0.18534816262070014,-9.737339620209792e-08,-1.0188141725044669e-07,4.508021048348797e-09,-1.3729387405535401e-05,-1.3752297525233742e-05,2.2910119547107937e-08,0.6099839586372735,105.89425351884061,6.396758436510939e-07,7.142745845197528e-07,0.04893534576043446,114.98253506757005,0.005942360409702824,-403.5327730391382
69,0.12059786706030878,9.09475832698877,0.028544224494282695,8.974602253593808,0.0916118489006808,420.8042178736578,417.1267018489521,3.677516024705544,0.020043212315008396,0.017853353303924815,0.20166181665075483,-2.2946666637266771e-07,-2.3342899015633595e-07,3.962323783668163e-09,-2.8399930362904525e-05,-2.8421476416467062e-05,2.1546053406684354e-08,1.7558978927368907,13.978897724997214,5.421701962168767e-07,6.363627147063783e-07,0.05290772619405713,118.0079543473199,0.0059964489740576684,-58.65742481439065
70,0.11849686974456758,8.699201802935027,0.027318599133829374,8.591093430448344,0.08078977335285312,507.2427251696283,503.97078101619684,3.271944153431245,0.016192644312016887,0.0172163583280863,0.19600994116670717,4.438776708149557e-07,4.3879904665453017e-07,5.078624160425403e-09,5.14538329975326e-05,5.143226357935902e-05,2.1569418000803904e-08,1.2434633751218218,86.47645750328121,6.912952303611217e-07,9.65835831907345e-07,0.05141519524358784,117.06389072015051,0.006029594122533441,-197.65832815094382
71,0.1145082004296675,8.15115971817477,0.026511842643486546,8.054443268256405,0.07020460727487804,423.8861764353431,421.1606749768288,2.7255014585138317,0.02057179952805938,0.016134555744204367,0.1827454264741891,2.3530888731536442e-07,2.2946593102807571e-07,5.842956287288683e-09,2.5674047634480167e-05,2.5652674272658657e-05,2.137336167838891e-08,0.544862217391565,46.29211061390404,9.145376467843774e-07,5.98696441954824e-07,0.04848209674479053,107.44947450636663,0.006001646903471909,372.01195517966835
72,0.11440048574550943,8.65612136356806,0.024930996861546165,8.550873492134254,0.08031687457226057,348.50699318152346,345.42835815797713,3.078635023546553,0.017405423321281716,0.015149068535781624,0.17455859380458016,6.054365693831604e-07,6.009906117471636e-07,4.445957635996751e-09,7.05976178666026e-05,7.057574020592182e-05,2.1877660516051673e-08,1.5848101814873607,110.91476630159815,7.724935859889248e-07,6.247188551262632e-07,0.04671409991887644,116.68599742790215,0.005915607048322748,-597.9614422884915
73,0.11959747605930464,8.530328111957688,0.025488012356192132,8.435107080253076,0.06973301934842212,355.83120800250794,352.7186664947919,3.1125415077167538,0.02380725344398221,0.019282687602287008,0.21595330689789904,2.0092657380065837e-07,1.9517568605539092e-07,5.7508877452675156e-09,2.195996350960126e-05,2.193788816915123e-05,2.207534027576883e-08,0.8395413260521836,30.56886712861556,6.684848141542551e-07,6.723786680032645e-07,0.05032888079711265,115.27510565604403,0.005868795336326047,473.654903371772
74,0.11548902113135343,8.426680290263269,0.024340171394045818,8.329029360609717,0.07331075825950537,412.58014522382496,410.25831088385905,2.321834339966062,0.02204620141774821,0.017139429885230047,0.19349002371051224,-5.814500449173153e-08,-6.239020344747571e-08,4.2451989557441885e-09,-8.644183607808482e-06,-8.666062068375731e-06,2.1878460413466087e-08,0.5256542312412927,1.8211224923872134,5.726341725257325e-07,6.296255979164233e-07,0.050862813118465765,112.24793065242551,0.005934812353674818,193.4763278655373
75,0.12354274635394172,8.745884118680106,0.026617584502457717,8.646433312424808,0.0728332217528402,442.27419896321726,438.91997033007124,3.3542286331462092,0.0191215947164281,0.01987706306932841,0.2309171355287442,1.9226061098705267e-07,1.8775552605820395e-07,4.50508492884868e-09,1.9379277733447902e-05,1.9356736430520652e-05,2.2541302672915697e-08,0.9479482962114256,97.29187133820206,7.830910952359283e-07,7.795498187522887e-07,0.05820847320907139,118.23837017201035,0.006060736879132492,368.008419130736
76,0.10994797574727708,8.644028777362832,0.025628621234542015,8.532158207319126,0.08624194880916596,383.825225283173,381.12330145884647,2.7019238243260673,0.01519839690981075,0.014853869578065775,0.16288401612157427,-2.0541889562000984e-08,-2.4820289200791972e-08,4.2783996387909925e-09,-3.991557778546435e-06,-4.0141506906770505e-06,2.2592911968696218e-08,1.1848586045457081,-0.867894145943537,7.621447856355099e-07,6.624829061756154e-07,0.04562537510395598,119.05161768222231,0.006100445972896206,412.59448204909586
77,0.11539621256654267,8.192579375658319,0.02402196098786705,8.101693290070584,0.06686412459986835,359.4739174641977,357.1867414574228,2.2871760067743563,0.017198016263422697,0.01811781232723105,0.20770638444746461,-4.94513181612132e-07,-5.006915996175403e-07,6.178418005408084e-09,-5.89577442251871e-05,-5.897895108445441e-05,2.1206859045035174e-08,0.8571163929918157,101.72629653708499,7.046051993331201e-07,6.410986389019733e-07,0.05279816298565136,112.28352897252975,0.005926890997047891,-13.02875360172493
78,0.11695560615844983,8.565661800687927,0.026912034816634487,8.465415884241182,0.07333388163010947,445.5546350361395,443.0566053196319,2.4980297165083183,0.019512097075362448,0.016708098821184125,0.19795983465793202,1.5602570958116548e-07,1.521821251094689e-07,3.843584471696647e-09,1.8967141514996156e-05,1.894589757980404e-05,2.124393497157319e-08,3.519002578789775,95.45786699491175,5.980534992143378e-07,6.821747361704165e-07,0.04834282819783036,121.67988167752017,0.005943337160645866,624.0026972397068
79,0.11998316877298487,8.312806664576263,0.025980635705148553,8.205124051428356,0.08170197744275719,464.3977678882945,460.7933968904611,3.60437099783323,0.022346261688979022,0.015955557883475347,0.202724515790651,1.2863027340870226e-07,1.2350436164404323e-07,5.125911764659086e-09,1.3873547451435746e-05,1.3852490034713098e-05,2.1057416562889443e-08,0.9425114172838769,-213.65391497516728,9.601312028803805e-07,6.332344589988382e-07,0.04836502079077268,110.18915817519525,0.006036701318667004,-396.6285972734577
80,0.11562143947493181,8.037163967201515,0.025295256460830987,7.933422088201477,0.07844662253920805,531.154256949205,528.786207205833,2.3680497433726146,0.017369658806944115,0.016034727209922963,0.18636517473775865,-1.8838980356296055e-07,-1.92973423205525e-07,4.5836196425644415e-09,-2.381877280970589e-05,-2.384170887843368e-05,2.2936068552643364e-08,0.4220656931143252,198.25331134735777,5.830876872260935e-07,6.110260224059109e-07,0.04747264235262757,106.89039499832917,0.005884952201306735,198.18132421307382
81,0.12416383157860753,9.018790818688055,0.02717279342443315,8.918991979417747,0.0726260458458743,456.40645643771757,452.78185946445507,3.6245969732628955,0.017529755551408593,0.01889209029430982,0.22289624814488931,-9.871944293998063e-09,-1.4765485276042366e-08,4.8935409820443085e-09,-2.2836340912910614e-06,-2.3046439265719232e-06,2.1009835116712486e-08,0.63451665704259,33.19673985789417,7.139288366123879e-07,5.96475225704066e-07,0.05383160335892829,114.64790530243411,0.006039197874806468,166.13848168034292
82,0.11551065583254021,8.052476736532038,0.02560089112023172,7.96633547025351,0.06054037515829702,321.8351628014536,318.4644129244262,3.3707498770264728,0.01763437562175502,0.016065564029138113,0.18313043250230418,1.3424140888699754e-07,1.300598136167519e-07,4.181595270245595e-09,1.4735372301578542e-05,1.4713772423594563e-05,2.1599877847283023e-08,0.9036445695400268,96.60702419472345,8.581826672453249e-07,8.299471645777637e-07,0.04762953293597135,109.7419553748639,0.005745234415434939,250.63230966455058
83,0.11289110921740177,8.537791623373003,0.025467258031436124,8.451402843254849,0.060921522086718714,403.5709674373151,400.387875009185,3.1830924281307054,0.023537267436431156,0.01692968022054203,0.1897116510124278,2.2187805311600027e-07,2.1741896087345276e-07,4.459092242547521e-09,2.4257525109786872e-05,2.4235872886895913e-05,2.165222268064168e-08,1.206530290536094,19.234649865482595,6.180652388143165e-07,5.819800859827309e-07,0.0495989642932348,115.07387681153645,0.005828035981772795,-256.9647256489561
84,0.11643225963182106,8.654060867577723,0.027742046655466042,8.553356956131768,0.07296186479048895,445.8279937313554,442.9616581397157,2.8663355916396043,0.016412383356066883,0.017241837001622417,0.19040809166036335,2.054034720339888e-07,2.0130096559929854e-07,4.102506434690401e-09,2.3433534791150374e-05,2.3411621560266808e-05,2.1913230644369432e-08,1.0681934929806782,31.800613009507618,5.839637893835694e-07,7.392669643205618e-07,0.050034326155404166,118.26679510700829,0.005942885537894023,-1110.2200783610756
85,0.11943561650202852,8.163442285614513,0.027784748306544756,8.059171493289464,0.07648604401850466,438.36852384882354,435.8289565777996,2.539567271024104,0.017763282434691514,0.017716322067787223,0.20354246525746428,5.310089107031773e-07,5.260319385438011e-07,4.97697215937609e-09,6.137056098141471e-05,6.13488905796696e-05,2.1670401631341285e-08,0.562610778982525,55.183901024440566,7.11506512268138e-07,6.099819386288077e-07,0.05334061683245362,112.5935440569914,0.00609000182760413,100.38283429559851
86,0.1194149962205453,8.629261910375012,0.02960997872693582,8.517790750171635,0.08186118147644138,448.24811559475904,445.6493646868808,2.5987509078790976,0.021092110385964057,0.018242726256803215,0.20545051654404423,1.019964828379152e-07,9.775346218782983e-08,4.243020650085361e-09,1.041233488935286e-05,1.0389900755484761e-05,2.2434133599820403e-08,0.7099000965703939,56.549056514388035,8.04596310592734e-07,7.220427402313271e-07,0.053024584119999295,117.35650331055808,0.005928928372036357,63.75918356819329
87,0.11438453920041665,8.257773638329681,0.02722284237044464,8.157486910655209,0.07306388530402938,414.3042049044072,411.52978909755564,2.774415806852193,0.018268466676306844,0.016101107084573796,0.19233450641755784,-3.4921391554670704e-07,-3.530359514146833e-07,3.822035867976217e-09,-4.307936938222416e-05,-4.310157181149973e-05,2.2202429151146846e-08,0.8094346194195288,47.03329280341856,7.421505665452075e-07,6.415319268776103e-07,0.04827509652803653,107.72534965287402,0.005848961614910457,-629.4645977879673
88,0.12468355853511293,8.221447248441505,0.02460886224851652,8.140815499806706,0.056022886386280654,344.64706185867556,340.8960045320282,3.7510573266470213,0.0231438000654104,0.019270655543110388,0.22422310893352748,-2.513142304516253e-07,-2.5541471160785856e-07,4.10048115623314e-09,-3.058719324376524e-05,-3.0610839166062986e-05,2.3645922123296194e-08,0.6471681205901803,118.9766171730076,8.727697787514064e-07,6.072368895581979e-07,0.05630260353798728,115.43309839057807,0.005950485786662055,-132.98149398037367
89,0.1244576207440981,8.670987583795927,0.027353979732198302,8.547965471006268,0.09566813305746041,473.93488408926953,470.2655528706781,3.669331218591764,0.024110918813261068,0.01921876776699086,0.2204605828411453,-4.3711392516240123e-07,-4.418990234361886e-07,4.785098273787502e-09,-5.3862208339964645e-05,-5.388481355283436e-05,2.2605212690619424e-08,2.975983746538991,-36.27803129423869,5.814665380523259e-07,6.560016660473851e-07,0.05720438618886465,114.73062308169881,0.006087033950432564,493.5757254117675
90,0.11585596979688695,8.354041834937545,0.02650226017186211,8.250658417986369,0.07688115677931565,304.23234591851116,301.7061977862938,2.526148132217737,0.014871040496052626,0.015161567559152102,0.1761095105904807,-5.188921487660293e-08,-5.6567508366471745e-08,4.6782934898688125e-09,-7.893276246835733e-06,-7.91472214242258e-06,2.1445895379773153e-08,0.8019691019514037,81.09285178038168,6.196018219398446e-07,5.304953846307054e-07,0.04534095798971506,108.18644292401886,0.005945010938838896,-390.2271819595617
91,0.11556033162087344,8.180244665271779,0.02315507004348075,8.087708561527696,0.0693810337006009,355.40693688316276,352.25377530224904,3.153161580913991,0.01889231761512374,0.01842906453865602,0.21030351808577077,2.632846156481159e-07,2.554400284283647e-07,7.844587219751357e-09,2.8798941371715393e-05,2.8776984685249328e-05,2.1956686323482645e-08,0.7940848127011852,78.1976671560101,7.01094069409852e-07,5.582969958782214e-07,0.053255520961223046,113.11095861918739,0.006008630334596337,97.62978817169687
92,0.10703315957391052,7.9137158008609045,0.026333210406369784,7.800915608983717,0.0864669814708182,502.671500283314,498.3705741867729,4.300926096541607,0.018608408546306868,0.015477245609943326,0.17254546432705087,-1.1554626642504344e-07,-1.1988340071687451e-07,4.3371342918310695e-09,-1.713363245235502e-05,-1.715443887846539e-05,2.0806425931035075e-08,0.6499009713318437,-69.29593594703172,6.148397238668816e-07,6.227794175251195e-07,0.04638891566400136,106.69124175855367,0.005913172145328749,-78.61242136537658
93,0.11994452425653264,8.75499989916686,0.025242465872483102,8.670046853525914,0.05971057976846394,356.5747974620765,354.2494214909451,2.325375971131355,0.019100209073945856,0.018126995976354147,0.2033161112326228,-5.77493887475921e-07,-5.82464497352538e-07,4.9706098766170815e-09,-6.960084580105888e-05,-6.962355926710274e-05,2.2713465856828452e-08,0.7091708124167043,-114.8306993686427,7.022054842400618e-07,7.044495730680243e-07,0.054880205560341455,117.29395090530689,0.006062955320863225,101.309141441056
94,0.11663953100250335,8.893972732221485,0.026064227435712316,8.788700153629131,0.07920835115664025,486.43020650968026,482.8840904223167,3.546116087363835,0.021071434990910364,0.015006447366712103,0.18096863728019713,1.1317491992572875e-08,6.710682513885723e-09,4.6068094786871456e-09,-5.8134326797120433e-08,-8.086490975369233e-08,2.2730582777069785e-08,2.1985864312096566,19.6847374199052,6.593814051761571e-07,6.32398825990471e-07,0.045829548816182376,111.0394475874301,0.006079125916071038,163.89437251170466
95,0.11596258620708827,8.373025907687197,0.029496586785059422,8.266473649420314,0.07705567148182195,439.7548650145085,436.89717733860164,2.8576876759075382,0.023821754566456448,0.015923762101188513,0.19813462642365395,4.520281979869081e-07,4.4582669361830285e-07,6.201504368605154e-09,5.1071155783860705e-05,5.104839505914608e-05,2.276072453805823e-08,5.578851572954614,197.25512401109157,7.548750916667626e-07,6.688327725863298e-07,0.04841802776116385,108.08150389007639,0.005869887343517178,363.2696288043189
96,0.1180616487677754,8.49751394858229,0.024126176703417976,8.395081353612357,0.07830641826651841,444.42578002141585,441.8438486297627,2.581931391653159,0.022098155546992897,0.018552400146605162,0.2086438192418106,2.420895224719563e-07,2.3692362415538044e-07,5.165898316575958e-09,2.7344935003312477e-05,2.7323691840835413e-05,2.124316230287889e-08,1.3035351191621505,56.80455574946419,6.380173477689082e-07,7.308780753892114e-07,0.054208387170228085,113.20121648729288,0.005982140360228815,147.6393226879668
97,0.12368728637676939,8.494031701696013,0.02533062209280163,8.393989495630324,0.0747115839728885,389.4466439286784,387.02296084892595,2.423683079752367,0.019842177268813457,0.020457777049858322,0.2271860252398406,2.1840563460790522e-07,2.1371573530839239e-07,4.689899299512853e-09,2.494673057516863e-05,2.49246419348962e-05,2.20886400656341e-08,1.7036244973464099,127.11656149438872,6.596338131336765e-07,5.625614570399666e-07,0.059419742852168236,113.41554128557772,0.0058563092610160634,-96.23152811615728
98,0.1114048223664375,8.298856630794427,0.024733306563514273,8.204786350191187,0.06933697403972242,441.3354335315186,438.35988545394997,2.9755480775686416,0.01647151980841606,0.01549459601282886,0.18075668096543834,-1.0554779375474024e-07,-1.0979545525879054e-07,4.247661504050344e-09,-1.4705084149879955e-05,-1.4727612491604147e-05,2.2528341587769e-08,0.4447926901281817,154.64803064468776,5.965373962644559e-07,5.907406254770785e-07,0.04621272788723937,115.36754227640611,0.0058617855257824475,-42.67500672517417
99,0.11227063889060868,8.173111075428817,0.02571621941880743,8.071014161425003,0.07638069458500563,365.13678406867524,361.8440330304435,3.2927510382320717,0.019619949317252604,0.014316948715814097,0.16150345363615617,3.291065916738717e-07,3.2483346036224665e-07,4.2731313116250955e-09,3.729570124138668e-05,3.7274413294929987e-05,2.1287946262606555e-08,0.6700387812918205,71.84856359719316,5.252471924268992e-07,6.880448780450169e-07,0.044564174889568826,108.9399893368327,0.006093121259031177,325.9901147053174
100,0.1263000851037008,8.252635066459465,0.025698989330578122,8.154198463947044,0.07273761318184394,392.7793339545522,389.45947321450785,3.319860740044285,0.016032169269104387,0.01890938167780995,0.22686175874562892,1.3484375274639703e-07,1.2952867754676312e-07,5.315075199633967e-09,1.5837023433502627e-05,1.581503555950221e-05,2.198787384932421e-08,0.9114062016161284,20.66003591987406,5.046765733095658e-07,7.658962693576487e-07,0.05599605877262713,110.77915787280756,0.006071629947064776,-397.86629723125407
101,0.11627580293179667,8.075589301124298,0.025466585269128785,7.963671804473681,0.08645091138148626,374.1355065384202,371.69734405091145,2.4381624875087264,0.01839465343680818,0.01727514110375021,0.19731016410605284,9.235570569571013e-08,8.805936487808055e-08,4.29634081762957e-09,9.496740440600374e-06,9.475589149221597e-06,2.1151291173550108e-08,0.89952604352144,68.74262576551524,8.554279715215023e-07,5.856116785785627e-07,0.05016551941970287,109.37053410752381,0.00603191155694623,16.126422025868123
102,0.11374422873911726,7.749661124824753,0.02493757050968243,7.671983886716786,0.052739667598285876,437.2290990185446,434.51657015463854,2.712528863905834,0.01863737992464867,0.016362456755074695,0.18434128567529579,-2.59973948145936e-07,-2.6452174106537215e-07,4.547792919436097e-09,-3.1853860139125765e-05,-3.187567846670969e-05,2.1818327445275948e-08,1.1308885161028337,98.2819565543478,5.664133022185052e-07,5.662754112997783e-07,0.05060876861351207,111.82183150473655,0.005816227194359878,226.9833046261374
103,0.12105623138167786,8.244629138111229,0.024771411025043467,8.138699667211165,0.08115805987501919,343.3875424321804,338.9470142148525,4.4405282173274365,0.016188446157209015,0.017539129333012292,0.2167285785051725,-3.74169113060364e-07,-3.8001040395162236e-07,5.841290891258279e-09,-4.634973988429394e-05,-4.6371752646318154e-05,2.2012761893758196e-08,0.8253443072785184,129.26681456787588,7.103417818201596e-07,7.903898617098814e-07,0.05181519163563906,109.47534876636442,0.00591823509750666,19.114537960108464
104,0.11156958067861455,7.981664501274226,0.025554700013093932,7.882442313589601,0.07366748767153158,496.76672174565914,493.6502463300417,3.1164754156173733,0.024416685051026003,0.01485416711155326,0.16881097153130095,-1.1328779745052959e-07,-1.1735812470194326e-07,4.070327251413657e-09,-1.4061298774271968e-05,-1.4083114427391987e-05,2.1815652951929934e-08,0.6730923431982628,138.74342481829004,5.349864149696899e-07,5.591821535052187e-07,0.04497584978390078,107.09304833892739,0.005936790815452989,82.80758297845614
105,0.11357612853361337,8.656275129692053,0.02632194227790827,8.541488610929811,0.08846457648433408,427.6547438208982,424.34541698714713,3.309326833750951,0.01949518327846975,0.01611063290476817,0.18838960349038003,-1.866535230023165e-08,-2.2444572914482726e-08,3.779220614251084e-09,-2.586406248047911e-06,-2.605927122235014e-06,1.9520874012461108e-08,0.6800074503141134,220.7284075385596,5.153956853135348e-07,6.94137367311713e-07,0.04751739427008374,112.66239503685499,0.005992299703857931,-625.5796648518899
106,0.11494968018896264,8.261223408732603,0.026039842107581052,8.164494994815108,0.07068857180991248,428.607915298765,424.98947160511375,3.6184436936514106,0.01973514453758108,0.01832900677300113,0.2104545706010961,-2.9094164852783126e-07,-2.948812845381899e-07,3.9396360103588554e-09,-3.521731260226671e-05,-3.523962161587387e-05,2.2309013458446067e-08,0.7245283688543273,63.33231012129727,5.560965873326214e-07,5.607169388804295e-07,0.053907713977827135,109.30103713491903,0.0059360335896433795,-319.91506464795384
107,0.1197790309259899,8.370642422552383,0.0276747456570355,8.2733014305286,0.06966624636674704,395.712134098451,393.19700564899034,2.5151284494604376,0.02097187883129114,0.01793401313381246,0.21442347587229413,-1.7248919745286736e-07,-1.7702500738826827e-07,4.535809935400839e-09,-2.0334531188405665e-05,-2.035788016492875e-05,2.3348976285373108e-08,1.6003618636126646,28.184266440875213,6.107115671579152e-07,7.43780526883482e-07,0.05229497828744021,112.6963900461307,0.006003731346334638,-189.2770760861722
108,0.11164698818900666,8.185691662622023,0.024825392921027097,8.080772189125017,0.08009408057597717,393.6164852609575,391.0654007415261,2.5510845194315745,0.019513428096476573,0.014996679049702177,0.17329114644159,-5.369672147530817e-07,-5.41144228607355e-07,4.177013854273565e-09,-6.413406510072416e-05,-6.415532029567647e-05,2.125519481498084e-08,1.294941562772609,-82.89381511434598,7.666276266839469e-07,6.394949225020629e-07,0.04480606418660553,112.80510856736012,0.005874280284729607,-116.90531265503978
109,0.11505326634745744,8.170487389062899,0.024825694602856028,8.073602950713243,0.07205874374680067,338.12915787555806,334.60939499694734,3.5197628786104334,0.0200908324341933,0.01611440063135022,0.18336206013785844,-2.6988917209785497e-07,-2.744278691728587e-07,4.538697075003855e-09,-3.293435959699513e-05,-3.295580255179644e-05,2.1442954587098144e-08,0.8705545132566995,-33.67352509610763,7.278250221875465e-07,6.09712361461802e-07,0.04898501355482564,117.08346010870603,0.00600337391835243,-202.0973367704646
110,0.11821512808443731,8.991969762317165,0.029407457787189437,8.873792435829369,0.08876986870060659,331.6461106083523,326.57424473778696,5.071865870564646,0.018983647944385423,0.016597701610202475,0.1945321543410757,-7.3657609482562e-07,-7.416623680865955e-07,5.086273260975426e-09,-8.879589017072972e-05,-8.881749141782227e-05,2.1601246809356126e-08,0.5492760658055693,106.46314092657886,5.466375912136346e-07,9.427168312917859e-07,0.0510139300531733,123.67509978257448,0.006012332949544284,-48.97012455564982
111,0.11569230196073917,8.133761576136294,0.02648674258337576,8.037442434628144,0.0698323989247752,392.31721413461275,388.9991991393643,3.318014995247864,0.017452009780148745,0.017038542034284957,0.20332331033806977,-4.6646162824222674e-07,-4.696699615992896e-07,3.2083333570630596e-09,-5.620107872687988e-05,-5.6223534430468284e-05,2.2455703447388996e-08,2.3424698476882817,48.66970435657209,5.332108845312083e-07,7.259368826835182e-07,0.0499528867356535,110.29563172531427,0.005998355105953818,145.2012665467255
112,0.11262620112721193,8.26827086510346,0.027009849068674846,8.166002909879834,0.0752581061549506,385.2848360566577,382.9708098872796,2.314026169377679,0.019687456998821556,0.017502281542529363,0.19547584731371304,-2.4221110088432904e-07,-2.456867575660677e-07,3.4756566817386258e-09,-2.919929232590758e-05,-2.9220481597777152e-05,2.1189271686949374e-08,0.5708618328695522,75.52661545851807,5.726028542729298e-07,6.55148811970433e-07,0.05151892219889581,107.43604134435459,0.005748433300933296,17.55829047591942
113,0.11605474404254687,8.419852468025905,0.025931398976098988,8.343558702980754,0.050362366069052006,421.12591709876125,418.1741516786145,2.951765420146525,0.018916162263374895,0.016885494483526928,0.19471248072386416,-6.345906189290573e-08,-6.748873388188793e-08,4.029671988982176e-09,-9.286667458877412e-06,-9.308502246744588e-06,2.1834787686904586e-08,0.7597687457602464,130.1884277675206,6.833321834583091e-07,5.812136419669788e-07,0.05171151731088333,115.69020405759903,0.005985186044040625,200.68096152211865
114,0.1163093681169135,8.168110932124598,0.02522529528601423,8.081143653006599,0.06174198383198548,368.05880670410886,364.3797669359772,3.679039768131988,0.02054383117951702,0.01631549449572406,0.20101867653088093,-2.7652808673843045e-07,-2.810386010665162e-07,4.510514328085619e-09,-3.425275038756606e-05,-3.4275397656094386e-05,2.264726837402348e-08,3.254556348796331,93.9472535120707,6.622007329404583e-07,5.681182416133098e-07,0.04902850696918468,108.4616029691282,0.005970523582232129,5.830167823611191
115,0.12098235571727717,8.529153533854062,0.027016631627704173,8.419167690905386,0.08296921132097296,383.2882905881389,379.7819886565705,3.5063019315687947,0.016880194850915447,0.0185961949955387,0.2233942562967248,-2.8957931213014404e-07,-2.9558887038642934e-07,6.009558256285076e-09,-3.5776564653490974e-05,-3.57967644871006e-05,2.0199833452860486e-08,1.2951970424520798,23.20005157599168,7.431626549499707e-07,7.949004034700629e-07,0.056650665643440755,116.66306548331077,0.005997407936465985,-179.92612685063887
116,0.11650098753531964,8.110766998576056,0.02538994882909719,8.01583878995517,0.06953825979178677,387.76210995782156,384.67289790409967,3.0892120537224534,0.014514466317765548,0.01671100176898802,0.19495611055765738,-7.447166547902177e-09,-1.1815787421538632e-08,4.36862087363646e-09,-1.4750275784446052e-06,-1.4966574345934423e-06,2.162985601290932e-08,0.9918666180193798,23.059703111588888,7.220727676970748e-07,5.751504569698563e-07,0.04954738036576658,112.53194348330526,0.006022413777604767,225.5201625934451
117,0.11684851966075757,8.229581349595716,0.024282479927704707,8.123076955031882,0.08222191463612834,428.47646349551815,425.6070454777267,2.8694180177911206,0.02430684265827936,0.01726281086969542,0.19544212707568936,-1.9917823024410208e-07,-2.0459307073891356e-07,5.41484049481146e-09,-2.317014703328769e-05,-2.319375981262269e-05,2.3612779197918714e-08,0.754154741354714,61.392241480714496,6.752751473256115e-07,6.492277240511417e-07,0.05054827751133312,114.03797752384148,0.006028289858835355,159.13350608563496
118,0.11714507144638903,8.505829897521465,0.02819918049938839,8.399077917535752,0.0785527994863246,424.9801960030365,421.49180901035874,3.4883869926777735,0.02844594964953569,0.01621229214854691,0.18376329579449693,7.594153485430145e-08,6.997797211586492e-08,5.963562738436511e-09,7.751982646377136e-06,7.72976446908589e-06,2.2218177113340123e-08,0.6734426913943574,62.217316110071394,5.411725925516601e-07,6.207262194859125e-07,0.04853922460373246,115.56343602452523,0.006006443203531841,-257.1707743311017
119,0.11899036959458485,8.088144936741234,0.025596573633792117,7.989344758831012,0.07320360427643097,392.6021624590692,388.77905302470083,3.8231094343686514,0.021887816745753918,0.01844696846999946,0.21159078735925005,-1.1577921834867236e-07,-1.2264547587639066e-07,6.866257527718282e-09,-1.4710938296624359e-05,-1.473270612872177e-05,2.1767831885508922e-08,0.9795241052198105,107.4050907494539,5.735737955606269e-07,5.858466774772499e-07,0.054699476868859565,111.06648541143679,0.0059822715386408576,-174.4206093808616
120,0.11590742602113963,8.469907155243586,0.0251085688595161,8.381514768621832,0.06328381776223535,399.8370845280718,396.73677659289723,3.100307935175351,0.022622358893307947,0.016807818667824583,0.19594708836160565,3.439698097248124e-07,3.40572086357912e-07,3.3977233669004062e-09,3.990187008267172e-05,3.98800405774214e-05,2.1829505080084866e-08,0.863579587731151,75.8234443162193,5.625182273253474e-07,6.755764833983482e-07,0.050571474620638386,111.70222751076543,0.005854396158177551,-125.87119623150011
121,0.12842340279583989,9.073173663494138,0.025838430637394046,8.959517168904096,0.08781806395264925,413.1018753556078,409.7139366529627,3.387938702644997,0.017840418528703467,0.02110015908489789,0.23696963942158947,-2.5936060852968164e-08,-3.042743361227003e-08,4.491372759301895e-09,-5.899013531407598e-06,-5.922172986958228e-06,2.315945537774264e-08,0.7881557979857967,100.63209891390571,7.643697591287936e-07,6.575662881391834e-07,0.06251399626252822,115.68289203394595,0.005949520976765832,-256.4287796583767
122,0.11187708867525584,8.044348641659854,0.026394940720793496,7.950134586970196,0.0678191139688632,506.19220497046155,502.5474659981595,3.6447389723020374,0.01765363103481394,0.016484688693992246,0.19423208550683135,1.4915490638990416e-07,1.4471689384665884e-07,4.43801254324533e-09,1.7312463788171865e-05,1.72902440428775e-05,2.2219745146173334e-08,0.4745324439892543,-230.30152721625214,7.059479747200461e-07,6.740192686489696e-07,0.04773165915426388,111.54997537479727,0.005869763028298442,-287.05974094274734
123,0.11792690871260746,8.331248301598215,0.025117625808120884,8.223573881486963,0.08255679430312943,418.2253240326148,414.897429058344,3.3278949742712047,0.02240093314321622,0.018740600902621307,0.21844256204065837,1.286616808056856e-07,1.2450140461263936e-07,4.16027619304625e-09,1.4104297890315914e-05,1.4083285437102572e-05,2.1012453021925506e-08,0.927566300425896,19.28671021540411,5.747732854522409e-07,7.596675009767984e-07,0.055153651312492065,111.8360052617816,0.00587226009321258,-100.63384035207673
124,0.12271653093859863,8.798169618641305,0.026803703289516756,8.686410459626956,0.08495545572483261,458.97222452865964,455.54509796951925,3.427126559140731,0.02131152051359286,0.018265172966825324,0.2007967055459511,-2.647545176767285e-07,-2.6990940040729675e-07,5.154882730568312e-09,-3.386268880812893e-05,-3.388384741001255e-05,2.1158601750382487e-08,0.6462699115112545,159.19783196936515,6.487063056292796e-07,7.054182187300675e-07,0.05492598999265454,116.1901744027273,0.005965356660562947,-208.45901218549716
125,0.1189893117730294,8.880669364288382,0.026475130545524583,8.77098482235161,0.0832094113912456,439.2185041862766,436.57424643876936,2.6442577475071443,0.020482225747093158,0.016069938953200583,0.20347835685143179,-1.2252651967484105e-07,-1.263661108221047e-07,3.839591147263633e-09,-1.639398717958059e-05,-1.6414907292799737e-05,2.0920113044748255e-08,1.6680209825721228,6.937322337196208,5.354217661813855e-07,8.005255619192932e-07,0.046467065103499086,114.28127398060386,0.005895777563110679,227.43005531466224
126,0.1251554499800326,8.2416349168619,0.02618404785563112,8.145586812691414,0.06986405631485527,540.8811222309533,538.3886217817973,2.4925004491564158,0.022731714507489353,0.019798738001457823,0.23149214722390155,2.9273421522827744e-07,2.88828632133736e-07,3.905583094541452e-09,3.2145768365427034e-05,3.212452794139663e-05,2.124042389287371e-08,0.575776205422674,68.25654795904833,6.450762851908901e-07,6.473844965014298e-07,0.058170529442858984,115.87653357204971,0.005970141941712897,-196.25068005338153
127,0.1120902939821213,8.30662769018056,0.024236967176077137,8.208321166875072,0.07406955612941259,416.60980151345416,413.1154534674059,3.4943480460480325,0.018751550948346175,0.01473680477096148,0.1759554960382806,4.501679151380802e-07,4.440554209406468e-07,6.112494197433315e-09,5.312002846188624e-05,5.309858728995862e-05,2.14411716847338e-08,0.9659251712421013,105.94258621849727,5.051973373846151e-07,5.319187895000733e-07,0.04493470498300934,112.42655940865882,0.005737152854904927,307.16949500849614
128,0.1158469556194103,8.40130631611361,0.0278941442030361,8.300281324414556,0.07313084749601856,402.14745627063377,399.3504242343522,2.7970320362815757,0.016169859393260943,0.01607175827893711,0.19555642669638312,6.297395955947826e-09,2.1580220480127972e-09,4.139373907935035e-09,-3.212891296787939e-07,-3.437677125787367e-07,2.2478582768389288e-08,6.562181414861627,70.36835095996312,4.934426985342586e-07,7.669584835560701e-07,0.04765985853255042,109.91671206638978,0.005938441941420376,743.2800073988001
129,0.11750677656856393,8.046009360328881,0.02339127036097011,7.929797668227998,0.0928204217399137,375.3755448095618,372.28726859627176,3.0882762132908232,0.01936512203208921,0.01848898866815271,0.2158694388529462,1.4138974346711657e-08,9.374013531014579e-09,4.764960815697081e-09,3.5857967097574394e-07,3.3744666613844417e-07,2.1133004644920867e-08,0.6490919683452167,11.743300592687874,6.030461141297843e-07,5.84937273467878e-07,0.055382502431859694,101.95730721587925,0.006017559968301587,-527.1402676226012
130,0.11786127376884578,8.300833207634108,0.02359607227480398,8.18685108448405,0.09038605087525388,336.68807798092394,334.2219855632834,2.4660924176405454,0.026061691158952207,0.016328529688258722,0.17957200941476567,-1.5278118993168245e-07,-1.5668396849081273e-07,3.902778559130338e-09,-2.0941255678555013e-05,-2.096205368146328e-05,2.07980027454343e-08,1.9244018127150653,65.60693321557153,5.414726866660006e-07,5.75565218225592e-07,0.04839474737541251,114.865820243731,0.005939318841105495,-177.49751211432977
131,0.11559199253526027,8.301331274251034,0.023706886910383456,8.215428100353392,0.06219628698725873,388.35308743921365,385.40089248775473,2.9521949514587265,0.016855997932062206,0.018292488935129112,0.2064677749143192,-1.1895444059385348e-07,-1.2347551593037075e-07,4.521075336517279e-09,-1.6061985710058618e-05,-1.6084567250216434e-05,2.2581539933533294e-08,0.6522827719830953,80.54003465329325,4.20679729736338e-07,6.165689553337832e-07,0.054504872322410435,111.61591959234573,0.006017170194954665,153.46212454184797
132,0.11605960817605993,8.795416148604996,0.02567336671972137,8.679723305923739,0.09001947596153724,426.08513581911757,423.2652814380191,2.819854381098879,0.01706256401424379,0.016459966311524923,0.1920595574338673,-3.207216932987367e-07,-3.2617656789395695e-07,5.454874595220111e-09,-3.9438332555925666e-05,-3.946026675330084e-05,2.1934197163617632e-08,0.8252247803323047,134.84853254617403,7.026024304821546e-07,6.794242952694658e-07,0.04848868659442083,117.94866946078058,0.0060965587316018375,123.68424334292285
133,0.11801940964576688,8.267449272268141,0.02943270735446565,8.159260183973863,0.07875638093981135,398.18448282635694,395.39216510562306,2.792317720733982,0.02101829233312979,0.016337618542807072,0.1795377596284046,1.791715500520855e-07,1.7295869996279604e-07,6.212850089289465e-09,1.8985726676552426e-05,1.8963994144487294e-05,2.173253190769109e-08,3.979611365813433,-20.16862786929926,7.996217278302826e-07,7.750504120979217e-07,0.05000686721111196,113.93684211870269,0.005878879408519452,99.03010235050442
134,0.1115117521401215,8.029712280333097,0.025408560834399706,7.941919037009909,0.062384682488789145,493.4815889010038,491.12216836099043,2.3594205400137778,0.01735142591934831,0.016981670009343267,0.1930203824005439,2.6620549180825142e-08,2.234410759329729e-08,4.276441587527874e-09,1.6246115082202014e-06,1.6030828479843464e-06,2.1528660088999222e-08,0.874013420879315,78.35694015973839,6.252880821919535e-07,6.390813691382822e-07,0.04911302036821767,110.67688494057923,0.005861254534319086,144.44440474510793
135,0.1105651631345719,8.476074796703438,0.027208940814956256,8.387371863499315,0.061493992389165496,417.69499114986894,414.18086633946416,3.5141248104047045,0.01781300273558017,0.016928352645726483,0.1864434317378893,3.0069811725666886e-07,2.9498326086912037e-07,5.714856387548566e-09,3.111654737192771e-05,3.109417064739642e-05,2.2376724399825293e-08,2.1897975001224257,98.95355754891091,1.60511158028993e-06,8.728423439866771e-07,0.049201840367646056,115.4449561495002,0.006034986088674865,428.7296793769892
136,0.12271820246347832,8.6986680516999,0.02912777244078193,8.58513651218701,0.08440376707210859,332.04231873402955,329.40228994415884,2.640028789870049,0.01273289352464159,0.016054090111529643,0.19102377470134813,-3.6014059968549495e-08,-4.0311885464921545e-08,4.2978254963720665e-09,-4.289572143097645e-06,-4.311986437310381e-06,2.2414293896258276e-08,0.9120851130632261,45.906014409739804,5.771901692330088e-07,8.220403981931001e-07,0.04715951637588191,118.19354281189399,0.005869987229854962,-166.5324217638654
137,0.11299988628228598,8.45749800242378,0.026971277704240713,8.353272000003452,0.07725472471608864,446.775475747667,444.5158393549062,2.2596363927612626,0.019757220455890984,0.016200863554075816,0.18249125627214952,4.910412872982097e-07,4.854016530697249e-07,5.6396342284846216e-09,5.7168455466012046e-05,5.714540341168725e-05,2.305205413604606e-08,0.6745724245336964,-16.338868813045305,8.867586467020925e-07,1.1799558267581718e-06,0.0483926612724897,112.0837038521227,0.006109476566909693,-412.14462422792803
138,0.12747884855735628,8.527828497798117,0.03088680535849712,8.426387086668834,0.07055460577078576,430.3183770063711,427.2826023333856,3.0357746729853363,0.01577526448126759,0.018568987813121107,0.21673397424770988,-4.505084445510195e-07,-4.586180656100879e-07,8.109621059068388e-09,-5.3854524309426946e-05,-5.387608757339229e-05,2.156326376588651e-08,2.218530601865728,72.0711422209075,8.047636613020303e-07,6.142315656086627e-07,0.054870472486912514,114.66923471766093,0.005807858153020052,-360.0983323462856
139,0.11799355360160295,8.64758710516229,0.023182029589992003,8.533502865206332,0.09090221036596378,407.98292170207947,404.7877374675779,3.1951842345011343,0.018616586491642714,0.016476804441154482,0.19452242468476616,3.88581939207621e-07,3.832841578270542e-07,5.297781380566851e-09,4.540815241876878e-05,4.538687354543603e-05,2.1278873117267126e-08,0.7459028263497289,206.5747879811783,7.528553599202705e-07,6.05936085054727e-07,0.04826505012777415,113.45338282427002,0.0059635911198159895,-696.2961557478156
140,0.11387530910143956,8.083240330680628,0.027184459358437857,7.983135926458387,0.07291994486380249,437.95732169964634,435.5052073381088,2.4521143615377023,0.017023257626435195,0.015346204379254453,0.17929142984111565,1.3255594822194408e-07,1.263665910771753e-07,6.189357144768838e-09,1.5697402990172407e-05,1.567473928417025e-05,2.2663705811789493e-08,0.4573594183413378,160.55043253358167,6.278992298811459e-07,5.320960366081011e-07,0.04746998780063199,112.80085518062494,0.006045411557437488,-537.5559251105396
141,0.1142533083485477,8.09818263191777,0.024810112826127956,8.010532939183367,0.06283957990827364,382.4656503916968,379.7813613773807,2.684289014315979,0.01650368029415774,0.016475629015086486,0.1885678582984048,-2.7581816661247323e-07,-2.810924084301251e-07,5.274241817652e-09,-3.3442120562359395e-05,-3.3463616640773255e-05,2.1496078219420174e-08,0.6814285352165652,-28.33848221885235,6.278640999214589e-07,5.999003771230585e-07,0.04787975794382693,108.00194423154804,0.005819784531633542,-394.4577658933831
142,0.11365454991076827,8.302080101881456,0.027485018306436564,8.21641589006265,0.05817919351236937,453.2855271278776,450.21922106283614,3.066306065041128,0.01724328046115888,0.018016444971494756,0.2040221071166895,-7.358998973581633e-08,-7.73672659942324e-08,3.777276258416057e-09,-1.107242713675489e-05,-1.1093400446716238e-05,2.0973309775083025e-08,1.015684966766254,32.25900520300312,4.843993365344865e-07,5.666583050221384e-07,0.052899734301282406,108.76571079558558,0.006032079892781908,428.5053582430355
143,0.12214151439663042,8.799668779065865,0.02666321283313385,8.707455280679264,0.06555028555346604,373.1676093157786,369.03872156882153,4.128887746956577,0.023237791746503884,0.018552026738280564,0.21393650226599925,1.8651734151838823e-07,1.792635621069587e-07,7.2537794114295565e-09,1.947934818662649e-05,1.945732043997669e-05,2.2027746466217362e-08,0.8430314167195782,61.8635965737979,6.135561078489938e-07,9.223655181897646e-07,0.05366908259591449,116.1249782544921,0.006049885134633699,-159.1886350468967
144,0.11826287155751812,8.475066437508135,0.028178719562627158,8.372997647510685,0.07389007043482229,439.60320787217506,436.4340603690784,3.1691475030973244,0.021153647093740298,0.01726165726170355,0.2000826945276777,2.087901197553164e-07,2.0171476693991723e-07,7.075352815399067e-09,2.2807036092477775e-05,2.2784698869330036e-05,2.2337222932910962e-08,0.5805519152823264,146.82684084209077,6.590574919203482e-07,8.63618489630838e-07,0.05123417586097925,114.10276570739966,0.00604161034864665,485.68252419990995
145,0.12060131810606234,8.467649699254903,0.024952779374165488,8.383957350046387,0.05873956983435052,445.73129237151113,442.7985823716396,2.9327099998715274,0.020294481097268044,0.01706529220316312,0.20238085844269446,-1.5598178020417755e-07,-1.5995126656900975e-07,3.969486364832123e-09,-2.0893350213717023e-05,-2.0914291119245765e-05,2.094090532814652e-08,2.204163374237216,47.31435888428203,6.26915185104669e-07,5.884121638656261e-07,0.05125719893542769,115.48242140604412,0.005820574437539667,185.3304181147123
146,0.10854951711190433,8.40974640557259,0.025603812330581184,8.308504652036074,0.07563794120593867,475.2033415694991,471.8265071991542,3.376834370344824,0.017315297209443983,0.01422502924525467,0.16098873256605392,-8.235864817960025e-07,-8.267754994711709e-07,3.1890176751681446e-09,-9.817499139971048e-05,-9.819681437547391e-05,2.1822975559188085e-08,0.96296120711894,-51.1901340154138,7.040962301842444e-07,6.547551140049146e-07,0.044162424698085546,111.45033280139927,0.006054471596730275,-429.74776503921794
147,0.12277563362307405,8.52276928874766,0.026722715609118455,8.414513201859318,0.0815333712792264,478.2305159151024,474.78119999716773,3.4493159179349595,0.020153073147911794,0.016980198833874086,0.19504093324378913,5.914107683242558e-08,5.550647127036891e-08,3.6346055620566946e-09,5.36330928758305e-06,5.343217353757914e-06,2.009193368852196e-08,1.4139294741563802,-35.42710593361782,6.596565100200782e-07,6.348157654057042e-07,0.05099859771298164,111.1697533189359,0.005886952926983494,80.38933934635679
148,0.11646078628556451,8.334041093360614,0.02893018250277938,8.224750433761795,0.08036047709604206,488.1852309527966,484.89151328888465,3.293717663911737,0.019450167461364812,0.016519241961281027,0.18573217059549899,3.3561444193990073e-07,3.295068421630293e-07,6.107599776871389e-09,3.883202527452687e-05,3.881096781377683e-05,2.1057460615466232e-08,0.8736359103429934,113.14153352090055,6.787731992173908e-07,6.123189151341405e-07,0.05016937031929914,113.25420091075647,0.005865991541693372,96.38399943502964
149,0.1203392110001449,8.749213814432252,0.026363717886999,8.647515295607633,0.07533480093762199,530.8262182520394,527.8573912530404,2.9688269989997567,0.019004646657455198,0.017344490752503283,0.20320481097392354,-1.1750880654415326e-07,-1.2146616973649866e-07,3.9573631923453304e-09,-1.3527904562792699e-05,-1.3551475946268804e-05,2.3571383299084752e-08,0.5259573591453954,12.547366619951154,8.683807936866885e-07,7.725460588267481e-07,0.05127377036972154,119.3394859112027,0.00589084929206765,-164.24522197176066
150,0.11515841432602607,8.002056657719072,0.02606276780879746,7.905433390748907,0.07056049916136727,415.59657774068336,413.17030973323716,2.426268007445742,0.01861782110485197,0.017783636889200247,0.1968342849784205,-1.9940823722081383e-07,-2.0610505220006151e-07,6.696814979247622e-09,-2.560529038628041e-05,-2.56263498353732e-05,2.1059448888304516e-08,1.2392024683732399,118.23564779238247,6.538888594277969e-07,6.100490030704794e-07,0.05166487743205318,104.05339497684986,0.00596905442059602,182.77437805190857
151,0.12214436000632058,8.25828585654657,0.02568875624433099,8.158883468437374,0.07371363186486507,430.15006565474766,426.86451636914046,3.2855492856070123,0.02028131746322954,0.019147931616565014,0.20984673778482743,3.358638910177752e-07,3.3265479830962134e-07,3.209092708153963e-09,3.892751308287732e-05,3.890545935512727e-05,2.20537275755914e-08,0.5306420738116999,-89.36333021907939,7.094021130895455e-07,6.251924918570014e-07,0.056945438746932454,111.38013172613314,0.005696886889057441,-291.87966374048847
152,0.115839872415892,8.20292297556533,0.027071781633367334,8.090239964376652,0.08561122955530992,427.2694990622346,424.1741957239783,3.0953033382559303,0.019487286502280366,0.016339257033315298,0.18826307530443573,-1.7696110848170426e-07,-1.8266734100643917e-07,5.706232524734949e-09,-2.241619794639935e-05,-2.2437344269742592e-05,2.1146323131534095e-08,3.955467671369496,-66.5802900869015,5.115335126815874e-07,6.895615760198552e-07,0.050561047828112146,111.36472833420235,0.005790799960732367,307.9997393480239
153,0.12491538653731221,8.096766695528984,0.025731410989721565,7.998998722869193,0.07203656167006775,383.59335882554745,380.81790806320106,2.775450762346661,0.017470785869550826,0.02252399034950258,0.2546633830914385,-9.383101504883487e-08,-9.708198084337788e-08,3.2509657945430137e-09,-1.201501961882913e-05,-1.20384563549679e-05,2.3436735943054936e-08,1.2381337962739747,63.11675555458557,8.729488959387579e-07,7.923796096778681e-07,0.06448964501268446,111.9927625591883,0.005732257628622927,412.4599495799321
154,0.12301707070434811,8.491168130545162,0.024336518349594764,8.395836736754248,0.07099487544131741,458.2079114016314,455.6731765484619,2.534734853169152,0.016196293080996873,0.018731124727976892,0.21460179818142552,-1.1777458447744262e-07,-1.2096493637756502e-07,3.190351900122493e-09,-1.3558712976237756e-05,-1.3579871708029293e-05,2.1158731611495208e-08,1.2343187522730785,74.7072720087228,6.14195256336152e-07,5.958303976045206e-07,0.05483068911104043,113.21123578727133,0.005947127949074908,-389.8993640114313
155,0.12005633210805124,8.863007251942001,0.025366835585069306,8.754554245417973,0.08308617093895793,378.46735847191337,375.52503879130893,2.942319680603831,0.024508561275994944,0.018115983584057586,0.20438729167852757,1.9027270376791396e-07,1.8534935226250677e-07,4.923351505407113e-09,2.1581585179499576e-05,2.1560624063475704e-05,2.0961115781339793e-08,0.5214134248702001,-164.19571198907926,6.949873490315896e-07,7.829716519066058e-07,0.05270166239825885,118.06124970930915,0.005976254545265701,-138.5950675978629
156,0.11669028083687509,8.158475684021457,0.0258396033505434,8.078401328108189,0.05423475256272645,558.0281161031191,554.3414942920142,3.6866218111056233,0.01686297018999212,0.01669251500642908,0.2008664110300365,-3.683982921478718e-07,-3.7241144984316084e-07,4.0131576952890425e-09,-4.5308107263067346e-05,-4.5329539720927645e-05,2.1432457670317896e-08,1.6474953921053115,7.268967131046266,7.83391331707883e-07,6.426361648833203e-07,0.049457373222777955,108.96508126767668,0.005829046617245589,184.75880778261399
157,0.12522634791342002,8.79639425238712,0.026794340172178306,8.687618760315857,0.08198115189908481,481.6016340834285,478.470938960205,3.1306951232236906,0.016834092802266987,0.018923020780634237,0.2196660460344297,2.0696463103979838e-07,2.0128106661846017e-07,5.6835644213382215e-09,2.2315115172471792e-05,2.2293142317337885e-05,2.1972854945229607e-08,4.163272682832998,77.48647558010157,8.810297708917791e-07,7.750201889491617e-07,0.055936015361398486,120.34280367372314,0.006099467081262751,125.82637562371201
158,0.11776295696030824,8.556571673546884,0.025599064649635305,8.464541030914129,0.06643157798312074,577.8602577561174,575.2552141792886,2.6050435768288027,0.023159917724868112,0.016832030327654825,0.19726475268187502,2.4497239157402607e-07,2.4031377586426424e-07,4.6586157097617855e-09,2.9014514149409022e-05,2.8992197660815036e-05,2.231648834995425e-08,1.305971221831995,10.229965166359465,6.290890474677797e-07,6.389038494285153e-07,0.05094445704736719,111.33653449971666,0.005930182593756824,-670.2449936030644
159,0.12062894397337041,8.614495914392899,0.02879311142595934,8.507917841213253,0.07778496175368606,381.18575268100284,377.87794971160986,3.3078029693929123,0.018985528001248614,0.01850890421604219,0.20948501779149847,5.39725092305881e-07,5.356844761623697e-07,4.040616143511441e-09,6.265114367815068e-05,6.26294345811507e-05,2.170909678880316e-08,4.59438605189118,68.60823655328397,6.347114718341139e-07,6.658692111932211e-07,0.055028136476632246,110.57311872005462,0.0060960689593457995,-274.2920904011107
160,0.1189537138209724,8.2880417657348,0.025479164600459056,8.174718855718034,0.0878437454163078,405.64992228150595,402.4346527376629,3.2152695438437413,0.020155215192553436,0.01688351689830821,0.19860544004376102,1.7624806514993119e-07,1.722053241882984e-07,4.0427409616328034e-09,1.8626933624819007e-05,1.860537619422481e-05,2.1557430436407882e-08,1.0596351775019102,61.75223602792632,5.571451720382209e-07,5.795252003000772e-07,0.049655221970296134,114.70054995973157,0.005967135313105861,349.97426133984754
161,0.11417186474127118,8.386914093890919,0.02490024816358111,8.274428154849938,0.08758569087739992,345.3265078359804,342.5734096775343,2.753098158446127,0.021600915029323296,0.017651600863316824,0.1960012519369805,-2.560917294030353e-07,-2.605210815018183e-07,4.4293520987830445e-09,-3.259751570788918e-05,-3.261811132122417e-05,2.059561316808741e-08,0.7319157277855122,-21.423280121334088,7.10665429240034e-07,7.189547923139585e-07,0.05358380402747895,115.8720286086114,0.006039792805899873,154.00811759907447
162,0.12556903730834226,8.810892492252162,0.026307320548282078,8.703485039941775,0.08110013176210458,455.50458272962607,452.51183302030205,2.99274970932401,0.017925794708880786,0.01955791501864535,0.2258593620731785,-1.5086579866844913e-07,-1.543707932273954e-07,3.504994558946227e-09,-2.0193574816923326e-05,-2.0214951276682433e-05,2.1376459612919472e-08,0.9475693619237212,10.569177083253022,6.98655706365637e-07,7.002541256007828e-07,0.058438287804431256,116.76122830588886,0.006017479114874861,198.16689361497356
163,0.12000790276981253,8.215727480922299,0.023853708010496744,8.13127865275509,0.060595120156712805,450.6820172312868,447.32649055248277,3.355526678803976,0.018202594447801635,0.017889618375066734,0.2070927598635061,1.5616412253958406e-07,1.511829701132163e-07,4.981152426367744e-09,1.6360187501925295e-05,1.6337031562689978e-05,2.315593911344335e-08,7.623016279368611,141.28587488355643,6.733071921384636e-07,6.590177427760863e-07,0.05171366660047947,112.94069034079723,0.00593528940871342,625.7221368326223
164,0.11490100529952031,8.314549258088565,0.026151038039986918,8.215762540314547,0.0726356797340285,371.20813998806585,368.8092755029985,2.39886448506737,0.017961072477460906,0.01649939643622574,0.18778983231129898,-3.1044805610068815e-07,-3.1515389306157564e-07,4.70583696088758e-09,-3.886963271999614e-05,-3.8891016292519855e-05,2.138357237111519e-08,1.1218012040335184,20.829423863306857,5.486957410582761e-07,9.234252255765082e-07,0.04757241733288744,113.61266196647374,0.006058683064782936,204.93100442596597
165,0.11541129277433759,8.690962164651728,0.024698273581751626,8.586576431915333,0.07968745915464401,476.40423822319735,473.12721871781986,3.277019505378274,0.018309204964466603,0.016591469385181953,0.19015860026995468,-7.962723970464214e-08,-8.501471254754982e-08,5.387472842907651e-09,-1.2369217468536168e-05,-1.2391494538419785e-05,2.2277069631287426e-08,0.7691687839686696,-39.251261966044694,5.242666302052883e-07,7.376678558895736e-07,0.04854563151559452,114.60812796441317,0.006018513247473299,-279.567066404099
166,0.11742036506510464,8.511479505859652,0.02520143937947698,8.409906980595201,0.0763710858849731,494.7513351445412,492.05423840346066,2.6970967410802844,0.01644919773268397,0.017990955085604936,0.21194562226316005,1.2298805622484556e-07,1.1750522390500615e-07,5.482832319839499e-09,1.2763294280225405e-05,1.2740371153594705e-05,2.2923126425685556e-08,0.8841117074435932,67.85866495787704,6.687007817495186e-07,5.634993537237959e-07,0.05353230363446073,116.18307546208851,0.006004887345380481,-91.71221042910656
167,0.11266483538815646,8.004432513469842,0.026277633218866243,7.910878624915491,0.06727625533548616,376.31052940369824,373.48495255699845,2.8255768467002293,0.026019259231812003,0.0181773614432066,0.20516059495436167,-1.7741335587904162e-08,-2.1197664768442674e-08,3.456329180538511e-09,-2.4776525863722004e-06,-2.5000728658933455e-06,2.242027938462141e-08,0.9464270567294735,13.227401385715769,6.680559809768903e-07,5.242110368337948e-07,0.05232812040684387,110.84142636255152,0.005787392504367318,627.1812013120202
168,0.11489435441888622,8.036077510220824,0.029699737460487992,7.916155664564146,0.09022210819619128,300.82691561647096,298.16785889988137,2.6590567165896672,0.01569897939632733,0.016826914148833427,0.19559727138737187,-1.8504514394722153e-07,-1.8980256189668762e-07,4.757417949466026e-09,-2.3214494884763244e-05,-2.3234589004539032e-05,2.0094119659883743e-08,0.707390365329912,19.751017768238377,6.796293372960517e-07,5.946541026107708e-07,0.050759944103951314,110.95355363777568,0.005752685276492297,-179.03085564260255
169,0.11737326455948908,8.508622378653639,0.026676862807173345,8.408218054825811,0.07372746102065457,351.02092929037485,347.8450535840796,3.1758757062949066,0.01592016569075863,0.01695516685817634,0.19133031291766303,8.237714409045419e-08,7.640737425623263e-08,5.969769834221582e-09,7.885504991949084e-06,7.86391193621028e-06,2.1593055435408222e-08,1.4386597520245132,340.8295199565719,6.918396141703975e-07,8.429204427326029e-07,0.05082074571673086,111.02185084193145,0.005817144277063348,107.19093446200532
170,0.11794626777397116,8.324786986969464,0.024736834361868826,8.214843143754104,0.08520700885349118,411.892828785009,409.31751134448325,2.5753174405257293,0.013693548236484974,0.01741887492020455,0.21015004587153005,-4.255649691015262e-07,-4.319005351749962e-07,6.335566073469991e-09,-5.0998505034360024e-05,-5.102267623448812e-05,2.4171199953715684e-08,0.9791802878951419,-20.147915071635726,6.296999603010702e-07,7.916549897618333e-07,0.052173111402756114,112.78128262353445,0.0058585791770302065,-790.3463166028337
171,0.1213821637153938,8.569966365605683,0.027282135549869177,8.463981110898098,0.078703119157715,378.6581377381029,375.3328721822842,3.3252655558188673,0.024810840891321365,0.017222203718774996,0.1998243290049934,7.594552154426415e-08,7.209762692401556e-08,3.847894620248609e-09,9.092475022332562e-06,9.068832344034376e-06,2.364267812921352e-08,1.6475582927265222,45.09953041552999,5.539332828914917e-07,6.256835031597321e-07,0.052170247904161526,115.69871077307097,0.006014199608382673,148.85482462101936
172,0.11990327198960853,8.543775799371485,0.027616108589636604,8.450529904114752,0.06562978666709293,446.1029769398756,442.9868475389694,3.1161294009063387,0.017721760554531722,0.016257845445302847,0.19251453425665493,4.267578841723537e-08,3.889733745509243e-08,3.7784509621429334e-09,3.2902399802869053e-06,3.267523119791382e-06,2.2716860290236315e-08,1.3183818230680002,182.46414547575228,6.678144499890942e-07,6.852879121033105e-07,0.047904196708868016,114.04986907324533,0.0060479912314436645,-188.34409523322483
173,0.11592074005553862,8.339380265324532,0.026338929453857768,8.241080258947111,0.07196107692356508,430.2520280533785,427.4632664881675,2.7887615652113333,0.01774250560581912,0.017596417316665038,0.21034528585541598,2.4305239273446046e-07,2.39307619653388e-07,3.744773081072459e-09,2.8758898559318374e-05,2.8737184350357712e-05,2.171420878765603e-08,0.679604646115793,57.671203650547405,6.689365853911186e-07,1.1159335699037967e-06,0.051226416366311214,106.58082479517459,0.005993695062328941,-34.47679417582094
174,0.11232026695633872,8.383329267669891,0.025706000717933292,8.300997984633316,0.05662528231864262,416.23222760961016,413.09778999177973,3.134437617830212,0.019211073441167886,0.015331540815045477,0.1834640379302868,4.5295284282954745e-08,4.157068433952308e-08,3.7245999434316596e-09,5.287850464236085e-06,5.264341308861577e-06,2.3509155237739926e-08,3.10611044542146,36.868491167330205,7.63762045884294e-07,5.493976193209824e-07,0.04572808854149798,110.26789387703978,0.0058814196608314405,507.5116716803386
175,0.1206527810212682,8.470037471564122,0.02498342297200487,8.373047237651823,0.0720068109402904,355.8763524439644,353.05996700071023,2.8163854432540343,0.01816936135527674,0.017343269117454745,0.1966724123005148,1.9288106396774243e-07,1.8835914992278142e-07,4.521914044961013e-09,2.216320720784482e-05,2.2140972385973568e-05,2.223482165634991e-08,1.8861807808458835,152.39081476606623,6.990612331356662e-07,5.61766098934422e-07,0.051685749891811045,111.99249980043311,0.005968244535407183,-231.43782770505823
176,0.10970294657237502,7.959766454263486,0.02702306019194635,7.854565084301596,0.07817830976994397,492.7363885007425,489.3404283948397,3.3959601059033924,0.017368001364998113,0.014852541849576649,0.16923408517482105,-5.482171501469646e-08,-5.9074839205327526e-08,4.2531241906310504e-09,-8.375473136120364e-06,-8.397112871954748e-06,2.1639735676014794e-08,1.013743059806922,129.01466634860503,5.979398810974361e-07,6.132793854776453e-07,0.044487815636465214,106.95246872887734,0.005867071820489078,532.084993098616
177,0.12066313976381894,8.746937839288945,0.02716387898254389,8.641131518408706,0.07864244189769623,350.5840589628339,346.81908907192934,3.7649698909042426,0.017335430238667078,0.019038745070522136,0.21862621408018212,-1.0908269390883603e-07,-1.1451098230179661e-07,5.4282883929606334e-09,-1.2987862196642938e-05,-1.3011097178561648e-05,2.3234981687396353e-08,0.625581546753033,243.92473615908946,5.813251438976766e-07,6.002527325260502e-07,0.05465193498144147,118.25678548341745,0.006013509617379811,-200.92357958322646
178,0.11546787930490067,8.600132348220335,0.02660743704003755,8.498958624229457,0.07456628695083807,391.9941935497699,389.12111671640514,2.8730768333641876,0.02402019414254428,0.016121288989053472,0.18405910839241132,-9.796067182936009e-08,-1.0149369726846402e-07,3.5330254391039422e-09,-1.3655185543134183e-05,-1.3676217808232031e-05,2.103226486808762e-08,0.7797273342705685,140.77878438162753,7.067745289855722e-07,7.112658130689133e-07,0.04906828231679146,113.79288382289039,0.006066623135826178,39.23081241587715
179,0.11932262198952884,8.98195791492522,0.027625691216848963,8.879289754464564,0.07504246924380681,410.5632702647932,407.5754848107245,2.9877854540688986,0.01860811038633876,0.018392992379776173,0.2026603250207777,6.749491723914348e-07,6.705516694674673e-07,4.397502923967647e-09,7.96044590803647e-05,7.95818099370753e-05,2.2649143084961844e-08,0.8174622489538363,144.93800313971556,7.096032965937841e-07,6.03334034661818e-07,0.053206880947619786,125.57908017688572,0.006095154498072478,-94.95076360712483
180,0.12366573045031296,8.346562766513307,0.0265332963073975,8.239930637709994,0.08009883249592079,407.8335601532934,404.09395527570655,3.7396048775875537,0.019793580233693573,0.018278451273023227,0.21762247386046166,4.401848864891416e-08,3.929917299396047e-08,4.719315654953696e-09,3.7234709761469773e-06,3.7010287096210578e-06,2.2442266278469108e-08,0.8242703822947997,4.130482287368924,7.053927341227171e-07,8.367358728232818e-07,0.05334230884456054,113.76449414446515,0.005933381197086277,-224.71412907456943
181,0.11354830506234528,8.256909102582876,0.023227644160576613,8.163537131251633,0.07014432717066632,368.42282714949494,365.4764221652645,2.9464049842304627,0.019248497452492155,0.014910591942678202,0.17673528047878034,3.4636062819835774e-07,3.4152059262211233e-07,4.840035576245474e-09,4.037885615595348e-05,4.035826732053268e-05,2.0588835217414316e-08,1.2528042227814806,55.690819761574744,7.671418060132167e-07,5.345172383637453e-07,0.043614171532847315,106.82326772168337,0.005775712807495211,-40.466253474312
182,0.11728873874284769,8.194341161391904,0.024812016114291232,8.110815119172287,0.05871402610532552,330.508425102887,327.22284667829473,3.285578424592501,0.02375046668020343,0.01674096879895012,0.19597141409373522,1.0084637505967125e-07,9.388150604055835e-08,6.964869019112951e-09,1.0960842884788677e-05,1.0937838283823083e-05,2.3004600761185587e-08,0.8773898589841267,124.41883259032642,6.294860816903059e-07,5.814960847011098e-07,0.048458696846047936,105.64934640536592,0.0059764962464753735,42.361411040374605
183,0.11217335374897637,8.613701306039008,0.02765934936356354,8.519133369628024,0.06690858704742003,353.5250633640449,350.50303615071897,3.0220272133254746,0.015364110772597828,0.016962862276988178,0.1947020696711651,-6.797237987883756e-09,-1.0905036467970745e-08,4.107798480086983e-09,-2.4194581443132583e-06,-2.4430048385981638e-06,2.3546694092819952e-08,0.7846742933696544,49.84901609172761,6.936829783169389e-07,6.371093559681319e-07,0.04891282543888998,113.87210976857712,0.00609534739099163,404.8839934675616
184,0.12068716205861557,8.545163674916413,0.02528814095744503,8.445476674309887,0.07439885964907925,493.9775487474228,491.3058964243354,2.6716523230880984,0.017896101876181708,0.02009568288416318,0.22297951419857118,2.2644157988334874e-07,2.228718068978538e-07,3.569772985494815e-09,2.680444486264978e-05,2.6782629486901995e-05,2.1815375540712803e-08,0.6621583415258487,117.39100484826155,5.526204409681228e-07,6.032345862565174e-07,0.061130771752662266,115.67157642546721,0.005965108757011865,-906.3675980270355
185,0.12020005329878185,8.446846088172089,0.025512574014049348,8.329218849574245,0.09211466458379564,463.47096879438544,460.88857477151936,2.5823940228663274,0.02092662377637505,0.018997718491585453,0.2263129526600018,1.3461094522467782e-07,1.305586834297058e-07,4.052261794971992e-09,1.4292794747093463e-05,1.4271733691603312e-05,2.106105529700727e-08,1.1783763250409651,29.077438031457802,5.92604341241231e-07,6.132394209915436e-07,0.05595172191531878,114.43449816850114,0.005932338087446136,36.41702388535214
186,0.11809393293910185,8.58907347833225,0.026497985785350134,8.497081273508813,0.0654942190380859,419.77637908446,416.8483379481894,2.928041136270091,0.01534643522292504,0.016602885592400564,0.1946016609423062,-4.3950237570124616e-07,-4.432130909318563e-07,3.7107152306103594e-09,-5.302454083312882e-05,-5.3045232448602255e-05,2.06916152897548e-08,0.4104105205680666,154.9509850391978,7.74152022027757e-07,1.0231033172900527e-06,0.05011107396577018,113.82349235310012,0.005961701139549757,109.33036547063875
187,0.12095627356575583,8.453774678416648,0.023921982782099248,8.347086870456792,0.08276582517775645,379.79967630692187,376.42681806832184,3.3728582386008727,0.022279476462522013,0.018935025984437002,0.2221312456207005,3.942357693161078e-07,3.9009491507044695e-07,4.140854245660917e-09,4.480666406809928e-05,4.4785650913770955e-05,2.101315416045452e-08,0.6986079762962103,-1.6577899095951578,5.490011870402058e-07,6.898424132554173e-07,0.05399100780640317,113.123533320537,0.0058468093404134246,-203.47663775387173
188,0.11384186036542494,8.437305706818654,0.026499963191502187,8.343301219426166,0.06750452420098432,347.1349225791281,343.6344849808992,3.5004375982288423,0.01691421525589683,0.016643650150471086,0.1995302028587031,-2.9441111531248546e-07,-2.979229530862557e-07,3.5118377737701713e-09,-3.487028174419102e-05,-3.4892959585929296e-05,2.267784154613246e-08,0.9333777412341971,12.896511957587226,5.433501099595532e-07,7.829472821007158e-07,0.04862395198804704,110.83773897916166,0.005825017788663976,97.91223100443449
189,0.1114850036991503,8.348735024756511,0.024614674261646697,8.248515449688268,0.07560490080659768,312.17570623085874,309.10565875546547,3.0700474753929505,0.017757662315367358,0.015116981391259828,0.17075576088429278,1.0169463407860408e-07,9.582985794406829e-08,5.864776134535806e-09,1.0662321161374534e-05,1.0639375339388765e-05,2.2945821820453045e-08,0.5530266156485902,-63.84172180247208,5.991051596446606e-07,6.859795227856628e-07,0.04747953679358614,116.7446270160837,0.005927577814159365,492.6067256015749
190,0.11288986772101824,8.229386059193116,0.02670054703103143,8.12226137840246,0.08042413375962566,436.76072270450754,433.71101140401896,3.0497113004889256,0.013560458501362763,0.01637236130197781,0.19330795775746376,1.4921402156933306e-07,1.4321676871986692e-07,5.997252849466177e-09,1.6332709421175144e-05,1.631051025273362e-05,2.2199168195737277e-08,0.9972133305031547,167.44150719070166,5.237331201936581e-07,6.152599577245014e-07,0.04992872924554011,112.65765257246726,0.0057948511351228645,83.07338919275071
191,0.12088973900476216,8.790695080431812,0.02742658442538723,8.67971657870603,0.08355191730039392,598.5610243875465,594.7297676933449,3.8312566942007034,0.019494562499194866,0.017286200537649173,0.1973833049430476,1.5428630490260882e-07,1.500251581067701e-07,4.2611467958387055e-09,1.604774258652123e-05,1.6024740833202246e-05,2.300175312755236e-08,0.5908917083037597,36.86189639771567,1.0826906916508913e-06,6.384557800395519e-07,0.05123521089552294,124.07101834665099,0.006054646180565524,-495.51652929349075
192,0.115110429519279,7.8626518258145754,0.026920960755759667,7.766430823046495,0.06930004201232347,382.7900936940651,379.03569246765665,3.7544012264084743,0.017021296249751218,0.017879041639729937,0.19874236192873906,-4.3396135395883917e-07,-4.3724704776064433e-07,3.285693801805112e-09,-5.365657689412985e-05,-5.367968569370204e-05,2.3108799407811385e-08,0.9337702011979796,121.94414222929974,5.601954161568872e-07,6.519236116777135e-07,0.05255537285606818,107.07456337386755,0.005870229416357887,40.41928638232548
193,0.12472654684163255,8.465995733409914,0.025718120347495974,8.357640381557301,0.08263723150511224,420.3399259093623,417.3071755785325,3.032750330829459,0.02068278177160606,0.019122813344490057,0.23303308390452626,3.9714633790166893e-07,3.9389116421915255e-07,3.2551736825165273e-09,4.5345598382839074e-05,4.532446411871916e-05,2.1134263941253508e-08,0.6300377511506365,101.4236987510813,6.801514968534002e-07,1.0414012490277802e-06,0.05643479876050927,116.46728548965936,0.0060196948376692585,-279.20929553605674
194,0.10553483748080293,8.091461389648813,0.02560671379576395,7.99506718011026,0.0707874957427915,364.241160719313,360.3024165690928,3.9387441502211376,0.01896396510067448,0.014065218512315352,0.1601183864113671,5.075124497927132e-07,5.031821042123299e-07,4.330345580383554e-09,5.875514653896964e-05,5.873268410615317e-05,2.246243268568053e-08,0.6441357445310938,79.64196997254923,5.429474709559382e-07,5.75881725351068e-07,0.04276304477859212,108.81983737056714,0.005876314660242703,130.2141879372898
195,0.11838820877227005,8.559643304383572,0.027107795080153988,8.460014238188089,0.07252127111532929,579.421791620757,576.5375143522485,2.8842772685068105,0.014804095470433048,0.01577165071433456,0.18236267752327417,1.323387734273927e-07,1.2400462142268448e-07,8.334152004708205e-09,1.3536376106914048e-05,1.3514651756491299e-05,2.1724350167208597e-08,0.47023391575378637,152.61086785484855,6.779567546918779e-07,6.939297330949122e-07,0.04725172809868755,112.5609625013407,0.006022025684969423,59.473754821102375
196,0.11412875917423843,8.897238301204633,0.02543213680914702,8.797262840909928,0.07454332348555827,449.6551297569361,446.813981808367,2.8411479485688025,0.017279518929021062,0.016310567409559166,0.1848306134341803,1.4266331498556758e-07,1.3682787224931202e-07,5.835442736255545e-09,1.4554753829211211e-05,1.4533234777576069e-05,2.151905135575086e-08,1.4072399341636825,31.404638175615965,5.097689588045279e-07,8.074390362302592e-07,0.05013148432893467,114.23347206285939,0.0060700355417869205,443.4606972295451
197,0.11468915761695131,8.366354701116537,0.029057075266947473,8.261993345664925,0.07530428018466279,372.50977581042247,369.8439275566657,2.6658482537569212,0.01767887495544425,0.014352425449879493,0.16582588390246003,2.5057394626792778e-08,2.1360327430780736e-08,3.6970671960120492e-09,1.2262232557515535e-06,1.2048664299866038e-06,2.135682557609752e-08,2.07961738762501,208.47754526809658,6.936314460362019e-07,7.148692994726865e-07,0.044760607890012925,111.6962114324152,0.005914563237193506,328.6960058373179
198,0.11097641496112441,8.591025849424414,0.025974637013942238,8.489604764004214,0.07544644840625798,574.36857036802,571.701828039237,2.6667423287825827,0.016219192666035814,0.0146675347740213,0.1673574791212412,1.154353216614658e-07,1.0977366219761397e-07,5.661659463851817e-09,1.2210055375571294e-05,1.2187978168353132e-05,2.2077207066186334e-08,0.5769741826374017,107.19426997373115,1.344201763130361e-06,5.526330822520323e-07,0.044751228898027635,117.57277869757849,0.006050344048879035,384.230743675178
199,0.11856824224624544,8.603423667251672,0.026040979828664865,8.505727130250097,0.07165555717291183,381.124730856234,378.1140830247501,3.010647831483889,0.014383495184970535,0.01803117643619946,0.20489337063303223,8.357243052016088e-08,8.042530966008048e-08,3.1471208600804275e-09,9.293657320646668e-06,9.272531661417233e-06,2.1125659039450583e-08,0.7230850446501906,51.93641803339536,5.833052355806431e-07,1.1013978484109376e-06,0.05289129937458417,113.33864452590792,0.005932656356978906,30.416316667303363
200,0.12311844164502309,8.260618689776257,0.024963518908295304,8.1589527042484,0.07670246661956119,337.17406407979166,334.336116352678,2.8379477271140443,0.016266658427728762,0.019698039091426714,0.2238861621764464,6.319146763975512e-08,5.894988382579141e-08,4.2415838139636795e-09,7.69957411674239e-06,7.6782668782146e-06,2.130723840142623e-08,7.528009734089683,135.59117256180224,7.194390311183718e-07,6.825371010358128e-07,0.05633622531930168,111.52308517937692,0.005852187370511715,624.721515659452
201,0.11668000302804202,8.682031652117297,0.025134894448371463,8.571702133205598,0.08519462446332776,404.0756600246458,401.6289882076101,2.4466718170358193,0.01775384172146545,0.017289618067202545,0.19972954035117904,5.863806646817608e-08,5.417916121293196e-08,4.458905255244101e-09,5.649989237131005e-06,5.627686898224131e-06,2.2302338702877477e-08,0.7300722487196798,43.9182272243529,6.405958278524469e-07,5.881957327771731e-07,0.050625379151051336,109.7781761163875,0.005965944359062475,152.5602270472873
202,0.1177822341316544,8.270562214171365,0.025037647962017753,8.177226597878327,0.06829796833101907,543.6284795605065,540.6258906582007,3.002588902304715,0.020798035231244925,0.016659042303357786,0.2013458713505116,1.2316038377653697e-07,1.1990361608307675e-07,3.2567676934602677e-09,1.2091540495924828e-05,1.2070346862530565e-05,2.119363322491976e-08,1.491733780946026,1.816998566863128,6.356757468401404e-07,7.077507409853138e-07,0.04815576661558856,119.1783450592711,0.006011806858066329,-357.3793839425516
203,0.13551481007203847,8.541133084785784,0.029063510256267154,8.441687234499069,0.07038234003044777,513.2723959537866,509.68906832279123,3.5833276309955235,0.019891317062314423,0.026823992741365668,0.31265715067579175,-2.3091427369893438e-07,-2.3684853109057453e-07,5.9342573916401675e-09,-2.8049091827689585e-05,-2.8070717195852878e-05,2.1625368026887517e-08,0.7153505470618209,49.388806891791894,7.501159410723156e-07,7.358123566696822e-07,0.07540945282078292,118.21871028000372,0.00603365910611487,587.7160646808366
204,0.11835866313794448,8.240227813586811,0.023991599362473293,8.137394919264324,0.07884129496001449,515.7810235798569,511.7943324235385,3.986691156318648,0.015230622598355139,0.016367214205431933,0.19705124970877166,-3.055155304387936e-07,-3.102033499495664e-07,4.6878195107726675e-09,-3.776964479784643e-05,-3.779200973315362e-05,2.236493508271667e-08,1.1997427011571813,77.68346145672898,6.715837804241391e-07,6.059889406008848e-07,0.04875393080904529,105.57903378305838,0.005967461127364565,60.81528106492806
205,0.11446270124485551,8.605794646707128,0.024694495781601697,8.518661757550605,0.062438393374921505,414.7568302390813,412.20036318584954,2.5564670532320917,0.017714929490964572,0.016937841743823196,0.18692237205802711,2.438993571331477e-07,2.396024773225163e-07,4.296879810631455e-09,2.7325068259376958e-05,2.730199137611292e-05,2.3076883103440456e-08,4.377206343519274,87.50005747536785,8.123677478455033e-07,5.509646281292753e-07,0.051991567443928036,114.52390338765267,0.005789074457241904,108.40750350642065
206,0.11972490324743858,8.658507877235447,0.02622089678323531,8.547652439426978,0.08463454102523575,465.8444978687679,462.8928135530539,2.951684315714802,0.01941304862919941,0.016564279883055703,0.18331150127714887,4.0078324266792e-08,3.592951309779205e-08,4.148811168999957e-09,4.8190827003151e-06,4.7945743442490174e-06,2.450835586622833e-08,0.7432579831504131,177.54736050195717,6.672828046567639e-07,6.271449719132021e-07,0.05000005463452076,116.71293977574513,0.006069278079983241,-50.749593708344946
207,0.12188164156391489,8.465071168980414,0.027109776790373304,8.347428449506376,0.09053294268366022,476.44015299424456,472.4082540477587,4.031898946486139,0.019107523992117136,0.019394754031708025,0.22855753405234627,7.346231953892346e-07,7.311314886918974e-07,3.4917066973368597e-09,8.59931392186588e-05,8.597128696935895e-05,2.1852249123000585e-08,0.6918739132906905,101.34955843711077,5.887951552786433e-07,7.758065632402772e-07,0.05714957221741807,112.64776518588971,0.005968021998975167,-17.234710987623657
208,0.12542540255008278,8.416000523582364,0.026202614851852525,8.32151797991377,0.06827992881674104,386.81497069218017,383.0435411022268,3.7714295899537364,0.02053956198469003,0.020999544961686867,0.2479664175991246,3.059406219162256e-07,3.006733462239341e-07,5.267275692291378e-09,3.472760349581525e-05,3.4705358908032655e-05,2.2244587626917012e-08,0.46118327057340136,88.9874669013959,4.952916717924566e-07,7.029951786032809e-07,0.059964580377106766,115.17400623658884,0.005920718480137466,349.7417803157964
209,0.12322466830137434,8.269578745483535,0.026567584422501487,8.168589192776151,0.07442196828488143,358.8687289492349,356.0187721562172,2.849956793017951,0.017512426703509668,0.019408782850749224,0.22595259128490564,2.711307249602275e-07,2.665348181432802e-07,4.5959068169476225e-09,3.005523897704089e-05,3.0032315668341337e-05,2.29233083931347e-08,0.6920828898622349,33.90020229855547,8.326241634121872e-07,8.205368983165717e-07,0.05566685694597664,108.69858533279486,0.005911998876771331,-35.4329090813244
210,0.1234340391392239,8.959581279110655,0.025473997504946975,8.837964604934756,0.09614267667095196,395.8788802564955,392.23707570718386,3.6418045493116633,0.020142216577952263,0.017912442659214694,0.20845737468651607,3.25050471258471e-07,3.191271847964683e-07,5.923286462002584e-09,3.5936099441229254e-05,3.591370434177557e-05,2.2395099318159734e-08,0.8413158315898241,114.14279523420446,9.251648405562457e-07,6.722603329939431e-07,0.05302814314919268,117.42807607865532,0.006031124135141683,-247.6631173134756
211,0.12355335909297041,8.809254231340992,0.029378203166448482,8.712448665432374,0.06742736274216764,400.296880105239,396.0509866670703,4.245893438168593,0.01819786886721499,0.016586214555140342,0.19310220167970601,3.4288029195013714e-07,3.3952397367771093e-07,3.3563182724261888e-09,3.9084549635073004e-05,3.906305170470069e-05,2.149793016729238e-08,0.5623858376380575,17.18533312177411,7.915514537152611e-07,9.249513135132877e-07,0.04992971428110003,114.9221666469127,0.005945523752736584,331.747911084944
212,0.11168740642225153,8.688422834470348,0.025321446240842628,8.576274613749828,0.08682677447967863,367.96370512150816,365.5150968353705,2.4486082861377416,0.020148568775330732,0.015675622551546357,0.18150698732116388,3.848928952473447e-07,3.8099491943089077e-07,3.89797581645401e-09,4.323937890559332e-05,4.321821243025122e-05,2.116647512632908e-08,0.7360410996594653,111.08774600031117,6.758089195190761e-07,7.160979624247316e-07,0.0465209607632488,108.26853430609697,0.005894004732678852,19.723535127884134
213,0.12515750355907543,8.616536059128922,0.02569645346846428,8.509638321731039,0.08120128392941761,419.87554879605307,416.2748680659005,3.600680730152712,0.02314662572619241,0.020593777223501065,0.22451411952612946,6.418351294959958e-07,6.353984669444449e-07,6.436662551550904e-09,7.392723812405566e-05,7.390572090168837e-05,2.1517222211120803e-08,1.0298265231627686,47.43902732804611,7.184573354708968e-07,5.548051270403004e-07,0.05806639507539011,115.40297335637446,0.006060585035147917,226.66726696849219
214,0.12371528172565838,8.541421802768088,0.025635850482395098,8.443309906428095,0.0724760458576004,366.6221028333814,363.33798875306087,3.2841140803206073,0.02266059684837221,0.018840425139318582,0.2207289422034909,5.461147789401906e-07,5.42417990190968e-07,3.6967887492224403e-09,6.303941284386115e-05,6.301741659394888e-05,2.1996249780751518e-08,1.274446890009443,-20.01399984658114,6.43396084283697e-07,7.789801204460436e-07,0.055038234079046885,113.98115183944765,0.005855118710240721,259.806002001043
215,0.1217050695201801,8.620679889545627,0.026515274078674836,8.531912850228368,0.06225176523858552,446.90721123320054,444.0785294348369,2.8286817983638044,0.022714217160687517,0.01894824905601428,0.21060194866503973,-2.934651588758143e-07,-3.000866664163222e-07,6.621507540507804e-09,-3.603569671766106e-05,-3.605796116588641e-05,2.226444793843438e-08,1.222059861192902,54.04891358336743,5.811694296925472e-07,5.67240850178035e-07,0.05601918540343895,125.54892276875205,0.005870138850802514,-309.05575037052586
216,0.12282248828112502,8.416715071183104,0.02604803953791563,8.31996589919016,0.07070113245502634,398.26105944686174,394.8045767623611,3.456482684500605,0.01843158766070534,0.019053476881923444,0.21856270201282263,2.4922693497377275e-07,2.4408828681677935e-07,5.138648156993324e-09,2.8440609992243568e-05,2.841753961243642e-05,2.3070379665275382e-08,1.4396280493244902,73.5134558564544,7.346943169618388e-07,6.178874052796102e-07,0.05627763576549798,114.44630111427082,0.005916854976822676,-169.5884322116326
217,0.11796952250822422,8.57739580596476,0.02714495608785291,8.483299250338757,0.0669515995381514,402.4507030864369,399.9682237533108,2.4824793331263306,0.015773161539180416,0.0172360337145262,0.20000232623436345,1.9755044839439285e-08,1.4000924023282244e-08,5.7541208161570065e-09,7.881591120430672e-07,7.658954703175046e-07,2.226364155461255e-08,1.020729303453257,120.60105872662778,6.938283696064452e-07,6.564277694977949e-07,0.05094782088965735,111.79888787576547,0.0061282507943759895,453.0192406490801
218,0.11421255537643944,8.711323518421256,0.026710374901870643,8.604608912987239,0.08000423053214771,383.91682044642994,381.02436769403084,2.892452752399012,0.016455382854081203,0.017167996804483387,0.18949399866644093,-1.9377604886903758e-07,-2.0022327902654785e-07,6.4472301575102246e-09,-2.45932493717696e-05,-2.461548450837e-05,2.2235136378688844e-08,1.4644847093529463,317.81125297438126,5.646914492293076e-07,5.465400491694742e-07,0.05012795251463447,115.11992724880088,0.006045597961755108,312.75822526212187
219,0.12084665212595161,8.611401589518524,0.025541739561084176,8.50073610828531,0.08512374167212944,503.3808425466605,500.6014659448475,2.779376601813863,0.016606986313352574,0.017508951486599957,0.19963347639077375,3.6379168334590324e-07,3.5890036467961473e-07,4.891318666288345e-09,4.186079837120879e-05,4.183876497396368e-05,2.203339709054196e-08,1.8075389240248974,16.860143827774582,6.108284591506146e-07,5.915648411795107e-07,0.05339560196419904,113.54779094623063,0.006020478416631032,-469.72729702843026
220,0.12466251152602338,8.979810916388812,0.026022431273222874,8.875201573892602,0.07858691122298986,395.71140049239546,392.06883350736115,3.6425669850340405,0.022795644400285045,0.018939958330141136,0.23318280686032303,-3.4816452602217275e-07,-3.546885742453011e-07,6.524048223128519e-09,-4.243422980842435e-05,-4.2454515077497476e-05,2.028526882839923e-08,1.006257779935178,93.75118776657877,1.0653918222839462e-06,7.319907684849755e-07,0.054321740729677465,122.81807940437065,0.006058123238849878,-50.20544333557518
221,0.11904391956352643,8.271009509341923,0.025808302278556086,8.173041329122022,0.0721598779413445,499.90261819848286,496.52789530002804,3.374722898454456,0.018375907070202785,0.019242796362682564,0.21592782428268598,-1.1899389264172199e-07,-1.254677929147745e-07,6.473900273052531e-09,-1.4599743341089274e-05,-1.4621893983508399e-05,2.2150642213790162e-08,1.3761771935287692,51.55553644174256,6.124640839920368e-07,5.449033302934325e-07,0.05654321433097927,112.0874217561219,0.006124455531310357,384.8558604439031
222,0.1149486137652143,8.04292897359087,0.026997777029247032,7.946607779330742,0.0693234172308815,427.4748791870279,424.5765591926453,2.898319994382934,0.016675412818682567,0.018496382063061208,0.21071527531653259,-1.3420690103580725e-07,-1.38252486997498e-07,4.045585961690749e-09,-1.6407214101702242e-05,-1.6429089929678597e-05,2.1875827827763363e-08,1.082214827871035,122.61027650263212,6.046551717944683e-07,6.215508183554282e-07,0.05296313530922763,112.86613894726112,0.005998531883446357,63.11272907842749
223,0.11653105562256383,8.41905242860901,0.026161919561251846,8.322874490946344,0.0700160181014166,458.01846239706646,454.7893780700846,3.2290843269820835,0.01594833078885,0.016594357205798965,0.1956717793131847,-5.6992555675781864e-08,-6.124753541113739e-08,4.254979735355551e-09,-9.157842578001335e-06,-9.179278307611055e-06,2.1435729386549078e-08,0.9006081865907413,136.21125613661744,7.709757486168619e-07,6.013136625891772e-07,0.04856885599137592,114.78802476012308,0.006026831345271601,-398.17384159538324
224,0.11724591776866705,8.376888364195777,0.0256160973224003,8.283150929653528,0.06812133721984882,574.0698367908855,571.2045038233967,2.865332967489639,0.014722461890461029,0.01638071477830367,0.19082046420422402,2.580606983964757e-08,2.2558343046186744e-08,3.2477267934608264e-09,1.6217252588296914e-06,1.5990264569202112e-06,2.2698801745509523e-08,0.5871940688874814,-48.746869297694225,6.253479119478083e-07,7.773916159757003e-07,0.04820174677654272,113.20503157908803,0.006018907609493596,167.4578332552078
225,0.12610181397429301,8.830489462352205,0.028174569477943407,8.744252954425558,0.05806193844870521,395.7422820508526,391.2402063306953,4.5020757201576025,0.016629157536278142,0.019011144175693506,0.21430330283304524,2.2511640730973733e-07,2.2032715079284393e-07,4.789256516893476e-09,2.4749601375935262e-05,2.4727831611935038e-05,2.176976375731331e-08,0.7652061727131295,36.28504217907233,6.964783222270119e-07,6.728461019438808e-07,0.05550478576564397,118.24042064821342,0.00602789449672578,196.49556641861363
226,0.11631945432810044,8.201440797288665,0.025612219634053322,8.109478720138503,0.06634985751610967,388.2455506231321,384.25948464996065,3.9860659731715185,0.024095398442942628,0.017767045301922222,0.19866761218192747,2.902499436415411e-07,2.8531530162311594e-07,4.934642018425093e-09,3.4112815393455224e-05,3.409091998270541e-05,2.189541061717797e-08,0.9766797132374363,99.839525640791,5.429889523800742e-07,5.94337409981767e-07,0.054339699394874166,108.44937670985493,0.005992197569990517,-242.60515922581635
227,0.11572442774823158,8.25867677613769,0.025702931050057238,8.162607853176947,0.07036599191068552,352.031412244399,348.9194715226699,3.1119407217294865,0.018619640014070384,0.016363837368360393,0.1909388735826609,-4.008987437685464e-08,-4.3894347001001673e-08,3.804472624147034e-09,-6.9599227271140174e-06,-6.9812679041105946e-06,2.134517684791712e-08,1.9395523112052155,75.62803663996138,9.417793188288278e-07,6.400302455502266e-07,0.04871606051173538,108.46275575190947,0.00605051489583896,140.2146888582629
228,0.12226481288104372,8.704575500170623,0.026844937730773642,8.584472100749167,0.09325846169068167,429.0764324784072,425.4692955189195,3.607136959488118,0.018273388436119097,0.016757091393930487,0.20979632542103244,-3.5601067716010563e-07,-3.596541653470161e-07,3.6434881869104823e-09,-4.2598630347989484e-05,-4.262046450460157e-05,2.1834156440490705e-08,1.0932483744198995,70.36515945560198,8.082851653567918e-07,6.912660454253371e-07,0.05120467773509424,119.94497623304426,0.006057191530156905,54.040681919088456
229,0.11547930367735508,8.138722054650357,0.02589394449500335,8.04553565191393,0.06729245824142419,349.69000347693793,346.7847693569134,2.9052341200244496,0.016229620974325853,0.016384616948243624,0.19425139867165916,-2.0277657660527255e-08,-2.4544266502697104e-08,4.266608842169855e-09,-4.311509835352114e-06,-4.3327087281587115e-06,2.1198892595972612e-08,0.863811927213582,147.85868497746486,8.065382889934751e-07,7.280676999841318e-07,0.04768581325203439,109.96360116945046,0.005983751685499955,-1037.6511007993931
230,0.11904646856476024,8.687564070461915,0.026304416673248013,8.587470613290172,0.07378904049849605,423.2793463805217,420.5519331466128,2.727413233908533,0.015501294456382722,0.019441320518726764,0.21575970801455435,-2.3728277586172136e-08,-2.7247862474191814e-08,3.519584888019677e-09,-3.7082752685737536e-06,-3.730036937086402e-06,2.1761668329650268e-08,22.669828987184125,71.31840226508125,6.809586956041854e-07,6.368899534491932e-07,0.05769211625613462,114.94884409708942,0.005813903081627275,-74.90985768828614
231,0.1140464217912061,8.58053476982612,0.028843875238791467,8.47327178464585,0.07841910994148041,468.6492136131265,465.03859237772747,3.6106212353991745,0.02015309270269482,0.016936543833062066,0.18544379164181443,6.873284640852073e-08,6.287932505654802e-08,5.853521351972712e-09,6.114831214200513e-06,6.092005476805095e-06,2.282573718272151e-08,0.592588899366288,231.0848538413108,6.925980062338085e-07,6.534625708684177e-07,0.05104452591944575,118.53202473299275,0.005950358642812417,238.5951474822291
232,0.11423037784202224,8.198552903600621,0.025739853222594956,8.095863752548942,0.07694929782908562,372.46089350996846,369.29585321925504,3.1650402907137924,0.018527016628338312,0.01602476908255337,0.179039287209554,-2.6277445434495275e-08,-3.163125009532827e-08,5.353804660832997e-09,-2.3125624186055955e-06,-2.3343771378565142e-06,2.1814719091299395e-08,1.2166418946232724,201.918477474388,8.703772948576867e-07,5.469862193294277e-07,0.04743357228173467,105.72550771622852,0.005838328606080244,-138.7091142155923
233,0.11696105644922881,8.480388677745108,0.02640343577374861,8.369294334180305,0.08469090779105319,427.0139666177452,423.3658978117125,3.648068806032633,0.018673002176327332,0.016864021167784567,0.19663251819872252,-3.2515606367841e-07,-3.290950565054574e-07,3.938992827047341e-09,-3.9073869724387476e-05,-3.9096630510272444e-05,2.2760785710636614e-08,0.7011908538295635,78.30810929159694,7.824489312419104e-07,6.665162464505836e-07,0.049397027166235744,121.87047454397609,0.00589254997882915,-20.785206371008826
234,0.12106895131430072,8.040959648346687,0.023740753512223163,7.968466236513602,0.048752658320863534,373.4972059167645,370.59851755206876,2.8986883646964383,0.018068975515404193,0.019230040010912774,0.221061592154647,-5.536652782774742e-07,-5.58761787347119e-07,5.096509069644881e-09,-6.636505267159302e-05,-6.638644448965407e-05,2.139181791762924e-08,0.5345088170320044,46.70470611752624,7.767475811834053e-07,5.926064711134827e-07,0.056501970074173735,111.39967012761173,0.005728243600329613,216.0614563262784
235,0.11013157609989688,8.244687609448693,0.026724236494715344,8.151840082963492,0.06612328999048366,318.0958869709051,315.3974179734842,2.6984689974207248,0.01863170449225359,0.016231926924750728,0.1843858941558894,8.005930614690966e-08,7.606139023147341e-08,3.9979159154362955e-09,8.566542793795451e-06,8.544169726528059e-06,2.2373067098648173e-08,0.5854132858504468,151.30877401729327,7.513393181591435e-07,8.003869591687074e-07,0.048175051542955774,114.47617413251061,0.005755468972309835,286.5175000499303
236,0.12860514737321918,8.967514170175845,0.028218202851491257,8.863955271118185,0.07534069620616876,440.1596547279868,437.0763792384029,3.0832754895833934,0.0185889846031391,0.020471629736538627,0.25216204632287437,-9.43165260453772e-08,-9.964253968407675e-08,5.326013638699556e-09,-1.2867642941465173e-05,-1.2890329354739614e-05,2.2686413095634332e-08,0.6835826153218931,37.34082771733088,5.790016567907207e-07,7.010757586050479e-07,0.05890408291394142,117.81417910979721,0.006117371345217888,-50.32252255256208
237,0.12533949798125874,8.166946837326787,0.025511598373295735,8.084695917335853,0.05673932161763625,337.6455387016495,334.5809723296018,3.0645663720477305,0.019732010356503425,0.020043057582676625,0.2344194133215633,1.160549511064298e-07,1.0771931865055377e-07,8.335632455876012e-09,1.0820992070755308e-05,1.0799556962014882e-05,2.1435108535722565e-08,1.6301275852998325,40.28992678627243,5.622657854388472e-07,5.509173116898087e-07,0.05746833998239302,113.22107961470655,0.00595685196569952,146.03940472350268
238,0.11075059131621467,8.21261769315362,0.026353221355757944,8.12093013368035,0.06533433811751278,515.2644283500603,513.0301043118013,2.2343240382586447,0.01677020012655533,0.01404407018862729,0.16469399476625893,1.4754863199384837e-08,1.056698815197482e-08,4.187875047410034e-09,7.728483384686993e-07,7.491117546308697e-07,2.373658363605174e-08,0.687307521746442,153.72413174262462,7.150807745405915e-07,5.440586908377711e-07,0.04348661187165212,108.34364213990837,0.005991387867398453,93.99265386238949
239,0.11792139866465945,8.811804243444865,0.023395637335714585,8.700216256166417,0.08819234994273244,516.9745218486578,513.0616898419571,3.912832006700982,0.019113025434854783,0.017154226684754886,0.19285795417533502,2.6078384973468707e-07,2.554331216119519e-07,5.350728122735145e-09,3.0059699369130843e-05,3.003656240617337e-05,2.3136962707486246e-08,1.1424541716506647,114.71156777829825,7.161182600232462e-07,6.068495442047938e-07,0.04988531959527077,123.6479400667121,0.006012587854533837,8.367085453370237
240,0.11684484610104841,8.546259167255318,0.02502058890539571,8.43939741996649,0.08184115838342922,343.5457617542565,340.32857974210924,3.217182012147329,0.019074295650818585,0.01632556340811205,0.19710370478757963,-1.1748412459133291e-07,-1.2256158967809487e-07,5.077465086762023e-09,-1.700627560037926e-05,-1.702795476215688e-05,2.1679161495518592e-08,0.6413471042468661,76.19438315580777,5.855014783713993e-07,6.76597238723088e-07,0.049335543817249194,114.2785046043653,0.0058976459848648095,-100.30561272272371
241,0.11416874220636984,8.329676666183605,0.02952660107826247,8.231797676299037,0.06835238880630927,409.23295613645917,404.85544200327104,4.377514133188224,0.01836885258638228,0.015757395209452213,0.18492824012463377,1.8408024028275637e-07,1.8011489879986904e-07,3.9653414828873e-09,2.0866670313060842e-05,2.084424314443571e-05,2.242716842918644e-08,0.6748488603545926,35.02725670878091,6.210620549012326e-07,6.292876665834048e-07,0.046633630800317,110.09454254090628,0.0059117595807822295,98.70219127819246
242,0.11670698189049054,8.30343398672497,0.025185712080280545,8.192811700090287,0.08543657455440193,386.52011286487283,383.5831175620327,2.9369953028401126,0.021875438618681152,0.017557038769334378,0.19641699647528654,7.252624761434883e-08,6.767576926682816e-08,4.8504783475206674e-09,7.679710749925429e-06,7.657130924692101e-06,2.2579825095391684e-08,0.6751053181648049,80.8677317732728,5.333662612405049e-07,6.384175573839022e-07,0.051689447704252905,116.10365973825046,0.0059738989784904155,16.418495861813426
243,0.12092579500335929,8.269425277603382,0.025159151412306804,8.174681119592748,0.06958500659832875,362.13238612531404,359.57136727212566,2.5610188531888762,0.01522543538654152,0.017151670875688342,0.20457202270692115,2.4997952038367906e-07,2.4644451480818414e-07,3.535005575495029e-09,2.8590801707864763e-05,2.8568885812700743e-05,2.1915894911397014e-08,0.640324345889181,34.96795580376764,5.819451643363704e-07,6.980552210963868e-07,0.051152356463632906,115.48050054143626,0.00576757427660674,-131.05476049787376
244,0.11348187853726321,8.484737405814858,0.025932704834882123,8.38165124853635,0.07715345244362329,479.32135286239065,476.4428911321466,2.8784617302439948,0.02007986246536945,0.0159583311982208,0.18497974113906002,8.126915457087294e-09,3.896983390463023e-09,4.229932066624275e-09,4.241732474618691e-07,4.032723614069549e-07,2.0900885857804972e-08,0.8428718570121032,79.09033383939197,8.716508070236191e-07,6.177570470464495e-07,0.045960799976779106,109.96662416123336,0.006028072606751264,162.43713628838987
245,0.11156692679641017,8.439787109149515,0.02553308587098866,8.33121008848209,0.08304393479643613,400.16713488391565,396.5372441692896,3.629890714626302,0.021758890674898085,0.015743035630932822,0.18135683033891511,3.1953716013835715e-07,3.1542687006809524e-07,4.110290070261943e-09,3.419562364145903e-05,3.417353470301918e-05,2.208893826263001e-08,1.4470586920706885,-14.9760317726263,9.208493797616682e-07,5.910785052909177e-07,0.046349702576768785,112.24505975722052,0.006032042068334523,284.06278516474777
246,0.1221212664031307,8.525115517960716,0.02896119151769257,8.414790672290206,0.08136365415281889,347.5218296336393,345.0681271302122,2.4537025034276794,0.01816069760717977,0.01920787972839158,0.22057701332363402,-1.7578710810315197e-07,-1.7968124734914627e-07,3.894139245994286e-09,-2.2523805354642036e-05,-2.254458626019353e-05,2.0780905377063743e-08,1.570265592781544,-22.54672013785062,5.938407542405166e-07,6.695362933142624e-07,0.05582146982090593,116.44756647638593,0.006066168270216003,-144.16390644454532
247,0.11982268898960982,8.413223139190736,0.025850109628482502,8.338681472584573,0.04869155697768071,506.8887221507727,503.7247392334996,3.1639829172729987,0.019214456951668672,0.01660599152512896,0.1923471656227832,-2.4661523928502617e-07,-2.507299951869836e-07,4.1147559019575294e-09,-3.0019834303097384e-05,-3.004270390316902e-05,2.2869599819962837e-08,0.8937278423413941,115.70212450585466,6.487471842137257e-07,6.326405083322825e-07,0.05001700870277579,119.70889510629065,0.006122465719896551,89.54692757704288
248,0.11366281766569114,8.329116107821875,0.025757352566796052,8.220779599006537,0.08257915624854406,380.42564166218784,377.7878088274975,2.637832834690584,0.02065517759930498,0.017753248487444345,0.19847423862857705,-1.6346626213991463e-08,-2.0821078940654645e-08,4.474452726663207e-09,-3.6083452378056714e-06,-3.6307544208239346e-06,2.2409182832483245e-08,0.9024615208847814,45.814506093586864,6.343391457458284e-07,8.076673146855629e-07,0.05057825157503094,109.32592146374819,0.005964265215888506,-1310.9837535595925
249,0.1168259366190717,8.198647284991397,0.02442956990626978,8.104349007611463,0.06986870747366447,372.90744946992515,369.83277283743985,3.0746766324851937,0.01992686200109426,0.015047857205981114,0.17946121886492575,3.547071691028459e-07,3.5079033679264976e-07,3.916832310196113e-09,3.955713133157659e-05,3.9534043713218054e-05,2.3087618169687796e-08,0.4154326404178874,-19.741966170418443,5.539585923567262e-07,5.943249333933084e-07,0.04470750832824789,109.44666560933115,0.006054760459346102,-232.75215535186908
250,0.11656261864443375,8.688926352628588,0.026844016993516028,8.603431598848653,0.05865073678642101,448.5414670837071,445.5175429099988,3.0239241737081226,0.020180776168836533,0.017386812326235457,0.19739937251953754,-1.8906251176221372e-07,-1.9529486154426028e-07,6.232349782046519e-09,-2.4309066542093986e-05,-2.432978249545712e-05,2.0715953240895876e-08,1.4324630528426585,388.69079131321973,8.354762264311811e-07,7.056248782360121e-07,0.05299145825689282,118.13758014523023,0.006036691829491711,553.2711894230429
251,0.11042938868790511,7.798592541750865,0.02247565044136905,7.699895208624517,0.07622168268497859,511.65046999425704,508.98654746657024,2.663922527686907,0.019114631791395203,0.014894326172741274,0.17771223637298467,1.5251622803597904e-07,1.4852509592956473e-07,3.991132106414298e-09,1.768087032954113e-05,1.7659640275351565e-05,2.1230054071299885e-08,2.0179047991481927,-19.494172136709967,6.519321114844762e-07,5.647150480716433e-07,0.04458295641881044,108.9601119347598,0.005821678604026751,217.30993247596825
252,0.12192856204896717,8.235000745199502,0.024934900898301852,8.133656693817036,0.07640915048416293,394.8824670227369,391.6887004151312,3.193766607606206,0.019185613483493947,0.018754162539378554,0.2140038784053491,-3.949233233310839e-07,-3.9894170034781923e-07,4.018377016735437e-09,-4.831430607358805e-05,-4.833570617157284e-05,2.140009783331625e-08,4.204326833595163,95.98951099060348,7.004633173006193e-07,6.420093962798036e-07,0.05626204070600648,111.08651166951654,0.005959773685080047,79.4919162125334
253,0.1202341469595541,8.541882826705317,0.025438231589104066,8.448802141858653,0.0676424532575591,509.56157128926026,506.1695519105612,3.3920193786992527,0.019510254813194104,0.018157789389996164,0.2055876365329218,4.147613330324652e-07,4.089167261727794e-07,5.844606859685726e-09,4.75554145356312e-05,4.7534148459058505e-05,2.1266076345977408e-08,0.8559004616876311,135.80290390275414,5.640252296975127e-07,6.300733756197923e-07,0.052949849301401786,118.13360525143793,0.005786792942601975,-724.9533706474194
254,0.11772505948934585,8.778007451458201,0.02850681263075183,8.66826486945294,0.08123576937450724,324.30813196812994,321.41650836740826,2.8916236007226948,0.015103303527541377,0.0159789821065685,0.1829328850397487,2.8507313649458766e-07,2.785867012595646e-07,6.486435235022965e-09,3.2595286141236365e-05,3.2573457876191174e-05,2.1828264840633577e-08,0.7529931516813804,20.670835144225112,6.34259772980094e-07,6.044812932087627e-07,0.05081754981444483,120.76690364395847,0.005799481320965423,340.95386085907694
255,0.11900383163204825,8.360249520377618,0.02592637758091507,8.264899102986131,0.06942403981057492,390.2296084934792,387.1692681308373,3.0603403626424273,0.018410894044183293,0.01952235515078775,0.22394026526720226,-2.0757279209556966e-07,-2.1182698500985277e-07,4.25419291428312e-09,-2.4847747450612425e-05,-2.487083396984168e-05,2.308651901977722e-08,0.7530815465947086,87.26819198750582,6.588848319188537e-07,6.27136358671542e-07,0.057275653051542114,110.08000351365763,0.005766891632000765,-260.84656759545487
256,0.11889404891020804,8.387236017804847,0.0247721746226481,8.286794889807684,0.07566895337451536,483.83018290724556,480.68296855396676,3.1472143532785513,0.0164729789592647,0.015098177112821359,0.1783751961593899,2.539556418820658e-07,2.4862468372167515e-07,5.33095816039083e-09,2.9146298030451916e-05,2.912413379141818e-05,2.216423880923945e-08,14.519496539718451,36.802849395340544,6.473317749839751e-07,5.928974998381185e-07,0.04640362196213626,112.05609098811466,0.005902802595593641,529.6507639888264
257,0.1149593187747917,8.360213740510158,0.026427763711610583,8.248454600487452,0.08533137631109615,336.668384514886,332.983666519626,3.684717995259766,0.01730997174791843,0.01659199738702908,0.19585863274434645,2.3053909275922998e-07,2.2642728441216683e-07,4.111808347063105e-09,2.5436378083032277e-05,2.5412816015561722e-05,2.3562067194905826e-08,0.5396871679779203,111.41211574078957,7.103138651414951e-07,7.274826419306534e-07,0.0493431967606919,114.23742507309653,0.005910618000185427,371.7314248318753
258,0.12206807866990904,8.30446422015021,0.027820629178091257,8.208008327403306,0.06863526356881394,392.95155087343676,389.2772539346634,3.6742969387733457,0.020663790796831904,0.017795950989238037,0.21422880771464653,1.1548593707203199e-07,1.1195261097338759e-07,3.5333260986444485e-09,1.2815189811072193e-05,1.2791853819847457e-05,2.3335991087895022e-08,0.8652249347431423,115.60308472689009,5.820352757691131e-07,5.67708832349624e-07,0.05212464312627693,114.52853174650895,0.005876785719072948,-91.63454890292269
259,0.11646371923997224,8.311736648428326,0.02663923913041837,8.209931860628862,0.0751655486690462,325.18656640498216,321.94929218413034,3.2372742208518037,0.018434215500293227,0.01704001838397955,0.19676450036360893,4.317694888112037e-07,4.2793921269006965e-07,3.830276121134037e-09,5.069915213330547e-05,5.0677568396457007e-05,2.1583736689093366e-08,0.776151037980833,-6.152576486372122,4.781010827473032e-07,7.302071153583213e-07,0.05124242626114221,113.36241674397931,0.005844199308101603,332.0294199696623
260,0.11587258086695482,8.073341552928571,0.02463876218867062,7.965843468151133,0.08285932258876802,484.2933370180036,481.862191587302,2.431145430702029,0.016780525655311494,0.017253388359288135,0.2041568525498788,-1.4252362328788974e-07,-1.467665397938037e-07,4.242916505913992e-09,-1.8570119641296578e-05,-1.8591025453338278e-05,2.090581190466279e-08,3.8092303383969957,23.653488170426197,1.1635689204679792e-06,5.511944651055462e-07,0.05133241273566442,106.79777676900606,0.00574521318047316,-403.505815212578
261,0.1126272088368168,8.280173808142408,0.02653776620614783,8.160616878179171,0.09301916375708834,424.09958522051465,421.80537010401827,2.2942151164958418,0.02399173877819315,0.015306896210426054,0.1868669561304387,4.9907713900932e-07,4.943189668860742e-07,4.758172123245833e-09,5.7020731005197305e-05,5.699956711996176e-05,2.1163885056644878e-08,0.7963483554607108,160.58989392852067,8.127471516336592e-07,5.750462410731842e-07,0.0455753725683294,115.70892870575847,0.005807424749663839,711.9974701556494
262,0.11200808751068016,7.9207840381823145,0.024672660043287435,7.815690218333907,0.08042115980511831,353.77308866565375,350.7290036091726,3.04408505648165,0.01653544362995634,0.016080958381320582,0.18477482158389588,4.375138804199383e-07,4.3335990253441037e-07,4.153977885527808e-09,5.073873414774228e-05,5.071725706944734e-05,2.1477078117429712e-08,0.6189557501534979,-5.424670233127758,4.995861792411381e-07,7.136862408602839e-07,0.04677530953316011,98.28316203336836,0.005877597367474995,-473.71303844866725
263,0.12924319627839723,8.515675324996161,0.028361350664267416,8.403377177772256,0.08393679655963834,362.58546708191966,359.60695805269273,2.978509029227297,0.017873495544908087,0.019429981865835878,0.22986495233009116,-3.427375709768882e-08,-3.7240678521261044e-08,2.9669214235722407e-09,-5.976221275017365e-06,-5.999305606147618e-06,2.3084330912776772e-08,1.5230977067575413,25.871230694672814,9.405722800463757e-07,6.035453978881403e-07,0.057733394713366554,117.82030845148385,0.006039321341569779,-104.99713402280486
264,0.1180900214725667,8.639878774283455,0.026536573888012935,8.517401411648308,0.09594078874713367,335.79033464264523,331.76183374695535,4.0285008956901605,0.016316157291680778,0.015760967812170533,0.1756827599895261,-2.3355966458355753e-07,-2.3660658840500275e-07,3.046923821445226e-09,-2.9595093606034816e-05,-2.961660379852857e-05,2.1510192316228323e-08,0.6478200061033059,54.98376036377887,8.732284283315506e-07,6.976680952149541e-07,0.048493721546494076,120.19207212027507,0.005968086539290251,259.6526840978554
265,0.11835267554967617,8.377687723865003,0.02719269179922053,8.280867750594105,0.06962728147167795,423.60068391587544,421.0184013567495,2.582282559125718,0.0196572099759796,0.016382227667042244,0.19152507519133585,1.5461883895133633e-07,1.508835542034724e-07,3.735284747863977e-09,1.724423080590425e-05,1.72222907337376e-05,2.1940071974431466e-08,0.7863051386038277,189.46480238148985,5.120157572448085e-07,5.232227154512547e-07,0.04864788973473856,116.30996943954914,0.00592951251641863,-160.64048613941213
266,0.11774736916880515,8.652074758967006,0.027405937960022116,8.549322829905655,0.07534599110132768,352.71845574864636,349.03809350184423,3.6803622468021464,0.01990802131711132,0.01606753830210576,0.18396481512030127,7.157114821222694e-08,6.678556836426413e-08,4.785579847962842e-09,7.842602332981419e-06,7.820857235492409e-06,2.1745097332391367e-08,0.8907742757752036,47.06709271509697,6.236739457871817e-07,5.591475496228274e-07,0.047910162470450185,117.08669831527592,0.005988610783385553,162.28690985194407
267,0.11673612938002255,8.764443208604332,0.026662758448716285,8.659817412904085,0.07796303725153247,338.13658605513297,334.80111015103824,3.3354759040942303,0.016930527790802955,0.017029446163583442,0.1926878723342368,3.109138803140808e-07,3.053599707946547e-07,5.553909519425901e-09,3.592055518157925e-05,3.589861291164003e-05,2.1942269740795053e-08,0.9336485633945479,100.9976466765247,8.771516431656845e-07,6.693479574070029e-07,0.050282145229589244,121.71530904703894,0.005861441064968708,398.25122796129654
268,0.11665531107232946,8.834587277527696,0.026226492650347898,8.72528449106553,0.08307629381181665,358.82082090790504,356.2001278418941,2.6206930660106837,0.017055113623956467,0.016613741934720504,0.18769731001132006,-2.0794744774641262e-07,-2.125856898196058e-07,4.638242073193129e-09,-2.499028005636538e-05,-2.5012155738175005e-05,2.187568153354882e-08,0.4854499861980116,88.11052120823746,7.779571681089167e-07,6.657386494932858e-07,0.04890666966174101,114.94935209884686,0.0059122763854146665,182.73142673444363
269,0.12140270693752259,8.623584070926986,0.028311737325691404,8.507630576558325,0.08764175704296613,366.59361249622395,362.53853705639204,4.05507543983182,0.017516261841253322,0.01957829977981754,0.22052329039589,4.732002667682884e-07,4.682058444161418e-07,4.994422352146594e-09,5.627766797752441e-05,5.6255469748480134e-05,2.2198228863582923e-08,1.0649748080441426,131.71947070979053,7.589831121522985e-07,6.587047501254418e-07,0.056652296833849765,120.96442122338954,0.0060785390382061795,72.01698901235886
270,0.11141916112816257,8.34448271480617,0.027771557599828123,8.233822324188507,0.08288883301783483,514.7129931934206,511.2746456370291,3.438347556392031,0.01908152649315265,0.015569917114476625,0.1778674224617449,3.315403301956442e-07,3.2703348589757437e-07,4.506844298069813e-09,3.26157905411136e-05,3.259416611015747e-05,2.1624430764692253e-08,0.6729622773654234,13.668875071616986,5.006019642078164e-07,5.929370256719605e-07,0.047156539621491925,108.7561101704469,0.006009222364066241,-778.0962461083009
271,0.11757581780195028,8.467483889397807,0.025651715306867794,8.369541263067406,0.07229091102353305,682.0227792620561,677.8861829845202,4.136596277538092,0.021700246434246347,0.017211344009762344,0.1952410618062988,-1.1812555563292162e-07,-1.2183276057734232e-07,3.7072049444206723e-09,-1.5551188268426637e-05,-1.5572981923864547e-05,2.179365531584677e-08,0.7884130224724212,83.98773738570354,6.741375493930913e-07,5.731052937902052e-07,0.051172609345777706,109.49906809950866,0.005975751024032974,-387.19297356404786
272,0.1175213257507901,8.532349895232137,0.02640722731550842,8.417937113805488,0.0880055541111413,369.13710596238496,365.6689724285385,3.468133533846963,0.019937467202253298,0.01715157561901253,0.20465441026967598,2.1583012251492357e-07,2.0927574588150123e-07,6.554376633422441e-09,2.4105965804031094e-05,2.4083913107421007e-05,2.2052696467190708e-08,0.5467768195834899,10.668859501432832,6.598088879691451e-07,7.097640921625805e-07,0.050126287944793464,115.25244860084949,0.00575245900109219,-412.5658990982056
273,0.1138406050847751,8.412626018779145,0.026193028242513555,8.321559594716717,0.06487339581991297,528.4524410441562,523.7607879267996,4.691653117358061,0.02468135710773742,0.017528149166199138,0.19349047060165023,4.193176983944407e-07,4.1378821035178053e-07,5.529488042660114e-09,4.888200545173889e-05,4.886088866707927e-05,2.111678452186337e-08,0.7530813283506551,148.9280261930807,4.829845881728565e-07,5.86018698026849e-07,0.05229375297596311,109.46368214901094,0.005820430773532623,206.70700811793722
274,0.1187906600109395,8.047579778904023,0.024970828758907257,7.9582321775883615,0.06437677255675571,405.1367755911465,402.6325449247602,2.504230666386079,0.02192474187198644,0.016206626578096878,0.1951594921687859,-5.786887222791863e-08,-6.147469625502146e-08,3.6058240271028187e-09,-8.275936925423107e-06,-8.296878154425277e-06,2.0941228820772258e-08,0.9041956973963394,-23.179065796842853,7.127520227194386e-07,7.686871588942156e-07,0.05205716351767556,109.03245193340634,0.005972281932132818,121.51874690816385
275,0.12711004302302883,8.77597354623032,0.028806766372242807,8.676930973889236,0.07023580596884244,373.8634282634482,369.70742829190425,4.155999971543845,0.025726099088422574,0.0197421224139962,0.22160321918362977,-1.1287229222852821e-07,-1.1769168367595317e-07,4.81939144742498e-09,-1.7062686021693513e-05,-1.7085033717325633e-05,2.2347695428092034e-08,0.9061517372999641,120.90743158128893,6.74231336716774e-07,6.511496628464315e-07,0.057208288010831054,120.26581611452157,0.005878818318088739,-144.62202612425517
276,0.1148577703478063,8.757932333909844,0.025863376889471615,8.661160052690484,0.07090890432988607,347.3876728050022,344.6979154919254,2.689757313076717,0.022327531328000312,0.017227993752550883,0.19167599753991235,2.0813629035360896e-07,2.038135202177075e-07,4.322770135901448e-09,2.187297963984639e-05,2.1850280135854264e-05,2.2699503796134005e-08,0.8468197411731611,-27.995953280825933,1.1676112915806117e-06,5.435837560463084e-07,0.05276910837807237,115.3104634203823,0.0060615246981088125,227.3331156496888
277,0.10958645678942895,8.361953917158068,0.025215988279634925,8.258833232149307,0.07790469672912712,385.76971902746635,382.68201575620765,3.0877032712585435,0.016237164126662283,0.015667762568784004,0.18043104567614598,-6.255305378105435e-08,-6.7083675896578e-08,4.530622115523675e-09,-8.932954983392956e-06,-8.95415537124195e-06,2.120038765870765e-08,0.6729860735556141,187.1375132559168,5.256294428983753e-07,5.663837915948598e-07,0.04544944789053029,112.51645856667604,0.006014227774304886,87.2261768263943
278,0.12059174405360892,8.532500497442046,0.02861301683547221,8.429108279808183,0.07477920079839083,331.92591568236423,329.2940998208096,2.631815861554816,0.019149379012277548,0.01620599971952485,0.1903060215239862,-1.567967932961741e-07,-1.6030640395891826e-07,3.509610662744158e-09,-1.9674267323791966e-05,-1.969774459235898e-05,2.3477268416414154e-08,1.5860045547193469,57.275499945618364,9.811904325682804e-07,6.419569935761999e-07,0.04788987855586879,111.33914305481784,0.0060788642977614585,636.6687001399546
279,0.11682562566960279,8.490794020130807,0.025992314640473316,8.384677753075533,0.08012395241479527,386.9797376434924,384.2635372845127,2.71620035898,0.02166599051813437,0.01780997421153521,0.19872499977898506,1.431956109837915e-07,1.3840458051391642e-07,4.791030469875129e-09,1.426299938927139e-05,1.4240221727338327e-05,2.277766174685099e-08,0.5639308691939182,-44.117260212194076,5.558926124582905e-07,5.837639284615215e-07,0.052325392540724075,113.33680537365345,0.006056434395484742,157.8719087402069
280,0.12360296998076555,8.03011056406409,0.02472139015292644,7.92463431583706,0.08075485807410565,347.25092729697997,344.3055032189461,2.9454240780335423,0.020848817680254456,0.020298631544019022,0.2256712159527664,-6.240341715475274e-08,-6.723357739115394e-08,4.830160236401203e-09,-9.189301053001972e-06,-9.210225453860093e-06,2.0924400641085056e-08,0.6682741029041137,-43.299307513032204,6.269037834537968e-07,7.162760801040615e-07,0.0591354396639429,109.7520176971516,0.005923913329789749,283.2892572031715
281,0.12248997065296614,8.577794491407671,0.0252876450030928,8.477643980503117,0.0748628659014599,513.9670624254533,510.05376934917626,3.913293076277409,0.018820276482754254,0.019635708980274964,0.2155930463159424,-6.489682803803061e-07,-6.529045995750641e-07,3.936319194757909e-09,-7.934691101258371e-05,-7.936735976464627e-05,2.044875189044563e-08,1.3137619251943236,-126.95424118965467,5.478395718843709e-07,7.131302181471849e-07,0.05727063209036728,107.7020157219945,0.005988229986525549,285.1769530038446
282,0.11610123709457788,8.165415137345585,0.025722511919392746,8.06031976927507,0.07937285615112055,412.63067654047563,409.95549347106174,2.6751830694137197,0.01862049295012283,0.017560159834010835,0.20710917497879683,4.863625440924945e-07,4.797238890930023e-07,6.638654999492401e-09,5.502977617554617e-05,5.500812924140897e-05,2.1646934010674062e-08,0.5588288397488612,96.49658094137398,9.33028466441847e-07,6.116942041656369e-07,0.05072014874734355,106.24231588945278,0.006036775163977134,-201.55752520963597
283,0.11062861883908716,8.20253329931008,0.02657405894556907,8.101687234212799,0.07427200615171166,388.91951723747513,385.1387941367191,3.7807231007560773,0.01877639647758372,0.015578542870383634,0.17447878007557066,2.8263888694377224e-07,2.7692944029937163e-07,5.709446644400536e-09,3.137276136500606e-05,3.135030588838016e-05,2.2455476487548245e-08,3.688309435222206,41.29736487915991,6.071530262445216e-07,6.439901859269811e-07,0.04735523817580751,109.92871168948895,0.006056534836815175,-192.18466169240673
284,0.11967505462161031,8.631829025390727,0.02487164985987015,8.516548520715642,0.09040885481521493,481.03680302134535,477.7380073791574,3.2987956421880003,0.0171062732556896,0.016845725341112987,0.19214039858832938,-2.9552120706466114e-07,-3.009664977278531e-07,5.445290663191906e-09,-3.560648848279304e-05,-3.562763825926191e-05,2.114977622820096e-08,1.0483749901850148,-94.75927924193512,7.281273033465891e-07,6.808595560711388e-07,0.04998940469911517,114.35473522893669,0.005790099430459801,159.1641061186947
285,0.11452207054791853,8.535605451584852,0.028752603854852014,8.417835622232149,0.0890172254978513,535.1199087760581,532.5237336539589,2.596175122098871,0.015773150582719313,0.01637045026239868,0.1833982769473068,-1.894487889407859e-07,-1.9606902274308438e-07,6.620233802298483e-09,-2.3771256506336974e-05,-2.3793321773746893e-05,2.2065267217619657e-08,0.5769103023294,77.64405661331246,7.15855426978386e-07,6.395958580571381e-07,0.049308012136093544,113.65774388616927,0.00605874468997601,-46.220971210575954
286,0.11694441579313175,8.670559544362078,0.024524592678559144,8.569136267965131,0.07689868371838939,365.2331182080418,362.60579874359576,2.6273194644457796,0.020968921882214,0.01734445114632995,0.1961223564667336,-2.905952522716678e-08,-3.326360652169413e-08,4.2040812945273435e-09,-5.4732282215376814e-06,-5.4950018028202145e-06,2.177358113974641e-08,1.7915412021969086,113.94921403005829,5.367875897492938e-07,6.438253250882776e-07,0.05210811906092593,113.91493508981318,0.00579422745414429,-1552.4670614108527
287,0.11867738826643162,8.280335502659069,0.027088116463996312,8.174184369928675,0.07906301626639804,496.1894330261404,493.6086999425854,2.580733083554597,0.016549448291285684,0.019392761710233773,0.21761873511573532,-1.2680370267010836e-07,-1.3110158087530155e-07,4.297878205193183e-09,-1.5363468409863738e-05,-1.538538125177346e-05,2.1912841687426133e-08,0.6846008254988625,13.987001823765402,6.200133790335639e-07,6.794614203889584e-07,0.05727128490784117,110.89981870039902,0.005942757825648488,-539.4436583284828
288,0.11358876187715855,8.303205749512841,0.025277244401241614,8.199707108789891,0.07822139632170846,375.71180533465156,372.3373921132278,3.3744132214241773,0.01921466954165419,0.015441005619547574,0.1864215827788072,6.385918290883035e-08,5.990145956601598e-08,3.957723342814363e-09,6.230592193924499e-06,6.208164893803365e-06,2.2427299976581868e-08,0.5403115448830371,151.66298671554554,5.647790390729833e-07,5.404055880735027e-07,0.04641088203036921,114.63113795732129,0.005983212348453067,478.4856355530128
289,0.12090724612779163,8.813653230016165,0.027931127801341292,8.706500752809859,0.07922134940496357,396.38049980221405,392.9585284065485,3.4219713956657736,0.019272745580466776,0.018733331503409348,0.20606676403948893,4.9774268372205745e-08,4.645501555386007e-08,3.3192528183456634e-09,4.443551648947231e-06,4.422155734510005e-06,2.1395914248565843e-08,1.2956359964671,4.822698746412982,7.323423587658228e-07,5.998788057894202e-07,0.05480214739488848,116.72238653670624,0.005978195537070627,416.6148830195125
290,0.11336126342403317,8.01515353320623,0.024518663879847705,7.9065505145900765,0.08408435473630525,452.0413138073634,448.9557613713954,3.0855524359680815,0.01793798197883614,0.01657336286840721,0.18931314357302317,1.1008216417206531e-07,1.0631577449440314e-07,3.766389677662163e-09,1.0548234420821003e-05,1.052729115793585e-05,2.0943262732499344e-08,0.6358693059727677,-35.05098753015364,6.342109867522829e-07,6.489066843346458e-07,0.0493781149853809,107.61098609353795,0.005836668266605557,44.47543370668791
291,0.11682533951357632,8.328734952305318,0.023789146784114333,8.233747668542158,0.07119813697904552,452.72638674524495,449.4729624636054,3.2534242816392998,0.01712631331175622,0.017293082086247333,0.2001419145882937,1.0555478412309476e-07,1.010543483119652e-07,4.5004358111295726e-09,1.2324424098862823e-05,1.23017161276384e-05,2.2707971059131232e-08,0.7679300840949054,-124.65129797105928,6.35802545604049e-07,6.687385591440732e-07,0.051887425498450955,111.66050455432301,0.005934924834497392,-252.01048987989088
292,0.1290016846823714,8.688164166813714,0.02764454915545815,8.589494056848643,0.07102556080961145,441.6516655334703,438.6657179744888,2.985947558981492,0.01816624946874133,0.02070951233962657,0.24302252362957344,1.4708583755704557e-07,1.434197384769814e-07,3.666099080064122e-09,1.545722293035975e-05,1.5434555858248863e-05,2.2667071980665206e-08,0.666693221082217,32.43263886473981,9.110564035467366e-07,7.107590313743262e-07,0.05871285894438574,120.16451107172753,0.006138097252813637,-460.5758718063353
293,0.12248970545096413,8.691004629395161,0.025044372545302552,8.598792251737835,0.06716800511202357,342.51090151962916,339.680851432619,2.8300500870103953,0.014142239560917133,0.01702907907874463,0.2047417875518782,1.127985660188216e-07,1.0638996745132017e-07,6.4085985675014485e-09,1.1194101135628887e-05,1.1174193860663655e-05,1.9907274771449632e-08,0.9488421228801032,132.45605066266074,5.793688562073286e-07,5.753900693745867e-07,0.05003556498645244,114.53329078071471,0.005930133702640099,-20.86706600852176
294,0.11524150423292223,8.142915657261177,0.025872763298180154,8.04849508343703,0.06854781052596459,420.3350312419517,417.54949875873086,2.7855324832210235,0.020251032382301887,0.01635267044069572,0.19481077864466229,-7.214657854871171e-09,-1.2155717867372682e-08,4.941060012501521e-09,-1.518092761231789e-06,-1.5394148120305685e-06,2.1322050624804745e-08,0.5294641362077105,41.21172593993329,1.1859084575922664e-06,6.759490501951222e-07,0.05018038888692315,111.83846306506379,0.005989330047920998,-97.92090623687636
295,0.11809151040542305,8.109463488992262,0.026050566765987288,8.016857925340812,0.06655499688546286,395.81507436596297,392.9827132191376,2.832361146825198,0.026740442305016692,0.017288700193411253,0.20417829531674478,-1.3831677213925195e-07,-1.4258624539018935e-07,4.26947325093741e-09,-1.9341652941843866e-05,-1.9362296583960074e-05,2.0643641953235405e-08,0.6401722687844719,117.4337029600869,6.18897944718073e-07,6.475131942723453e-07,0.051143581653288396,105.53053857070867,0.0060172355650603224,34.88215229239677
296,0.11661939588617505,8.486346362900242,0.02675473319561392,8.390960425402747,0.06863120430187637,321.2025592912725,317.7598651892003,3.4426941020722146,0.01709802154389719,0.016123333099685305,0.1949874167937382,3.901619859919222e-07,3.8519557892767793e-07,4.9664070642443325e-09,4.4487401512798374e-05,4.446597523588249e-05,2.142627673570081e-08,1.1444009253595657,114.9598780105183,5.397466069795065e-07,7.856171141351479e-07,0.04711308117202546,111.9268263996177,0.005870483270238366,732.4596986779115
297,0.11145123521395287,8.332749905075245,0.02619559946690421,8.24165223750601,0.06490206810233036,353.44342127724,349.7761003145574,3.667320962682637,0.019925497159259224,0.015729908865058827,0.17584680264601651,3.407649752697067e-08,2.892073458001552e-08,5.155762946955142e-09,3.1531168254879324e-06,3.1308906332380922e-06,2.2226192068656042e-08,1.0656319995406627,75.72309288519804,6.740649014146156e-07,6.526139985903217e-07,0.04619627293615138,108.1756841514765,0.005932002108897629,398.9526009733372
298,0.12400929753873939,8.564836083790974,0.02583669947741101,8.481392559663975,0.05760682464958903,431.5313036417003,428.3385311667205,3.1927724749800843,0.018164614959055383,0.01973041102893468,0.221887556826552,-2.646849552910441e-07,-2.7070621567178813e-07,6.021260380744108e-09,-3.355771238143001e-05,-3.357923954281887e-05,2.1527161272230218e-08,0.7925261541838555,55.2313529787488,7.103312233059962e-07,5.976079684402337e-07,0.057676952301751995,115.51877744114256,0.006097088813231201,-179.24720918774892
299,0.12478141824764022,8.403303771491894,0.024779160668911154,8.317088572438696,0.06143603838428769,486.60706581182916,484.0440260451005,2.5630397667288993,0.014003603760378706,0.019774376393640346,0.2279999624768551,4.5269690078588135e-08,4.1685115556486835e-08,3.584574522101312e-09,6.152838886224369e-06,6.131409955157158e-06,2.1428930918150572e-08,0.7128069519518188,19.169398142985127,6.99047286547061e-07,6.432000023104924e-07,0.05946705825273864,117.2892852308967,0.005934032871229532,873.1223072939388
300,0.11687822317128174,8.089488925840815,0.024004987942814224,8.0068781406645,0.058605797233498715,395.9992894556912,392.9171408047772,3.082148650913989,0.020040809748006032,0.01886875754296421,0.21996691600521576,-1.497725482870955e-07,-1.5492528377269232e-07,5.152735485596812e-09,-1.79687771667225e-05,-1.7990153371771364e-05,2.1376204830379516e-08,0.7612351525855443,-13.096705853915925,6.303207922517977e-07,6.754720940957111e-07,0.055553591345545314,106.44437115541928,0.0057996713042287856,115.88422991493735
301,0.11034071637402727,8.144785116596097,0.024272455375335518,8.072047971506915,0.0484646897138472,388.62771347691825,385.6159201756085,3.0117933013096274,0.017538755669068994,0.01575838920624102,0.18606275149408683,-2.7528649552834555e-07,-2.796661043502825e-07,4.3796088219369824e-09,-3.319024710160628e-05,-3.321228050963241e-05,2.2033407852741215e-08,1.3850346361624934,53.44357978442031,6.003574577157986e-07,6.318706755467755e-07,0.0463215653000466,110.1158857369827,0.0060448111102210334,-465.9280599221306
302,0.1162247054740404,8.50657846779178,0.026627775865151537,8.391440216172896,0.08851047575373241,389.43239897560557,386.2257710433465,3.2066279322592206,0.019953372653799796,0.01723618480821471,0.20269735202207748,3.164460691025601e-07,3.121557838207318e-07,4.290285281828331e-09,3.64396190300741e-05,3.6418088419188776e-05,2.1530610743343966e-08,0.49919480372971714,79.85528599127784,6.241463006342648e-07,8.222797159602661e-07,0.05171753820710624,112.52542649689843,0.005830722342412665,113.5346175014597
303,0.11895560172510479,8.161808609839332,0.024283844380713165,8.080761494600045,0.056763270858572676,354.35769684689797,350.58596358657906,3.7717332603193996,0.020089029959124562,0.017398130106021686,0.20181417244847438,2.7147886704740886e-09,-2.0186675972366453e-09,4.733456267710732e-09,-2.9105860062961575e-07,-3.138083219926272e-07,2.2749721165039624e-08,1.0461639244684018,32.51509011291463,6.804798524618629e-07,7.897784425289336e-07,0.05140880187862837,102.09151635839268,0.006015831172475252,318.9555968464788
304,0.12967502512900195,8.974459470430688,0.03208574875037185,8.87011027151087,0.07226345016944791,404.41276621244896,400.74571784726453,3.6670483651841717,0.018041129143993962,0.02160236207766214,0.24715069435101242,3.867214284210712e-07,3.824018607930377e-07,4.3195676280334656e-09,4.4881239016259685e-05,4.485873075213338e-05,2.250826398531105e-08,0.6805978637656125,37.33056489018711,6.961117168388953e-07,6.663063274699254e-07,0.0641056779875325,120.6139812697322,0.006092412306822806,606.6841748487177
305,0.11692675981224916,8.298123556294108,0.02670174960774831,8.208000750215291,0.0634210564710696,416.53091402019726,413.35462250828715,3.1762915119096,0.0217435413156351,0.01677378349033894,0.18803255851587028,2.527346757141644e-07,2.4957051856735924e-07,3.1641571468051914e-09,2.822019137474569e-05,2.819801070383058e-05,2.2180670763598487e-08,0.6065986172139891,-1.2018556903215327,7.055943502688754e-07,6.338484640630173e-07,0.04891398427840448,113.50500353766171,0.005992840935349857,212.61038910259958
306,0.11752414817140763,8.43326015911684,0.02734818555515162,8.334704667179109,0.07120730638258027,376.2320711780497,373.47161094596527,2.7604602320843212,0.01474330857127115,0.017766580308322,0.19985007581049039,-6.790319505740814e-07,-6.825910278896077e-07,3.559077315526285e-09,-8.080001948684871e-05,-8.082346359999255e-05,2.3444112959643133e-08,0.4807970806605495,66.87184040780858,7.499121660677994e-07,5.946333781740098e-07,0.052411302111606196,113.57831778285612,0.006028516223253233,-52.17800566990809
307,0.11312582359821587,8.292743544584782,0.02480735236912332,8.196995791553054,0.07094040066260504,372.1729749853012,369.225443292952,2.947531692349051,0.017507780166271282,0.016101041581070414,0.18495910905784235,1.5980804975790604e-07,1.5559979600270745e-07,4.208253755198547e-09,1.750305162259907e-05,1.7481175158938803e-05,2.187646347022484e-08,1.7466498016560812,17.37399441499735,6.075167130079021e-07,7.575268474175588e-07,0.04807579211546516,116.30315245623598,0.005907146720187801,-343.1646253684462
308,0.12496609793398136,8.624266063194964,0.028587824005583094,8.526601144165172,0.06907709502420978,507.56095024132543,504.48402859522207,3.0769216461038416,0.016139422958516305,0.017934191738553592,0.2119634312007412,1.8394466115663705e-07,1.8120003222384168e-07,2.744628932795431e-09,2.0452295987832022e-05,2.0430204201765112e-05,2.2091785941793198e-08,0.6394793909877046,95.48980832453846,9.374109165085897e-07,6.554836808559419e-07,0.053205500322708724,123.40035199586595,0.006060462411891121,-468.98582337422795
309,0.11864961379251769,8.332545234412086,0.024523539285238077,8.239504333101205,0.06851736202564272,406.86706253828066,403.9026592281152,2.964403310164917,0.019164609053401612,0.017549372021450266,0.20247304890552603,-2.152493135314514e-07,-2.1931425055547829e-07,4.06493702402688e-09,-2.7029696372999465e-05,-2.7049637812708744e-05,1.9941439521502308e-08,0.4912179016345164,136.80609374631473,6.54852562477752e-07,6.32989905187048e-07,0.05212217095976924,114.56412483033328,0.005835592257463594,411.4313605073344
310,0.12372797812419602,8.610210933300577,0.026721266691125903,8.503640575694831,0.0798490909146217,468.165427849136,464.74559409102125,3.4198337581148133,0.02275318075381273,0.01954943862965454,0.21968373214859088,-5.21688778726925e-07,-5.262474094295695e-07,4.558630702644534e-09,-6.296037011758832e-05,-6.298254665308326e-05,2.217653531367778e-08,3.60454158671772,-13.902129129929204,5.550879426263341e-07,6.571521802405334e-07,0.057492029802313785,115.23871887344245,0.005911914201360064,512.5208609889869
311,0.11504859996105138,8.510740800461168,0.02749727574337453,8.394442136507696,0.08880138821009896,390.75804065248724,387.7057393079979,3.0523013444892237,0.02079265210651702,0.017397158733618794,0.2037335347508028,2.8388710605406105e-07,2.802569622517586e-07,3.6301438023024978e-09,3.325693504028575e-05,3.323572555895608e-05,2.120948116170005e-08,1.6807694028716416,168.09250144119886,6.805531249183321e-07,6.903668421841314e-07,0.0512797520921346,114.27004510588196,0.005926521579095824,462.6695044138464
312,0.1170075273829539,8.41737045958201,0.029185711644788982,8.320042748773375,0.06814199916384404,364.76893961313885,361.886644715191,2.882294897948023,0.022796017241488803,0.01797607889528853,0.204609106485505,-3.5707594115739626e-07,-3.613075907964023e-07,4.231649639005898e-09,-4.266652249342732e-05,-4.269008447840713e-05,2.3561984838996988e-08,1.3786391868808177,50.21143640303005,8.581604028531141e-07,6.657665078464229e-07,0.053223322339962444,115.18312113980389,0.005910362723898126,-34.916455351582044
313,0.13177584102132425,8.231413749905293,0.025880494696014816,8.127521703138639,0.07801155207064055,393.5060285164281,389.7290067204424,3.7770217959860886,0.01749061468590921,0.02544172503761671,0.290717068810881,8.778915932817335e-08,8.096256149774452e-08,6.826597830428831e-09,9.150293161630583e-06,9.128414221199682e-06,2.1878940314302e-08,0.5960089710596183,26.976422346653187,5.253317515822183e-07,6.006311264573939e-07,0.07221976749610393,112.52571935550786,0.005849240680838756,-69.37184717818946
314,0.12426618111425805,8.597204008424358,0.026708766807384383,8.48062055699291,0.0898746846240621,340.9595316497948,337.38960115080374,3.569930498990943,0.018862532442875647,0.019819411713603557,0.22536910137815513,3.623304925354453e-07,3.5517129564458636e-07,7.159196890858958e-09,4.1559214070632273e-05,4.153713590518811e-05,2.2078165257173444e-08,0.7768504184961724,111.60437889741043,5.698975695998138e-07,6.846135388239932e-07,0.05819768147387963,115.8575144876817,0.005988332590305484,-977.8611783728911
315,0.11248917856624605,8.286438716245739,0.02620994234677356,8.183246524331638,0.07698224956732622,385.870067025116,382.4059194242474,3.464147600868421,0.019418495701694568,0.015774921113025205,0.17619234555100635,-7.185191873526006e-07,-7.227291782831033e-07,4.20999093050264e-09,-8.637337696240943e-05,-8.639609476041259e-05,2.27177978244298e-08,1.2022481939922602,95.12227849905346,5.48427851493369e-07,6.26788932780283e-07,0.048546771374570544,114.03538922328951,0.006034679811440733,-159.88328689832088
316,0.11328915607601181,8.603373696955405,0.027650476802950675,8.493803663178884,0.08191955697356774,456.1464382705694,451.901848323218,4.244589947351582,0.017399047421782554,0.0163820669908403,0.1835231671234166,2.621073729190708e-07,2.5785105105932894e-07,4.2563218597417435e-09,2.974307201936293e-05,2.972097356349761e-05,2.2098455649816066e-08,0.9649279888215537,113.98020587660429,7.06009670560306e-07,6.515321666753798e-07,0.04932369004490033,112.56042521568796,0.006081505835937934,-53.1170375494612
317,0.11782706703218246,8.415954063009064,0.02819365577077258,8.315168116422766,0.07259229081552297,381.1038707187915,377.1185368870337,3.985333831757838,0.018001613345276658,0.018325776433243214,0.20556351906541004,3.4003962225149496e-07,3.361448914750736e-07,3.894730776421117e-09,3.807209645185434e-05,3.805014788931362e-05,2.1948562311865232e-08,1.186470801961326,164.78715766553535,7.121285420870883e-07,5.402873752109302e-07,0.055517144365213066,118.27814633607474,0.005899958929830199,-75.50387825971211
318,0.11735932750064311,8.530784021782871,0.026195741310680976,8.43270587766926,0.07188240280293202,436.03495847982697,432.8546027284778,3.1803557513486824,0.0220480840991632,0.016288457348635793,0.18734413646311024,3.216204782421956e-08,2.6682181152909893e-08,5.479866671309666e-09,2.9940440307370736e-06,2.9720391906499552e-06,2.20048398830119e-08,1.1776622325494444,123.17856224095816,6.906844466856489e-07,6.904478592208446e-07,0.04850678606554737,115.23757813620989,0.00597963630191449,97.85007545351573
319,0.12026745004404178,8.427195893840258,0.026688297586485558,8.327389159008815,0.07311843724495473,397.10533566337097,394.70632276375295,2.3990128996189446,0.017289296089551646,0.017188848802240576,0.20097509577889386,2.644506033699024e-07,2.6101470860715063e-07,3.4358947627515993e-09,3.167929328522844e-05,3.165754198899307e-05,2.1751296058473585e-08,2.3938328504712776,38.21163600900414,5.416109932380232e-07,7.83167892799379e-07,0.050509978425505773,113.88256429379162,0.006045672321267222,-172.65494164964957
320,0.12142332130431314,8.04113714903025,0.0248995659698629,7.954222871440336,0.062014711620049685,557.5174781946109,554.3778075494939,3.1396706451191294,0.015867937273204468,0.019661831301060383,0.23527909194417834,3.3667335813811796e-08,3.041305645224638e-08,3.254279361565402e-09,3.5916769013884982e-06,3.569766670257759e-06,2.1910230879245663e-08,0.46947303689653014,69.54586904229204,5.3065093280672e-07,6.653819123194925e-07,0.05833356338784675,108.24703505631703,0.0059901272060689245,-265.8730387844953
321,0.11488370597136668,8.160381120292435,0.025120631349747825,8.060922099740722,0.07433838920196566,353.2513389145323,350.42584514694164,2.8254937675908383,0.0163406442126817,0.01653295142589533,0.18902776407968208,-4.0510148548306197e-07,-4.081893470856436e-07,3.0878616025817686e-09,-4.881296660871475e-05,-4.8834863752162995e-05,2.1897143285880604e-08,1.6733742996233922,7.200481619105938,5.49728761244772e-07,5.319153139936301e-07,0.049241710016194665,107.60286034968868,0.005896583699766316,123.68122710111675
322,0.11204393615825581,8.45375126533966,0.026500172558059115,8.340641371702583,0.0866097210790163,353.12974825023434,350.3420074751656,2.787740775068334,0.01660453221430275,0.01567667959972403,0.18015424635956934,-3.2704049279446093e-07,-3.314316842420343e-07,4.391191447573513e-09,-3.923481338972191e-05,-3.9257839576636756e-05,2.30261867551912e-08,0.7828883224894252,75.7432110643357,6.423238666757585e-07,5.896262036489622e-07,0.04760430775610866,111.78979734809417,0.005788996791859127,220.12784777688466
323,0.11618656871843616,8.632282374990726,0.02525623348556409,8.524442889912471,0.08258325159269252,413.2462872007604,410.6697497269501,2.5765374738102027,0.014108062141238208,0.015113876685790327,0.17643361405078453,5.194511479696123e-07,5.160944677461932e-07,3.3566802234189267e-09,5.998135300733619e-05,5.996013121631181e-05,2.122179087729027e-08,1.0753179902477874,138.31650518826362,7.400290088007938e-07,5.867702125820488e-07,0.04668661382692405,111.23255887191313,0.0058979673462694095,245.21390821862042
324,0.11534809983026953,8.492154606884048,0.027889722913802328,8.380163248177224,0.08410163579302263,308.50145091586023,305.7004070109645,2.8010439048959244,0.01909136576763331,0.016013486825046067,0.18614432988658303,-8.996707578430489e-08,-9.573575025722266e-08,5.768674472917764e-09,-1.1883604523786449e-05,-1.1906083265166433e-05,2.2478741164408118e-08,0.6709283815962667,-34.01032019040191,5.464993381826531e-07,7.748503119075048e-07,0.047792733995106924,114.79298830221502,0.005754323286305236,253.3591387600718
325,0.11729978087356815,8.044179499639595,0.024005823427183756,7.965900368810556,0.05427330740185649,415.67615886739486,412.553817836436,3.1223410309601496,0.017693721125411736,0.018602733373492226,0.20657700368333576,-7.077706726213938e-08,-7.51579924311141e-08,4.380925168974692e-09,-1.095537431439065e-05,-1.0977334056662486e-05,2.1959742047247054e-08,0.5541842622950768,-82.57902151548038,6.942668444446518e-07,5.609128873232304e-07,0.05437089013173428,111.99652311636535,0.005973887742551425,213.60191195728066
326,0.11472669800549351,8.366709139271153,0.024748804233346123,8.266024158280112,0.0759361767576948,381.31533850810587,378.6226703070996,2.6926682010064846,0.014217070371859986,0.015122364522773532,0.2062055929498683,4.0762032417974994e-08,3.4242891293488194e-08,6.5191411244867835e-09,4.158440788464518e-06,4.136334811626771e-06,2.2105976657638867e-08,1.3054494891589317,-35.71770475954576,8.041092106635439e-07,8.701196443215201e-07,0.043533811006395556,107.58748664821499,0.0059951854751896265,250.65276810601517
327,0.11574601579883577,8.43014105679158,0.025211561779847447,8.328167933988208,0.07676156102352566,375.01451865994807,372.09977960539123,2.914739054556918,0.02286453426920629,0.015595808001560326,0.17993158802873463,-1.086862602656726e-07,-1.1221193469883729e-07,3.5256744331646656e-09,-1.3744766086182358e-05,-1.3767144334760258e-05,2.237824844500828e-08,0.8921227481242395,-17.8630605133666,7.471561509438554e-07,7.069843189081466e-07,0.04596825650825178,116.08875217145524,0.00583916045060243,376.5538249891829
328,0.11983208610891845,8.823325034509642,0.026214982731198093,8.709476976418932,0.08763307535951165,380.8808597133721,378.07832113041394,2.802538582957747,0.019130793116042696,0.01762055260112491,0.20040200672080133,-2.0421361427720848e-07,-2.084726628902625e-07,4.259048613054067e-09,-2.6650795651928075e-05,-2.667250208117034e-05,2.170642900362697e-08,1.1847348076604862,33.40008125542999,5.896040089172529e-07,5.885070926402291e-07,0.05156052673736734,118.0658850196749,0.005887930860770066,445.2425256138763
329,0.11813091912330696,8.528787720367735,0.027240347337318272,8.424395568146238,0.07715180488417851,481.85799535988997,479.339725445273,2.5182699146165257,0.017420095719086752,0.01725969511992572,0.19964571986847923,-2.222757658354076e-07,-2.27328433408674e-07,5.0526675732663636e-09,-2.7438951379533514e-05,-2.746066730611313e-05,2.1715926399470952e-08,1.1018817388573057,33.40323718892747,5.204584926856239e-07,7.435396428948935e-07,0.051181586117391216,110.020216996659,0.005904365727898195,14.775382961141077
330,0.11940642511322151,8.124060280949283,0.025307942983956503,8.02898479603461,0.06976754193071591,401.35660850033423,398.8401683888152,2.5164401115195805,0.019108093047789276,0.017506623891092435,0.2100621421917339,-1.9432524684158967e-08,-2.499750315414663e-08,5.564978469987656e-09,-4.430854051422821e-06,-4.454802465474439e-06,2.3948413742783785e-08,0.7685408650408463,12.147318425647008,7.035624141266342e-07,6.100379982110456e-07,0.05279589699411913,109.69146952901818,0.006017844357893904,-350.9153534787092
331,0.1267496509514007,8.360238459489528,0.02277048664822206,8.264777085375865,0.07269088746544008,381.5656043277078,378.7343994986148,2.8312048290932457,0.020381667095785046,0.020166331967771345,0.23603614632389974,-1.4253718617195183e-07,-1.4721247779807687e-07,4.675291626125128e-09,-1.8513663272260825e-05,-1.853474061388976e-05,2.1077341460400467e-08,0.8652365552502492,71.21148160627924,5.462391817839527e-07,7.476771315617543e-07,0.05857472306100324,114.1338677031306,0.005750196462137033,254.5102641452395
332,0.10970580955702675,8.571360855518781,0.027198573435949266,8.464039498828214,0.08012278325461909,401.048854519539,397.58694494668464,3.4619095728547222,0.019644247996842383,0.015830816213582132,0.1807423270631523,6.029017653789847e-07,5.98737973432733e-07,4.1637919462515665e-09,7.007499777715977e-05,7.005270004581382e-05,2.2297731207277756e-08,0.5797698457144401,325.9911657156892,1.008681046197616e-06,7.201617438154599e-07,0.046903129144478244,119.01839043503107,0.005903743616025072,523.1328547934909
333,0.11845428093957594,8.826247865625568,0.028712188251301396,8.730905029326973,0.06663064804729454,446.7248423789053,444.1682296696171,2.5566127092885087,0.02066159258602965,0.017042397183102527,0.19441523986701964,5.366810227901938e-08,4.97813364159073e-08,3.886765863112092e-09,5.238086459994835e-06,5.216362635220008e-06,2.1723824606882156e-08,2.436232661766232,18.73781804920577,4.6663346349154625e-07,7.547581980254772e-07,0.050621941745621526,122.9261066802186,0.006095812374274042,422.1290027897703
334,0.11141038119998406,8.629351770613761,0.025535665768377184,8.53836091503792,0.06545518980746223,425.2322209919848,420.79627386220943,4.435947129774931,0.017832650464327214,0.015476969811222357,0.1785352883339771,7.71835984349975e-08,7.33673358063021e-08,3.8162626286953415e-09,8.410986173814967e-06,8.39040719092663e-06,2.0578982710975126e-08,2.204859096682402,89.43859033377585,7.216677676752397e-07,5.974718321833134e-07,0.04683173126564963,113.23862424548267,0.006000183934637305,-87.46727006791207
335,0.12175161639862435,8.556832892075171,0.026485994814834882,8.447219918599092,0.08312697866124381,334.8299451525815,331.4527561379168,3.3771890146652432,0.018758064846054124,0.0210336851317115,0.23836933230058627,-2.569599715672942e-07,-2.618146939726278e-07,4.854722405333558e-09,-3.236995777845989e-05,-3.2392226596580425e-05,2.2268817942328495e-08,0.6034395290662042,95.36771568753379,7.096566926998299e-07,5.735486666623865e-07,0.060125707772420336,116.07645255542555,0.006054503713955775,346.75965603978466
336,0.11664043852948452,8.149247400061647,0.024757821535655845,8.066114945653478,0.05837463287251304,1013.5388882854497,1010.9391388536509,2.5997494317990593,0.01850894810573001,0.017229670934423874,0.20031145466744857,-2.6149903515939926e-07,-2.659734122004163e-07,4.474377041017035e-09,-3.037711218620458e-05,-3.039818137193984e-05,2.1069185610512057e-08,0.7216424359868064,66.62753307351691,6.703014630010728e-07,7.111953088074803e-07,0.05157477078587104,109.42103650243038,0.0058940300988060525,408.2372325874376
337,0.12288310496157004,8.56019955222625,0.02586102813536833,8.474337632713796,0.06000089137708534,445.09676955102844,442.6203417613998,2.476427789629282,0.01846140918572754,0.018120146180028815,0.20839078425360127,-5.475791023976596e-07,-5.512401663876389e-07,3.6610639899794234e-09,-6.573517040960385e-05,-6.575615191315229e-05,2.098150338441787e-08,4.208706831093962,120.16503903371739,8.802413542791176e-07,6.83230407225877e-07,0.05699898372396734,114.42501009106746,0.006024153997917921,247.67711771032054
338,0.11813759876859709,8.368632996848559,0.025636715037006076,8.276469592315994,0.06652668949556086,370.8938768095383,367.5857450738696,3.3081317356686597,0.019871911881601985,0.016265129288072343,0.19104177251123322,1.5570255180084132e-07,1.51868631138145e-07,3.833920662696404e-09,1.6237433497474385e-05,1.6214455380645082e-05,2.2978116538790974e-08,1.1018682224717973,-36.5730127073176,4.934368988997051e-07,6.396197570023291e-07,0.04841778861403205,112.71353089253415,0.0059097577949612295,58.04208901884567
339,0.1264275481754442,9.016270477496453,0.02470267613865062,8.924870400644313,0.0666974007134894,360.23725797049667,357.4781210791492,2.7591368913470653,0.018059203049912452,0.020095300253375494,0.2238161602055123,2.837609918834781e-07,2.7975385441996196e-07,4.007137463516132e-09,3.231879498752568e-05,3.229575965198977e-05,2.3035335386156287e-08,2.245755061919062,-33.11501304214387,6.42111695279321e-07,6.532550359128627e-07,0.05760988955488183,117.16429203763968,0.006051079802424885,-463.43369097831055
340,0.1214059297759633,8.612754232934881,0.02617835796037344,8.51693932349324,0.0696365514812689,422.3822037354563,419.826755037944,2.555448697512051,0.023433138338752768,0.018739910677457273,0.21294842033622968,2.1798485983042745e-08,1.6958028937199175e-08,4.8404570458435555e-09,1.7472451782471875e-06,1.7251449653992386e-06,2.210021261654688e-08,0.9688271115011955,-8.319435198158976,9.975908153883953e-07,9.03213976528133e-07,0.05475552249953887,120.60747429789623,0.005962829637908932,713.1163388795767
341,0.114091973318207,8.319067010118326,0.025281611880093917,8.222546128473338,0.0712392697648993,455.9813913729664,453.25942570826476,2.7219656647018615,0.016296439167917072,0.018362411119692394,0.20397509713308948,-2.4654537079916387e-07,-2.5299545302746173e-07,6.4500822282978814e-09,-3.154380551387055e-05,-3.156412265169579e-05,2.031713763389894e-08,1.1948885382867331,-1.7786905500871413,5.556422195172745e-07,6.433809135619666e-07,0.05328215117367528,119.3010050859599,0.005922151784423605,-119.29658831828056
342,0.11773593895145439,8.294959913490949,0.022932159197562627,8.209803868041426,0.06222388625195964,348.54366104883826,345.96879171880164,2.574869330036897,0.023737199650277825,0.015761915675486748,0.18564638951533663,3.678948763047901e-07,3.6398465414468207e-07,3.910222160107842e-09,4.228813295988383e-05,4.226643363922998e-05,2.1699320457899216e-08,0.6837845896195653,46.42170123543128,5.938029361919655e-07,8.444187170210989e-07,0.047418376164238385,116.2754422058218,0.006024782022577807,12.293314738632944
343,0.12175357801267844,7.9894700963626155,0.02622973445497364,7.901963192346064,0.06127716956157939,480.10586786635224,477.45692552150325,2.648942344848664,0.018004066356766473,0.018262360121567532,0.20978058742720462,8.852421636698111e-08,8.440651066218094e-08,4.117705704800136e-09,1.0101200865755244e-05,1.0078848418738578e-05,2.2352446850857053e-08,0.6630317090458725,72.46094200973634,6.644779844290018e-07,6.182182299291987e-07,0.05326845777029624,111.75609147843554,0.005903089660529712,276.67197629815655
344,0.11773509962333317,8.158672878565694,0.026702642839394216,8.060825830864875,0.07114440486142407,517.4482308136347,514.306054026256,3.142176787378867,0.016933843204529262,0.015920857880911746,0.19274158217420023,5.0097621885984927e-08,4.600196464002027e-08,4.095657245964676e-09,5.148316730752786e-06,5.126680362976301e-06,2.1636367622842726e-08,0.9150868397684843,110.7211829522385,6.304863047333747e-07,6.811999733122171e-07,0.046610329990305975,113.33313301791382,0.0060246830076042335,401.5339943346521
345,0.10859777781920917,8.064054866799978,0.029031049397732846,7.978893393330654,0.05613042407159047,381.3065663834683,377.50623579902856,3.800330584439212,0.015440048250325421,0.014574315128388127,0.17845833282173432,-1.8086203258343114e-07,-1.8404894001120178e-07,3.18690742777064e-09,-2.2764415620994158e-05,-2.2786236122626438e-05,2.182050145694534e-08,2.160501743626548,16.078923208881697,5.051917609499337e-07,6.039673206404539e-07,0.04295966009832789,105.79559859360506,0.005807803354514558,596.0982464922472
346,0.11805681131987913,8.156697523097,0.025329411670824132,8.064095130368027,0.06727298105814597,630.2504692545493,627.6121633848704,2.6383058696793804,0.020866807472644945,0.01604412913637405,0.19286748723882916,6.128761847350464e-08,5.560343424830288e-08,5.6841842252017884e-09,6.934095134685163e-06,6.910919020704638e-06,2.3176113841304548e-08,0.5565740128476755,168.72486819763668,6.65781755796261e-07,5.26798741381902e-07,0.04943849168193335,109.04400080498453,0.006097356157386037,-558.0904887942961
347,0.115573044565902,8.228803480572648,0.031792085146124305,8.133903420951933,0.06310797447459197,362.4543034783339,358.9963880213106,3.4579154570234314,0.01731470279695457,0.016596546838792397,0.18966117306444316,-3.23364241776475e-07,-3.272761296290114e-07,3.9118878525366655e-09,-3.89714625196101e-05,-3.899433868499889e-05,2.2876165229373735e-08,0.8198581387262265,-42.670714026594005,5.76637753462466e-07,5.983249253331688e-07,0.05069187813558926,108.98330177528675,0.00593527799463314,130.79108606393265
348,0.1127306325172465,8.434946297323274,0.026573525834191414,8.338790425176557,0.06958234631252605,398.03566190577754,394.68927002837836,3.346391877399126,0.018361689156290995,0.015582401263330522,0.17503043441561114,-2.0929158822661989e-07,-2.1385156176376844e-07,4.559973537148521e-09,-2.691058404098594e-05,-2.693223400647322e-05,2.164996526556553e-08,0.6236104049462297,-76.8723731785158,6.706650826607193e-07,5.781962108976254e-07,0.04693942254578397,112.07879098620671,0.006063704891422422,-1570.0529342735908
349,0.11609143742875214,8.417603953544907,0.024157359348446747,8.31570978608003,0.07773680811643441,463.57208609541556,460.25044131253605,3.321644782879614,0.02478020025273279,0.01661558201240724,0.19304608194326403,1.748488461325051e-07,1.7082548402884436e-07,4.023362103660747e-09,2.0788159642913216e-05,2.0766889196756134e-05,2.127044598453375e-08,0.7440021045701801,79.06904532202961,6.451402400354744e-07,5.587105801722127e-07,0.04998940575395806,112.81573195524547,0.005991977764533066,340.7325334839984
350,0.12288506398484451,8.781089335825035,0.0292123796849398,8.671196175490685,0.08068078064940842,373.60560128435105,370.4367867890987,3.1688144952525525,0.01403153907961541,0.016976946230047175,0.19448978237093,1.9069432679541187e-07,1.862970129224959e-07,4.397313872915996e-09,2.1974538309700807e-05,2.1951154080011266e-05,2.3384229461247364e-08,0.9429916363376973,22.70554087200722,6.925854524161798e-07,7.993461471837715e-07,0.052093395448372895,116.40773453834862,0.006048438135438992,-538.068005887797
351,0.11904904389034358,8.465744365902294,0.024032174233936915,8.355593457625963,0.08611873404239515,409.8725402368102,405.8152664177446,4.0572738190657995,0.018154905166567432,0.018452510539872104,0.21127227026194167,1.4630987683777384e-07,1.4189120377922976e-07,4.418673058544073e-09,1.660777187842963e-05,1.658548271788625e-05,2.2289160351863336e-08,1.51142185430876,142.7641368719221,6.058971096284991e-07,7.185088862733895e-07,0.055556258461089345,108.118757508925,0.005896842121226149,190.3006106135781
352,0.118466981017024,8.499243998828495,0.02813921282520273,8.396523295410367,0.07458149059292589,401.73659644449924,398.08462856632815,3.6519678781710456,0.02128044864145184,0.01705578361186784,0.1980880993942702,6.097957409514167e-07,6.049101632794244e-07,4.885577671992347e-09,7.103829885217107e-05,7.1016693071874e-05,2.160578015762754e-08,0.6819810215217889,-104.40848475456534,8.40826047229828e-07,6.415085806001255e-07,0.04954231652919352,116.21620018562706,0.006104138336559918,78.38604967844822
353,0.11890061386327129,8.401987460489991,0.025811416794767734,8.302229468606596,0.07394657508862539,371.5852531079449,367.94701144806226,3.638241659882576,0.018332966142679364,0.01693427373068048,0.20084202473715823,3.872295317022265e-07,3.8290321110034103e-07,4.326320601885641e-09,4.567613866283504e-05,4.565492909069142e-05,2.1209571937202756e-08,1.72420871652006,121.54557318250751,8.10913673529069e-07,5.589738457900764e-07,0.049912370946438314,116.63227954729084,0.006076603366811597,-326.9997647597779
354,0.11802925839820883,8.718141196005657,0.026195319991780562,8.613478835615718,0.07846704039815862,377.20494986103876,374.2970210606196,2.9079288004192456,0.016363820293810633,0.016423620935753083,0.1882188253556184,5.211704924910134e-07,5.174231759620264e-07,3.747316528987086e-09,5.9099425192022356e-05,5.9078826089650935e-05,2.0599102235231135e-08,3.3042039882783536,39.58167406533243,6.188488865649793e-07,6.447285818966198e-07,0.05115814029958433,122.45550344124456,0.005906694249787246,-262.7099665858468
355,0.11898901081103672,7.908189123577065,0.025390294820806673,7.809793173031579,0.07300565572467987,469.2559859565033,466.2622315794843,2.9937543770189614,0.017260416184172674,0.01909711558600185,0.21704716436250304,-7.735699728327606e-08,-8.386784971745205e-08,6.510852434175964e-09,-1.0350672411651466e-05,-1.0372671746493098e-05,2.199933472329232e-08,0.39687006548666787,-70.07284357961974,5.663418012370575e-07,7.608824496738271e-07,0.05507009370806002,108.38885728356969,0.005940881620432744,205.4444104040913
356,0.11964917113893693,8.835931468248447,0.025896237547893226,8.740150265899173,0.06988496480138091,448.10718144051407,444.8296543239817,3.2775271165320783,0.01862249159002958,0.01759975215629652,0.2013481119264387,2.8145051998686215e-07,2.7739653990801665e-07,4.0539800788455835e-09,3.191431163840481e-05,3.189153142881273e-05,2.2780209427349956e-08,2.7699865378712523,90.26382004567317,6.888820800945182e-07,7.619865139827497e-07,0.05264171783937783,121.7461354711761,0.006071768710106444,489.31721742190166
357,0.13258917499074835,8.48447916693412,0.026885380013932262,8.394152422458694,0.06344136446149362,527.5995423200598,524.7869067780543,2.8126355420047315,0.016362213286645475,0.021513451944073766,0.26798816734435077,-1.0461769895722254e-07,-1.0987860991242049e-07,5.2609109551979555e-09,-1.2825798311456889e-05,-1.2847171948821795e-05,2.137363719757937e-08,1.1221555767176015,148.60706598098426,7.617294506382868e-07,7.621593480778938e-07,0.06210890746582132,109.89364140296124,0.006020780552652442,458.3888419705818
358,0.11263547701349036,8.293605730473278,0.024611751980460454,8.19889187099298,0.07010210749983556,413.27951623710493,410.8400798299812,2.4394364071244024,0.013614238642580935,0.014774678445094627,0.17808778370153353,-2.271679800906169e-07,-2.315555745538373e-07,4.387594463220359e-09,-2.9480000719683105e-05,-2.9502075846332026e-05,2.20751265182651e-08,0.6175600136157312,-53.428423669908305,6.036538630349454e-07,6.674803407330068e-07,0.043539865704342214,106.2459938668485,0.00592055228013839,-131.01416893579835
359,0.11141346625094238,8.121915137284539,0.025026144530073634,8.029700716271035,0.06718827648343015,420.538042488183,417.66040259479894,2.8776398933846234,0.019209217527700523,0.01693390094332279,0.19271095582701442,-4.489308029087556e-09,-8.519118725221329e-09,4.029810696133767e-09,-7.680163990508834e-07,-7.892157016609229e-07,2.119930235742783e-08,0.7730474799922811,-43.61069481871936,7.415798526096954e-07,6.73115529260566e-07,0.051131349429171566,110.17363196638746,0.005886761934478799,-120.51602711883561
360,0.1167143836235868,8.555553272505835,0.026889677093428536,8.450564990825992,0.07809860458641538,332.06782933355595,329.3419300965338,2.725899237022245,0.020031894549844144,0.018055964946030702,0.20105116040937807,-5.566507241142117e-07,-5.636415490684053e-07,6.990824954193784e-09,-6.891309415169979e-05,-6.893582349376579e-05,2.2729341911770296e-08,0.6759353934023382,110.04887268781567,8.669297046721542e-07,5.583788604028854e-07,0.05300851699522047,111.40439778243389,0.005998413095826604,212.9410745837199
361,0.1152344814943405,8.459909334081427,0.026632958765052138,8.357052009811447,0.07622436550492809,434.83674410672234,431.31264837043113,3.524095736291634,0.01955714800877506,0.016901124587009167,0.19500557748799133,6.762683414774667e-08,6.277972370557009e-08,4.847110442176592e-09,8.051899003648315e-06,8.030422057432544e-06,2.1476945998468135e-08,1.4106020074241574,82.58187454400894,8.157868567567829e-07,6.423607948067865e-07,0.0497152704267228,118.39950778791187,0.006017937511964052,391.46259065340973
362,0.11730732582724827,8.402863918213987,0.027134424888448784,8.292268928223004,0.08346056510253536,521.008872672505,517.9244299012288,3.08444277127567,0.014381708961147086,0.0167572016692895,0.2022059271795201,1.094581819497363e-09,-3.4184512897015368e-09,4.5130331091989054e-09,-2.0395246451184093e-06,-2.0603367820711895e-06,2.0812136765742224e-08,0.8047503572061268,68.69934405451619,6.495287356533708e-07,6.856065404161644e-07,0.04924861528017588,108.41478433615671,0.0058621299450043185,457.61626999175223
363,0.11710431422011691,8.284930682855128,0.02615582990678653,8.182795340595629,0.07597951235271365,422.07238385857517,419.5532888195175,2.5190950390577362,0.016755900015605566,0.015943332576260204,0.18381248259958516,4.881553302865913e-07,4.853060603452485e-07,2.849269941342977e-09,5.6795585394605194e-05,5.6773868083807304e-05,2.171731062531755e-08,0.6829619802037189,87.0423989842637,6.018570065391513e-07,6.602751707118845e-07,0.047864706123559024,115.2869787861221,0.005823417474193375,-285.9937435663378
364,0.12135815698417769,8.467014975665945,0.02454670357101287,8.35659948019382,0.08586879190111539,316.46200789574476,313.7084796671843,2.7535282285603517,0.016726885024969714,0.01774084935959287,0.22452556106687638,-6.297567885627466e-07,-6.347216030247797e-07,4.964814462033194e-09,-7.401927592451163e-05,-7.403975767604703e-05,2.0481751398117242e-08,0.494835776085801,30.49734649190842,5.996672405142608e-07,6.661527814124385e-07,0.052253519988286895,115.62734031754053,0.006028669425273472,-174.14098342542457
365,0.1174665708816865,8.04059893599575,0.024749746000603663,7.949035709621108,0.06681348037403766,319.3503208278426,315.6833489797205,3.6669718481225035,0.024165128684230344,0.017408860731693614,0.2200375997754811,-1.1121969493501741e-07,-1.149945864676258e-07,3.774891532608422e-09,-1.3555765311954061e-05,-1.3580236439732065e-05,2.4471127567184133e-08,2.8420886381163153,158.21617447269014,5.599371394593474e-07,7.62425429955966e-07,0.05331502953054926,111.21636819921954,0.005983243408587112,33.18379354115723
366,0.11325494705327327,8.256304626393364,0.02388148987640121,8.166204010375635,0.0662191261413265,403.4704656915377,400.66561526224405,2.8048504292933676,0.01819882244720804,0.015623817937975444,0.18146436121808396,2.666563773670924e-07,2.628387219369547e-07,3.817655430137666e-09,3.1628925542070484e-05,3.160700857342003e-05,2.1916968496876895e-08,0.8966480615470452,46.65432665390758,6.411905881660643e-07,6.617022482036766e-07,0.0483875111289297,106.4244772069417,0.005879764959057467,392.7159085913804
367,0.11543924472592942,8.140960996930389,0.02541539285154275,8.042040774762953,0.07350482931589108,332.0948921487972,329.45832925994864,2.636562888848617,0.01569790186960261,0.017459380365350798,0.19420175193420103,3.220162577612211e-08,2.66013949145198e-08,5.600230861602321e-09,2.8221765362936403e-06,2.800871882485868e-06,2.1304653673080563e-08,2.456021997769819,18.361568365054637,7.396766133955815e-07,9.739020609712804e-07,0.05117488453991404,113.59713315836711,0.00594911837198015,-161.65859103935054
368,0.11714400341027412,8.070004316818345,0.02456625454548849,7.981729932416159,0.06370812985669863,394.037680719431,391.3822175671908,2.6554631522407752,0.018800717526696105,0.01639143027171157,0.18931462588813888,6.773390443375488e-08,6.335288712940436e-08,4.38101730435049e-09,5.437455000581479e-06,5.415625770103696e-06,2.182923028306694e-08,0.664699153264541,55.51889468744306,7.890804497574045e-07,7.05736811690659e-07,0.04996597562086221,105.37160145353755,0.005979036162531793,231.72475280471008
369,0.11948573712164674,8.323250332861377,0.026154192043990956,8.215509199675811,0.08158694114157358,450.01409946863237,446.90129391723383,3.1128055513990778,0.021913029844412426,0.019065984002270952,0.23189765781116328,1.9609054681723298e-07,1.9185261922360967e-07,4.237927593623288e-09,2.183900047779429e-05,2.1818941036764223e-05,2.0059440898878165e-08,0.846854631058335,45.724537330656375,9.240659086133933e-07,7.261466796239548e-07,0.055158848634844264,113.55621509115763,0.0058835891252821855,277.92183493528955
370,0.11516287010077285,7.992254912537801,0.024828438801364094,7.913975323185737,0.05345115055070008,468.8859734718345,466.0575105602222,2.8284629116123914,0.016364648223318574,0.015547479216037902,0.18672216014366197,8.148643883692269e-08,7.787300769900643e-08,3.613431137916247e-09,8.610302429286011e-06,8.588682095008403e-06,2.1620334109696416e-08,1.3282875359658448,141.1635371460658,4.3823321349750007e-07,6.207780004533214e-07,0.04561190936197349,111.63626639787029,0.005732131543469494,143.4653261418689
371,0.11709897734039605,8.401725495482394,0.02466054731149302,8.291364713974433,0.0857002341964664,399.32137909854134,396.7439891302639,2.577389968277784,0.01901765624600453,0.01799505154638744,0.20751979920076521,2.2035546374309976e-07,2.1645607167524218e-07,3.899392067857552e-09,2.3888976982891464e-05,2.3867462987548233e-05,2.151399521705614e-08,1.0123177236659129,45.14080455614055,5.408085341706864e-07,6.768555068835823e-07,0.05272334950465536,110.00737147431524,0.006062227398782471,216.81321860885737
372,0.11974928603029993,8.77904568813759,0.025560207346484263,8.6746783364964,0.07880714429470623,370.27080100337474,367.8594357714817,2.4113652318931447,0.017155656620463977,0.016950627536582826,0.19799848656475671,-1.4142186016367258e-07,-1.4613026125381177e-07,4.708401090139174e-09,-1.655025026920971e-05,-1.65736269874568e-05,2.3376718025136402e-08,0.4805984090981412,22.882524229045938,5.113573817577721e-07,7.434174875062089e-07,0.05191380469627919,116.11872602744185,0.006011920909207049,-1299.4987164826152
373,0.11791477393201516,8.480969474131562,0.025388545329350372,8.386764672289106,0.06881625651310525,375.7314277918376,372.68175788370326,3.049669908134643,0.0181953723502079,0.01855748901281986,0.2082055533620245,-2.714047543339573e-07,-2.771336714707215e-07,5.728917136764153e-09,-3.420284298776376e-05,-3.42248189100768e-05,2.197592208827592e-08,1.4807815643862328,54.362809800818184,8.864760767637562e-07,6.168256692346766e-07,0.053558174377581085,115.68770869372976,0.005933524091299201,-56.62646735948147
374,0.11197553504915746,8.482946201560676,0.023519305966182277,8.393211061585738,0.06621583400875579,400.47734985539654,397.8000058943437,2.6773439610532033,0.02858461061231201,0.014903464679257718,0.17523409395605127,-3.324404546300488e-07,-3.366484531113384e-07,4.2079984812895e-09,-4.3226412457659575e-05,-4.324866240519091e-05,2.2249947370607927e-08,0.6132595215124318,31.32004645791803,5.349859846208056e-07,5.24925592842516e-07,0.04535785020105865,109.7248393564065,0.005753745892970973,278.637920677088
375,0.1171628090263115,8.36298708900176,0.02602954966704749,8.26835203265253,0.06860550668218258,451.5286035183348,448.72896171723545,2.7996418010994795,0.016809308228537045,0.017215553737932283,0.20344164585341323,2.258642843627765e-08,1.8580937285154088e-08,4.005491151123577e-09,1.5284605805904237e-06,1.5069261337031339e-06,2.1534446745933496e-08,0.5564837063979519,130.04922355663882,5.27310509502955e-07,6.138727239319735e-07,0.05155105328158217,117.34264514578308,0.0059892081288301586,207.12248841692463
376,0.11428209817145345,8.429911511134783,0.02672236378901548,8.326172000041968,0.07701714730380126,324.1035567351034,321.615329200957,2.488227534146132,0.019568092008416867,0.017163677634800853,0.1938959696625794,1.5343902187360318e-07,1.4733812104048374e-07,6.100900833119469e-09,1.7423743627697226e-05,1.7401275214393482e-05,2.2468413131581032e-08,1.8816083789771327,135.12538483795612,1.3616945123930839e-06,6.128843176864899e-07,0.051076043470288345,112.07696655744712,0.005910707992766837,399.3797248015403
377,0.11743098365462026,8.54669167035352,0.02496182353714433,8.424039187290333,0.09769065952604235,532.9628402868752,529.9626502678905,3.0001900189848563,0.01653897074116448,0.01654160003002192,0.1985691893465348,3.18421510545763e-07,3.131888792749784e-07,5.232631270784591e-09,3.717874633157324e-05,3.71572068479498e-05,2.1539483413382668e-08,1.3745640375455581,-60.460179133204804,5.360725319323491e-07,5.746549725768909e-07,0.04907926382220284,113.25720906105275,0.005861958555806254,443.14977464993444
378,0.11644396730559255,8.40560466072656,0.027152374152558067,8.314719989586173,0.06373229698783044,373.3540778709367,370.40862021381537,2.9454576571210764,0.02087782550114034,0.015230799614115983,0.18884613623716948,3.534148983985923e-07,3.4918203334797715e-07,4.232865050615152e-09,4.0268369824046314e-05,4.024721341565222e-05,2.1156408267423153e-08,1.3941370303635168,32.62523351359506,1.35646901028978e-06,5.764908913841274e-07,0.04677959822423635,117.77665640343879,0.006050179136527624,353.2143747052546
379,0.1165930702078733,8.414851105827738,0.02598185537289277,8.309614389713426,0.07925486074141957,403.9109989501992,400.29815847213763,3.612840478060985,0.022485952710169607,0.01800043416949201,0.20239170302549353,-1.898188616965545e-08,-2.399895120682839e-08,5.017065037172935e-09,-3.3437498056471666e-06,-3.3659097065586425e-06,2.215990069095341e-08,0.9209609479259531,46.98172429372859,5.333336402913902e-07,6.433386372481801e-07,0.05187493711128321,116.68223496816955,0.005986463238266718,295.13747667828693
380,0.10839133997132618,8.086679648275762,0.02730646765016096,7.98351854548156,0.07585463514404295,402.60037910115346,398.88308293909876,3.7172961620541303,0.01988576288049551,0.015334503147073585,0.17382551338118488,1.8913348895421758e-07,1.8536301880182852e-07,3.770470152389113e-09,2.164875942768954e-05,2.1627055102405018e-05,2.1704325153992523e-08,0.6382815564594432,34.785572961993935,8.92083891701905e-07,6.379444789662886e-07,0.04541156159798336,109.45197570228305,0.005976475789062416,-83.72283951809777
381,0.1150784168606528,8.432323873261783,0.025872975461605253,8.322100126656737,0.08435077114344267,352.5025588882453,349.46914197764335,3.0334169106020763,0.02146571443021035,0.01742521186864996,0.19684035510633885,-3.015636997938091e-08,-3.4924984111520416e-08,4.7686141321395235e-09,-4.019749760014751e-06,-4.041449454983712e-06,2.1699694762618382e-08,0.6021043597789294,191.8032873374513,6.140835529877008e-07,6.841035604622261e-07,0.050691174705161886,111.4706859003966,0.005859037102879755,90.06739454483159
382,0.1243592956483651,8.358480215918009,0.026002794344523752,8.264021694655407,0.06845572691807857,407.05645658992626,403.3057420278451,3.7507145620813116,0.02006109397435174,0.020870327778212534,0.2375778077991543,-3.988447348980518e-07,-4.036147861461398e-07,4.770051248087991e-09,-4.8438993847366755e-05,-4.8460493406771116e-05,2.149955922270094e-08,0.5037405496670075,-115.78112181552292,6.34384394963677e-07,6.2217717059491e-07,0.060280821619142666,108.88859235220768,0.006097053707046088,-342.0360886065737
383,0.11455179655132718,8.290824086235851,0.02783015017693602,8.205832364452046,0.05716157160686748,347.2859559218081,344.919059967519,2.3668959542896135,0.021735464489545227,0.01649355952880996,0.18691826267190428,-6.621178785188937e-07,-6.673682363421687e-07,5.250357823274921e-09,-7.890562411607782e-05,-7.892629935607387e-05,2.067523985839538e-08,2.3801648813131067,63.7156851019985,6.469712533770789e-07,7.681135097290285e-07,0.04842280719863759,112.86982189275365,0.005938828973555434,-752.506864147193
384,0.12552618543166547,8.745883670049324,0.027563062327875195,8.629741820000824,0.08857878772062452,404.3639791358531,401.72611782874026,2.6378613071134067,0.017580713642886447,0.01890678153137087,0.22553380036751888,6.672043767248386e-07,6.637098824573788e-07,3.4944942674600218e-09,7.753589484946922e-05,7.751238027696098e-05,2.3514572345421325e-08,0.7282224014173365,-69.67195031735504,6.248863618154194e-07,7.904950192984943e-07,0.05504876660150247,122.55452718263582,0.00612190045329889,-304.39047710041723
385,0.11981031647879437,8.596042978501737,0.023512155574861467,8.514203975109869,0.058326847817007456,368.2592331995357,364.7992544013659,3.45997879816933,0.02046538111751465,0.020326401808252206,0.23556205865858293,3.696269164565895e-08,3.2361305397106015e-08,4.601386248552957e-09,3.100018999517246e-06,3.0794291382992217e-06,2.058986100856751e-08,0.43403004050415117,22.15974000815566,5.237827404515332e-07,6.607509968688675e-07,0.05835812372778541,112.8733168196094,0.006050854287576848,-431.9173742549415
386,0.11383750551606352,8.4101095678441,0.027860552477679636,8.317516778356874,0.06473223700954524,357.353879469857,354.478070248402,2.8758092214551927,0.021671874886836816,0.01518429500403028,0.1790081022719671,2.1009414439551486e-07,2.0427300388874085e-07,5.821140506774008e-09,2.3237999276825018e-05,2.3215049668352585e-05,2.294960824548609e-08,0.5780684375124423,31.735802475866976,6.146065360326795e-07,6.89805376526886e-07,0.04625441362170619,113.01673472612958,0.005991591642432838,-286.2443494553172
387,0.11898327446406208,8.411368923807578,0.027405531673757984,8.30321156350249,0.08075182863132696,392.22892466827665,389.711090503647,2.5178341646296585,0.020212185901084718,0.018470326512047778,0.2134445825122924,-2.435260435262323e-07,-2.479674679621772e-07,4.441424435944716e-09,-3.097736086671354e-05,-3.099929138404805e-05,2.1930517081490305e-08,1.146431095654504,67.7306735820615,6.641088509679081e-07,6.432040282663048e-07,0.05642538112000282,111.67810707113888,0.005955057193887788,-71.58704607988057
388,0.11550380604901536,8.588936840107142,0.02669400492884029,8.47443011659147,0.087812718586832,291.81635053433024,288.80355431273296,3.0127962215972737,0.022420972505326275,0.015862116178361276,0.18455179120086654,2.4534419854461517e-07,2.4142122195916823e-07,3.9229765854470035e-09,2.7953841782443966e-05,2.793281281375698e-05,2.1028968532169707e-08,0.7433186818563466,15.261473250402654,5.016702892495203e-07,6.415986266837168e-07,0.046798994543579095,115.79871507058743,0.005831013380576825,108.452989327252
389,0.11900470923333731,8.25893647909652,0.02492755995791153,8.160245531075724,0.07376338806288352,506.35382116208876,502.80359643201564,3.550224730073711,0.020978812860006316,0.019352342506472546,0.22415093418502374,-1.7408267070690022e-07,-1.7803710965798855e-07,3.954438951088323e-09,-2.0782366535122978e-05,-2.080480594332467e-05,2.2439408047739036e-08,0.6565912674311443,36.58855664024794,6.141263528103413e-07,6.997556835777831e-07,0.055739597054014635,108.47432112067347,0.005995998414579528,16.663429565409842
390,0.1234828885745034,8.703973793554047,0.025506957484873857,8.588552218421459,0.08991461764771454,417.3937766381781,413.86474555568395,3.5290310824944275,0.02182650335587134,0.01802278503283179,0.21782629537828627,-9.187572905318516e-08,-9.734651165099583e-08,5.4707825978106225e-09,-1.1465142244243747e-05,-1.14881020046931e-05,2.295976027117705e-08,0.8724919649045857,-87.42967293597589,6.636428478629397e-07,6.134756386411452e-07,0.05469873943965121,113.68455581484102,0.006016719233890384,-203.97122008298356
391,0.11854516218029316,8.420268592688885,0.02613205074587662,8.311897147283762,0.08223939465924529,423.1884375251996,420.430971463952,2.7574660612469954,0.02061354910105255,0.017567807856005608,0.19587875946043845,-1.8657462457289952e-07,-1.9293606279475906e-07,6.361438221859518e-09,-2.3611868047383165e-05,-2.363365339480754e-05,2.1785347255269596e-08,0.5854689584189995,82.21836346418029,6.050736745544591e-07,5.773875765417951e-07,0.05158548821710014,115.17989501884816,0.006090576718996746,-451.41388210616606
392,0.11148675141763738,8.501682525388814,0.026039047156488474,8.402211940395004,0.07343153783732094,336.7879509197012,332.8929885797027,3.894962339998643,0.01847132130732836,0.014145622553322214,0.16441820793978254,-4.4708315975612373e-07,-4.5009810618769165e-07,3.0149464315679757e-09,-5.2789990109218834e-05,-5.2811516550176215e-05,2.1526440738189963e-08,1.1121682476701673,100.72433782218097,7.137035427070065e-07,6.360321168491162e-07,0.043217591049999775,114.16578210193799,0.005969781246359687,-122.37935719653706
393,0.11927135210367897,8.585155956997529,0.02516325387703648,8.48275180251043,0.07724090061006242,372.14775545782413,369.78014292842937,2.367612529394944,0.019465387685100734,0.018693664331170964,0.21661585222213414,-1.4580424664475096e-08,-1.9039194039163576e-08,4.45876937468847e-09,-2.7956880695165965e-06,-2.817937095517389e-06,2.2249025778472526e-08,0.6258843526786002,-102.03742401954767,6.630503733542837e-07,7.673992775389843e-07,0.0552461336344703,122.07638270132117,0.006047722182293317,-19.00303435879141
394,0.1236238007354866,8.37766476806531,0.0276384734780938,8.282575258445606,0.0674510361416115,446.5628509533217,442.84170918644736,3.721141766874274,0.016017007592464258,0.018356828009104646,0.21566638290298892,-5.25403456095581e-09,-9.55026423688928e-09,4.296229675933467e-09,-2.469559516420343e-06,-2.4909525720382108e-06,2.1393055493181578e-08,0.837918356550392,4.227345373474887,6.73796983526496e-07,7.7770908594352e-07,0.053442107043902655,116.37420246392458,0.006002969244723393,2.006748230739504
395,0.11978790915624327,8.379556750255649,0.025915610722950313,8.272225759391327,0.08141538014136972,527.762901421072,524.2302358161661,3.532665604906452,0.01711475177226675,0.017471064868172,0.21367337555948143,-4.1350179283204815e-08,-4.614546816419222e-08,4.7952888809874045e-09,-5.9237640173622245e-06,-5.945860386661617e-06,2.209636917948353e-08,0.9450850957429069,121.7814055333201,5.632449282299563e-07,6.494524212174101e-07,0.05089685883392114,118.47621541700752,0.006026247401483591,179.09054005056396
396,0.11763255281821249,8.451943491103608,0.02639726146182886,8.344430798691619,0.08111543095015795,396.96454442688855,394.35498454460713,2.609559882280973,0.01550567760379376,0.017345965000064065,0.20394699972481556,6.582390734802278e-08,6.025236816791015e-08,5.571539180112595e-09,5.483466445971898e-06,5.461136257880015e-06,2.2330187935894574e-08,0.45554095257389193,32.59110257980275,8.305390533498399e-07,7.467161772503076e-07,0.052078745426574986,111.1592996284798,0.006079970630323696,253.43935768846495
397,0.1173396470905419,8.296134079777962,0.024674456276950363,8.2048975267097,0.06656209679131266,461.181566924906,457.9603603099078,3.221206614998152,0.018960812427870198,0.0192335120225189,0.2168300180793104,1.0577121931708124e-08,6.883485874512914e-09,3.6936360571952066e-09,-1.5209046175520627e-06,-1.5435105435797377e-06,2.2605925879664716e-08,1.7800930217748239,24.904910954734422,5.872686340066266e-07,6.385691163580805e-07,0.05491295163933434,107.61996553823056,0.005995109129192464,-340.6809994201776
398,0.12406546710847723,8.548071956022227,0.024987849345395847,8.460798958264085,0.06228514841274377,435.5792361764096,432.81285457794684,2.766381598462632,0.023173720901485843,0.018648799038165083,0.22854683518856014,1.672863531541685e-07,1.6298621693986897e-07,4.300136214299557e-09,1.838069832651666e-05,1.835930851287634e-05,2.1389813478585492e-08,0.5794897696535215,153.31758665133714,6.465889553699233e-07,7.720354245919051e-07,0.05625068219700603,120.28474481395352,0.006096574002803066,382.65129956071814
399,0.11059943794304757,8.25782617249319,0.025445008153861946,8.147777106378845,0.08460405796048184,361.8359335256788,358.6759511567126,3.1599823689665243,0.017428397368761256,0.015335943224112775,0.1697324308406032,-6.004647442530127e-08,-6.416094341839045e-08,4.114468993089202e-09,-7.849507792718903e-06,-7.870662909060604e-06,2.1155116144502868e-08,0.626164048298569,-77.73508038417775,8.633424741399866e-07,6.278063801564921e-07,0.0469995782052499,113.7048360624902,0.0059472499780665235,40.87700460046199
400,0.11303452719659438,8.41459744943933,0.025585200852467033,8.314959109282295,0.07405313930457279,412.8727407762648,410.14572210883654,2.7270186674283434,0.016049447495526628,0.0162439014271227,0.1825611638793471,-8.212461091991034e-08,-8.911398528243191e-08,6.98937436252159e-09,-1.0984567003899717e-05,-1.1005879361688435e-05,2.1312357640543673e-08,1.093659578181194,77.689103713922,6.804823280469192e-07,5.241806378583542e-07,0.04833289029734611,113.00554770515569,0.00609213382902234,-150.05299517886988
401,0.1209975267554387,8.577060395381643,0.024741166787727444,8.482711681466649,0.06960754712726797,526.1784322759377,522.3614365746661,3.8169957012703923,0.021160184800556193,0.0194864584191549,0.2166973875002547,1.6615592813342847e-07,1.5708909935671985e-07,9.066828776708663e-09,1.906015321747193e-05,1.903902316507914e-05,2.1130052193954936e-08,0.6153393900617199,69.06339988467931,6.487364615871306e-07,6.831688650911903e-07,0.056597360038865015,115.7442485938008,0.006054158722188949,264.2760967784525
402,0.11104732438586325,8.55053509449815,0.0259272522982494,8.445324878228499,0.079282963971402,437.5374014920096,434.74596036193014,2.7914411300796513,0.01771975304921687,0.014903110503376902,0.17000370853207125,2.357635290263471e-07,2.2974322349675765e-07,6.020305529589488e-09,2.6039807832949246e-05,2.60183768958609e-05,2.1430936904865493e-08,1.9247597215223424,102.09042696875554,5.880503315556021e-07,9.203817951936895e-07,0.045596704546923925,115.80807199974828,0.006024962855262577,-387.4402991838733
403,0.11082915199244076,8.12798231256521,0.027092609766794715,8.042923712962654,0.05796598983576053,434.1076434147571,431.8743216659011,2.233321748856639,0.016525801356742517,0.017137409580505435,0.19918007426371176,2.548752245379232e-07,2.5136985256870623e-07,3.5053719692169525e-09,2.961971471913818e-05,2.959833396666575e-05,2.138075226992326e-08,1.2678257562737825,44.89085293890897,7.131046664202033e-07,8.086116800404603e-07,0.05349535446774822,109.05241523094308,0.00599169279597717,283.0255062693368
404,0.11362420320103071,8.40026384269124,0.023176849377461128,8.311560071193018,0.06552692212076329,532.8022832938057,530.1053131779049,2.6969701159005077,0.016867240395268674,0.016047859566227965,0.1792609672249735,-8.914185023474167e-08,-9.510253034369357e-08,5.960680108951897e-09,-1.207697496170748e-05,-1.2097749918606596e-05,2.0774956666908832e-08,0.8613909506241879,154.75329966397274,5.308999182501297e-07,7.467570523803858e-07,0.04821874799814984,109.29049363771722,0.005748685113999222,70.33024117487548
405,0.12255619806695792,8.904106781048467,0.026801661677349934,8.805219846765196,0.0720852726059186,330.7397193498976,328.3020143819437,2.437704967954288,0.020463483796157835,0.017424623955613408,0.2102888480602528,-1.1833625921607367e-07,-1.2375992165931234e-07,5.423662443238765e-09,-1.4512540490535577e-05,-1.4535539447832165e-05,2.2998957116849187e-08,1.3219357895849602,51.45724528116608,7.141428801966723e-07,7.335276838609419e-07,0.0518852702666972,111.99885199503709,0.005855001321403264,588.8061701414599
406,0.12803793849097495,9.006808970298822,0.02925027669412891,8.91330189636127,0.06425679724342254,357.58080777692777,354.28315902734033,3.297648749587444,0.018765533340447227,0.019447639256375007,0.237228985877829,1.764026241201018e-07,1.723000198514454e-07,4.102604268656311e-09,2.063283129750596e-05,2.061058716809579e-05,2.2244129162598792e-08,0.8823169539316509,4.106388039683646,6.855419989798675e-07,7.297139695386536e-07,0.060114371715691686,124.48854964653181,0.006118994085817859,166.5954506076814
407,0.11052834703915014,8.182975845967862,0.024722515994379267,8.081383371662529,0.07686995831095256,394.2082511091873,391.47156802878914,2.7366830803980218,0.020643752425731063,0.0162587435243996,0.1866601199183918,4.5156307563523054e-07,4.4732981157860966e-07,4.233264056621001e-09,5.238534161229354e-05,5.2362558434706617e-05,2.278317743052785e-08,1.8895444685290508,-90.7707900450514,7.874608368975367e-07,7.581846375167662e-07,0.048513434553582035,115.06042412726771,0.005890352607712695,71.02952172966525
408,0.11790869779974764,8.406973693801913,0.025185509688353567,8.312446839254239,0.06934134485932117,467.458372497359,464.79112941976837,2.66724307759026,0.017227475818921784,0.0182169430915547,0.21027332509266883,4.343312383972675e-07,4.2901566283892997e-07,5.315575558337522e-09,5.058511857004983e-05,5.056334950414974e-05,2.176906568706758e-08,0.5666058573099283,-354.10781982785545,6.022488211484483e-07,7.441499324961597e-07,0.05287242383064633,111.94549602986226,0.0058667165003067805,207.18249745589537
409,0.11499787825282344,8.267785049957947,0.024619960928104534,8.179103432558875,0.06406165647096747,426.3601063157236,423.39015710201716,2.969949213706302,0.02444798121904143,0.016462372288999595,0.19951072911808787,-1.267630701577865e-07,-1.311825801233256e-07,4.4195099655390495e-09,-1.6306914136127305e-05,-1.6327306651767647e-05,2.0392515441106476e-08,0.9411364371844622,141.4740670420931,6.310702221506377e-07,5.979286030895242e-07,0.04933041041041197,112.68841784592398,0.005926359877763562,325.37450140638157
410,0.11487381734903526,8.346472579131161,0.026540129479251568,8.252711770643836,0.06722067900807255,454.899231089245,451.6679265485009,3.2313045407443166,0.021394708790687573,0.01731304751907792,0.1955908453986399,-1.0321603934138683e-07,-1.0692961099241255e-07,3.7135716510256723e-09,-1.375582432602291e-05,-1.3777494854893001e-05,2.1670528662243192e-08,0.9249012237857689,51.68294653921937,6.607699805062515e-07,6.526323240378583e-07,0.05038027991274467,111.96238156066048,0.006021595713571022,176.8713907128722
411,0.12098731386745008,8.550994106103323,0.02734322938621063,8.455783397073473,0.06786747964363889,386.5479242387833,382.71056431787383,3.8373599209097407,0.021055677004568906,0.017200170287573046,0.2085770340391564,-8.491014391767277e-08,-9.250278965859698e-08,7.59264574092425e-09,-1.1683294402931304e-05,-1.1704507231017786e-05,2.1212827873770704e-08,0.5376861072956275,41.71514125312263,7.247763192209475e-07,6.534119649205824e-07,0.05080635351091249,116.2591501926411,0.006026101274746667,719.7954997015345
412,0.11235768715087617,8.130274678864376,0.025506127819364448,8.026817331692442,0.07795121935257036,430.9165867327447,428.09557448567824,2.8210122470662986,0.025575065539463485,0.01714408402177773,0.1945242714026636,7.80577617057888e-08,7.416922672883485e-08,3.888534976953927e-09,7.911479974983985e-06,7.890330924071441e-06,2.1149050705143632e-08,1.2208893625448405,131.67686156197425,5.273536902972957e-07,6.313933322963236e-07,0.05044220663390217,107.4074911075681,0.005938760385304183,-409.3996720456116
413,0.11250075053873759,8.133101105592504,0.02430992819574855,8.033635303950792,0.07515587344596095,462.33483307952383,459.19745517206826,3.1373779074557753,0.022995286841574376,0.015407728265146485,0.1935327082831669,9.756432925189361e-08,9.245816129383399e-08,5.1061679580596245e-09,9.804419039804635e-06,9.78315004670994e-06,2.12689929485809e-08,0.5646611036649002,348.5696440116748,7.909843653962072e-07,8.697317274308646e-07,0.04453711820739801,107.25426393848974,0.006011812489644159,222.87712322875905
414,0.11231353043716487,8.355723717721407,0.026839875825685464,8.253646263729662,0.07523757816606072,361.0810604073612,358.2728747253016,2.8081856820594706,0.01813608141896713,0.015907180842794844,0.18779769589368814,2.229957921065759e-07,2.1834594144396405e-07,4.649850662611856e-09,2.4988291826831867e-05,2.4967429917552784e-05,2.086190910289869e-08,1.1616351139286807,10.573293854672846,6.245193226065037e-07,6.547811300733643e-07,0.04598168706961889,116.78892867467295,0.00581379443714256,237.77095666077003
415,0.12228631449760606,8.80318538190216,0.025923476539710222,8.697667563010668,0.07959434235178166,330.53332029348326,327.4791388652562,3.054181428226467,0.021252581366081075,0.017555121398646584,0.19373282084888982,5.481533338022432e-08,5.1055432927736183e-08,3.759900452488151e-09,3.9810323375685645e-06,3.957691740220461e-06,2.3340597075224573e-08,1.4902521076792823,51.37694753773765,6.588360109144416e-07,6.655547442934217e-07,0.05305413327607835,116.85707176526572,0.006012993189629269,-522.712631129526
416,0.12112632125019372,8.98804476966541,0.02642169932549914,8.893948233277062,0.06767483706285189,439.10715074649045,435.39170045649126,3.7154502899989272,0.02047482943778176,0.016813541749493538,0.1961629208200684,-1.0535276322362576e-07,-1.0929339679376062e-07,3.940633570134874e-09,-1.3642992220681291e-05,-1.3664178111344702e-05,2.118589047333628e-08,0.6154197202323166,15.406645709877347,6.217733512476835e-07,7.193321974454125e-07,0.04890830156087675,120.56907232918773,0.00604641426653715,-412.4974345801429
417,0.11751452158592449,8.498079729512938,0.027869135608613572,8.39393693532135,0.07627365858297289,416.56876517121225,413.7025730596243,2.866192111587626,0.024336703550265317,0.01591787769068938,0.18689871757985063,-1.867315671593637e-07,-1.903100236005621e-07,3.5784564411984403e-09,-2.2525837452831144e-05,-2.25474060939882e-05,2.1568640850732698e-08,0.9300053304013545,45.81481857493661,8.413307297947751e-07,6.052632787176777e-07,0.04659855858988822,114.59418702401938,0.006027230451304735,337.61257920583284
418,0.10930579085273262,7.84736249911775,0.02359747568856823,7.747831530273534,0.07593349315564694,385.32174989212615,379.82992679539944,5.491823096726899,0.01789962723537078,0.016064560501912396,0.18762586053535077,4.039492423969589e-09,-3.4177244891420326e-09,7.457216913111622e-09,-1.3743533237951726e-06,-1.3969651248689724e-06,2.261180091756208e-08,1.4048518960379286,54.1472099216337,6.687367156283143e-07,6.346901597966277e-07,0.04693271876462121,106.03763643965486,0.005895969232858535,-206.06025225850317
419,0.11654825536316642,8.679440163185541,0.028103635922616364,8.57964987736972,0.07168664989320359,413.0269020737525,410.1452391806896,2.8816628930630923,0.024589134294478055,0.015651315372136522,0.18492771415319312,3.8474753949054703e-07,3.797725325886945e-07,4.975006901852647e-09,4.3493063067933016e-05,4.347228679764465e-05,2.077627015685961e-08,1.7528556500006545,68.50909455436097,6.905672217063742e-07,5.834927281157034e-07,0.04716368060333532,115.61614247664959,0.005823388927231534,211.07773197583265
420,0.11941486431794546,8.68006410973294,0.02708998345229116,8.568966113385308,0.08400801289534317,426.5827050458424,423.6665665116355,2.9161385342070516,0.027599728709443095,0.017107472824454406,0.1912987216868814,5.023568242927618e-07,4.970574160051468e-07,5.299408287614963e-09,5.831798958806677e-05,5.829671471387012e-05,2.1274874009943985e-08,0.4506518817460357,-71.53696223047716,6.519817861116105e-07,9.925359238926825e-07,0.05052080888565307,114.25727977421164,0.005944712736532802,591.3265319396382
421,0.12628595187424435,8.379617077810327,0.024874492103363927,8.275570375385357,0.0791722103216071,445.4497982706855,442.54453739360775,2.905260877077666,0.02400907796646286,0.019299153583505185,0.22210854497124335,3.758218846855351e-07,3.714231742259875e-07,4.398710459547661e-09,4.365303051233235e-05,4.3631062489496714e-05,2.196802267794449e-08,1.018967797378501,178.6756455736644,5.977143653768165e-07,6.046619950133705e-07,0.056170482447666446,115.26978229496942,0.006048517059336051,84.64626478817172
422,0.11629363300323946,8.730659640562903,0.024754567226796503,8.620190421872417,0.08571465146368851,407.73280052243655,405.0801416568535,2.652658865583303,0.02066916337565372,0.01609466025661973,0.18549999630861733,2.573181335716046e-07,2.5281013647823836e-07,4.507997093366367e-09,2.8338911063882287e-05,2.831736966824948e-05,2.154139542856562e-08,0.4466553001764004,106.67975013592505,5.799654500511661e-07,6.331857912112562e-07,0.04849995605297935,117.2437784158511,0.005824319941705613,9.335177336794004
423,0.11885684023672839,8.420914943109892,0.02608499999432568,8.31161663824578,0.08321330486978591,535.0322213480168,532.3202820836776,2.711939264340084,0.02117369365799752,0.018186326494786124,0.21191434665378778,4.653574964065708e-07,4.617211040906332e-07,3.6363923159376375e-09,5.547269315786802e-05,5.545075703315203e-05,2.1936124548186e-08,1.0961235082448377,64.12577353557424,6.206018963682644e-07,7.164703798747614e-07,0.053063089951675656,112.65850817574733,0.005937350003455547,437.49432529972864
424,0.11535775858596989,8.231877159685588,0.025520419047361152,8.130094682238898,0.07626205839933073,336.61902960471673,333.3800996209177,3.2389299837996273,0.016421741291969383,0.019002795125120264,0.21579111676564142,-2.194306559358456e-07,-2.2314758423997482e-07,3.7169283041291696e-09,-2.6092237954573916e-05,-2.6113758972555982e-05,2.1521017809024213e-08,1.251345983137663,137.26380850384132,6.604488808453017e-07,5.922117415583084e-07,0.056206602299058855,114.55498163179547,0.005808349609262847,321.0500562159609
425,0.11953220305003301,8.625828998064257,0.026104135845640152,8.533569037006018,0.06615582521259604,330.2381702734722,327.70874281587476,2.529427457597314,0.017903210990458062,0.02011075645487034,0.22866839983948117,-2.0320555682483505e-07,-2.128465562046333e-07,9.640999379798228e-09,-2.5966240364450557e-05,-2.5987807379993188e-05,2.15670153693042e-08,1.1804670647430033,311.16985997294597,6.727189398730366e-07,7.913391269928176e-07,0.05921909970056263,109.59019225712217,0.006017897404073838,6.750460507048047
426,0.11876769064395999,8.327692514493547,0.024880844460654,8.248238259913537,0.05457341011935571,386.468160269249,383.0549355624626,3.4132247067870223,0.013170610453579694,0.018251027251322625,0.21276932612217025,2.3872630244084476e-07,2.3350623171651808e-07,5.22007072432672e-09,2.7316449175270733e-05,2.729360395439988e-05,2.284522068235123e-08,1.8778680140243795,-223.0882341007731,6.937394340625158e-07,7.559196653249485e-07,0.054555144298284126,108.2105302630271,0.005948759146620045,-584.0999391847408
427,0.11915440014148918,8.42828102991291,0.02481311215292988,8.339928340354225,0.06353957740575346,379.8619557512483,377.4675265523601,2.394429198887955,0.019550495642949566,0.017150458184683682,0.1958602823013167,2.8671082942175766e-07,2.8031561205829464e-07,6.395217363462897e-09,3.218823170639557e-05,3.2167258044066494e-05,2.097366213931614e-08,1.9019012006582856,165.77907956729658,6.273868405663067e-07,5.765774000124526e-07,0.05012866303640416,107.33353926302053,0.005754522604967776,-135.09485279913497
428,0.12229244985167834,8.671363724569018,0.02567794402307012,8.579081733336105,0.06660404720984046,426.0216428456506,422.75536871485406,3.266274130797078,0.018354574530957107,0.016571581895257502,0.19972788999748936,-2.454029524524411e-10,-4.154506846048782e-09,3.9091038935963404e-09,4.176250463590039e-07,3.9537279532929057e-07,2.2252250870757122e-08,0.7188562953110689,-66.65558977268545,5.410428381146868e-07,7.02236499258395e-07,0.0484880232796188,112.87819148970861,0.00603071445147206,418.6730901075457
429,0.12396206844343323,8.87109215189323,0.02573377089417449,8.765492632809888,0.0798657481891671,324.0642393830849,320.42244905919284,3.641790323891951,0.017396341602504355,0.01899192014367569,0.21844324455468267,-3.5076357899685e-07,-3.5527951939753426e-07,4.515940400684377e-09,-4.359342297361024e-05,-4.361519093899031e-05,2.176796523447816e-08,0.9345875339682895,109.28566776024124,7.267876064069749e-07,5.702711366098339e-07,0.056544692961543595,118.90098060783738,0.005928434034949931,438.84406184219597
430,0.11674260927655582,8.619158813404244,0.026186183471945353,8.529948252369373,0.063024377562927,452.1580601812997,449.1911838529658,2.9668763283342754,0.02260504835772153,0.016325687510928062,0.18860616791242918,1.7877424501107482e-07,1.747832810915539e-07,3.9909639195208545e-09,1.8560176549545445e-05,1.8538273706365093e-05,2.1902842996029573e-08,2.130260023958641,294.0504819087107,6.245650890322157e-07,7.418273484613594e-07,0.04839622414182656,116.9879555124667,0.006023482791533834,-520.1257398496191
431,0.1118134553688945,8.155508082896887,0.02602547773961106,8.0581265623326,0.07135604282467568,430.0218284001883,427.2174470863948,2.804381313793687,0.015161596982398577,0.01690759309426947,0.18872739094328495,1.2594037650943697e-07,1.2138169838244558e-07,4.5586781269914274e-09,1.2773609823287648e-05,1.2751891818383863e-05,2.1718004744760754e-08,1.3345660171782736,31.561008831720105,5.436427354641052e-07,8.145637228280269e-07,0.05073038532355825,107.69792563502664,0.005876373298057704,-140.39364791067692
432,0.12465811594893503,8.6135042959748,0.030826585608817327,8.50151894258606,0.08115876777992348,341.0427227106395,337.58563067926656,3.4570920313734868,0.016019346476862803,0.01806882795558592,0.20397327938801382,-7.789860228514761e-08,-8.217110684578058e-08,4.272504560632975e-09,-1.0948799170129634e-05,-1.097005743874898e-05,2.125826842821225e-08,0.8808496461457316,45.09335903848052,6.934149346756955e-07,6.285269339377221e-07,0.05278202751306435,113.98820498779592,0.0059693453704531795,-362.34527858587535
433,0.11345360819096909,8.15094588597179,0.023700978599311258,8.063749931947676,0.06349497542480415,429.1570383019373,426.3595438950473,2.797494406889589,0.01472414307277671,0.01447546822703811,0.17160677023394028,5.9177658037669996e-08,5.544392398300801e-08,3.73373405466197e-09,6.14689630436329e-06,6.125430256838828e-06,2.146604733793202e-08,0.6547073015662318,41.89735865853954,6.740272292441028e-07,6.620500937040969e-07,0.04468838425150921,110.74307664243774,0.005842227214972885,-274.12424938094864
434,0.11696651221045379,8.579417454584322,0.025056584889623187,8.468548447712907,0.0858124219817907,404.54892466269206,401.64702522746813,2.901899435223404,0.020109319085897134,0.014719585749525066,0.1742450160391312,-1.5001390767053194e-07,-1.5502732915798165e-07,5.013421487449739e-09,-1.8117497218823294e-05,-1.8137983342930736e-05,2.0486123938803794e-08,0.6277416831129101,10.311111223954669,7.195070056725478e-07,6.677336498568623e-07,0.04584036196862375,115.57018998815246,0.005922757842530779,304.29441449308933
435,0.11233038917126885,7.785606715871952,0.023399779417457574,7.695112764289325,0.06709417216516862,341.8269841049093,339.53441747721905,2.2925666276904404,0.018355974415282916,0.01527305986651269,0.1773299970098233,-1.2094076940735573e-07,-1.2533162172736085e-07,4.3908523200050954e-09,-1.578269759166548e-05,-1.5804282409977334e-05,2.1584818191508736e-08,0.6293818278302001,32.29305952396737,5.158908958668258e-07,6.592745920716537e-07,0.04701109088770355,102.43158661476673,0.005773893518454204,512.1470654205841
436,0.11605026620232495,8.2750535992493,0.02322038725843141,8.18748639138034,0.06434682061053126,522.3819529885665,519.7477691861882,2.6341838023783066,0.016136769503671506,0.015302134510962927,0.1777398386216319,3.4577153023741465e-07,3.4038747842414185e-07,5.384051813272728e-09,3.931187452033189e-05,3.92907519746881e-05,2.112254543806419e-08,0.6839716167245851,-119.9740896854963,8.061692472204065e-07,7.868522946600265e-07,0.04589656246123282,111.12972835479323,0.005861098931749506,340.7001392580346
437,0.12252914400253374,8.598972828287772,0.02593019188273627,8.508507116643575,0.06453551976146421,341.6435450826881,337.3270978315265,4.316447251163029,0.017891295556605187,0.01839961065096131,0.218605087738642,1.023830470971316e-08,3.6888627848976057e-09,6.549441924815553e-09,1.2348651220773863e-06,1.213644396793522e-06,2.1220725157617043e-08,0.7001544511706277,36.81095218874122,6.639567158307628e-07,6.725800351725465e-07,0.05466533234340284,118.00471299452462,0.005937564477460853,474.6010017657486
438,0.12007258399863077,8.974280474414911,0.025204065419296318,8.867133938090603,0.08194247090501074,410.30713521223106,405.68438651925334,4.622748692977469,0.01513553365393741,0.01745846206723644,0.197351854710797,-2.2552451008358743e-07,-2.2981144028200408e-07,4.286930198416633e-09,-2.917073531386536e-05,-2.9192045278022445e-05,2.1309963910301645e-08,0.5989851437032006,22.648470615654702,6.328059513572126e-07,8.809605789669214e-07,0.05142045458779198,117.44941280977626,0.005936167138110826,-288.0252605111873
439,0.1167791291602251,8.111341242734476,0.02411624747709258,8.013057802855245,0.07416719240213983,344.42977428150687,341.5768431355587,2.852931145949007,0.023813135287948938,0.018371247065416985,0.210980945592788,5.386674822152723e-07,5.3295011220999e-07,5.717370005282296e-09,6.222567100000001e-05,6.220369130428114e-05,2.1979695499657246e-08,0.7336255595571859,209.22370811655102,7.136567742237174e-07,6.416724055916136e-07,0.05506714447502995,111.79807824656133,0.005879089457466503,-108.67644952483988
440,0.1229773391794937,8.239017465682055,0.02476476582613611,8.141906046591739,0.0723466532641796,423.8204531062401,420.71556938785386,3.1048837183869216,0.01498072893975795,0.019113245235083818,0.22023012149267523,8.449224187141721e-08,8.106032242428968e-08,3.431919447127576e-09,7.5751933526733975e-06,7.55384453546346e-06,2.1348816934290664e-08,0.8982050815887301,-31.62610291364902,6.463836526449359e-07,6.69225520029996e-07,0.05543986779627686,111.86080080376107,0.00585970706585573,-609.3230695698448
441,0.11727852318131336,8.966747067822896,0.02883211283337812,8.874365843511788,0.06354911147773012,391.460839732225,388.7300430077794,2.7307967244460176,0.02010070421767047,0.017896109695750333,0.20286279426392675,-3.4355437174964444e-07,-3.4935082001376105e-07,5.796448264116594e-09,-4.196011930286076e-05,-4.198102579092574e-05,2.0906487875765716e-08,1.586041143398071,-17.818625195392073,5.426746623251863e-07,6.52738020137464e-07,0.05160376720968184,116.69783229808523,0.006076163322802,-410.9238255014279
442,0.11229119827315512,8.489082297884494,0.026573224724510316,8.404031328120196,0.05847774503978353,560.6438355480033,557.6841407454295,2.9596948025739005,0.017577700063463552,0.017786722994203797,0.19773640635024384,2.1920620934372232e-07,2.154111641005175e-07,3.7950452432048186e-09,2.5012398390951942e-05,2.4990942824550636e-05,2.145556621781587e-08,0.6359244595122102,-107.39147542288802,5.529380575423407e-07,6.070056377940688e-07,0.05116234979322133,116.46545454695327,0.006053484604661315,166.5732977925718
443,0.11045166281844362,8.47348360684185,0.024874119434210903,8.36499706568358,0.08361242172406026,399.3760065933199,394.97542963819467,4.400576955125006,0.019994710308170034,0.015293383991161041,0.17653208321177946,-2.7076228060778985e-07,-2.7440115009615604e-07,3.638869488366023e-09,-3.424961257122854e-05,-3.427002268784772e-05,2.0410116469927417e-08,0.8155521387686755,48.258841121290615,6.516715145048393e-07,7.872499745963803e-07,0.04554377496630274,113.62622698994628,0.005847971754243611,20.475787890268293
444,0.1104011726649736,8.144978551207117,0.02490659051786988,8.060597974911921,0.05947398577732548,442.6430634127763,439.2908820933808,3.3521813193955974,0.02333448272526102,0.014940198279591662,0.16382476629736398,4.74604438659398e-08,4.28856105848533e-08,4.574833281086484e-09,5.713514504426777e-06,5.693407020093957e-06,2.010748413423715e-08,1.5419683316934452,33.89427651551009,5.636742802201164e-07,5.51470193418818e-07,0.044353152163009626,112.00921713428366,0.005820221473392879,-426.0462359990561
445,0.12377205411565739,8.4335265328826,0.024581681778895744,8.337223728068265,0.07172112303544026,397.76903802258016,395.1995687317581,2.5694692908224193,0.02058405112745835,0.020616994436378173,0.2335255690046479,1.2758081311892506e-07,1.2344285315421145e-07,4.13795996471362e-09,1.5347924101599127e-05,1.5326265186429197e-05,2.165891501414924e-08,0.5730159000845841,67.49664307173906,7.318569604908194e-07,6.738298727673012e-07,0.061567822617357826,109.30268463205427,0.005878137550964349,141.12585277735798
446,0.1131098658063092,7.789504316206232,0.02227275617063943,7.706827378282201,0.060404181753393085,475.35108151088264,471.9571660380831,3.3939154727998866,0.02315436759828887,0.01613038686032368,0.18107065334340916,2.9549004377928244e-07,2.919904642006605e-07,3.499579578621933e-09,3.262279686961e-05,3.2601716534438264e-05,2.10803350425996e-08,2.0457990480475843,2.4119960083144565,5.178123028140842e-07,5.923621000112515e-07,0.04723781059167959,105.37469248693705,0.005760401918544216,575.7262854848877
447,0.11622838220171507,8.344820484867443,0.026390222670105674,8.257733097192316,0.06069716500501989,465.49477594264545,462.5231546147839,2.9716213278614365,0.022087066250031987,0.016685096751891948,0.19070703660935642,-5.103981190375798e-09,-1.0237502145371932e-08,5.13352095499613e-09,-2.279081614508346e-06,-2.30115866218982e-06,2.2077047472729404e-08,0.5437976376724579,111.24982931738343,7.692492637193905e-07,7.078565019654203e-07,0.05093185076120115,110.7480244377639,0.006087735860108445,-321.3444719414488
448,0.12988347977032233,8.52156116567992,0.0254859291751495,8.423574311282525,0.07250092522224506,346.7621993626681,343.6914535997195,3.070745762948051,0.019332048665206058,0.02047409812677239,0.249291455726587,-8.502669210727284e-08,-8.868642547797626e-08,3.6597333707034196e-09,-1.0796590455708136e-05,-1.0818254470443019e-05,2.1664014588756213e-08,0.5637494612175865,98.0930367583894,7.519069111251144e-07,6.029168036478268e-07,0.05907729573037463,114.59893868782346,0.0059037193671495295,115.53671788582324
449,0.12487786945132962,8.546260021861807,0.02435900946692351,8.441077168828595,0.08082384356628679,358.2114074038485,355.3014782646727,2.9099291391765107,0.018171981443886473,0.020563678201156465,0.2361012506038679,-1.577367339962675e-07,-1.6322164667047898e-07,5.484912674211506e-09,-2.1058520369676904e-05,-2.10789672211266e-05,2.044685127999834e-08,0.9451356619420022,222.5306521555845,7.391868145540715e-07,5.573075571553061e-07,0.058033424256627685,118.8506341822347,0.005912691546581974,66.57031058867688
450,0.11189319438918145,8.115644719155897,0.023817306156723013,8.031829366594446,0.059998046404728694,482.20747114187964,479.83084983926307,2.3766213026169374,0.019347301254017856,0.01633670441876891,0.1840919504950307,6.21284953897303e-08,5.880947775258262e-08,3.3190176371475957e-09,6.478535073584074e-06,6.456386138701284e-06,2.2148934700386637e-08,1.2997444591439762,46.469684825974475,7.198745658554906e-07,5.82450292465304e-07,0.048757086834553695,107.10894677480485,0.0059630924616710075,-139.26571710147164
451,0.11420064566305167,8.432079914985174,0.02451840029213159,8.339572752219567,0.06798876247347531,409.90141180297525,406.8549743110187,3.0464374919571062,0.022485020853383178,0.015818373279059588,0.1955384620972353,-5.0254837449167225e-08,-5.507981261156608e-08,4.824975162398834e-09,-7.179479804929982e-06,-7.202575507585154e-06,2.309570245142123e-08,0.5448076370151903,-16.748658380074474,8.136262438721908e-07,6.061211099418987e-07,0.04745957519802334,109.5319193179093,0.0059664659314468,-286.62054206573976
452,0.12073523558010221,8.53639537121681,0.028761069634495286,8.425863719142741,0.0817705824395731,446.2075886456073,443.34965609825565,2.857932547352327,0.014611790575330868,0.01875909389166321,0.2187414856903666,-7.259441838263178e-08,-7.673251008626812e-08,4.138091703636323e-09,-1.0444585305896178e-05,-1.0465483011559801e-05,2.089770542165142e-08,0.9019985057807707,111.69789366071919,7.007577595892961e-07,6.780470423708086e-07,0.054317551617294006,112.51099627687914,0.005938355550329691,-19.864033640604248
453,0.12237538965002145,8.289840084684046,0.025218785860997763,8.188181400877193,0.07643989794585422,397.5569858141638,394.2099854790786,3.3470003350856348,0.020045262547657327,0.017208059975929463,0.19484527232704854,-4.881132208235201e-07,-4.940018652147692e-07,5.8886443912490534e-09,-5.8985328896026325e-05,-5.900692386907728e-05,2.1594972899807107e-08,0.49623842994623246,140.71485169554433,6.030489313038125e-07,6.663192333565059e-07,0.05071969081328296,112.42897430911485,0.005962665628858108,349.4858838945015
454,0.11808698988460735,8.530073825894554,0.026679096280037,8.430110864159586,0.07328386545492938,445.03686932284415,440.2309333863298,4.805935936514346,0.013292023723859694,0.018158918095088704,0.21314237228647806,3.597519247837098e-07,3.532024240006645e-07,6.549500783045242e-09,4.076172097703329e-05,4.0741339327971675e-05,2.0381648900340764e-08,1.3748711829276086,39.35625938332743,6.877734958448949e-07,6.722721288368776e-07,0.05339931282121428,114.65802919298326,0.006056604631580511,253.03623555345894
455,0.1273543736382646,8.277831353260321,0.026451071099865296,8.181215307646672,0.07016497451378317,345.7492709897766,342.7354409383413,3.013830051436055,0.01491348035515542,0.018826242583554878,0.23226450854978004,3.96481169495779e-08,3.5977554332320754e-08,3.6705626172571533e-09,4.562870201229079e-06,4.540740776427592e-06,2.2129424606592006e-08,0.569391196792421,45.58200546091525,7.032637641326083e-07,6.559081819340838e-07,0.053339471827199496,114.06345015115133,0.0058596706120594465,58.650510170486086
456,0.12272033479111022,8.87747676056341,0.028322877879570937,8.760051213077004,0.08910266960683313,368.41159135040255,365.65653124973284,2.755060100669901,0.013047574848155523,0.019334806623284684,0.2162740548035439,-4.148292243712703e-08,-4.675231408038972e-08,5.269391643262691e-09,-7.603007153187674e-06,-7.6249191733167976e-06,2.191202001519063e-08,3.190841984230736,45.17554227739749,6.228154178201815e-07,9.83192066701637e-07,0.05653275114282787,115.45137621593173,0.006037398949788022,-21.389037966934666
457,0.11440382291614057,8.202953162123443,0.02457904211075496,8.086665098480381,0.09170902153230698,419.13262114565083,416.7202213814991,2.4123997641516004,0.02140671581016392,0.017538760886583342,0.20346242431853234,1.517010987536624e-07,1.475654844321858e-07,4.135614321476562e-09,1.6478076306527978e-05,1.6456673058490126e-05,2.140324777610688e-08,2.0043351272265815,129.5953896215535,6.982611767379738e-07,6.739301730516484e-07,0.05095675006748695,117.97702445111088,0.006052382603342014,185.15523939716422
458,0.11589015178945429,8.773949368402622,0.02939922043285539,8.660678744989438,0.08387140298033144,406.14005903984463,402.8493452060797,3.2907138337651154,0.01726748085131066,0.017449379464637996,0.20091456387948042,2.0980348187867568e-07,2.0516807573249478e-07,4.6354061461808925e-09,2.386147913511931e-05,2.3838837222077037e-05,2.264191280605197e-08,0.7487074025515068,75.97795160747624,7.745751760097481e-07,6.260533296297108e-07,0.05307395474562741,117.61646719710889,0.005958965973819302,-1330.5326568059481
459,0.1204324291688811,8.373384437123075,0.026697504951645513,8.275441741188637,0.07124519098279371,369.42623207655544,366.3516827546453,3.0745493219097573,0.019903346845328334,0.01735835658594574,0.20456262565292002,-2.449429510126251e-07,-2.4859763533555156e-07,3.654684322926325e-09,-2.93823357367011e-05,-2.9403774196514453e-05,2.1438459625721668e-08,0.7772430219234372,76.58511480312632,6.357238203821756e-07,6.16002959722516e-07,0.05175788672754007,110.2250485984083,0.006030338086627967,501.7383319364408
460,0.11583606661631904,8.215885615663108,0.02561696965830456,8.121358277717054,0.06891036828775132,403.7885050675975,400.36128418945646,3.427220878140986,0.01264725134257665,0.016013193254064074,0.17963010480355507,4.0091285032956514e-07,3.949181600602165e-07,5.9946902693484566e-09,4.5449079766264914e-05,4.542805338184103e-05,2.1026384280889687e-08,0.8761406527193888,13.202873660789997,6.9752571874214e-07,6.778231045570236e-07,0.04710972276994166,110.23768724991194,0.005815019113701524,-378.17701497094595
461,0.11554692522950816,8.32495990803811,0.024241782585376966,8.22667469515461,0.07404343029812069,412.741097260296,409.080963184101,3.660134076195067,0.015392299981110823,0.01897935414917052,0.21934072194244356,1.5363262922774555e-07,1.4816524887038035e-07,5.467380357365173e-09,1.709701133184965e-05,1.707592919406391e-05,2.1082137517777864e-08,0.5757292656993837,62.45840645734942,7.1732235356942e-07,5.51788787812115e-07,0.0557089766988241,110.5781828026846,0.005906117846475039,103.73165992655822
462,0.1303529069568348,8.708552338962711,0.025651499944900583,8.620039151441617,0.06286168757619388,418.9833826504207,415.87620186548685,3.107180784933265,0.015886910549746957,0.021556279521332666,0.24752535675769502,2.437705250717494e-07,2.396089003900094e-07,4.16162468174005e-09,2.8288555550817258e-05,2.826474192070374e-05,2.381362988076504e-08,0.6335649384424598,0.9690340983081741,6.204758190924529e-07,6.351354842210332e-07,0.06182868487108729,117.2922641637779,0.005999008876694021,720.5255940999573
463,0.1219357482828157,8.24760599209469,0.027729955533590898,8.159285707182345,0.06059032937875349,617.9196646486652,614.8730143229146,3.046650325749383,0.02455518243417815,0.016638480162827693,0.1932371641884193,-4.937138420219683e-07,-4.971550190740698e-07,3.4411770521012586e-09,-6.0106862035884295e-05,-6.01287643076816e-05,2.1902271626316613e-08,0.5042957136884324,131.79891969984013,6.316309027041251e-07,6.026119020968444e-07,0.051097422259595716,107.06031347845699,0.0061059834354059645,-13.770893564922517
464,0.11680334218813186,8.586992992540976,0.026524597784422767,8.499085326189714,0.06138306856683881,562.917704325046,560.337474693078,2.5802296319687064,0.01840456069695946,0.01732985928175575,0.19719472594826495,-3.1008412753866284e-07,-3.135303663667502e-07,3.4462388280873453e-09,-3.7273626739282685e-05,-3.7296571249711925e-05,2.2944510297708576e-08,0.5676343664045097,339.2207289707949,6.327518004892625e-07,8.868270964940515e-07,0.051147368643531345,116.12429795462478,0.0061033022962621196,-132.27099400256884
465,0.1135024144867297,8.627807562809119,0.02634437664006726,8.514123417166603,0.08733976900244796,485.35166081195723,482.62385854998894,2.7278022619677675,0.01771633142088813,0.016293248733451515,0.1875891521451521,-1.8968724836647838e-07,-1.9339941111217724e-07,3.7121627456988384e-09,-2.2760277539414067e-05,-2.278251074820344e-05,2.22332086696409e-08,0.6856219450974441,330.1617380582385,6.865762726317417e-07,6.239302259635826e-07,0.04787391931077217,113.13952529304987,0.006045043026384018,-20.48906095112943
466,0.12232942325791783,8.356268425496237,0.025574778756141805,8.262133444332632,0.06856020240746273,397.46873887535463,394.7899283064091,2.6788105689457202,0.017897365952985127,0.0198394202803822,0.22733803581865272,-2.5722106004359165e-07,-2.631006383471711e-07,5.879578303579374e-09,-3.121858143743613e-05,-3.1240753477631185e-05,2.2172040049406827e-08,0.6646479028318698,48.810651011868885,8.43249028442086e-07,7.292083431483946e-07,0.05724715764239176,117.00113478860284,0.006046460988520707,372.035042459534
467,0.11703402382011077,8.45922061065065,0.025114057027241364,8.360158855538103,0.07394769808530528,376.90997373266833,374.00702536674055,2.902948365928074,0.023093226970987292,0.01713586862803265,0.19933208377159278,-1.2534925780541944e-07,-1.3051430520740917e-07,5.165047401989765e-09,-1.6420396725097596e-05,-1.6441016040975982e-05,2.0619315675860584e-08,0.8731365275144072,-21.097069203112806,5.139656328862414e-07,6.743964603940078e-07,0.050460002142039266,115.40392833963662,0.0059198660977033595,108.53783888403723
468,0.1171394149610823,8.48417068568721,0.02673642991635208,8.378172359376316,0.07926189639454184,384.4361101141899,381.4717894791375,2.9643206350523124,0.018428842097525655,0.015868519057695717,0.17987452819336797,-3.5573444022166355e-08,-3.903166999015822e-08,3.4582259679918565e-09,-5.29640837282452e-06,-5.319586487005894e-06,2.3178113988092716e-08,1.0594739318645714,95.84846151154034,8.827830470244454e-07,8.947885002789688e-07,0.04714742524872722,112.61914740320658,0.006048893071390996,144.20300113703888
469,0.11592068352831211,8.083997394005646,0.02662779258209645,7.987860140861893,0.06950946056165545,420.7671903058406,417.3493134104463,3.417876895394844,0.014586241168448021,0.018850959922229796,0.2089120251292723,-1.0878164393270954e-07,-1.1307604099813052e-07,4.294397065420978e-09,-1.4168708520980271e-05,-1.4190228695979842e-05,2.1520174775402107e-08,0.598197280110251,94.56522664880238,6.416291265062781e-07,5.684440105567212e-07,0.055515820471486496,107.20014128321833,0.00574962791155463,-103.10753637998232
470,0.11679158885348753,8.411630168834467,0.024123217577024195,8.316695345255942,0.07081160600149874,422.8093486710102,419.73502306871677,3.0743256022934675,0.014289733354345541,0.018335188087997556,0.20233255101271014,-7.876036598149588e-08,-8.404125231079623e-08,5.280886329300338e-09,-1.078867931379967e-05,-1.0810691365451117e-05,2.2012051458704984e-08,0.5657534491056797,52.83772308053703,6.714233348663405e-07,6.63715965767312e-07,0.05506121720784866,112.81473003377275,0.005905044038951441,620.0371068929007
471,0.11208531384585332,8.258639644307712,0.026903325116476612,8.16018200745081,0.07155431174042316,399.9230880537211,397.0989489317988,2.8241391219222938,0.019063533214306035,0.015458316393876377,0.17047925647451231,-2.534624958912047e-07,-2.569975852497253e-07,3.535089358520693e-09,-3.2641349808308264e-05,-3.266216280399046e-05,2.0812995561336295e-08,0.5614286045549328,26.380624900281664,5.660999893298421e-07,5.921016551283386e-07,0.04679425089625148,116.12559239326679,0.005875891006582269,-359.47905294723023
472,0.11712118361744556,8.336313619069763,0.025271316887114953,8.22618940356498,0.08485289861766744,343.7865972794868,340.41070506888946,3.375892210597349,0.015741403540157857,0.017007350687619712,0.1862584173174406,-1.0944182301143749e-07,-1.1361386993147687e-07,4.172046920039352e-09,-1.3510628874707091e-05,-1.3532890354353441e-05,2.226147943593967e-08,1.302880682242725,0.32254922170285355,1.036919709252407e-06,6.044929858998742e-07,0.0549447850292627,116.01866360876895,0.005938615224437766,-554.32858748738
473,0.1251135428124224,8.147177075612452,0.02506369097547154,8.043437639986426,0.0786757446505534,448.90732463987325,446.6377204133214,2.2696042265518734,0.017169271033426622,0.02054871222180034,0.23127385190743763,4.6274979557373076e-07,4.5887069326154096e-07,3.87910231218977e-09,5.4090557765821714e-05,5.406875793839281e-05,2.1799827221283292e-08,1.0058421500053023,152.90506770827935,7.780148586979437e-07,6.028292399766976e-07,0.05868786706427143,111.95197269654517,0.0057138200520076435,423.0146103361117
474,0.11761402292305166,7.809806467077279,0.027124534216213223,7.716675598793632,0.06600633406743407,460.8403102298712,458.0251738640829,2.8151363657879993,0.018734038585027975,0.01914354304411586,0.21887072592908877,-2.101729506045946e-08,-2.46011169396193e-08,3.583821879159851e-09,-4.099788886410092e-06,-4.122143834998058e-06,2.2354948416562678e-08,0.899812205426316,4.052616460755571,5.160523600706483e-07,6.219267170964245e-07,0.0549774253150114,105.9896216409164,0.00601778796469646,-261.20676230938716
475,0.11399165583104623,8.438118026986972,0.02549006483034608,8.327155905057412,0.08547205709922327,489.5449224615688,486.90723207827523,2.637690383293883,0.01713902834487554,0.017120653108751428,0.2001592092559716,1.6393068811061164e-07,1.5801525392654961e-07,5.91543418406211e-09,1.9374265893833208e-05,1.9352236478998805e-05,2.2029414606644386e-08,0.773842926303465,50.933058538920214,1.0016345013469087e-06,6.730376364571849e-07,0.04984692043075886,114.58093146589539,0.006064097518382399,37.89154554795823
476,0.11828441215178047,8.31399302867779,0.025521899978479107,8.21023179422905,0.07823933447025987,469.26051520739924,465.7946442271426,3.465870980257025,0.025131995884543484,0.01890346270898616,0.22466958892541206,-2.8982584180123493e-07,-2.9457602650631703e-07,4.750184705082193e-09,-3.573944756947048e-05,-3.5762350438381324e-05,2.2902868715215428e-08,0.47690359634416646,-112.56558441371811,6.304809747013942e-07,6.184632472422987e-07,0.05394206688441608,114.54345658598388,0.005947111532580378,112.33814342976757
477,0.11744848905230397,8.11459960270161,0.027606389141670608,7.997233393655085,0.08975981990485431,434.43467346503496,431.6818561755461,2.752817289489702,0.02097689215229068,0.018550037118562693,0.2056713028421366,-1.0061987382217994e-07,-1.0720623085547199e-07,6.5863570332920384e-09,-1.3616429984904512e-05,-1.3638016937954791e-05,2.1586952926458847e-08,1.1906023141994968,240.68653294924903,5.728474634504199e-07,6.626075879929513e-07,0.05441183955559756,108.15267929920492,0.0059739380817553315,-36.729878336268484
478,0.11447116604109624,8.20547457156608,0.027263152858192197,8.106757723660385,0.0714536950475025,398.02034181495446,394.8848880608747,3.1354537540807703,0.01947441995932208,0.016022969080277366,0.18771302826671024,-3.377223330916832e-07,-3.416223163531328e-07,3.899983261449694e-09,-4.133947248720491e-05,-4.1361279556371514e-05,2.1807069026294097e-08,1.1863225289473,-17.543419855413244,7.094125509400907e-07,6.466351056808711e-07,0.04804026367664833,108.4464391609038,0.006074677641444159,216.87473171992906
479,0.11439315237323013,8.492212013707077,0.026642006492888125,8.396154965382381,0.06941504183180992,297.6516883792646,293.3960273609004,4.2556610183641705,0.027319957886575656,0.015586381829699477,0.18343836686942017,-3.233274447714871e-07,-3.2749122474803795e-07,4.16377997655082e-09,-3.961365505727436e-05,-3.963603012878463e-05,2.2375071364149585e-08,0.6541229080000516,76.30884185189423,6.798913142260749e-07,7.825748748040867e-07,0.045161156258076436,116.02053141498472,0.005948133116454623,-106.50290068879394
480,0.12076005607635593,8.743770783420452,0.030039810796304866,8.641272804416184,0.0724581682079657,361.4346781890759,358.2886334114331,3.146044777643166,0.017278144360621975,0.016391926660416944,0.197193566196087,3.1281629080726825e-07,3.087489856458648e-07,4.067305161403423e-09,3.581818248920137e-05,3.579628843677837e-05,2.1894052210237522e-08,0.691599387930763,32.16527482979979,6.651354707102415e-07,7.118993188946437e-07,0.04852096592421432,117.13781748088604,0.005817663694995726,226.9371435545063
481,0.11893014881063488,8.486760076687878,0.0264544937428539,8.375434003152325,0.08487157979269723,403.39936160408524,400.4139575649662,2.9854040391186047,0.018838659577358183,0.01979330654156746,0.22145872689814314,-5.440478493823879e-07,-5.489733283163596e-07,4.925478933971708e-09,-6.60075924055048e-05,-6.602855697525102e-05,2.09645695692681e-08,0.5645241240036177,42.237430968856785,6.348713199396453e-07,7.360823522835554e-07,0.05653294084061326,116.64992404616194,0.0058105857903094325,162.01067420731397
482,0.11268215940808589,8.430785504358065,0.025116403750311926,8.325674317428254,0.07999478317949944,317.87162888843665,313.22157671509376,4.650052173342389,0.017275465200962677,0.015563597628270557,0.18210500039806324,1.6521795642968887e-07,1.6001011403594088e-07,5.207842393747985e-09,1.8621354789574466e-05,1.8600406525692264e-05,2.09482636823722e-08,2.479573470096046,27.23873853065777,5.153792766034451e-07,7.444158471580609e-07,0.045949685242776185,116.08679615182206,0.005955568925029838,133.33701603742384
483,0.11563103409435435,8.512089851140884,0.026206588628730564,8.421576283305063,0.06430697920709105,324.80234273918495,321.9417332534867,2.8606094856984736,0.015163253119200786,0.015731688963621034,0.18074602926343744,3.767858828099882e-08,3.368607630512822e-08,3.992511975870606e-09,3.199145629253696e-06,3.1765715036528204e-06,2.2574125421121883e-08,0.9975725459085188,134.35742452319855,6.648621432659005e-07,6.221222822094574e-07,0.04918377024450241,115.8280091571242,0.005925279784123124,232.37689225866734
484,0.1108464234542251,8.09172608245198,0.025997316692127275,7.974625944512995,0.0911028212468587,512.109371763928,509.6345752484291,2.474796515498783,0.017692020949744203,0.015361452767427836,0.1756334996396501,3.662278938559691e-07,3.6087803390658307e-07,5.3498599493860334e-09,4.196031326683931e-05,4.1938890543089044e-05,2.1422723605754782e-08,2.7231849397084105,80.93892322882672,6.557843431013902e-07,8.96358237984301e-07,0.04563246591026722,112.02952467065974,0.005943393966635629,251.38160803795017
485,0.11232235534864819,8.29709389815688,0.026417999147488044,8.190829155838085,0.07984674317130475,655.3437310542287,653.0240262720382,2.3197047821905956,0.02238028171623348,0.01547089942443639,0.17525132150332562,1.626803134409619e-07,1.5569641903763564e-07,6.983894403326227e-09,1.8183458186841656e-05,1.816089210104355e-05,2.2566085633220258e-08,0.4639408321856647,49.26042498582476,5.494249123042846e-07,6.566750278719395e-07,0.04721610246439446,114.90942999301103,0.005870234951590598,-72.0077848069559
486,0.11824355816738644,8.372666706016487,0.02394412152820469,8.25886796190185,0.08985462258643359,416.0628023747821,412.776546910464,3.286255464317965,0.02483732247526431,0.017022620989208634,0.2041577299808037,7.274476356969401e-08,6.948819706174891e-08,3.2565665079450807e-09,8.34937342752406e-06,8.325705619244935e-06,2.366780813530226e-08,2.8292373914506515,42.02508561889666,6.736148984321727e-07,7.276916874438474e-07,0.05160039476939789,109.20290372825775,0.006115185507919684,226.06554468599006
487,0.11295269244214344,8.33783847159219,0.02663688555517906,8.241660086248556,0.06954149978845357,305.37477484382185,300.8335048177915,4.5412700260303485,0.016085577276547438,0.016673909285193637,0.18927994054671676,-2.5606724442102545e-07,-2.6107658866430207e-07,5.0093442432765644e-09,-3.159906556111357e-05,-3.162023937384308e-05,2.1173812574155934e-08,1.5975270010524718,1.0372488236590027,7.664698461412399e-07,6.537661517415632e-07,0.0487907699436304,108.65150455957844,0.005918093707824937,-529.7660336400213
488,0.10984948661789407,7.85418659096418,0.025138582498816644,7.756858379319255,0.07218962914610758,487.1048829557442,483.901462562295,3.2034203934489094,0.019309975589342887,0.014410805001789042,0.17172712834166365,-7.347373055067012e-07,-7.382475869280752e-07,3.5102814213741895e-09,-8.834667940237785e-05,-8.836842431714779e-05,2.1744914605851032e-08,0.7304973874602032,24.23497707344621,6.452020797169202e-07,5.774174724592344e-07,0.044417324716358904,111.77804766084041,0.00587672612187971,551.7970392349689
489,0.11507887698871655,8.622782425498919,0.026545700737236017,8.51280921949113,0.08342750527055232,357.91733080736844,354.90106818687815,3.016262620490961,0.01770597425570687,0.01712699396632582,0.1892042260990467,-1.8674874208919613e-07,-1.8991358253046773e-07,3.1648404412715887e-09,-2.261762167563537e-05,-2.263969414470593e-05,2.20724688932672e-08,0.5178983550021528,272.2265877045764,5.703678510569801e-07,6.212775424423805e-07,0.0513953644333059,114.35423521378723,0.0059509410973832295,432.45125497791787
490,0.1136146262213984,8.139420418217698,0.026258309163478957,8.034864806553248,0.07829730250097071,446.7797365809479,444.6216095155234,2.1581270654244507,0.015720947708569945,0.016092670560121244,0.1889653591461246,-2.2882598163741902e-07,-2.3315855369190235e-07,4.3325720544833205e-09,-2.923537174575469e-05,-2.9255899192830635e-05,2.052744690028564e-08,0.6135791694736711,107.01455964122025,1.2058484802566123e-06,5.702584075890642e-07,0.047754429286559236,111.18842943072815,0.005880240721269137,201.22600112968576
491,0.11677870047706675,8.592413319770989,0.026577459350520603,8.485278450230135,0.08055741019033487,390.22874199218757,386.9990676406575,3.229674351530314,0.01651540187183873,0.017007961405840228,0.19633094444488391,-2.351916139134478e-07,-2.3861977569701725e-07,3.428161783569401e-09,-2.7577669855429795e-05,-2.7600242011482652e-05,2.2572155889019757e-08,1.8328230354598454,161.2126884919298,6.671282239829091e-07,7.905579405657397e-07,0.05111506754911067,111.77234599231878,0.005922990171100992,71.98845851133865
492,0.12086154243542456,8.428347614965551,0.023965803681505804,8.32344316971721,0.08093864156683461,416.18009108012006,413.5455550848282,2.6345359952917122,0.01600231200821514,0.018121724192496153,0.21489955191883717,-3.0937451608691177e-07,-3.1504928938625504e-07,5.674773299343274e-09,-3.745827766555807e-05,-3.748046946744262e-05,2.2191801721677984e-08,2.164415915709635,96.66603840728821,5.637557776968253e-07,6.325446860197515e-07,0.05381050250331631,112.68754888455612,0.005989211849198234,514.3043280942202
493,0.11464248123394435,8.204731458566368,0.02762204102248837,8.10798782790943,0.06912158963445046,356.55643317401143,353.76795563732276,2.788477536688472,0.017781264398561272,0.01872885144659209,0.20748567601212986,1.0695001849792097e-07,1.0354745133487419e-07,3.4025671630467717e-09,1.2219603778741894e-05,1.2197633436283734e-05,2.197034220193772e-08,0.6255333057621599,-36.78528572155765,6.117188240120266e-07,5.382893260984254e-07,0.05576956297190843,111.85542951435846,0.00595910712349911,332.5023276617353
494,0.11175039532600538,8.298702316716263,0.024710071292156348,8.208834129705744,0.06515811571836116,418.77277913101665,415.52199424885237,3.250784882164532,0.017521756321202536,0.014585385498370665,0.16732458537297348,-2.2006704109248e-07,-2.2545914597589377e-07,5.3921048834137374e-09,-2.6435010697579074e-05,-2.645585473012581e-05,2.0844032370719125e-08,0.8217378664934991,74.80528908116534,7.126164835315389e-07,6.288471883301922e-07,0.043856868104659365,111.1566431999792,0.005972896321672244,-230.48017871783668
495,0.11465577924337256,8.381901135419957,0.0255201865942475,8.28079412095052,0.07558682787519175,459.53061927737355,456.368229016038,3.1623902613353145,0.01686713156132469,0.016914852873596925,0.19089349227858776,-3.698833712805581e-07,-3.748968960479862e-07,5.013524767428285e-09,-4.4326304210550124e-05,-4.4347596046957756e-05,2.12918362275822e-08,0.4591444813726369,112.90492101673763,6.095352369898233e-07,6.296739474794913e-07,0.04930977273493696,111.78518078443584,0.006016254553117195,405.75422045710593
496,0.12086963221084397,8.396427672741531,0.02640641685531217,8.289148028409011,0.08087322747720863,357.1132811662768,354.23238018218734,2.880900984089654,0.019202643136763137,0.017860466422385063,0.20731301167470906,-3.0250633089965217e-07,-3.0794179950553764e-07,5.435468605885616e-09,-3.6682599210321836e-05,-3.670393469812327e-05,2.13354875531368e-08,0.7750223286364234,20.56351944766922,7.315708038898999e-07,7.08194509098354e-07,0.05185825390858885,118.78855820379994,0.005884851019499815,-37.57621309684873
497,0.11617551929804362,8.357169244321712,0.0232234792905836,8.250689572117121,0.08325619291400671,378.02084401842916,375.6506763592273,2.3701676592015506,0.020143256297234468,0.018170874563681324,0.20492822241673275,1.0774499271871575e-07,1.026825237977993e-07,5.062468920916481e-09,1.0912804878903654e-05,1.0890880946208011e-05,2.1923932586403252e-08,0.7141883996567228,15.98394069638918,5.917555236992622e-07,5.908958960701827e-07,0.05312662558049805,107.7715325473283,0.006055146884051989,196.66032048753232
498,0.11846003698604025,8.957241416677313,0.02927939407271945,8.833052663388957,0.09490935921563831,422.4209257999883,419.070686875326,3.35023892466337,0.02146559038987915,0.01768559123139539,0.19687886016293032,-6.041221361259849e-08,-6.774488540197106e-08,7.332671789372539e-09,-9.080416716314073e-06,-9.102758093448414e-06,2.2341376891368523e-08,0.676659086826536,256.8156150270655,4.500941757688769e-07,7.092598411268568e-07,0.05251930904621672,120.20242105619647,0.006030144487824169,-338.5165745523391
499,0.1188269222692689,8.340464715288434,0.027750906768531817,8.235101578001155,0.07761223051874662,483.28969292281613,480.58791270671355,2.701780216103095,0.015035747813603494,0.01785798778434417,0.20594952620909548,6.422265098008145e-08,6.053070584137799e-08,3.6919451387034938e-09,6.5366391235303374e-06,6.51489855402237e-06,2.1740569339884488e-08,1.5399198108752485,28.306891599164175,7.346226917444375e-07,7.124354530488721e-07,0.052352152929212734,113.0216754666182,0.006058507132403542,244.22203543722662
500,0.11311320286266235,8.444773950528074,0.027548462071482226,8.34455826238237,0.0726672260742205,411.1778345641629,407.9987515816991,3.1790829824640436,0.016789841985960754,0.016391810761281888,0.18299228255981967,-9.120424388524342e-08,-9.444983663735051e-08,3.2455927521070774e-09,-1.288333339803773e-05,-1.2904667764093014e-05,2.133436588428493e-08,0.6444291365379793,122.64219153918874,5.208066233742469e-07,6.489553721874968e-07,0.047882736413388645,111.12762037760422,0.005938800127804792,-20.159088334343323
501,0.11682551017899681,7.9970696043761595,0.023361596956633077,7.898093358419217,0.07561464900030902,300.23121321009876,297.6487643120811,2.5824488980173825,0.019300844605383567,0.01922915249217032,0.21468568421781764,-1.199554523976969e-07,-1.252124583633722e-07,5.257005965675288e-09,-1.527513901220821e-05,-1.5297422866130732e-05,2.228385370805605e-08,0.7117734522824238,-33.48708305550701,5.220929368701191e-07,1.2544176989697875e-06,0.05645171625617622,108.54047091706619,0.0058987705489123585,595.0985179835952
502,0.11135914859214828,8.058553954993164,0.024928924917111954,7.950934892267669,0.08269013780838116,451.49764665511435,448.6829670188469,2.8146796362679773,0.022281686719310814,0.014905533905520482,0.1780418917777987,-1.393072918753142e-07,-1.4469037457356197e-07,5.383082698247777e-09,-1.7427389347351686e-05,-1.7449152794729836e-05,2.1763447139383207e-08,0.5253874043930851,73.13118912954519,5.572531866164995e-07,5.763693534660051e-07,0.04343653438556186,111.47766431382024,0.005811030944962794,348.72595856454836
503,0.11510702196063088,8.122611071224306,0.026050854498350182,8.02523709597788,0.07132312074807441,446.8339710399285,444.3845504113195,2.449420628608853,0.021627786447094944,0.01676699597970242,0.19624310941065687,-3.507174131759155e-08,-3.890466751804214e-08,3.832926200450607e-09,-4.882481121748739e-06,-4.90366726096489e-06,2.1186139043848186e-08,0.8028766627510133,-86.93973038153138,5.208754176044277e-07,1.0136092331851975e-06,0.05108437261315598,104.38085240250368,0.005765207503797917,337.9088067106468
504,0.11714999327082597,8.355204379940266,0.027704865748246387,8.267664271341882,0.059835242850138186,338.9075713187175,335.7539791603518,3.1535921583657167,0.019946007080882025,0.017233624463182547,0.19431375700555856,1.4957275647065952e-07,1.4491390968700993e-07,4.658846783649666e-09,1.7514254564586318e-05,1.7493335439346777e-05,2.0919125131333356e-08,0.8066861792566242,163.41799117109204,5.83926011501799e-07,7.119853817525003e-07,0.05090258375747537,115.70982212770762,0.006053666506568966,82.72417010221398
505,0.11290432565555834,8.267518751135572,0.024811400856231316,8.156617833527173,0.0860895167521679,368.30041485407503,364.73414581855906,3.5662690355165148,0.022366465685943925,0.016620730331186773,0.19091122730276233,-1.6935543280765807e-07,-1.7301566549868072e-07,3.6602326910227055e-09,-2.197725514348864e-05,-2.1999181221047284e-05,2.192607746472648e-08,1.022945203336499,-62.29105886624884,7.585434539654757e-07,6.694995350090745e-07,0.050942268565503004,108.16506385021056,0.0058548730762198195,-413.6084632221191
506,0.1184623767659507,8.693716500024872,0.025142556323293482,8.587300269237158,0.08127367446441915,362.76847186774694,359.76865820775595,2.99981365999084,0.017113515939338762,0.0168376457550093,0.19558410060302517,1.52076737043034e-07,1.4548635945295753e-07,6.590377590076523e-09,1.598533831168396e-05,1.5963149557137856e-05,2.218875435460104e-08,1.3221437300742547,1.3140004525274027,7.149705099369093e-07,6.160771588701203e-07,0.05077357933499353,118.6613699055283,0.006033311419013549,226.8089813623219
507,0.12013825792323253,8.491207747190634,0.025694160096097415,8.396627275581618,0.0688863115129159,346.6709490044411,343.6950245122688,2.975924492171735,0.01571809722162995,0.019098459506606585,0.21596209482118897,-9.607861683822376e-08,-1.0107879183271653e-07,5.000174994492733e-09,-1.3650700509448357e-05,-1.3676478490383628e-05,2.5777980749774445e-08,0.5277416182166751,102.1176254827167,5.766566808766218e-07,7.187398023654345e-07,0.05496599519541505,113.55043094367895,0.005934270693266835,222.97079244599718
508,0.11893909874320635,8.478503819201721,0.027144784776680444,8.370928287882084,0.08043074654296202,362.44154733558753,359.0482024290753,3.3933449065127523,0.01753908005642411,0.0179092487643627,0.20597887287516273,1.6231245641627462e-07,1.5538126508030348e-07,6.931191335971084e-09,1.7433642525895523e-05,1.741145996935532e-05,2.2182556370963365e-08,0.5515761268002394,42.845387674368574,7.792847568328513e-07,6.738379204114917e-07,0.05481469156000248,114.81614675604746,0.005799929443899109,61.69226880538827
509,0.12547354749248874,8.385563652879785,0.02489320826472464,8.287382784140204,0.07328766047485707,417.553783916176,414.55269271367854,3.001091202498007,0.021794454119820977,0.019572298233321052,0.22473704293030747,6.462223577473461e-08,6.076237854179886e-08,3.859857232935793e-09,6.133691897849042e-06,6.110818455119662e-06,2.2873442531340768e-08,2.006707780400896,78.8786110732213,5.641979115609445e-07,5.601798045936664e-07,0.056787697623143146,110.76141853150445,0.005969876748689801,43.074169726513446
510,0.1097652528730317,8.338311381273694,0.026925127028292375,8.2283620243028,0.0830242299425992,345.83474528907345,342.3660213873915,3.4687239016824485,0.019533346588547877,0.01551569119083877,0.1756750393204499,-1.4337036662891324e-08,-1.991241723014728e-08,5.575380567255958e-09,-3.3143681600796174e-06,-3.3359919230012023e-06,2.1623762736542217e-08,1.1182206916033373,28.484624626556954,6.464824643986683e-07,6.667413394759198e-07,0.04627752632992026,112.54585304016067,0.005906865966815376,-127.60669929566393
511,0.11649179641174211,8.4919616943028,0.030000140307875033,8.382614110545793,0.07934744344913158,451.72953248462284,448.1403129677018,3.589219516921046,0.018809778670063067,0.0179029912709824,0.20488059084349455,-1.3837007709725254e-07,-1.4280449985487827e-07,4.43442275762575e-09,-1.8944598204632727e-05,-1.896600553869513e-05,2.140733388102811e-08,0.6121653817588015,23.82274052068278,7.470647268462322e-07,5.881827797323089e-07,0.052580789033139716,113.82275175502645,0.005975227219855777,-334.0274598753949
512,0.11019522289551698,8.30017143832876,0.02446338241582611,8.203924204784027,0.0717838511289081,360.8540795097488,358.2009395102388,2.6531399995096665,0.016332915787021708,0.016894362622198563,0.19127539346335165,-1.9298709460143056e-07,-1.9918348162771437e-07,6.1963870262837945e-09,-2.3946213267483078e-05,-2.396607381071723e-05,1.9860543062470134e-08,0.8013526528251586,132.1420189706749,5.55635982679881e-07,6.231226154761893e-07,0.04925679597184965,108.9929843526538,0.005785155964337795,63.337756577450364
513,0.11668864211069509,8.178230777547594,0.027071849789139103,8.065360910538567,0.08579801721988804,374.42501635142514,371.3075230202339,3.117493331191063,0.013691829742137913,0.016894584103494363,0.1882591184331974,-2.917212492727352e-07,-2.9541675190668456e-07,3.6955026339493137e-09,-3.483762089896173e-05,-3.485867650922015e-05,2.1055610111858948e-08,0.8088760921951541,49.574645173889074,4.3879496605891404e-07,6.011281805686641e-07,0.05141599552719937,108.1722153828488,0.005997048474672234,-355.22514899408316
514,0.12498992177219038,8.346225286343484,0.029791013920992544,8.227173068766282,0.08926120365621122,414.65134189926295,412.14678084825334,2.5045610510101004,0.023268252516138364,0.017879504809378017,0.21409890578563176,-3.033473451149465e-07,-3.07086755707754e-07,3.73941059280754e-09,-3.773948447304387e-05,-3.776101723327188e-05,2.153276004429157e-08,1.9770071705014576,-145.76959847461023,1.2054220562662005e-06,6.570370801236928e-07,0.0523563887447067,120.94242210178223,0.005905951363977789,-230.25677023621665
515,0.11736322058099276,8.644985372936985,0.024723851022950966,8.550884550221383,0.0693769716926495,538.2822621243226,535.6706047174365,2.6116574068859695,0.01937600679336876,0.016128340644601034,0.19222878893638132,4.813160292214003e-07,4.779077035102611e-07,3.4083257111393595e-09,5.593709167036053e-05,5.5914636135069195e-05,2.245553502342422e-08,6.719797581566496,149.65177895181986,4.897354174847775e-07,7.486624448751782e-07,0.04833292502802138,119.43283489559477,0.005999071762956314,-390.94652459316694
516,0.11317654335854001,8.785178878001718,0.026530029017752133,8.687473257924314,0.07117559105965116,341.99788042685475,338.65659764776,3.341282779094632,0.0206450358539031,0.015011449835991269,0.17300255820770716,4.682453117783005e-08,4.0883645980361115e-08,5.940885197468935e-09,4.060326974243713e-06,4.0386835369671816e-06,2.1643437061093447e-08,0.8777002729933445,1.7202917020726924,6.2231554703373e-07,7.019507388094585e-07,0.04885531409864702,115.31785555766928,0.005970596264794997,220.21267091167329
517,0.11452618461130976,8.315845526610273,0.025044999065557336,8.230914248742238,0.05988627880247903,349.1346318394507,345.5630008658499,3.5716309736009313,0.01743763060035965,0.01589636939911579,0.18269462574411757,-2.3111976538221375e-08,-2.745363741296291e-08,4.341660874741536e-09,-4.391283484884458e-06,-4.414815903161844e-06,2.353241809705883e-08,0.5183978349554741,45.08811804004034,7.754365643279651e-07,8.294757427499907e-07,0.0479502656223178,104.26617498529319,0.005780754657057836,250.18029893929224
518,0.11474647506737294,8.138361749872233,0.028640256904269593,8.041614218223899,0.06810727474406644,404.1391786773013,401.32322679013225,2.8159518871685436,0.028173915629474692,0.01593513962728736,0.18906240757355494,-1.501676367425219e-08,-2.0401793210629747e-08,5.385029536377585e-09,-4.58781975260321e-06,-4.608882622156517e-06,2.1062869419735037e-08,0.9587318096674811,46.83993621482681,6.417378081682861e-07,6.203965965397421e-07,0.0490060554850433,107.62284071068157,0.005992563280287723,-308.6592662499861
519,0.1143597819751064,8.330647505319188,0.028816233353529556,8.21844250316526,0.08338876880039633,293.26674713596924,290.79619821996516,2.4705489160042644,0.019139832476102982,0.016480966805617916,0.18493214919224188,-3.4726956449658563e-07,-3.525587900514346e-07,5.289225554849078e-09,-4.309681873282369e-05,-4.3119015553665504e-05,2.2196820701381022e-08,1.0145495755996756,9.320332873857941,5.982197918121446e-07,6.634883060972731e-07,0.04898247968441486,119.20680524914133,0.0060194734825009255,-406.67473576716657
520,0.10660776963820344,8.189662884626939,0.02864831406905957,8.095837004722608,0.06517756583527082,452.7333255717452,450.0742184411583,2.659107130586965,0.01767384910722156,0.014832768961845525,0.16807265321079415,-3.9782553783352194e-07,-4.016062293105665e-07,3.780691477044639e-09,-4.803497328979516e-05,-4.805538526861829e-05,2.0411978583886734e-08,1.527486156170649,83.8070076496878,8.136711122242753e-07,6.4401027591721e-07,0.04349895560320949,105.5832562124619,0.00599089387608769,323.65289510319735
521,0.11504106436835845,8.525488173098648,0.028398717259560363,8.407083680222486,0.09000577561660138,507.2526756834916,504.4439988336198,2.808676849872218,0.017577734244750114,0.0171928159726595,0.19453795165500834,2.133854547143553e-08,1.646713902095664e-08,4.871406450478887e-09,9.359681777154356e-07,9.149991629179359e-07,2.096901454554448e-08,1.4618834995365537,17.085080992067724,6.682096841049688e-07,7.564812405826586e-07,0.05057887158836978,111.91918507145648,0.005813441317622058,434.16436482305426
522,0.11681685065948016,8.442126906890753,0.02475144959955811,8.354759274513135,0.06261618277806116,418.7559132679052,415.7776297436118,2.978283524293878,0.016028624042824402,0.018140139727062195,0.20177790260635403,3.9492355352818467e-07,3.8988081102124186e-07,5.042742506942833e-09,4.5933007357756394e-05,4.591037767501887e-05,2.2629682523365663e-08,0.6779835320282572,31.533206427609258,7.0057164885802e-07,5.78696406263484e-07,0.05453098400739098,112.35297152946546,0.005994749268749522,321.87916175644295
523,0.11150812886806447,8.208213532332188,0.02469521883553024,8.119984027561646,0.06353428593501109,436.90720002701346,433.16935681887975,3.737843208133102,0.022669456186524235,0.016955435467182003,0.18929990070571834,3.3512674902457647e-07,3.304714444551017e-07,4.655304569474821e-09,3.734754521675605e-05,3.732500912290265e-05,2.2536093643976552e-08,0.8115129269358738,244.56166879612076,5.421938066013217e-07,6.125860601949438e-07,0.050807650486467154,108.54773510875013,0.006058283728717723,-198.51858834149425
524,0.12076389844252507,8.730634567059518,0.02911375421185338,8.615838933844548,0.08568187900311548,381.30587282052386,378.0060484880525,3.2998243324719145,0.01697678397180455,0.01655853676647332,0.19320415333934107,-2.1058955321820276e-07,-2.1549108447546031e-07,4.901531257257578e-09,-2.8238951540488086e-05,-2.8262823189488907e-05,2.3871648863628213e-08,1.5692587117533607,51.171747320142494,6.570600376346527e-07,6.723623394062802e-07,0.04936265589291929,118.54387282572164,0.006057070054376187,365.69336099393604
525,0.120256170865388,8.660110845770841,0.02718220529642045,8.546810570534012,0.08611806994040888,364.80889828722826,361.7536066926206,3.05529159460784,0.017937644138293397,0.01744343216587315,0.19691458109780213,-4.8700830843783794e-08,-5.424195003517583e-08,5.54111919139204e-09,-6.13826282134586e-06,-6.161244900808459e-06,2.2982079318508283e-08,0.7713889655733428,40.03786335079987,1.1374778928405527e-06,7.759437692084927e-07,0.051171837114687986,116.5546053940395,0.006012533321287988,511.10726720671573
526,0.11253540916011841,8.676589298964423,0.02743594638799029,8.57147669782724,0.07767665474919368,442.4144897578441,438.08445190664395,4.3300378512003235,0.014776415163777252,0.01575795878146641,0.1835176576658579,8.041804411894869e-08,7.676114031318221e-08,3.656903805766465e-09,9.139634594125604e-06,9.116943405831212e-06,2.269118811232057e-08,5.154726315976813,-66.31895286338887,6.103599707303885e-07,6.127024887634631e-07,0.04841888610099451,118.16531816346826,0.005998924984637017,-372.1463749859968
527,0.11640389805081407,7.785929618476206,0.02546183647851744,7.682642435559783,0.07782534643790431,476.9002123557277,474.14572365675565,2.7544886989723,0.018756646421294057,0.017872003967989502,0.20075418185758237,2.809817886124377e-07,2.766411276255048e-07,4.340660986933012e-09,3.0935608316799976e-05,3.091450506153288e-05,2.110325514908952e-08,2.0071376326440578,81.43590548410913,6.002171944363335e-07,6.942840933781327e-07,0.05148185556530936,108.83344851098468,0.005867304609115374,244.27026106507128
528,0.11877310208275439,8.797599671863043,0.02630714739137323,8.688225308162618,0.08306721630905133,409.9657437598656,407.158740309043,2.807003450822587,0.016525997158510903,0.017599511676994778,0.20135204481796773,2.8965629884539847e-07,2.8466499312561225e-07,4.9913057197862914e-09,2.8032475189661117e-05,2.8010650469609617e-05,2.182471987036029e-08,0.65327904517956,-7.564730231407025,8.001164363719631e-07,6.443257083190743e-07,0.0537469516794659,110.92550950157842,0.005931634549910345,-459.51632416547363
529,0.11300323216531226,8.370760389108103,0.025587079227940783,8.284230198499976,0.06094311138018402,276.8061324280105,273.73732710660533,3.0688053214050672,0.019069860468647618,0.016288043081938933,0.18531927905843218,1.2324565536463483e-07,1.1920219527491123e-07,4.043460089723575e-09,1.429281379351606e-05,1.4271371624716991e-05,2.1442168669631768e-08,0.7128443196334757,19.53226163958641,6.139868038221429e-07,7.844512200588076e-07,0.048228355500193595,113.01418404542227,0.005794341067272149,97.07087810292387
530,0.11669730965894994,8.65720694938074,0.02491653929633369,8.556178644266502,0.07611176581790335,466.0529864222269,462.44745943632586,3.6055269859009376,0.022275682804363307,0.015582669664927745,0.17704482121247203,-8.843064146862597e-08,-9.278838249864113e-08,4.3577410300151785e-09,-1.0847592584063021e-05,-1.0869216113519472e-05,2.1623529195621857e-08,0.7352816662377304,-3.656249943547521,7.004347158636138e-07,7.489610702890084e-07,0.04801291472924057,114.31591625622792,0.005844925296127519,-560.7214738591092
531,0.12541349164758686,9.063390033477155,0.02764237830203225,8.959538764354585,0.07620889082053851,367.84732830446205,365.0896911118525,2.757637192609564,0.01598090448405623,0.017726641379733062,0.21029890590803554,-2.3734942791927713e-07,-2.412797920111963e-07,3.9303640919192094e-09,-3.0377360027393732e-05,-3.03994888431398e-05,2.212881550182021e-08,0.6018736363637428,67.71987206937423,8.231820756668627e-07,6.524477366515988e-07,0.05234058171282782,112.87000516933944,0.005856082641207294,350.2386480450418
532,0.11908330429828347,8.569472545770335,0.025278765101179854,8.4645100600718,0.07968372059735486,502.13724201316603,497.8514075810837,4.285834432082307,0.016974505056714783,0.01569312980696065,0.1886119008048538,-1.2781113571068118e-07,-1.3202655573228658e-07,4.215420021605396e-09,-1.7168943464301603e-05,-1.7191436321905257e-05,2.2492857403418015e-08,0.6047715353123695,-116.5303180120058,5.087960803513716e-07,6.5564355512195e-07,0.049009631232416986,113.61715138554833,0.006106614689755513,-166.91581424618562
533,0.12160469860117276,9.04368530804715,0.026020421370781577,8.933463015328822,0.0842018713475465,426.5745485752574,423.7212025817155,2.8533459935422125,0.02289767342923719,0.01734310928961816,0.18843215345857703,-3.59734222142927e-09,-8.287176179541746e-09,4.689833958112481e-09,-1.7074414648714984e-06,-1.7296799805782268e-06,2.2238515472064858e-08,1.0614443882502442,122.35436891243107,5.34989702406725e-07,6.187498041858762e-07,0.051545697206176015,119.72186539547654,0.006051392599896447,475.92563684726156
534,0.12026308695597002,8.941334644841616,0.026910946165280426,8.82776355633001,0.08666014234632582,350.2833003422398,347.21767336192016,3.0656269803197156,0.02122362195306899,0.016909943832857596,0.19804161095021716,3.724250369655312e-07,3.675553942117142e-07,4.869642753816911e-09,4.213517221776224e-05,4.211278694750751e-05,2.2385270112293237e-08,0.9060528869630926,106.86291754263948,6.581171553187873e-07,6.025959198574369e-07,0.050800863272556146,119.20253293692613,0.0059547238514627565,-1073.5022064221712
535,0.11681363857583305,8.654679406134584,0.025344661728802256,8.548309092615172,0.08102565179060989,441.4475996902041,438.755416651731,2.6921830384732144,0.02265625630322831,0.01722228388536192,0.1938943116824062,-9.484100145503748e-08,-1.0085324096249869e-07,6.012239507461234e-09,-1.2237017631877061e-05,-1.2258195577331767e-05,2.117794526626375e-08,1.2487567269945612,172.7783979206138,6.94007355146172e-07,7.348658951523683e-07,0.05127940137493079,111.45827445046528,0.005946064711110437,55.75996487000066
536,0.12233446800528253,8.447893975659422,0.025930316445170635,8.353008800161765,0.06895485905248948,552.9388777086363,549.8997363179867,3.0391413906496645,0.0189781170676277,0.02027246792699513,0.2303135822231045,-5.206399551104336e-08,-5.8029870434934176e-08,5.965874923890833e-09,-7.880588950264231e-06,-7.901819242646374e-06,2.123029219706494e-08,1.295143696963064,21.295368191656948,9.249284522913711e-07,5.107690380177971e-07,0.05821813663882669,116.12605777269559,0.0060141185162921095,-161.15537719281474
537,0.11544278988058233,8.307953357685061,0.024071617442791612,8.223218565174449,0.06066317506782212,409.16330376751944,405.75391097776327,3.409392789756499,0.022014055764598594,0.017631441589146063,0.20533408039018564,-7.734430061463421e-08,-8.085905000817405e-08,3.514749393539837e-09,-1.0950340469106418e-05,-1.0971976788244011e-05,2.1636318945040074e-08,2.5891936811972305,33.203437185164724,6.613630848724332e-07,6.143054630136566e-07,0.05267425964289741,108.64969551726243,0.0057923621036410225,487.5404054210544
538,0.12942815538463537,9.017298920197328,0.025921353088674794,8.891430094807557,0.09994747230109817,334.61115047520013,331.2597567856946,3.35139368950605,0.018719693795588386,0.01991185278626012,0.2341517473792408,3.17987539084388e-07,3.1317008603807613e-07,4.8174530463118505e-09,3.7033110523449316e-05,3.701075493972102e-05,2.2355583491070817e-08,0.5481902230289489,118.04688301058418,6.83901727448881e-07,7.817855608060695e-07,0.057545345962106365,118.98681451169756,0.006061874761456494,67.83648897165767
539,0.11835830123607702,8.506069207767652,0.026326923071594198,8.402303564898919,0.07743871979713889,530.3597668952465,527.5003360454208,2.8594308498259537,0.02112882883373678,0.0168956316718463,0.19875822855331515,-1.3916479449910613e-07,-1.4379257175487426e-07,4.627777255768182e-09,-1.730764332492848e-05,-1.733021759973354e-05,2.2574274588620618e-08,3.842731799355338,-1.5739320088529576,5.166794624823779e-07,6.699963729569797e-07,0.051170968953940174,118.62410046469105,0.006070071911758056,155.28700789960385
540,0.12045137282390328,8.655972034047263,0.026684800857199296,8.553678809655459,0.0756084235346058,365.93456565453687,362.601150800467,3.3334148540703294,0.021273697070079464,0.017065837859584872,0.1990325371275667,1.69116475970927e-07,1.6260975101049682e-07,6.50672496043012e-09,1.512361674717734e-05,1.510258957828304e-05,2.102716874363583e-08,0.9212944366753293,51.71147783325192,7.197905659950784e-07,8.489858547356101e-07,0.05011094027346419,117.04837106077429,0.005966099343620965,670.2459477510051
541,0.11958524351545714,8.497410346723544,0.024379891281656005,8.380844950245056,0.0921855051968347,406.4573528110657,403.2359130755732,3.221439735492186,0.03147808462824172,0.016311446702805637,0.193143391848546,-1.7056529125425657e-07,-1.753364982965168e-07,4.771207042260189e-09,-2.1987271138984208e-05,-2.2009027182629586e-05,2.1756043417891196e-08,4.135019169896114,48.60686898811792,8.373762694079847e-07,7.302775824644742e-07,0.048692604659022795,111.37212136018489,0.006018391002694699,106.23564540751522
542,0.12403173506064886,8.749838550994673,0.030087733160936117,8.64609463947201,0.07365617836172589,403.48324135820707,399.5807539700742,3.9024873881333986,0.021443381407787034,0.01977335546898085,0.22996197388540596,2.929786426276222e-08,2.4726765890033867e-08,4.571098372728334e-09,1.5817000487005956e-06,1.559222430192398e-06,2.247761833100895e-08,0.513628298075084,63.19729911657973,5.565749517423621e-07,6.703409399563934e-07,0.05732180064769472,121.00755590114079,0.0060597405521089385,283.01755254183945
543,0.12255279435031907,8.83717239139136,0.026793488902288023,8.731064900590482,0.07931400189858824,387.11548931634724,383.2787522892502,3.8367370270975836,0.024644830341171178,0.018879261455602793,0.20638986139640703,1.5543493147546345e-07,1.5065000474643858e-07,4.784926729024835e-09,1.7573882883555384e-05,1.7552010667217595e-05,2.187221601849694e-08,0.5437726219210264,77.44689709523503,6.668981607057375e-07,6.996920051816799e-07,0.05597778838495368,117.12931175694611,0.006101854856944717,300.6385390036421
544,0.12400743756539279,8.815308688042352,0.027467294784046463,8.712225537879307,0.07561585537899682,386.16214853257287,383.0393698633705,3.122778669202973,0.025916650437062316,0.018768269771981313,0.21302686643815322,5.2350967119471796e-08,4.782729624901332e-08,4.5236708704584776e-09,4.7980160505931535e-06,4.776706159610429e-06,2.130989085279926e-08,1.3030941205202442,124.48328757983884,5.334293767551352e-07,6.809469858386608e-07,0.056085858748599005,129.16655222359884,0.005910816071531905,198.71269225105607
545,0.11858143058448739,8.376328464091028,0.025435164352479875,8.279032278485749,0.07186102125280093,392.91415561013224,390.3354442611186,2.5787113490131803,0.016747522717518802,0.017221484378529574,0.1928400270290985,2.1248901904457567e-07,2.0818155465377023e-07,4.307464390805404e-09,2.313433392888231e-05,2.311071468673521e-05,2.361924195205729e-08,1.4563500628580877,49.12270159859861,8.225354786208487e-07,6.147408406864619e-07,0.05026554429967341,114.75080288874871,0.00600760621242124,418.8352905025149
546,0.1140504486808624,8.089520169153026,0.027435295320440405,7.99179775192863,0.07028712190395542,389.63364979717727,386.6862275069889,2.9474222901888036,0.018268555092136384,0.017254560253394804,0.20075917397606377,3.503290822072731e-07,3.4598675658499994e-07,4.342325622273304e-09,4.0604551478305824e-05,4.058262729131405e-05,2.192418680322953e-08,2.5978661034397197,-44.93340119906909,7.430590084300644e-07,6.535298009279302e-07,0.05008275470635111,112.3471764224423,0.005803012090562478,371.0106308396362
547,0.1175447438663906,8.062093253777547,0.02307786606722196,7.9627639814409426,0.07625140626938283,371.572435550495,369.28001436121787,2.2924211892765656,0.019158363972065662,0.018237310556588015,0.21393638170738596,-2.567816805302149e-07,-2.6151028732804935e-07,4.728606797834432e-09,-3.227484953837279e-05,-3.2296293158811236e-05,2.1443620275424702e-08,0.4731712308688909,-149.0785429849382,5.009682800604481e-07,5.862597748369495e-07,0.0526389116418714,113.07725600436106,0.005710631294163478,749.2764502603677
548,0.11465748890719638,8.13900012675392,0.023030980997309373,8.037142372528448,0.0788267732281639,517.304108438199,514.5103987443933,2.793709693805971,0.016483981622705077,0.01453945222843174,0.1795910521695056,-3.988645694435484e-07,-4.035572619592711e-07,4.692692515722793e-09,-4.815411547850415e-05,-4.81760730704035e-05,2.195759171061285e-08,0.5004873088062555,37.51888611083673,7.437140365218225e-07,5.957121198279207e-07,0.0434686771445021,104.96418443871794,0.00586087778964791,374.1317882981625
549,0.11973210940872754,8.396656068711447,0.02499099478208709,8.286490341914426,0.08517473201493513,403.2209889301528,400.2142293798775,3.006759550275984,0.01953641048344747,0.015766595669200193,0.18893116788856873,-5.380250195206199e-08,-5.860316948461682e-08,4.800667532554803e-09,-7.905863246754203e-06,-7.92801390096573e-06,2.2150653951512952e-08,0.7144590563931142,148.67659872666633,6.365435226931691e-07,8.348734949500482e-07,0.04787375865171985,118.99447650153992,0.005830684265311619,385.8512070502643
550,0.11337634218631831,8.195781885626364,0.023201355697680948,8.092832094436826,0.07974843549185859,357.1723698210506,354.724322826813,2.4480469942375573,0.017592849002885567,0.017257264833588807,0.19445263829466303,-1.827414460428936e-07,-1.8805532902237366e-07,5.31388297948008e-09,-2.369395172132618e-05,-2.3716330022061912e-05,2.2378300602177464e-08,0.9809836909931462,-112.59720342577742,1.009346865283432e-06,7.121209535366504e-07,0.051016823389187234,111.87661238847065,0.005808836842332184,-275.83432237479064
551,0.11833342600881692,8.532157922326581,0.027501106953882987,8.431126741527168,0.07353007384553222,316.07414885648126,311.0734193736812,5.000729482799943,0.0198539599566492,0.018149376102692797,0.20665984252397177,-4.3543495369877497e-07,-4.3828859787414333e-07,2.853644175368368e-09,-5.2232709375401035e-05,-5.2253812980520295e-05,2.1103604913955238e-08,0.7660283200821307,72.06601401693196,5.926807147703931e-07,7.23836391719246e-07,0.05255123842818529,107.64941359898698,0.005898834093073636,318.3394935076399
552,0.11194312385718361,8.313127569818757,0.024800819767343472,8.218105196511827,0.07022155353958554,385.01862876384894,379.8297932190681,5.188835544780815,0.015723228080901794,0.015413873173572562,0.1924795056388123,4.920512374851462e-07,4.874255746877271e-07,4.62566279741911e-09,5.701820709379489e-05,5.6996513484631376e-05,2.1693608992779918e-08,0.5825250358485816,134.29159644299776,7.0019295385414e-07,5.831289881697978e-07,0.04669512244271298,109.402346486407,0.006050181866046686,-232.76407694173895
553,0.1139920855381126,8.179523632569948,0.0240054044982414,8.094526510809155,0.06099171726255212,411.302453637937,408.4914356356883,2.8110180022489013,0.019158475381044673,0.016320099541844376,0.18531819038943637,2.3216392854522713e-07,2.2586734248727602e-07,6.296586057951091e-09,2.611407644376767e-05,2.6093232479131963e-05,2.08439644238481e-08,1.3444026022093998,94.6316167444493,6.210225340177985e-07,5.748121085850362e-07,0.048805738331525905,107.38848887729168,0.006006628982983223,-73.4897889922322
554,0.11505428921918923,8.421077189508225,0.025359129001041193,8.299889746336122,0.09582831417106248,484.74426689270103,481.65195806478334,3.092308827918148,0.015647079387103403,0.016550596410134576,0.1915913929086124,1.2236902173410175e-07,1.1855288084427713e-07,3.816140889824622e-09,1.4020500540080929e-05,1.3999246266236003e-05,2.125427364235725e-08,1.5873843975672624,79.64267513414431,6.308768325838815e-07,9.069381692269134e-07,0.04928704645268042,108.39039930454096,0.0058789669564322045,-60.796492802893226
555,0.10745789431139635,8.209796710942229,0.024862785958664747,8.107053807389933,0.07788011759363093,413.658675795684,410.62663093931667,3.032044856367903,0.0232974223459665,0.015566247256138319,0.17118922087857502,-7.305670801881235e-08,-7.711133349031313e-08,4.054625471500746e-09,-9.357937874351783e-06,-9.378998423405828e-06,2.106054880683846e-08,0.46471204689402296,66.44449075312143,7.648005044672295e-07,6.906941241643011e-07,0.0462747368820987,110.15104246989856,0.005814304682537473,200.94965770362342
556,0.11622361166887499,8.245371176640178,0.02629995923862168,8.158924755148151,0.060146462253407654,384.70130232866495,382.01451395853053,2.686788370134159,0.016035192064120837,0.01702313116544324,0.19701169546778444,-2.581956891599507e-08,-2.9582401088642053e-08,3.762832172646973e-09,-5.204708420362657e-06,-5.2248887909621624e-06,2.0180370354425907e-08,0.7512948595494989,48.502527117770086,6.251299423337162e-07,5.788045748794196e-07,0.04943449258015082,116.06148918289227,0.0059860324024538945,-510.7433241426302
557,0.1251410900183176,8.836706412630244,0.02489749605338983,8.728014375287572,0.08379454128928342,370.1330753837755,366.66095174312386,3.4721236406517577,0.021934113343828686,0.017952781757283372,0.21263140650521886,-2.4552705307366477e-07,-2.50057827757737e-07,4.530774684072337e-09,-3.0976726464514056e-05,-3.0998839124841874e-05,2.211266018588203e-08,1.1482941170034455,182.2069715681409,7.468968431115857e-07,6.315137903629725e-07,0.05256644521709727,120.19140284555613,0.006008666511626601,610.2213153653015
558,0.11693136501311996,8.583664680430667,0.026719224061391256,8.475662701836859,0.0812827545324172,413.36140577416717,410.201118934518,3.1602868396494994,0.02743583635317625,0.01665088145954172,0.19446684511319348,4.0861239316378833e-07,4.030004809580024e-07,5.61191220578598e-09,4.4925501908831466e-05,4.4902852449747155e-05,2.2649458920426768e-08,0.39277814558454877,128.10978872627038,8.134231160711795e-07,7.98281124101947e-07,0.04953511569449268,115.86067948688493,0.006091983796061233,-276.9083603547442
559,0.11556744680805157,8.196982453607308,0.025989746627743275,8.109302497991385,0.06169020898818165,435.12686357458057,432.3071354115882,2.819728162992526,0.014399351781435666,0.01687599166318522,0.19677313316689576,-2.8224792297548593e-09,-9.742425613908702e-09,6.919946384153851e-09,-7.576461567852294e-07,-7.784362374739337e-07,2.079008052531084e-08,0.9787830617491269,191.20832348581993,7.307162481811224e-07,6.153922373559814e-07,0.05085861465628174,111.74829516704631,0.006070190297866945,267.5682050340256
560,0.1268352951658918,8.46349232159787,0.0268186393783309,8.364042596361093,0.07263108585844676,464.1233661190012,460.7895416430532,3.3338244759486892,0.017950891171438124,0.020561054551523468,0.23047188177566685,3.320313244561942e-07,3.2778763459830764e-07,4.243689857886595e-09,3.918995262922043e-05,3.916877654263023e-05,2.1176086439457854e-08,0.7403007667279178,-68.29516785341421,9.625051723082863e-07,6.4175439078772e-07,0.05923403361888394,114.90627376590908,0.0060120247810708126,323.46132786173666
561,0.11741848900253048,8.433607949940484,0.029225527726097444,8.326592481198102,0.07778994101628098,459.89978302117953,457.12566459079017,2.7741184303893114,0.020914013577681138,0.016142129006450266,0.1873226967430609,3.0228905983117333e-07,2.978298556817748e-07,4.4592041493984885e-09,3.355241285783413e-05,3.353068931300891e-05,2.1723544648477042e-08,0.4247057100565461,82.42038060897052,6.64464557951494e-07,6.350620744804554e-07,0.04847948283358911,108.74019918988037,0.006003080708261286,513.1835987851305
562,0.11402098987858958,8.192547105905051,0.02414049181951494,8.111405395255696,0.057001218829840106,403.6047101633393,400.99617309569754,2.6085370676418793,0.01584944052957264,0.0154577234086627,0.17547917456836362,-2.306561208199781e-07,-2.3519962771940304e-07,4.543506899424861e-09,-3.089144987551271e-05,-3.091365384293511e-05,2.2203967265925194e-08,0.7166428868574521,47.23906710458005,5.787275319040868e-07,5.527805314401372e-07,0.04529667948495451,110.38897612510289,0.0060414278795968964,-172.79921930945648
563,0.11494836212201498,8.567490362577143,0.02735461287126268,8.449101803420735,0.09103394628514495,359.26595418565284,354.89211188725375,4.37384229839934,0.020516377945591503,0.017435967759771784,0.20751519060691287,-1.344665171206241e-07,-1.3928284270822833e-07,4.816325587604225e-09,-1.6675567734464755e-05,-1.669621038390541e-05,2.0642649194308437e-08,0.553922714784808,118.65609625430939,6.151417854012634e-07,5.660249152013048e-07,0.052936234886541936,110.99007229394545,0.006022225306673892,7.207976109019455
564,0.11258972928044457,8.104858619640606,0.0260736376369558,8.010944013290615,0.06784096871303635,395.62328115136177,391.2824606904445,4.340820460917134,0.020678087750896194,0.014578110742479168,0.1736490365571239,5.51134027723416e-07,5.44730889364553e-07,6.403138358862869e-09,6.312955148671111e-05,6.31071824469031e-05,2.2369039645917477e-08,0.5915930855222404,96.64369358522806,6.663164540602877e-07,5.915165708462446e-07,0.04350639269326286,109.63926244795222,0.005683580975549455,403.43503097711346
565,0.11715280439782051,8.445595196651192,0.025652801900898966,8.322301177116907,0.09764121763339072,402.80095813123086,399.41539227795414,3.3855658532767032,0.01776224976556099,0.018194391075279245,0.21043383217622022,-2.7250361788305946e-07,-2.762033141039143e-07,3.699696220854748e-09,-3.3013030956096685e-05,-3.3034588832836476e-05,2.1557876551204732e-08,0.5599663292547831,127.20391158660054,6.986707526859933e-07,6.780795624253566e-07,0.0536312642750855,115.59119962627952,0.00594280026598134,-804.5843406886115
566,0.11557089979021051,8.917423416442128,0.02575505711661103,8.832497242056572,0.059171117268945174,365.4063599887157,362.212721292511,3.1936386962052996,0.014763658392446224,0.017679481114069064,0.1939734403281309,-7.261166891902045e-08,-8.220064111622016e-08,9.588972197199683e-09,-1.137034278096078e-05,-1.1392616681463946e-05,2.227390032479512e-08,0.43175461684254673,75.81584453237984,4.900932420345148e-07,7.909575025636567e-07,0.05248812512345596,115.61589040443152,0.005934020955297603,-362.0278594424308
567,0.11716116902080068,8.774294201940323,0.026549023895412215,8.670214404182953,0.0775307738619584,451.7350107125225,448.8364507856402,2.8985599268822013,0.01743670491521772,0.01591055580352257,0.18276008138592012,2.3149028123036083e-07,2.261318407344991e-07,5.3584404958616565e-09,2.8757300958621718e-05,2.8737370677158116e-05,1.9930281287519925e-08,1.2625537528120077,278.370510449225,6.365834490870325e-07,6.585347970281946e-07,0.04791465340854418,122.50826800967195,0.005823509875053057,155.64120669165732
568,0.1256736211648616,8.853583694296987,0.029176954820820358,8.748271548604196,0.07613519087197046,419.613382474085,417.00265966929675,2.6107228047881117,0.019007406268718767,0.019616047057485216,0.23505508134004915,5.100937576809815e-08,4.7139406111309526e-08,3.869969656788638e-09,4.598348285993982e-06,4.5761100826085034e-06,2.2238203154989826e-08,0.6175473985877138,5.004140913838535,7.407435346292142e-07,6.541658874958116e-07,0.057686291881771344,112.94698349469063,0.006057568754655769,56.82294180509689
569,0.12423038421894599,8.738820792073238,0.026271467486165153,8.632331627002742,0.08021769758433105,450.32308598802854,447.37141360883965,2.9516723791889183,0.02082041986492504,0.017746845146097756,0.21199492575746626,-3.0948852300288514e-07,-3.1335198908395e-07,3.863466081064994e-09,-3.923724719066167e-05,-3.925922355538971e-05,2.1976364553948805e-08,0.7153219623567479,89.62463677285695,6.091241733814318e-07,7.475818670934863e-07,0.052002171491725306,114.28913851389113,0.005976086195864851,375.21794111596955
570,0.11402411799994958,8.377379446755933,0.02521499216660554,8.267776110523318,0.08438834406600822,336.1441870956871,333.2475166760229,2.8966704196647046,0.020139350964625307,0.016125641757277133,0.1815694642829548,2.763973751676866e-07,2.7026984354015107e-07,6.127531627535545e-09,3.1104714392020576e-05,3.1083698850493236e-05,2.1015541390978123e-08,1.744180389924089,147.4817343305798,7.81903710335446e-07,6.56804922477165e-07,0.04830075922339068,111.89907664773804,0.005825758713504061,471.0309725445304
571,0.11695389761387097,8.189119629408445,0.02640206882155989,8.079467364139619,0.08325019644726522,450.4754663466173,447.67943120820456,2.7960351384127713,0.018324857584111943,0.01588542994881192,0.18774065019991382,1.5725594692285918e-07,1.5237480312151989e-07,4.881143801339309e-09,1.7570921579921028e-05,1.7548485980743375e-05,2.243559898705524e-08,1.2339476835769627,18.838754628387463,5.861232202430476e-07,6.793200737797254e-07,0.04669999207158633,105.44627972418836,0.005973961524835722,78.08967021219723
572,0.11444541417314345,7.871490982217922,0.024507155587666696,7.7846492298674255,0.06233459676282951,313.9539646056273,311.31930789763436,2.6346567079927428,0.013997359656002656,0.019176381391277014,0.21445291489056686,-2.3580664518069052e-07,-2.3985935465993546e-07,4.052709479244916e-09,-2.8671747488946767e-05,-2.8692480427686317e-05,2.0732938579666373e-08,0.755418097190754,25.160272244902913,5.492759492529606e-07,6.055452186355366e-07,0.05678734171291532,109.31077829671827,0.005866334958530638,-146.8387183742052
573,0.12893434490823022,8.963796353968284,0.026209257021034903,8.857466647338109,0.0801204496091411,394.9422531930908,391.4809171517269,3.4613360413637,0.023726412232182952,0.01905325537552609,0.21705488232387882,-7.268007619868988e-08,-7.77897214425463e-08,5.109645243856432e-09,-9.575142770137982e-06,-9.596992896536978e-06,2.1850126170146527e-08,1.065810411372141,115.47870877835538,7.56221471962772e-07,6.902949555556251e-07,0.05680236488902078,118.07142834954047,0.006053175216929748,365.8784428371596
574,0.11475002333251452,8.787799564968742,0.029653033135524014,8.676998238002412,0.08114829383080444,447.4797067730895,443.9219615242302,3.5577452488591974,0.01832242586589244,0.0158725177321262,0.1859677277017746,3.034253612645287e-07,2.971641213008782e-07,6.261239963650423e-09,3.4651534305293874e-05,3.4628310569423465e-05,2.322373569419072e-08,0.7485216556254799,57.54469305138644,6.765343367680733e-07,6.31969775573538e-07,0.04727870894922163,118.13317448843567,0.0058270293317295345,390.7901423119406
575,0.12119724997040268,8.42883011062844,0.0231000632328514,8.339256525332718,0.06647352206286784,407.53903125795165,404.736459203642,2.802572054309819,0.019971959938935694,0.021681406593452874,0.2408279362579328,3.6985377625272756e-07,3.636325081096711e-07,6.221268143056547e-09,4.223030866750658e-05,4.2209057804354065e-05,2.1250862996986232e-08,0.4541783863650969,14.252520313940632,1.2029659521861561e-06,5.18021497829385e-07,0.062444741417150285,111.24655403838238,0.005958240885976075,48.886235645210036
576,0.11657550799136891,8.133931747941075,0.02531088150155719,8.030918547769831,0.07770231866968798,367.03737222399536,364.33793349222884,2.6994387317663344,0.018103547984804343,0.020131918359231952,0.22392168885372132,-1.0588942344838776e-09,-4.872205841500373e-09,3.813311607016498e-09,-8.478272004727972e-07,-8.711865315777611e-07,2.3359330929976928e-08,0.9295450645096031,79.0752788901821,6.60634360511055e-07,7.181725301890571e-07,0.06127117752964638,109.57715677880816,0.006020733976819408,-464.83967281285186
577,0.12640319463538122,8.717218828433625,0.027362869891427104,8.623366098832095,0.06648985971010346,332.0127311702863,329.39344496219445,2.6192862080917236,0.019937465616605084,0.019320534280934068,0.23046189172536147,-5.2425061471066955e-08,-5.6500567785109216e-08,4.075506314042253e-09,-7.770363213380786e-06,-7.791106738571585e-06,2.0743525003201528e-08,1.184200200377819,20.645897686803714,7.549590531585798e-07,7.432914357427144e-07,0.056547132195571816,115.56713177643994,0.006035742503112182,-108.40507504276411
578,0.12211327862938745,8.324223140199773,0.024386689936226332,8.23620785849191,0.06362859177163409,461.3139069724501,458.6770037857406,2.6369031867093256,0.020613044824495403,0.01996091950178994,0.23134702195598802,2.146202712713761e-07,2.0985324931663412e-07,4.767021954741938e-09,2.469600574948172e-05,2.4672917516390298e-05,2.3088232910359307e-08,0.7092092721752268,39.59363903997285,7.690754170588555e-07,6.417431180031815e-07,0.06098210738086789,107.27589333923908,0.006100966487118838,497.6461316224145
579,0.11465654072228788,8.261051223069792,0.026184080950905263,8.16276672216205,0.07210041995683532,356.6873571142765,353.98077171571884,2.706585398558288,0.021254106551908403,0.015789930118436837,0.18083140018353516,5.258539531310483e-07,5.223439058619819e-07,3.510047269066726e-09,6.010591282624063e-05,6.0083326760452525e-05,2.2586065654938834e-08,0.785867179219828,-12.342672685973362,7.720611230527291e-07,6.667434917276175e-07,0.04687807833445382,107.99709144408709,0.005958513484334517,-100.12643875156118
580,0.11431147980072487,8.243739284755037,0.023375050213747577,8.141361303404157,0.07900293113713144,417.5812141976142,413.9777336694736,3.6034805281408833,0.020178428576772517,0.018471645691867208,0.21041167758958892,-1.7212158672949311e-07,-1.7743630556665892e-07,5.31471883716575e-09,-2.0678677242662203e-05,-2.069939818001026e-05,2.072093716831531e-08,0.6211405081826734,235.71757754253227,8.411937401196589e-07,5.433778045081307e-07,0.05420567307257433,115.90652708959007,0.005936236180463456,125.95070657602037
581,0.11499643807868427,8.634767655862602,0.024245487673108933,8.542625550697842,0.06789661749164964,435.34790315686786,432.21262410465977,3.135279052208088,0.02195224242217884,0.01627467732556129,0.18535246946837405,4.800573991904109e-07,4.753058255355325e-07,4.751573654878474e-09,5.535629204734537e-05,5.5332736458908585e-05,2.3555588262805187e-08,1.0881167694813427,31.112281977814806,6.117496457747608e-07,6.917787524755278e-07,0.050274164200137056,117.21900331993744,0.006051413124789827,108.39240142759309
582,0.11462629230999219,8.390954693916047,0.027565786293108123,8.300309868412903,0.06307903921003713,395.58128674469486,393.1527858619561,2.4285008827392875,0.015534440827890428,0.01656150480062153,0.18719896307864997,2.2599983474074296e-07,2.1990783908357344e-07,6.091995657169471e-09,2.4998376509403025e-05,2.4977426091382716e-05,2.095041779056961e-08,0.8897901874632806,36.336604256752146,5.337566327214703e-07,5.524743673464618e-07,0.0489906137292183,114.89319122196568,0.0059458568651171795,406.38114065317177
583,0.11728369945594927,8.138306262757865,0.027559025500942698,8.040043195033878,0.07070404222304398,553.6803153543894,549.7014425846824,3.978872769706958,0.015230445977607044,0.0169814532857895,0.19613269156477386,2.1169784975426092e-07,2.0676513358914862e-07,4.93271616511229e-09,2.4521845497072757e-05,2.4499713453452394e-05,2.2132043369483626e-08,0.9160266778301756,94.69071069134067,6.566761071165984e-07,6.85326951574986e-07,0.05004826835654909,113.37145279533362,0.005954054778078218,299.21069762375237
584,0.11342646440370642,8.14426788982974,0.025822281813751475,8.040937028127415,0.0775085798885746,420.4720402733414,417.6003056365363,2.87173463680549,0.01983614756346474,0.015984507879043795,0.18832124683930485,2.6886534175610485e-07,2.65140644395796e-07,3.7246973603088668e-09,2.729463597520339e-05,2.727360813575511e-05,2.1027839255945146e-08,0.5840876476344328,71.09486898296565,6.084487124514255e-07,9.439902634497876e-07,0.046757734391576176,107.19951358499867,0.00601273017210862,152.16523965482065
585,0.12292828435923232,8.708709882966874,0.028570731044152285,8.606786039047904,0.07335311287481813,496.3334118821242,493.0582706640957,3.275141218028603,0.01862287514747825,0.016257528931290597,0.18873600093653184,1.529586572244026e-07,1.4836560803975475e-07,4.593049184647854e-09,1.566514695644074e-05,1.56436781383962e-05,2.1468817881915124e-08,0.7409739387909111,78.65921188287325,9.226472564720612e-07,7.620649652240237e-07,0.04835700706188489,118.61988065825544,0.00601222069995868,-404.15585305326385
586,0.12058253968423431,8.000682980940212,0.026404318897120315,7.901697252625496,0.07258140941759501,329.9397270398262,326.7547025326264,3.185024507199625,0.023812275087785356,0.020020596902399365,0.2447921286699797,-3.7682003853047385e-07,-3.8125673219260557e-07,4.436693662131734e-09,-4.714981713162543e-05,-4.7173828642170327e-05,2.401151036170353e-08,1.4211104277955147,33.51355946313742,6.151240049618928e-07,8.283813849387041e-07,0.05750559280344077,109.36518671798987,0.0057664857239168605,-22.978595008924913
587,0.12353473799221354,8.641412786348235,0.028633267709844576,8.542401470417081,0.07037804822131064,401.35525517743014,397.36697500469586,3.9882801727345942,0.01768086998437535,0.019405378356081342,0.22189193891368783,4.133863035955663e-07,4.092238778752272e-07,4.162425720338988e-09,4.349030119631147e-05,4.346760471998229e-05,2.2696476167011068e-08,0.5571118532431834,186.87745761055166,5.506713613268932e-07,6.544544364271352e-07,0.05864470267485961,115.95417816698232,0.006004892456309953,745.0465563583539
588,0.10986097282596868,8.776706224175566,0.025432036252690898,8.674442216653427,0.0768319712694485,428.2093066876408,425.5908070243602,2.618499663280325,0.020512827779783357,0.014678977632719454,0.1698377640942541,4.744742243914775e-07,4.7001132960958734e-07,4.4628947818900794e-09,5.345394997891131e-05,5.34317109857162e-05,2.223899295415152e-08,0.7162023655687375,499.70494483335534,5.423578688478809e-07,8.352412118462433e-07,0.04421238167788448,116.16658951652806,0.006089392744992486,237.65822205442828
589,0.11118873739086915,8.410784580863465,0.026715172213586543,8.306108638853468,0.07796076979641134,362.80476603058236,360.2337930479755,2.5709729826069827,0.015243239659978557,0.01605243968420271,0.18619520040702522,4.969966313568182e-07,4.905954209632095e-07,6.401210393608922e-09,5.7589770431342855e-05,5.756878675422672e-05,2.098367690413155e-08,2.3570974853689615,38.76115458907902,6.374719887278168e-07,7.325640507734286e-07,0.0476317218774558,116.07556160522806,0.005752924885701343,614.3356193603126
590,0.12360623201843662,8.527411021881457,0.026718257011672453,8.446884670947282,0.05380809392250049,379.2811747834188,376.6425165835607,2.6386581998582086,0.017858230555124616,0.018348644851488693,0.22234930350775112,2.3124143250640747e-07,2.274853234918217e-07,3.756109014585816e-09,2.5564946703208558e-05,2.5542446467969393e-05,2.2500235036440752e-08,0.584149400879934,207.85619225368092,6.674813800089383e-07,8.728413863480397e-07,0.05428834115760103,113.57738025550535,0.005904839003833983,68.70231388575485
591,0.11884545033754398,8.968186362789638,0.0273544625653299,8.868776899105562,0.07205500111874572,331.8935337364705,328.0886082425431,3.804925493928267,0.019116208883186596,0.01687401169597449,0.1881465988415107,-8.48563079240888e-09,-1.53111196041571e-08,6.825488811748207e-09,-2.30895767068586e-06,-2.331922463795401e-06,2.2964792917389523e-08,1.1862573880598146,261.74994894424606,6.254826644916507e-07,6.2750850923577e-07,0.05233620806267593,120.44111075703685,0.006042595458812871,-117.0658423412442
592,0.11887087882430021,7.9329818603989155,0.02506115581799153,7.840817984081864,0.06710272049905838,346.39048697765804,343.11848270850857,3.2720042691497597,0.019252814415322138,0.02018224076243323,0.2303615845812226,-5.023847163428988e-07,-5.083239538022573e-07,5.939237459358537e-09,-6.124538689967292e-05,-6.126913883582005e-05,2.3751935899987464e-08,0.5446434605661682,-92.98759712800967,6.631812409144658e-07,5.992787389776798e-07,0.058651047479979804,106.90524667594332,0.005799522124524099,-6.473284066842098
593,0.11894921697620113,8.447760405502555,0.027954759269264256,8.3503321213609,0.06947352487239354,402.1488820200178,398.50303686681127,3.6458451532071816,0.018138865395877505,0.015945481204276052,0.1911037889720883,-2.6022438375999775e-08,-3.301237700036474e-08,6.98993862436497e-09,-4.222585286882232e-06,-4.245319286544212e-06,2.2733999415108163e-08,0.5959615495011344,122.41658505079799,5.478851780783375e-07,6.176631635720462e-07,0.0481025599259961,111.44345606361878,0.006002736543208132,201.49428796036955
594,0.12029775133653131,8.882242086341178,0.02698186517775324,8.777917395225808,0.07734282593761582,466.946923300337,463.90085336204686,3.0460699382909526,0.013465603683076553,0.01679772195823867,0.19616956699813365,8.086188446271246e-08,7.632102706155573e-08,4.5408574011567475e-09,7.141453844287437e-06,7.118374353336579e-06,2.307949065067894e-08,3.021210346017517,90.07531112880852,6.666864591076064e-07,6.691557757950507e-07,0.05004380616446463,120.14463722305294,0.006023006597496542,-974.3641067074523
595,0.1115470753202943,8.695021234759254,0.02692905313137672,8.587355417565258,0.08073676406262091,359.99435601534117,357.4024904709298,2.59186554441194,0.018583394124569236,0.015592032071663306,0.17899414909572758,-2.4162873342048013e-08,-2.8214950372434556e-08,4.0520770303865396e-09,-4.310944571828659e-06,-4.333362029038046e-06,2.2417457024982706e-08,0.5027528580258104,-0.4209810602219449,7.494979079970701e-07,8.172671642194975e-07,0.04736683305003542,116.43144658088572,0.0060107161899423415,529.2808763741805
596,0.11577570663724641,8.189711056167583,0.02574930930445789,8.08798519714574,0.07597654971738772,420.76392539556804,418.39786748065916,2.3660579149084286,0.020336010454789458,0.016984669133991905,0.1957471156541212,1.4875280940169847e-07,1.4386815612551796e-07,4.8846532761805235e-09,1.6884956369468976e-05,1.686269954076761e-05,2.2256828556483193e-08,0.9345473888653804,185.2130742449499,5.763821027496904e-07,7.313037461040556e-07,0.04850627402639422,112.94704790893505,0.005955399022534647,207.68124379548726
597,0.11911473224148017,8.312129772429785,0.024396914077243148,8.206179384468285,0.08155347388425688,384.299812967883,380.76139098997476,3.5384219779079342,0.019368239525994542,0.01740289501794739,0.20604679095497064,1.6953268241474042e-07,1.6489277838497312e-07,4.639904029767246e-09,1.841845835170185e-05,1.839590843308304e-05,2.2549918472242415e-08,0.8245923088508571,77.62574849659426,5.836823773485126e-07,5.838265321274681e-07,0.05039556896079253,114.01223002874006,0.005946171105521679,-203.0867311108973
598,0.12362988358172793,8.159775825735576,0.02666444046364369,8.03943851334156,0.09367287193037359,466.42484091103057,463.2205832223267,3.2042576887041676,0.015835128202468823,0.020188026055225714,0.23749415798247508,6.176135334716771e-07,6.130462901175694e-07,4.5672433541073185e-09,7.258685876703749e-05,7.256422787728328e-05,2.2630889597511454e-08,0.499249836656534,12.694698003127295,5.691181104766776e-07,6.277263614671397e-07,0.05868311786605769,108.61152223098658,0.005830008177953656,-7.532408647819466
599,0.11516891088743274,8.460491388174406,0.02648090013461758,8.365810965024965,0.06819952301482389,348.3697130400383,345.5428272945332,2.8268857455046477,0.019938668705768877,0.016275034631328882,0.1837579636444392,2.8241870074082894e-07,2.787571996356753e-07,3.661501105153791e-09,3.2716385050367875e-05,3.269449309732103e-05,2.1891952895266014e-08,1.1551388701081582,49.58687736593332,5.790289409946423e-07,7.047710107625965e-07,0.047741879900682946,112.9695548405541,0.0058070793769656485,-45.26517036974474
600,0.12056868201924437,8.313991244766072,0.027254075669309364,8.219886391128167,0.06685077796859516,393.8439567288015,390.648802620069,3.1951541087323876,0.017772037393961725,0.01700202606644606,0.1953276355850538,-8.083625329691058e-08,-8.781756455065586e-08,6.981311253745299e-09,-1.126025588881708e-05,-1.1281153210005452e-05,2.0897320983804745e-08,2.011532345110624,45.354624363212245,9.40898599749911e-07,6.369543080987044e-07,0.05026665922857603,112.66722498079343,0.00602517941795069,-201.5068621990713
601,0.11432404562172004,8.169442810038353,0.02591119104621417,8.084468848800036,0.0590627701921014,454.27027938742776,451.0986721113567,3.1716072760711653,0.015635916232220076,0.01675265330897988,0.1878423164946029,9.718452320327092e-08,9.123784767804466e-08,5.946675525226231e-09,9.934283322123138e-06,9.912528384870613e-06,2.1754937097766083e-08,0.8475511811982877,113.54626288835023,8.208676995022521e-07,5.313578557008749e-07,0.050015124578587186,112.0517849310304,0.0059306985466027196,308.71211250801343
602,0.12409588076956653,8.535137445759215,0.026814520018274203,8.425316587439985,0.0830063383009549,490.53436196535483,486.93876495957824,3.595597005776131,0.021073355159597986,0.020308582174922936,0.22339842841003107,-9.406586003385989e-08,-9.94068930706709e-08,5.341033036811002e-09,-1.1631540868776827e-05,-1.1653931793140918e-05,2.2390924192060907e-08,0.8203732547299779,46.206621090728454,6.069425529540265e-07,6.799382158452951e-07,0.05794068062100727,118.56569713824233,0.006011942217766521,5.695121741687217
603,0.10932048616056461,8.120083337771241,0.025553788096728217,8.01390483203253,0.0806247176419833,309.3331319339292,305.90291372446086,3.430218209468459,0.018332143678906888,0.015814349047684834,0.18604767600761712,-2.1703409404495924e-07,-2.2150066544573753e-07,4.466571400778206e-09,-2.606959384569103e-05,-2.609054079547065e-05,2.0946949601704554e-08,0.4495412070877812,23.72041238509544,1.2085722555026503e-06,6.529702124573423e-07,0.047685123950878885,106.30862470963794,0.005802261459584026,264.1837506815209
604,0.12130331746862248,8.896455408426366,0.028437882809521055,8.774933860966616,0.0930836646502298,499.86225496584103,496.7709999426792,3.0912550231620792,0.02105151198956048,0.01777611167158221,0.21429492324860178,-2.1467696789936105e-07,-2.1934031397670694e-07,4.663346077345928e-09,-2.843904724197189e-05,-2.8462955536197607e-05,2.3908293973280375e-08,0.43855498177123925,-17.303382013774637,5.719609391710149e-07,7.139873376576172e-07,0.05215826293092285,118.78404655691149,0.005882830830637776,248.28310938103914
605,0.11802987783812083,8.212744134300685,0.026570625000646737,8.103191557173105,0.08298195212693361,348.0442949494243,344.64087206036305,3.403422889060733,0.01728266088155661,0.01699561230594684,0.1993026971047651,4.6776276622957894e-07,4.6349342536776266e-07,4.269340861816427e-09,5.4358994449297076e-05,5.433710160107657e-05,2.189284800402614e-08,0.8947942970528893,5.906839246100584,7.192719517938717e-07,6.176926864262273e-07,0.050252640788660936,106.57394830140592,0.005876336577146615,241.4148820496498
606,0.11350991097909978,8.472331588874077,0.024491596177102518,8.36532212551452,0.0825178671824551,405.6867659167389,402.21984274378184,3.466923172956518,0.017647360502039668,0.014878692632369907,0.17278569441146527,3.0845061799673305e-07,3.035354557014234e-07,4.91516229530968e-09,3.579256994042189e-05,3.5769044655702966e-05,2.3525284571273022e-08,0.5089605154684345,9.685182549246335,5.95264292004835e-07,6.445267106988217e-07,0.04652881968070634,114.02837047645765,0.006052250411830706,156.1578671152306
607,0.12402686277770633,9.071058766097156,0.026846683453649628,8.964153235234008,0.08005884740949726,418.17153377315543,415.3647980370714,2.8067357360841076,0.01736555040510061,0.01886594485423276,0.21548403729160714,-4.904737693573444e-08,-5.514885328775404e-08,6.101476352019636e-09,-7.541479969237063e-06,-7.564035582478152e-06,2.255561294504109e-08,1.1858128571616344,82.7398299012571,6.907587429018525e-07,6.522034252873661e-07,0.05521950424765184,129.20755998150406,0.006051547522542168,-184.6553693464375
608,0.11517415862203628,8.052310656842256,0.025667303542234725,7.959712157400605,0.06693119589941647,427.74995348994236,424.75154142575525,2.998412064186792,0.016256188492280516,0.01835414999398787,0.20943670666909803,2.02424112100494e-07,1.9627597095580688e-07,6.148141144687135e-09,2.313140000259196e-05,2.3109807721771512e-05,2.1592280645603588e-08,0.8256350649960305,84.22440934473222,5.349643528259711e-07,5.536152643952767e-07,0.05323024688001624,114.53812421796258,0.0058880835562427555,158.1254600714783
609,0.11327776926263552,7.811149670605831,0.026043171925865968,7.705908877693178,0.07919762098678615,367.17346329772465,363.5431701443138,3.6302931534106415,0.024881423146086153,0.01469848310575672,0.16804869494332236,2.2541228425076914e-07,2.2170473365599612e-07,3.7075505947730526e-09,2.5081303783630103e-05,2.5060648547562677e-05,2.065523592149854e-08,0.7340476285829772,65.40746753751284,5.826793441085463e-07,5.42404374347718e-07,0.04619254154324009,107.50481647678569,0.005966410060414768,344.5984401870551
610,0.1155333289618949,8.003740666719374,0.02392535448797366,7.90808630375231,0.07172900847908881,436.1146507995374,433.51740546727126,2.5972453322664384,0.017524934669872837,0.016567615554291967,0.19720185281860475,-3.369230065194933e-07,-3.4095310397419517e-07,4.0300974547018195e-09,-4.14121587300085e-05,-4.1434439723647864e-05,2.2280993418557917e-08,0.7256627239955756,141.9336537743539,6.164949562741144e-07,6.998228128621423e-07,0.05045946661368956,112.82956753386738,0.005841041068914196,-171.04373478223988
611,0.11526364993477985,8.832105997545275,0.027782870258036184,8.718819110357172,0.08550401693006711,500.28252052426814,497.6336944140695,2.6488261101984434,0.017721875228091738,0.017764924164764523,0.19936893507869435,1.873016910083079e-07,1.8302466263973778e-07,4.2770283685701145e-09,2.019405690691973e-05,2.0172451332822314e-05,2.1605573832201425e-08,1.2872452560922811,18.796361766973995,6.866225602535516e-07,7.110958839284445e-07,0.05265698858409948,116.13390467219278,0.006053880032622059,-29.963985763586606
612,0.11444750998934107,8.28136771199261,0.02717875737564801,8.174243775555148,0.07994517906181241,357.97740479994917,353.92658003898384,4.050824760965446,0.023436673391324006,0.017334309261653864,0.1896764957912232,6.983968959412291e-07,6.918052754118262e-07,6.591620529402971e-09,8.156641266255342e-05,8.154504674323604e-05,2.136591917227757e-08,0.6821191505719401,111.1113315801698,7.775700087398562e-07,6.985625687780124e-07,0.05098545691662903,116.62126934658819,0.005844709487529834,-5.687734632130741
613,0.11677962157062277,8.358600279774898,0.026705557405031943,8.260710096377515,0.0711846259923504,430.0645447370112,426.2390345461836,3.8255101908276314,0.02189989332060155,0.016670113413174942,0.19026171672851797,2.82416527021166e-07,2.759890831064083e-07,6.427443914757721e-09,3.12269481481959e-05,3.120591701351231e-05,2.1031134530904007e-08,0.7181197139077813,86.4583407719247,7.618281104295273e-07,5.782482592800897e-07,0.04982180210483273,108.51212302013366,0.005945756555481919,104.21688479224986
614,0.12679779318643736,8.914332912305788,0.027025120015993283,8.805761010595383,0.08154678169441347,440.89380232245304,437.53108120038445,3.3627211220687867,0.018105459184856804,0.018749373160795307,0.22127221972921268,2.354109904464359e-07,2.323040745279935e-07,3.106915918442361e-09,2.746586070311774e-05,2.7445545200798775e-05,2.0315502168658684e-08,0.7504562681838867,44.259600157035045,9.242793013317637e-07,6.131222277941847e-07,0.056072559696145684,117.87831256189735,0.006007261864647943,-737.7157677840769
615,0.12071502966977919,8.46901058578879,0.02425487507053083,8.36395778696076,0.08079792375750144,390.5640605538902,387.37616406400605,3.1878964898840647,0.01709800178482686,0.019343378883787687,0.22194136182818403,3.417422815881752e-07,3.3671720662309797e-07,5.025074965077188e-09,3.935489023805892e-05,3.9332890304330105e-05,2.199993361574361e-08,0.7941957835128367,66.63230193732844,8.958906642314732e-07,6.189396531759648e-07,0.05558458701558415,112.30396170161133,0.00596903265472409,403.73532272258126
616,0.11289404190392444,8.531555316628788,0.024801439960167027,8.43772358283646,0.06903029383216351,346.72561073422077,344.29151422405977,2.4340965101614125,0.01886506822348308,0.01661631254486818,0.19314925320551626,4.903138136686003e-07,4.860009671021291e-07,4.312846566471232e-09,5.554101867751501e-05,5.551934714679538e-05,2.1671530590613985e-08,1.1273376806938018,60.46884533391611,8.834307791316493e-07,6.305852794254334e-07,0.048762584211991665,111.68816611694601,0.0059378510752887,281.5265407931315
617,0.11926319201459383,8.42690270903453,0.02658977458485779,8.314961362932435,0.08535157151723718,462.01110319052685,459.3267634565753,2.684339733951714,0.02173308235591656,0.01862980380222991,0.21768705221726195,3.013349246902525e-07,2.963395874820497e-07,4.995337208202645e-09,3.4725395247104885e-05,3.470386683952299e-05,2.1528407332320258e-08,1.488002975429105,26.790206906550882,5.880896707522354e-07,5.751963759033635e-07,0.05456719983185655,109.97213287175578,0.005937784513232523,330.8157892625977
618,0.11748957186115948,8.265293397662939,0.027369735758230304,8.162186251365291,0.07573741053941704,389.51951161870556,386.7381798181487,2.781331800557045,0.02419314816546106,0.016710642985760218,0.1930977377427718,-4.2628651997095187e-07,-4.310398283563187e-07,4.753308385366908e-09,-5.152032930326335e-05,-5.1541676187492765e-05,2.1346884049857526e-08,2.954636666871592,41.34906006107011,6.29782355251914e-07,5.723602996861654e-07,0.04966632442965565,114.87465328647565,0.005856160899875969,220.62131084236717
619,0.11494471449190961,8.138904130736554,0.027805906548080028,8.048720832818445,0.062377391370030906,491.5302033688575,488.29315686034,3.2370465085173064,0.02011495705810594,0.01792676356308229,0.2018932844197567,-3.686240037501843e-07,-3.734035319396568e-07,4.779528189472498e-09,-4.549365439578352e-05,-4.551399245564232e-05,2.033805969461471e-08,2.996669301916832,108.0681708164712,6.515662280443e-07,6.891945677173963e-07,0.0522615160246817,114.39036012702007,0.005945854236025985,177.35658562980416
620,0.11619096331298863,8.969114556006923,0.02632634060081042,8.858707794448009,0.08408042095810461,331.42223857563977,327.9233466243173,3.498891951323166,0.019540366112063702,0.015872980860010485,0.18119331991152032,-2.8261760541463223e-07,-2.8774738850912347e-07,5.129783094491321e-09,-3.517816708055147e-05,-3.519897507842355e-05,2.0807997692376824e-08,0.790178970050416,48.76848707621525,6.240209828603461e-07,6.2508207788646e-07,0.04759087124947411,122.3067708749518,0.005865453852763994,-1440.5212888671185
621,0.11948385369443117,8.377582090859349,0.026657922417496684,8.295698463872084,0.05522570456976768,478.776146811347,475.6748522604119,3.101294550934923,0.018207151490147684,0.020137446083033163,0.22847461535555,-2.1159435344660547e-07,-2.1710262167662345e-07,5.50826823001796e-09,-2.697871715785249e-05,-2.7000591864290528e-05,2.1874706282053297e-08,1.8072357709966447,-55.91672945452589,5.628763894643217e-07,6.2477012841363e-07,0.06191293385161585,111.36850404825813,0.005997232640418325,-194.57679475152827
622,0.12006950129262715,8.309747659417107,0.024357420797510257,8.222603173035617,0.06278706558398184,469.5510686193274,466.5291510959545,3.0219175233726494,0.017727916690331788,0.018233766379913186,0.21360390485912692,-2.7218782288861326e-07,-2.7543905296286993e-07,3.2512300742568094e-09,-3.359945153765122e-05,-3.3621823731864405e-05,2.2372194017855877e-08,1.2742804644550327,102.14799753474942,6.364072989605806e-07,7.249591032151252e-07,0.053990502869361405,109.32033299331731,0.006005020931569454,166.4298617412751
623,0.11627894803410822,8.717296639758377,0.02810547287777563,8.609258668163566,0.07993249871703396,505.1111023499484,501.995902616691,3.1151997332574135,0.01948583464677928,0.01730376357392019,0.19939063266960824,2.566927802656209e-07,2.52897071754433e-07,3.795708511187988e-09,2.9675512943188775e-05,2.9653448933025363e-05,2.206400995806351e-08,0.49413782121242006,44.853472297173,6.428960501836195e-07,8.241335751298434e-07,0.0509040426289748,117.06414071925977,0.006065727102436845,606.0368067723102
624,0.11063910899460214,8.174767166181445,0.024450321936073983,8.091829285431611,0.05848755881375751,517.3602024352123,514.2931021313663,3.067100303846528,0.014474152408423785,0.01414467244551111,0.17151210649841883,2.9794293705003735e-07,2.9256542141930147e-07,5.3775156307360195e-09,3.387332769459069e-05,3.385218693169782e-05,2.114076267590526e-08,0.42478416996954294,4.713050992383028,7.626134961397311e-07,6.050300102932278e-07,0.04294238960490285,115.11328253617498,0.005773705212824659,321.7151392580554
625,0.1127570167303755,7.800747182305472,0.024964019487431943,7.724594693913417,0.05118846890462261,435.1578437017308,431.53513575222155,3.622707949509334,0.018549083002776495,0.01677008671248256,0.199673772654274,2.0424725715078899e-07,2.0092403637215264e-07,3.323220778636327e-09,2.370340051498171e-05,2.3680892825027747e-05,2.250768976862725e-08,0.600676638653662,176.66006683336389,5.408722148029909e-07,6.494723148286299e-07,0.04990590047288848,105.87415230640772,0.005971198170331247,290.18920158805986
626,0.11463661773685117,8.05245420192872,0.026097878595595588,7.955414572214259,0.07094175111886457,380.43859586982285,377.70789728706893,2.7306985827537766,0.015402078238464153,0.016275165646962703,0.19190720558911364,-3.9801921626230464e-07,-4.035957500757389e-07,5.576533813434391e-09,-4.8693629673939315e-05,-4.871620163710931e-05,2.2571962920094366e-08,0.80882961972198,79.4976673136041,4.841625076705947e-07,7.1634678322882e-07,0.049605735909509986,108.80795537555066,0.005729780659230522,-173.10632652857612
627,0.11954011762190268,8.842575503844344,0.028519788333526648,8.727302689883608,0.08675302562721032,421.6457848515129,418.3366923941454,3.309092457367865,0.019637814108095227,0.017137835573595564,0.19536808435062183,-1.4614716888432347e-08,-2.1792712203693153e-08,7.177995315260805e-09,-3.4514677458682885e-06,-3.473224185221814e-06,2.1756439184627478e-08,0.845472161980372,89.5196407126735,9.313795520812738e-07,5.536562104130736e-07,0.05099542868625957,119.86886158698705,0.005892801740849648,-302.7008390914907
628,0.11658145432067946,8.335648047417088,0.024503255323120695,8.238980606304558,0.0721641857894069,372.638249384232,369.93878158878204,2.699467795450245,0.02077368534458548,0.01634221827829059,0.19559823517342512,1.220909645066074e-07,1.1810079978850577e-07,3.9901647181015474e-09,1.2664727547830024e-05,1.264233601165833e-05,2.239153603604324e-08,1.082844078441606,20.377600872965623,5.011000406913034e-07,7.280495005707318e-07,0.0479766435643752,114.88236760372726,0.005967248853539612,252.0389455759805
629,0.11519174121718466,8.314882524956152,0.02662799132856684,8.215585473450277,0.07266906017730924,383.9618614593378,380.8349737206485,3.1268877386897636,0.017416036509736294,0.016221432725312866,0.18481354033826813,-3.73733480500897e-07,-3.7977414546377555e-07,6.040664962878595e-09,-4.428969064585851e-05,-4.431107838884034e-05,2.138774278014254e-08,1.313469048088795,126.88099844703615,6.214107624296717e-07,6.758953866510756e-07,0.04821472902811447,112.58842866480028,0.0060482592364055005,253.48815016349317
630,0.1254417327136489,8.561165686768435,0.030462422939094614,8.465425049055968,0.06527821477337253,321.35466411585475,318.5686377451448,2.7860263707098785,0.01784538643429348,0.0173217046676088,0.20011204545725958,-4.0995534165921185e-07,-4.1468050233915e-07,4.725160679938193e-09,-5.0619374307811814e-05,-5.06422967374841e-05,2.292242947219549e-08,0.5444025496154085,6.179365102220093,7.406942028736237e-07,7.238754680691548e-07,0.051483691818736695,120.3290242971544,0.006087259729527772,-331.3927399523536
631,0.12166056516912215,8.433519713882268,0.024105204701515448,8.340019147644481,0.06939536153627147,445.07469831499714,442.3219666714575,2.752731643539733,0.022398307104118293,0.01966141748307755,0.2229327941888305,8.553181120015687e-08,8.213027738175847e-08,3.401533818398389e-09,8.786925309216007e-06,8.76574505255135e-06,2.118025649351088e-08,0.5072245312531655,-34.410070510310874,5.386235689670667e-07,6.778496329954175e-07,0.057847966767064045,112.21543929879451,0.0060573729626367855,97.37438002736008
632,0.1277191401461048,8.911387451784668,0.02592933820655004,8.81558092551532,0.06987718806279766,425.4866650971045,422.67269252468316,2.813972572421403,0.024300157266582467,0.021105998444694865,0.2375635910182946,-3.7179671589034013e-07,-3.751858863421967e-07,3.3891704518566296e-09,-4.5408406214882765e-05,-4.543048059101791e-05,2.2074375936681882e-08,1.7709635733430553,92.77228693527456,9.345047503520973e-07,9.78343417045616e-07,0.06055059413145892,121.71660833478614,0.0060144353365158216,-35.83655804977843
633,0.1177578872665487,8.356316282920487,0.02448647430129552,8.26970987499891,0.0621199336202819,414.0394476918136,411.56979623020237,2.4696514616108156,0.019746599819429594,0.01654960378525085,0.2029003262771433,-6.047017797392149e-08,-6.486883111275221e-08,4.3986531388307395e-09,-7.790689941512339e-06,-7.812710271244593e-06,2.20203295430565e-08,0.6287581485643845,1.2096783062053649,8.165290398226529e-07,6.740062589186901e-07,0.048117181163757156,114.35035921212966,0.005870600434886862,76.95115743414044
634,0.11589004168351463,8.345202455416395,0.02426693387639156,8.257085715537158,0.06384980600284347,435.9590348106012,432.9884795401183,2.9705552704835654,0.027514856174474474,0.017242020474564742,0.20379364454452428,4.692795622744334e-07,4.6431694380766216e-07,4.96261846677121e-09,5.37284720063027e-05,5.3705627464733636e-05,2.2844541429819643e-08,0.4414521944160042,77.22453696803083,5.144341923215055e-07,5.423992967430247e-07,0.053618341034085436,115.87848246833487,0.005987039443867308,276.3721579007288
635,0.11751296203551927,8.787054039556194,0.027958560466023116,8.692324475830553,0.06677100325961659,422.831024746419,419.45234323819915,3.3786815082199086,0.0164817051203943,0.016755953187376774,0.19220103493967963,4.738865415819495e-08,4.199177452594609e-08,5.39687963224885e-09,4.249900315658832e-06,4.227134874256561e-06,2.2765441155262437e-08,0.5375678503812468,121.04849942878992,6.611584436192591e-07,6.592352452965069e-07,0.05035511720727302,120.30818351838909,0.005992599761538703,203.40149413640756
636,0.11856864554129755,8.556854146592022,0.026366483446714686,8.448890975744753,0.08159668740055304,407.12821343117207,404.40053677732294,2.727676653849021,0.019596954114705346,0.01564810667663709,0.18510976957720052,-3.7462316903934305e-07,-3.7859675907578024e-07,3.97359003643723e-09,-4.412444644691325e-05,-4.414667646559189e-05,2.223001855027474e-08,2.790132652630189,62.263513960634626,5.640238722016444e-07,6.164731389343642e-07,0.04685397036915007,116.44405518570831,0.005994726193452192,126.1266682575033
637,0.12317944118943294,8.334496628273818,0.025669652239632815,8.248454361469955,0.060372614564226317,363.97641392164945,361.65863225864024,2.3177816630087595,0.018807456655970365,0.01781235694739818,0.2061780560489951,2.6995885171402297e-07,2.638171670511923e-07,6.141684662830584e-09,3.0214402986489064e-05,3.0192663716006863e-05,2.173927029255615e-08,0.7363111344498752,84.43639030073393,6.863639412752847e-07,8.095003882505374e-07,0.0525710564981365,119.01788824247421,0.006024508349919168,-23.418006865541884
638,0.11875919544034778,8.661053121352488,0.026334731348013837,8.55746213080223,0.07725625920224559,412.4222089959343,409.3841662485087,3.0380427474256835,0.018269019350458715,0.017609549974590938,0.20536830803008826,-1.4197032095471642e-07,-1.5088891723599088e-07,8.91859628127442e-09,-1.8800795179823395e-05,-1.8822286187215792e-05,2.14910072615324e-08,1.0232167441033935,53.68468113446871,6.834854448558363e-07,5.159563562296069e-07,0.051688938054772794,114.8852697581988,0.006117142271736039,781.1266429952548
639,0.11769884892120891,8.058344012303294,0.02449196141833914,7.959879060011844,0.07397299087311221,380.25404772592054,377.61044796161946,2.6435997643015434,0.01504989845923567,0.017487224904669883,0.20332079738912984,-2.333706328687759e-07,-2.370196888505909e-07,3.649055981814993e-09,-2.8455128968620293e-05,-2.8476133936266554e-05,2.1004967439422764e-08,0.5160900065895363,-56.23639257731913,5.725868915062038e-07,6.727253792794681e-07,0.05339762404558041,107.49882669526713,0.005980137103543493,-326.48055827031203
640,0.11000690392902314,8.138866868933295,0.023574980840688996,8.041751224569833,0.07354066352277534,376.2641492260972,373.6689832058044,2.5951660202930067,0.025431945498872614,0.01619552482111861,0.1869558602605799,-6.528099491296254e-08,-7.08230907065142e-08,5.542095793551667e-09,-9.853775054866122e-06,-9.874744281607378e-06,2.096922653799933e-08,1.3881095384877995,88.53355070742124,7.618070997187707e-07,5.653322469778325e-07,0.050232584108135865,109.81427740306948,0.005997889799777226,-237.27224896581947
641,0.11545404694197933,8.912850657877065,0.028757470980494113,8.797051474715062,0.08704171218151088,365.22163559836275,362.3322921340916,2.889343464271323,0.023632755404814274,0.014854042133971875,0.17034401221583137,-1.8250630741221997e-07,-1.8797786371018156e-07,5.471556297961661e-09,-2.2998377746471095e-05,-2.3020473148129522e-05,2.2095401489760077e-08,1.270257226569156,53.275630978937635,6.120284691654669e-07,7.842520059351682e-07,0.04590101850537462,120.93723985908014,0.005764331240632705,238.63132797006165
642,0.11563472528427049,8.386160639604634,0.027657931780895227,8.288644032555233,0.06985867526850516,509.2567455875054,505.9925067745308,3.264238812974692,0.018369208187296995,0.015823873405895705,0.18667402138072808,-3.3952333419691937e-07,-3.4386349044324384e-07,4.340156246324507e-09,-4.200872322848764e-05,-4.2030323928224294e-05,2.1600699504748918e-08,0.4087172727132542,58.3557201919201,5.248654601325481e-07,6.139332291351031e-07,0.048975320958583916,115.05760376004395,0.006085599040857048,-888.776557672837
643,0.11685401029233725,8.51911808093618,0.026052499380475866,8.429621387917305,0.06344419363839766,372.4628356704867,370.214817550922,2.248018119565164,0.02359655275082758,0.01770156831160902,0.1984061875551224,2.3368189178541327e-07,2.2884375601641007e-07,4.8381357690031605e-09,2.583680145610683e-05,2.581218410594824e-05,2.4617349927176885e-08,0.5159667414518985,149.18315194429934,5.485949247373519e-07,6.550150374973438e-07,0.051253430286222645,113.20379788911421,0.0060099976504954696,-190.5405179753402
644,0.11771016835147757,8.489093019155586,0.024808652453517457,8.381849724311772,0.08243464239029724,401.20757447060237,398.02098380392135,3.1865906666806962,0.01691865151224859,0.017154784143341383,0.19711661885181597,5.618386396328872e-07,5.572892145266651e-07,4.549425106221927e-09,6.595132423117944e-05,6.592979657260081e-05,2.152765830009226e-08,0.8308462605797178,-121.62478599878612,5.950219318460446e-07,5.837465588301185e-07,0.053693447467765575,116.44643523933345,0.006045911787470673,69.42743427550613
645,0.12151901219346967,8.297237284106064,0.026617374075154077,8.200624864525194,0.06999504550571446,462.15009645044904,458.9219587356877,3.2281377147612105,0.022555081422187675,0.018287691378109455,0.20650248399764087,8.059598922280474e-08,7.637461937590244e-08,4.221369846902309e-09,9.291763541420656e-06,9.269683957568017e-06,2.207958371073992e-08,0.907576144268867,16.495499098328107,8.147955147947977e-07,6.145925513145397e-07,0.053481491566689486,113.48595246202053,0.006049374231672706,-108.2659696844712
646,0.1164325634832886,8.59333094782642,0.02630777687981627,8.49136323950346,0.07565993144314269,393.32236550663794,390.6658959823771,2.6564695242604004,0.01570217850819431,0.016351622294819738,0.1853375706769906,-2.831786701095451e-07,-2.8767974978011023e-07,4.501079670565239e-09,-3.434657874471163e-05,-3.436780360937373e-05,2.1224864499549813e-08,0.7927034691988766,155.87406349311,5.581209863507401e-07,7.476182675495088e-07,0.048769678882267326,116.46895574916587,0.006088058498121789,-257.6970913820487
647,0.12097535514162876,8.481360349995413,0.023476462708258622,8.37811034193923,0.07977354534792207,428.17729728401133,424.8124694915607,3.3648277924506913,0.025809537458258848,0.018350453130981555,0.20286592477566168,3.6696073729816817e-07,3.6323146332861677e-07,3.7292739695513025e-09,4.264209711548624e-05,4.262114348160708e-05,2.0953633676144532e-08,0.8002467383356529,134.63913374223748,7.401323219958453e-07,5.991726336429588e-07,0.052745509412075606,112.69585820909866,0.00589271852302443,-163.542167508293
648,0.12169854274615385,8.707038722877776,0.02715919092806331,8.603739627728212,0.07613990422150177,409.36132002929173,406.8720393313056,2.489280697986464,0.021272405115319984,0.020043757940240332,0.22364834301110809,2.2530132531069134e-07,2.1948218374148638e-07,5.81914156920495e-09,2.5601954431781168e-05,2.558115863678519e-05,2.079579482634495e-08,0.8758252878368696,-6.6403141676815745,7.787785140979184e-07,6.704512634055009e-07,0.05830363929446289,115.0877741741843,0.0060484814450649975,211.0948348543925
649,0.12402869431616978,8.07239575341374,0.025628840654875716,7.975504833446085,0.07126207931278057,292.62306966069934,290.07899091065775,2.544078750041534,0.01833681688664668,0.01889992311864449,0.2280062888648421,2.2510777692078494e-08,1.853981861727347e-08,3.970959074805005e-09,2.6415467334528328e-06,2.619542290159835e-06,2.2004443137309555e-08,0.453412729938969,68.2223781932066,6.421629918361293e-07,6.237643404842219e-07,0.05763205192341069,112.29123508412316,0.005808471336653969,-89.82540354151752
650,0.11224370216902754,8.381852942379895,0.025216961136317783,8.280995766651879,0.07564021459169758,373.9490976114845,370.66294657515857,3.2861510363260913,0.02205578186195542,0.016186624326030092,0.18736814912614938,5.706071324029347e-08,5.1411373920134914e-08,5.64933932015855e-09,6.606900526093247e-06,6.5857359688292e-06,2.1164557122417197e-08,0.8325323919605857,174.55773203956582,5.688405337266571e-07,5.741834057567076e-07,0.05103701513104591,109.05902525668051,0.005750889249887914,14.620540399814672
651,0.11677829359342168,7.965507615387092,0.023943912115964097,7.878550731741966,0.06301297152916083,508.1304649004787,503.79539933557476,4.335065564904899,0.016796118302387936,0.015774779657634054,0.19860884556409103,2.4621104755362266e-07,2.386049528791226e-07,7.606094674500215e-09,2.8424757430651898e-05,2.840378953609465e-05,2.096789440106199e-08,0.5293653865364034,59.28925001183754,6.428021079792469e-07,7.064650185517831e-07,0.046761004593487684,108.7744286856573,0.00575199605082033,39.31767033690994
652,0.11059876826546465,8.777965850219521,0.026092237394896554,8.684885804259714,0.06698780856491197,459.4931636253254,456.63601980296653,2.8571438223586196,0.019010679246244735,0.014325381776112667,0.16092533159240333,3.575426788076214e-07,3.532752381460588e-07,4.267440661562592e-09,3.995191588742805e-05,3.992962000890124e-05,2.229587836206233e-08,1.0075935388504473,56.159122711062516,6.480974244269699e-07,5.553589050463461e-07,0.04341800262036141,114.26071962601367,0.006135472886907163,103.34444164361958
653,0.11418709435414597,8.472483765190542,0.026269807331762245,8.378199710951527,0.06801424690725394,442.9162944692589,439.9128851925935,3.003409276665782,0.018797117633903983,0.016029793048451133,0.19200078373218823,-4.156215448180651e-07,-4.193542967998674e-07,3.732751981802401e-09,-5.056619149581171e-05,-5.058788101988181e-05,2.1689523916396837e-08,0.622452922690502,77.03814226008478,5.798802178156061e-07,8.209289922758413e-07,0.04849000685700766,115.34915137823168,0.005940226322182045,-129.18062571161227
654,0.12297373000180321,8.70425985887276,0.029719943598832108,8.588532595110559,0.0860073201633699,470.9291156320473,467.015632332507,3.9134832995408995,0.020511074973029772,0.017371215496237043,0.20322910824542262,-4.5061890608194117e-07,-4.568455956248576e-07,6.226689542916422e-09,-5.585867118941101e-05,-5.587992683606185e-05,2.1255646466182514e-08,1.7898308118673238,74.81387166365316,9.012786720921866e-07,6.640548963679271e-07,0.052683579929724535,112.27480370283882,0.006039368613739961,-506.01509750177684
655,0.10454706843316508,7.842701975799067,0.025392029633392012,7.746908098955241,0.07040184721043383,511.794894932609,508.9477225447032,2.8471723879062387,0.02131444061365809,0.01625208958050022,0.18004540400128083,2.388182812757508e-08,2.0693750278661944e-08,3.188077848913132e-09,8.854702835184287e-07,8.639237470021572e-07,2.154653633782091e-08,0.616051969577986,37.33723645852477,6.006733546484353e-07,5.606116895398502e-07,0.04796658271850099,113.8902255867962,0.005869539354724073,-204.70619199151497
656,0.12398683252887868,8.679492327678075,0.027377799037806478,8.58123687227705,0.07087765636321836,414.1005540794637,410.79295503562906,3.307599043835439,0.019208768008657458,0.01846844208665981,0.2120120539542169,2.984450798066334e-08,2.4803205469839494e-08,5.0413025108238774e-09,5.799787161438384e-07,5.570818349171686e-07,2.2896881058860076e-08,0.9956836294147831,67.80952111943046,5.844815231355216e-07,6.540230645896834e-07,0.055579761062068404,116.97060715482218,0.006142342030182113,-93.30645020860175
657,0.11334546180154968,8.281922889205374,0.026053896005749356,8.180323854610082,0.07554513858954456,497.52556073367435,494.13890911739037,3.3866516162839817,0.018546419476273765,0.016538313226862306,0.19130700445916057,6.672555832505752e-07,6.616457673937582e-07,5.609815856817015e-09,7.907218920255726e-05,7.904969995149613e-05,2.2489250879439188e-08,0.7765883372791971,221.46298823914367,6.829113248410818e-07,6.988990609823726e-07,0.048158893456860155,106.2296788621457,0.005935356187399951,245.34372723108936
658,0.11362673898975038,7.936988085362157,0.023143221780586722,7.831552975759151,0.08229188782241861,471.31524327390764,467.23533605807046,4.079907215837565,0.020143735434158438,0.016290264213980967,0.1856083775658907,-7.72634296576913e-08,-8.096452421488827e-08,3.70109455719697e-09,-1.0214818895579641e-05,-1.0235749916268841e-05,2.0931020527495734e-08,1.606935502892094,21.017577960455117,5.083446911387837e-07,5.586299348606283e-07,0.04831143543314257,109.1034527023141,0.005784712993133503,-224.66039423555367
659,0.11884313410208502,8.4414794718967,0.026571004843127365,8.333641103976547,0.081267363077024,517.7664302395187,513.9844402524351,3.7819899870836524,0.016934834361636245,0.01650225978440353,0.18712605354687867,-1.9047150403564769e-07,-1.951270680074138e-07,4.6555639717662044e-09,-2.2072159934328166e-05,-2.209552620790847e-05,2.3366273308186466e-08,0.6035706676833426,62.27377876780059,6.894869302240092e-07,6.663867465183688e-07,0.05077245983903511,114.55594527890679,0.005959881603444588,-161.83493288385625
660,0.12336925857291868,8.367701545958024,0.02717422185780218,8.262070572020571,0.078456752079651,378.3552114390017,374.4562355423973,3.898975896604244,0.016164871144472612,0.01772729823584034,0.21996376738683882,5.8123494461320026e-08,5.335159543519669e-08,4.77189902612335e-09,4.936067121948339e-06,4.914404966079049e-06,2.1662155747756982e-08,2.7061435900178754,30.30652055472145,7.115080827205116e-07,6.111014424747592e-07,0.05270847087302896,115.782090754504,0.0060193825067896495,-847.4673248637346
661,0.1142671306170137,8.098567324252913,0.02642477076987855,7.995819415048336,0.07632313843470082,402.21480961426477,399.3862546323928,2.8285549818718363,0.01974978583471496,0.015222967250029093,0.1823435334571253,3.9547983623796933e-07,3.9232307665159804e-07,3.1567595863713516e-09,4.668969811814446e-05,4.6667485438097935e-05,2.221267987811025e-08,2.387473756895124,100.46477868888114,7.220266571875526e-07,7.41674216437748e-07,0.04609109379759518,109.42407082585332,0.005935744972822641,10.102939806723498
662,0.12209400126109965,8.349136380879042,0.024300668505556577,8.256771318807635,0.06806439356585003,405.2956319273394,401.91333946491466,3.382292462425136,0.019369438495019178,0.019228093163182355,0.22475073548775876,2.655804542816936e-07,2.6198346488447237e-07,3.5969893972211598e-09,2.9712543057685896e-05,2.9689761073396616e-05,2.278198407516134e-08,1.6355883360022185,190.504020814566,6.255122033752352e-07,9.412149168810506e-07,0.05614897731614521,112.99746822570417,0.006058583929896868,327.8723934036075
663,0.11239954818410657,8.363461806964155,0.024823887458325075,8.276216349226086,0.06242157027974436,467.5006870916987,463.8801740100073,3.6205130816915174,0.017466560367865185,0.016251443770832635,0.1790122495832926,1.2442557973843418e-07,1.2001987920885513e-07,4.40570052957904e-09,1.1738036960678111e-05,1.1716457835633969e-05,2.1579124881721445e-08,1.2782308754889744,175.64633498221153,7.443414263731558e-07,6.421451493615517e-07,0.04790242806181102,111.65198290670175,0.006107762460627072,-369.5794269045091
664,0.1103613929765402,8.24693841719065,0.026333061297924423,8.16182851938344,0.058776836509286834,562.4371644942225,559.1092729421074,3.327891552115964,0.017519296912768816,0.014005005932946792,0.15971158148006334,1.0178097065509773e-07,9.669857060170828e-08,5.08240005338943e-09,1.0609375509214526e-05,1.0586684680937356e-05,2.269082816689026e-08,1.1605668803439535,47.504774797043254,7.293786444927707e-07,8.072698219463039e-07,0.042551497296985596,114.43479891682956,0.005799073224698394,-66.67727505905304
665,0.11883341724717499,8.481083776233,0.02698456339155973,8.371602923892878,0.08249628894856115,499.80563185648185,493.75543391465874,6.0501979418230505,0.017715684180771973,0.016319040601532515,0.19853901373680546,-2.4132458869086936e-07,-2.4582603216377327e-07,4.501443472903965e-09,-2.9461762230718367e-05,-2.9484228580850328e-05,2.2466349866299303e-08,1.948748605229903,55.72503558815328,8.994192919823015e-07,8.022441624208769e-07,0.04935868706291135,117.72011863037349,0.006059152574292691,500.2897047651136
666,0.11468808696784152,8.227516376818095,0.02491745628284294,8.135449053093483,0.06714986744176825,337.8013376184199,335.18404288183,2.6172947365900545,0.01592989797396317,0.01759102438439513,0.19606234815012927,8.315286106329048e-08,7.91241571241677e-08,4.028703939122772e-09,7.5418180182754215e-06,7.5201821828473425e-06,2.163583529188391e-08,0.6749714538699929,114.81516101982085,7.821490343410967e-07,5.415618397798487e-07,0.053321590421156154,111.41835956345788,0.0058423152254498106,163.33454099991832
667,0.11228331371908913,8.342806161678158,0.02477221022935461,8.246108084780161,0.07192586666864186,393.19419885687506,390.55470108559774,2.6394977712778247,0.019846185909157467,0.015213233864990778,0.18126636879934,4.810459594967781e-08,4.348073652004034e-08,4.623859429637463e-09,3.9107424986917035e-06,3.889055714515188e-06,2.1686783941948522e-08,0.5841712569417585,110.02990195514039,7.558329495089222e-07,7.491131906857477e-07,0.045173368873206936,121.4392194789377,0.005927792714747534,-115.14146950316808
668,0.11967872004651879,8.335839771494042,0.025302450495220754,8.235727330914045,0.0748099900847738,376.9869461678609,373.8378907209611,3.1490554468992964,0.016279835829992886,0.01858672641598434,0.21127282285640697,2.0545165738405546e-07,2.0061231250375889e-07,4.8393448802966036e-09,2.2652665597855677e-05,2.263067387822639e-05,2.1991719495296927e-08,0.8559372139436556,98.86237426449895,9.507247816314485e-07,6.173912195425301e-07,0.056962533330431143,111.18379088606633,0.0061138996672757805,106.52759021947259
669,0.11755663595997813,8.542511025228906,0.027132870497480498,8.440587486339885,0.07479066839154178,346.0847686227926,343.1893654220819,2.895403200710585,0.02214053047551853,0.016886264284926743,0.20018362543360899,-4.161163141156964e-07,-4.217461317556425e-07,5.6298176399462785e-09,-5.011945142475211e-05,-5.014170067318964e-05,2.2249248305511658e-08,0.780460704839208,35.265894714860174,7.320518831337099e-07,6.083298870073947e-07,0.0508086053564782,115.53705754095995,0.006057842128499153,-378.504674371311
670,0.12427946694407647,7.96726970961828,0.025725006817544464,7.883854605672255,0.05769009712848124,412.6247165586004,406.50762517164964,6.117091386951255,0.015300736512147608,0.020628424610222556,0.23418378810649998,-3.824561326607746e-08,-4.406920568975363e-08,5.823592423676181e-09,-6.0475302879389745e-06,-6.070175974052541e-06,2.264568596087313e-08,0.8399838569702418,-103.02065845745874,6.701907477177356e-07,7.341556575946516e-07,0.06061750659475303,106.62839631231516,0.005828957143217261,-132.40452757336243
671,0.11435329929700365,8.633226825677898,0.024192050948496767,8.52588872582993,0.08314604889947017,403.97948322237613,401.2825842339002,2.6968989884759216,0.032931382469830316,0.01590235554212691,0.18630116632899107,2.93008014763801e-07,2.887373207671386e-07,4.270693996662453e-09,3.290475898486493e-05,3.2882847638635024e-05,2.191134607505044e-08,0.8845484777506365,49.60124982371299,7.449085039867507e-07,8.055101156337832e-07,0.04971687557982378,114.38573828518716,0.005894441639028682,-32.00332485646868
672,0.11435967936405544,7.827831976959805,0.024623549261055016,7.7474394179106225,0.05576900978812783,346.8683558482965,344.36387203207397,2.504483816222376,0.0175164805838577,0.016259247573358185,0.19053393518681436,-3.4416546033691036e-07,-3.478291428450285e-07,3.6636825081182015e-09,-4.1550468767305206e-05,-4.157074007314752e-05,2.02713057009117e-08,0.624106397900752,18.67978308856669,7.203733088246875e-07,6.020286293467809e-07,0.04718385687243787,106.37810302006666,0.005849172289819632,-94.18425281808277
673,0.11798687162467193,8.713010264778713,0.02698829471218677,8.621820932422267,0.06420103764426048,447.664423335735,444.2684620535629,3.3959612821725296,0.018706221418015898,0.01768439954599182,0.20147250501510078,3.3621853761995e-08,2.8682479505400527e-08,4.939374256594461e-09,2.9736767828593266e-06,2.950711619934056e-06,2.2965162621110403e-08,0.9218833221461353,69.56802647720222,6.85058373142874e-07,6.650361160714111e-07,0.05318121392413839,121.50717678271668,0.0059669557400307514,561.4777123670578
674,0.12274216540756289,8.354206519710042,0.024850131953348016,8.257311406660188,0.0720449810965035,353.4826209950558,349.7765792066622,3.7060417883936005,0.01609139920462196,0.018718551145355363,0.22426566743409956,1.5770168734530044e-07,1.5424055626097047e-07,3.4611310843300224e-09,1.771821080439821e-05,1.7692894078411864e-05,2.531672584991969e-08,0.6079596413975936,64.8561460862385,4.783765897955933e-07,7.207090848733748e-07,0.05567627138725808,107.9164999496773,0.006088689597275761,-233.50182806102202
675,0.11900195965905137,8.56044716549691,0.028050709581406274,8.453573481607563,0.07882297430794212,424.6923841858543,421.5042233827709,3.188160803083271,0.01702816561010393,0.019588889999415302,0.22334507120204397,6.296715387373483e-07,6.241757907254998e-07,5.495748011848163e-09,7.365941426123535e-05,7.36368100406271e-05,2.2604220451859797e-08,2.0408962974901756,65.04457655194764,4.1512283702194016e-07,6.995581088830108e-07,0.058116826627118603,116.92097566104238,0.00608016700494742,457.34745227385247
676,0.12107754688616514,8.460946585086711,0.025900729753997098,8.353244795490358,0.08180105984235544,501.0146349477803,498.40607676531533,2.6085581824647566,0.01949130906608283,0.019940662179781212,0.22733170555252658,2.4166610477013397e-07,2.370225100447339e-07,4.6435947254000026e-09,2.8529493772237356e-05,2.8507070939708714e-05,2.2422832374022196e-08,0.8722356573513157,103.65312335380264,7.880384672770961e-07,6.625324177175381e-07,0.059238329493132985,114.68104386871754,0.005894154046755668,-78.99774166970292
677,0.11712705597265875,8.20791328262382,0.030456696442242605,8.088745670512045,0.08871091566953382,400.94081930489415,397.97553371205106,2.96528559284333,0.02122521050131838,0.018725279986471575,0.21513989973862932,6.039532804550912e-09,-2.823606808845969e-10,6.321893485435495e-09,-1.2065040406026382e-06,-1.228324331239271e-06,2.182029048749074e-08,1.7345056760380286,99.21882730565513,5.838826678236238e-07,6.702379917784616e-07,0.05387307775428173,112.69397537632108,0.0059467323740672266,135.64595636368995
678,0.11293844871529692,8.5343509897141,0.028775271390282346,8.414505985372552,0.09106973295126798,450.92249311879004,446.6042728855998,4.318220233190519,0.01854510995129718,0.01586242355630329,0.18040910268757224,8.925336501481967e-08,8.395300644874145e-08,5.300358566078221e-09,8.409896859195822e-06,8.38925692026668e-06,2.063993880782177e-08,0.5610557555030281,-76.73070750213063,1.1418897953277706e-06,7.186563448979961e-07,0.047911488741036116,113.72018170731613,0.006069193266786853,13.919312862246443
679,0.11691011258791066,8.16112792452587,0.024629530495130537,8.059966795428576,0.07653159860216502,420.0667033659086,417.68950213594616,2.3772012299629965,0.0196745670487362,0.018684263468965758,0.2111003265671673,8.476252341774513e-08,8.088135935381824e-08,3.881164063926891e-09,9.182393064504196e-06,9.161302661749401e-06,2.109040258325061e-08,1.7717435000792057,38.34534390454773,5.539014380150573e-07,5.640049712932406e-07,0.05409193329444982,112.6938706695475,0.005945649749327454,267.8094828455164
680,0.11471268474127432,8.835494717786139,0.026367221485927576,8.729374434340341,0.07975306195987054,369.78116372306556,366.4993145703333,3.281849152732291,0.02249032837363635,0.017097325525230272,0.19091689228577916,4.3549736912914805e-07,4.3012857784913346e-07,5.368791280014558e-09,4.988274749640908e-05,4.9860925150746214e-05,2.1822345495862427e-08,1.7277718150333938,107.74422849418852,5.262905145345254e-07,7.853473712632334e-07,0.05072913489212294,115.4109661230598,0.0061133395814821564,-109.85532724858422
681,0.11755797355761696,8.102609082531904,0.026190665843791202,7.99408501262258,0.08233340406553334,508.3498922320207,505.2722504993956,3.0776417326249947,0.015681608924094953,0.01748988488769028,0.20698733007587014,-1.6627576388335915e-08,-2.1108983867187152e-08,4.481407478851234e-09,-4.1004913584671465e-06,-4.122015904943514e-06,2.152454629082851e-08,2.4760937328004644,-37.77267275622532,5.638379918863472e-07,6.756594845269057e-07,0.0524800018139242,111.21570085256351,0.00601616237335425,-361.44606706529294
682,0.11952091691951815,8.37520084743995,0.027788656815296926,8.269739226306063,0.07767296431858942,484.70793296719916,481.057942135929,3.64999083127008,0.017500678172540158,0.018211484872636068,0.21836570491484086,2.4884009151269455e-07,2.446664717007173e-07,4.173619811977328e-09,2.774258020761025e-05,2.772157999865458e-05,2.1000208672895013e-08,0.7505184392159248,-82.9484879036417,5.949628776180151e-07,6.240118842262778e-07,0.051848629904653026,115.61965941850558,0.005714752788979583,-717.6236699696192
683,0.11500433714410317,8.358689321140899,0.025154707509490302,8.264767419908933,0.06876719372247514,305.34365740433884,302.1228169687851,3.2208404355533102,0.020253034353851982,0.017043039454136502,0.19911313072924403,-3.982001312255734e-08,-4.602305990546458e-08,6.203046782907254e-09,-6.557840902313731e-06,-6.579821139041041e-06,2.1980236507102676e-08,5.348027743561778,44.24496710316549,6.517185679268384e-07,5.819656444617601e-07,0.052567162127364155,110.49313814498143,0.0059075041076243305,47.01214735993972
684,0.12309821558590595,8.183217718065869,0.023930610638747987,8.087007846878523,0.072279260548598,502.1457144314625,499.465234623509,2.6804798079538963,0.019174745317814525,0.018861610938889325,0.2169685330654098,1.3202273446708698e-07,1.2569347064745565e-07,6.329263819631362e-09,1.2912820360701475e-05,1.289170549037677e-05,2.111487019070126e-08,1.703824779727594,2.804031185118421,6.6113189867841e-07,6.217006988220762e-07,0.05499261260755977,110.93439156604853,0.00597363942107353,762.1506277766607
685,0.11743807973848717,8.594755127151945,0.026627338092781512,8.485671401427767,0.08245638763139633,372.0011521637404,368.71024830285387,3.2909038608864667,0.013916750935467693,0.017147689581695626,0.20124638044389492,2.63334831772331e-07,2.5901661257143706e-07,4.318219200893888e-09,2.9604561796160837e-05,2.958142599691835e-05,2.3135799048020563e-08,0.7128944422376667,56.47286697936008,8.90172178288008e-07,6.985486011719091e-07,0.052026704819297456,118.5351144512596,0.00603615707228496,287.96220827378966
686,0.1223997254241041,8.418304560317674,0.024576114024185677,8.315326647198496,0.0784017990949929,418.081291138376,415.2630725922624,2.818218546114038,0.018671347640917324,0.018253838822909412,0.2110590427290029,1.7789544034555201e-07,1.7220927700708448e-07,5.6861633384675575e-09,2.0726667246721144e-05,2.0703574360044068e-05,2.3092886519394638e-08,1.1501895701515186,83.42146622883321,5.632420035728271e-07,5.681074865770747e-07,0.05283505834275716,113.51017821606543,0.0059325687797595365,-325.92621715227006
687,0.12175788994641898,8.30332326701213,0.029094115520427788,8.207747367645133,0.0664817838465722,410.27390272217514,407.4114401134501,2.8624626087258216,0.017982555221890746,0.019077080683223974,0.22107529605676587,1.0844435556125113e-07,1.0404115616722146e-07,4.403199394029661e-09,1.0533445243505013e-05,1.0511716796669122e-05,2.1728446667645098e-08,1.231647080977543,84.13417312240331,6.28909253101026e-07,6.12980040585033e-07,0.05603647378082968,114.81365264489376,0.0060065821996438855,-225.53056145966912
688,0.1200088312811095,8.52212268819228,0.024982326152361626,8.433031061265925,0.06410930077399132,493.33307788381626,488.5921116014363,4.740966282379587,0.020644970199805456,0.018377187460405103,0.21706083910922266,-1.4532701336493023e-07,-1.5174575911088136e-07,6.4187457459511224e-09,-1.8108037647127373e-05,-1.8128944556859194e-05,2.0906909543464572e-08,0.7006819417016323,22.830687469250392,6.933171167761502e-07,7.608886928480275e-07,0.05279029474151323,118.57254614587856,0.006038271599966653,-605.4720139658621
689,0.12917466512373346,8.765895373441818,0.029272265646363958,8.666485507331435,0.07013760046401762,343.1181859315656,338.422552023699,4.695633907866777,0.017871116901774443,0.018415839302031174,0.20852589087613443,-4.170565746915672e-08,-4.744478541959975e-08,5.739127950443032e-09,-8.045015777003556e-06,-8.067246333493057e-06,2.223055632894729e-08,0.4101252065122061,83.3296369238086,4.917631238376782e-07,7.092481548138726e-07,0.05497248107815758,115.89669744008573,0.006033526855362394,-540.5202157949316
690,0.11319197265611308,8.0502634517558,0.025928514354062068,7.94598715301088,0.07834778439085759,419.3810458810858,415.5850984326868,3.795947448399145,0.02141840445468033,0.016848440597952152,0.18749811228069355,-1.6326905934720106e-07,-1.694091168505719e-07,6.140057503370866e-09,-2.0811631688493486e-05,-2.0833701685155782e-05,2.2069996486366547e-08,0.6434721180410004,69.7447190595141,1.0547738552035128e-06,5.807192317394557e-07,0.049659690503888056,113.87710469742316,0.005889318598999071,-33.79070918409434
691,0.12517819164030425,8.481932418899207,0.03110238045077017,8.381436219219239,0.069393819229197,379.09086122791274,376.1807393634303,2.910121864482767,0.01678582154298752,0.019246402731970414,0.24425794785323396,-6.298490985261606e-07,-6.333750100501238e-07,3.5259115239635224e-09,-7.525285019460641e-05,-7.527415063599433e-05,2.1300441268398325e-08,0.6812980457247773,73.62080445866457,5.877447752853145e-07,6.635606758557832e-07,0.05569804827283186,110.38104721994334,0.005978668653450311,201.99079477959094
692,0.12068555816642121,8.396635988107176,0.02653121111884657,8.2968650149243,0.07323976206402957,472.50184546083045,469.183168597762,3.3186768630683745,0.018159608895330828,0.01775581849709376,0.20995229246424646,-1.442315361884594e-07,-1.4962055022840002e-07,5.389014039940553e-09,-2.0111493568612702e-05,-2.013330586473986e-05,2.181229605271155e-08,0.5579340159785222,60.85268940531003,6.016814336097395e-07,7.308795335708043e-07,0.05256090546677711,118.94707990282845,0.00592465385756772,-62.28326599824868
693,0.11301497222673063,8.366836041778548,0.024344979714045246,8.274960819103109,0.06753024296139412,392.44861314191354,389.4510101376267,2.997603004287006,0.01760100131058682,0.01660658621058816,0.18883120108310775,-9.493622676312181e-08,-9.94157271314984e-08,4.479500368376608e-09,-1.2589776971633618e-05,-1.2612670932292395e-05,2.289396047650399e-08,0.6509826852501822,75.80737863522047,6.722865788296109e-07,6.002024941394478e-07,0.049082088252038705,112.88598953316085,0.005993830194792676,529.7388489809205
694,0.11045712882786696,8.10508676613716,0.026094107943360458,8.000178553164531,0.07881410502926797,320.3233313970886,317.74854250419094,2.5747888928977685,0.01662472046415098,0.015437573028445515,0.17732307307468959,-4.023242521845524e-07,-4.082557435881468e-07,5.931491403594438e-09,-4.940731533455522e-05,-4.942811464987298e-05,2.0799315169043693e-08,0.5218750864248126,132.72863522308285,6.488526505404586e-07,5.829096581108905e-07,0.04630162201203459,109.0960458886448,0.005784470494595011,-308.75115686191066
695,0.11796034217967112,8.421877137905138,0.023426816062127164,8.315034546750573,0.0834157750924395,405.8756795347409,402.60579500294995,3.269884531790502,0.017754262561156427,0.018437463445292655,0.2079488609401414,5.891941194833891e-09,-7.163246546273335e-10,6.6082658494612216e-09,-9.632165775154245e-07,-9.846231928020044e-07,2.1406615148279272e-08,1.4505131978335082,53.41652221067205,5.680534840344222e-07,8.801194932820561e-07,0.05373198010068608,114.37140423150325,0.005925367403692645,-199.62516423243505
696,0.12363928110562272,8.663112673375183,0.02720247088361036,8.56262959516699,0.07328060732458136,370.142107637368,367.61445531376535,2.527652323602744,0.018505882326439717,0.017943386666146612,0.2137951855793561,-1.3400777829864126e-08,-1.724728128471167e-08,3.846503454847544e-09,-2.946498954490672e-06,-2.9690048300333166e-06,2.2505875306831193e-08,0.6628416966813202,64.16747975269932,1.0069726149669978e-06,7.252394024381789e-07,0.05450153013989282,116.53259942874452,0.00607916534660721,16.962981375976597
697,0.11255508905702138,8.680616552808397,0.025799561192193853,8.577232159011611,0.07758483260459081,367.76006095741025,363.6802758590062,4.079785098404229,0.02025813542784873,0.015398036721352214,0.1776236025257867,-5.612475908017768e-07,-5.653187209650325e-07,4.071130163255848e-09,-6.661458887826871e-05,-6.663627372105346e-05,2.168484263249699e-08,2.4708312242258543,-31.41385067644532,6.207869255803375e-07,5.991624730251641e-07,0.04598059864232588,113.14271951606491,0.005980929431881958,567.783671304459
698,0.12068008210275988,8.794103236377602,0.026769215987779878,8.693587333965338,0.07374668642448438,482.0166917251135,479.0077140340766,3.008977691037057,0.01605278619709762,0.017576395248790712,0.20185746691993262,-1.408324859016282e-07,-1.4639833196331058e-07,5.565846061682427e-09,-1.8489425636972203e-05,-1.8510671435343618e-05,2.124579820001329e-08,1.0228704667549515,24.370525731324587,6.619009058413741e-07,6.129600333032158e-07,0.05101797892230727,117.93277799215238,0.006086435102338736,302.3839907858692
699,0.11958665032818237,8.33593358207941,0.02805507772665139,8.241847599019538,0.06603090533321904,354.9568592291272,351.89568788761613,3.0611713415111774,0.016894719592905675,0.017358110031946563,0.19760482913502722,-2.0812050832328913e-07,-2.1270451761641705e-07,4.5840092931279484e-09,-2.6488983524046843e-05,-2.6508680669439443e-05,1.969714519137159e-08,1.5172270151250515,20.70189439102015,5.41250097433001e-07,6.641958738014753e-07,0.0515210914761491,109.34438379798105,0.0058377024704357695,-7.344486464427973
700,0.11749514728538876,7.960455694244077,0.02466690788760962,7.86891779622587,0.06687099013059858,331.3102995780487,328.20887143952416,3.1014281385243634,0.01812513814400689,0.015621420167820798,0.18330947479654697,-1.5320318734535607e-07,-1.5769033271106324e-07,4.487145365707153e-09,-1.978496334943883e-05,-1.9805566771152167e-05,2.0603421583828564e-08,0.8212664760660311,-3.8739814549706475,5.107586138319972e-07,6.812358976228434e-07,0.047087799844012214,107.20218047933659,0.005851389046950086,115.57403386684746
701,0.1129635395384501,7.955921443086711,0.028866484452002215,7.863685140464408,0.06336981817029959,437.19862716355703,434.39673601076333,2.801891152793757,0.017982165425455866,0.01713490805142855,0.19879885656504537,2.9258600148692398e-08,2.5435850894475854e-08,3.8227492542165375e-09,2.5409222128251848e-06,2.5201604394791854e-06,2.0761773145175155e-08,1.0649743715698583,39.61565558497141,5.983001820977249e-07,6.639769177890037e-07,0.05039484553635983,108.10469130590587,0.005918091323143877,-33.30807118101984
702,0.12057771056817161,8.27875635132594,0.02562052410524586,8.17120521683275,0.08193061038794539,373.45269511976915,370.7549123110079,2.697782808761531,0.017327584053998618,0.018578148448827103,0.22403636679880037,8.97533022651171e-08,8.515691062920157e-08,4.596391635915534e-09,8.827122785468303e-06,8.80419653393688e-06,2.29262513869834e-08,0.7727193383165576,-15.646308857039507,7.02991583673919e-07,6.553219730581261e-07,0.054951449795163664,109.15327903985533,0.005914757998958397,350.2896484866528
703,0.11534441929580065,8.012958250293208,0.027445583266231713,7.921015752575981,0.06449691445099508,501.8018181088964,498.10316185106154,3.6986562578353515,0.01399234105247118,0.016457803183688512,0.19937084191561044,2.3735443532082107e-07,2.3323538615378096e-07,4.119049167040144e-09,2.7369180317061174e-05,2.7348278395245302e-05,2.0901921611038377e-08,0.6325066361008211,-133.70145093129793,5.354024402343247e-07,5.949713083557983e-07,0.04871571625072697,110.11061795137321,0.005936500992030941,305.55256810976516
704,0.11640867444958564,8.804467222352812,0.025955939168792803,8.699239299905317,0.07927198327870187,386.28915469444513,381.06028957937616,5.228865115069746,0.015624592800147394,0.018346428010259288,0.20174491496038716,-2.5475872304908647e-07,-2.586117744440962e-07,3.853051395009592e-09,-3.178962187335472e-05,-3.181200498414069e-05,2.2383110569777115e-08,0.5211694853797347,107.02090000846081,5.898340573619403e-07,6.667502503105616e-07,0.055119314975882544,116.57202302011015,0.006070506113412788,44.49719888129766
705,0.11966934120994233,7.9565507584104695,0.023870698504768712,7.864183591324598,0.0684964685811025,361.9988827694515,358.4693037030055,3.529579066445894,0.018696207822848677,0.017198471861998833,0.20557419409799585,1.1096320807922402e-07,1.070860949892711e-07,3.877113089952907e-09,1.2445875208760821e-05,1.2423237730401089e-05,2.263747818099571e-08,0.5395381591749695,122.46858242481007,6.78060669046036e-07,5.928716816812818e-07,0.04945807481370034,107.90786615254294,0.005760675447191441,566.1300877413946
706,0.1179842539306614,8.067682428442545,0.024355012664686572,7.977747338116483,0.06558007766137672,362.1223171328511,359.0382027550273,3.0841143778236337,0.021347300067018824,0.017867196513250187,0.19984392439884352,-2.7079220668151875e-07,-2.7457486852150885e-07,3.782661839990229e-09,-3.221038297637898e-05,-3.2231494485676517e-05,2.1111509135632967e-08,0.6436362450674651,246.28635402396222,5.052293954156455e-07,6.463421202535918e-07,0.05263810020155707,110.48403396949789,0.005958733529168277,407.45671134033364
707,0.12112732998317141,8.545321994299064,0.025445723929799487,8.443365402189222,0.0765108681800446,497.5087314406063,494.32495672620445,3.183774714401706,0.018515591115497002,0.016743634539819953,0.19443550668178478,1.2719648460011872e-07,1.2145310246095615e-07,5.743382139162537e-09,1.4312935783099326e-05,1.4291357475935264e-05,2.1578306953849276e-08,0.695796788039953,-112.03586840223194,5.312808680077552e-07,9.037530464239982e-07,0.05097389141269295,111.99784966857975,0.005905406974620816,-455.1928149389796
708,0.11110392846456242,8.27093310066352,0.026006315992887566,8.163151597510215,0.08177518716041837,366.810892900634,363.92797293873645,2.8829199618983194,0.023460618923487324,0.0150981405896764,0.1789343373748788,-4.9528133795904766e-08,-5.530553680129497e-08,5.777403005390163e-09,-7.399045197963101e-06,-7.421138306203917e-06,2.2093108037856314e-08,2.195818279083524,44.90059226049383,5.783323480867727e-07,5.925794929941505e-07,0.04415070333882426,116.29128228155102,0.005892077117882152,2.1266970390179267
709,0.11564851232581004,8.581829096639577,0.02569202369775932,8.488914608573479,0.06722246436833872,423.5477512809501,420.5495291830695,2.9982220978802676,0.019166098648893848,0.01934872644693083,0.2208585378926054,1.814674463490363e-07,1.78586269786243e-07,2.881176562793226e-09,2.024903816036317e-05,2.022695592549796e-05,2.208223470496438e-08,5.574498379259606,109.78005293162582,7.097269894447194e-07,7.259413370804893e-07,0.055153411639693034,110.96640633694325,0.005933866476496498,-84.42256790905685
710,0.1141798681061326,8.620779607667604,0.025130932714535852,8.506336202613475,0.08931247233959239,405.14195830968134,399.6593824508017,5.482575858879694,0.02047553283240295,0.01580940433065593,0.19339442359765824,-3.012680237844023e-08,-3.667974129151182e-08,6.55293891307159e-09,-4.488468904352225e-06,-4.510235110038367e-06,2.1766205529857748e-08,3.9845470187324814,29.625500987254398,8.40338635261985e-07,1.0176579773624381e-06,0.046060867935854496,114.93808231857177,0.005968171371270799,-618.7553995034441
711,0.11445714839168417,8.543046276452134,0.026107786190333087,8.435422392455507,0.08151609780629421,403.5344144869591,400.1648654553715,3.369549031587468,0.019773931118942132,0.015172335505563895,0.17913993735826422,6.575896126464699e-07,6.54026908358689e-07,3.562704287781112e-09,7.547908032569267e-05,7.545816861529727e-05,2.091171025358797e-08,1.0040034827912296,23.50845854001793,6.522109580315576e-07,6.018841274467517e-07,0.04507688410107926,113.0164611763756,0.005794341287295097,-379.76758025207164
712,0.11763080211833817,8.015614123335931,0.02351415194769258,7.913763681625356,0.07833628976288134,435.9641110424776,432.6745612309114,3.2895498115665425,0.015407463332285763,0.01723372601595172,0.20078321563713705,-3.254118578593281e-07,-3.2863593486651987e-07,3.224077007191736e-09,-3.898601781394494e-05,-3.9008197713316696e-05,2.2179899211539797e-08,0.7160121224760865,-19.223326661102487,5.623110543527983e-07,6.374550611882848e-07,0.05263329979905073,105.5151550913985,0.0058844142457736386,164.59430972144264
713,0.1198907846579229,8.888874724450234,0.026779879222197,8.770377287969325,0.09171755725871208,379.9450582244539,376.0046759063448,3.9403823181092363,0.017157220811770364,0.01743551901047373,0.20408997999176434,3.4702775986378757e-09,-1.501099512811136e-09,4.971377111449007e-09,-2.729734814865213e-07,-2.946667613636725e-07,2.1693279673046567e-08,1.1102890057031118,96.88099570024103,5.899064535437832e-07,7.279067158593726e-07,0.05203349376562679,118.81109430044629,0.0058818764046604825,494.8537413831982
714,0.11504194126928854,8.596466694843212,0.026911345718348325,8.465319240929867,0.1042361081949972,342.60277798111133,339.85934517749837,2.7434328036131586,0.021141275800924734,0.017045285743926924,0.19428463751761563,-3.730186391650685e-07,-3.770134585379577e-07,3.994819372889226e-09,-4.519227518976848e-05,-4.521454477051718e-05,2.226958059316651e-08,0.8565465339209639,7.759888359671269,7.555118645439231e-07,6.50121742648263e-07,0.05036386812262704,110.70134051323427,0.005981765525649205,278.16242086607963
715,0.11719661460352616,8.193517462917306,0.023997215086025175,8.094161682490252,0.07535856534102708,531.7671156502793,527.8488045852013,3.9183110650777784,0.020451020306041595,0.01654262185911819,0.2062838077509246,-6.107801621410316e-08,-6.540516801984597e-08,4.327151805742784e-09,-8.718294154825217e-06,-8.74027270769359e-06,2.1978552696003817e-08,0.4752471244714701,6.891953053209015,5.395286708018104e-07,5.647952630159926e-07,0.0483686549098581,112.27384654285103,0.005888766492706337,396.58279649015185
716,0.10826625663846305,8.28717706149749,0.025415369651170767,8.19561024881941,0.06615144302690786,504.39891271285575,500.700988231635,3.697924481220767,0.019082683883922456,0.014912396724062261,0.16898939874372773,-2.0563731278280474e-07,-2.0943294671350449e-07,3.795633930699789e-09,-2.6170020613920657e-05,-2.6192155509517945e-05,2.2134895424115722e-08,0.5425888813095711,0.008252294964416818,7.113235612686074e-07,7.920673229684928e-07,0.045660003368853244,115.24465539964089,0.005948409497796948,-234.43955964505403
717,0.11720276356659201,8.106889901650586,0.024507951715366048,8.00853348060728,0.07384846932793965,421.5459438382339,418.3577337562435,3.1882100819901877,0.01599962849293653,0.018426543535947366,0.2130602599039605,-7.200493814642482e-07,-7.23050987731212e-07,3.0016062669637087e-09,-8.479955200228709e-05,-8.48206020971299e-05,2.105009470435441e-08,0.6392913614810798,8.972021364743961,6.655967201155838e-07,5.819279397296624e-07,0.052934957942332134,111.26530232318642,0.005877879611682126,363.91293369461573
718,0.12007565725750341,8.345650839158639,0.025057387594770355,8.244292792760698,0.07630065880317011,413.3792580682546,410.37028044081256,3.0089776274419227,0.015186233306501328,0.01802988530977681,0.21853536241490845,-4.345083149536878e-07,-4.388115244329217e-07,4.303209479233888e-09,-5.448108345656881e-05,-5.4501995052645456e-05,2.0911595901546018e-08,0.4118766914212233,90.75183154088937,7.896737262735252e-07,6.929804524098834e-07,0.05349606970837048,119.04088601547647,0.005851771198207186,659.6143206585739
719,0.12388179068922126,8.486649582192252,0.024061435538480155,8.398576773337872,0.0640113733158999,373.0277439824878,368.3756028168527,4.652141165635536,0.01960221552559605,0.017262647484142357,0.21756207393432503,4.886205122442975e-08,4.341684144340052e-08,5.44520978102925e-09,4.997888490891579e-06,4.974924878942542e-06,2.2963611775387305e-08,0.7900698149370459,112.56387954354143,6.64287220850534e-07,6.605964737251077e-07,0.05158716037389976,110.62418368999519,0.0059795602357565385,547.6759959084434
720,0.12187345823753656,8.72090072973158,0.028656661482785343,8.60038424002416,0.09185982822463394,373.6534083570357,369.3833558836729,4.270052473363455,0.016963991564973885,0.019398523755681595,0.2220137978246969,-2.0476717119877543e-08,-2.4577590420642195e-08,4.10087330076465e-09,-3.529937048704025e-06,-3.5529632185161983e-06,2.3026169629502493e-08,0.6912578702699609,269.87739554369057,8.031537122910748e-07,5.919720843038141e-07,0.05703174106266108,116.03493553769886,0.0060220674555449775,-72.77803087327811
721,0.12163503788433631,8.945801415018803,0.026679207475606512,8.833265403052247,0.08585680449094933,344.69716688506116,341.2697496894847,3.4274171955769224,0.016946419883842233,0.018290445010240946,0.20611509302805603,-3.339411697077717e-07,-3.4409333240142037e-07,1.0152162693648673e-08,-4.0898135621500453e-05,-4.0922945846543834e-05,2.4810224877575593e-08,0.5659267203926501,141.4299680299027,6.308644712313581e-07,6.740259158158743e-07,0.056224766625420676,117.98617107824728,0.005988488121697741,808.807910942629
722,0.11834077237323345,8.135825473437947,0.02562792166591274,8.045497050155495,0.06470050161653977,366.0818627540839,362.7899015972492,3.291961156834455,0.02084747242327647,0.018078659207964178,0.2079879286654846,3.616643167636397e-07,3.5781275380465746e-07,3.851562958982178e-09,4.1628807464482866e-05,4.1607494355852197e-05,2.131310843121589e-08,0.7325024453773004,176.8083368216323,7.04416981960957e-07,6.592748138200921e-07,0.054495967909304804,111.73056859914716,0.0060181253864213975,463.2632843446868
723,0.11517846160553609,8.489497377661317,0.027386748094363113,8.377574898088778,0.08453573147817792,330.72151220646117,327.40825691422907,3.3132552922317435,0.015942850157032906,0.016016345012282475,0.18167569216016663,-3.366447467866298e-07,-3.406189092904297e-07,3.974162503799944e-09,-3.921494923529311e-05,-3.923731889229036e-05,2.2369656836269565e-08,1.1318981154771217,24.374659448636272,5.70576830542197e-07,6.137445172445971e-07,0.049339408285051525,116.73209710010406,0.005966643690551758,336.8608744820913
724,0.1191692608004201,8.355816852468198,0.027139530614903488,8.253693172012278,0.07498414984101663,597.6005082007393,594.2438762237224,3.356631977016302,0.023628947506470255,0.0171225964763449,0.20805045489596177,-1.0267917298902417e-07,-1.0607309685911257e-07,3.393923870088399e-09,-1.295208785242737e-05,-1.297434722493288e-05,2.2259372330262484e-08,1.1442317983127002,5.083606675669681,7.638554342566034e-07,6.450773242478275e-07,0.050538479936179714,110.45882319246797,0.005919836113865282,495.44003875850876
725,0.11240470434584186,8.411635763861135,0.0251252989195465,8.313217500125607,0.07329296481598079,447.32208084884843,443.75928986951914,3.562790979329497,0.018916111333864512,0.015772467944439893,0.17968450102328887,8.458434550416513e-08,8.064876092007298e-08,3.935584584092145e-09,9.19281964891273e-06,9.169959996547378e-06,2.2859652203760147e-08,1.1611569412938778,19.114288858298067,6.268682671379041e-07,5.505664581744377e-07,0.04844081687821262,115.35631462083613,0.005859300006526193,141.17330544595006
726,0.11286997356794377,8.699438794808707,0.026379029928444285,8.591516785647753,0.08154297923251082,546.7010875189367,544.2835008927437,2.417586626192907,0.016417005945726898,0.016023519892962846,0.1805473201659023,1.1119139793854238e-07,1.0662092179290524e-07,4.570476145637181e-09,1.2058656457907087e-05,1.203747861086617e-05,2.1177846826201247e-08,0.8062634552717373,36.21962468225645,5.692739602667143e-07,6.485368191130093e-07,0.048074672274892635,115.32972498892593,0.00583423006602493,535.9701639462255
727,0.11704983247091044,8.580788560864775,0.026288967876898415,8.473449202533224,0.08105039045465211,423.96860901284276,421.212516914442,2.7560920984013673,0.014879493600681823,0.016447624679495888,0.192222249116363,-9.33583668998301e-08,-9.842402521357821e-08,5.065658313748091e-09,-1.2051616051008767e-05,-1.2072978043158544e-05,2.1361991930707656e-08,0.4632317489069174,339.72598063763655,6.62585017738874e-07,5.58389516421782e-07,0.04951316733452376,115.92190005867786,0.006064659799056585,92.14735060746716
728,0.11698847125147054,8.333996341888902,0.025081953790699975,8.23559551185336,0.07331887624484353,387.40618867097555,384.32810733616054,3.0780813348154843,0.020056659421293557,0.016326902158887817,0.18855307327491044,-7.731930828481668e-08,-8.343178313684479e-08,6.112474852028064e-09,-1.140382432658019e-05,-1.1427504405655654e-05,2.3680078888065145e-08,0.607112580866215,86.82405436161534,6.904308318637275e-07,6.161062073320895e-07,0.04888782550012313,113.63130704242286,0.00588071673473079,-787.0479487892253
729,0.11451082296467725,7.761575281535245,0.025734606896607476,7.671074641870901,0.06476603276773563,339.8401252885001,336.9489756672902,2.8911496212099954,0.018667903840834207,0.016628314029947088,0.19663317247383652,1.909576339746965e-07,1.8638508956615326e-07,4.5725444085432e-09,2.2641229272083505e-05,2.261864878671614e-05,2.2580485146017667e-08,0.7123605526096222,178.41340065546242,7.411265230873531e-07,5.731062271204001e-07,0.048437918369837074,102.56417567660299,0.005991445529053345,-246.75940948031712
730,0.11928965722498897,8.10722935569996,0.025342491032471395,8.016332214158497,0.065554650508992,581.2272558015,578.6649287987518,2.562327002749288,0.026111746908662206,0.017232275753198877,0.21355733089022444,1.1820999011661516e-07,1.1391391964672577e-07,4.296070469889372e-09,1.2741220639909201e-05,1.2719239760265374e-05,2.1980879488342543e-08,1.0307031235998445,83.51159324970244,6.532626779226222e-07,6.515191193961519e-07,0.05177094345469911,107.00400126192046,0.00586719494610163,-371.58938114500916
731,0.12204551084401279,8.627163744028106,0.025137985381104674,8.513020753893393,0.08900500475360722,444.85393464133585,441.1863984383924,3.6675362029434013,0.021975914864174054,0.018349547013406246,0.20630342568581433,-1.007583857513833e-07,-1.0556873982619332e-07,4.810354074810011e-09,-1.2764524342252292e-05,-1.2785607121634413e-05,2.1082779159424693e-08,1.9225650497924038,130.5143863762798,6.731319265708713e-07,8.476160243915839e-07,0.053804074116334095,121.13504397075744,0.006022568897974284,-10.353666564114974
732,0.11793090024935228,8.385993739661037,0.026746314735411315,8.27981571110931,0.07943171381631761,394.18885348054323,391.1797379680591,3.009115512484205,0.01736528922657786,0.016715980567450994,0.20111791759788117,6.613150694697281e-07,6.581195006418455e-07,3.195568827882509e-09,7.849868504031803e-05,7.847713963089181e-05,2.1545409288376463e-08,0.8889167126139594,22.270857866541746,6.055187785433513e-07,6.163905941766877e-07,0.04850988243491465,107.50659803700526,0.00600263485112109,-163.74216045744197
733,0.11910816449817908,8.386031892131712,0.025833202015085575,8.290722750749778,0.0694759393668489,484.99521317207154,481.47639299799596,3.518820174075618,0.02086622417290586,0.01681502253278789,0.20943344914984877,-1.6652988371906122e-07,-1.701779329098357e-07,3.6480491907745135e-09,-2.04588404563948e-05,-2.047978238403054e-05,2.0941927427716172e-08,0.4035324062855501,88.44193321128283,7.499622382589288e-07,6.392163371943053e-07,0.050549376923266276,112.62543669708356,0.006004873482390193,356.7810676268891
734,0.1214376714682487,8.636639812643466,0.028129454188915822,8.534017105717627,0.0744932527369235,369.56155676900175,366.7889406769567,2.7726160920451526,0.018722669734720507,0.01805710305086686,0.20334976087359974,4.026395130264344e-07,3.972365313610267e-07,5.402981665407626e-09,4.5883132136419496e-05,4.586110792192481e-05,2.2024214360801613e-08,0.591549367565454,-23.517953437432855,9.601325214594536e-07,6.90184518167385e-07,0.05403304141294757,120.15883858937542,0.005872852908753651,-691.0004488397562
735,0.11933627556855042,8.643506007266902,0.025977497436813525,8.53235569288609,0.0851728169439974,307.74324280146624,303.3353776728832,4.4078651285828725,0.0162644649077604,0.018355880886415023,0.20146702786967868,-7.707341972987649e-08,-8.178516355486571e-08,4.711743824989231e-09,-1.18681908691829e-05,-1.1889707732795231e-05,2.151686323912613e-08,2.3107707985558674,121.2887007056575,7.140028781523863e-07,6.497897201538629e-07,0.05328460400614994,117.26414313216952,0.0060549988839175275,337.41614615079243
736,0.11700422847129645,8.519213840439281,0.026830429374453322,8.410094975506128,0.08228843555869933,381.9869169973156,379.1519881461139,2.834928851201851,0.018453007120084998,0.01802723204037372,0.20323347985013698,1.7533149085253633e-07,1.711997550367856e-07,4.131735815750753e-09,1.8705306430500753e-05,1.8683728206938388e-05,2.157822340097222e-08,0.8836624341109132,103.7535177213322,7.014136218949939e-07,6.286794596782377e-07,0.05332400657097031,110.9735703125637,0.0058458822041441375,-42.86408762794963
737,0.1140281388198134,8.211341335478423,0.025036929833004585,8.10906064599131,0.07724375965410979,372.27721729327294,368.01808641863323,4.259130874639713,0.015519839733372433,0.014361616415673814,0.19221600301296218,-3.956947516845043e-07,-3.9925838947654986e-07,3.5636377920453395e-09,-4.831059548706489e-05,-4.833355114170699e-05,2.2955654453943594e-08,0.4994809659439418,62.11503701072654,7.062030828527322e-07,6.576681664383121e-07,0.042239997566403106,107.82861847542927,0.006006315325839973,-270.68647838563083
738,0.11019876830842566,8.034671968028368,0.02482801800401331,7.956907800245918,0.052936149778437636,317.09547960242554,313.3652548162917,3.7302247861334896,0.020388425209835876,0.016451280372297115,0.18489889268533563,-1.6387764585793115e-07,-1.7009524971489236e-07,6.217603856961191e-09,-2.255558423418751e-05,-2.2577807955782154e-05,2.222372143775952e-08,0.6368212192705508,97.4285223498752,5.830651603755079e-07,6.045042221595543e-07,0.05021232875575336,105.90420865483598,0.005727375390394177,-210.07456690797335
739,0.11296326739301046,8.239786120283764,0.02608711908067347,8.129278598115631,0.0844204030874591,334.95129742016246,332.3467947198953,2.604502700267607,0.017005079946222808,0.016453956246669323,0.18943993082224905,5.266809723498644e-07,5.218350465532295e-07,4.8459257966350974e-09,6.0688492133866366e-05,6.066714788662763e-05,2.1344247080154263e-08,0.7792925924380185,-9.056257222778717,5.197239447537957e-07,5.907489800788862e-07,0.04853372774980188,115.72937524007867,0.0057409337470947655,394.31015997051145
740,0.13108304450354347,8.8634388418974,0.026634726816613066,8.766126944862616,0.07067717021816874,395.8937242306375,393.1448487631999,2.74887546743733,0.022371930079323164,0.021744247519068092,0.2521972676726048,6.88224150574672e-07,6.801356360947864e-07,8.088514479885444e-09,7.851193631521184e-05,7.848985778745481e-05,2.2078527582902104e-08,0.7515713148104786,-26.71447958252679,7.304960647509024e-07,7.633034490850122e-07,0.06402376591145342,111.90575039068057,0.0060153840445636335,42.09814874314452
741,0.12028570591196874,8.225360392412059,0.02623661129115769,8.138926197141629,0.060197583979271344,404.79761584926655,402.0921229824449,2.7054928668222447,0.015121996275163677,0.01859331920105698,0.21095215661544026,1.4650829545795653e-07,1.4339868393776517e-07,3.1096115201913535e-09,1.6289712943172946e-05,1.6267441483846207e-05,2.2271459133905905e-08,1.318799436977776,126.16993588583126,6.554461898758736e-07,6.784965602981092e-07,0.05373798808827417,113.01744948673334,0.00604360106803505,146.06788866387706
742,0.11558618264865948,8.701879469428956,0.026869511102330233,8.601417511324088,0.07359244700253877,364.2558915388984,361.2761030127958,2.9797885261030093,0.015926100016894366,0.014516542075771362,0.16495254808871737,5.907887929901195e-08,5.21042556369339e-08,6.974623662078087e-09,4.693152753916268e-06,4.6709046655364e-06,2.224808813723628e-08,1.0466697597191719,69.771063010593,5.810587670058485e-07,6.557004605476816e-07,0.043815811541649985,114.79395527458374,0.006053432612630831,-424.39147036559825
743,0.1172594343754672,8.467049352624633,0.02690065931467663,8.368590678190738,0.07155801511921768,441.31467638726883,438.15390588695647,3.1607705003124575,0.01779129470786649,0.0166447916508175,0.19434076483280338,3.0532313138165876e-07,3.015207372955539e-07,3.802394086104671e-09,3.5196232452302625e-05,3.5174148074614804e-05,2.2084377529665315e-08,0.7816653389713553,-115.62430060359544,5.945609972618364e-07,7.14665002036384e-07,0.04935956309808605,114.85259235926918,0.006085273002661484,-916.243528506212
744,0.10726836052293369,7.7945921778614595,0.02405251156897565,7.7074452336550845,0.06309443263739827,489.6842640590219,487.38941549373175,2.294848565290268,0.020347251907995974,0.014643760553671302,0.16501910300931116,1.8991759830905812e-07,1.8658757061829578e-07,3.3300276907624092e-09,2.2455643111686078e-05,2.2435002035335064e-05,2.0641076184407262e-08,1.0264963767608701,116.26002511994902,4.665444072078304e-07,6.758100627375657e-07,0.04416237998766567,104.45839949801531,0.005976758088632183,65.62013942372005
745,0.11723713926506871,8.620495918583508,0.023657283648613556,8.516540930486368,0.08029770444852652,303.91762937207596,301.3079588620667,2.609670510009602,0.015655307523897377,0.016595702828090676,0.19070552208766806,3.7204251215605433e-07,3.672149441930708e-07,4.827567962983498e-09,4.3105239043833096e-05,4.308318081522982e-05,2.205822839268513e-08,0.776079615974627,46.838154755454696,5.768793060273368e-07,7.609225082665733e-07,0.0505589995725865,111.83634265590283,0.00587275775929787,99.73420378008632
746,0.11521108969391901,8.662702283999412,0.025854477656204876,8.563710810038724,0.07313699630448184,345.2965746027606,342.4449089126346,2.851665690125994,0.01647744144101696,0.01616854503852905,0.1826475751611096,5.992506122941693e-08,5.2613878567085386e-08,7.311182662331522e-09,4.985121156457395e-06,4.963756186344011e-06,2.1364969967665785e-08,1.3045162359569937,-30.57045625418284,7.229573565547409e-07,6.383601849075077e-07,0.04796219959206997,116.12495122863413,0.005929478824213695,-182.60303654704967
747,0.12042546617176342,8.291155620310436,0.024677220057640132,8.179898421051213,0.08657997920158264,418.2949135256666,414.6636833030614,3.6312302226053004,0.015509616778311645,0.01765426948393104,0.19959778950866186,4.359470474187394e-07,4.312761391726685e-07,4.670908246071003e-09,4.964961872703241e-05,4.9627991815656125e-05,2.162691113140467e-08,0.9126463233482602,159.54733225685123,7.086676129236454e-07,5.853399843467756e-07,0.05382557096789825,110.17203294399438,0.005867903272221647,163.94453466346658
748,0.11872552360521126,8.810335903606322,0.027729469281854442,8.730593448646758,0.052012985677708436,452.49833885252747,448.40524235103345,4.093096501494323,0.028365532232194037,0.01702782198272448,0.20720270126913454,-3.3035637777859e-08,-3.743127779162691e-08,4.395640013767909e-09,-5.73478231260729e-06,-5.756085537360942e-06,2.130322452913514e-08,0.6118748747199627,248.27373655999318,5.549850719376199e-07,6.679018470824965e-07,0.049450567891289356,121.34939776738466,0.005926962560882892,99.60024961954969
749,0.11269513386091447,8.344757361660895,0.02593782842211218,8.241621450424745,0.07719808281403864,423.6159366348124,420.5344307745578,3.081505860254938,0.01588694196686606,0.016458382114861482,0.18052577689944405,1.8031964088113895e-07,1.764658804765434e-07,3.853760404595646e-09,2.0101340858845482e-05,2.0079556133240305e-05,2.178472546173264e-08,1.3898704966647506,19.98072426591931,7.522311341496934e-07,6.34413614918817e-07,0.05001834887334323,110.64873037840039,0.006104569268218633,-1116.6627473851768
750,0.11936829529301642,8.213870783740413,0.02533019695795132,8.127249206098675,0.06129138068378811,343.5827318566506,340.92755506873044,2.6551767879202064,0.025935377501732658,0.017639563238822015,0.20565336403345702,5.841107016785307e-07,5.792459324060409e-07,4.864769272489761e-09,6.801746118235525e-05,6.799582807709282e-05,2.163310508424514e-08,0.7045921748904953,134.03377241329767,5.639447176388771e-07,5.760143082913883e-07,0.05047822808754138,115.87532758412227,0.006021322585001685,53.529953877865864
751,0.11319612786482497,8.063439324992114,0.025353671713189484,7.973374735013725,0.06471091826519859,307.2307070920057,304.44009917760786,2.790607914397561,0.021078390756823048,0.017144262336837187,0.1910123745775397,5.257031490715446e-08,4.6995794084069204e-08,5.574520823085262e-09,5.068097159257834e-06,5.046824499249377e-06,2.1272659837578063e-08,0.507215934303681,36.42462890143609,7.232262951781068e-07,5.541547473845727e-07,0.05035591376572728,104.74413584656412,0.005850108648320514,51.700700194399815
752,0.12131387392261332,8.653065903957112,0.025036412665531114,8.554021191672852,0.07400829961872726,325.62369458426184,322.38418780288896,3.2395067813729623,0.021589967855708003,0.018142166759191485,0.20513169314146784,2.194374315324169e-08,1.7315990530424642e-08,4.6277526228170425e-09,8.509055982029282e-07,8.299414382557468e-07,2.0964159734291396e-08,0.6346538827850507,114.22797013004414,8.389193051196047e-07,6.422185826669234e-07,0.05517567857315278,111.13308075969775,0.0058769072537162926,545.3188283395202
753,0.10710813400232205,8.341494661081715,0.023480924816464417,8.234609214201674,0.08340452206357622,429.9298157131952,426.65597650570305,3.273839207492376,0.01668545067851993,0.013688312676178515,0.1559573032883215,-1.1543532328739093e-07,-1.1933926897830926e-07,3.903945690918328e-09,-1.5088253253685033e-05,-1.5111951920955176e-05,2.3698667126149407e-08,0.6364375898316953,64.55239637116833,6.388853166611336e-07,6.816885880287818e-07,0.042747480133472876,109.96351771175271,0.0059231938007971545,-23.514265217751017
754,0.11579415462212009,8.472119133275145,0.02596794621455643,8.377704840914404,0.06844634614618537,339.1552421453916,336.48156921570984,2.6736729296820156,0.017556394737733454,0.016669894450603982,0.18107396453300625,2.062564501572476e-07,2.0222398674853167e-07,4.032463408715982e-09,2.398329943413988e-05,2.3961197697776416e-05,2.210173614201902e-08,1.8468084617371576,-11.151339548756138,5.873344113180267e-07,7.154526127149186e-07,0.05029626447804821,117.27888777789954,0.006061091413833332,399.40868320269055
755,0.12152120199509173,8.478531988762759,0.02543146397600764,8.380639044017967,0.07246148076878361,363.2923918132485,360.5705138805733,2.7218779326748606,0.020009217100791205,0.018848566314966175,0.22146169512002492,-4.4032165782455675e-08,-4.846020843181507e-08,4.428042649359394e-09,-5.852388243348822e-06,-5.8736503981092936e-06,2.126215452714595e-08,1.6346365232160769,77.82157835867541,5.756961995529142e-07,7.800319235390698e-07,0.05446590148815186,108.2055467782699,0.005858933027390452,-179.52354402665424
756,0.1132097010483309,8.377375895912417,0.02779082952044313,8.261735962218914,0.08784910417306396,402.4740221401933,400.1714249171039,2.3025972230892138,0.016944981771826323,0.01557480115901961,0.17632164878639642,4.073465483182953e-07,4.0329132531186323e-07,4.055223006432114e-09,4.724345497046578e-05,4.7221485313727615e-05,2.196965654267513e-08,1.1221562061521622,73.0602126363465,6.33581023294377e-07,6.902118227645309e-07,0.04605872534569744,114.31111531853223,0.005873148608429541,62.9695641308972
757,0.11624537036514712,8.36992297539978,0.027585744861489795,8.265119215815846,0.07721801472244168,381.1501116661352,377.8802991354566,3.2698125306785486,0.018297489108324818,0.01585348415212712,0.1779112802993737,5.895098080507285e-09,7.174254722778001e-10,5.177672608229481e-09,-2.553202543842026e-07,-2.7645175526916254e-07,2.1131500709914655e-08,0.7645913425819261,31.68269786926554,5.63197559455865e-07,7.044558559977446e-07,0.046843104930959056,114.13960136536598,0.00603892371832766,189.96210908146804
758,0.12411147843152118,8.950236197879475,0.02721445393332116,8.866490871010702,0.05653087293545,422.2224144121431,419.75304964399544,2.469364768146771,0.019120345890323378,0.01705435760840157,0.19109533710502624,-2.33260075071324e-07,-2.371221957579027e-07,3.86212068657864e-09,-2.827938674052185e-05,-2.830176756049453e-05,2.2380819738106693e-08,1.2250078461039298,157.50151059008257,7.008317816489666e-07,6.436561699681981e-07,0.051398089137793125,121.633910874567,0.005990252005958425,145.9767712636335
759,0.12132722259320743,8.567350998511094,0.02540700599581298,8.469152684321715,0.07279130819356552,357.98006461928,354.64611823962827,3.3339463796517688,0.02087912812156874,0.017106494765281956,0.19760262088748898,-1.6517205791215468e-07,-1.6878534411948656e-07,3.613286207331864e-09,-2.1480546953064746e-05,-2.1502158698781657e-05,2.1611745485358247e-08,1.0020905215821192,81.56814168486237,6.480043131977985e-07,6.635221708268413e-07,0.051856798451698626,123.08658468797432,0.005957016885413745,-179.7034853770665
760,0.1190353904113203,8.503519998512,0.029279190308880456,8.39431464246009,0.07992616574303,405.035662759919,402.1217566324188,2.9139061275007863,0.015110037169231441,0.018117954877849875,0.20044913525327276,3.315118156880758e-08,2.6287257840638657e-08,6.863923728168919e-09,2.1887644570561187e-06,2.1666353442778654e-06,2.2129112569747016e-08,1.5707685301569727,52.894358599108145,8.857325110700234e-07,7.198270981188603e-07,0.05505796639118133,112.77551303284926,0.005880612085211414,299.6175689136935
761,0.1204678860350126,8.588351907308791,0.025225560512305734,8.48904280270663,0.07408354408985492,423.66467736534094,420.47329192250993,3.191385442831071,0.015237202258970508,0.01834614752460064,0.2194286692895395,-4.6444863389358946e-08,-5.1483477410228064e-08,5.038614020869119e-09,-6.613128025310417e-06,-6.635926343373143e-06,2.279831790160493e-08,1.0644669479725473,119.73985561625386,6.713077433567485e-07,6.942211896221372e-07,0.052448649278756754,115.30104842503123,0.005977855455008194,-265.8131848536905
762,0.11755123128400238,8.647348600911789,0.0257135265910109,8.53414839287457,0.08748668144620692,327.8974481472544,324.6687234070143,3.228724740240884,0.016226218586246687,0.01720385283991279,0.20178596462579806,9.624099225838056e-08,9.3032900709809e-08,3.2080915485715942e-09,1.1066607555382049e-05,1.1043824778466762e-05,2.278277673208279e-08,0.6834779665846928,129.781771390521,5.480436154829421e-07,5.665241761281952e-07,0.04989699317541548,111.47654406107588,0.006034349443504017,-101.99918201649507
763,0.11801734020838438,8.097465247701926,0.024577020739025686,7.991298877552954,0.08158934940994785,448.16431959242084,444.0508278786251,4.113491713795914,0.02059812321648453,0.017760160140278022,0.20864380563735446,-2.6574115053187977e-07,-2.7062754802269464e-07,4.886397490814883e-09,-3.260109254814456e-05,-3.2624057454877734e-05,2.2964906581609106e-08,1.238092471577618,57.88200168067638,7.094072117804803e-07,6.859738229226427e-07,0.0523966628553696,108.54532178166069,0.006011976010439942,-741.9487842877597
764,0.11925840425796788,8.715675447967413,0.02905456458040777,8.610003270995703,0.07661761239130176,520.6627187416476,517.4319774469699,3.2307412946768235,0.021954143739496387,0.01750033822942239,0.1998259585138601,1.0748950758326547e-07,1.0019368749524925e-07,7.295820088016231e-09,1.1737476411516693e-05,1.1714282677818524e-05,2.3193733417202068e-08,1.0066770532039047,-29.23750701166088,5.544641986804438e-07,5.799175912555058e-07,0.05379183371528733,118.03761773516416,0.005959884367183266,-615.4159377803489
765,0.11168484740025122,8.130060560416474,0.026035591289085242,8.03457090979876,0.06945405932862908,597.1802842983709,594.243060444141,2.937223854229959,0.01911861840176133,0.01457024516698946,0.1763884727954637,-1.7637836763743754e-08,-2.228237634988428e-08,4.644539586140525e-09,-4.1190123223367366e-06,-4.1408651437934716e-06,2.1852821305818615e-08,0.5503620224620405,102.61532316127106,6.993046045685564e-07,5.588186055878023e-07,0.0466015559286894,105.81869924107764,0.005988742170284848,439.52495436780146
766,0.12277889061586328,8.537088924057016,0.023905920348930607,8.456790850248227,0.05639215345986064,427.6369077474168,423.25080888955864,4.386098857858527,0.02283933696143853,0.018785034365087015,0.21488048672970672,5.026952415044916e-07,4.973180830169566e-07,5.377158487535043e-09,5.838579955326164e-05,5.83643618746517e-05,2.1437678398490964e-08,0.7009686671948587,73.66127821808847,7.414760964669768e-07,7.434789813309797e-07,0.055566032113850805,112.51153777417781,0.006089079354453639,34.13876999039985
767,0.1129266149651953,8.133905632283417,0.02636631648391938,8.035278815455573,0.07226050034392376,294.5934773293454,291.80923237834304,2.7842449510023908,0.016016188111096227,0.014302990538798037,0.1670816351935854,-1.1494228260001933e-07,-1.2141116178242027e-07,6.46887918240098e-09,-1.5277930618024065e-05,-1.5299494616548603e-05,2.1563998351925775e-08,0.7015737167846681,56.76655096812067,4.87777526784276e-07,6.109905441793795e-07,0.04333812934803371,108.86075142048864,0.00601792687374679,481.98948661384975
768,0.12135881049263882,8.63892760836157,0.02657945808707401,8.542388251084539,0.06995989918995903,358.8563738896459,355.69733860909565,3.1590352805501554,0.017516456713958614,0.01863048432107228,0.21183560857032185,1.7050529257522995e-07,1.6658766354375042e-07,3.9176290314796006e-09,1.922786559784044e-05,1.9206121271403112e-05,2.1744326297024975e-08,0.5615262701418677,97.82267683354887,6.106229459026817e-07,6.616333647778284e-07,0.056114722000828475,110.20086564230789,0.00605515891870174,153.5259738090499
769,0.12023811845847968,8.347394624264425,0.027804449020630836,8.257806338383439,0.06178383686035455,367.84425925007884,364.19520484278036,3.6490544072995648,0.014588540069694294,0.01812181794408958,0.21177005890740266,3.9252885518481244e-07,3.891300116397294e-07,3.398843545082918e-09,4.54572436511786e-05,4.5434442064934374e-05,2.280158606412174e-08,1.0486847445360756,110.11017872515751,4.965428421382176e-07,6.975325383739366e-07,0.05657514100772682,109.6891836927272,0.0060105488911973955,8.200073752484514
770,0.11440110344481093,8.739069925279283,0.025098664248026484,8.634707723046871,0.07926353798438664,477.998480574238,474.70171464463203,3.296765929606514,0.02327903658437939,0.015823727874097613,0.18716151855612195,3.778426607662109e-07,3.746371495975697e-07,3.2055111686413927e-09,4.3416645544006914e-05,4.33947224602076e-05,2.1923083582563298e-08,0.4830318820583118,78.71700919132792,6.130518291054244e-07,6.43673768584492e-07,0.04874551732368553,111.46594469888657,0.005989868530350893,-91.58186401376952
771,0.12352597502116532,8.952097888085117,0.026143036034393857,8.860860966335254,0.06509388571546965,397.4856457317042,393.3399947759001,4.145650955803931,0.02117434612290585,0.018712076291277194,0.20342218642920878,-1.2911022225532795e-07,-1.333748438133757e-07,4.264621558047739e-09,-1.5966563593234134e-05,-1.5987729754091446e-05,2.116616068568093e-08,0.8610953405865422,46.59217255302875,5.539497585170135e-07,7.006908656327654e-07,0.053729909100403504,124.12970086075055,0.006052358317821631,569.4385490919894
772,0.11775336807966007,8.782197905500636,0.02580633105111747,8.68860721200116,0.06778436244835859,336.2127940722741,333.21709129876706,2.9957027735075883,0.02356118951798295,0.01722655284487008,0.19802610201553664,3.9406100954179976e-08,3.462918789013075e-08,4.7769130640492135e-09,4.274586545636656e-06,4.252294493358537e-06,2.2292052088377782e-08,0.805234363030374,89.74177502784252,5.587001432810527e-07,6.617795317086325e-07,0.05304446607698255,118.73560705904532,0.006032519574749232,25.748262541007534
773,0.12198866728051196,8.642818017565551,0.02591543560294898,8.539816681443638,0.07708590051896545,407.84147756748797,405.00307269830785,2.8384048691808843,0.01924341570041535,0.01738640566563507,0.21682388275307474,-3.2990822795635054e-07,-3.3499062053177674e-07,5.082392575426177e-09,-4.1459213235995285e-05,-4.148062846380532e-05,2.1415227566637814e-08,1.1264391624679728,37.27321606820145,9.289432083154855e-07,7.488031166457201e-07,0.05258216733325569,114.10507353682573,0.006091468479882819,-417.01678187159087
774,0.11101009732945483,8.451361174401127,0.026740941235571834,8.360332406858912,0.06428782630664077,414.3360936592903,411.9936313412774,2.342462318013291,0.019916536839168438,0.014730519276569194,0.16802205224986688,-1.407421169677539e-07,-1.441492219249545e-07,3.407104957200676e-09,-1.7842138930460008e-05,-1.7866944472384336e-05,2.4805541811923934e-08,0.794550420708515,-120.19931608392223,6.014016839037908e-07,5.462906504070083e-07,0.0444899934783548,114.43637183084793,0.005922903310122872,-56.282092552449285
775,0.11760101205040215,8.336113317764498,0.0230701797469495,8.237401091255457,0.07564204676209221,363.27137209064773,360.6789809117106,2.592391178936792,0.027180175805389138,0.015313493555533934,0.1835893342009816,-2.0663922595432044e-07,-2.1037223718341438e-07,3.7330112290939676e-09,-2.596266094398723e-05,-2.5984883141367616e-05,2.222219728190615e-08,1.0136373632941396,-58.867636402540036,6.050198631007183e-07,5.753761355151758e-07,0.04561805177985059,105.23964127222757,0.005892193799946256,-199.7800896543181
776,0.11852919486648725,8.433079737896836,0.02723158569529962,8.327247805077524,0.07860034712400922,403.81468172269274,401.13693455491654,2.677747167776148,0.019627035287629584,0.018543290705968014,0.21569484817134393,6.100196994493055e-07,6.035931326900947e-07,6.426566759210805e-09,7.031338893351348e-05,7.029028488704784e-05,2.3104046322929516e-08,0.7674745384602334,-15.545433023390553,6.990267633655805e-07,5.370799208709753e-07,0.05397787024456723,112.30362448152474,0.00601450621738961,-15.502016208517489
777,0.12023117306082964,8.133009242338115,0.02820303753714698,8.047317198323794,0.05748900647717334,447.9320645504029,444.84219771805704,3.0898668323462095,0.017451364782103213,0.019425038257737854,0.22199297854147074,-2.6390681487436016e-07,-2.676614166869163e-07,3.754601812556129e-09,-3.304085437428251e-05,-3.3062581596360315e-05,2.1727221841083366e-08,2.614417858759762,74.54604660282966,8.907017385046855e-07,5.902556464066236e-07,0.056297413691852725,106.56594829664205,0.005805259759020418,188.95234444990956
778,0.11514622969366278,8.40913651650417,0.027249969549421684,8.3100472617794,0.07183928517534897,380.44389273986127,376.79810831531654,3.645784424545208,0.01927231233941382,0.015238296696025036,0.17987609298565088,1.6028036422743134e-08,1.2094030078383792e-08,3.9340063443593316e-09,2.634429400303436e-07,2.4171886321518674e-07,2.172407667709978e-08,1.3182321893332687,28.63578614709559,6.149997928824222e-07,8.323862689028429e-07,0.04491446029625605,105.38659733717775,0.005930470552241591,334.50207553666405
779,0.11354828443786355,8.460287561252105,0.02694995379722321,8.35415999367092,0.07917761378395939,448.0375404412348,444.11981644989635,3.917723991338537,0.014656592433180621,0.016478926803165848,0.19063429697256645,4.4564047123255966e-08,4.0432428074230505e-08,4.1316190490254484e-09,3.2246409696095625e-06,3.20400225909747e-06,2.0638710306033775e-08,1.3312569848417086,29.357191091171277,8.672889033272678e-07,6.448248117882701e-07,0.05046967099858624,114.03562233734453,0.005833407062085383,-59.665682780097086
780,0.11957525133186436,8.563909258078935,0.02870508602694366,8.461135694238395,0.07406847781359283,366.91719720530165,363.95053745078826,2.9666597545135165,0.0199028616478912,0.018708618349194673,0.21600564256309507,2.6698823331310656e-07,2.629747620320871e-07,4.01347128101948e-09,3.14343706434591e-05,3.1412133949752965e-05,2.22366934658727e-08,2.1626062608952927,117.71955801166015,5.727321930120926e-07,6.260879309175171e-07,0.05514224479575829,105.93557931547906,0.0059435913317304415,463.06097449879417
781,0.11570924712963189,8.56033623557086,0.025948299298208494,8.46468613194879,0.06970180432385885,459.3454568811288,455.2191587381177,4.126298143011187,0.018083715309730068,0.016164700965673993,0.18564921602805604,2.313176313672885e-07,2.2644729201357054e-07,4.870339353717913e-09,2.6644915424792414e-05,2.662353395230149e-05,2.1381472313030217e-08,0.6601576543432983,-28.93267422755437,5.841107775025485e-07,6.614815794810066e-07,0.048568083669737666,116.47839055770594,0.006075421214646982,419.11047241990536
782,0.11937663959132065,8.488350747269555,0.02532177552646643,8.409024996479417,0.05400397526367202,524.3692743996247,521.3250847588271,3.044189640798013,0.01770508016619447,0.019300042534167894,0.21942665062793862,-1.5539621219875355e-07,-1.6016524056739812e-07,4.769028368644587e-09,-1.916282964889133e-05,-1.9183802311285204e-05,2.0972662203813607e-08,0.6522665653459222,82.86707826674181,7.089157425957403e-07,7.03581308533945e-07,0.05564581198923352,113.57428478854968,0.006063432238332446,148.60159222740185
783,0.12018851137995397,8.218593080156129,0.02457547209131042,8.120471546486185,0.07354606157863498,422.5945935930183,420.12257081871115,2.4720227743073035,0.016570499247256266,0.018330122779038505,0.21915420722139844,4.083958590473938e-07,4.0400319805512366e-07,4.3926609922700885e-09,4.756163896375992e-05,4.754080781505093e-05,2.0831148468191066e-08,1.0525392958724546,51.3964183669189,8.296368761965714e-07,6.794228050164431e-07,0.05426414958722779,110.39647543846864,0.006023591886700616,204.94858086436898
784,0.10801041579744926,8.380276873057804,0.027407194114874973,8.289250229521585,0.06361944942134401,306.093482101873,302.48648531097496,3.606996790898221,0.01738609086036553,0.015644182349505126,0.17174316621060184,1.7623634607786446e-07,1.7072493345420496e-07,5.5114126236594654e-09,1.968565545247967e-05,1.966445959916567e-05,2.1195853164904572e-08,1.6461347293599888,24.305308856480686,6.527226029261464e-07,6.164795672594862e-07,0.047229807718639556,116.27555105819042,0.005853858107489287,365.412648810905
785,0.1222867014860808,8.505134949475437,0.02602376676440885,8.393386539286794,0.08572464342423217,474.51745702672594,471.31201220191883,3.205444824807725,0.01844082076744941,0.01805878973403131,0.21222904657024674,-2.2137364698403128e-07,-2.2729306530629396e-07,5.91941832226265e-09,-2.7897398365758547e-05,-2.791847585712557e-05,2.1077491191503735e-08,0.8368798214115386,-46.93792989971718,6.76572139245838e-07,6.519290600324903e-07,0.05169693284191271,116.15753144307094,0.00601747449598078,-163.06936254341235
786,0.12104965497340493,8.443597400398186,0.026348321791599117,8.352063108561287,0.06518597004530256,408.48164114070875,405.42038963277713,3.061251507932334,0.017273581642436316,0.01930393432498895,0.22192258234919465,4.454988042648886e-08,4.0244279735843196e-08,4.305600690645668e-09,3.716485966139669e-06,3.6958831962265734e-06,2.060276975150751e-08,0.8329652065915976,24.063954751171387,5.673728121015973e-07,7.473543737706901e-07,0.05507172082702598,114.25767618299443,0.005992052763567064,-181.32978055566673
787,0.11090409094224789,8.621130551978288,0.025478702178133996,8.529219822406418,0.06643202739373585,368.9826910457115,366.2833287525895,2.699362293121914,0.020601408664487723,0.015194644492119916,0.1753707871024766,5.670882417314098e-07,5.612923998051987e-07,5.795841926211105e-09,6.684600495214494e-05,6.682422814931118e-05,2.1776802620007206e-08,1.069236158569126,415.63378579647485,1.228738336867638e-06,7.537669442476787e-07,0.045665961550494766,113.79037709870326,0.005974601117609605,153.5619106341578
788,0.11732653320894737,8.70240441161882,0.025876379453637754,8.578531538802928,0.09799649336225545,527.0906577063553,524.4506136714675,2.640044034887586,0.024786951631134747,0.01802551658996509,0.2112217608886705,1.0501065681708728e-07,9.904173485895344e-08,5.968921958133817e-09,1.119551222622579e-05,1.1174982086690242e-05,2.0530139308312526e-08,0.8676518854926594,186.47776103933722,7.219727277889122e-07,7.990053319473524e-07,0.052223051694733943,115.6571894656358,0.005901395089412342,-402.18190605325253
789,0.12235266359980158,8.488976030443306,0.026451151269775104,8.3826153161875,0.07990956298602873,384.19759236606825,381.2324916982649,2.965100667802737,0.02326821503167541,0.0185486942376488,0.2170471194492777,1.1183870309948812e-07,1.054213436062127e-07,6.41735949327543e-09,9.66383462346751e-06,9.641017393748959e-06,2.2817229467097796e-08,0.4440413047427685,77.4051692421303,7.37516797054813e-07,7.572386985154615e-07,0.05416966821865066,116.75480660036536,0.006031161905472427,100.7107452163209
790,0.11960467560545388,8.421139989050982,0.02524338249826143,8.322869358676398,0.0730272478763218,462.02595804437374,459.226275344244,2.799682700130226,0.020547419830843103,0.01668814569803508,0.20363820574044472,1.0547999860632304e-07,1.0102458777041758e-07,4.455410835905446e-09,1.0367433497912374e-05,1.0345733209289219e-05,2.1700288383306352e-08,0.9304699454182201,39.69439196392693,6.696518075674476e-07,5.745778163037642e-07,0.04889013875268192,116.62811684697351,0.005900741972087656,-532.6603037130126
791,0.11813875093601275,8.42702975978816,0.02570954373927911,8.33334634225165,0.06797387379723463,384.05962107638396,381.5138768493045,2.545744227079845,0.02251486496162157,0.016833837159221075,0.20900640523142644,-3.1045151018675074e-08,-3.595579393524641e-08,4.910642916571351e-09,-5.302494298951031e-06,-5.323244772701414e-06,2.0750473611608434e-08,0.4980828158191536,105.29968712185622,6.12004627809194e-07,6.013167248134933e-07,0.05069414394812703,115.73572378769559,0.00600516163946104,329.03748949484725
792,0.12448537010317016,8.502514919719353,0.025414031270321824,8.404104654068082,0.07299623438094896,418.92439089272636,415.50566878125454,3.4187221114718858,0.01810719504345918,0.018840333466343766,0.22095980290176007,-3.299390057003427e-07,-3.3395251912742867e-07,4.01351342708595e-09,-3.985859509169306e-05,-3.9880787969961284e-05,2.2192878109190057e-08,0.6655280499826144,128.53862624675298,5.749739706456651e-07,6.147183404308912e-07,0.055662200001112265,112.85691383721988,0.006032340479793565,357.8254194451847
793,0.11457163364800056,8.478253713531537,0.024243628085999565,8.396229528469144,0.05778055697639224,391.83696734970596,388.7661762284104,3.0707911212958074,0.022782364826519623,0.017183260564054743,0.2002372037167638,4.916752387097997e-07,4.843336397427246e-07,7.3415989670753835e-09,5.709763960617971e-05,5.707664375101191e-05,2.0995854963402448e-08,0.7155357216557858,-34.811652551804684,7.739931566150774e-07,7.424823292702399e-07,0.04970652773124337,115.13883141110405,0.006035081337591734,-69.7154006360588
794,0.12333209369857882,8.609038014800777,0.024648762263833942,8.506447893447634,0.07794135908931513,416.7582634118418,414.17443346469776,2.5838299471442143,0.021849499110470776,0.019469549590525114,0.21939497435535157,1.847751191914753e-07,1.8140142875508457e-07,3.3736904363907236e-09,2.045853094543872e-05,2.0436606843558198e-05,2.1924101627227504e-08,1.9899704904331492,96.84694365859991,1.0006686924714682e-06,7.270632471683616e-07,0.056522605331552477,114.49034723736612,0.005869826674501374,119.22252295863336
795,0.11454639553938574,8.04109622463061,0.026035120514296427,7.937850094211191,0.0772110099051263,443.8952760970404,440.97354387644066,2.921732220600199,0.017501750071575162,0.015529536614886232,0.18054882667239078,-3.876126776492411e-08,-4.277571605524068e-08,4.014448290316551e-09,-5.830062336592187e-06,-5.852656413214455e-06,2.2594076416682567e-08,0.6083223480052373,118.92338257634086,5.687672306784565e-07,1.041579789239775e-06,0.04600985643251518,111.97616899314328,0.0058851347848917525,-137.66582190787722
796,0.1182971321684341,8.634627212148732,0.02699529802888914,8.531142952779676,0.07648896134016525,361.1899030647198,358.29434517280873,2.8955578919114977,0.019303878855924723,0.01727028224630906,0.20020905898819696,-5.085312030726899e-07,-5.126748192831876e-07,4.143616210497629e-09,-5.996397557865353e-05,-5.998524792525502e-05,2.1272346410573563e-08,0.9565886115960436,75.91416566985382,8.313235813207113e-07,1.5164209017190286e-06,0.05088454974957699,122.04024795932547,0.005914868770632401,-282.1398684593569
797,0.11325088899802871,8.144130122698455,0.02360747736561327,8.046243672265405,0.07427897306743586,398.1821198746524,395.7989736686727,2.3831462059798048,0.01966947037453759,0.016097472350007094,0.1919678469518348,3.461622583709836e-08,2.9009998307846395e-08,5.606227529251962e-09,2.6026117679330024e-06,2.580489725876056e-06,2.2122041907708856e-08,3.1031140407529025,-1.3751821553214185,8.424539753364982e-07,5.925235278569919e-07,0.04721788700142785,107.64580450988802,0.006013453906135497,96.77403767504029
798,0.116709756990449,8.578622156223087,0.027082307777506198,8.475671081730031,0.0758687667155491,363.4755536994277,360.50688428439844,2.9686694150290007,0.017369904523686728,0.017288069292187718,0.20130168516052827,2.9860920406569934e-07,2.9515966366157794e-07,3.4495404041214197e-09,3.3345866410455716e-05,3.332291301876931e-05,2.2953391544132783e-08,1.4036529104860747,118.08473121033913,6.322824593452345e-07,6.027339226220454e-07,0.0513396077420466,114.12059033949438,0.006084585321609172,-698.5206425230072
799,0.11850072997961604,8.357441105268054,0.026336461922166137,8.257147246760995,0.07395739658489166,384.9969455853153,381.6918310632049,3.30511452211063,0.019446300021340922,0.01712686898751813,0.20725885741876818,2.979736771721146e-07,2.9377131863938756e-07,4.202358532727014e-09,3.4824373086062624e-05,3.480226633956295e-05,2.2106746387273465e-08,0.7525079725288037,55.59407690154696,8.037354444785436e-07,7.215575071440087e-07,0.049344982688732456,114.16745864611283,0.006033609351977643,187.4104229314089
800,0.11394016931417444,8.12059395399211,0.024803957479337987,8.020325421262108,0.07546457525066431,422.64836874074297,419.57736585322505,3.0710028875181736,0.01959459647858687,0.0170248301355681,0.19508065236590735,-3.0295560478145867e-07,-3.0894948949139274e-07,5.9938847099341664e-09,-3.684927949545354e-05,-3.687130828643231e-05,2.2028790860090557e-08,0.7035194505596474,134.09692188031963,8.856182457130971e-07,5.963014394335629e-07,0.0501677086449987,110.59067307557044,0.005928444482280968,-45.81860084908385
801,0.12705254220215892,8.437468604751587,0.025404209464276784,8.338602207574482,0.07346218771282217,534.9726461228822,532.155370709127,2.8172754137555374,0.01965781204444352,0.019817658740260573,0.22284267015917542,2.0873396620773457e-07,2.0434126905669026e-07,4.392697151044308e-09,2.393126815333953e-05,2.3909004771203565e-05,2.2263381955860982e-08,0.9971777231737179,1.5778702804298763,6.500493029772193e-07,6.266340150094759e-07,0.059606431967890235,115.31911347537145,0.006004457377865085,707.4057648847202
802,0.10962274915750841,8.304463010256203,0.025009246234492275,8.209462993462711,0.06999077055900006,382.83047834583357,380.03621285062485,2.794265495208581,0.01744111779386707,0.015383106632380078,0.17631269706154723,-1.9059689008365329e-07,-1.951383293411664e-07,4.541439257513147e-09,-2.2970810893762282e-05,-2.2994501495739847e-05,2.369060180499107e-08,0.7274845819190511,101.27206988793803,5.181684633897929e-07,5.402986172631746e-07,0.04556943701276906,108.23921237220355,0.006042648367603696,-169.7927605590612
803,0.12595005708548374,8.62599391316042,0.027369802951955298,8.531368134972183,0.0672559752362788,670.744630415194,667.6516614580562,3.0929689571377987,0.017241168039805337,0.017564427530812537,0.21573452053567718,-2.1632630537188515e-07,-2.1938616795889032e-07,3.0598625870051206e-09,-2.4839716696278334e-05,-2.4861689752322933e-05,2.197305591907634e-08,1.6776871049861666,-116.14351923142874,7.377897408057188e-07,7.75981609562515e-07,0.052379679053955575,115.2935932007087,0.006149003157441031,36.87030822131055
804,0.11603832460093312,8.132607064673206,0.026755281635515132,8.036963367168386,0.06888841586930289,342.52802089607576,340.24471199259983,2.283308903475322,0.015942986393898,0.01790538863719298,0.205608207429456,-6.490006116194942e-08,-6.979569671386663e-08,4.895635551917233e-09,-1.0111382654258923e-05,-1.0133509450805834e-05,2.212679637122001e-08,0.5873058642405556,82.47230752955134,1.0203860971602636e-06,6.243630916629481e-07,0.053614484167309705,109.39532706332136,0.005872523631257703,392.16882974277996
805,0.1139439121596476,8.5423763222008,0.025709422861176393,8.442131437869492,0.07453546147013324,447.87275260725613,444.5761649411882,3.2965876660682434,0.018789470730373254,0.016849059172221834,0.1889954723322507,1.3278708430483032e-07,1.2822540456418406e-07,4.561679740646228e-09,1.3275571670309217e-05,1.3254428314595727e-05,2.1143355552373138e-08,0.6621465095047212,136.34119135777107,6.255239165222041e-07,7.843559843340758e-07,0.05045124077357885,112.45686701456906,0.005938264934901386,183.76492992165367
806,0.11945415586489011,8.594857937117064,0.026587669732158127,8.491060786177691,0.07720948120721603,365.68817790583796,362.70158000517085,2.986597900667123,0.01628470257482995,0.017012158963379646,0.20094532335537002,1.3285289129238284e-07,1.2900595329790032e-07,3.84693799448251e-09,1.1055515104701337e-05,1.1034920793285184e-05,2.059431112280927e-08,0.6422234722491437,66.24316502194992,5.685090831949139e-07,6.142466700900693e-07,0.05143996493062649,119.3775238745023,0.005818618756680297,577.3630178540393
807,0.12127811207418114,8.053677775478398,0.022447441654031102,7.957373346032633,0.07385698779173391,392.19950426184715,388.93768755754,3.261816704308015,0.016561363327104738,0.017984966127374012,0.20814633284062548,-6.196763978875219e-09,-1.1074404382985403e-08,4.877640404110177e-09,-1.6839123380765868e-06,-1.7053826633579143e-06,2.1470325116000842e-08,0.8449475737837591,150.05188639713242,6.648055564096305e-07,6.284026393260118e-07,0.05494092467380823,112.14828153541004,0.005945944014829482,653.1391565150029
808,0.11414669303696971,8.504162075510365,0.02563800077162352,8.400719289184849,0.0778047855538926,406.67448321108924,403.9666343272375,2.707848883852211,0.01657829814323019,0.015724056180950224,0.1815936627189237,-1.5668896801935676e-07,-1.622926439968598e-07,5.603675977503036e-09,-2.1001375465844106e-05,-2.1023066405772715e-05,2.1690939793900247e-08,0.7567492645799854,65.4599362369851,6.870922295002939e-07,6.892276484757515e-07,0.04675459570541742,113.3709694109404,0.005969109285755645,161.43242426396182
809,0.11080634223758395,8.725865445616952,0.02493859382336921,8.619673078960254,0.08125377283332753,444.8581863119787,442.25664192127897,2.601544390700511,0.02550232619546524,0.015165102466744731,0.1701815785458673,-2.7629281447760507e-07,-2.809805130826637e-07,4.687698605058584e-09,-3.3326732708928957e-05,-3.334924992991402e-05,2.251722083250506e-08,0.5577960266972686,74.98676721013781,5.871389415806452e-07,5.897922984172329e-07,0.044435459863819374,116.10011196276598,0.00595832218431339,-131.65088585027115
810,0.11731433181418141,8.210457351622056,0.024906076089611914,8.1114823935627,0.0740688819697432,326.01343586494414,320.07575013320223,5.937685731741462,0.01687659378612427,0.016091381139222413,0.18620422152155924,-2.532269986449266e-07,-2.583837059574072e-07,5.156707312480625e-09,-3.161278171912349e-05,-3.163377558405176e-05,2.0993864707904856e-08,0.6465897197430669,-22.93593000464604,4.64266345370593e-07,9.024813399930245e-07,0.049638064191762046,116.16051905103197,0.006016903845289713,-168.63311057115607
811,0.12123504735428363,8.308906693368817,0.025834687765928187,8.214952953012924,0.06811905258996627,475.11226947053365,471.8165919776306,3.295677492903053,0.017115023441752652,0.017592685168880746,0.2050539232126884,-9.812606397667624e-08,-1.0362057520168126e-07,5.494511225005052e-09,-1.3982705490883257e-05,-1.4003658442501732e-05,2.0952951487137555e-08,0.8954590246645192,112.71578032705781,7.806021551763903e-07,6.907215927626331e-07,0.05217175384659656,117.65240822280029,0.005916049603631669,609.4945901658775
812,0.11698127675486329,8.901800590909787,0.028708275088901593,8.773770411743849,0.09932190407703488,341.16202610556275,337.54128344150274,3.620742664059992,0.023883754979041417,0.016751171249673853,0.19503748304350058,9.366271299400126e-08,8.91702287208552e-08,4.492484273146099e-09,1.022603715013289e-05,1.020301363915519e-05,2.3023510783096837e-08,0.7147339426027375,41.69968830609888,7.435111612107544e-07,6.709758958360242e-07,0.0490444882274818,115.65108282863892,0.0060421742569304465,329.3805900039638
813,0.11371292350417951,7.930563374010855,0.02298017788095064,7.840124563108128,0.06745863302177661,363.79809363205464,360.62597177791224,3.1721218541430396,0.02273362235431916,0.0161866193398744,0.19450767206333333,-1.8016948873333117e-08,-2.2903619735676347e-08,4.8866708623432366e-09,-3.6992189485074466e-06,-3.720757021601972e-06,2.1538072974449103e-08,0.551455625594215,132.63996274044402,6.76271588055342e-07,6.033380039299445e-07,0.04740635230738619,109.08408445612379,0.005864882117440696,109.72932555776242
814,0.1202391779318785,8.200411339340906,0.025436189525419702,8.110559012906585,0.06441613690890231,403.76815357292594,400.6488792523369,3.1192743205887594,0.02260153648478025,0.019211211583538695,0.21511624148128658,-2.832216112132736e-07,-2.876789490187199e-07,4.457337805446289e-09,-3.485486094034453e-05,-3.487744174446239e-05,2.258080394125435e-08,1.2832949240237579,23.00339028835824,5.243550317054371e-07,7.744690393763411e-07,0.05680233630662732,111.63378014335595,0.0058172641024498714,-167.96919807398808
815,0.12127832107334856,8.925689691926644,0.027878513932321703,8.81927599527709,0.07853518271723145,338.39053371926593,334.94861898619655,3.4419147330689666,0.019883203732325855,0.018952130141903615,0.2133070053267049,2.0001004982537386e-07,1.953261401488617e-07,4.683909676512206e-09,2.233460540222191e-05,2.2313257943689304e-05,2.1347458231788015e-08,1.6526894058087513,58.791260784916616,5.848552083394538e-07,6.575483911935678e-07,0.05817854670903952,120.41430633512896,0.006060590379802045,125.1924389053811
816,0.11525974726851927,8.067121631483856,0.024238351337150764,7.980430455649175,0.06245282449752973,455.7439694424272,452.0364213381322,3.7075481042948106,0.01998357962025524,0.016521027853132794,0.18629821164846194,-1.7747616022697674e-07,-1.8273923823665846e-07,5.263078009681733e-09,-2.3278093359886634e-05,-2.3300431800595334e-05,2.2338440534209905e-08,0.693243420923079,-51.543764131786155,6.879005779267843e-07,6.241122514492502e-07,0.04925651700956358,104.13150507576817,0.006006254911883917,498.7688249963935
817,0.11647698653454082,8.471117430844155,0.023832718156853193,8.375152055062332,0.07213265762497019,409.48735599268485,406.97933846455334,2.5080175281316874,0.01805868351154245,0.01599865604497324,0.18249603357995667,-1.8165613709786238e-08,-2.2731440631568827e-08,4.565826921782587e-09,-2.584031179601547e-06,-2.606273717943367e-06,2.2242538142543205e-08,0.6472471121719018,94.9574754573486,5.140534870406447e-07,8.05349534722035e-07,0.048096214479048376,111.4719186631846,0.005897055180095866,153.24583573538666
818,0.11834795308183087,8.819256095097781,0.027078344316110614,8.718190707892903,0.07398704288876697,581.7476152492071,579.01991632859,2.7276989206168527,0.021278514367038738,0.016987568411969266,0.18926484860454884,-1.6967563036714455e-07,-1.7389996195148405e-07,4.224331584339474e-09,-2.1528094885238766e-05,-2.155113408281726e-05,2.3039197379796946e-08,1.2958298265029602,144.0537079466973,5.749674378389658e-07,6.754932126164411e-07,0.05026388804335391,118.69852655257108,0.006050565530227878,47.11937371934164
819,0.11392324063597785,8.837119088394097,0.026292884145754362,8.733685274280866,0.07714092996747558,347.6741960623589,344.7601516255361,2.9140444368225387,0.0149287297169505,0.015176307444426627,0.1694357479109936,-1.4467393168549286e-07,-1.4910134871181785e-07,4.427417026324984e-09,-1.863007979288908e-05,-1.8652049858665953e-05,2.1970065560408497e-08,0.4720397054140592,28.020873350943475,6.145439154272304e-07,6.373324996063661e-07,0.04538970917633821,118.26917142037166,0.005999739917928572,126.23194957874603
820,0.11454052976890086,8.254796821936942,0.023029551838097455,8.139993953876367,0.0917733162224777,348.8697603106763,345.134035572188,3.735724738488337,0.018384604220046587,0.016045974474408847,0.18946897073387742,2.605618306153666e-07,2.569737721994972e-07,3.5880584158694576e-09,2.9210536925879124e-05,2.9190187679830705e-05,2.0349245900518996e-08,3.4274882533214983,32.63363178620884,5.692830028149628e-07,5.919119337922057e-07,0.047209789822342293,111.71587891840979,0.005966981712436785,-210.36882489979052
821,0.11897593616803528,8.428313031143121,0.026101886232278593,8.334831879998056,0.06737926491278741,518.3933169449198,514.4468621027447,3.9464548421758403,0.02145420561448546,0.017449555539873977,0.19997899516141987,-1.3717498177321378e-07,-1.4230210527409159e-07,5.127123500877808e-09,-1.8442962847613685e-05,-1.846420727458856e-05,2.1244426761706906e-08,2.912229107218572,8.921740999257503,7.465565235483508e-07,5.954202031106844e-07,0.0531462259625395,114.11529406354467,0.006080714934675681,370.6961470505503
822,0.12287421223183022,8.746578000234694,0.027375119909233966,8.64265646666293,0.07654641366253102,349.425527708453,346.88499191719984,2.54053579125311,0.014592229980366824,0.0180563741007618,0.21322498226903924,1.8024110583066937e-07,1.7514446678080595e-07,5.096639049863371e-09,2.0109890992506737e-05,2.0088362396980465e-05,2.152859535183424e-08,0.7615070608182564,43.79235449814208,1.0077839575198564e-06,6.868077125273096e-07,0.05316126605433208,113.83550398041817,0.005993791200800034,-424.5079804302377
823,0.11903064978419525,8.479859372575161,0.025276721896356213,8.398683201594453,0.055899449084354416,465.38694370216405,462.7813850214699,2.6055586806940703,0.014695835684692236,0.019486760158468078,0.21666935109235008,1.309674508657881e-07,1.2619267415287934e-07,4.7747767129087835e-09,1.4191254204845884e-05,1.416915144219475e-05,2.2102762508016755e-08,0.7006039175315192,44.56569750292679,6.764903207880731e-07,6.396096341040839e-07,0.056331443304841494,115.6357243991477,0.006045644269218923,108.33327690227179
824,0.11781259372201879,8.841218754702204,0.02630792786823378,8.747299551659266,0.06761127517470313,396.0412443586843,392.8262525346255,3.2149918240583024,0.016081364254583178,0.016038910044231695,0.19137622877231064,-3.0045355195480686e-07,-3.0691879375379343e-07,6.465241798986419e-09,-3.837796409480763e-05,-3.839977995072739e-05,2.1815855669443015e-08,0.6090864900280343,104.40791059407685,7.05298239983113e-07,8.553026244903086e-07,0.04838188751519467,119.80063291943043,0.0061249187858373536,-200.47690972678265
825,0.1129808754884383,8.497760339531533,0.026235535697030025,8.411159397850298,0.060365405984207275,380.3718201407288,377.27523404208426,3.0965860986442624,0.01698183443885763,0.016988847607204812,0.18752173699534094,5.459288798550674e-08,4.984431630092627e-08,4.748571684580476e-09,4.198156580057977e-06,4.177210173156344e-06,2.0946406688193506e-08,1.0140966346377533,83.96852486246422,6.168601660042015e-07,7.366266690482465e-07,0.05143495173679155,114.14358916813228,0.005932120533281354,-380.5245785398847
826,0.1160857129464257,8.170535793834182,0.025159346832078884,8.075501926364726,0.06987452063737602,402.25870425996214,397.41091781690835,4.847786443053706,0.01630139932320832,0.016385060592728595,0.19149406724324314,-9.693057413364173e-08,-1.0271767076391367e-07,5.7870966302718964e-09,-1.3608571280993876e-05,-1.362999704475633e-05,2.1425763611241944e-08,0.7821658176686628,28.169889652274147,5.318628322361242e-07,7.398497125959953e-07,0.048843637189810864,108.17029958059832,0.006074529212598037,5.286321745917121
827,0.10762777042365415,8.263439510825938,0.02367759340506702,8.17782529800336,0.061936619417510205,381.059023539328,378.23272989838415,2.8262936409441264,0.023529819436598976,0.014767626348882337,0.16973830705019177,2.488565106574771e-07,2.44285504845615e-07,4.571005811862011e-09,2.7014961465224005e-05,2.699428447190501e-05,2.0676993129542385e-08,1.0132885891635852,6.305759650537322,7.141402756504824e-07,5.941006173580041e-07,0.04336798502149991,111.44374126654867,0.0058168297577228766,-186.59587511909785
828,0.12070796404075158,8.450188205907518,0.025176202562894646,8.360442119232584,0.06456988411203753,523.8248320215332,521.0146336255177,2.8101983960164523,0.020000358964842587,0.017237462445479496,0.19963235766425003,-6.190137166472766e-08,-6.503363041242618e-08,3.1322587476985136e-09,-8.109459265327433e-06,-8.132368824856204e-06,2.2909559356237027e-08,1.0675088581285004,57.90396395067832,6.678366220729463e-07,7.647857134410756e-07,0.05068675763365966,115.32203144812851,0.005998810421111576,143.24447711345329
829,0.12251541419805022,8.783002778005939,0.02596956905422898,8.673340286294371,0.08369292265734056,317.92770554071643,314.74954657440577,3.1781589663102445,0.021220882293760304,0.01875393626210973,0.21341691343543662,-4.272255435541125e-07,-4.3139410789949904e-07,4.168564345386528e-09,-5.1751418392386674e-05,-5.177399230819304e-05,2.2573915629082463e-08,1.0379743099347358,23.304451222946447,1.0068054662395868e-06,5.894661077968914e-07,0.054475212734134235,112.97513274741189,0.005991844175250925,703.4569122014168
830,0.11971500769216427,8.952911980976026,0.02720456990768425,8.836406426514838,0.08930098455350341,415.89464451029755,412.13190825211916,3.762736258178562,0.017729191961375724,0.01741284329041487,0.20277325311442318,3.6094825470452096e-07,3.5701239094778284e-07,3.935863756738176e-09,3.931670658116613e-05,3.929514254358907e-05,2.1564037378247594e-08,2.240314399511739,29.276439936020427,6.927442527666193e-07,7.110907145904408e-07,0.05231469718643906,113.85526343132555,0.00599801538509732,47.17971032042715
831,0.10896436427823337,8.32253645760342,0.024899650278475724,8.2155155869051,0.08212122041984572,349.5372879357085,345.8156222341412,3.721665701567515,0.017624233666789696,0.015602819515833682,0.17826098330957738,-1.722903300197365e-07,-1.7825349945683109e-07,5.963169437094579e-09,-2.162483322002104e-05,-2.1646529824858522e-05,2.1696604626447352e-08,2.035583250790185,142.7957627895528,8.801416045574657e-07,6.251589281368827e-07,0.04788448222117975,111.91803282702557,0.00600654867158327,-35.13308176074406
832,0.1191053431434524,8.095430963348898,0.024961613861896784,8.000532397883687,0.0699369516033144,431.4351699514406,428.2936072236275,3.1415627278132052,0.019804950962327424,0.01807040837666069,0.21626505487417114,1.4030925383251983e-08,1.0928039374317896e-08,3.1028860089340897e-09,1.691485583388282e-06,1.6694374684118876e-06,2.204811480028131e-08,1.7690874191487584,44.52640266425819,6.323622342985469e-07,6.773885416529239e-07,0.05324359072088868,110.09550856099843,0.005786432153829521,217.55363532041065
833,0.11188286610059613,8.081443856802068,0.025491486606792638,7.975820462941533,0.08013190725374227,358.0186521873996,355.17683782318835,2.8418143642116442,0.015190689374497,0.014477956796307269,0.16569360705460945,-1.2119173720421233e-07,-1.2649281625863242e-07,5.301079054420032e-09,-1.563171870461859e-05,-1.565419736427858e-05,2.247865950828244e-08,0.7861681565426722,51.70299236250759,7.242736485020948e-07,5.591138767108436e-07,0.044590367522442935,112.39492282192862,0.005761504809182432,306.630380314587
834,0.11464887394800569,8.26184148902114,0.026322891788970522,8.168912946014034,0.06660565121813536,429.631456781523,426.48983094226645,3.141625839256249,0.018069019254566002,0.01618709089005428,0.19567756708293643,1.5130160790588804e-07,1.4524990378252996e-07,6.051704123358093e-09,1.7285018067143103e-05,1.726433072754284e-05,2.0687339435551648e-08,0.7312159732547859,98.0144058806427,5.760226555536639e-07,6.519735698516403e-07,0.048422444174883825,114.17089500173975,0.0058985412897146474,-289.5817837791501
835,0.11365947181794338,8.332132630395742,0.025692789582543084,8.222698316075324,0.08374152473787566,339.6519893086638,336.6244735041282,3.0275158045350756,0.018931165710693396,0.01617369329833457,0.18908443269891118,7.557398811265604e-08,7.260236715473815e-08,2.9716209579178924e-09,7.444114582071639e-06,7.421347591019245e-06,2.27669909036465e-08,0.8583264159484372,-1.689931313046669,8.946062607841055e-07,7.183181066720986e-07,0.050602251084741236,117.16776450889071,0.005817282289518336,75.3796820337011
836,0.11145368226603672,8.283601658456316,0.025741710520671847,8.185384726421393,0.0724752215142521,484.13091711740356,481.06736602152114,3.063551095882402,0.0157791349330565,0.016266274338977992,0.18069172038246095,8.25548242370848e-08,7.971503541711622e-08,2.839788819968575e-09,9.244325008552777e-06,9.222440353153026e-06,2.188465523532974e-08,1.295165896010038,5.814450631617998,1.0250715561155805e-06,5.206133625338291e-07,0.04800327690660159,108.04208436181966,0.006062375398793202,-88.18527284380843
837,0.11188207394279802,8.075351739502112,0.02708588599305699,7.979313120202994,0.06895273330605896,455.8702708339612,453.2214285890126,2.648842244948453,0.022112137534709978,0.016033762634477068,0.18122482457058886,-2.065981380078389e-08,-2.8078697407377616e-08,7.418883606593726e-09,-2.981826844253678e-06,-3.003374493180019e-06,2.1547648683339253e-08,0.8298095408553167,81.19418731283395,8.377104443275454e-07,5.513188810762762e-07,0.050467405628097255,112.44080918111274,0.005862620467748282,517.286513054828
838,0.11440797499819984,8.089007706104825,0.025423483581097445,7.994778007417091,0.06880621510663747,442.35274201008986,439.7889196787741,2.5638223313150625,0.020822972237008474,0.015197902674236687,0.1714733538381693,6.868818756750146e-08,6.519373137013785e-08,3.494456197363641e-09,7.268609618036273e-06,7.247967497069179e-06,2.0642120777719423e-08,0.7909650464871606,2.9001281846672717,5.19696725851587e-07,6.307463533609868e-07,0.044485274085860026,112.29476305227257,0.0057299200415962025,-380.38713883878927
839,0.11395274837175763,8.512617520943293,0.02786163338174148,8.39548122646283,0.08927466109872023,312.4128832958313,309.23776752530483,3.175115770526265,0.020503002110122848,0.015439020297919574,0.17443065722325085,3.0774577535418943e-07,3.0381391113238904e-07,3.9318642218003275e-09,3.5553314792690094e-05,3.553169470713e-05,2.1620085353392967e-08,1.6597761785071794,53.33621260452354,6.120733847848191e-07,6.653423874062127e-07,0.046757108104309573,114.08204103041655,0.005930293069747031,100.94123186526258
840,0.10879395501379177,7.741522768943373,0.023553930704667762,7.655037464905623,0.06293137333308169,499.5076031744915,496.74334122685866,2.7642619476328667,0.01684228517396487,0.01569654433919998,0.18426854990907976,3.3129411651923554e-08,2.9187182838219722e-08,3.942228813703849e-09,1.966216851330516e-06,1.944242903032137e-06,2.197394814151198e-08,0.6955873916920786,147.73196917279455,5.716258062808088e-07,5.738527531312752e-07,0.0454258766685197,107.94745204209741,0.005849542379575159,345.23909045649725
841,0.12214792448708865,8.373247723147612,0.024223821019764,8.284819096965471,0.06420480516237675,584.8380244368934,582.3377762256873,2.5002482112051387,0.017029272574279535,0.017482027848396923,0.20310121217953586,-2.467050220288336e-07,-2.50178948367785e-07,3.4739263389514026e-09,-3.155650192153336e-05,-3.1578902592846595e-05,2.2400671119864044e-08,1.066466887203096,246.2419428826981,6.491073585641344e-07,7.038009155746804e-07,0.0517731536428483,116.6968779920472,0.006039424512179615,-431.2245640991596
842,0.11865161372850032,8.335847767701237,0.025843239017374606,8.228164851647369,0.08183967703649443,497.5418458971559,494.5377898871454,3.004056010010772,0.017190608816397564,0.016827619212738485,0.1910930195097987,-4.533542067238669e-08,-4.9622763032731194e-08,4.2873423603444855e-09,-8.851512128842483e-06,-8.874220410115713e-06,2.270828114944041e-08,0.5987026362294485,82.50480353058532,5.524373347990781e-07,5.808097598886781e-07,0.04955284003965589,114.33128518505625,0.005987173480954846,-366.08912455132395
843,0.1134244208021002,8.462893767457834,0.025567574056014727,8.377501031616688,0.05982516178512781,343.01167741334945,339.6551628584791,3.3565145548704933,0.016750618131105306,0.014817744532027673,0.1682602598632453,-1.8570086221520847e-07,-1.9439293398844405e-07,8.692071773235626e-09,-2.347782244203427e-05,-2.3499503638400024e-05,2.1681196190073515e-08,0.6332082105981309,70.84700313425583,6.856061904223139e-07,6.036492662605208e-07,0.04489286764095735,112.97930028392105,0.006038157643605532,651.2759742397152
844,0.11487074133000985,8.257416240421634,0.026544960807649412,8.157053352813286,0.0738179268006972,490.91251217470835,488.54027668707823,2.3722354876300797,0.019514964944200193,0.0157851853467071,0.19279221580989941,-4.107864228151183e-07,-4.153952213411868e-07,4.608798526068482e-09,-4.9539340316176215e-05,-4.956030649329828e-05,2.096617688695055e-08,0.617021548781956,166.11554808027918,8.270144100382691e-07,6.713884668814e-07,0.046859275006397604,110.09751575392156,0.005994549272319589,-582.1710215718631
845,0.12106903184899503,8.982684963960196,0.027428622968938613,8.884568909415833,0.07068743157542358,422.6864708505092,417.9854792468608,4.700991603648877,0.026901281498512127,0.02001025113039755,0.22038447070034992,-2.8385487897270077e-07,-2.8763550572853966e-07,3.780626755838901e-09,-3.535826186298371e-05,-3.537986417846837e-05,2.1602315273666166e-08,0.5147141054758828,78.31769068721398,7.890538427542118e-07,6.356624381803149e-07,0.05771969062582912,120.89977171933232,0.006044593550625505,-246.28742945781414
846,0.12399808933007479,8.954835167656439,0.025599254641536767,8.848225421344031,0.08101049167087174,407.1926482793612,403.7140789642831,3.478569315078027,0.03266371242370057,0.01770042125914373,0.2009416697713295,-1.7133981700003727e-07,-1.7559697303802483e-07,4.257156037987531e-09,-2.2206533238434132e-05,-2.2228114385136035e-05,2.158114648180702e-08,0.5093748266031513,67.19969354601638,8.325986856560535e-07,5.890806216146158e-07,0.05393153918387589,120.45243959272022,0.006128891571081429,91.06863531274485
847,0.12026983481058176,8.67105671130731,0.028827634108986457,8.560739437090799,0.08148964010752333,471.2744764139758,468.3627574602956,2.9117189536800248,0.017268048974515792,0.016602626437579773,0.18918812937559387,5.511953882349638e-08,4.743941681024513e-08,7.680122013251252e-09,4.622425837361904e-06,4.600883698468542e-06,2.1542138734616147e-08,0.7065461424667374,49.76514899554511,8.88945433052786e-07,8.78475627634459e-07,0.05093920497521744,120.70565338225471,0.005910281451142228,93.21441737330588
848,0.11541279241093184,8.410820175850452,0.025519580940569445,8.30828708904479,0.07701350586509315,361.1069789380359,358.5851860306078,2.5217929074285586,0.02030508951018728,0.016405260046866123,0.18370123899527294,1.0247385652972447e-07,9.70796877342202e-08,5.394168795504306e-09,1.1408553948807814e-05,1.138748404667166e-05,2.1069901977410883e-08,0.747633904078697,65.99878984518286,6.311574011412276e-07,6.019648922072709e-07,0.05003531299334143,109.17742723655655,0.006056851079509643,569.1955962767938
849,0.1188537677730869,8.318747339546242,0.025891975465030526,8.207932673321395,0.08492269075981596,382.03059185341385,379.2757789552056,2.7548128982077777,0.020890064523113667,0.016465533502376922,0.19847884945068398,3.259337418148042e-08,2.7310255013261094e-08,5.283119168219335e-09,1.6475863159761334e-06,1.6246864422063144e-06,2.2899873574851333e-08,1.98961791048634,131.19635256093898,6.873974137763215e-07,5.927183701941771e-07,0.04915014443715785,113.21455787120249,0.006035999170006256,-53.54013392523166
850,0.11961112328991626,8.461593079598085,0.027394696280395585,8.351002032625457,0.08319635069223222,319.4527965588685,316.98632498291033,2.4664715759585096,0.01976244455904944,0.01766825145664951,0.21100383397449757,-5.630845923357891e-08,-5.961739304409167e-08,3.3089338105127547e-09,-1.0400601014933233e-05,-1.0423674473232651e-05,2.3073458094861193e-08,1.4784370439582657,-30.630713646967067,6.447554030125349e-07,7.232569652856129e-07,0.052510358287223044,110.89729489947035,0.005936114214532869,-453.51577133876435
851,0.1128584884092026,8.279340239844256,0.02395786328417215,8.182276092152739,0.07310628440734461,390.2593295193681,386.4439346562217,3.815394863147085,0.01902483646567281,0.013937882942686929,0.1665207571569785,-2.5446388174477994e-08,-2.9605394323658306e-08,4.159006149180311e-09,-3.595412929793788e-06,-3.6176562590427798e-06,2.2243329048788444e-08,4.751120185400982,63.6036869516834,7.220463512102593e-07,5.891684950393235e-07,0.04273499102623094,112.77492286327745,0.006056831672095128,249.68950207338185
852,0.11482689683963729,8.488251440095635,0.026650319848908,8.386306302564,0.07529481768272799,450.8371223561463,448.36150441476013,2.475617941385503,0.019980858079722767,0.015371703819285725,0.18599070641054763,-2.927402845956406e-08,-3.335509980381134e-08,4.081071344247289e-09,-4.806024932093927e-06,-4.827827972146102e-06,2.1803039881622364e-08,0.5666381965897207,140.57084207601667,1.217964612198548e-06,7.609515391487923e-07,0.04594929239424962,122.66053438970695,0.006002580633322635,7.446202698441084
853,0.11715617812222953,8.158708790590907,0.02579489334704366,8.048998455409631,0.08391544183423354,407.6957354281541,405.0894606965231,2.6062747316310437,0.02036189106325713,0.018683857600909588,0.21209678693968173,7.335169286548043e-08,6.964749114384942e-08,3.704201721631001e-09,6.873814686648088e-06,6.851533009830734e-06,2.228167665272381e-08,3.9892175929479956,-31.504275477541498,5.621015982112042e-07,6.582483668923149e-07,0.05523847594896097,112.59715181786575,0.005881854028336742,-546.886927556463
854,0.11578563233409615,8.610327930584116,0.027864668528656506,8.486514769554304,0.09594849250115502,398.677440863872,395.51911245721544,3.158328406657711,0.019727122506807707,0.017007354532709223,0.18532554535946524,-6.3658271277163e-07,-6.415653979183929e-07,4.9826851467629085e-09,-7.635666877656444e-05,-7.637956114339279e-05,2.2892366585325077e-08,0.46513605674047864,103.91165383673267,6.909183695390169e-07,6.882385745565349e-07,0.049846993375460044,114.77677856172093,0.006021508044497899,147.2894961774782
855,0.12112270228121062,8.599767150158947,0.026072205969032,8.467211163703016,0.10648378048689919,414.5533342956274,410.502255404251,4.051078891377388,0.01750863643790859,0.018113326110324887,0.21346494044097852,1.2955014606831532e-07,1.249570783898264e-07,4.593067678488895e-09,1.4054978448615086e-05,1.4033345624948686e-05,2.163282347807254e-08,0.8107647174882365,49.65589322355758,6.579838315195033e-07,6.719581718406291e-07,0.05333638908213249,115.70162233732046,0.005831906043023518,144.17764366806477
856,0.11916701992251089,9.1272907573749,0.02644990737377329,9.03492159255042,0.06591925745070674,389.80545969935565,386.2043885708429,3.6010711285125163,0.019008770120889855,0.017088289827594357,0.19707591816679837,1.1883512311874922e-07,1.1487949367175046e-07,3.9556294469987895e-09,1.320055105600401e-05,1.3178422362079269e-05,2.212869369360558e-08,0.8824936052899148,71.51927368330004,7.838023102216712e-07,7.805328373504323e-07,0.05114294832563915,116.14197009921278,0.005926250335274468,171.03844374808432
857,0.12062787113997044,8.477203937441358,0.02808924649849325,8.36495690812032,0.08415778282254478,354.82657168375454,349.61196792393633,5.21460375981889,0.01607001954314943,0.02000597686677679,0.22948630711120124,-3.2067996532506966e-07,-3.2555557205716037e-07,4.875606732090868e-09,-3.9909564629063794e-05,-3.9930391569412046e-05,2.082694015917649e-08,2.2369802860315335,40.24507891484369,7.07721488983506e-07,8.693469880610525e-07,0.058157817292563564,112.06394754278978,0.005787265600612027,-333.4058644948964
858,0.11903900563864685,8.334124710055912,0.025508754307145578,8.238152158922787,0.07046379682597588,386.6729544428813,382.0433143981359,4.6296400447462585,0.018424856251673043,0.016150462735747294,0.1851988423006012,7.772035218939436e-08,7.351350643657433e-08,4.206845752820035e-09,8.441638028792821e-06,8.418359178223291e-06,2.3278850380297932e-08,1.1969584197513954,83.3234294554096,5.815735834509151e-07,6.400595770336421e-07,0.04738342477932729,115.40674385685071,0.005915278323531076,96.83020348152422
859,0.11670679572572204,7.962782408649776,0.024069974387111056,7.879302828796963,0.05940960546570204,343.46278377414853,340.7508469567618,2.7119368173868983,0.01910573923839971,0.0161920680112544,0.18725785715966456,-1.8023372898917023e-07,-1.8432951809756627e-07,4.095789108396033e-09,-2.269219327205316e-05,-2.2713582540941213e-05,2.1389268744507884e-08,0.716278806906101,156.36437328007526,6.371562230908392e-07,6.711828357967706e-07,0.049836462968688926,109.23593936122502,0.005916427685727232,11.312595834433523
860,0.11478601586402534,8.448573072891467,0.026544543198562594,8.34376016086266,0.07826836883024291,372.36251830684444,369.757869804399,2.604648502445817,0.015773387053525257,0.01525752018979987,0.18051755210599413,1.229445541751123e-07,1.1938653305974564e-07,3.558021115366663e-09,1.3811964566800146e-05,1.3790325604698475e-05,2.163896193158632e-08,0.6607819555151166,68.2428265365488,7.420557385843972e-07,8.918395946243906e-07,0.04757230189670087,112.34878530968668,0.00580914228395849,-245.0566931334315
861,0.11691936732317414,8.309006181046845,0.026432503809244095,8.191251871068935,0.09132180616866489,344.2284593404475,340.9951095495908,3.2333497908572544,0.014266511686860817,0.017334115785993243,0.1924192532589172,6.449176182938736e-08,6.118213307914168e-08,3.3096287502456916e-09,6.959158685579312e-06,6.93851816111486e-06,2.064052422428213e-08,0.6986802326419189,-4.599964615251261,6.483468856681724e-07,8.583128616805855e-07,0.05072992831318041,112.13000551849741,0.005932490984636311,-330.96054478348105
862,0.11145908084356974,8.777589868339042,0.02906733701279459,8.678320946897921,0.07020158442832515,390.9236067468701,388.19248526262976,2.7311214842407963,0.023156531144338837,0.016178421091983395,0.18245057216088478,-1.9375616773199645e-07,-1.9849069424132175e-07,4.734526509325279e-09,-2.442038876770355e-05,-2.4442403137248577e-05,2.201436926856006e-08,0.7076204178010591,-223.68854770314235,8.037386109134591e-07,6.197572520596687e-07,0.04919626012104441,114.86459390388339,0.005878904368350721,-150.13165557125285
863,0.11587660170625896,8.482263996550884,0.02674319707126617,8.380823297614585,0.07469750186503242,425.3202349620192,422.68089391822747,2.6393410437914704,0.017683523873790637,0.017927568626171175,0.20750150057321548,-1.5225851744665793e-07,-1.5614596363271622e-07,3.887446186058364e-09,-1.9655624294511825e-05,-1.967852033510239e-05,2.2896040409637748e-08,0.7248622445849592,86.48232762682238,5.794655337105644e-07,7.472858802481917e-07,0.056214111575396616,115.49995542589957,0.006085801735932385,-954.3663375415244
864,0.11557324715463671,8.66529724210216,0.023575791011074983,8.56937716196477,0.07234428912631194,400.99724904798586,397.74703789099294,3.250211156993052,0.02274218504636273,0.015347435593975122,0.180525177734213,-6.479748083014737e-08,-7.075449600040779e-08,5.957015170260405e-09,-8.419172873613696e-06,-8.441176175143961e-06,2.2003301389657624e-08,0.7445599802347952,37.23092900993614,5.668064844070224e-07,6.060599960422913e-07,0.04585327362673188,118.58272610741002,0.0059765469385781094,-248.22158751802272
865,0.10927134380763377,8.102593169748129,0.027307237994010518,8.0008276776355,0.07445825411861778,288.71889940268636,285.8422769491007,2.876622453585501,0.01514144960600198,0.013980670274620705,0.16801404241383794,2.789127734189974e-07,2.7495834165381106e-07,3.954431765186352e-09,3.1559298283077485e-05,3.153979810327348e-05,1.950017963771702e-08,1.095931971079343,44.86441777545345,5.334324870547169e-07,6.610494155429723e-07,0.04197643529467669,105.95694761848831,0.005772257403685169,-974.0823242947135
866,0.1146598215256866,8.980405626442046,0.0271567046582021,8.866550924799345,0.08669799698449786,435.4922447859866,431.9664632024245,3.525781583562063,0.019343088482065583,0.016354662215239783,0.1877755785538435,4.4975418011672255e-07,4.443371187249831e-07,5.4170613917394745e-09,5.1234161490678805e-05,5.1212471768841654e-05,2.168972159347319e-08,0.5330899976442897,3.054547792439367,1.024713216804678e-06,6.464733056109418e-07,0.04885876666936012,117.21971838702237,0.00594183192121471,363.30492995345276
867,0.11637831001722165,8.308074899111103,0.02551869257934459,8.205402024349244,0.07715418218251471,358.6783445186942,356.0877742686497,2.590570250044559,0.017321805338499897,0.018551535524639888,0.20373415482816387,1.201031702670585e-07,1.1526301034110945e-07,4.840159925949026e-09,1.1717366197112557e-05,1.169637247004304e-05,2.0993726808135184e-08,0.8623580445046644,63.29905635501475,5.651494741347913e-07,5.83143646340627e-07,0.05464480760361764,112.81834557475463,0.0059263113068304145,31.80723070803606
868,0.11075196076513064,8.336360487742812,0.024271091394648402,8.231712889925605,0.08037650642255736,402.8856079897726,400.43134878373377,2.45425920603926,0.019910521399995575,0.0157851109523981,0.17593912759120228,-4.140659468548721e-08,-4.7148806487017996e-08,5.742211801530778e-09,-6.756876987590523e-06,-6.778438508714537e-06,2.156152094479938e-08,0.552486967147909,-8.561983069250983,6.728978495392602e-07,5.550521588753163e-07,0.04916441954570288,115.79321401435003,0.006067352599157405,-542.6625259429602
869,0.11832558620413977,8.733961090196908,0.027817733135439386,8.617089265680283,0.08905409138118463,391.75499254399665,388.6575059399981,3.097486603999331,0.020695476281071986,0.017309472704965807,0.19828092228739724,2.0699053234557944e-07,2.021286201258898e-07,4.861912219689637e-09,2.245107196377313e-05,2.2429230063843178e-05,2.1841899666768453e-08,0.558692974847367,41.18908029259519,6.233256846896219e-07,6.99963840760209e-07,0.052700645873674144,116.6862315401792,0.006018788814826454,5.909415270031786
870,0.11808526534356571,8.726293945377945,0.02785018820077499,8.612856820211812,0.08558693696535746,353.0127062282599,350.6492970324663,2.363409195793517,0.01679159111510539,0.01788702413777474,0.20590906295399894,1.6278543514129796e-07,1.5775173976285725e-07,5.033695378440693e-09,1.8089246103838205e-05,1.8066909854133678e-05,2.2336249447175565e-08,2.3460300455670433,156.70006459058538,7.619253986436529e-07,6.333032849917841e-07,0.053692074260283766,117.44373166084104,0.006011762165162476,545.6113425918893
871,0.1168742534205347,8.678725435584202,0.02729449356265329,8.576410505355119,0.07502043666643037,534.9525256638982,531.0123389659262,3.9401866979718854,0.02043664447013799,0.017511996633819617,0.1980955193455431,1.4114718272650402e-08,8.783877169093343e-09,5.330841103557056e-09,-1.1888970506658502e-07,-1.4051215599872375e-07,2.162245075352064e-08,0.9669799668245755,-33.780043898190144,7.842753011657628e-07,5.321190359285978e-07,0.05218133700079202,116.44002185514555,0.006027774479440654,213.69202846126973
872,0.11947054729800229,8.378211999170961,0.02523489306351151,8.283172873728402,0.06980423237904756,333.1890952786367,330.4605054461094,2.7285898325272124,0.01959166361609288,0.018367815116217004,0.20675124074799517,1.7018754505847077e-07,1.6618336989229168e-07,4.004175166179103e-09,1.9296235193011696e-05,1.9275043633977275e-05,2.1191558819993333e-08,0.6326485010660788,89.91363947924033,5.960152750097477e-07,6.583878435523695e-07,0.05301246504190966,114.33540593381032,0.00576168596466801,-436.63246302133484
873,0.11422799197191374,8.02962545737943,0.02592200300481616,7.937757616815453,0.06594583755915973,428.36382767535713,425.5827821509564,2.7810455244008607,0.01274718656860445,0.017000126236782438,0.20552839736762787,3.508614123405246e-07,3.4562134986074076e-07,5.240062479783837e-09,3.9489527843601226e-05,3.9468683964211116e-05,2.0843879253364914e-08,0.9275942366429092,107.2366644849688,7.128594212368611e-07,6.392515243777875e-07,0.04944787782883602,107.69415676156116,0.005844739895832545,-366.3218363484516
874,0.12450952179172693,8.340570259794326,0.025825587590248868,8.24432310497369,0.07042156723038766,383.3970365015166,380.34079587137717,3.056240630139543,0.018046489882123366,0.018346794738829057,0.21851688193126495,-1.7844298150562614e-07,-1.8345458783767523e-07,5.011606332049085e-09,-2.3275488120580793e-05,-2.3296801793316218e-05,2.1313672563147294e-08,0.7842387121684767,-101.53802481634521,5.749974681992156e-07,6.958846522713908e-07,0.05550935911413461,115.96004074643791,0.0061037218600048845,-265.16321669018635
875,0.12376160501185388,8.3027616986327,0.02427108366525514,8.19912682114401,0.07936379382343568,454.7256817760253,451.96793325704056,2.757748518984729,0.015030312351429855,0.02206616255199313,0.2483051014652664,-7.028044036831641e-08,-7.52575865090997e-08,4.977146140783289e-09,-1.0188816460991798e-05,-1.021032372703175e-05,2.1507265847670208e-08,1.0868599139265118,176.04173125574854,7.249966925137711e-07,6.2506368872107e-07,0.06317401118686912,108.56936180034681,0.005786317161719263,597.1509609172012
876,0.1206639080760485,8.719529593845689,0.028701616458157702,8.606377728604864,0.08445024878266645,395.0128772886863,392.05386957414873,2.9590077145380986,0.01909255713169561,0.018824294009145825,0.21397721801686226,2.711690022864564e-07,2.663957418918847e-07,4.773260394571867e-09,3.115010543181001e-05,3.112810326702289e-05,2.2002164593788618e-08,0.7972871723995713,-29.801282542045183,6.370553170913488e-07,6.326817034640194e-07,0.05694200240160983,120.32094991358817,0.005922343451954495,446.93448607775827
877,0.11527556977140453,8.011821452511501,0.02366941161877799,7.909604676747302,0.07854736414542218,507.6539978109238,504.2169637450542,3.4370340658690424,0.021510470866232492,0.018066918177775605,0.2028632338971041,3.4174690195129215e-07,3.373339699071235e-07,4.412932044168588e-09,3.84411794852034e-05,3.842003398498382e-05,2.114550003338901e-08,0.41871606890556606,50.23047174964078,5.294543549491869e-07,6.178119597546789e-07,0.053983765366432,111.99189744956861,0.006008595412211599,-245.66914176429555
878,0.1131388864365394,8.087373616192355,0.02669387519775607,7.975402153474889,0.08527758751971178,399.1585774934274,395.6034424654312,3.555135027996287,0.01540263296023911,0.015565165976472378,0.18707185312309624,-1.7379466026601225e-07,-1.7776542709155877e-07,3.970766825546582e-09,-2.1912465725095363e-05,-2.1934100705050893e-05,2.1634979713999562e-08,0.4664318596047479,-13.629555750353234,6.531392300712655e-07,6.069913936023792e-07,0.047420671669941766,111.63886138142439,0.005901661489046431,349.70084162600915
879,0.11453542174368991,8.474046805398478,0.02489726506683036,8.365342825660221,0.08380671467142621,372.3180087209638,369.0426827682889,3.275325952674833,0.01761744475301707,0.016150529959751025,0.19067993135935848,-3.759548583145249e-07,-3.814147663094687e-07,5.45990799494367e-09,-4.625946217251542e-05,-4.628068079157496e-05,2.1218618889590778e-08,0.955181202762023,84.55201632691858,6.288593342115283e-07,6.793601687759188e-07,0.04716936103195714,113.52898173586587,0.0060744763732752055,157.73774339063766
880,0.12399501565063402,8.557177420531762,0.02599893726311543,8.448884817901147,0.08229366536750043,328.8321572716254,325.9084928687377,2.9236644028879497,0.02120340371992139,0.018549331051048962,0.21513278090566448,-1.4259435302053255e-07,-1.4695162336236174e-07,4.357270341829176e-09,-1.843989487460568e-05,-1.846188496483246e-05,2.1990090015101167e-08,3.158753538600452,-94.09301483628832,6.116423565663183e-07,5.768717715504382e-07,0.05426452838969894,117.54571167396875,0.006101845679076031,-150.2416533015412
881,0.125262419628487,8.576546548638621,0.028378301876302418,8.472282308485989,0.0758859382763276,414.1503208019968,410.974871430072,3.1754493719249277,0.020072157153739747,0.022572931870091576,0.25950897527173655,3.1800145367670086e-07,3.128524713438523e-07,5.148982332848454e-09,3.566368254855304e-05,3.56414817267118e-05,2.2200821708161062e-08,0.7750431904080053,41.88310597804311,6.118281589244906e-07,5.990902869080723e-07,0.0650388493471873,109.97399697895693,0.005856998039396563,206.72506852799916
882,0.11538341696668986,8.488075019861858,0.029861411868784715,8.378549441759867,0.07966416623320692,428.99881382178495,426.33741090291386,2.66140291887127,0.019214165933390575,0.0149449565825459,0.17663066917867454,4.518710667085206e-07,4.4568724652334294e-07,6.183820185177656e-09,5.261828952008053e-05,5.2596137307468715e-05,2.2152212431432764e-08,0.9646788999103664,86.96548433960136,9.59903495819156e-07,5.719669401947858e-07,0.04360954478519446,113.89478004159595,0.0059579438035043284,223.5265184155396
883,0.11752630334187449,8.477101433219309,0.024801448245876552,8.379552103998984,0.07274788097444873,347.73414212178744,345.18893765410195,2.5452044676851346,0.017145627995259642,0.018408860609298517,0.21233986911240998,9.665193444220777e-08,9.183467719400348e-08,4.817257248204329e-09,1.0667074565871116e-05,1.0646079883762875e-05,2.0994681904516346e-08,1.3272850012887616,33.424887262256775,6.792417901388475e-07,7.871387657732768e-07,0.05396475709608276,113.8176381401336,0.005952716360429416,47.79149359554958
884,0.11734147079985434,8.188547177357156,0.02482280060826011,8.095103165960358,0.06862121078853703,365.914368934716,363.22963523685036,2.6847336978659193,0.01926473890610954,0.016769919677296435,0.19637649698315499,7.514900236414751e-08,7.139275315919039e-08,3.756249204957134e-09,7.518415243216995e-06,7.496922882269392e-06,2.149236070216768e-08,0.5858609455609841,75.53882988643545,6.235841164217747e-07,6.181186602051332e-07,0.05164628019255011,114.23429788093078,0.0059596828917253195,239.5372744034903
885,0.11718654508254135,8.393686365126166,0.025552229016733784,8.281333727292852,0.08680040881658332,413.7428047428784,410.80265244564646,2.9401522972318967,0.017096519958116573,0.019026953663590626,0.21564610641866494,1.4005526012606106e-07,1.3409429841736398e-07,5.960961708697119e-09,1.5736014560948923e-05,1.5713845023113322e-05,2.2169537617152527e-08,1.2712702692484708,-5.748040835634661,7.105112750301077e-07,5.708608489086854e-07,0.055226724240125716,111.07662081755706,0.006043045830137654,453.267917956714
886,0.11294786865587124,8.734515679570556,0.025172232411829403,8.636788228498293,0.07255521866043357,424.8648209012005,421.2965118509656,3.5683090502351598,0.023342499820594574,0.01617747340778778,0.18198056975258461,2.3162367634575175e-07,2.274113064691081e-07,4.212369876643602e-09,2.6092018636180368e-05,2.6069960739637054e-05,2.2057896323039e-08,0.5963311063555047,191.78432867034087,6.024741398540818e-07,7.078722480608401e-07,0.048770849913378954,115.16919336338132,0.006098730947160557,-238.4364603150998
887,0.11381723631087735,8.430748735839604,0.025352622979985875,8.345712795186579,0.05968331767303948,404.37441864263184,401.6542380208403,2.720180621791847,0.025940864345549913,0.015892689211701543,0.18103492076509922,1.665722996117312e-07,1.627308668007863e-07,3.841432810944909e-09,1.8000182428261107e-05,1.7978263775695313e-05,2.1918652414899552e-08,0.6641790515102662,57.834395119601155,6.077017083622227e-07,6.636289127757344e-07,0.048391830238901944,116.34467561750633,0.006058700620372956,-293.0060236919162
888,0.1213732844329463,8.734588632434612,0.026558703677097697,8.636033614112852,0.07199631464466169,395.9839116016776,393.22846369446677,2.7554479072111313,0.0198729564309404,0.017254080058699873,0.19897160049839419,4.281954352692201e-07,4.235073666712511e-07,4.688068597969162e-09,4.829266380154951e-05,4.8270688483456725e-05,2.1975317893121348e-08,0.6609444970622027,144.38859917744287,6.959211276555044e-07,6.867122763842944e-07,0.05156283474511987,110.89990908404907,0.006051248942905493,-334.1460783735047
889,0.12828271201846436,8.964569072759364,0.026372581470763497,8.846892312649532,0.0913041786390679,483.2269352663589,479.39672483296886,3.8302104333903597,0.020174092877831534,0.019790345240286517,0.23330318681700796,-1.6141782381178813e-07,-1.6642664955008642e-07,5.008825738298214e-09,-2.1198403309560725e-05,-2.1220094748651907e-05,2.1691438880623534e-08,0.8175574435064235,55.54785883042114,5.902126450024581e-07,1.0664075778503848e-06,0.05754507029366329,118.81275581352871,0.005917032478877515,201.848729470923
890,0.12316512611790252,8.557794446186879,0.02539271939331465,8.441998107157634,0.09040361963593174,428.76276350831347,424.5653740537427,4.197389454570607,0.020723168196011003,0.01967241819358767,0.21994325802651324,4.2014818553662327e-07,4.157066705928606e-07,4.4415149437626084e-09,4.9574314996694225e-05,4.955346260260761e-05,2.0852393933372706e-08,0.8488242360220003,90.66451274015897,5.930014251258278e-07,8.610474716842254e-07,0.05759966988981053,119.42767206537903,0.005888020135441785,-265.9582609972176
891,0.11121839951849725,8.349502662886833,0.025640557553707203,8.236456834943212,0.0874052703899116,468.64462234343046,466.0448271562402,2.5997951871901965,0.02195078601030902,0.016274203989655654,0.1828228977344884,5.671173112975378e-07,5.629014173637761e-07,4.2158939337615475e-09,6.48713725264306e-05,6.484997953808282e-05,2.139298816616119e-08,0.6714551470780186,-13.814490748576672,7.291102196130225e-07,5.956042325052456e-07,0.04922166179732094,112.2712192286215,0.005869413254834468,360.56954809950685
892,0.12157347956483501,8.344151390625685,0.025116994464792198,8.24714634884819,0.07188804731270301,375.893842128094,373.1888026848641,2.705039443230119,0.01851876201330803,0.02023939526709301,0.23746044645441122,2.5465772204681294e-07,2.475458309357708e-07,7.111891111042156e-09,2.9159316716913807e-05,2.9138197794695737e-05,2.111892198877227e-08,1.7311712956142384,80.49386695530261,5.382919844273007e-07,8.939285894958988e-07,0.0596197092789285,110.65927735520494,0.0058771602617114106,-947.4346539707899
893,0.1247610511551345,8.514470368195582,0.02598190221087473,8.412827572414221,0.07566089357048632,455.20196268636994,452.45075419603916,2.751208490330631,0.026468297375945752,0.018937174788230392,0.2213939639506447,8.186105199763515e-08,7.695108906405367e-08,4.909962933581478e-09,6.702902553349542e-06,6.680211496790421e-06,2.2691056386598492e-08,1.826947270750861,20.148194989833677,6.798160303727201e-07,5.933702468302582e-07,0.05553893100366661,116.88404045334693,0.0060424495030060215,-23.50878820944672
894,0.11549204948355536,8.5956305314877,0.027960393399309277,8.503204766329503,0.06446537175888559,451.36672814309,448.9248226607276,2.4419054823621766,0.01967479296305228,0.016218589360538015,0.19076049080109972,1.144888938646687e-07,1.0956028272440153e-07,4.92861114026718e-09,1.1991116352106861e-05,1.1968820695421874e-05,2.2295656542641906e-08,6.405201475855505,115.97912856853868,6.247023635406382e-07,5.996052000760683e-07,0.049689574047212644,116.88349749860356,0.006000026443536077,198.3562654195871
895,0.11492903263600397,8.157679582067185,0.025337475613569634,8.072200384992943,0.060141721460671566,395.45508096954916,391.939842501897,3.5152384676522708,0.02891915171879742,0.01682109478888283,0.19159116608657883,3.962664094313007e-07,3.916454359398392e-07,4.620973491461548e-09,4.590219312778418e-05,4.587772986566923e-05,2.4463261942414455e-08,0.8514145844137473,64.45020306880195,7.777109991107855e-07,6.412063314913097e-07,0.051525124937269705,110.64012938172502,0.005932654302325097,-350.34466118933506
896,0.11944118698421685,8.363657719333045,0.026437107800297534,8.261101510873955,0.0761191006587913,420.8953042422614,415.9545134258429,4.94079081641886,0.015080870168624548,0.01756344061070261,0.1995882326145662,4.7317697507194554e-07,4.6983401491315045e-07,3.342960158795242e-09,5.484649417743384e-05,5.482517317544141e-05,2.132100180601392e-08,0.5790957017710836,31.659950785873697,6.735359798807013e-07,7.691290552868774e-07,0.0521856529553737,116.44996815667895,0.005936228162995459,79.37331210190587
897,0.11718896394509166,8.656281790846913,0.026291029307935008,8.54901767899389,0.08097308254508752,426.2562517695809,423.26597398082635,2.9902777887549163,0.01612778857280879,0.01601102965441904,0.1907162630856986,-2.7299612796295758e-08,-3.331590859711778e-08,6.016295800822021e-09,-2.7225859760843195e-06,-2.744508075898879e-06,2.19220996067508e-08,0.5362407262441663,78.55368162113966,7.11119164167325e-07,6.005079075635677e-07,0.04923856318277095,114.45172293964441,0.00600798642690673,272.24292302690856
898,0.1196694456927936,8.28712578691089,0.0240164184633262,8.193911836538218,0.0691975319093449,374.80083324059945,372.0559587229068,2.744874517692733,0.01756641994475303,0.01852465737850469,0.22457486018782144,-1.8223854949638516e-07,-1.892088265418068e-07,6.970277045421707e-09,-2.4433738377927815e-05,-2.4455619738115266e-05,2.1881360018316904e-08,0.7616211916670419,-35.72764008935758,6.715748484333882e-07,8.044377798457889e-07,0.05419979667583908,113.85838982972427,0.006031359186892772,225.90914385196993
899,0.11683560570451608,8.100208201511437,0.025094985837099973,7.993441132699575,0.08167208297476197,341.51893661966517,338.61667300991144,2.9022636097542316,0.02290080256750393,0.015946648440945763,0.19722066024884383,-5.062181258379525e-07,-5.104771730057165e-07,4.259047167764142e-09,-6.0674037430601196e-05,-6.0695693613179276e-05,2.165618239234218e-08,5.700482731439862,33.29371341543376,6.414248612234054e-07,6.659224291792378e-07,0.04824190928197895,109.44709690301764,0.005864285215138057,-53.917705088785624
900,0.11523695066371675,8.268076300987609,0.026211172895241063,8.17939927291458,0.062465855177788056,525.0471920734567,521.924518199479,3.1226738739777544,0.018752394319886623,0.017871891809657505,0.21110175985175447,2.0541852734604882e-07,2.0105872220352338e-07,4.359805142525406e-09,2.3873246136958976e-05,2.3852236476312773e-05,2.100966047664714e-08,1.40722712327908,80.0587402033436,7.016039817638051e-07,6.666861072331279e-07,0.05312254274320035,112.42919963328453,0.005870704351579298,-147.32731749304094
901,0.12539989842960927,8.81556797033249,0.027820055751921056,8.683335160027356,0.10441275455321206,470.1311081241488,467.4322855071694,2.6988226169794767,0.01873276935285092,0.0193840411216236,0.22731297715317658,4.5492492516208566e-08,4.0756375850653234e-08,4.736116665555334e-09,1.8583804741764403e-06,1.838013998975978e-06,2.036647498531729e-08,2.602932078915137,-38.701076297169415,7.857010031198972e-07,8.110650277017097e-07,0.05793864897856696,117.46000975447518,0.005928393865362844,-493.91627067793434
902,0.12243290455736888,8.435828288302016,0.026727768960307496,8.34428001505436,0.0648205042873502,508.682262738082,505.7931340721425,2.8891286659392827,0.017432648891981997,0.017810703270481103,0.2062766641686614,3.513402889833909e-07,3.474738067382879e-07,3.866482245102945e-09,3.949818391386596e-05,3.947598736279156e-05,2.219655087353782e-08,0.6833264611706789,102.2687950369339,6.942109436186621e-07,8.401905537497247e-07,0.0531036214870191,113.75629653933228,0.006001239009165921,129.8957313921137
903,0.12393385020636319,8.739168668402213,0.029097900048487925,8.614139051399414,0.09593171695430815,451.4304965574549,447.1983612324529,4.232135325002258,0.028239884723816756,0.02088511855195972,0.2350685500806008,5.288734765964922e-07,5.234786155655703e-07,5.394861030921632e-09,6.140445705494997e-05,6.13827787522637e-05,2.1678302510991274e-08,0.9435704289955447,31.234650686518805,6.533164038577887e-07,5.75506282912575e-07,0.060692352849037526,118.1733446443541,0.006062359520297469,-388.5325408759709
904,0.10972663510350947,8.21918893064602,0.025376178122289865,8.120394575626271,0.07341817689746027,364.5601162911109,362.22507768533063,2.3350386057804826,0.01541959160965313,0.01525538237538689,0.17640965950487908,-1.7420693978338817e-07,-1.7870386021564374e-07,4.496920432255586e-09,-2.1903070442593544e-05,-2.192384707589045e-05,2.0776633117454744e-08,1.3646441712002557,166.8901658381817,7.03903496413819e-07,5.910376114762645e-07,0.0451177452219512,113.48550196648469,0.0059265118061002315,-46.23970002081205
905,0.11548604932472295,8.010029345492836,0.026064747646863624,7.90604660162744,0.07791799621853007,549.9560692046255,547.1603000575893,2.7957691470366908,0.018705202765786737,0.01640878819307439,0.195864189145936,-2.5562238459872913e-07,-2.5903938893625445e-07,3.417004337525287e-09,-3.063436913602228e-05,-3.065593098746668e-05,2.1561851239603413e-08,1.231284947184328,314.1873310317713,5.991861377857617e-07,5.317324638757806e-07,0.04890337486012866,110.22785761873877,0.005929050063714691,254.59339458246177
906,0.12686617516590618,8.677691367719424,0.02617398811084172,8.574459854261322,0.07705752534726135,350.2716267451791,345.377299688528,4.8943270566517025,0.01951762978807356,0.018867728659387878,0.21211242732472083,-5.022542655755544e-07,-5.062239365322535e-07,3.969670956699139e-09,-6.0457248578694996e-05,-6.047878241492118e-05,2.1533836066734586e-08,2.0371190289848675,22.385456459166313,7.748785131314783e-07,7.278880342468702e-07,0.05662462922130071,122.91479761260061,0.006036991449546575,259.0095709015727
907,0.1182672288090238,8.40887280829524,0.023612412723707128,8.307363818165413,0.07789657740611729,279.5244981543359,276.8048296086921,2.719668545643965,0.022192248719846725,0.01821125032723839,0.21803738288676472,3.700619050268682e-08,2.9980059419931635e-08,7.026131082755181e-09,3.4325703944633392e-06,3.4110757072648565e-06,2.1494687042267997e-08,0.6693791692512375,91.2186210493731,6.046905337813943e-07,8.610884831451525e-07,0.0525027247691642,115.34690113282855,0.005881508275853777,-329.46677900477334
908,0.12254636327698736,8.398554184597824,0.025676375258067496,8.289142170990512,0.08373563834923951,420.44380253282543,417.6656347536478,2.7781677791780814,0.01938532813987194,0.01989058077460996,0.22556031870316445,-7.726754716724704e-08,-8.123768290687489e-08,3.970135739627815e-09,-1.0345546405099752e-05,-1.0368010609730027e-05,2.2464204497220017e-08,0.7348148745037772,4.705872185005539,5.561853308541823e-07,6.448060127541629e-07,0.05721371597399872,117.40931695218742,0.005970895558931488,403.3109474955122
909,0.11081484366682193,8.354944937898024,0.025604482892167154,8.263234080879803,0.06610637412605254,480.2479276817827,476.8852244480878,3.36270323369422,0.0195295229807556,0.015730307944811693,0.18897352911528592,5.953885019674193e-08,5.5341316804865e-08,4.197533391876948e-09,6.008646703097983e-06,5.987546120128902e-06,2.110058276675889e-08,0.8319348881758197,-79.61221547720493,8.601587546338485e-07,6.609490509960512e-07,0.04900646348445798,112.669522663305,0.0059655748581694985,727.423882896408
910,0.11679158005822587,8.098267034502317,0.0235035889564265,7.995158848866532,0.07960459667935896,394.1370902171798,391.29540997414585,2.841680243034281,0.022284540941385367,0.018620196702267184,0.21347571299731755,-1.7842994131944412e-07,-1.8339547586354309e-07,4.965534544098974e-09,-2.2828350556052135e-05,-2.285058428757963e-05,2.2233731336706164e-08,0.7612381498642309,73.71169054023976,5.979098670639842e-07,7.460209999062996e-07,0.054335419717060636,104.4250418619659,0.005994195225085044,250.58547321325204
911,0.12698346049045434,8.876244536786237,0.030136776567017767,8.772754140675902,0.0733536195433189,382.3994216922645,379.0952346594827,3.3041870327824023,0.017378584052935454,0.019954610914784527,0.23702588400719385,-2.555448212122802e-07,-2.606182192470052e-07,5.073398034724996e-09,-3.162699835937168e-05,-3.1650950585197745e-05,2.3952225644034855e-08,0.978952839193559,26.95437324896282,9.162038853548066e-07,7.185845497876374e-07,0.057227781066762955,125.69128671868458,0.006090888302838879,-1139.473862123289
912,0.118905258207328,8.623139550087684,0.025951479979846946,8.516948189925847,0.08023988018198956,381.00831777198516,378.55399446234316,2.4543233096422252,0.019650579165976095,0.01907716595029965,0.2297750339486032,4.260054800113079e-07,4.198042687373979e-07,6.201211273910018e-09,4.861846483884771e-05,4.859746268484571e-05,2.100215383970972e-08,0.882484298093343,100.46121561224113,6.731218189818603e-07,7.713283294141181e-07,0.05549019961370696,110.00235736289306,0.005896565811439953,-1025.4558725499896
913,0.12605655293741727,8.617175394160666,0.028546389948850073,8.519104418636044,0.06952458557577317,374.3036081122626,371.37771385432103,2.925894257941896,0.021919552111321412,0.01907396540631988,0.22218620465761058,2.5893550221386873e-07,2.534711441630161e-07,5.4643580508525735e-09,2.8123419085493147e-05,2.8101775897838564e-05,2.1643187481363713e-08,0.6743222968209948,-46.840893669867015,5.528421184001133e-07,7.572995894523403e-07,0.0559717947001014,112.87639257110844,0.005809955781486165,219.07390088786724
914,0.11959329021983868,8.217871842527636,0.031066860335396015,8.125007265442212,0.061797716750027626,440.7787212119318,438.0537820614917,2.724939150439767,0.020699443988733943,0.018613918575014415,0.20809894179607322,5.903772490704909e-07,5.862634431153423e-07,4.11380595514854e-09,6.892992961734751e-05,6.890810338559192e-05,2.1826231545834375e-08,0.530721457650666,121.62302514759071,5.466648670179502e-07,5.849365923406135e-07,0.05432381388442256,118.81697405017651,0.006066573021208914,280.91791261080016
915,0.1107287397848572,8.278128749759356,0.024105683915085486,8.170822572392746,0.08320049345152433,478.14523345203474,474.74579748131407,3.3994359707202486,0.022065546640263608,0.015881741521907855,0.1818086675944042,3.948184504055046e-08,3.4926455092785095e-08,4.555389947765351e-09,5.137125323881004e-07,4.925301201799912e-07,2.1182412041786014e-08,0.9443900804240761,-118.38214157165702,6.080199636024169e-07,6.878478471758894e-07,0.04787751683782134,111.04613703088044,0.005948988377438033,82.95725673833704
916,0.11949410717028176,8.257889107852879,0.024953964508081575,8.159611678409211,0.0733234649355854,418.5342027853444,415.52454807895356,3.0096547063908075,0.019455802870283256,0.015482739454265074,0.19807242929565355,4.6734487821466474e-07,4.632979400745135e-07,4.046938140151239e-09,5.3517565489177283e-05,5.349517308363411e-05,2.2392405334987627e-08,18.902553022784396,258.822560754388,4.942415041665218e-07,5.738621851194843e-07,0.047251457519570196,117.8459923258494,0.005990408275476113,227.67021102766967
917,0.11701416302442502,8.450092642528423,0.02541679745258316,8.361455318889588,0.06322052618625472,546.0733868724832,542.8266333850784,3.2467534874039687,0.024001486793795383,0.01819900177766307,0.20454334222301113,-2.4267695539122267e-07,-2.4668016566441254e-07,4.003210273189854e-09,-3.0460167574902132e-05,-3.0482232819187175e-05,2.2065244053001377e-08,1.1486903292201767,156.46831170266782,5.189978203474871e-07,5.719670210179159e-07,0.05512282178632831,114.39035671033224,0.006002171436666124,746.4935208981251
918,0.11408743767711747,8.168405627812641,0.029504074301301846,8.058419601898942,0.08048195161239602,381.30471059210447,377.9517199060911,3.3529906860134187,0.01805668343003598,0.015428840463545049,0.18378229312904612,1.1959113294189394e-07,1.1589619250318702e-07,3.6949404387069396e-09,1.355662456934107e-05,1.3534359543739571e-05,2.226502543157369e-08,0.623915444925745,-157.6937812527449,5.91329311324354e-07,6.243362980796047e-07,0.0463864071971707,107.31309637031602,0.0057321711775421055,112.5042968675898
919,0.11526218438906438,8.316475021980004,0.024975756191833447,8.212329715742122,0.07916955004604923,387.3895486501472,384.3295908682713,3.0599577818759953,0.019857657723066576,0.01741381062808986,0.20128569691673487,4.954750263630759e-09,1.1816351615511111e-09,3.7731151020796474e-09,-1.3030754952371874e-06,-1.3254260996660567e-06,2.2350604206653648e-08,0.5187604994884373,-14.800572698426144,9.801232709012266e-07,6.620954873889136e-07,0.05137831071886757,111.48055104595849,0.005801103176692846,210.43554798686864
920,0.12544982064484728,8.61719003946743,0.025580256286564997,8.516799228672326,0.07481055450853845,432.3947543356606,429.7752587228423,2.6194956128187603,0.02010406258403717,0.018211350367748173,0.21844004067979708,2.1029827813746e-07,2.0547702497499812e-07,4.821253162461876e-09,2.09883834601003e-05,2.0967593845289973e-05,2.0789614649253188e-08,0.745778995762526,100.031468063033,8.489124349660321e-07,8.070425195692131e-07,0.05280261569924631,116.45159911009154,0.006026582806600368,20.815117519279738
921,0.12270402035392801,8.528593474236013,0.028290309654469978,8.412390872596575,0.0879122919849682,514.6256112410392,511.4865146100172,3.1390966310222415,0.022585511053093272,0.01900961743650643,0.22159445494397537,-1.7795499347752346e-08,-2.3447320291733262e-08,5.6518209439809275e-09,-4.120292347832293e-06,-4.141276069757795e-06,2.0983721804586804e-08,0.6487636629531147,25.58148876858428,5.88198872254765e-07,6.227056388602376e-07,0.05575537298057453,112.37867661719079,0.006000939452171406,478.97917509526224
922,0.11837351113351514,8.408321108729432,0.024006735670159016,8.322880763242528,0.0614336098167437,359.6005263950908,356.91987833996143,2.6806480551293976,0.02591952432748915,0.017488064712802544,0.19700832047351316,-2.7872294919866684e-08,-3.3558643707679184e-08,5.686348787812505e-09,-4.348967256488454e-06,-4.37087270611867e-06,2.1905449417562822e-08,1.2083481937726552,50.039975770256824,7.302860076073392e-07,6.52709910028408e-07,0.0515846220530731,113.68360058861091,0.0058573909073631235,-404.746679418804
923,0.11820782244539631,8.030541861552816,0.02484330002854319,7.943546179120171,0.06215238240410233,364.9999713141782,361.3101502832957,3.6898210308824733,0.01688022547329383,0.016868858606644343,0.19645496801896845,3.080927915357082e-07,3.027844690792905e-07,5.3083224564175076e-09,3.409395140884034e-05,3.407163518475428e-05,2.231622382517384e-08,1.653215362357089,139.22972773670867,5.495562151914388e-07,5.994114883483181e-07,0.049457545170827,109.69083073298887,0.006042158896786618,-139.5035136600227
924,0.12042500095324785,8.62026522476394,0.02498266676353781,8.507039194476151,0.08824336352425148,481.581523473401,477.4916503543996,4.089873119000993,0.01860598131587979,0.01853198279193135,0.22224937509476794,1.1523732312487478e-07,1.1174201620972732e-07,3.4953069151474532e-09,1.283114830715162e-05,1.2809157089245143e-05,2.1991217743798932e-08,0.6773363741480303,123.70687838592978,1.152778500779422e-06,6.816288699770036e-07,0.05385219117968044,114.77372281541199,0.006127218171265232,64.5857289143405
925,0.12155707275055318,8.523960082263345,0.02458490334800695,8.424573654336582,0.07480152457875636,386.01790272795057,383.13800141647124,2.879901311480172,0.019837127605406235,0.017452491994501006,0.21097994709518966,-8.552181880937583e-09,-1.284807004208737e-08,4.295888161149801e-09,-1.601399610067928e-06,-1.6224313908933481e-06,2.1031780689270472e-08,0.893118270401394,57.982178004435596,5.424384365216593e-07,7.110613229081122e-07,0.05183448705598727,111.09657169017939,0.00575030181589584,-246.14596535887358
926,0.11564223133421273,8.523235904611068,0.027344998230087503,8.410293546060208,0.08559736032077235,334.5738285363508,331.4269057352216,3.146922801128797,0.017256997118954055,0.01732416417863496,0.19798903006195973,1.5020244388931612e-08,7.0229122517055955e-09,7.997332137226016e-09,8.216288954758386e-07,7.999468244904759e-07,2.168207082310638e-08,1.1730420563743833,62.83946641650536,6.285237562021491e-07,6.595514539977916e-07,0.05230578592413264,113.07518913140943,0.0059376801367405,-96.70059558309458
927,0.12356409905032649,8.3182198289281,0.02584711674505519,8.218181507503912,0.07419120467913397,405.3739632668503,402.6669325724489,2.7070306944018188,0.017266712856825028,0.019670096318008288,0.2257385532556862,-1.6922017549223348e-07,-1.7331587693973415e-07,4.0957014475007274e-09,-2.071084216415464e-05,-2.073283412029729e-05,2.1991955930244456e-08,2.692855477433687,140.88848795186104,4.5945110924785084e-07,5.940793865587293e-07,0.05726084548996009,112.20875206907166,0.00602346654385578,11.275733049602877
928,0.11119219145558674,8.122671464521282,0.02471784979647138,8.01335698436232,0.08459663036249204,388.1305976325941,385.37798272143664,2.7526149111575386,0.01599731139947833,0.014520335681292677,0.16575755867497002,-2.66820903791833e-07,-2.725662806709945e-07,5.7453768791614465e-09,-3.29966478908098e-05,-3.3017807078970644e-05,2.115918794800436e-08,2.866389831850351,18.176029330368294,6.579657429744277e-07,5.934573377738534e-07,0.04345303671915063,110.50858556471856,0.005704781524125051,366.5934889073533
929,0.13074667124689587,8.613723066088921,0.028784239101880358,8.499458026449025,0.08548080053801657,284.53250459418143,281.5804298846781,2.9520747095029103,0.015520839862745966,0.022991596634992752,0.2643631031236364,3.30456426723674e-07,3.269280537493295e-07,3.528372974344597e-09,3.845978851004006e-05,3.843765640369554e-05,2.213210616084449e-08,1.748657613922418,100.21236686857999,6.453774722975112e-07,1.08858039162935e-06,0.06544651966302961,113.64642662009653,0.005832075460698779,292.4538859183667
930,0.12246499857530319,8.701795935290995,0.026816258478943707,8.597435059562919,0.07754461724913463,415.8733150910462,412.69121460255803,3.182100488488372,0.014443081935585226,0.0165226151313721,0.19159430171693664,-4.38199541822007e-07,-4.4472094085505535e-07,6.521399033048326e-09,-5.2883710882793286e-05,-5.2904671654216924e-05,2.096077124444273e-08,0.6977640703527157,94.33369898135244,7.220545227041532e-07,6.950721851103757e-07,0.047635659603046,114.38004152285873,0.00605935055443269,-362.4020653070638
931,0.1187648992070697,8.921167656181591,0.026869931470508934,8.812673034136708,0.08162469057437659,598.1500848981697,594.5287355531789,3.6213493449917955,0.02034428468263821,0.019257124816207758,0.21649258201737462,-8.229464649223337e-09,-1.3041351046290718e-08,4.811886397067373e-09,-3.039510521165615e-06,-3.061708218432458e-06,2.2197697090616998e-08,0.9982388916093009,77.32581692688443,6.281793358455489e-07,5.938741265427998e-07,0.05487581337373055,119.27605206096757,0.005980922122065611,-98.62961842095501
932,0.12607232514282876,8.633982886415511,0.026371964630812525,8.521734606317105,0.08587631546759238,416.5878619276914,413.2712652453522,3.31659668233931,0.018536574941188058,0.019011332054608834,0.24015944604848846,6.936795055785115e-08,6.358626740566607e-08,5.7816831521851126e-09,7.412523501895077e-06,7.391428058058996e-06,2.1095443615904728e-08,0.9446459585053675,44.48027740885657,4.95689336226607e-07,7.26172263577561e-07,0.05390607342515839,124.67679542169009,0.005988351421481123,358.0138750875949
933,0.11672772849863902,8.385314185381864,0.02582891174041648,8.284367402797866,0.07511787084358455,417.506495900744,415.00357878062374,2.5029171201203795,0.020839856279045756,0.016401307850849867,0.1953356908224526,-2.7229168748325807e-07,-2.7597564971667284e-07,3.683962233414944e-09,-3.398252518309857e-05,-3.40049227795117e-05,2.2397596235972007e-08,0.74081832543203,139.72976785743532,6.699590120255491e-07,6.752844454290413e-07,0.05007310711025202,116.60000538179752,0.0059740967292334695,231.07017550252704
934,0.11245923413238414,8.032345164708705,0.02713092137135893,7.913813660991587,0.09140058234575715,407.9777847056981,405.16836937360125,2.8094153320968833,0.01822468452365782,0.016808193211572384,0.189379064714879,1.963388456134671e-07,1.9184613009879443e-07,4.492715514672672e-09,2.297164486276122e-05,2.2951068653852945e-05,2.0576208758711633e-08,0.6798807364620278,138.7618960684215,6.861805178626717e-07,5.343628866758087e-07,0.04894867501331883,108.90248596821255,0.005877808404971046,-60.08870421880329
935,0.12382241067581909,8.954707370000339,0.02656235746879022,8.859166720654542,0.06897829187700633,455.8162160348077,452.87999836031054,2.9362176744970245,0.018867861208011785,0.01921950729551537,0.2158692126795857,-2.2676259245141528e-07,-2.309906191093613e-07,4.228026657946066e-09,-2.7653929724421756e-05,-2.7675965654596594e-05,2.203593003410457e-08,1.1348849179847669,-48.58441714670333,5.096342966586155e-07,6.442373642488809e-07,0.057132064324460496,118.98006837399328,0.006085778480417581,539.1834286775402
936,0.11372271087965408,8.4416339942592,0.024090375849209443,8.343617424645696,0.07392619376429364,460.23077447001197,457.00616828133275,3.2246061886790645,0.02090094508704003,0.016995884117832264,0.19346071787310964,1.646166038036712e-07,1.6003977749342738e-07,4.5768263102437884e-09,1.942094692449986e-05,1.9398997569262936e-05,2.1949355115328232e-08,0.598958428273501,79.73038557761146,6.877718796688748e-07,7.257983019477762e-07,0.04922075693162418,111.39572363223553,0.005974137540664295,-130.60349735587806
937,0.12058434689203461,9.092474054580281,0.02745145446213708,8.999740219589446,0.06528238052869552,537.590917862836,534.6428214938417,2.9480963689955892,0.018459264321832248,0.018020140198355464,0.20667688388422958,1.1684409435606907e-07,1.1207958720588386e-07,4.764507150185186e-09,1.163881523057161e-05,1.1617385122223597e-05,2.1430108168620025e-08,0.8208108610627655,39.86800349483555,6.434090007331788e-07,7.048834337697981e-07,0.053916370259880955,125.00621978295334,0.005886721816961961,537.4726831192252
938,0.1169453708554534,8.623731409743964,0.025470890791111513,8.514410659542843,0.08384985941001069,309.10564200896994,306.19317841305536,2.9124635959140868,0.016486813483711525,0.018228706094608256,0.20170456261716815,-2.2731402290381557e-07,-2.3193014035882488e-07,4.616117455009321e-09,-2.870113542946166e-05,-2.8723426522622094e-05,2.2291092951736444e-08,0.7414185159007136,-27.715566515818658,6.437044271664231e-07,6.854227666506068e-07,0.05319213533011196,113.87990735221277,0.005862332400351357,-268.89038538593104
939,0.11499190628106955,8.584764086247702,0.0261215664436788,8.476733235700273,0.08190928410375213,385.2590852901452,381.45649566716423,3.802589622980463,0.015151534361681812,0.01719932958473398,0.19346831368847725,-2.1890438357816235e-07,-2.2275869588122157e-07,3.854312303059181e-09,-2.90673677639899e-05,-2.9088528613563163e-05,2.116084935282191e-08,1.2688529806422952,97.56393920588899,6.22260541060313e-07,5.840779733542919e-07,0.05026783755287142,114.46956965584819,0.006057265499697854,-417.71334382728764
940,0.1125273626191065,8.377004568278334,0.026046811389126,8.284593412886366,0.06636434400284329,349.8142024425467,345.712857163502,4.101345279044631,0.02213361672505711,0.01644322352537274,0.19217735679129036,2.6389110123660546e-07,2.593366780135835e-07,4.554423223021922e-09,3.0168990636194122e-05,3.0146725012689786e-05,2.2265623335786834e-08,1.0187008745193264,-29.508282806887827,7.859578398776117e-07,5.837722512476179e-07,0.04802725230933114,109.6231783426856,0.006039550973804406,613.2067498302954
941,0.11775350436951511,7.8163802407065335,0.023632537553551804,7.735607817414164,0.05713988573881728,392.6610174116818,389.7812209638829,2.879796447798959,0.019047028747764268,0.018210377322717738,0.21447684584041393,1.1099409681387159e-07,1.0548331139283221e-07,5.510785421039381e-09,1.2094211446835088e-05,1.2073180953641587e-05,2.1030492980557992e-08,0.4072510323280235,115.19174112087626,5.785567489182392e-07,5.937906264048163e-07,0.05235251187780189,105.8949292251439,0.0058500174313297045,59.053473151931485
942,0.11593392111980638,8.226953589414546,0.026762247333526334,8.107206499500167,0.09298484258085266,481.23968084809655,477.3044039464199,3.9352769016766116,0.018228419958858436,0.017232606676040287,0.19340707171287974,1.3543690655028665e-07,1.2961459467216866e-07,5.822311878118039e-09,1.3221800658176477e-05,1.320092724963888e-05,2.0873408404210203e-08,0.6926786576315656,82.50067228385808,7.133273722592767e-07,5.863416569288583e-07,0.05087951269132548,111.0045014391147,0.0058210616107650616,322.7002641831032
943,0.11387071151988502,8.386373394622048,0.02892376427287851,8.281186005587683,0.07626362476148506,389.47249834316784,386.89991709457564,2.572581248592619,0.01868448904982352,0.01694422665766771,0.18989182897147291,6.952058932662671e-08,6.529091574783869e-08,4.229673578788027e-09,7.276500865719165e-06,7.254781508778163e-06,2.171935673655383e-08,0.717436819686686,43.50310893822895,5.165254699209382e-07,6.540689269723694e-07,0.05072221023591261,115.14934028050824,0.006048420274444458,-356.698892390933
944,0.11482856516423674,8.134651132966068,0.02382483079982292,8.052993555625283,0.057832746540960045,399.412393802407,396.27992489373605,3.1324689086711213,0.01614014889977134,0.016424354608196808,0.19083129813514826,-1.5997229389568004e-07,-1.6582245878477362e-07,5.8501648890936475e-09,-2.0692099092096583e-05,-2.0714716543249796e-05,2.2617450989351785e-08,0.718365694847085,47.273606911076335,6.820971926655488e-07,5.531358427823131e-07,0.048241156631855846,104.34804910326211,0.006045426797807225,-353.57710925453557
945,0.11520984508097702,7.81800624627539,0.024535128569506726,7.719366789408065,0.07410432829781761,541.9834738326578,538.4432707403499,3.540203092308153,0.017027876694044885,0.017697322786487835,0.20905485147837227,3.595271463944883e-07,3.55400382059037e-07,4.126764335451332e-09,4.1058965977804215e-05,4.103832792124895e-05,2.0638056399363068e-08,0.6059944293039453,-103.37162036823824,6.513400621570924e-07,5.876924342574525e-07,0.051164082910243984,113.38637277621248,0.005933436938726919,114.3368690561324
946,0.11639438843023976,8.766880012499039,0.02832195758090507,8.669838306952604,0.06871974796552922,359.86217338607815,357.025488276729,2.8366851093493737,0.021088201005974843,0.01723730767761734,0.1974991878439017,1.1681900700933974e-08,6.322186343310768e-09,5.359714357623199e-09,7.435043258764977e-07,7.213392432677542e-07,2.2165082393768865e-08,0.621309349545523,158.78827277466542,5.9124661476852e-07,6.009510128915576e-07,0.050730496447863614,115.12729076368706,0.005940792151364486,114.61711310810915
947,0.11181576922494207,8.195478756974062,0.027062439130105576,8.09676570253972,0.07165061530423623,424.90015533501423,421.5603781526855,3.3397771823282625,0.017469637373180805,0.015536880796326258,0.1726767103294756,-4.872069358716536e-07,-4.914465510777547e-07,4.239615206100898e-09,-5.782030449897478e-05,-5.784309863345967e-05,2.279413429001775e-08,0.4574550465956197,201.27137883290834,4.883855606868904e-07,6.104845772118173e-07,0.04647210172344234,112.83351800311613,0.005821793733187829,-481.052163287407
948,0.11348697647112667,8.40771097222626,0.024092745152302596,8.315026130258842,0.06859209681511645,495.1592166273554,492.51629409174984,2.642922535605667,0.024273593248052516,0.016080328617725053,0.17898419518938583,4.5871886068569166e-07,4.5415876138361295e-07,4.56009930207863e-09,5.415513575164624e-05,5.413433745873161e-05,2.079829273083651e-08,0.48744720411241077,8.399426906229806,5.296664826834749e-07,5.976403150925121e-07,0.04783526781916219,104.33520671059993,0.005967266633111317,-422.1682052298738
949,0.12345675812018626,8.440484768744867,0.025550011603132736,8.338636221000412,0.07629853614132273,389.66585757694924,386.42099695541214,3.244860621536658,0.019071354501115287,0.020196641493890815,0.22941404836928497,7.63509491643451e-07,7.58460066962887e-07,5.049424680563878e-09,8.942154971758942e-05,8.939993591467505e-05,2.1613802774645466e-08,1.124686310991169,98.95885959834304,5.571906735654663e-07,6.722379901348368e-07,0.05782460805007565,110.14706910354064,0.0059303572343776,-194.57351132172153
950,0.12250540991107911,8.61678255169789,0.028657696815166625,8.502597753836243,0.08552710104647909,380.5529202529944,378.0410444448364,2.5118758081580195,0.01739976997121885,0.02009015502441785,0.22761677871766597,2.1203688778885698e-08,1.5593122425109685e-08,5.610566353776014e-09,7.172668932109352e-07,6.964349604694435e-07,2.0831932533946924e-08,0.749731138381839,-27.801719958832944,8.367750061865641e-07,8.119739258029286e-07,0.057395536396082844,113.92062741795232,0.006031765116720732,100.29369925473475
951,0.12087413623532312,8.828049500252632,0.024306914399688264,8.73552986328926,0.06821272256368466,417.52061354064944,414.394642782134,3.1259707585146694,0.020920754917979845,0.015640114689724444,0.18507293206408443,-2.2427248662010943e-07,-2.2940096018858833e-07,5.128473568478833e-09,-2.8251755597088307e-05,-2.8273610368995193e-05,2.1854771782387918e-08,0.6971276814215042,3.69066941023036,6.427564349982249e-07,6.22139160130913e-07,0.04735189899348501,109.50525152632868,0.005907762573012313,301.9494649130961
952,0.12449780314602801,8.897717715106372,0.02852623239612454,8.801272522858678,0.06791895985156961,411.857867378284,408.38087849684706,3.476988881437002,0.01716007526327049,0.01697789976981523,0.19893089739563544,1.575824341055108e-07,1.538326274999144e-07,3.749806605596449e-09,1.785905958891772e-05,1.7838020663203717e-05,2.1038925513491466e-08,0.9651592030027508,148.55687636844226,6.507926083363506e-07,6.040497034157502e-07,0.04919523375556599,114.09552152445768,0.00596873653217381,30.511451188943283
953,0.1195197539591876,8.38158222613579,0.024184639282708996,8.282819405804812,0.07457818104826863,407.8341392272885,405.38588748616854,2.4482517411198828,0.016950913337533548,0.019443381595970446,0.22099065106281163,-4.870539396762541e-07,-4.904545132762437e-07,3.400573599989463e-09,-5.883913078461992e-05,-5.886063619529386e-05,2.1505410447379673e-08,1.295074769749278,116.49616476570911,6.369352451696167e-07,8.614172415410376e-07,0.05878917020253503,112.55700294470358,0.0058937572309045744,770.2712865792423
954,0.11928986081485912,8.895253174176155,0.026240749232065118,8.79703270498845,0.07197971995564209,467.06136577209423,462.85658213697394,4.204783635120412,0.021555045687843423,0.016806310772602105,0.19406920899615895,-1.0827650063493268e-07,-1.121388334407286e-07,3.862332805795906e-09,-1.2813181303434325e-05,-1.2835015020229979e-05,2.1833716586246327e-08,1.7984490818245664,153.43677691439578,8.465876550477458e-07,6.091024922829162e-07,0.050649136795174354,118.03035521128017,0.005839307897274304,-489.3059421158032
955,0.12151227457588637,8.607409237791009,0.026672220254180316,8.500975500902166,0.07976151663466183,442.4130847743041,439.10172072127625,3.311364053027655,0.0220325835621194,0.019340520692428684,0.22193355967799125,7.445302333469401e-08,7.090454094950137e-08,3.5484823851926867e-09,7.950017990383048e-06,7.927656730916633e-06,2.236125931403135e-08,1.1277731043993287,41.89044283744491,6.687540385706193e-07,8.130617212502794e-07,0.05973369309119327,115.48776645935993,0.006069470167600835,169.21453918813404
956,0.11095072332139068,8.167970793372962,0.025351806887277478,8.074452282948862,0.0681667035368209,640.8114638705773,637.8400390921488,2.971424778428407,0.023250240857160785,0.0158670841064803,0.17857303493229768,9.36772759612731e-08,8.8676393028983e-08,5.000882932290107e-09,8.927904217077826e-06,8.906282403779268e-06,2.16218131401247e-08,0.7207207845841141,97.63383071735228,5.855253346848218e-07,6.620764801883834e-07,0.04730030016242494,107.38125682584777,0.005946748559867206,-210.962589462084
957,0.12106506520641143,8.209762946628082,0.028979048852741673,8.115588069296434,0.06519582847890704,394.11954595065987,389.1110439767086,5.008501973951896,0.020772706890414425,0.020927697019602908,0.23032498464993287,1.1584873980053572e-07,1.115894899954114e-07,4.259249805124325e-09,1.1649023913122243e-05,1.1626832639788155e-05,2.2191273177856283e-08,1.4227729108546063,137.05145281365094,5.636463968057798e-07,5.443525941945542e-07,0.06062402140149071,112.87665446961442,0.005960838474094749,58.74712819069191
958,0.11341425458594681,8.186548167460309,0.026050880822946886,8.081684664808725,0.07881262182863592,423.7790280599546,421.17571218610095,2.6033158738531292,0.014240188701770561,0.015961691537489706,0.18072213100578605,-6.3935450476431596e-09,-1.1547656193051463e-08,5.154111145408282e-09,-2.0251816588619084e-06,-2.0466456031259317e-06,2.1463944104898683e-08,0.5940044466916844,74.64243844749679,5.401822793599887e-07,6.456703804237013e-07,0.04761878320348782,113.17709181098243,0.005899759707471323,257.0146040559466
959,0.1170601916465827,8.261791356563938,0.023162724758450236,8.154288192715903,0.08434043908958525,333.5891596121493,330.53903949545025,3.050120116699195,0.017510177134547167,0.01675536983602018,0.18700880764945602,1.7969004460866034e-07,1.7338446313201382e-07,6.305581476646523e-09,2.0370806578597687e-05,2.035040049032023e-05,2.0406088091160865e-08,6.801199678144841,78.58668412700969,6.195388186735163e-07,7.396983984846484e-07,0.04980549350639236,110.051093404035,0.0057893863744242205,690.716862222474
960,0.11042030672943236,8.204534660799341,0.02540855076499645,8.112464940459363,0.06666116957497943,387.955625146272,385.4340932950107,2.5215318512604687,0.016990194197512107,0.014274273305822328,0.1629058441401091,4.5571810638524034e-07,4.5096525458343996e-07,4.752851801800442e-09,5.1873356962719755e-05,5.185130287796865e-05,2.2054084614277843e-08,0.5411326602775481,36.72500454168206,5.290357742411219e-07,6.727496499172605e-07,0.043219043134861426,104.72680563172848,0.005887420199216679,-148.4076859174279
961,0.12559415619579625,8.499023788705486,0.0266860924846345,8.398997872590618,0.07333982363023164,489.863055184138,485.7242675155886,4.138787668549331,0.019525570174632884,0.02000851205355182,0.22367440375478878,-5.489968298613617e-08,-6.032322444633436e-08,5.423541460198192e-09,-8.307223464265769e-06,-8.329952512737283e-06,2.272904826850746e-08,1.1175083468209142,51.16932734670575,9.615439131292168e-07,6.250324526478879e-07,0.05912297337286177,114.17330717422587,0.006138770868929903,-160.0810084453624
962,0.11220603064815722,8.431489393368745,0.0263292853760736,8.335610901535562,0.06954920645710969,339.84548126347147,336.55338345191905,3.292097811552091,0.017215129400690643,0.015572049541859692,0.17370813485014464,1.884878816198204e-07,1.8280844852644822e-07,5.679433093372133e-09,2.0254042473814982e-05,2.0232063911206665e-05,2.1978562376376278e-08,0.8267868219337342,77.27287355649227,7.758294077507246e-07,6.463528682373925e-07,0.04657773798962185,105.71337406482166,0.006027011531529711,-263.7453598523698
963,0.11907428102537682,8.442809398501122,0.025441241048630686,8.338281728132173,0.07908642932031873,657.4082524478786,654.4998432260321,2.908409221847598,0.01976228020931801,0.01810381509812812,0.20836832583377993,3.283315780765824e-07,3.245311766245728e-07,3.800401452009663e-09,3.788927087361854e-05,3.786692311593943e-05,2.23477575114e-08,0.915693736412446,76.10772452784244,7.188133173335863e-07,8.01604185183993e-07,0.05476861935837496,111.80929886584943,0.005989672095423681,161.00696555552122
964,0.11369740395232741,8.111734739000658,0.024905762112233644,8.004820964528339,0.08200801236008394,404.27279798148885,401.6311726071443,2.6416253743447524,0.015598628043401605,0.015481383082792418,0.19275408961664933,4.3592496744175047e-07,4.300126178944432e-07,5.91234954730739e-09,5.113625477723662e-05,5.111542955206186e-05,2.0825224981674245e-08,0.9559592852888337,63.75138755162215,8.160075901605719e-07,9.132602778456971e-07,0.04557039599187812,109.56026706339672,0.005803422509745134,-199.63682569709454
965,0.11404477863919042,8.701135966224863,0.024840189827823583,8.596598780336231,0.07969699606081025,469.6880431976841,466.122937317625,3.5651058800592605,0.024190624029653975,0.01600294222870815,0.18467093953563957,2.9003336145480034e-07,2.8623459466224596e-07,3.798766792554445e-09,3.37995929840211e-05,3.3778223749367566e-05,2.1369234370871307e-08,1.0182403023887194,67.6548089074265,6.852923664040835e-07,6.102167354518003e-07,0.049596209515795166,120.25961068027807,0.005976183612733016,-45.656587861374646
966,0.12156853827836171,7.964195104499231,0.025609999572923134,7.871536264274158,0.06704884065214925,373.90331825085826,371.257663451887,2.6456547989713286,0.01835097172906174,0.017939586765765052,0.213999281565944,-2.0570753731255698e-07,-2.1113814648701294e-07,5.430609174455956e-09,-2.471625291221856e-05,-2.473760545832855e-05,2.1352545962916047e-08,1.0942395327448002,46.96527371196059,4.7473189780969623e-07,7.604209724879512e-07,0.05198485557246794,113.15380403747302,0.005929091859279571,-225.4099166997621
967,0.12449444782720946,8.423101086290732,0.02502387305751251,8.327764541154421,0.07031267207879731,471.66400415799677,468.6446306811404,3.0193734768561358,0.018200170473404446,0.0188683720877203,0.22831236332612784,1.376154347286338e-07,1.3309244476210022e-07,4.522989966533565e-09,1.5041679730158124e-05,1.5019568339385207e-05,2.2111390566009353e-08,1.7200083754214965,121.0360791115971,6.009431259206479e-07,6.319258295802578e-07,0.054195897349792334,115.51803113102014,0.005928955367911753,336.9404573917559
968,0.12139688163746608,8.323867239827234,0.02725083982089809,8.226519684870414,0.07009671513592439,319.5818909615801,316.6776540155849,2.904236945995155,0.017936228250244674,0.017834014645818543,0.20589150859325908,-9.777037494337208e-08,-1.0184107539672053e-07,4.070700453348482e-09,-1.295255627865204e-05,-1.2973330973715705e-05,2.0774694865523184e-08,0.5705438968049338,81.37645926061666,6.01437861701542e-07,6.134526734634561e-07,0.054791729678462575,112.77030874270616,0.006055256644962025,-516.6387536872753
969,0.11629029633991533,8.56655798944665,0.0248445270204694,8.468111117341452,0.07360234508472847,512.7574020619583,510.29332918654404,2.4640728754144043,0.01928414949067506,0.018686400750984655,0.21261960399707652,-2.0543670905757144e-07,-2.1007012881085581e-07,4.633419753284406e-09,-2.6528463712144903e-05,-2.6550540558125922e-05,2.2076845770488032e-08,0.5628251115447287,139.6831450577793,5.29003235586855e-07,6.143101100921656e-07,0.05496880930075008,116.01623230541128,0.006011196442109375,-546.7457165003066
970,0.10967972216627334,8.127005340445816,0.025519535605545405,8.029105032201294,0.07238077263897694,414.7413150757137,411.1444237925987,3.596891283115283,0.02164065740108856,0.015472954627483715,0.18004886530090658,2.926208778037193e-07,2.893386241458557e-07,3.2822536578636887e-09,3.343885875784626e-05,3.341770726299271e-05,2.1151494702258487e-08,0.7587287977194318,50.07316776228043,7.857885971418076e-07,6.738238209819211e-07,0.045312837317459394,111.72848433978713,0.006105901108649055,-347.59300543701147
971,0.12122359487665134,8.373400653215763,0.026195769115380137,8.263021854220753,0.08418302987963089,348.9577975983949,346.4564368592292,2.501360739165924,0.021796816292103446,0.017761731184465546,0.22453630526271667,-4.808426686671517e-07,-4.845017516969698e-07,3.6590830298184746e-09,-5.736563042160647e-05,-5.7387422423795424e-05,2.1792001997936987e-08,0.6791579374684281,43.37431033740853,6.321328425906807e-07,8.864294348035794e-07,0.051740758368761124,106.47049351042081,0.00583950721911663,345.11859414729633
972,0.11450097798945619,8.349740674257642,0.02858767731347131,8.252057146063597,0.06909585088057377,478.1967940021879,474.7571465438521,3.4396474583361414,0.018016222097339336,0.017129127761484796,0.19793489411156243,-3.1925553398256896e-08,-3.747759677529984e-08,5.5520433770429384e-09,-6.294631327983927e-06,-6.315367439882016e-06,2.073611173894858e-08,0.9328160311380636,18.637947078639243,5.941457355406319e-07,6.482100527313593e-07,0.05053406169120604,115.85213620770651,0.005917973252910956,349.18457834670244
973,0.1184020976323316,8.724685281716082,0.02505701942586338,8.630065462862088,0.06956279942813129,369.76144857478454,366.858901664857,2.9025469099271204,0.023577470663546745,0.01753828832880301,0.1941895707844035,-6.622794023091347e-07,-6.6775127385313e-07,5.471871543995766e-09,-7.941272301523059e-05,-7.943662259816081e-05,2.3899582784202973e-08,0.958337331811149,97.92904584418531,7.089961258160349e-07,5.632374518259403e-07,0.05168011481872252,116.09950621683038,0.00601937514182868,-12.26407023642605
974,0.11609047854082691,8.765785570800997,0.02630293690755884,8.658686881378951,0.08079575251448698,336.9776111233359,332.83404057599523,4.143570547341406,0.013963657181472336,0.01673095762704012,0.1879636331523462,-2.1096573680229725e-07,-2.1498654347123156e-07,4.0208066689342565e-09,-2.612241408401776e-05,-2.614426794434302e-05,2.1853860069150238e-08,2.4749563357299444,68.20883488072565,6.588811195781078e-07,5.668393855505233e-07,0.05002977610634484,115.83986412935101,0.005876837736695719,-802.4481206447908
975,0.11818562356113374,8.271718652679006,0.027181926995996357,8.170376826466299,0.07415989921671025,523.6916525763154,520.273528862907,3.4181237134081757,0.019831521131791464,0.01754103409240807,0.1989112487596824,-5.906485569241438e-07,-5.942901320509509e-07,3.641575126806739e-09,-7.183363865755168e-05,-7.185581402581677e-05,2.217536805853263e-08,2.5129271360537153,147.82132217391663,5.255394167557249e-07,7.82570122646745e-07,0.05278760877687972,108.78799229387457,0.00601395454521923,396.7146619736295
976,0.11610012690920472,8.280920677553793,0.02397019551641196,8.176480365649839,0.08047011638754217,401.23089644829525,398.5243806825562,2.706515765738191,0.01641113150481152,0.01743093009388696,0.2075637927110758,7.243358994469423e-08,6.914547836135945e-08,3.2881115833348305e-09,7.08432645222412e-06,7.06300843661172e-06,2.1318015517949686e-08,0.5428410956873545,104.41597137989001,6.46648377517897e-07,6.549417831743122e-07,0.05137767859388111,110.0705605568356,0.006002775275512421,317.6319267538661
977,0.12044330296141605,8.655811506758635,0.024972226466731487,8.552080015853507,0.07875926443839706,375.70768017523847,371.9394845553621,3.7681956198764275,0.015816677201961064,0.019986064258871686,0.2215214075808817,-2.2102665899703021e-07,-2.293112825338083e-07,8.284623536778083e-09,-2.7933331736562958e-05,-2.7955525500619066e-05,2.2193763882724915e-08,0.7893487930481413,73.2332681911669,6.161868915955711e-07,6.327669469437751e-07,0.058119992185974294,111.75625606147494,0.006058076694447362,198.1274694228946
978,0.1200355589050443,8.193947881053532,0.027792101409336578,8.10018846042966,0.06596731921453639,473.7596094725322,468.5155218322565,5.244087640275499,0.02077260584031166,0.01899539693298234,0.2161069705096205,3.1115120057214655e-07,3.0706203819112264e-07,4.089162381023889e-09,3.551203990031133e-05,3.548970113132367e-05,2.2338768809460387e-08,1.2762713650868904,-95.48128776544124,6.112306778701642e-07,6.408288972202165e-07,0.05422337467135287,111.77347489019789,0.005982074539966859,299.1212385111098
979,0.11453513382937568,7.8208458319998835,0.02560898421986512,7.722880514911487,0.07235633286853177,321.4088897065856,317.91117458927715,3.497715117308186,0.01987042954343696,0.014883955816715134,0.17571963889158174,4.6963570295934205e-08,4.2072867178035377e-08,4.8907031178988354e-09,4.16337149008802e-06,4.142683387874021e-06,2.0688102032536526e-08,0.8423267296224264,36.33683154641932,6.315861256429701e-07,6.760829226837585e-07,0.04779584830785841,107.45659588842264,0.005919826734096649,-192.21799890182865
980,0.12092603078564883,8.397704547585192,0.02564323153016344,8.297527788139687,0.07453352791534143,417.9343563138601,415.3708295746155,2.563526739244602,0.015949307523832276,0.01699738636984061,0.1941010562758351,2.4263102248429297e-08,1.9421581549488003e-08,4.841520698941298e-09,2.0294187767028234e-06,2.0077883092040264e-06,2.163046733870762e-08,1.491148241477676,127.12526975934628,6.2877327401719e-07,5.587262944324815e-07,0.05132162595536279,108.91449266352862,0.00610231060464745,203.89577099276175
981,0.1167677318188623,8.489795173482419,0.02785543043038383,8.385983660362196,0.07595608268983799,374.7194427571907,371.4699950575903,3.2494476996007933,0.018645078972850546,0.019066097330020727,0.20876241838939513,2.1497698859622942e-07,2.1107241826187088e-07,3.9045703343585585e-09,2.3116531964451303e-05,2.3094856706627852e-05,2.167525764599339e-08,0.5056250449337109,4.405262913708649,7.755865048234186e-07,5.754988932664602e-07,0.05705139950969115,110.25158964767888,0.005913596333467351,-1171.541321330602
982,0.12754136430299381,8.870091152118427,0.028030885656786804,8.758051418868902,0.08400884759273573,330.19038235528126,326.95444228470654,3.235940070574698,0.019876924022881413,0.02179143989697727,0.2539429418571411,2.4410328453422974e-07,2.3943085166552965e-07,4.67243286869992e-09,2.900188755310331e-05,2.8979376563869457e-05,2.251098899788641e-08,0.5597473317553144,22.469934148906475,6.577878437981828e-07,7.488543696978905e-07,0.06210481877060592,114.28831710810377,0.005983837661326202,-960.6556975969897
983,0.1213199637512334,8.641273173756554,0.025104442078523432,8.543705891514263,0.07246284016376903,305.46854682545904,302.50339213695725,2.965154688502243,0.01533039067116964,0.01939548868168481,0.2189795079667606,2.1296246818365114e-07,2.0910335099945212e-07,3.85911718419901e-09,2.54180833968704e-05,2.539586200247987e-05,2.2221394251130013e-08,0.5126151236785284,-10.412086939721926,8.534868843379934e-07,6.25878457145978e-07,0.055702480662580475,123.7547105573891,0.006033734374701186,-148.50232207655063
984,0.11872971144723532,8.833340983706787,0.027451521987067636,8.71958404858175,0.08630541313796891,367.57688068335364,364.8810186463542,2.6958620369996478,0.014994486432033525,0.01727308760931927,0.2042840253820672,4.4706978102817183e-07,4.4270818520959783e-07,4.361595818573923e-09,5.1446496181890614e-05,5.142364460371212e-05,2.285157796341937e-08,1.076786992274556,-20.111395367281844,6.042089505164192e-07,6.561085915116915e-07,0.053094427548435096,118.85050442200908,0.006025676881576571,199.86342630832496
985,0.11856485495075604,8.037922211913763,0.023777253102990517,7.954675549935484,0.059469408875288045,351.7198946852459,348.86943955350426,2.8504551317420495,0.02248544850899182,0.020364975829497707,0.24072787037056412,1.806133861579042e-07,1.7616211980934593e-07,4.451266348558327e-09,2.0493061960333953e-05,2.0472470581561138e-05,2.0591378628835603e-08,0.8984192127751645,88.5546772568636,4.934530683884143e-07,7.00109957794504e-07,0.0581835119268923,106.95111249810498,0.0058213983620987045,232.72177364288564
986,0.12188157990237236,8.613906543348863,0.027580297441485616,8.504496038470002,0.08183020743737197,474.14353305497804,471.4252991843076,2.718233870671045,0.02058953110127348,0.018224986741472576,0.2092138593217626,-3.235471773088512e-07,-3.296512411672613e-07,6.104063858410099e-09,-3.9283509195352085e-05,-3.9303870600903705e-05,2.0361405394259118e-08,1.1611483339840742,72.76600637999893,5.201907995373935e-07,6.892946621683351e-07,0.0543191775341653,119.09940890022582,0.00579037893812388,272.077681596144
987,0.11760305226298684,8.355293684191743,0.02660034078737016,8.250911139543291,0.07778220386108003,361.1723028262578,358.4669036600863,2.7053991661715733,0.014993479500050547,0.017003412145891635,0.20496241681978766,1.2757359435859003e-07,1.226697107355567e-07,4.903883623033352e-09,1.4294526849336443e-05,1.4273573980199169e-05,2.0952868907333574e-08,0.7398666456128711,4.6038176308780745,5.166901098741739e-07,6.722269535865315e-07,0.04964178129349888,113.61680413140633,0.005958009821438235,-228.30177270063996
988,0.11580963529946654,8.070967474985776,0.028076010313430343,7.983523834617874,0.05936763005447159,413.1142855384285,409.5595136575797,3.5547718808496462,0.017353263444845692,0.01538079659466361,0.17875994143979312,5.320023460837668e-07,5.269712488870792e-07,5.0310971966875925e-09,6.074195730869955e-05,6.071967766712555e-05,2.2279641401484342e-08,0.5595432485140477,29.768809772352927,5.849690411165817e-07,6.012923913627008e-07,0.045609714858066426,114.13139255371006,0.006007901453809274,-69.00373112475427
989,0.11536456667353695,8.131222694629564,0.024279269443111953,8.04275741810104,0.06418600708541368,427.1114317611485,424.40186694680585,2.7095648143427,0.016317220907900252,0.01740518781604548,0.19655395256810662,-3.551161732918785e-07,-3.6162593171109506e-07,6.509758419216605e-09,-4.436749254263216e-05,-4.4390716816496676e-05,2.3224273687465335e-08,0.9381628997346186,15.973954388620744,6.942256700505532e-07,1.2218596159232937e-06,0.05055065716965604,109.42059028944517,0.005895136193077228,451.76052195951024
990,0.11991199300845662,8.618025574675118,0.02777811082578719,8.523175930551403,0.06707153329792791,466.9383704864452,463.2762222125431,3.662148273902069,0.023939120037939587,0.018737964130760208,0.21800851450225103,-1.644602656489431e-07,-1.7156699135424743e-07,7.1067257053043476e-09,-2.2150908407468804e-05,-2.217240256177306e-05,2.149415406645079e-08,1.144505851354623,88.00006345593944,6.480784119662371e-07,6.02046872480214e-07,0.05645716940935966,113.71328029113967,0.005971647432797513,349.9331266000554
991,0.12108017437995565,8.304719646900836,0.026601688601959137,8.208844926806762,0.06927303149211522,378.54896236220344,375.6884625301401,2.860499832063155,0.023647817895945528,0.02019870929819521,0.229742058835822,7.680694105132276e-08,7.135869643855003e-08,5.448244612772727e-09,8.205609299351858e-06,8.184263960103104e-06,2.134533905269544e-08,0.6498518479901595,88.39490887015732,6.828419579278967e-07,6.324825087303692e-07,0.05801940620606842,111.08211302734732,0.006045459366218044,164.80418709078958
992,0.1109787149760922,7.99817511422475,0.02337888035665009,7.9068463135196385,0.06794992034846145,418.34713961314696,415.80755488342055,2.539584729726356,0.022072360653528,0.01769810296003834,0.1967390792016771,4.643090028088364e-07,4.6055336601783297e-07,3.755636791003601e-09,5.415428680795662e-05,5.413355778362035e-05,2.0729024101450616e-08,6.571168435556037,117.60324053065662,5.435039352899515e-07,6.29056132300412e-07,0.051009506120602996,106.86984880571654,0.006033566502793219,-338.7457860661025
993,0.1292214235702947,8.329531819565208,0.024102624222074,8.23932521043081,0.06610398491232655,403.68671277479234,401.1714336231735,2.515279151618494,0.020732920409435245,0.02025324833666687,0.2501140578708465,-1.7164056071433432e-07,-1.7554933624984516e-07,3.908775535510758e-09,-2.0844970658285783e-05,-2.0866199770796395e-05,2.122911229852189e-08,0.8245825097974688,49.40435106400683,4.774119205256246e-07,6.354990119121404e-07,0.058597785971443904,109.27361642101182,0.006020414463295289,107.83901386044181
994,0.12160801836661808,8.407900907255732,0.02565787368933723,8.305544820229828,0.07669821333656518,442.41229675172895,439.7435360275612,2.668760724167248,0.02485144126135159,0.019942399128349057,0.22300584129397472,-4.206110822835163e-08,-4.7197547371186164e-08,5.13643914283453e-09,-7.964635715577451e-06,-7.986705532308567e-06,2.2069816562284382e-08,0.9442299275068726,139.59163024817602,8.396668192413708e-07,7.899394526118204e-07,0.0576159236710176,113.9633474419865,0.00582776755810752,-748.0442465583737
995,0.11364952245929885,8.184148157017622,0.025344505339913392,8.08986224810199,0.06894140357571961,419.9906191359748,417.4271585011782,2.563460634796194,0.01617979204356911,0.01666918156165253,0.19360667955023644,-2.7538126487229655e-07,-2.788885843187588e-07,3.5073194464621957e-09,-3.3341326811858796e-05,-3.3363218021927225e-05,2.189120981927554e-08,0.6729980262317327,-18.444814488204006,7.221349050337436e-07,6.000256366280297e-07,0.04957152894121679,112.48673546548616,0.005848910306287542,-327.3605263819236
996,0.11361044222706068,8.300713245597507,0.02492045039818894,8.19914644229748,0.07664635290183829,375.2205871608809,372.2718530898558,2.948734071025228,0.017255726606548404,0.015377633101133851,0.18452908396447165,-1.866396963423751e-07,-1.9023397580229036e-07,3.594279459915277e-09,-2.2157519752492386e-05,-2.2178843648171955e-05,2.132389554085119e-08,0.7062714173171031,-24.76227265014658,4.584092922794428e-07,7.283762132684903e-07,0.045170736687575194,111.11502672889982,0.005919588227549109,149.70909523362616
997,0.11208342692664156,8.408527982044264,0.026022436158030158,8.303515022335477,0.07899052355075646,423.09404077703397,419.66626946771794,3.4277713093152267,0.018342311241361473,0.01671389862086028,0.18936478202873244,-6.48715685202722e-08,-7.00544397512369e-08,5.18287123096468e-09,-9.318739561979587e-06,-9.341619674742926e-06,2.288011259950025e-08,0.7095719988744293,114.43044684222592,7.435001934553106e-07,6.777511474971531e-07,0.04960677416962777,113.48518437218115,0.0059797348939703105,247.0426778604019
998,0.12376998585294142,8.18223130260093,0.02474093474836701,8.063034096524184,0.09445627132838078,429.5668491902697,426.96822403039374,2.5986251598756085,0.01610989816301352,0.017704447560275297,0.2038481919132044,-5.221486462374896e-08,-5.887248325556474e-08,6.657618631815758e-09,-7.841934938187382e-06,-7.862995696333542e-06,2.106075795585475e-08,2.223781731142906,26.726706140189556,7.524094945046339e-07,6.38883639400003e-07,0.0532069674976344,110.37582069949832,0.005992420293244239,-283.15490028978274
999,0.11574814334417545,8.392657028574348,0.028339490086386556,8.28472468279346,0.07959285569450174,392.3446827130124,388.75411745235766,3.5905652606545946,0.015153926845199029,0.01616132089920957,0.18661402668823185,-3.3184697678723145e-07,-3.3616196690565535e-07,4.314990118423961e-09,-4.030327562253932e-05,-4.032521546839544e-05,2.193984565150047e-08,1.0299836907252495,83.87984731828121,5.294704945742429e-07,6.535016063629935e-07,0.0491970779821005,109.62778539899602,0.005848400381009503,-251.2164247212877
1000,0.11947505006912613,8.2909060409664,0.02758166393541739,8.189653585027841,0.07367079200314151,388.0348596008849,385.3067704983107,2.728089102574671,0.024008593509320508,0.018850642358905226,0.21262604659914267,3.7988134177925965e-07,3.7557580512205603e-07,4.305536657203609e-09,4.244888878469753e-05,4.242771266092828e-05,2.1176123548906324e-08,0.5036649835096706,33.14709977797105,6.582422185450837e-07,5.828980944908891e-07,0.05422642172317327,118.36087837517917,0.005950068924385609,298.5139681109845
