iteration,Acidification,Climate change,Climate change (biogenic),Climate change (fossil),Climate change (land use),Ecotoxicity freshwater,Ecotoxicity freshwater (inorganics),Ecotoxicity freshwater (organics),Eutrophication freshwater,Eutrophication marine,Eutrophication terrestrial,Human toxicity cancer,Human toxicity cancer (inorganics),Human toxicity cancer (organics),Human toxicity non-cancer,Human toxicity non-cancer (inorganics),Human toxicity non-cancer (organics),Ionising radiation (human health),Land use,Ozone depletion,Particulate matter,Photochemical ozone formation (human health),Resource use fossils,Resource use minerals and metals,Water use
1,0.6244707938393032,88.1270384363934,0.24078884483280946,87.53231087856886,0.35393871299173135,1540.7467505619409,1519.6751175615686,21.0716330003729,0.14081625910380788,0.11062827232710051,1.0558616073392184,2.2625892294847908e-06,2.2482568086944948e-06,1.4332420790295314e-08,0.00026202490810644624,0.0002619666253107339,5.828279395731635e-08,13.670165786836115,437.78533145576085,6.8545798636981e-06,2.9578990564556928e-06,0.291258765838287,1197.4647484328543,0.018966883844363475,-987.4830465528285
2,0.5820802985468221,83.5211403590324,0.2656909429485106,83.08357070513476,0.1718787109491296,1310.5910895439642,1284.5229022939789,26.068187249986565,0.10128285293119187,0.11019588330614667,1.0443616472768102,1.336846144140273e-06,1.3189583026397444e-06,1.7887841500529004e-08,0.00015199488697925705,0.00015194399487508027,5.089210281664413e-08,15.559543614710721,385.7149666474991,6.731482155072369e-06,2.878795437358147e-06,0.28082254989549454,1189.3194660773127,0.01824793595754574,797.9839032035889
3,0.6868517806132709,92.52844280932145,0.2999000608217656,91.99917008797212,0.22937266052757427,1371.3971915673512,1354.7936727040399,16.603518863309912,0.12402869448553312,0.11725136120448323,1.15535284314697,-2.469929602713722e-06,-2.484414213644206e-06,1.4484610930483833e-08,-0.00029675268348515216,-0.00029680991397411653,5.723048782076648e-08,42.36836042358693,311.824986309626,8.188559380624618e-06,3.1281693290913262e-06,0.3125806823381385,1310.6128509436649,0.018447346831554308,-552.5501955289183
4,0.876835505298853,153.32455125589584,0.47385132906223465,152.53647476327447,0.3142251635591365,1929.2844140926754,1898.2633914737266,31.021022618950287,0.1682192864435184,0.17333710232171023,1.751995062649972,-3.0746067955181156e-06,-3.0971968088411258e-06,2.259001332301008e-08,-0.0003680658769498105,-0.00036813906240415906,7.318545304897047e-08,12.297142754864513,577.3489335642341,1.091084975683917e-05,5.002382747403818e-06,0.4247582605087067,2149.4501955844426,0.0220866571201242,-662.9552391958205
5,0.6261856436718911,72.55855331711601,0.2502647339953097,71.97710549103252,0.33118309208817975,1432.9689112702558,1411.1673704004131,21.801540869843063,0.11603707221358134,0.10121745078937054,1.0465200428857566,1.242479221848539e-07,1.067033867217508e-07,1.75445354631031e-08,1.2342584309729028e-05,1.22902899555734e-05,5.229435297899708e-08,6.075605058330341,392.1893301551048,6.214446346780923e-06,2.6926460777918784e-06,0.2865750819718101,995.9004650038949,0.019160439268223577,1233.370890192873
6,0.5933021006376717,79.81122653600205,0.20486986616672553,79.34555160160244,0.2608050682328985,1580.6767644561728,1557.0776965193852,23.599067936785744,0.1054669071518612,0.10060082551447747,0.9810209600171772,-1.2747885018994492e-06,-1.2876214761830442e-06,1.283297428359437e-08,-0.0001525929198020604,-0.0001526451526898541,5.223288690593412e-08,10.203848173087483,396.4486373038863,6.062319682138974e-06,2.6609864500168545e-06,0.2719022597167645,1079.7115214968585,0.017973897553901837,913.7469387614437
7,0.6689850375899794,102.60508109648309,0.28853813778891985,101.96549344489836,0.3510495137958143,1450.361893871285,1429.515769446711,20.846124424574146,0.14758855706993204,0.12526464678170957,1.2064540066310208,-7.860977126370428e-07,-8.033930021726298e-07,1.729528953558665e-08,-0.00010167785374676143,-0.00010173480687111881,5.6953122894669094e-08,16.21737208014061,503.1025025540522,5.917464561750858e-06,3.6471084109673476e-06,0.33120040525896366,1422.3956905924986,0.01863646125840841,2373.8287957233806
8,0.5981441530199122,86.96073558682706,0.2662865229952662,86.44550565203264,0.24894341179915028,1384.8682608462582,1356.826456798279,28.04180404798081,0.11239194869661003,0.1071401794451958,1.0531682213798916,-1.664812374506508e-06,-1.6817620542132775e-06,1.6949679706769757e-08,-0.00020678242820226664,-0.00020683883087076855,5.6402667151773907e-08,8.449150359483465,844.6536095586504,6.2371589605677666e-06,3.394997053282314e-06,0.2723180286990765,1223.3251432589304,0.01909368608828478,1615.385580068265
9,0.7006017856753852,121.21486898169537,0.35114549158975306,120.48407094334249,0.3796525467631561,1484.0225352760567,1464.2473937180328,19.77514155802635,0.17939416942650147,0.13719972286652868,1.2633977359362627,-4.2370521251883805e-06,-4.254418781335194e-06,1.736665614681225e-08,-0.0005083868348268956,-0.00050844782963617,6.099480843914467e-08,23.932546542782344,523.5077580007421,8.016400045818545e-06,2.8790954704216437e-06,0.32207298876326335,1754.4091004979853,0.019033612104735247,-826.705029708075
10,0.7170598988932118,106.97719219554381,0.34226117664418654,106.37249029918061,0.2624407197190162,1701.6458445616056,1684.5163424511798,17.129502110425104,0.15486486513554054,0.1263292702891084,1.206571696133403,-6.053451211505457e-07,-6.234781094578132e-07,1.8132988307267353e-08,-8.19494936961153e-05,-8.20118822409981e-05,6.238854354486509e-08,7.332938182723925,920.7061431092886,7.588375317174035e-06,2.9984619075466697e-06,0.3104634102377962,1506.932542518065,0.019556819941420826,-1210.131025971008
11,0.7108092899324719,101.0307752040698,0.3280525616493194,100.49063403173537,0.21208861068511797,1384.3156326246672,1364.1518494775328,20.16378314713513,0.14061725859655447,0.12110341554734329,1.1314493108695458,-1.523089383964762e-07,-1.6754128937294103e-07,1.523235097646491e-08,-2.903013937634016e-05,-2.9088302968368668e-05,5.816359080637408e-08,5.895715267229791,536.1456120091461,7.70998632004362e-06,3.9808476016237e-06,0.31894636658815384,1415.2299779076816,0.01966002060991167,-1115.5448069074919
12,0.7518889040811751,131.33887672449794,0.4419250450374435,130.6296076019071,0.26734407755337253,1395.7160648352476,1372.573310780533,23.142754054710906,0.2520872164551567,0.13002812993671964,1.1604163002179972,-1.4983160865497403e-06,-1.5147665224497954e-06,1.645043590005474e-08,-0.00017316641272736359,-0.0001732362471536991,6.98344252859985e-08,65.90276203333944,386.6615659124582,8.623730419998846e-06,3.780394321475915e-06,0.3282275452834539,1815.6446387450862,0.02015305915217358,2143.7417752230867
13,0.6338317761280206,98.7814198794865,0.2726312060750101,98.14439763194109,0.3643910414704061,1386.6884950322217,1366.0610647515985,20.627430280623702,0.18823755169080836,0.10904636891717316,0.9897586927847969,-8.459778680904745e-07,-8.627970442909622e-07,1.681917620048758e-08,-0.00010635868419844496,-0.0001064150128024339,5.632860286988905e-08,34.50654712983983,652.3665467191789,7.059203794900514e-06,3.003736433470506e-06,0.2763265369429943,1386.6877370901796,0.018152212828914882,1244.9080572559105
14,0.611890606110328,89.2371536582372,0.20344610240442842,88.72163240297851,0.31207515285424997,1518.3778144994053,1502.1421374283254,16.235677071079483,0.22212356829675026,0.10579963217742336,1.0069879420676133,9.970318180685088e-07,9.82023994567556e-07,1.5007823500952743e-08,0.00011524739063298073,0.00011519363639195544,5.3754240206464476e-08,7.564101231972828,621.0303006092219,5.8016840644863185e-06,3.54844644539993e-06,0.26805963861210796,1255.5689457742392,0.01766106240907106,3179.4583552944896
15,0.6732749371225144,110.20796991377397,0.41150841735675603,109.30960840180195,0.4868530946152522,1606.9045348461473,1586.3663446897483,20.538190156400145,0.16334930361106054,0.12271006574992595,1.108162722872344,4.08066458559177e-07,3.910104589980702e-07,1.7055999561106914e-08,4.0448384682511014e-05,4.0392777269121294e-05,5.560741193821454e-08,7.964685935305052,620.7060195621934,8.142374277180703e-06,2.7413194962397555e-06,0.306382816447878,1553.3419409131047,0.018543987065204128,3400.9152626269824
16,0.6683970050514444,107.38555224085195,0.31481931590106493,106.6447769168123,0.4259560081385924,1626.052618384104,1600.135347326155,25.91727105794826,0.23040733743313388,0.12189813803775082,1.2061574450418535,1.0000057126264133e-07,7.824186031028552e-08,2.175871095235579e-08,7.3259067637360484e-06,7.265180492752152e-06,6.072626940753663e-08,8.095983601189364,333.5581841457681,7.368668253246633e-06,3.3278509647380477e-06,0.31318617078604927,1570.774402967271,0.01879091444040582,2976.874988403255
17,0.5798860640470739,84.77036211329478,0.2833655492618766,84.19956232929259,0.28743423474032304,1134.8377295827997,1118.6055926710872,16.2321369117113,0.0737133229866541,0.10316181375791357,1.0077659176803346,6.488389630338241e-07,6.321939864678323e-07,1.6644976565991727e-08,7.006919542929907e-05,7.001562156107656e-05,5.357386718309021e-08,15.841658637125988,277.1574518554347,5.780734137153099e-06,2.8780312912217315e-06,0.27344216962395845,1201.8838990036784,0.016822446083215533,215.40227666292776
18,0.5987023878119571,77.7490474928852,0.19191989758811343,77.20962551825743,0.3475020770396611,1642.7604215059648,1623.8624001883034,18.898021317662035,0.09065385177315259,0.09787496480209923,0.9722624467382139,-9.163035992841476e-07,-9.289402033188331e-07,1.2636604034685523e-08,-0.00010873280085444128,-0.00010879495445129911,6.215359574009524e-08,8.25972979095134,374.02131397390417,5.882324425570194e-06,2.4503837114909684e-06,0.2773863341096339,1035.0005764302384,0.0174524359805745,685.9793232026132
19,0.560687714319268,80.83667520441114,0.2791021702983922,80.2916587987995,0.2659142353132454,1634.335857264593,1615.5944463699157,18.741410894679973,0.13641395704318426,0.08772193755281532,0.8331941264378818,2.7147288414346617e-06,2.700040397139348e-06,1.4688444295313563e-08,0.0003152036589622345,0.00031515215820014886,5.1500760944291906e-08,4.601791950043378,532.9380708832983,7.104904804285662e-06,2.6669977198904357e-06,0.23669335231281388,1155.7600697914183,0.018705499355431685,204.02442466029606
20,0.6675477025702599,109.4858567128612,0.4280394240749032,108.72648028148326,0.33133700730304544,1450.2913858771528,1429.616483503899,20.67490237325264,0.39734327502817957,0.12424723552500153,1.10514967062517,-1.1401307591065853e-06,-1.1583553079671327e-06,1.822454886054674e-08,-0.00014371286328002675,-0.00014377198520353727,5.9121922171181104e-08,6.385995732427415,390.32893661515607,8.269894426338395e-06,3.3826540942684586e-06,0.29648923959239254,1564.2465143810914,0.019219341958109565,-1307.648380392584
21,0.6255996943360089,80.6893534255889,0.2224080119759087,80.20802408920781,0.2589213244051977,1299.6509589061866,1283.8555059175974,15.795452988590702,0.07631484391509921,0.10016981569256261,0.9650417676498968,1.2567563290078927e-07,1.0833790266561169e-07,1.7337730235177615e-08,1.2286962027135072e-05,1.223594317773166e-05,5.101884791510812e-08,11.645007613084449,644.5157045373176,6.034153532343342e-06,3.269375800412959e-06,0.2693382947982595,1159.8308087901987,0.01994945005047235,-611.1152893830986
22,0.590277153032814,73.22929692400274,0.26284162889338597,72.71937593018954,0.24707936491981433,1197.069945856076,1179.7865440101086,17.283401845964878,0.136906319828278,0.09245138142661721,0.9948249224240302,-1.8268704354537608e-07,-1.9725828004078796e-07,1.4571236495411862e-08,-2.362406949068135e-05,-2.3676469056514843e-05,5.2399564720922565e-08,5.536229963347187,545.5670001499778,5.646140982497617e-06,2.536938113280787e-06,0.2571689482322034,1009.0917849102784,0.017885468446218196,-31.867644194291643
23,0.6754862892010373,125.29236547815927,0.4591029816705363,124.55391173834963,0.2793507581390883,1720.0504420299123,1693.7784253352343,26.272016694679174,0.15152595807654137,0.1322176128066575,1.2163063917810755,1.3294458282640502e-07,1.1424115449624308e-07,1.870342833016188e-08,6.803746589300459e-06,6.744983513788324e-06,5.87630738871667e-08,75.4087615656239,958.3015976155677,9.12822883989712e-06,4.716618817534759e-06,0.3245091614364914,1752.0317115779299,0.019186402633813274,-2619.5379255987173
24,0.5682488497578967,84.49674138633964,0.26131373396569624,83.9987988019809,0.23662885039303508,1308.060206835585,1291.9593571854891,16.10084965009582,0.10034367972015254,0.09894745966665996,0.9554092279374791,1.256377436114982e-06,1.243894767859609e-06,1.2482668255372926e-08,0.0001407111626352646,0.00014066074768021667,5.041495345648615e-08,6.141773165289775,631.1663622407491,6.761268159660144e-06,3.6543316949544226e-06,0.2601772889464712,1199.7669880136632,0.01736768651343576,-1186.9746711489825
25,0.6809462603191392,102.7825163881454,0.3316145283896511,102.00313728530956,0.44776457444615153,1564.9872864296433,1538.4557859475265,26.53150048211764,0.11855805136966707,0.12649245658698208,1.268446384783683,-3.5889730738312293e-06,-3.6039946810787387e-06,1.502160724750764e-08,-0.0004268258671198641,-0.00042689101009896516,6.514297805179641e-08,9.923013623573409,329.33471565162904,7.519433075809234e-06,2.7087453901335183e-06,0.32360038620534903,1453.3384854845253,0.020166055209640436,1567.2045558686987
26,0.7133951055607173,119.72114748117056,0.3987966565816042,119.12440097868074,0.19794984590821155,1469.8847393718788,1442.732673326441,27.152066045439103,0.14805577921669988,0.1292603532380524,1.1925280306554997,3.1101348016769784e-06,3.093972239283208e-06,1.6162562393771628e-08,0.0003603445823860932,0.00036027498919291297,6.959319234794172e-08,12.078311354642265,475.6083466557909,7.43507199397446e-06,2.9263100509065303e-06,0.32108352863255457,1660.990269757769,0.020440857031791142,1422.2356182810581
27,0.608445687768324,86.48776837521247,0.27906292455240256,85.99798090870696,0.2107245419530948,1581.884151128326,1564.4184931201696,17.465658008156772,0.1640232235520136,0.11185009875023438,1.0813217845442074,-3.661806561634205e-07,-3.8308216503101997e-07,1.6901508867599387e-08,-4.77446289695074e-05,-4.7804123648169196e-05,5.949467725709681e-08,22.297408435075035,566.4028065484737,7.114547576732993e-06,2.770921751848946e-06,0.29979377435405785,1196.7135756182263,0.019132202274441824,783.3507541034814
28,0.6346385670891909,91.11718320027018,0.30258355855790214,90.55251195361478,0.2620876880974702,1597.6094340123248,1576.3099448176554,21.29948919466857,0.11145106688994792,0.11049781235148903,1.0370170745751428,4.7048660514739834e-07,4.5736058730179744e-07,1.312601784560101e-08,4.79017513785446e-05,4.784196115900328e-05,5.979021828957546e-08,8.398774724252844,670.0728618745959,6.185129780090373e-06,2.691823096137725e-06,0.2824104960272522,1284.6565560626634,0.01994894587573855,-2443.4566198016255
29,0.7327962898785291,126.58382124738002,0.42486917647032196,125.72732402657651,0.43162804433318525,1815.0162704069567,1793.0733172239375,21.942953183019473,0.29879035874438997,0.13385628732507188,1.2022138868779488,-3.81065129105027e-07,-3.982153522477941e-07,1.7150223142767e-08,-5.212388084680272e-05,-5.218691787239262e-05,6.303702448217981e-08,10.860269924621939,361.0307701427314,1.0068765829300789e-05,3.6898770585835604e-06,0.3303461748363995,1789.3047927107857,0.018079383114166625,4089.7139361195404
30,0.7329966944146868,120.20094374873001,0.37183235065789694,119.54977569972571,0.2793356983464032,1753.1909369323246,1736.7193760007585,16.471560931567783,0.3368743109961851,0.15056260711753147,1.3435871986192982,2.168735812983947e-07,1.970084454155843e-07,1.986513588281042e-08,2.0136337869210818e-05,2.0067488669522056e-05,6.884919855464964e-08,20.750150307498334,967.8165082589657,8.356878173033316e-06,3.1087926598626268e-06,0.3544699991442855,1680.6425980011038,0.02001096496164427,-467.41212070792244
31,0.754100478681938,140.3321800080692,0.47202829998332063,139.52562340170945,0.3345283063764329,1480.7599047701497,1457.4729805046898,23.28692426545933,0.17634918876439584,0.14916659939100096,1.3338723157352768,-1.7974128577252737e-06,-1.8132499716417327e-06,1.5837113916459326e-08,-0.00022328498307515627,-0.00022334979081293336,6.48077365805349e-08,11.911491156710227,329.4035267612142,9.500076400227664e-06,2.9683405793160495e-06,0.3569399636480182,2001.0037056943636,0.018576654174390687,630.3502921683939
32,0.5843442490850037,87.22649008307746,0.2895560810524958,86.67534752134877,0.2615864806762096,1518.9583992432113,1503.6455835374186,15.312815705793323,0.09573523627573285,0.10615079862948597,1.029734370377832,9.462893526639406e-07,9.292452909174193e-07,1.7044061746521347e-08,0.00010765164225374162,0.00010759590038371878,5.5741868987526796e-08,7.374876004835244,-433.0570886888285,6.9371936859494275e-06,2.5788589930042184e-06,0.287623925164907,1233.5429416445695,0.019667249874276843,1647.6584837292394
33,0.5961254378451394,91.61578559012749,0.24167344949519834,91.24729400265537,0.1268181379769238,1204.4457258454738,1183.1687108459325,21.277014999542416,0.14616693347753978,0.10318981255991976,0.9732782740725686,9.151144727172365e-08,7.472018920630207e-08,1.679125806542159e-08,3.338936424342098e-06,3.283202677028802e-06,5.57337464478908e-08,8.02280637363861,289.0214784738464,6.255000433616574e-06,3.180047535213834e-06,0.2715678306782258,1241.2476146169665,0.01899677737829836,-2275.6510778108495
34,0.6376808585628571,94.28879347847436,0.3244348578017499,93.80620972764589,0.15814889302673288,1337.503013323834,1320.2995745193298,17.203438804505808,0.07607652475462999,0.11650235926621984,1.0944778770642336,3.655871912784285e-07,3.488263862610231e-07,1.676080501740541e-08,3.698790097676722e-05,3.6929404936554664e-05,5.849603895994823e-08,4.256150619334507,656.0272782148642,7.0552480425112846e-06,2.8882463824818856e-06,0.30450767321461014,1334.2583592998728,0.018669783100195566,3434.9357347966943
35,0.5816021438943041,74.28471337466497,0.2053138230206295,73.91823029852834,0.1611692531159868,1574.932022940162,1557.0093965682636,17.922626371901284,0.08895341387380008,0.10137826605371675,1.0331028098086696,2.6643904264612363e-07,2.528117570431815e-07,1.3627285602942082e-08,2.778698852424488e-05,2.7739711468451305e-05,4.727705441902974e-08,9.28221447377264,193.21366592138216,5.85471707232212e-06,3.793972635873653e-06,0.27792948999633665,1024.920221953275,0.019070768262338722,672.1971592775044
36,0.6208781002079151,89.157634564403,0.26724069844833065,88.78793865682617,0.1024552091284976,1619.6674920850285,1601.9786221041797,17.688869980847656,0.11179251370660531,0.09722831665631777,0.9604606345561565,-1.1414471143846372e-06,-1.154869682320386e-06,1.3422567935749436e-08,-0.00013936707281727358,-0.00013942206064992916,5.4987831000587594e-08,32.810508266753295,47.43086642752382,6.730179081794142e-06,2.654170209616188e-06,0.259606713011394,1271.555215485388,0.018918768527404033,651.060936910264
37,0.5901865940662537,67.21886121389451,0.16913666491670495,66.7863194212898,0.26340512768801716,1485.4476574438086,1467.7300880635526,17.71756938025661,0.08428636365136716,0.08447965290128831,0.8402141877714143,-2.3888284116102437e-07,-2.5399648044853625e-07,1.5113639287512132e-08,-3.292476171271646e-05,-3.297104451820833e-05,4.628280426454441e-08,8.273275558842464,466.9871172951335,6.550301758902418e-06,2.7564045165347614e-06,0.24062297448247744,937.5209782073946,0.01825400044524652,-3147.4549967579915
38,0.5725608764174942,74.52095527066729,0.2231260893208252,73.99851083346334,0.29931834788312406,1074.4948517480602,1055.1367994101372,19.358052337922494,0.09790466895521933,0.08768323569950404,0.8930195044429267,4.918168938025977e-07,4.770658289452339e-07,1.4751064857363526e-08,5.620825779537229e-05,5.615625600037582e-05,5.20017939845121e-08,12.51381580110213,73.04888736026987,5.0506280737174285e-06,2.6068061917264437e-06,0.23327396070796724,1049.402857574181,0.01732187025580184,-2015.3731094979412
39,0.5781480463824548,68.62382363012485,0.19629440227309483,68.15662459411462,0.27090463373714513,1361.8312390806343,1335.0477647287664,26.783474351867493,0.08719065059222209,0.084273049258939,0.8519515404392153,6.096394631024444e-07,5.971524905712866e-07,1.248697253115787e-08,6.968094549140137e-05,6.963215009702858e-05,4.8795393341533734e-08,7.981853134618421,358.6993926889191,5.572757496836215e-06,2.849054237715347e-06,0.243594824126748,954.5010824142994,0.0198670381886877,2002.1663867399911
40,0.7110657584224864,111.51893985513517,0.3587646416173788,110.85115668417988,0.3090185293379143,1425.6743052175157,1408.687364087109,16.986941130409118,0.12922082623279962,0.12840292361652197,1.2256546849028458,-1.432138167822108e-06,-1.4471320877637795e-06,1.4993919941671554e-08,-0.00017370155827828114,-0.00017376260863652174,6.105035705112247e-08,20.72343732077267,471.1447976277471,7.661930226398435e-06,2.8711696508800613e-06,0.3274601606319243,1541.8789417010316,0.018233911797010196,477.4362952296833
41,0.7160300703571499,117.10905998621585,0.4451688645060968,116.32648477006954,0.3374063516402041,1737.177844848003,1708.591101583982,28.58674326402243,0.13986785058505605,0.12851003587571738,1.207507397536256,1.256718628577091e-06,1.2413933237192158e-06,1.5325304857874722e-08,0.0001421729920451371,0.00014210838334328767,6.460870041650416e-08,11.582416363492182,731.7552664228602,8.454363810219e-06,3.096758568640102e-06,0.3152981644691786,1659.0232298014325,0.018064779159311657,-2567.5281799171717
42,0.5822894666192178,83.01530867119557,0.2609357275112775,82.58790722513204,0.1664657185522571,1424.0592322239681,1399.5876471124695,24.471585111498438,0.11880724796084098,0.11450823462878118,1.1182476066228002,1.437114512292636e-06,1.4252118914143757e-06,1.1902620878260116e-08,0.00016796428061805065,0.00016791167140395332,5.26092125939055e-08,6.937904162210756,240.44750119123395,6.827290615554895e-06,2.71341077885864e-06,0.2989034655491437,1130.2487758117247,0.01773300099367948,-1319.224900720994
43,0.6063028540319888,90.06281103416481,0.26219118743545183,89.56036295497154,0.24025689175779105,1602.9766444117668,1586.926058036718,16.05058637504735,0.07943581161371618,0.10638852910335932,0.992833378418941,2.7651768096724203e-06,2.749523712163443e-06,1.5653097508977617e-08,0.00032633817081552234,0.0003262848837980485,5.3287016397751595e-08,10.177916863536373,462.0358686081138,7.356856391534285e-06,2.7318264430131054e-06,0.27148481104236166,1283.9994545262157,0.017774027187458324,-813.4880110168997
44,0.5435793598923226,72.3555927965676,0.18230518260602652,71.90634883370564,0.26693878025593454,1551.9301508621513,1533.2799519152443,18.650198946907572,0.1002058296071414,0.09171410879220648,0.9000850978592682,6.59558182785034e-07,6.474146012071828e-07,1.2143581577851298e-08,7.662828658403859e-05,7.657829547253737e-05,4.999111042086614e-08,12.640512015255707,475.6993887241363,5.473167269134518e-06,2.618055075709713e-06,0.2456106959135552,1044.2949315063715,0.017061321875522898,1145.818724523695
45,0.6700867841285527,81.75180499999118,0.2370242329723803,81.32375939411389,0.19102137290490123,1297.5451721226493,1281.1657849046128,16.379387218037817,0.20942640450602548,0.11566240210207428,1.129490348584578,-1.0616031203147039e-06,-1.0796576952000895e-06,1.8054574885385396e-08,-0.00013095919590349733,-0.0001310172973460233,5.8101440848025637e-08,7.106950989083186,529.7677287294673,5.842277407144408e-06,2.5999325090391473e-06,0.3102940977493386,1141.7228565507658,0.018176148947802527,-13.259393135471328
46,0.6567280438396524,94.91102514351562,0.27084192388697986,94.35087660125147,0.28930661837716715,1451.2241177577705,1429.2646550364557,21.959462721316257,0.18829203397969968,0.1094853583024787,1.0576655068407783,3.0190914668019845e-06,3.0057081079427677e-06,1.3383358859216272e-08,0.00035693540413088193,0.00035687358054543205,6.182358436274689e-08,9.396368272767658,677.5093980149875,7.546300882607868e-06,3.44162164066839e-06,0.28014191303274205,1277.566412343611,0.020831325855136335,49.4515767308003
47,0.6364887501836065,93.53943489535777,0.3256845778041712,92.94370342485942,0.2700468926941887,2420.0901803660563,2399.6322738672648,20.45790649879216,0.09681774301821201,0.10312144748258976,0.9939062037229528,1.8046032351191301e-06,1.7895884975092937e-06,1.5014737609836774e-08,0.00020681060740898884,0.00020675356339437326,5.7044013735722957e-08,23.376122176831704,234.59817084346932,7.772738499267631e-06,2.371151915633431e-06,0.27929785174865296,1329.515231783528,0.01882145774554741,2390.9493989837247
48,0.6336374193678621,76.06506987653931,0.23770411461913848,75.47900398202411,0.3483617798960616,1457.483704631331,1439.3065765510162,18.177128080318443,0.0926304125125405,0.09659716558298154,0.9653122743125685,-9.344695749471982e-07,-9.5057114359539e-07,1.6101568648191833e-08,-0.00011365163701776006,-0.00011370503225512595,5.339523619074446e-08,8.287305268215992,327.25085366523484,5.206984531911276e-06,2.5023157682083402e-06,0.2760367825129867,1018.9921597882729,0.019031493700739466,431.7313744892417
49,0.6664741959880307,120.78202145364031,0.35188351745770935,120.01195598291477,0.41818195326782304,1752.7886557710294,1731.7034350062686,21.085220764763623,0.13349297742431251,0.12915656787479152,1.1101794597737726,-9.011616754482986e-07,-9.183606249470121e-07,1.719894949871336e-08,-0.00011826610935043051,-0.00011833105651305776,6.49471613519103e-08,9.333872220002803,739.0930623382483,8.333922545686999e-06,2.858521079004779e-06,0.31208697503759647,1705.9332475267036,0.018087796218487634,1634.2122869442537
50,0.6752148147044106,104.77907044436786,0.3162454552219716,104.133871716508,0.3289532726379189,1815.0235861103743,1797.2050478036556,17.81853830671688,0.1671144977963633,0.12262186293427593,1.1754401999757522,2.3914226212327067e-07,2.2225605987157727e-07,1.6886202251693218e-08,2.2424518368220856e-05,2.236197406502355e-05,6.25443020951156e-08,6.767386471468191,730.729227055702,8.011856313841604e-06,4.442775540113071e-06,0.3155792895143785,1517.436895929811,0.019473445643448127,-163.30820703396603
51,0.588303513010123,83.4481641561651,0.2467297330600762,83.01330858774658,0.18812583535844996,1322.2314728439774,1305.166897152697,17.06457569128088,0.14532463518732067,0.0967045514138579,0.9357915010219648,3.9364190417783307e-08,2.4684117880447463e-08,1.468007253733583e-08,1.0326711478704173e-06,9.827337387082196e-07,4.9937407924066696e-08,5.118279674975632,305.9080278522604,6.551040898333657e-06,3.5018596671374715e-06,0.2596099615096686,1183.032627296642,0.017564311256982792,592.960399333806
52,0.7071947288948376,112.43135635229565,0.42186598168022676,111.67300976329695,0.33648060731849533,1700.7639151590138,1682.6170973349438,18.146817824071253,0.21842888439710306,0.13316819986002076,1.260169785772613,4.5556810877870435e-07,4.3838340578141114e-07,1.718470299729324e-08,4.705609074519823e-05,4.699101295574697e-05,6.507778824380633e-08,8.78885570408201,612.8926009818806,9.632282765725277e-06,3.3859873440527787e-06,0.34078167829481715,1580.7995674456888,0.019314879242074454,-4288.105053696167
53,0.684815064767543,120.7996259530563,0.3491501548909864,120.07782330201559,0.3726524961497454,1579.212193547735,1558.3934839527597,20.81870959497693,0.1368045846939326,0.14870923778940534,1.3143278698816026,2.6713221541011927e-06,2.6509554402077927e-06,2.0366713893400842e-08,0.000307479133747498,0.0003074142693428904,6.486440336242785e-08,8.55288066020421,666.4652654341262,9.275382413020416e-06,3.88107386111659e-06,0.3517936708922153,1745.3243761913761,0.019378872383123635,-1168.9253015836584
54,0.6160694347824873,83.58544203393636,0.2505004286828121,83.12348977736444,0.21145182788911612,1530.5348727351259,1508.3814808977356,22.15339183739038,0.10678510220846325,0.11574776069259667,1.1356165661638618,1.0769460313553985e-06,1.063698144703608e-06,1.3247886651791013e-08,0.00012593595289881566,0.00012588064056985273,5.531232754881724e-08,4.059539880674777,198.1872138832491,5.5488625993726664e-06,2.9342551412016042e-06,0.2998689389966669,1136.4017397640707,0.018696408401266868,581.6935004003935
55,0.6095485383349597,81.93774964664581,0.26450292983524837,81.41543824338939,0.25780847342116453,1488.5172290919982,1470.3534201105342,18.16380898146457,0.17264946064227701,0.10799799689416845,1.0801580291502846,1.6696288033439518e-06,1.6546701809653902e-06,1.4958622378561514e-08,0.0001927581962048297,0.00019270534304749508,5.2853155722313576e-08,7.712085476590584,639.4868444167423,7.2320234883722736e-06,3.2037193171940205e-06,0.3064609092195621,1146.0077353596776,0.020166987788836556,1197.9254578515247
56,0.5475818919069431,69.19183543681622,0.17276511757531748,68.67518146499768,0.34388885424323107,1624.6676410070672,1605.3999499723836,19.267691034683775,0.09171605997945279,0.08711207691861876,0.8588299746815117,1.1982219130829297e-07,1.0602492493669772e-07,1.3797266371595266e-08,1.1440025636991493e-05,1.1386080475461141e-05,5.39451604110718e-08,8.127401400772278,274.8299674872615,5.647101642032076e-06,2.429124516871959e-06,0.23737957972516843,972.7977059254179,0.01963962726398791,-942.2304543693172
57,0.6435367654671105,105.03382229670174,0.4330879361927759,104.28618607676884,0.31454828374011967,1516.275883993288,1497.8002991040491,18.475584889238313,0.1276053617709907,0.10989815953765703,1.0417152453666605,-6.080009840963031e-08,-7.756407724936592e-08,1.6763978839735613e-08,-1.4382847349514592e-05,-1.444479747023295e-05,6.195011952998244e-08,7.368472055330086,824.9132214720065,7.467793370216342e-06,3.4123880483290244e-06,0.29833019464790894,1448.0927758836222,0.01938754498680648,-964.5288672670467
58,0.7092962121555416,112.51974479061379,0.39310086512660014,111.83907937530026,0.28756455018693167,1660.630149975211,1640.9347434336264,19.695406541584344,0.14293182171831553,0.1344509861217361,1.32466182420023,-2.1169319892426532e-06,-2.1356685696651017e-06,1.8736580422447825e-08,-0.00025607887481319993,-0.0002561391384914952,6.026367686844301e-08,12.397566263764167,506.24789700142395,8.351658455745198e-06,3.4217702703524656e-06,0.3467602875824365,1606.0008126507466,0.020519456290634765,509.7572314703066
59,0.6488569018752228,99.04792628351423,0.27587104773709764,98.41739794942353,0.35465728635359334,1376.942786914823,1334.9599311376999,41.982855777121856,0.11297432723135778,0.11291994954977683,1.0383930964312913,1.3099891258584634e-06,1.2935107542516198e-06,1.6478371606843444e-08,0.00015600380960388335,0.0001559431329764134,6.067662596062214e-08,5.489105808038253,522.6037299984455,7.617094766525199e-06,2.596291913127603e-06,0.2899879202760476,1357.411277596219,0.017419887213009494,2729.748412515135
60,0.6361506774073918,85.53577763467264,0.29630354017385874,85.00994165821852,0.22953243628024866,1381.31162043277,1363.2217386014818,18.08988183128967,0.08481923688039661,0.10110691102967061,1.0180561718471544,-1.3980267565923635e-06,-1.4139666552245732e-06,1.5939898632210066e-08,-0.00017315728943943963,-0.00017322072296470234,6.343352400190841e-08,5.9411065454968375,671.1301758757248,6.381995545084898e-06,3.469924615450497e-06,0.2784671670969716,1193.686605356417,0.01910490935173134,1551.5918785461363
61,0.6133182832229492,77.11950261974754,0.22710750566663498,76.70368629023518,0.18870882384572701,1537.7473264684638,1519.338463066381,18.40886340208169,0.2712572456154961,0.09948361522643756,0.9627613614293584,-5.053642688120234e-08,-6.384882997497577e-08,1.3312403093773447e-08,-9.3373186498613e-06,-9.387181380756912e-06,4.986272950629798e-08,5.542182526664707,486.0502509500933,7.012793485129043e-06,3.873024649886295e-06,0.2679168000687507,1076.3251935811425,0.019391621533757213,-805.7729866012523
62,0.68086239674583,106.14022211126448,0.4198777303884786,105.43869034693888,0.2816540339371162,1702.1106821422618,1673.7171058251029,28.393576317157418,0.08793943572629533,0.13049047154424148,1.2419946187305337,-6.090823777016069e-07,-6.305161656605013e-07,2.1433787958894176e-08,-7.987136913230905e-05,-7.993649918210058e-05,6.513004872677512e-08,28.220092529314133,453.8147271772991,8.679170200276713e-06,3.0900512966125075e-06,0.32381733610035524,1467.4228075653034,0.01979759652031642,1714.372530581175
63,0.6187656367339532,84.13393182102811,0.2702183099550355,83.67106985858813,0.19264365248494464,1326.6010770719186,1310.077122050875,16.52395502104563,0.322535388286457,0.10199647036771438,1.0582842345079233,6.69093384538538e-07,6.539854417113992e-07,1.510794282713922e-08,7.048012251161694e-05,7.042858499459099e-05,5.153751577219825e-08,17.079326539763358,289.0083143855346,5.9399309804862e-06,3.32231755888088e-06,0.2711368903896897,1188.5950772467904,0.01856607154373681,-1939.3406215346258
64,0.6118929879610555,102.87485846579594,0.3071074882618844,102.23596703223228,0.33178394530176547,1557.7617055892165,1532.6696298926458,25.092075696570287,0.09837882419234836,0.1114137152776447,1.0421774457312698,9.622277057595818e-07,9.461907066637023e-07,1.603699909587949e-08,0.00010687090927125556,0.00010681205271317082,5.8856556424004086e-08,35.44330125057885,477.7672367626697,8.017080443750846e-06,3.3277521226739548e-06,0.28679235188473456,1431.1993107390217,0.018046921759528173,2651.8318909468544
65,0.6395685076381713,93.66601296368019,0.3162370448383,92.94678845690936,0.40298746193255247,1599.1842143370077,1576.001154737222,23.183059599784812,0.1049747100005753,0.11848329421588083,1.1412442603351207,9.755912778440023e-07,9.57320593471436e-07,1.8270684372565894e-08,0.0001112244358711678,0.00011116792336057416,5.65125097354612e-08,8.997203553869852,366.06864111974954,8.21403608148454e-06,2.8083169827704936e-06,0.3183247446723101,1318.1393626051274,0.019325248773472074,778.1270654565269
66,0.5725044965004137,75.80738187452876,0.19311593816109895,75.32514087192523,0.28912506444242725,1502.4675766401588,1484.6169283394415,17.850648300719882,0.11758746875587918,0.0995742575339024,1.0556568627396448,7.85610628077159e-07,7.690871722966967e-07,1.6523455780462257e-08,8.91164587087134e-05,8.90663662948412e-05,5.009241244340764e-08,9.597392160520066,-113.18291293166978,6.1308864204134735e-06,3.2222041738344317e-06,0.270146891066525,1091.1740247274065,0.019310056007281688,649.6193289165603
67,0.6319888130743795,81.74477357626608,0.27620922904651335,81.19812488001341,0.2704394672061845,1471.3652257623828,1455.622197466806,15.743028295574428,0.11227359049823675,0.09566241554130561,0.9639732551548198,7.1570587147002e-07,7.005630721631726e-07,1.5142799306847265e-08,8.287719941388033e-05,8.281839527021964e-05,5.8804142298830564e-08,4.890880623037801,324.7642789779291,6.9219984141901635e-06,3.330926001440506e-06,0.26774440249760845,1113.7422091867966,0.01769248731346694,223.60816204110233
68,0.6884273155293592,115.28434818709056,0.33782663264340745,114.59216278211873,0.3543587723284283,1467.4451647592555,1446.489053648976,20.956111110278524,0.16356902399160086,0.12463912718039205,1.1935978867097692,-2.6482788128349317e-06,-2.6667841421133177e-06,1.8505329278386042e-08,-0.0003263769671842818,-0.0003264418930067653,6.492582056932616e-08,10.597175931394638,895.4484644009088,8.400786229554288e-06,2.749706032234554e-06,0.30767104513030075,1591.0069675804411,0.018439919194795408,3716.991103027529
69,0.7452214674510158,109.0175807916614,0.33443095554930563,108.23478304999318,0.448366786118898,1738.5533550164666,1718.4698819883765,20.083473028090925,0.13327617996328275,0.13146816222071986,1.2656825511367404,2.5844110599553176e-07,2.4062213605090156e-07,1.7818969944630167e-08,2.8141780773651685e-05,2.8081358642105445e-05,6.042213026521439e-08,19.675515054615154,230.35938202464718,8.176322611970915e-06,3.4045464701742863e-06,0.34806640012793694,1551.3189377018202,0.020069937166767575,1251.2751303229343
70,0.5554233137341977,71.98742977773269,0.18269376904128232,71.56877899973506,0.23595700895634591,1247.1271382688303,1230.4540060735949,16.67313219523511,0.07032651864323908,0.08678573962801962,0.8692672001384903,7.537892242822327e-07,7.401261590887034e-07,1.366306519352935e-08,8.790145661418874e-05,8.785246629064791e-05,4.89903224727301e-08,7.7258896745710866,386.511699523053,4.887563794956249e-06,2.2796033826329487e-06,0.23841873353475987,988.8175475008723,0.017169984405801825,794.5586850413383
71,0.7109426842389042,121.93636331367009,0.42399032173255696,121.17807046859247,0.3343025233450654,1480.6080571294867,1459.1334780791983,21.47457905028761,0.13644048122495445,0.12723258207464574,1.1663876910728763,1.3796868517176046e-06,1.3620562728900352e-06,1.7630578827569614e-08,0.00016250276026111236,0.00016244207290323662,6.068735704714336e-08,24.26891606374457,476.7236257992767,1.0200015852387358e-05,4.8972746967843095e-06,0.31760523490585424,1764.542511297353,0.0190807461177087,583.9920379864416
72,0.8452598452229995,144.62540769569532,0.47538885498241357,143.72457001204953,0.42544882866337574,1907.2394458938718,1872.026212183625,35.2132337102485,0.24203536229581818,0.15670033123147611,1.420547560390964,-5.83184834291565e-07,-6.033159397494599e-07,2.0131105457894818e-08,-7.22074464261189e-05,-7.227602794563694e-05,6.858151824567267e-08,9.379913598150667,598.7143863798772,1.0090072462798706e-05,7.682006188733532e-06,0.36384674374417086,1983.9643407242138,0.019696174042232936,-3826.754529021993
73,0.6465687249234803,98.85376183800273,0.3776960452027838,98.26130090173974,0.21476489106018615,1474.0322321350504,1455.8440324515896,18.188199683463417,0.22962623902442972,0.10711953877498594,0.9970159329837999,-2.409792641835109e-07,-2.55500738333485e-07,1.4521474149974125e-08,-3.196423824094041e-05,-3.202311991449338e-05,5.8881671954692306e-08,7.980690346953785,715.7558859940136,6.54846221208078e-06,2.9428972722120772e-06,0.28214554133993963,1376.0151023602396,0.018707392852492687,-542.0840708548931
74,0.579803533333342,88.7279684167499,0.2676630446510168,88.23002478439203,0.23028058770686297,1368.1407640021805,1347.213616978196,20.927147023985462,0.15944264670053698,0.097231662964105,0.9224462995744905,6.42929543656673e-07,6.263603353595407e-07,1.6569208297132452e-08,6.992820670846524e-05,6.987311721267526e-05,5.5089494203921445e-08,8.046354835853005,-222.23130047927847,6.088956268221263e-06,3.0427658571020463e-06,0.25017990746161567,1252.5194008086771,0.018142822815008675,43.81883420816666
75,0.6667891715660456,101.9470520842884,0.3367037433052021,101.31991644001045,0.29043190097276744,1593.27345379021,1571.4937220630695,21.779731727141254,0.08409405176850537,0.1144197862899005,1.087590576517925,-3.2031059095330526e-07,-3.3802246946284354e-07,1.7711878509538186e-08,-4.1561438933014444e-05,-4.1619399660342685e-05,5.7960726054666e-08,12.574238878585264,561.4668300379054,8.231546681597626e-06,2.8715706544710907e-06,0.2964889537292675,1435.9710821719227,0.018568579144566867,456.04225671037784
76,0.6770102895130259,104.04700530087352,0.28713430037063337,103.52176998852025,0.23810101198263858,1806.9473498073578,1784.3810876952762,22.566262112081372,0.234039852067368,0.12315029051493616,1.1467290908047418,-2.8855494786147926e-08,-4.488300493076369e-08,1.6027510144615754e-08,-8.240745061304667e-06,-8.301726005338076e-06,6.098094217511547e-08,18.83824638083139,568.2939577977533,7.922096104404314e-06,4.007490049641165e-06,0.31027806316098444,1416.1455458000178,0.019643236365968344,-3575.2109951676102
77,0.5926573225438546,71.99987795715704,0.19608751669803592,71.51297888833768,0.2908115521213225,1592.860436501409,1574.7272815979422,18.133154903465652,0.14396152981569105,0.101423576375589,1.0515339151467225,1.9264724671460825e-07,1.7917494679751353e-07,1.3472299917094744e-08,1.880554155625581e-05,1.8754888654039532e-05,5.065290046575329e-08,7.2701104470593165,365.4746971572338,5.719429581535344e-06,2.847986000703418e-06,0.274682957480374,983.9070088692836,0.01990490149330975,-154.23468187684557
78,0.6613304586429748,108.94742055939628,0.303254264269,108.23254464328056,0.41162165184671845,1943.0670624403872,1922.4299519384374,20.637110501949227,0.17882452429213846,0.11960730440960966,1.0884320794970257,-2.735726620929846e-06,-2.7514152410230975e-06,1.5688620093252313e-08,-0.0003292742865330788,-0.00032934163632249017,6.734978807027743e-08,7.1202902143292235,740.5668227458589,8.263042364336493e-06,3.270623305910723e-06,0.2925459300799923,1515.0282123480938,0.01809095842239885,929.6932778827104
79,0.6169561804586109,100.1002566026691,0.3008226379717087,99.40668631079517,0.3927476539022313,1395.3727572066562,1377.1851783139577,18.18757889269845,0.1988609342854175,0.10851300602666972,1.0241337921639866,3.4437323866996177e-07,3.298932061997256e-07,1.448003247023615e-08,3.350746324618905e-05,3.345003455433711e-05,5.7428690581741095e-08,7.792678085728745,361.5413153681109,6.852344596014725e-06,2.632436136372323e-06,0.27620566205360575,1415.2428155334906,0.01736264584754168,-580.9909337319223
80,0.6557381062022024,102.1873506330376,0.327942086019093,101.6020935914053,0.25731495561319934,1639.270885287457,1619.565102186924,19.705783100532113,0.16466940780961326,0.12051232902853398,1.109064541635108,-6.495809894753609e-07,-6.658633234075445e-07,1.628233393218347e-08,-8.50930973213355e-05,-8.51579016215664e-05,6.480429897093509e-08,13.849243965617246,91.74472580512895,7.28383084874366e-06,3.84451314177921e-06,0.2983143464531437,1436.705617710117,0.017943682700146783,-149.52244752870683
81,0.6234007202437536,78.84250261243226,0.21903132585395613,78.3656569385265,0.2578143480517957,1692.833576574215,1674.997317668821,17.836258905394345,0.09519498196604964,0.11501430355293533,1.2288933728836144,1.0510753146405576e-07,8.916651414582072e-08,1.5941017318235042e-08,6.801012414453279e-06,6.745557348977622e-06,5.5455063855923735e-08,10.039810972215474,428.0180692772081,6.302151732312314e-06,2.860467821186333e-06,0.31535402782370847,1074.4670553874134,0.018563668551733897,757.4487248531113
82,0.7131391456133598,117.44461714191478,0.3306662855490462,116.6848935508483,0.42905730551742916,1609.1669520487903,1587.3180097004347,21.848942348354917,0.2990138843306227,0.13901778516021504,1.2920637313467047,1.0474352541243045e-06,1.0297650206718054e-06,1.767023345249901e-08,0.00012334749255624123,0.00012328888429192662,5.8608263269160514e-08,5.506974121065352,475.42685517256155,8.868561918383355e-06,2.900417897438667e-06,0.3567613257160215,1684.5732840263602,0.01866173898335,-4269.712726109985
83,0.6262568824061274,80.68128804127066,0.28433841811027694,80.23318005560108,0.16376956755930194,1463.9727946616608,1438.9578811838726,25.01491347779206,0.08444727648184333,0.10276693153678759,0.9908318722489604,1.3271786629434004e-06,1.3127469678092931e-06,1.4431695134107282e-08,0.00015326817008409527,0.00015321732168926838,5.0848394036811926e-08,6.9794910853366785,-28.307875445651657,5.9242994320478445e-06,2.7908208918388956e-06,0.28081869685031857,1111.7818309897852,0.019352380590830724,-246.5108339464823
84,0.5941320138395663,71.22555024305171,0.20550048928582407,70.79733770922618,0.22271204453970472,1392.3488695222825,1372.09536105185,20.2535084704317,0.06764330665587097,0.09543759160076987,0.9902691054212835,1.0433691590731814e-06,1.0300966626724034e-06,1.3272496400777896e-08,0.00011581466519638306,0.00011576058499000963,5.408020526212923e-08,34.54985357596124,-91.40693362302304,5.301641563446711e-06,3.079880691720596e-06,0.2672745086846445,998.8691645977191,0.01847083336558026,-1376.9770769137322
85,0.6756180215674034,114.51666626529726,0.31291030126885044,113.64693129542282,0.5568246686056125,1419.9226410273109,1399.5764346658686,20.346206361442718,0.13126524861445252,0.11793172687107417,1.044002996400565,-1.12431037792379e-06,-1.1415429735183447e-06,1.723259559455478e-08,-0.00013927332164025854,-0.00013933701664977155,6.369500843787943e-08,33.85782265911554,572.0375133313546,8.515902664763286e-06,3.4054727587190428e-06,0.2879866926764639,1579.5168069850083,0.018443965715720097,301.91283385577117
86,0.6694016823342429,100.02621082135045,0.3990329516262827,99.45965893249549,0.16751893722868738,1503.8544294731673,1485.2919569954424,18.562472477725567,0.20657439004578326,0.10974477321021282,1.0236670002095187,1.505581554347298e-06,1.4901313611474541e-06,1.545019319984391e-08,0.00017315493335412678,0.00017309676978660078,5.816356592880131e-08,33.243200417634796,342.79237530017355,8.619433970508182e-06,3.0622409264069613e-06,0.29686649933701126,1406.7788007468944,0.01917097649295752,-141.02570111174282
87,0.745174820246476,116.21171244655228,0.33231923533789565,115.5432609552601,0.33613225595428897,1387.0365441925333,1367.1821699166783,19.85437427585575,0.25967940161482034,0.13727171784026404,1.300637652451039,-9.013365627194424e-07,-9.225599732328029e-07,2.1223410513360642e-08,-0.00011124173338787536,-0.00011130671371194873,6.498032329492722e-08,9.191391979964479,1027.9747197073302,9.645415001406746e-06,3.069480389540055e-06,0.3443987944536916,1628.2213631373074,0.01944540699210006,-71.79685758397682
88,0.6040253926826025,93.57248519449074,0.2520791827743258,93.05843303827503,0.26197297344138987,1241.649613383618,1208.7518276021926,32.897785781427736,0.15205927868269592,0.10160084536870417,0.9380818795657019,-1.102933750387463e-06,-1.1216722527144447e-06,1.873850232698143e-08,-0.00013171866032690854,-0.00013177653330398353,5.78729754645037e-08,9.96630197334985,530.1976276032883,5.915548683107211e-06,3.029180786341743e-06,0.26448375379955263,1284.5185939866587,0.017867431497440873,-952.6291788106028
89,0.595980053616661,73.55895617388556,0.21886846968083495,73.1299923881292,0.21009531607553275,1088.2002975345463,1072.0268003625351,16.17349717201286,0.08270290697647543,0.09259846752676318,0.9279254720946827,-8.834507531067209e-08,-1.0441008828244322e-07,1.6065012971771114e-08,-1.4798677360542667e-05,-1.4849019968102287e-05,5.0342606340894666e-08,9.396642484730009,372.09948288676804,6.383988844333339e-06,3.2044725897567545e-06,0.2621043084369583,1001.1987059082805,0.017050832906891293,1240.271836791213
90,0.5913408933819199,79.38402378054617,0.23689403406071338,78.91828874494217,0.22884100154328943,1888.4070348315586,1862.0054616225962,26.401573208963338,0.1791677705048647,0.10718033341796813,1.0269453119393408,-4.534190208467733e-07,-4.66477543310892e-07,1.305852246411848e-08,-5.5916358765050414e-05,-5.597096917183353e-05,5.461040559296421e-08,6.484828019506572,504.8391132320078,6.940065599171874e-06,3.5620819144333264e-06,0.281320408168803,1099.6923814452653,0.018636748070654203,-778.4625323945038
91,0.8187734012849962,183.94164150543085,0.6480416453220154,182.5824180299531,0.7111818301557501,1929.9378205041785,1898.5226518715647,31.415168632615202,0.23961816207036513,0.18105983273183296,1.4765527720361797,5.1380345776113765e-08,1.956190402939544e-08,3.1818441746718305e-08,4.6353470715203585e-07,3.942619140672093e-07,6.927279194314313e-08,40.04415503173345,761.7147887244602,1.1241356188143428e-05,4.975546133105416e-06,0.3919439622909096,2611.360668413826,0.019070026702230895,4021.201430576468
92,0.5884631809747705,74.95928806200075,0.21455406874539465,74.43936376938636,0.30537022386899343,1539.0954329597923,1520.151217803405,18.9442151563863,0.17607253534867454,0.09804379242858283,0.9964802008616799,9.217523217147016e-08,7.668278861292918e-08,1.549244355854098e-08,8.437200112385562e-06,8.38712532666175e-06,5.007478463720041e-08,6.991365570065673,13.215726368774364,5.496283058800639e-06,2.425779788563227e-06,0.2735412675056694,1066.62565819378,0.020118256748720444,-153.53618262674354
93,0.7503665094747934,119.15023181233644,0.3681241653495453,118.58761088456502,0.1944967624218477,2013.8734026940785,1988.039783437374,25.833619256701105,0.25100896981000836,0.13540161016932128,1.2822821976292744,-5.056337412595174e-07,-5.227767224919512e-07,1.7142981232433954e-08,-6.795006637256142e-05,-6.803061398577757e-05,8.054761178499044e-08,12.636735445817454,416.23728234063265,8.01723554630643e-06,4.263296785411597e-06,0.35057609107103893,1665.5409618881229,0.020624761636745727,-671.8191291316289
94,0.6761975353367758,116.32811980569716,0.33537029761022197,115.66841009800466,0.32433941008226924,1494.4294561866259,1475.139341118694,19.290115067933126,0.1457129078922678,0.13110140673651458,1.1682972014562396,-7.836414157336757e-07,-8.011736614394585e-07,1.7532245705782547e-08,-9.995174537217692e-05,-0.00010001662530131252,6.487992766092274e-08,23.555757491037692,608.102074808138,7.968414171502437e-06,3.2002065353748057e-06,0.31512490476988825,1582.2472333469523,0.0187692369626059,-2997.327880453955
95,0.602378201892135,79.84379104274988,0.23105418929412713,79.47423314937794,0.13850370407780582,1281.6667746973783,1260.0747762304338,21.59199846694339,0.15047644024516557,0.10123851393121387,0.9906634736040709,-1.6106822674188166e-07,-1.7443528987285618e-07,1.336706313097454e-08,-2.3468789796277826e-05,-2.3523436095892242e-05,5.464629814125028e-08,9.013946297619356,169.77419107463436,5.5181856120483815e-06,2.4312635995099038e-06,0.27177840224955496,1098.8315863021376,0.017341826204207256,138.14601590257735
96,0.5997104916145891,81.0462674350843,0.2244211295610618,80.53986362051958,0.28198268500367096,1722.469389659634,1702.690086517963,19.77930314166912,0.11916632970930853,0.10028463756330845,0.9794848120821881,5.188755228758972e-07,5.039065247502466e-07,1.496899812565064e-08,5.886238443909865e-05,5.88056713397199e-05,5.671309828539551e-08,5.578981280617871,529.3018876590197,6.762059508783076e-06,2.799686910457453e-06,0.2725947703744768,1136.1211395114283,0.0210421375289193,725.0459624151081
97,0.5729599371717293,76.16620763994177,0.22028814387313417,75.86123367768315,0.0846858183855102,1462.3132631666176,1443.1907295530416,19.122533613576135,0.16536117992323712,0.09942534681252954,0.9938633315200397,9.595762431719375e-08,8.065976228508301e-08,1.5297862032110703e-08,8.769672097508365e-06,8.720637337030888e-06,4.903475908426242e-08,10.087411281908155,61.50081393612853,6.091316194833569e-06,2.1011253284065937e-06,0.2648975139346092,1022.0997461408681,0.01823418220410752,-727.8735324360605
98,0.6060591338942471,73.00119178162345,0.22762484261924934,72.46474780896429,0.30881913003990774,1183.2410910333624,1161.5465546307796,21.694536402584873,0.11454874236270592,0.09935427909669121,1.0256101171572283,7.631962848570897e-08,6.074316639414207e-08,1.5576462091566933e-08,7.644152996073494e-07,7.121930337447991e-07,5.2222264420611357e-08,6.367276757264754,520.6477885384572,5.158597616500344e-06,2.320513654399018e-06,0.28740054705529705,1025.1170607188967,0.018961562438487733,8.444812654659472
99,0.6028220286411394,85.05643921292048,0.30148585323958743,84.45347139759976,0.3014819620811444,1680.156129850938,1659.3200433106263,20.836086540313865,0.13576437467142777,0.09492533198645067,0.9523381188569009,9.298509549896422e-07,9.107838764185088e-07,1.906707857113363e-08,0.0001005250948259219,0.0001004660990686841,5.899575604651602e-08,39.94865906487234,5.421964642936771,7.1263268326918825e-06,2.8029199798564715e-06,0.25567765249802127,1173.5586813111663,0.02097352779292787,-1004.4704746943644
100,0.7761778119919883,154.69699470991827,0.4820952836574125,153.83284682096058,0.38205260530025537,2032.6940457270641,2000.6986667591993,31.995378967866674,0.15518257094738136,0.15592489469447957,1.4034470640560843,-8.358077295987227e-07,-8.544391593664199e-07,1.863142976769755e-08,-9.869107404229631e-05,-9.876740389768155e-05,7.632985333959931e-08,12.244832699993157,729.8491529502983,8.743251680640768e-06,3.1788875011698365e-06,0.36726932530010753,2274.76525216406,0.01980193994202278,1659.339524750485
101,0.6768388476542744,110.61621403497824,0.39815726683517544,109.83669129084939,0.38136547729367637,1629.5448098393415,1605.0375583539137,24.50725148542625,0.11375375930843241,0.11648438312260309,1.0855130777800908,1.4357711412608539e-06,1.4209038144398376e-06,1.4867326821016163e-08,0.00016289989065397577,0.00016284289271081227,5.69979418790474e-08,25.322153442134635,784.127483628845,8.204766902576958e-06,3.89252115320962e-06,0.286687688512062,1648.3600722109572,0.019137319805308386,-894.3690403062246
102,0.6288286495856933,83.46046324832197,0.23993448387308303,82.96633780202085,0.2541909624280461,1336.5818484785307,1316.095588204952,20.48626027358024,0.17911744957512132,0.10401126160447935,1.0390336355651513,-1.2233200316257523e-06,-1.2424110064610875e-06,1.9090974835335654e-08,-0.00014942336265253383,-0.00014947531736805224,5.1954713661151596e-08,4.5457959588766625,225.15552658422874,5.984970546063444e-06,2.6232771311592804e-06,0.2800793742674222,1166.732522108615,0.017716455759914686,151.7341152556328
103,0.6595702814038028,97.59955281683189,0.3105741845831956,96.96341694006051,0.3255616921881894,1108.9901477920826,1087.7289430400629,21.26120475202177,0.16657598972451446,0.11376470185430251,1.1034480240765168,1.3362461131105716e-06,1.317761272735435e-06,1.848484037513714e-08,0.00015360276507671544,0.0001535415860657245,6.117900941196373e-08,20.180053939547605,387.95375365631514,6.438749565302792e-06,3.060016405036063e-06,0.30034360446270386,1370.0553017340405,0.01925163424983286,255.72397545840067
104,0.5375936054816024,69.32285092480367,0.2189000226185458,68.83595216511846,0.26799873706667465,1493.9107224986647,1474.7983331897192,19.112389308947094,0.10239864372250027,0.08394849748959408,0.8565295552355118,7.895436006711493e-07,7.767464104883703e-07,1.2797190182778994e-08,9.027551239484006e-05,9.022670781752104e-05,4.8804576210029816e-08,5.11757525614475,91.29685114427049,6.281980977065924e-06,2.6063054214245562e-06,0.23795855725367066,990.0676181230085,0.018539321659594248,974.1573538361517
105,0.6042605154820136,82.4295682012981,0.22416193993516584,81.94691608332872,0.2584901780342174,1366.3499509896085,1348.834182462462,17.51576852714903,0.08355041308570238,0.09354082890678378,0.9829625612976045,-7.87941131336516e-09,-2.0804878632509523e-08,1.2925467319144399e-08,-2.5352662842474524e-06,-2.584924107876467e-06,4.965782225516979e-08,6.170884842170578,354.5498957658387,6.833651345270823e-06,2.2647757952439187e-06,0.25554630656274685,1114.4864020175385,0.017750360594006486,-145.00926111243825
106,0.6576995241453593,107.46492140605338,0.3510859733357607,106.76025261174665,0.35358282097095056,1380.1260187477008,1359.6920494977069,20.433969249995677,0.16276148750038757,0.11200420810292318,1.0430362255511012,-4.7120941263742827e-07,-4.860332818620402e-07,1.4823869224611828e-08,-5.891872671690712e-05,-5.897522288497893e-05,5.649616669157541e-08,8.077848421345216,387.6377779347044,6.7354614414977855e-06,3.9246951615017175e-06,0.2939887832078235,1545.5076899807104,0.017376209767528357,950.267322908443
107,0.6011281127825482,86.13307248343432,0.2721360929156768,85.62363098643806,0.23730540408054404,1347.552092439458,1324.814622839366,22.737469600092368,0.0997484764052904,0.09860208515957987,0.9634027855342873,-2.69439275063222e-07,-2.855110437111908e-07,1.607176864796888e-08,-3.4163284496986073e-05,-3.4218583358679434e-05,5.5298860415371676e-08,28.163948279148517,582.7628796502203,5.776063109521989e-06,3.3990319779043998e-06,0.2700968558655654,1202.6362484328595,0.01777535439341157,-691.5998899175138
108,0.6452359257084593,91.52225403681882,0.25923125855555723,91.02320530594844,0.23981747231482325,1272.847909858095,1253.2643888437335,19.58352101436303,0.12284119714540512,0.10322562979017452,1.0032466152326722,1.416768192913767e-06,1.4008761570125302e-06,1.5892035901237218e-08,0.0001644338067120878,0.00016437687819225843,5.692851879830042e-08,9.262895658139447,156.61471304955919,6.385578187045161e-06,3.1753044890793106e-06,0.2806943277146197,1289.96720744101,0.019797741898227368,1592.5176149832114
109,0.6379118803594318,91.94538989711951,0.2759821665861913,91.4844638330741,0.1849438974592457,1626.3492921300463,1600.8442272441132,25.505064885934896,0.14420558302198086,0.11235944746698855,1.0953484992474842,-1.714672324206777e-06,-1.732495828493992e-06,1.782350428721472e-08,-0.0002085310378470602,-0.00020858929782876243,5.82599803329466e-08,24.025592580362773,384.5644380461348,8.321535052365092e-06,3.0718191444313625e-06,0.2986758537011221,1261.1758203471713,0.020948081884776263,-2020.0990680529758
110,0.587610650091601,68.09829959823112,0.19117221401883377,67.68293588666668,0.22419149754559592,1558.9855848741108,1541.8155188854946,17.170065988620006,0.06975679461840545,0.10520984457599457,1.0817115836433189,2.135582298889587e-07,1.9911585280977992e-07,1.4442377079178774e-08,1.9168591183742036e-05,1.9118842104291486e-05,4.9749078127113847e-08,9.638828441736544,296.46752489551284,5.2844862763058074e-06,4.3033108580997425e-06,0.29053640805775316,951.7068891878844,0.017006922605925616,-2759.6722671976568
111,0.5981185461759452,81.54509429874088,0.23952623261730058,81.04170392630223,0.2638641398213545,1472.970464471355,1456.618203164635,16.35226130671991,0.11602186011837533,0.09062341413565088,0.9358662651774413,-2.3397663432870636e-07,-2.4929348983658637e-07,1.5316855507880132e-08,-3.374358739622622e-05,-3.379671991052819e-05,5.313251243762714e-08,7.513440566822186,325.82853517361076,6.554616984355753e-06,3.1660373666668924e-06,0.2552971648487343,1122.5695179337024,0.019514249083527533,1538.9198298434967
112,0.620070028465222,92.03912999237124,0.2945906593708333,91.40698991508779,0.33754941791258,1501.700695147907,1466.4034150930177,35.29728005488855,0.25700754106762236,0.10863123451960438,1.0658057463771187,7.138389079220844e-07,6.990404590012423e-07,1.4798448920842077e-08,7.893009010566596e-05,7.88763273323499e-05,5.3762772037507635e-08,7.076725165554667,1447.167372256776,7.002553471767102e-06,2.643062139870996e-06,0.2808680413267033,1288.2543490158134,0.019259565006906655,1580.6010483600658
113,0.6351281072957703,101.87121718617158,0.28248081311351786,101.42888309704023,0.15985327601783073,1351.695504663981,1336.0704446287398,15.625060035239498,0.1560052348397431,0.10721828802983228,1.0015313552040932,-2.642271491669672e-06,-2.6567655882093453e-06,1.4494096539672988e-08,-0.0003204706597321795,-0.0003205275465719976,5.688683888440918e-08,5.4419901526219,681.0738201325821,7.333090485402964e-06,2.8981366880346423e-06,0.27758062211550794,1435.3283415587741,0.019985503301223593,-75.74902530694817
114,0.6539196190148714,93.49849814825443,0.2980196640920963,92.8015963209396,0.3988821632227271,1683.9625280884097,1665.8665797280903,18.095948360321668,0.15417405982481305,0.11639557179286601,1.1152552509271665,3.480433308392647e-07,3.3223247246562436e-07,1.5810858373640338e-08,3.6966503196799067e-05,3.6906944537034384e-05,5.95586590145626e-08,14.371592889219404,509.3239053000985,8.046768368214575e-06,2.681799354599743e-06,0.3040071603990659,1325.232278479834,0.020858820918093327,368.01923844901467
115,0.6296450976855879,85.38139131450458,0.24504756058395136,84.85368082227549,0.28266293164513184,1420.5210106965806,1398.65778944817,21.863221248411865,0.16825659705080337,0.09990436153624618,1.0084363763129265,-7.138790298403974e-07,-7.295208496344964e-07,1.56418197940994e-08,-8.96798052391255e-05,-8.973582759500142e-05,5.602235476516171e-08,10.265384170649329,735.9737121965369,7.227801378357956e-06,3.0925173293196166e-06,0.2704245070316545,1200.3541744032264,0.020501311292161078,1218.945582970111
116,0.637119688138973,92.69231784819041,0.28142637712187063,92.0417221158125,0.36916935525603267,1643.7363347791702,1609.4286884924013,34.30764628676923,0.1455641765232768,0.10795237363514003,1.0602720459559891,2.0964468114155e-06,2.0833827604740432e-06,1.306405094145793e-08,0.0002448647259746862,0.0002448081801940725,5.6545779472073115e-08,5.592261658448736,538.8602857591256,7.24162617553768e-06,2.8461262061444735e-06,0.2804006660308198,1242.7312053862927,0.022292021373449423,-404.8517187427715
117,0.648325023147611,100.60200962766197,0.29184736816945983,100.01297435527489,0.29718790421763314,1098.9654110784727,1080.9046735141103,18.06073756436243,0.1429633459802336,0.11418851264232902,1.0824875663620628,4.140080182115606e-07,3.9944356044804224e-07,1.456445776351827e-08,4.471062633652303e-05,4.464966471144435e-05,6.096162365441308e-08,8.677979555730264,313.9829084628987,7.727143696680764e-06,2.798597655406709e-06,0.29632410684700844,1415.8470309274417,0.017158689026694558,10.520969597160729
118,0.7151177413291783,130.91518662190867,0.41762010905466346,130.11233445176478,0.38523206108923247,1778.645406421376,1752.7766373056731,25.86876911570298,0.19521210767133623,0.13730267814650077,1.2298683071698633,-1.7640625151107555e-07,-1.9520618512625576e-07,1.8799933615180212e-08,-2.4042845052620356e-05,-2.4110631782914868e-05,6.778672884282039e-08,13.8443589620215,731.3868010421303,9.403490058641289e-06,3.131250909437668e-06,0.33215393141778904,1893.0506318277098,0.018449726671166844,1439.7844501284744
119,0.6091664549382317,89.79651250210097,0.24810707501140147,89.2295353239799,0.3188701031096697,1343.1891135601375,1318.190741065225,24.998372494913607,0.20457115661021197,0.10097571157297827,0.9579661843515415,-8.334923148986451e-07,-8.47058072736701e-07,1.3565757838056035e-08,-0.00010698722883361746,-0.00010703900632395262,5.177748944369586e-08,12.340676620308498,586.4205320135333,7.655705151716427e-06,2.9004723723707003e-06,0.2626331268022507,1261.5367016017935,0.018334486776793592,-862.3889149083006
120,0.6074377173124662,84.49135021912731,0.22613596540068068,84.11042642926459,0.15478782446204128,1510.6558023882187,1490.0966848824703,20.559117505750223,0.0793397318820305,0.09928278919747349,1.0249448655096485,-1.3537407306817803e-07,-1.4846554710342214e-07,1.3091474035244103e-08,-2.5663046481603714e-05,-2.5715582541698758e-05,5.2536058746921885e-08,9.025773707310439,367.84503781761146,7.103268429035038e-06,2.868222351424504e-06,0.2695219084097227,1210.4802661988206,0.018995579582941714,2378.3373717081013
121,0.7029568483833697,127.81858324369519,0.42410832391353037,127.08876713938955,0.30570778039210117,1865.0492217595322,1846.3431696346715,18.706052124862413,0.15582438982217073,0.13036167944838262,1.1439042507500936,-3.4088791149914575e-06,-3.428300407251113e-06,1.9421292259656404e-08,-0.0004029687943003294,-0.00040303563218426673,6.683788252573812e-08,6.171418012662614,697.5753520972693,8.60734286983521e-06,3.831938704094549e-06,0.311824462990146,1804.4231381131044,0.01829261825215225,1014.8106144825724
122,0.7003783188981336,102.6557534735416,0.34375797813871645,101.96323660149237,0.3487588939105245,1823.8052543887802,1806.566385540323,17.238868848454818,0.10375242514813661,0.13030984784634073,1.2891039176225938,-7.170526586351467e-07,-7.3336865724943e-07,1.6315998614283138e-08,-8.660536207919893e-05,-8.666551252199789e-05,6.015044088173062e-08,8.667935682012768,354.26184098974477,6.749493237659964e-06,3.3768539811190243e-06,0.34317181222620347,1471.1155398955718,0.020498734154119073,-4603.068289981824
123,0.579169385087392,81.01634220011235,0.21858034457393186,80.45651899997684,0.34124285556157735,1623.7928216726195,1607.2877316658676,16.505090006748716,0.16900363208653096,0.09452117710612111,0.9102374742012382,7.319644359684332e-07,7.19159403028889e-07,1.2805032939544532e-08,8.150883636260952e-05,8.145480123275397e-05,5.4035128721552846e-08,7.720009334585306,184.91210491132713,5.51646986185624e-06,2.644540425871223e-06,0.25414302943540973,1115.0947225882203,0.018139237743377726,1155.8910459004328
124,0.7116467778448419,111.72832123869301,0.3887897875661063,111.0238838687916,0.31564758233532336,1528.6479003513982,1505.6824138464503,22.96548650494828,0.08994644100223133,0.1369249293777248,1.3078950364666198,-8.531004409633394e-07,-8.715171117080657e-07,1.8416670744726186e-08,-0.00010974130124185384,-0.00010980114664344037,5.984540011087254e-08,32.46068641895934,730.0316242021605,8.413395597512075e-06,3.6095676910072264e-06,0.35279791576905994,1598.853895609017,0.01943505671436035,-1920.6814103920515
125,0.6084848864394977,82.57228300652002,0.22644120764054582,82.21613738375466,0.1297044151248183,1716.5726076711017,1693.8006075929547,22.77200007814615,0.12704549119652156,0.10490698864911088,0.9959573503738235,-3.1843311554041194e-07,-3.3182957570960177e-07,1.3396460169189758e-08,-4.197656784757181e-05,-4.203141814993294e-05,5.485030109937152e-08,6.582703225935223,879.7354427322043,6.88103220770435e-06,2.942228902775542e-06,0.26953662664620814,1125.4859670346254,0.019203396946928533,-41.54117434519139
126,0.5603075539706642,69.12997202596857,0.1897924555802044,68.77931098017677,0.1608685902115877,1315.4978986974943,1295.6734504686488,19.824448228846435,0.09507566773565647,0.09856159468171902,1.016759889865598,-7.452409575877814e-07,-7.594180371529459e-07,1.4177079565164547e-08,-9.197934609172887e-05,-9.202891769531815e-05,4.9571601679097096e-08,4.3877883033337515,205.0150346321079,4.838163215273137e-06,2.88159300451831e-06,0.26927335283462234,927.6670397961091,0.019186191218177516,720.5424643419319
127,0.6941601441645837,115.01418765274245,0.36427608833653913,114.19974031254941,0.4501712518565102,1916.204872756998,1887.2708411770486,28.934031579948083,0.10682390284675233,0.12113534918974182,1.1671293705405035,2.9245862472701803e-06,2.9075861426456223e-06,1.7000104624558483e-08,0.00033969902441598676,0.0003396315323526608,6.749206231817357e-08,28.960509773186637,1300.7708645933778,8.54556858100464e-06,4.5028311333447175e-06,0.3136811789134058,1605.4676787036412,0.02097091595111462,-598.3051127712351
128,0.638356566057687,107.36547870008441,0.2836735127996007,106.63655803534586,0.445247151938962,1226.3260533321086,1207.840522057831,18.485531274278465,0.18013361722895638,0.12040196269725814,1.0917556843667684,-1.5778777186160952e-06,-1.5955611817245716e-06,1.768346310847648e-08,-0.00019255699926412642,-0.00019261576625535844,5.876699046264285e-08,34.38646334832944,551.2768766703401,7.047432607188668e-06,3.079507439431322e-06,0.30156891260316204,1562.2739549860853,0.017638524174411162,677.0256011137462
129,0.5892331447799872,72.87661338324746,0.2011940556509474,72.52965057512272,0.14576875247380175,1189.9198537291848,1168.7691592300528,21.150694499130452,0.1248671377455665,0.08694204384568797,0.8831760897277826,8.456945122381283e-08,6.850295677016921e-08,1.6066494453643627e-08,7.65362541700208e-06,7.60006104465027e-06,5.356437065028591e-08,5.180493878868535,620.9399895612281,7.578420648359546e-06,3.0843418695646186e-06,0.24589848919914745,996.1181075316156,0.019563569962167918,-372.58775390393566
130,0.6861010546782023,99.73112049044398,0.3027268290478418,99.05818360486307,0.37021005653308203,1547.2580736695213,1528.6611283859136,18.596945283608196,0.21913102431881132,0.12056362727795185,1.1153555677616658,1.0304692477958055e-06,1.0143908961295433e-06,1.6078351666261518e-08,0.00011977153223566948,0.00011971645160807168,5.508062612035988e-08,10.274032013361126,87.93143940606961,8.09095927659932e-06,3.69526109231632e-06,0.3093193488248365,1418.999595549682,0.019986092072963556,-85.93322943754902
131,0.5900821057904487,82.76344797745487,0.22532189966219163,82.26614691789551,0.27197915989717053,1629.4656324752464,1609.6301815107756,19.835450964472496,0.0888415839910631,0.09508563064458693,0.9033684001120519,1.7452576385659248e-06,1.7297887904008079e-06,1.5468848165116926e-08,0.00019903503710737373,0.00019898114347680301,5.389362924291304e-08,14.018456574686052,500.1250072352533,6.822043384553399e-06,2.690443476544104e-06,0.260347663723723,1146.7582433493021,0.018379633656980816,1343.9835664980492
132,0.6029566365209557,81.65832356083064,0.2468611245040515,81.18875214146246,0.22271029486411925,1542.9741745646372,1525.9155110405932,17.058663524043126,0.15813734796908713,0.10096442758410436,1.0060627045905937,-4.799559212834073e-07,-4.949870224466172e-07,1.5031101163209908e-08,-6.238066588542434e-05,-6.243980250589017e-05,5.9136619404987095e-08,10.315717726564351,27.161528632495703,5.960929225621238e-06,2.9908330373149935e-06,0.27850486960915416,1129.7289513088833,0.02042118756158361,238.77015735617533
133,0.6255578141341059,97.36723704769163,0.27493686073198226,96.8104835166694,0.2818166702902631,2041.830248905428,2020.6192459540248,21.211002951402023,0.18903735513161704,0.11949993170139943,1.1323588510372296,-5.173861679196534e-07,-5.338623430914489e-07,1.6476175171795323e-08,-6.351570625914626e-05,-6.357421563687573e-05,5.85093762900778e-08,25.48755232697048,409.5703841587171,6.593966902208377e-06,3.2452052353395796e-06,0.3024689327665363,1359.2658846734423,0.020605890925738803,1424.4629868207776
134,0.7012408284445457,106.49152081966686,0.35520446015869256,105.93766664601871,0.19864971348945118,1772.6223810891663,1752.481772148801,20.140608940365695,0.2527365443072243,0.12300605782771601,1.2054544538367407,-9.886797973474367e-07,-1.0062304776580774e-06,1.7550680310640218e-08,-0.00012562566156822317,-0.00012569921713863994,7.355556927931769e-08,8.25889945690703,443.28635013623625,7.786142782077195e-06,3.2729480265523946e-06,0.3184083093867106,1479.1877176990138,0.02025721162239133,962.4368179125377
135,0.6615663469479685,84.60076766987027,0.2572985767570843,84.10709235315376,0.23637673995941147,1282.6082831024412,1266.3211374098607,16.287145692580896,0.12423137732245475,0.10545094703935266,1.077566172410608,4.780649823320115e-07,4.6458853953305096e-07,1.3476442798960426e-08,5.5088855477799465e-05,5.503675700079422e-05,5.2098475588265424e-08,150.6953503111013,74.32419816388726,6.1480319495195785e-06,2.8511844315879678e-06,0.28986500767069967,1161.7043938245226,0.01812211483172218,1746.7429162157714
136,0.6147200148322349,79.83822409133336,0.2598682653683735,79.34436133798035,0.23399448798463124,1553.314954639491,1537.6443597849773,15.670594854515368,0.09374525545212348,0.10779374735670791,1.085775854808077,-3.1641891181889805e-07,-3.3488499171589323e-07,1.8466079896995143e-08,-4.6223855752025395e-05,-4.628052430703078e-05,5.666855281097118e-08,5.468336586350447,545.7682973876695,6.307214314143211e-06,2.8118938597196654e-06,0.2882901818502588,1099.9642813566243,0.01800753596947732,-1830.6736191808232
137,0.6144054375477237,82.99462620393751,0.20634089840047373,82.57072981958794,0.2175554859491123,1364.0304586003338,1349.263874522064,14.766584078269364,0.09833341946853644,0.1031327880259839,1.03876921683944,-4.656850438571507e-08,-6.037806360296807e-08,1.3809559217253003e-08,-1.2367204158730383e-05,-1.2421745916633366e-05,5.454175678367614e-08,7.603185276363029,436.8561506673391,5.862544503081185e-06,2.501865227442773e-06,0.27922707077698233,1163.8407983156112,0.019210360239810417,1201.4271181194017
138,0.625128041750768,90.58719453807431,0.278457295153034,89.97313720027533,0.3356000426459463,1737.6555266985338,1717.6126502601157,20.042876438418112,0.17689862268335804,0.10746611724002769,1.0681968860117959,6.864237068080892e-07,6.718535839525383e-07,1.4570122855550581e-08,7.546243497178452e-05,7.541038304616453e-05,5.205192416761282e-08,8.304814439646357,-214.4998043105291,7.388214034940806e-06,2.7632740821722552e-06,0.2870345110114602,1261.8195946234778,0.020342135906359894,-927.208616261425
139,0.7234635649248579,114.23449235097655,0.31998840096938413,113.50523785787388,0.409266092133274,2158.972708900552,2139.4527691336793,19.519939766875495,0.12347901935783664,0.1297077306653932,1.1925392150517053,1.186380940237462e-06,1.169073258259644e-06,1.7307681977818407e-08,0.000137095845543773,0.00013702207447506087,7.377106765611045e-08,17.057796378913068,705.2843044253277,7.961571662512026e-06,3.683420750101181e-06,0.33075520164914834,1597.237723151322,0.020359859923863445,-2989.511864525095
140,0.6369279816049888,82.29844973166092,0.23581485345462486,81.84877710510011,0.21385777310618015,1327.806092364017,1311.6965641971349,16.109528166884566,0.0980995021715304,0.10412752832989335,1.001245866726972,-8.056663794699138e-07,-8.196211174730828e-07,1.3954738003169292e-08,-9.941523806510674e-05,-9.947032584784906e-05,5.508778157888959e-08,10.129557136398963,474.39143064553605,7.15791455438788e-06,3.133173325841949e-06,0.2828769211185235,1153.9849763902525,0.01749452960513823,862.2892241178706
141,0.6423687660381739,96.09377615149013,0.27881510948349836,95.55464828384034,0.2603127581663066,1654.500751717584,1633.139474863049,21.36127685453548,0.12494642961853147,0.10949921040452502,1.057983286972115,8.644270987418753e-07,8.490299959478173e-07,1.5397102794057927e-08,9.636396081739803e-05,9.630825403559977e-05,5.57067803899481e-08,18.95206600204009,-52.71933885158744,7.256849194437272e-06,2.8026656222244268e-06,0.2903038340456198,1299.706093416413,0.02001944908719903,-810.3146556878091
142,0.7254162846969091,129.07212666794223,0.626473877434704,127.90613937226972,0.5395134182377949,1678.310805969657,1657.9699013295108,20.340904640148224,0.11605096876145202,0.1506993479773716,1.3404974147983768,3.3536896731935655e-06,3.3359351748718116e-06,1.7754498321752745e-08,0.00039685093354017997,0.00039678038418261254,7.054935624445531e-08,10.021962225077376,739.4142499017147,8.810622999696841e-06,3.0744140408544824e-06,0.3631763542826227,1859.2530788951274,0.021109861392751054,-3323.3639038614783
143,0.6761531436317297,98.54883583300438,0.2895286641110389,98.13312703035261,0.1261801385407269,1505.328779594373,1488.4084506538547,16.920328940519962,0.19303809925131565,0.11802639447387712,1.16149996601911,6.25546998710718e-07,6.075151962631817e-07,1.8031802447536514e-08,6.506932885207296e-05,6.500962228363173e-05,5.970656724332793e-08,16.123300829124062,646.634010484126,6.8088861831317514e-06,3.21579441675345e-06,0.3056529827847001,1362.0543883036335,0.019508055646528296,-585.891499417321
144,0.6134230060880672,69.47639963163847,0.21072566286896527,69.03877364703126,0.22690032173825597,1871.9441726087027,1851.1905721284872,20.75360048021523,0.09116399564300624,0.08627550541835366,0.8897273055944516,3.759325755714519e-07,3.608069535621662e-07,1.5125622009285626e-08,3.513261716831161e-05,3.508031763329941e-05,5.2299533785926394e-08,5.111507046544563,461.3646701741798,4.561850718831087e-06,2.5072149757397703e-06,0.24999448988524625,953.5745215402948,0.01930041114393472,-540.721877830234
145,0.72017663092699,113.71218250479284,0.3509829223757635,113.02958005853715,0.331619523879921,1527.9161521453316,1508.617244606259,19.298907539074015,0.12788040783007143,0.13201574989029458,1.2405272932403717,-1.0542711320773518e-06,-1.072102805501974e-06,1.7831673424621893e-08,-0.00012700152780896855,-0.00012706435234320675,6.282453312968315e-08,19.31446391502532,425.2209300755621,8.446993681829132e-06,2.607091283174379e-06,0.3273176952651243,1656.016614591644,0.019160122613392,-184.19680248098302
146,0.5818917232753495,81.36845895189309,0.2354642103013318,80.82401742481102,0.3089773167807332,1332.5066381858546,1315.6602080708383,16.846430115016005,0.08864137453986531,0.09841277647916559,0.9814982230943328,9.838040022845568e-07,9.680192881476865e-07,1.5784714136870373e-08,0.00011021770785563052,0.00011016889790909154,4.880994549229348e-08,5.285081949659957,544.9386777540083,6.310262059471166e-06,3.2359515272723525e-06,0.2732078406094874,1136.3094149251788,0.017716177688698324,1481.0134548483402
147,0.7436402364474147,124.74111148232222,0.3080496096700016,124.12596846572694,0.30709340692529624,1554.7346225120975,1530.7533178174729,23.98130469462581,0.16499238291394067,0.14269360399371184,1.2939866086801435,4.694621068084247e-07,4.538725791348855e-07,1.5589527673539203e-08,4.98443032752947e-05,4.97702965996021e-05,7.400667370872349e-08,14.843197106797074,581.3730772229022,8.90290474862463e-06,3.1091424872716486e-06,0.3546199471050098,1739.1218604381697,0.019315795974085725,-1493.7466319190862
148,0.6499042144396526,101.67470563077117,0.3582898784699476,101.08694094408649,0.22947480821472138,1549.4040607097859,1531.7700109300772,17.634049779709517,0.16789278234364657,0.12637799831085686,1.1810247002952556,-1.2319217382912236e-06,-1.2515972701399566e-06,1.9675531848733177e-08,-0.00015386431015590587,-0.00015392226938203886,5.795922492168402e-08,33.30840408193855,1060.926267097533,7.763672701861681e-06,3.2029149414120317e-06,0.3123051733293931,1438.8304135234587,0.0186401977359143,-388.3985176925198
149,0.6224822484365445,82.10642992283938,0.24099188173024177,81.59507331173403,0.27036472937509953,1522.1016121896666,1502.4521190640771,19.649493125590034,0.1060765076040131,0.10300250111642147,1.0493463602544344,2.6703796388732693e-06,2.655306866275043e-06,1.5072772598225094e-08,0.0003148261952813201,0.0003147662677614899,5.99275188340035e-08,12.016189020380311,-244.37779667274657,6.92233576676047e-06,3.4820703847542903e-06,0.2804969417277863,1128.7738301037955,0.017647621634314947,846.4815941327215
150,0.5488834397324609,68.58541090109001,0.216780709202162,68.14404596853235,0.2245842233555117,1596.744014884852,1581.5628132743216,15.181201610530083,0.074801927907993,0.08523321887784513,0.8467920217410511,-5.40889266322768e-07,-5.54601396838784e-07,1.371213051601581e-08,-6.867677207641471e-05,-6.872352251904654e-05,4.675044128750069e-08,7.711452068162224,173.0010361801278,5.449706319291604e-06,2.221193563331842e-06,0.25476069460083317,959.5872814706564,0.0178364068368465,763.175276686492
151,0.6943185554214707,102.29049663316444,0.32640172963494163,101.72320942141853,0.24088548211098673,1567.4766545812633,1551.1906610434232,16.28599353783868,0.08453447290358058,0.11471137919139458,1.0939106834879098,2.354467956225549e-06,2.339703861958998e-06,1.4764094266551079e-08,0.0002627588981395563,0.0002626971981556929,6.169998224169254e-08,16.21048355965256,443.2327839792533,7.040414380375222e-06,3.088620172239298e-06,0.29291688865111987,1422.3282800102904,0.018220134376671443,-9030.905833992208
152,0.6085340192222631,80.20808338380671,0.2700981783987575,79.67135211311032,0.2666330922976342,1569.548421967552,1545.6391072780848,23.909314689469717,0.06741454324236956,0.09939438124794406,0.9878554569394935,-1.2089311639365608e-06,-1.2235018720309947e-06,1.4570708094433906e-08,-0.00014575132820522708,-0.00014580109514700178,4.976694047844358e-08,6.969939304267571,160.38790757786728,6.121175249116075e-06,3.0044491943336902e-06,0.2710162612711413,1119.272146197031,0.01778502096124562,1358.629580171597
153,0.6691963456524642,109.41885543712577,0.38100772118751935,108.65052327992979,0.3873244360084762,1905.9409916103327,1868.5819549481298,37.35903666220372,0.32730504730097926,0.12313695868339627,1.1602420903407706,-2.415926151260033e-06,-2.431387298599786e-06,1.5461147339753408e-08,-0.0002931257640484733,-0.00029318662422026084,6.086016954527786e-08,6.032640152482682,-79.15772853755023,9.056509926995958e-06,2.9466943212040406e-06,0.31195836368880275,1478.490682521808,0.020949976937832092,564.0194221659112
154,0.6503284307077709,112.52480008443439,0.4385723031187436,111.82986549474197,0.2563622865736882,1598.3765767213458,1578.8841665975701,19.49241012377634,0.11945106726217977,0.12016233062743042,1.065727582325214,-2.7517212730524193e-08,-4.4156946185487324e-08,1.6639733454963144e-08,-7.650623531383974e-06,-7.709011081632596e-06,5.8387548923995136e-08,28.619001149136782,398.58680191427334,8.253222833869867e-06,2.794724157499476e-06,0.29485899278099315,1562.544641446064,0.018392660217625607,567.9985464975362
155,0.7156600425908529,102.19777658153035,0.28354838204300015,101.77627132206706,0.13795687742029317,1551.6343486802675,1531.7303762193205,19.90397246094774,0.13658662616538722,0.12851362784882442,1.2561192837526998,-1.6546757008009257e-06,-1.6703959946838368e-06,1.572029388291091e-08,-0.00020509108918029137,-0.00020514707037085113,5.598118906610924e-08,8.04274086575227,684.180241142808,8.494162806080966e-06,2.8185011815439143e-06,0.327936320019239,1431.9426161042652,0.018733264531993726,108.90229149645529
156,0.5877907551928165,77.53869821759346,0.20904485770011902,76.96838326069565,0.3612700991977062,1693.4212983067985,1677.3584155727965,16.062882734003125,0.12688701881250858,0.09642468643279536,0.9447555581019524,6.044717652495557e-07,5.894384866232451e-07,1.5033278626310503e-08,6.520480378159916e-05,6.51525677241853e-05,5.223605626524463e-08,6.039480412155328,332.8742530689155,6.31074271158771e-06,2.9773347248869024e-06,0.2564969151218432,1103.8641614605453,0.01809830535034823,1438.3543576983466
157,0.5649516021000587,77.52880053738636,0.23925813321688336,77.00564418265274,0.2838982215167562,1723.0243209356795,1705.9938450492948,17.03047588638262,0.12481931846715184,0.0967494209767623,0.951569646943126,-4.719943771224842e-07,-4.860562370572671e-07,1.4061859934783023e-08,-6.216824190751726e-05,-6.221964130159319e-05,5.139939291542167e-08,12.104945430149664,167.6694520495345,7.177718599518346e-06,4.003394387310848e-06,0.27894172572043063,1085.3217727142749,0.017518788060291154,558.0541009452645
158,0.6400011224258687,106.86845339899662,0.3181172165511024,106.2402180788578,0.3101181035877412,1643.3132066558526,1625.4025966068339,17.910610049018064,0.17607622144382765,0.11578185637507397,1.0831337284117581,-1.949135949930697e-06,-1.9642300261244063e-06,1.50940761937098e-08,-0.00023297579025828723,-0.00023303771228612522,6.192202626886512e-08,10.531166259217853,741.2879121657586,8.092666697485547e-06,3.2388493754589113e-06,0.30048207383300773,1557.0470793025543,0.017459596143048234,1756.5969804861525
159,0.7268352191788239,130.21309496336013,0.4137485000876513,129.32631372810027,0.47303273517217775,1589.1104756410232,1562.1373050726581,26.973170568368285,0.29592354829261497,0.13803995367259897,1.2373540841352755,-1.9163537027620827e-06,-1.9363294932637836e-06,1.9975790501701005e-08,-0.00022979503121918826,-0.00022987306457093444,7.803335016090735e-08,21.689610421469137,525.480154654864,9.710708232824407e-06,4.397925900360845e-06,0.3369615348281637,1771.1907454207726,0.021355557313110948,1204.0511828643866
160,0.6490400892325497,81.29757746652103,0.21726705250043682,80.84115959151126,0.23915082250934147,1330.0514335672528,1313.0731495880061,16.978283979248854,0.2017954305170875,0.1029983004116619,1.0085088005544258,1.6854447500805117e-06,1.6683660880208379e-06,1.707866205967384e-08,0.00019497914131206786,0.00019492430019736742,5.4841113383286525e-08,41.16383471595257,467.98218367299296,5.646448639285304e-06,2.8720117522076083e-06,0.2794848116581736,1136.7309910152912,0.01909262521883475,419.57417233926026
161,0.6633003394614275,105.91236423284445,0.3401470118276148,105.4361964646461,0.13602075637074404,1696.5712527755422,1669.905981675141,26.665271100401,0.16475890799817822,0.12415790191497524,1.1690450093440123,3.4090309215240374e-06,3.396903935297265e-06,1.2126986226772178e-08,0.000396027118933373,0.0003959647868589926,6.233207318096848e-08,37.946445120419504,1051.705420479815,7.177601957969744e-06,3.0720194877446394e-06,0.30697595635607117,1535.2378375413014,0.01901294991416628,2868.1133229865372
162,0.6091923763128287,79.68007483544748,0.2662063789731276,79.17956189718547,0.23430655928890215,1499.0721941292977,1470.0957316824506,28.9764624468494,0.11456653246971805,0.09575044468844975,0.9775267842394257,-9.634495658983505e-07,-9.782814700763851e-07,1.4831904178034567e-08,-0.00011744740613362918,-0.00011750380292740045,5.6396792389549604e-08,8.444704293878393,363.2944902067417,5.731755700405024e-06,3.2463872057152224e-06,0.2670800872148293,1098.9250909400573,0.019263229268024703,848.7870151528259
163,0.6206153879723867,71.77570511579594,0.2159495526105912,71.28362630313697,0.2761292600483822,1509.761750913839,1495.305143607952,14.456607305887715,0.15532978059770222,0.0951587033503405,1.020004982437283,2.0712875327157748e-07,1.937915719865093e-07,1.333718128506805e-08,2.0259442354682473e-05,2.020428408914938e-05,5.515826414803209e-08,9.514094411337208,-180.44282219605498,6.233936688622228e-06,6.919909887260275e-06,0.26675593407326625,1007.6138210114098,0.020091738095941693,666.676996076374
164,0.5994298989297114,83.62434254316275,0.23218154414657335,83.1956936633195,0.19646733569668864,1416.6446580209702,1399.1352979169103,17.509360104059212,0.11831183040308792,0.10441842778633618,1.0391612666207046,1.980550084435042e-07,1.8194836843596168e-07,1.6106640007542502e-08,1.6786870836410373e-05,1.6735230785156093e-05,5.164005022049204e-08,6.318504994331211,424.8272278720333,6.248148255020969e-06,3.206076838956154e-06,0.281364675346492,1163.1302946486999,0.018004627450660237,-672.2723437649947
165,0.6754816409133454,103.88142081647459,0.3377446222009664,103.25273462742176,0.2909415668518833,1748.112554984537,1728.2076017205338,19.904953263999513,0.11477315579585354,0.11374629026862748,1.0856969771400997,1.0587739485384047e-06,1.0431690385216928e-06,1.5604910016711974e-08,0.00012160661637435516,0.00012154653939152342,6.007698138292835e-08,7.159716624146571,461.728760828525,7.3414777384069945e-06,2.7977829614865523e-06,0.30034902417572373,1472.4035508809432,0.020499181800227143,2248.9421096684273
166,0.6506389816315454,99.08809273203421,0.25287892237715004,98.51483277094,0.3203810387170516,1718.0743195080022,1692.8165409048615,25.257778603141933,0.08734696930215181,0.11691713464867232,1.0763463204035035,1.4011217239843983e-06,1.3879014827182288e-06,1.3220241266169735e-08,0.000160254444779247,0.00016019941554572741,5.502923176421618e-08,7.77973214461249,425.95319650210445,6.960062388689226e-06,3.0339594944235473e-06,0.2943371748758372,1385.6118164853435,0.018986431319205188,-206.41827030785862
167,0.5830206925510624,72.40535819994989,0.21780788396888906,72.03163557415073,0.15591474183027124,1500.6084941105132,1482.2086821989217,18.39981191159081,0.18148654497656716,0.0958925450986673,0.961626926998361,-5.47843673151156e-08,-7.153962186478768e-08,1.6755254549672044e-08,-1.3064269587545132e-05,-1.3117430559394681e-05,5.3160970153535626e-08,9.434881842659466,191.96612166709178,5.586536742645912e-06,2.770536505232294e-06,0.26543359295993396,1024.922659688563,0.01907023428151116,122.90722957635444
168,0.6374380380775595,94.81517274761137,0.3631596886908108,94.25836547634681,0.19364758257374495,1788.0945628933562,1769.1013999736974,18.9931629196574,0.330115499057325,0.112939021237351,1.083032157205786,6.527727933412333e-07,6.328014409275172e-07,1.997135241371559e-08,6.965141542456034e-05,6.959505589200974e-05,5.635953107523285e-08,5.584681494590274,473.0916165738788,5.71325887664301e-06,3.1616519766891316e-06,0.2957179851367833,1308.175359924885,0.019084048392493738,-645.8175410004078
169,0.6939034170861345,117.48866273491811,0.35296080816564096,116.861508334721,0.27419359203145055,1532.1074089960255,1508.519363742497,23.588045253529867,0.1583781424046509,0.127776268482246,1.207094055824613,2.0920300198747646e-07,1.855728440564792e-07,2.3630157930997243e-08,1.5784311575939213e-05,1.572629004769241e-05,5.802152693967115e-08,62.969458188940514,605.1436542992843,7.8841798427058e-06,3.0126120926017724e-06,0.31562911777381913,1615.2665865238014,0.019716330077554408,854.1435980469905
170,0.5964270278411564,69.85570258021242,0.1793847693811773,69.44485584104,0.23146196979125244,1343.6109644644803,1329.722281090591,13.88868337388982,0.16885459747511353,0.10509482290627097,1.0745414282167889,9.549846682517615e-07,9.415798888668398e-07,1.3404779384921635e-08,0.00010998491470581228,0.00010993497601185754,4.993869278193766e-08,5.454996822059016,160.26299451179574,4.554762648689435e-06,2.4120719427010767e-06,0.28201348720774216,984.4291974429143,0.01882487216293973,-330.4236096470813
171,0.5664917362357095,75.146281155944,0.2400475782724829,74.63198096421684,0.274252613454679,1363.3747195250958,1345.5234924039737,17.85122712112389,0.07950799098214724,0.08344054220645322,0.8497729229170247,1.4652307302362104e-07,1.321787527377962e-07,1.4344320285824826e-08,1.4337805466872694e-05,1.4286701277360882e-05,5.110418841815657e-08,6.506460242234935,372.9949982235565,5.5226931797342586e-06,2.9002678779774687e-06,0.22940111664158974,1106.4804351175958,0.017945032969229845,403.1037831147987
172,0.6891066298683951,106.80827203624222,0.3677843524196828,106.06772826295277,0.37275942086974245,1555.9524546204188,1531.0682661833819,24.884188437036414,0.15377916555973573,0.12800250424860019,1.261614531773242,7.399059001130798e-07,7.245901507797736e-07,1.5315749333306015e-08,8.489462273672818e-05,8.483082333121602e-05,6.37994044698697e-08,25.042196873024587,408.50152497210536,9.21497934996855e-06,2.8372215381426e-06,0.33240737661956044,1473.0748280849998,0.019384391427568426,-2697.7412266382853
173,0.589609414736841,71.73932745786114,0.1745970431226654,71.41703995243634,0.14769046230212335,1871.6977757942252,1850.8518724333912,20.845903360834903,0.08304344486517713,0.09359275090083698,0.9626681922291038,2.7489935870177152e-08,1.1032637023066782e-08,1.6457298847110264e-08,-1.7230425499818481e-06,-1.77649652413588e-06,5.345397297385471e-08,15.997390589740645,490.50130030159045,6.48805402714812e-06,2.780021312950968e-06,0.266236254872656,981.0266425003318,0.01913911320814604,-1298.7412228660469
174,0.6398273798327037,99.27508499989054,0.3177392022237308,98.84379106758273,0.11355473008406776,1451.070916211755,1430.2467342242842,20.82418198747211,0.18443979554637027,0.10527776886201069,1.0137744580949184,-4.1663277115772467e-07,-4.3304720722207124e-07,1.6414436064346625e-08,-5.1335337127477656e-05,-5.1392007703709454e-05,5.6670574527266987e-08,38.70769505700773,535.8619162186676,7.766951478527914e-06,2.791059828349191e-06,0.27449383824869306,1401.640173414497,0.01861897190258327,1005.3387010796105
175,0.580566415609562,75.04655587828739,0.1835337772636178,74.55292086667532,0.31010123434847775,1149.6052935762193,1128.9949120674394,20.610381508780367,0.1010200319051958,0.09072701599301085,0.9120912468975633,1.4133195145784303e-06,1.3996122379608407e-06,1.3707276617589672e-08,0.0001633627733750992,0.00016331615138081367,4.6621992970287064e-08,8.5635406705459,313.5812613485115,4.999264150944958e-06,3.36625281112005e-06,0.24616105114291112,1055.0999769482721,0.01822797759530222,-628.933503104603
176,0.652543024847964,112.96016618751291,0.3425306145185864,112.33931048698598,0.27832508600834677,1503.9679910938166,1479.7194559695763,24.2485351242429,0.13844661826866578,0.1201127812480786,1.133974084345747,1.1536190483321148e-06,1.1376662173521487e-06,1.59528309799656e-08,0.00012754862953217512,0.0001274882960026741,6.033352798707287e-08,6.986969697166831,644.9383618648054,7.661553451307348e-06,2.76094329831823e-06,0.3023741889454494,1561.876677592142,0.01877010433581695,4458.687894645405
177,0.5877559252662377,67.7273490330689,0.195672544109197,67.37219412234352,0.15948236661618503,1260.1321265699341,1245.2386735762457,14.893452993688282,0.10116317267830223,0.08084544464207419,0.8040077937069324,-1.0262486961410016e-06,-1.0393563635779972e-06,1.310766743699563e-08,-0.0001265237681963652,-0.0001265721944388358,4.8426240982100904e-08,9.126355492815133,744.11942051669,4.787096086459837e-06,2.5975164050228252e-06,0.23403795457283527,967.0397600865176,0.017103526750839867,-155.43623309903705
178,0.6580534670756466,108.35787592404606,0.2851609886599919,107.77942296458433,0.2932919708017321,1572.7241223336127,1550.5102879073843,22.213834426225837,0.14693436367361679,0.12134742421182446,1.1253966380486633,-1.0685508577729946e-06,-1.0873184803085157e-06,1.8767622535520972e-08,-0.00013049564830128497,-0.0001305585496622267,6.290135978739743e-08,10.214938500058242,636.8423650456641,6.662824201092189e-06,3.4678986595011345e-06,0.3101799930383625,1487.8788814113623,0.0176690309030133,1445.7233966478889
179,0.5810196951098311,89.8220891912544,0.2503118351019095,89.32100165582293,0.25077570032957636,1491.6107841670157,1474.9918993049,16.61888486211616,0.12625321601960318,0.10174847736920019,0.944747376568488,-3.249203160383136e-07,-3.3657392848193486e-07,1.1653612443621295e-08,-4.365781466411802e-05,-4.371147936062149e-05,5.3664695511664674e-08,6.176520158356193,355.21763977955743,6.151907841946085e-06,2.491953304852068e-06,0.25683361522171766,1236.6036268316857,0.01785997620747537,129.66625762254625
180,0.5870433252044052,86.41223195851302,0.30301398689460257,85.84608238701247,0.2631355846059507,1718.155977736754,1698.1169410254267,20.03903671132545,0.10625666286083835,0.09991658169463591,0.9774753533537305,3.4323338138017837e-07,3.264309262083121e-07,1.6802455171866486e-08,3.1068640076495714e-05,3.101115495440889e-05,5.7485120753383635e-08,5.803831380659843,311.84083927366567,6.952419166165791e-06,3.1846596132379126e-06,0.2669078760965744,1165.384914748653,0.01910342566396461,-239.4060220963147
181,0.763902535468407,124.53150846022352,0.4049104926877246,123.83651199304371,0.29008597449209544,1644.4467088877848,1623.235536915935,21.21117197184969,0.2586229073656638,0.1373960212848477,1.3595091423231125,1.01112741011071e-06,9.911091839072626e-07,2.001822620344723e-08,0.00011278771967261422,0.00011272595131712207,6.176835398124828e-08,21.66249092631856,631.145021940947,8.213672480073311e-06,3.318370686894303e-06,0.34213145110540966,1718.769264307127,0.02053960765388415,1889.8694844990641
182,0.632549976583399,89.66705487901085,0.2816121966868474,89.16286311580342,0.22257956652057412,1462.8733934251663,1441.6059589347994,21.267434490366643,0.15454498665721814,0.11481778124828465,1.099783071691073,1.1447270546471606e-06,1.1319553546223439e-06,1.2771700024817444e-08,0.00012984063358506835,0.00012978661305914997,5.402052475388551e-08,22.512472226989523,835.1248757742032,6.134552898015395e-06,3.073859428178177e-06,0.29222844402973924,1240.7191226306704,0.01879445328069901,-918.834156620851
183,0.6298200566450567,111.01742343650206,0.2947060418942421,110.46012657150078,0.2625908231070454,1588.2752180032026,1569.302592977694,18.972625025510883,0.5139385105147335,0.12271270435113847,1.068757552553317,-8.101015423373544e-07,-8.265045643897054e-07,1.6403022052351283e-08,-0.00010547653142500387,-0.00010554084591140743,6.431448478696547e-08,31.90169382378657,886.2152783327939,9.883795864497001e-06,2.5048563056671165e-06,0.30076081809975375,1515.7547521803767,0.017847809646649327,-329.46150643292276
184,0.6185456131228391,82.3310957126897,0.1980213614593622,81.82125610876942,0.31181824246091605,1326.5466963168913,1310.215471113086,16.331225203804063,0.1209145182800725,0.10247954282006258,1.0674499196335627,-1.4152990985111504e-06,-1.4323528132185403e-06,1.705371470739047e-08,-0.000176975304710316,-0.00017702979599220034,5.449128053171753e-08,17.157742359526345,286.32712005842785,6.595933828198335e-06,2.551474839100708e-06,0.27544830109698804,1131.906527418333,0.019785524311572614,-2610.6957401713626
185,0.6380473891294306,90.51751025347666,0.32534379197384855,90.06167592405446,0.13049053744834915,1620.066753766065,1598.8758642350447,21.190889531021558,0.11611249311950918,0.10516645923110458,1.0224507837078343,-1.338657104261607e-06,-1.356199065541375e-06,1.754196127976798e-08,-0.00016410155756898823,-0.00016415505245235187,5.3494882249568675e-08,12.997218664719114,689.7659636230887,7.730776828811036e-06,3.296556995327694e-06,0.2735517339637143,1298.677508519922,0.019597358862628766,-1950.7999858926087
186,0.6006325406083125,79.97036740044099,0.203246936474812,79.41016407156181,0.3569563924043694,1434.003941297188,1415.5919686199861,18.411972677202343,0.12871857617169913,0.09206033799969147,0.9325430079030079,-2.8017736353899064e-06,-2.8223613053627474e-06,2.0587669972840513e-08,-0.0003348168510245089,-0.00033487807834749265,6.122732160827548e-08,11.163958318596652,432.36252749402917,5.92020516204431e-06,3.434457805580547e-06,0.2542419489702551,1087.308607956688,0.019048843424782,-1040.3619638669516
187,0.6570112735694466,86.54760307519109,0.2575971967937471,85.97103386056818,0.31897201782914697,1432.668872983165,1406.0295418150608,26.639331168105997,0.1328173703973547,0.10475616138204676,1.0344511446727462,-2.5833883226188805e-07,-2.7305814583979694e-07,1.4719313577909002e-08,-3.388622915459928e-05,-3.3941995685697377e-05,5.576653008702637e-08,10.238675805462012,358.0634135713718,6.777218197299269e-06,3.095106983818857e-06,0.2843753291816857,1204.178771836724,0.01982740129006698,25.770848754971666
188,0.6367616271402037,73.77894866811454,0.20631318357420453,73.26499869259374,0.3076367919465995,1616.917653093733,1600.6702511147266,16.24740197900853,0.14214694308208428,0.09967671478315754,1.0405097866849322,1.7002504892964342e-08,2.803181168307271e-09,1.4199323724657034e-08,-1.5330829059655529e-06,-1.584807124461629e-06,5.172421697934424e-08,5.7866013146435105,366.0496911708527,6.054460302159478e-06,2.6226420387585213e-06,0.27189378395792885,1029.3753365117861,0.020245805614276025,399.0588193567455
189,0.6078551922278129,90.65427087817571,0.29370773425588687,90.09285490706735,0.2677082368524631,1707.8838491987324,1687.7734714432552,20.110377755481466,0.14889388844569185,0.10108256541216157,0.9894598139996343,-3.050977995996645e-06,-3.0658762057412704e-06,1.4898209744624405e-08,-0.00036642418548688677,-0.00036648098574695317,5.6800258904924217e-08,7.239408035757411,353.11920913948074,6.416726272044079e-06,2.9220982104593777e-06,0.26885877691798793,1262.9359644603442,0.018934439911274782,-144.1570668024906
190,0.6038500747292002,95.12573986451147,0.24656337061821015,94.58748467905156,0.291691814841701,1558.7191133921397,1539.8663808039594,18.852732588179595,0.14365018680785463,0.10511723370922198,0.9826529642144773,9.064221183973024e-07,8.916685073601354e-07,1.475361103716721e-08,0.0001055054337150517,0.00010545228877372971,5.3144939934230814e-08,71.46032052640722,458.4469078080674,6.44604050674269e-06,3.579156380074622e-06,0.27606147569673456,1287.3219732743066,0.01983294758726025,833.8097568336416
191,0.5455307070280374,73.58676150317267,0.20815645501856195,73.2687492158401,0.10985583231400384,1497.2925636678294,1480.4793645109803,16.813199156851198,0.14786041524186916,0.08904750721224435,0.877494840437928,-1.5209930033321359e-06,-1.5388594204706045e-06,1.7866417138468344e-08,-0.00018310388752820804,-0.00018315400231341033,5.01147840635635e-08,5.3409402966194,433.2552700632018,6.134390160481165e-06,2.359094729163454e-06,0.24701374691367228,1046.6318215768806,0.016621615010052323,267.18521008386597
192,0.5892714090632556,75.70503503956049,0.20847594450533408,75.28310848785003,0.21345060720510617,1453.1498974303522,1436.8859190645169,16.263978365836838,0.08054110342355092,0.10386079923190905,1.0301151061745364,1.1178339278973269e-06,1.1048682975161212e-06,1.2965630381205432e-08,0.0001288983250646588,0.0001288489458017206,4.937926184553595e-08,9.51650487963469,389.12316015628585,6.006239480918614e-06,2.6561663492482144e-06,0.2890316564760836,1027.6225932941798,0.02037972659772656,2231.931861937359
193,0.6080569954759072,92.23331544321722,0.27239086038808413,91.67416158287135,0.2867629999578107,1631.992094089996,1612.316960684749,19.67513340525016,0.20353671075525706,0.10245541704917356,1.0279765291170684,-1.461338361595593e-08,-2.87752409833042e-08,1.4161857367348263e-08,-5.46748073754122e-06,-5.521849031197163e-06,5.4368292551124404e-08,14.728071968699037,611.7919453419057,6.6818158253313e-06,2.9237743709041533e-06,0.27249309365411595,1291.054587822226,0.018181181155287454,-204.21793089223138
194,0.5860154749286575,76.09507090957736,0.22366921526481298,75.56035804133343,0.3110436529791172,1300.2079499757372,1279.445295329111,20.762654646627837,0.13973997808418606,0.09578609481759101,0.9812475848955571,-1.0478044730764614e-06,-1.0632705186312518e-06,1.5466045554790036e-08,-0.00012547890113040653,-0.00012552941533232258,5.051420036971292e-08,33.62107957966786,191.52875017263557,5.656013312947385e-06,2.665114447408297e-06,0.2720502971390859,1032.1028649782872,0.019477888136438415,-427.87614164564
195,0.6756547203169201,103.90128350660656,0.3422650025996258,103.2753643646143,0.28365413939265455,1776.8183636327508,1755.4421165153724,21.376247117375772,0.14588999613414852,0.12473077801443769,1.1751355003322854,3.0248755961341405e-07,2.8632198370130144e-07,1.616557591211255e-08,3.272013238744829e-05,3.2656705713448556e-05,6.342667303831463e-08,9.571314764646695,345.38023430032297,6.914765220508911e-06,2.55121055449313e-06,0.3275760045509818,1405.9925161556653,0.018565496165745515,-878.7323893444591
196,0.6463497153762068,89.82542276119226,0.24711949561656235,89.36799231487096,0.21031095070474534,1767.7513062983646,1744.7676782414112,22.983628056954352,0.09013808192344586,0.12154136089282928,1.2275798058403442,-1.5524652406310593e-06,-1.5695379705282625e-06,1.7072729897203757e-08,-0.00019202958607124633,-0.00019208598009352924,5.639402113585727e-08,38.23872385906198,420.05872289056344,6.3837706937419975e-06,3.3725006657764383e-06,0.32616201086558394,1227.4493994631093,0.018906730628833024,2758.07391471542
197,0.691435345825562,107.37012008141714,0.2944992630914577,106.74095012908899,0.3346706892367037,1503.3145549082597,1483.3049444850371,20.009610423224377,0.14090778719572636,0.1354778969685796,1.2652703990307472,9.43946237852549e-07,9.303693221166003e-07,1.3576915735948498e-08,0.00010729203941511344,0.00010723778649757536,5.425291585089198e-08,7.970590466152469,539.6225799986362,6.7193660579155134e-06,2.796218569340989e-06,0.3416050224966519,1513.7520580964524,0.0195600024006373,-1937.644414206643
198,0.641047032948325,91.75586319875028,0.3166087981601786,91.17452676850043,0.264727632089668,1406.5555985058177,1388.1040270866076,18.4515714192104,0.23053186322933425,0.10705069216748309,1.0866938965487316,1.5057850818938717e-07,1.3373239492967265e-07,1.6846113259714463e-08,1.0820756056407684e-05,1.0760925688445532e-05,5.983036668228308e-08,7.916646932568123,466.84028837694024,6.9324711980641924e-06,3.1006930295999643e-06,0.28359433417566754,1273.1309198402319,0.018516933638282308,-710.6954660154952
199,0.6789250210730904,107.52851875069234,0.3713010865280117,106.79434010737779,0.3628775567865284,1464.0768091606756,1443.7327541427546,20.344055017921036,0.1278548869201441,0.11557495108786853,1.1045253507451778,-3.403909984914916e-07,-3.585918951687322e-07,1.82008966772406e-08,-4.664195628085393e-05,-4.670303754300938e-05,6.108126059327653e-08,44.256363395958566,356.35926473370733,7.2750860970799784e-06,2.9496977332268075e-06,0.2933749273058712,1498.2282840469447,0.019803764310062907,542.4689660950062
200,0.6059795194381647,88.85583070488602,0.26391311592522343,88.32781262279012,0.2641049661706887,1415.5946968318688,1386.7701363659992,28.824560465868725,0.12767694642781346,0.10460183488240689,1.0076555647590875,-1.237033016322545e-07,-1.4059210822528148e-07,1.688880659302693e-08,-2.2244479659851608e-05,-2.229403600054816e-05,4.955633929750397e-08,32.48298858436342,132.22755344615095,6.697419572918814e-06,3.3740397181031285e-06,0.27541770790313314,1273.445309832578,0.017962707977887838,-1631.9576314096303
201,0.5810119344669364,76.40971058739007,0.1966727717031656,75.90334420043034,0.3096936152565523,1386.6183979334658,1365.1075554143663,21.510842519098528,0.10784842065474871,0.10021960476331243,0.9929270080701953,4.4105137169918196e-07,4.239761584276714e-07,1.7075213271510622e-08,4.7420578348566185e-05,4.736651172992644e-05,5.406661697890066e-08,8.150688571670777,748.3642029136132,7.026798363630595e-06,3.1314587427345703e-06,0.27317574294946323,1054.3639849551575,0.019839249579017997,944.4422625239094
202,0.6484339309806892,94.41353769233055,0.28551576629711206,93.77497982254715,0.35304210348627796,1106.7360436349366,1087.9666046237594,18.769439011178406,0.11503767868033041,0.12007483826685443,1.1824395712291942,8.360744555769021e-07,8.197855634327326e-07,1.62888921441698e-08,9.197036988582077e-05,9.191543552260719e-05,5.493436173982117e-08,13.487204342323691,129.40980095127523,6.501428115476784e-06,2.93114999117455e-06,0.3071909721871446,1358.3605193106894,0.01834308608079839,-1808.2921525493366
203,0.5991633258929586,84.91006436946073,0.21443209960391155,84.53408751420879,0.16154475564801457,1223.5808441269203,1201.3717780254565,22.209066101464394,0.11977987538435166,0.10171906224068802,1.0210794317942349,-2.2154901306536764e-08,-4.48917105050108e-08,2.2736809198474043e-08,-9.102617333309001e-06,-9.159530594778705e-06,5.6913260384019445e-08,44.69804690623665,170.38687369778657,8.370043904547628e-06,2.822279613043682e-06,0.269727601157864,1209.7970909306648,0.020292819318048473,-1171.6459682221794
204,0.7105357140461042,106.06139183331368,0.43061913610380276,105.35685746254651,0.2739152346633511,1649.0473345812966,1629.5893256831205,19.458008898175365,0.1578098819600079,0.13220921015699277,1.1756780317662787,5.721708344454589e-07,5.560939238981064e-07,1.607691054735226e-08,5.919310605203235e-05,5.913627964071449e-05,5.682641036458746e-08,16.41043344271832,512.2805003373929,6.9874215111199306e-06,3.1955493424487676e-06,0.3217823413004459,1528.0632702951787,0.02003214521201949,1443.5407741521667
205,0.5838727234858214,73.88287099657362,0.2383865154913901,73.45470590469708,0.1897785763851221,1405.7201661544873,1383.7334223275104,21.986743826977108,0.08076008226118679,0.08995256713444381,0.8682028327074953,6.02249021847408e-07,5.888377345047359e-07,1.3411287342671841e-08,6.434415909659823e-05,6.429114648098286e-05,5.3012614426892643e-08,3.6680876399528364,424.0074661022181,6.5861606773615316e-06,3.858997314936916e-06,0.24298790370200596,1029.2531143209158,0.017867563248253095,591.7991209320608
206,0.6033968171294449,80.46709481572702,0.2509033443962629,79.94498040466004,0.2712110666707184,1203.013674293234,1180.9844849043025,22.029189388930387,0.11026717355573097,0.10541662432660322,1.0174203133030977,-7.084863757777023e-07,-7.207246449764521e-07,1.2238269198749933e-08,-8.836120586423629e-05,-8.841228650195804e-05,5.1080636518820236e-08,15.516492791218143,538.6972383827002,5.941442129213987e-06,2.760725622229687e-06,0.28204482062629793,1116.941215436966,0.019002969297992885,318.98016257572453
207,0.577542201609491,83.76244425939504,0.20015702301044053,83.33147110454453,0.23081613184006033,1372.4766524889235,1352.9918788125606,19.48477367636091,0.1394827896473608,0.1011874280781183,1.0043821041838203,1.0118696053380089e-06,9.968430984510723e-07,1.5026506886936204e-08,0.00011437549909673862,0.00011432642715810276,4.907193704066084e-08,7.010480195773422,273.26774333728616,5.9697369803077725e-06,2.8165008773720984e-06,0.2747318770355916,1141.7102441530988,0.019011123219132973,-1476.0619302786872
208,0.7235832787807368,121.22204295396628,0.39582780217299096,120.44856866114952,0.3776464906437547,1848.0486593844519,1820.753265425063,27.29539395938822,0.26647903742053924,0.13020279093339912,1.254061710613825,-7.822209870268952e-07,-7.998289059532049e-07,1.7607918926309773e-08,-0.00010356482102701096,-0.00010362857075361954,6.37497253855209e-08,12.229851673192796,580.7321055811022,9.533529536024611e-06,3.2274522757368994e-06,0.3321442293357753,1683.5306750307993,0.018240330316104027,-637.4912515496762
209,0.7240189987921264,106.1682715691056,0.3370124168648098,105.5152462496282,0.3160129026125878,1793.0003552753774,1765.086152035492,27.914203239886692,0.11499381203562074,0.12151384473655939,1.2247723151154073,-2.1326906548483426e-08,-3.848232962348235e-08,1.7155423074998914e-08,-9.36169951788894e-06,-9.426531580679187e-06,6.483206154403766e-08,9.712373760012424,556.6991928265494,7.230937011432608e-06,3.3020568186381724e-06,0.3165437661298534,1497.5338523220298,0.018395708652469846,493.4644994737573
210,0.6369455580002826,80.39561291174533,0.2075801959642766,79.99947808862089,0.18855462716017848,1744.894452528634,1725.3549947341214,19.539457794511154,0.06468374573332167,0.10192484400655176,1.0207399449477856,1.302378944036333e-06,1.2800505764082454e-06,2.2328367628086777e-08,0.00014852255377931117,0.00014846850005681135,5.405372144825125e-08,12.759576006414722,418.42829873012784,6.1289069186368356e-06,2.298531239043696e-06,0.27708204686835464,1126.048093286678,0.01871387966110194,162.0428886169102
211,0.6217792932096101,72.0134636331548,0.20439774325521903,71.64920246356618,0.15986342633338999,1315.7390693016607,1292.089230775322,23.649838526340023,0.1261620007413062,0.09215787891872004,0.9879399584470097,1.2899014843374493e-06,1.274864554894825e-06,1.503692944262464e-08,0.00014502681776832943,0.00014497555854356344,5.1259223675226724e-08,7.68489994620721,516.4836291486594,6.202568038083123e-06,3.6427165836111715e-06,0.2588304788880733,1056.5869334942968,0.019954501971136462,1806.3899982279108
212,0.8721149665069272,180.03131999155744,0.7248531209156607,178.72384701725,0.582619853391799,2250.4968070229015,2226.2034882964945,24.293318726408373,0.6101599200060899,0.18650407911370126,1.6091827614888936,5.387947637884287e-07,5.201779462250964e-07,1.861681756333219e-08,5.6752720228206354e-05,5.6670283103220565e-05,8.24371232698367e-08,14.850446852267897,802.4733734572876,1.0490682251775788e-05,4.392903475846224e-06,0.431652520627225,2499.4045117672613,0.018980515483091796,-7475.938782833917
213,0.5584934499146426,76.53917094424907,0.21814944847011256,76.17714774778023,0.14387374799872732,1343.4787056954965,1324.9181541144771,18.560551581019887,0.0716622835300597,0.09123953663605691,0.9008071944572865,2.4445506160430203e-07,2.304968325075061e-07,1.3958229096795875e-08,2.3514358416218446e-05,2.3465021305278125e-05,4.9337109365546834e-08,66.39470255944461,161.6945371657827,5.9150034325517275e-06,2.9011532868192757e-06,0.2528115125968793,1074.6711080402347,0.018386851093817106,-412.52102793986705
214,0.6792956660933749,92.6380204151289,0.2648567810419164,92.11809864324083,0.2550649908461659,1542.0016991407347,1516.511436043931,25.490263096803705,0.10539272921710752,0.11328949539647176,1.1155957390921847,-3.3565821056468104e-06,-3.3728860203618805e-06,1.630391471506961e-08,-0.00040306142884592684,-0.0004031206386628455,5.9209815607358744e-08,5.302584382634784,1.1987959342345227,7.116709148402285e-06,4.75548365538512e-06,0.2897845821809512,1291.5987343410618,0.0204958710223249,439.904589677677
215,0.6119531544173844,92.21499315182709,0.31129859308646574,91.63222566526207,0.27146889347854214,1993.8693912928031,1975.5874937459623,18.28189754684033,0.11913710777784918,0.10927621256347882,1.0350856559693202,-4.413240497916605e-07,-4.5798264937343253e-07,1.665859958177202e-08,-5.5196670395293245e-05,-5.52582109373308e-05,6.1540540885765e-08,10.080704561655915,400.0563203672912,6.331519457886003e-06,2.9168521795865257e-06,0.28742186484371673,1312.9381854288704,0.019411101871288246,-95.8188163270861
216,0.6555057083996613,99.49072860431251,0.32563888563886767,98.90475239826533,0.260337320408318,1212.4700362844303,1193.59234582866,18.877690455767745,0.09890803632871406,0.11585724440492258,1.0828540212386795,-6.596525047019606e-07,-6.761112673635903e-07,1.6458762661629468e-08,-8.34252876348753e-05,-8.347775961654065e-05,5.2471980477654825e-08,18.61467340437182,61.23132999168662,7.170772052084063e-06,6.092238887938617e-06,0.3025335730917512,1379.146917336491,0.018381613971704385,688.6088059660287
217,0.6281350680615856,87.8625319530038,0.2620494574188495,87.33143741451283,0.269045081072122,1253.1141728514813,1234.2357010508583,18.878471800624062,0.08755690238957538,0.10247474343985401,1.0177676841732513,1.2807983762203837e-06,1.2661391923565834e-06,1.4659183863800078e-08,0.00014719203813399597,0.00014713776949251703,5.426864030538675e-08,12.043535624745232,403.39861513272564,6.755955616337663e-06,3.413379885674222e-06,0.27470264922600995,1252.2764698413366,0.01783489908930307,558.2250298519939
218,0.6041492563832637,82.64685010261526,0.24377491635897058,82.12055537600926,0.2825198102470238,1965.6211363079751,1949.4602139000037,16.160922407970258,0.17241986856325703,0.10386176450611519,0.9986018906200875,8.050539754316257e-07,7.937962994719865e-07,1.1257675959639303e-08,9.218297019225605e-05,9.213010223733186e-05,5.2867953058882014e-08,7.648135184700893,469.7016141975944,5.842681534622036e-06,3.865251412982563e-06,0.27774154796510825,1166.877886885833,0.018904106018948475,970.1910632267645
219,0.5954441630308073,87.76685548676606,0.2725609777268606,87.27234754908204,0.22194695995716446,1375.9242758454357,1357.4197652074276,18.50451063800643,0.12884007328781036,0.10929933703404666,1.0582836354082026,9.241236576052181e-07,9.131118655624462e-07,1.101179204277188e-08,0.00010574076680022981,0.00010568290588163253,5.7860917599989e-08,6.477257499722786,661.4180725991921,6.219451502083974e-06,3.4636802593386434e-06,0.29179039304729054,1189.2934849999542,0.018894263873372827,1878.1513668082953
220,0.7196197610368441,113.99654097468147,0.33012993321147366,113.2466742396561,0.41973680181389916,1510.0143771531075,1490.9242030883327,19.090174064774907,0.15671752636272984,0.13053893747446096,1.2721807961045541,-1.2939304584420658e-06,-1.309973705812061e-06,1.60432473699954e-08,-0.000151184539959815,-0.0001512490909454509,6.45509843299988e-08,10.78813466391087,257.14210588536145,8.116424767643656e-06,3.3450171402663055e-06,0.32079218055682956,1592.8894070776958,0.019820554955362196,-734.9430799589172
221,0.7145646974840651,107.61895111704385,0.35088707962199234,107.01624568281548,0.2518183546063804,1486.506941002496,1468.6761476724375,17.830793330057087,0.1510797661358857,0.13378701554606112,1.2737174996986413,2.5761846729937347e-07,2.432460390289399e-07,1.4372428270433607e-08,2.6841617868875874e-05,2.6785616445822876e-05,5.6001422012567675e-08,26.881219664319847,340.9339827732769,7.008747096613374e-06,2.6571584072045836e-06,0.335520422719176,1522.8551613583822,0.019939362542010664,760.2022467322313
222,0.6295106251040399,87.156902075218,0.3561925166097587,86.6034797957321,0.19722976287614208,1499.8876990253561,1482.1899594844044,17.69773954095169,0.16214531541860158,0.09693859981245471,0.9606112133470484,-1.937185468316564e-06,-1.952646845598984e-06,1.5461377282420736e-08,-0.0002357029739552068,-0.00023575988981430854,5.6915857686761246e-08,6.019669185907093,291.18281486010113,6.312217898490821e-06,3.3913918923433716e-06,0.26657703231807045,1167.3559189517634,0.01721478337524378,1165.5803397031086
223,0.6554817288441566,87.65285375501482,0.2538453530502692,87.1927798951258,0.20622850683874797,1518.8251310803091,1503.5613652656575,15.263765814652434,0.18213236528873644,0.11874427425690451,1.1164465842151483,-1.5391690212644803e-06,-1.5534882845064115e-06,1.4319263241931271e-08,-0.00018703546934178508,-0.000187092693922824,5.722457981199162e-08,12.472646831457096,422.2476611883702,6.988653149692513e-06,2.975121592345948e-06,0.29974138691323393,1248.202265790879,0.019332424589749098,840.3513075354495
224,0.7306376750115546,130.29592127346586,0.4170040149216816,129.388684281247,0.49023297729716375,1375.1013289032553,1354.638522619771,20.462806283483705,0.27984561311938994,0.13109894074604322,1.267094528678962,-4.880705559856974e-07,-5.051406140038358e-07,1.7070058018138342e-08,-6.119518070889458e-05,-6.125545378420526e-05,6.027307446900191e-08,9.992448683884195,596.0983872017948,8.92514873054394e-06,3.885666798513953e-06,0.31976904906409515,1854.3567795852337,0.018145454286993604,-7444.461284106219
225,0.5822941010185145,72.02630167082958,0.23470683383827126,71.52692637279823,0.2646684641930758,1090.9815598307373,1073.627696805125,17.353863025611233,0.13642476241304627,0.0963926026318813,0.9305173770872688,-1.351668368006437e-06,-1.3696234927629413e-06,1.7955124756504323e-08,-0.00016548363890732092,-0.00016553085167456024,4.7212766053242214e-08,11.79373985186024,280.76170712449766,5.620167601632895e-06,2.908911461038921e-06,0.2563435065376045,1013.50551553552,0.01774174429477365,1249.1774197620107
226,0.63208179831624,85.55317589749731,0.26076237154714965,84.96572887186186,0.32668465408829667,1170.944685585221,1149.169161553189,21.77552403203288,0.1591924482242585,0.11428723702313393,1.1107891632174092,-2.763202807184887e-07,-2.9039244355889147e-07,1.4072162840402874e-08,-3.7021784692261754e-05,-3.7075302378836684e-05,5.351768498310514e-08,8.472100594398608,660.4307592188537,7.110790077925815e-06,2.65599012251871e-06,0.30108982000909895,1166.669162575137,0.01888710209236522,514.6855351039958
227,0.6549060856672173,92.87847788278026,0.2856136993270084,92.36731110701761,0.2255530764356306,2071.1246146079043,2053.623791126066,17.500823481838722,0.1362276359317269,0.10804781896587774,1.060012628856008,-1.3529638361689114e-06,-1.3674896176524948e-06,1.4525781483583723e-08,-0.00017085954759776508,-0.00017092219904187036,6.265144266554663e-08,8.55737892462814,525.0240558169834,7.257659249809757e-06,3.43289426853843e-06,0.2720863812398017,1314.45159997893,0.01951034524243918,-476.26890792750055
228,0.6070980839505818,77.2037496874727,0.260554580543999,76.75243711567242,0.19075799125627008,1409.2046841543126,1391.0733619233908,18.13132223092222,0.08230922477983228,0.09853214586961252,0.975228440443169,9.719426023247447e-07,9.5776101239976e-07,1.4181589924985552e-08,0.0001095028159128236,0.00010944957127146072,5.324464029236179e-08,12.330433745830923,224.98105444402503,6.5708564202199736e-06,3.1434563573619686e-06,0.2749964705518,1056.0140729534558,0.017319975801932404,332.6561395362478
229,0.6199978806758023,86.8301273086616,0.2822173186352444,86.27134289007748,0.27656709994886025,1586.0524199797069,1563.1370082243366,22.915411755369693,0.18000470896889045,0.10669208188633963,1.064430098486094,6.479140772065853e-07,6.363880672826688e-07,1.152600992391622e-08,7.017110119739582e-05,7.011691441993909e-05,5.418677635638738e-08,8.712150630440126,198.66473816047,7.081427586099721e-06,3.459329713312874e-06,0.27450592961438747,1202.7860375851706,0.019308789854868353,-208.35383657807688
230,0.6900741095121696,129.38460890695654,0.45207387365553137,128.61343306943144,0.3191019638695637,1476.0083971171566,1450.9175255173675,25.090871599787533,0.2264226049146426,0.1283864166607024,1.1965039523432754,-4.0903982898599667e-07,-4.23584970879808e-07,1.4545141893811433e-08,-5.178750301744276e-05,-5.185289540543012e-05,6.539238602447335e-08,23.509811996679275,534.0487097354154,1.022815137828365e-05,3.6972030228407358e-06,0.3123552686956598,1809.1594774151415,0.020393014271462714,-403.4912376998873
231,0.5868614247059842,88.04549794150024,0.30154406137665773,87.42696605863533,0.31698782148828175,1407.2048080220015,1388.1344284941933,19.0703795278087,0.28526089689530765,0.10349351878357442,0.9884718755266063,2.368548801302193e-07,2.2056786468386124e-07,1.6287015446358067e-08,2.0784892100310175e-05,2.073136667037489e-05,5.352542830385721e-08,17.763154233114868,454.00280853222915,5.792238370240178e-06,2.3777913044302997e-06,0.2656796382402698,1227.1398264103357,0.01754273525319327,444.2157813859776
232,0.6322690776199617,84.67679188136319,0.23723097360992243,84.17887473077027,0.2606861769830011,1621.0410054413346,1601.9003118637368,19.140693577599777,0.08016140067423473,0.11357293639768093,1.133804252381525,7.822562152325803e-07,7.654534114338291e-07,1.68028037987513e-08,8.742999879764803e-05,8.737490010152806e-05,5.509869509703601e-08,13.84939906151191,127.82849789874061,6.975491825034047e-06,3.09880717320535e-06,0.31406230762547016,1157.7482127815745,0.019718096122049715,-165.59671694394274
233,0.6179138516117375,84.11369213530033,0.2508653718206055,83.74082659783951,0.12200016564019323,1228.523627156721,1209.835371793885,18.68825536283585,0.14268235072442115,0.1074277633809529,1.0123122047716502,5.911655742251547e-07,5.787324661507935e-07,1.2433108074360957e-08,6.363305021210821e-05,6.357865428440158e-05,5.439592617145616e-08,6.06125643106734,484.425085050577,6.489715749235012e-06,2.8526235277560984e-06,0.2760556656448787,1186.5857927277093,0.01829109930494522,-231.70686670665236
234,0.6757436190296014,121.2292404890145,0.38583744197930286,120.39753766524431,0.44586538179087093,1654.4131557884018,1629.2078785937977,25.2052771946055,0.28791751876950317,0.125684540311008,1.136339434319062,-2.6487053586296507e-06,-2.668115830121345e-06,1.941047149169482e-08,-0.00032050215790453316,-0.00032056491147413864,6.275356840348722e-08,60.44592361576312,397.0054225532071,9.137181148527465e-06,4.394510561482711e-06,0.31107254138511453,1685.6838558262552,0.019010427894995328,-4335.943757379504
235,0.6937148314200199,130.61077781630968,0.5017610080012299,129.78596920854488,0.3230475997635763,1467.0260192070662,1445.085780956771,21.940238250295167,0.12239245496715574,0.1329233617051484,1.217946044756938,1.0136524490901003e-06,9.941012309888904e-07,1.9551218101209807e-08,0.00011127590958059763,0.00011121160203639661,6.43075432093284e-08,11.265436140217908,549.9269809972002,9.09111431233893e-06,3.271537900543382e-06,0.33007608410232075,1848.4237535589104,0.019728829893124807,4111.749992249679
236,0.5880186457545497,76.99045499539264,0.2077212777920548,76.56250507722665,0.22022864037394016,1223.4369206433182,1207.3094303907403,16.12749025257846,0.08570556282049117,0.0987049318433062,0.9562141525796275,-1.3914917865399714e-06,-1.4085317527304284e-06,1.7039966190457514e-08,-0.0001707068610970698,-0.00017076595893155552,5.90978323512194e-08,6.290027047332416,606.522525985503,6.285630410620531e-06,3.2004412703601934e-06,0.26238428385548423,1084.7702591536838,0.018796267601460043,-1374.3314268191825
237,0.6888858753310191,118.93083352239864,0.34433417351777174,118.42125184633608,0.16524750254479165,1525.5996923100975,1499.520683521506,26.07900878859222,0.21113633677584076,0.12421418032687546,1.0713437183362147,-2.045811079385998e-06,-2.0610607218794423e-06,1.524964249344363e-08,-0.000249289156874626,-0.00024934890025510385,5.974337870724681e-08,23.19880347217606,358.54827681436444,8.887400019641151e-06,3.794730611942299e-06,0.30299880484258546,1757.968169243577,0.01714622234534189,-1129.8178046971116
238,0.6333912797712994,84.74345191382929,0.2429264468745865,84.28166915448682,0.21885631246786824,1336.051729984855,1308.5033712299996,27.548358754853858,0.09831000233410037,0.10205204858996537,0.9841174406587887,-8.622458776647742e-07,-8.773247463459193e-07,1.507886868114533e-08,-0.00010716348703260767,-0.00010722046884085575,5.69818067219997e-08,7.671169059309323,620.4018669940109,6.703838396063456e-06,3.0097284505594304e-06,0.2747652583701159,1165.377621582475,0.01784146045159391,-630.4490491315919
239,0.6246072041699671,100.39592492358096,0.39978082757191225,99.73719995506292,0.2589441409461349,1369.9564374362897,1349.7681565151754,20.188280921114373,0.16937872152012393,0.1107082543747016,0.9735963361500306,-1.7726161901929958e-07,-1.9422730647142432e-07,1.696568745212472e-08,-2.767100572413103e-05,-2.772708608877353e-05,5.608036345685799e-08,36.804700390466685,600.1978079409864,6.8920960917295494e-06,3.239883333240027e-06,0.28128722172329984,1415.3647403058485,0.018358397439339338,1076.927368223609
240,0.6327244703305324,74.0080234004746,0.20494098201099786,73.64160913791312,0.1614732805504719,1346.7199229697846,1326.5564711278241,20.163451841960534,0.08322832575952152,0.1008843796797303,0.9954624417288906,2.841590276716243e-07,2.7050525214100593e-07,1.3653775530618337e-08,2.556069975046073e-05,2.5507269277500066e-05,5.3430471652435417e-08,5.1616913653392,505.4192096401779,6.849433197438508e-06,2.676702026501976e-06,0.2750941562292207,1025.2537245508015,0.01870669013969851,571.2989549458543
241,0.7819385575695325,135.35480598955334,0.5499839481876952,134.36712281421,0.437699227155624,1620.9053985297674,1591.9230282686888,28.982370261076674,0.23753509806547765,0.1437440187825339,1.2473937304553218,7.313096881021156e-07,7.145429545106747e-07,1.67667335914412e-08,7.954311715300387e-05,7.947538265548767e-05,6.773449638666886e-08,11.191346736965066,623.5789813279564,1.0860383201158879e-05,5.271715877715369e-06,0.34641549462525156,1961.0888649147087,0.01813282128940034,-1013.7795929632521
242,0.67959999930288,112.70108102192421,0.3508387505014319,112.09488920629164,0.2553530651311225,1712.7889403593936,1689.7227654644162,23.06617489497661,0.18193795896461365,0.12276858546149075,1.1488807390585052,-1.8332671432005458e-07,-2.0011190139744188e-07,1.6785187077387244e-08,-2.9163417597960933e-05,-2.9220584075366605e-05,5.716647582064926e-08,10.346656119443026,912.3524475540473,7.778331529866752e-06,2.9858082138456797e-06,0.3075003057000375,1550.535878588421,0.019726245558382375,-240.72554276723167
243,0.5973235377958517,69.22775513987148,0.20885617678610274,68.91818422299104,0.10071474009433097,1506.6586856519891,1490.2063051855434,16.452380466445955,0.11115321984080176,0.09620216645568985,1.027390581223102,5.459926767540769e-07,5.324049358021327e-07,1.3587740951944106e-08,6.272394460100498e-05,6.26739434880953e-05,5.0001111947474866e-08,29.164674884341263,76.10750456414367,6.085113188342607e-06,2.4722692337000902e-06,0.2710576912004212,990.0707358146648,0.019894457889635116,61.28865029762892
244,0.5962273963995948,86.6102948614538,0.26187030895650587,86.08131093108815,0.26711362140911443,1320.3403450550834,1304.0370614522358,16.30328360285006,0.15673822849135483,0.0947327380837338,0.8896403146567281,5.488705094234386e-07,5.360520212473193e-07,1.2818488176119239e-08,6.254750302016404e-05,6.249361584944072e-05,5.388716961813297e-08,10.986219445439609,533.0760789765368,5.789331942093868e-06,2.832944719298933e-06,0.2445539821220151,1194.929847926092,0.0179056619045748,532.3134658518575
245,0.6738964309037995,100.34688648795093,0.3108735448337438,99.81893496080859,0.21707798230860267,1521.4945604853701,1499.7150161291752,21.779544356194357,0.25497976779186604,0.12253404603924216,1.1562918344979904,8.785498022596078e-08,7.145108507508837e-08,1.640389515087241e-08,8.587500306456815e-06,8.52895342080031e-06,5.854688439797977e-08,31.494638080141755,313.2653742074223,7.191576257257287e-06,3.4363385511966097e-06,0.3188796456395143,1431.0180364273854,0.018568784367112956,649.3127966634456
246,0.6153988615037251,84.4018053266182,0.26772432065879925,83.85362129316525,0.2804597127941677,1542.1522255515056,1518.4868443952541,23.665381156252845,0.09729466831995544,0.11113584045852647,1.063504630454921,-8.222173141470755e-07,-8.375564660294948e-07,1.5339151882419374e-08,-0.00010385227383294083,-0.00010390970777835666,5.743394396524172e-08,15.75685398916969,474.8195767916667,7.1614403707298615e-06,2.7597979696200006e-06,0.29156928056756237,1198.5902327385172,0.01838389685764143,1922.5153332087357
247,0.6591919635556642,84.91064464990987,0.27117069541701505,84.51328693603509,0.12618701845774344,1353.4780206876521,1336.6225560390048,16.855464648647818,0.11344524922241749,0.11303812324949308,1.1247873437762859,-7.120800061387189e-08,-8.362218227738004e-08,1.241418166350817e-08,-1.1751849761762426e-05,-1.1801733793709222e-05,4.988403086623319e-08,7.874979502624074,434.8980627504874,5.99713790777738e-06,3.879009107507286e-06,0.3058371241517455,1221.4436474214015,0.020007880897643278,653.4874543965634
248,0.6907659927828528,105.66904999634126,0.3338126345051937,105.19732160151716,0.13791576031889025,1354.7320993338049,1334.5999464820725,20.132152851732734,0.11836144744537334,0.1303326471608649,1.2163816643458354,3.0499718951052504e-06,3.0312147215725577e-06,1.875717353269279e-08,0.0003552808642207919,0.00035522388177635966,5.698244298875433e-08,5.1840300313836885,659.9651189121437,8.336634810096617e-06,3.4859783126762794e-06,0.3285534162554188,1488.9016264397062,0.019175615451959976,2505.232972232159
249,0.66875957360886,93.9979707003927,0.2920601725255153,93.28730875314939,0.4186017747177983,1578.503914660567,1557.4804576577797,21.023457002787346,0.10963622620029685,0.10945142762532069,1.0873221714378256,-9.274957958979611e-07,-9.479005907989843e-07,2.0404794901023324e-08,-0.0001162122259582978,-0.00011627310635385638,6.08803942187509e-08,40.23225046500847,338.82409630705473,8.551959750107382e-06,3.181329233448202e-06,0.2841391869187145,1351.8156781102844,0.019013035150808523,-680.2241454328614
250,0.6261998171541626,73.59112810363594,0.27175681350733405,73.11987927072768,0.19949201940091382,1161.0113701077369,1144.9062126817887,16.105157425949486,0.08215042856913186,0.09637707685081291,1.0100348326299309,7.964076351854737e-07,7.764854831686251e-07,1.9922152016848332e-08,8.459991427191605e-05,8.454888467109473e-05,5.102959908075294e-08,8.7162692250594,505.17793083094546,6.078917497786344e-06,3.204291264261567e-06,0.26930382712916495,999.5158095281138,0.017053452000089047,-1496.9844951058658
251,0.5735660297074824,80.28185636522939,0.26896128112804274,79.79439066994878,0.21850441415256935,1333.0854212216607,1311.748562985632,21.336858236029457,0.10719584246871716,0.08969254700550088,0.8854694913560597,9.532441046858689e-07,9.378838469105733e-07,1.536025777529522e-08,0.00010581637910120784,0.00010576338465144695,5.299444867205688e-08,5.822342255334634,334.5100249286411,5.4208641488584425e-06,2.7394827451502312e-06,0.23871110480841912,1134.2266883645755,0.017125876420533304,-134.69266174864242
252,0.732405242523857,120.07635589374073,0.3710222129458918,119.45979032767357,0.24554335312127293,1820.0338538965875,1795.4477383446224,24.586115551964838,0.2162344501186375,0.13496044026370096,1.2150244346219488,-1.573461794118773e-06,-1.5890310121717567e-06,1.556921805298308e-08,-0.00018801782140493388,-0.000188079205599926,6.138419343714415e-08,8.310020737455806,851.940999319644,8.856402170190282e-06,3.2730735713576347e-06,0.33923867354464304,1660.867251141939,0.01914389116920799,-285.0510202139376
253,0.6492226850099732,102.43366876314133,0.3397844869533314,101.82657359334021,0.2673106828478038,1239.191152163177,1218.4875757183422,20.703576444836447,0.1341859551519306,0.11701008737052498,1.1386392272602004,-2.516481731107943e-07,-2.6932574421464515e-07,1.7677571103850756e-08,-3.828780195551908e-05,-3.8347363353440974e-05,5.956139690922122e-08,7.952037392515065,541.2688740985226,7.5462357645351795e-06,3.0154731291341823e-06,0.3094366967135999,1493.3183066485217,0.018494452918013504,-1275.0872843996767
254,0.6252974425602712,84.88141293037911,0.27685199195735843,84.43988156695842,0.16467937146334255,1607.1628262994045,1589.2775362340099,17.88529006539451,0.11287790267577687,0.10804169209437359,1.1052696386695815,1.7402446193622494e-07,1.5969631201614931e-07,1.4328149920075613e-08,1.4600811734990303e-05,1.4550840820175136e-05,4.9970913463859455e-08,7.624408993504602,828.4347708933004,6.48198570694591e-06,2.5927395644922355e-06,0.2835431683849177,1210.8515490430298,0.02072459230435959,-2442.5926546345327
255,0.665218066764515,113.7367009704243,0.3574603275008514,112.93831574612321,0.44092489680024527,1586.5902594256654,1560.8174728263473,25.772786599319886,0.1553033484609796,0.12493895497883896,1.1313339724950673,-8.487112425584572e-07,-8.654975822578037e-07,1.678633969934663e-08,-0.00010543401262423879,-0.0001054928689750214,5.885634918023318e-08,6.269148561965824,438.920130524024,8.92935018509261e-06,3.6335425842263483e-06,0.3027864318648502,1661.35163027731,0.01941188692836312,-526.2723872450988
256,0.6093819087785456,79.48674192317208,0.185526695864898,79.12963737278001,0.17157785452717017,1396.7929232160736,1377.6071320889537,19.1857911271197,0.10714275715438806,0.0980602936505585,0.9729937764302106,-7.751310661186382e-07,-7.874221076109593e-07,1.2291041492321012e-08,-9.435064721751744e-05,-9.440926873526441e-05,5.86215164171684e-08,4.850110111266193,220.87296429519685,5.450168735780547e-06,2.787062321361676e-06,0.2652856451544023,1095.0084890494422,0.018126689356867516,-2951.683047041337
257,0.6159243296586311,82.89185468269775,0.23492990684294507,82.28816040152145,0.368764374333348,1679.715172979687,1658.5951917535783,21.119981226111133,0.16043712701341578,0.10991968504990168,1.1116020420895385,1.207240543036493e-06,1.1946813644797327e-06,1.2559178556760714e-08,0.00014061375006146104,0.00014056000509045103,5.374496974375952e-08,9.718562992391185,376.66261158659495,6.119008059729705e-06,3.014774376842772e-06,0.29732070185959775,1172.7702257363574,0.01986742788177795,507.51064472111466
258,0.6341344616209699,98.22194864876491,0.2788269579568537,97.6176531911218,0.3254684996862625,1532.9598159879772,1515.2915838786853,17.66823210929148,0.11679249220426875,0.10941033051901396,1.0035831814034875,-8.310334948252039e-07,-8.527511305067355e-07,2.1717635681531807e-08,-0.00011017379574503087,-0.00011023676877253507,6.29730261846637e-08,5.137334346330578,242.82009930981357,7.311258066694398e-06,2.90293004892302e-06,0.27651971111048607,1314.6016644501992,0.01926894647963706,-1627.3648389490882
259,0.7732204590839805,122.66957028410677,0.45885611132174575,121.72629396864009,0.48442020414492026,1548.7227037933553,1521.4353008731287,27.28740292022781,0.11512077422359039,0.13552483021819978,1.2590730893020785,-1.5599728577452276e-06,-1.5760556339605084e-06,1.608277621528042e-08,-0.00018923278795801856,-0.00018929793513685044,6.514717736149554e-08,22.073751951877917,626.6767932725919,9.706943405066423e-06,3.293672288087902e-06,0.3361896654089836,1807.4578855322952,0.018480347644169816,1490.0933681089045
260,0.6760028571331063,81.42315082658219,0.2010712229978848,80.95951384603669,0.2625657575476145,1828.5488082914178,1811.7776341369147,16.77117415450303,0.1566407270966019,0.12033578101790979,1.2221528313353711,-6.030881383331798e-07,-6.182647660274247e-07,1.517662769424474e-08,-8.036569355028984e-05,-8.041949081303507e-05,5.379726118405426e-08,5.5727612983803905,591.5225147079443,5.7466802732074175e-06,2.8617905270413944e-06,0.32756300512137204,1153.469123685427,0.020437887522232016,1018.0479454743254
261,0.5760133117794124,70.13425519561108,0.2024668998390803,69.71149912594684,0.22028916982515073,1672.1534349196304,1652.6480444357946,19.505390483838244,0.09002144750333746,0.0914979837015197,0.9268209886350244,-9.832246225719714e-08,-1.1297739194181404e-07,1.4654929684616884e-08,-1.3770245564102378e-05,-1.3823188135512966e-05,5.2942570333401335e-08,4.695085150302068,584.1343454574559,7.666517600733877e-06,2.4291811757931493e-06,0.2535948789825093,1011.7603139335835,0.018744447657762654,-403.71586422376276
262,0.6213901942596399,74.82259998824391,0.23867779270402023,74.30766377967578,0.27625841586412087,1211.1679974302017,1188.8619229819165,22.306074448286203,0.09893412042621215,0.09958048643514954,1.0217731796133502,4.860549374524932e-07,4.7233344000751274e-07,1.3721497444980598e-08,4.99246497871985e-05,4.987057258673542e-05,5.407719930342278e-08,8.912620545782508,632.0516935496597,5.104108005748336e-06,2.8742056657492714e-06,0.2747737940151472,1032.4302076141641,0.019096615358426834,1036.568545871185
263,0.6845152249579323,94.36333645406215,0.24322259079348746,93.8253565786017,0.29475728466696366,1518.6755011781936,1495.1454857781887,23.530015400005862,0.19676548705688532,0.12318832923351543,1.2172686617363442,1.8151493454225436e-06,1.7950227621092234e-06,2.012658331332042e-08,0.0002092579940641521,0.00020919513189766558,6.286216548947653e-08,6.12846434594694,-342.7962438067713,7.717723996263697e-06,2.9487819721956518e-06,0.3251559370308966,1277.9339372321022,0.020283404370308133,201.54613153192258
264,0.6406621008806931,84.16708622959514,0.2450347970701551,83.49145413428822,0.43059729823678494,1479.1741311371823,1455.5336107890346,23.640520348148385,0.1063233512592699,0.11441621512751805,1.1320067835413261,-1.4466883720151185e-06,-1.4606811940738763e-06,1.3992822058757864e-08,-0.00017620295124040497,-0.0001762560574911591,5.3106249075004916e-08,8.538999794124999,539.7002359431665,6.081194632696312e-06,3.528832280228668e-06,0.31106310272784926,1212.7888830851598,0.018547986295741222,121.77930524193653
265,0.6090186333678921,78.92722289527744,0.21495949910696102,78.31685687330743,0.39540652286304195,1383.524469546175,1368.8691436730746,14.655325873099736,0.21988089630150873,0.09234177406347961,0.9381571778202308,-5.587725450874337e-07,-5.721033265961548e-07,1.3330781508721291e-08,-6.985903752293007e-05,-6.990962134073236e-05,5.0583816260667956e-08,4.860139489543789,472.9916948316206,6.215943692463055e-06,2.7084550286456317e-06,0.25424768169701356,1084.0751877022149,0.01779356864999339,820.0746796947133
266,0.5587884269724471,72.92903853011435,0.18036046634648512,72.58479437483003,0.16388368893783833,1320.5973071386663,1302.9679944030365,17.62931273562892,0.14708739042762028,0.09072640573275408,0.8668907935118828,-1.1129202083187012e-06,-1.1303669825503195e-06,1.7446774231618388e-08,-0.0001366764456737653,-0.000136730973075958,5.452740135979864e-08,7.826690375280968,496.73526570119407,6.555443190810083e-06,2.449359744325652e-06,0.2446430905863727,1034.9365690075265,0.019921816155298103,332.48282516672043
267,0.6395541960373561,93.62542275775293,0.27464963583047824,93.10980125333221,0.2409718685902335,1600.5056015759355,1570.4928869247985,30.012714651138165,0.08736019995030095,0.11550975845007601,1.0988840038658374,7.747046977048867e-07,7.604619544839079e-07,1.4242743220978997e-08,8.269586496182544e-05,8.263617227104877e-05,5.969268898860386e-08,13.93186286174031,-214.804427279639,7.556886932425396e-06,2.5427938565586853e-06,0.29450288386139234,1274.349005378738,0.0194265420075608,-1012.9523882744688
268,0.6667140004616248,107.14968636048077,0.31271743235641525,106.62853288713093,0.20843604099344265,1735.5444958466915,1711.3499166126987,24.19457923399274,0.135866475481482,0.1303504081152644,1.2458910773900693,7.793644180149817e-07,7.637358781786676e-07,1.5628539836313956e-08,8.84135991626243e-05,8.835481756220037e-05,5.8781599320625473e-08,20.309090306925178,1003.5143845029236,7.2796657644503546e-06,3.4482072062573713e-06,0.32720284405182976,1551.9859326859687,0.022163195146241505,-1934.911815464755
269,0.6587181488808288,96.41284671438576,0.30746715190757556,95.80706897379568,0.298310588682529,1397.204324447845,1378.253507467565,18.95081698028088,0.12803652841526889,0.12661568342525373,1.2230821712852717,-4.054280464954617e-07,-4.2163549807972024e-07,1.6207451584258583e-08,-5.0475242037327653e-05,-5.0532798793185124e-05,5.7556754259282765e-08,33.06872593374528,482.5664567844326,7.40718400554599e-06,3.43852886467173e-06,0.32509294594351806,1344.5185760014901,0.019389556066127328,-1044.9804739951942
270,0.7012528025795387,94.18256299536324,0.2555818631634929,93.61466774971812,0.3123133824816326,1614.2214181781958,1594.083067511755,20.13835066644336,0.2969092508831764,0.11621357676107008,1.092223344443498,-1.057247469478772e-08,-2.616603194440319e-08,1.5593557249615446e-08,-7.351419017637128e-06,-7.40481901946609e-06,5.340000041189992e-08,7.149081010876217,697.6292188317325,8.535655100796811e-06,3.892050901414112e-06,0.2970402035266124,1311.800973079847,0.02009402732874887,877.6421283816126
271,0.615580495759764,84.90467999613699,0.2515622399839368,84.32326738474562,0.3298503714074221,1495.8250865252976,1476.2974370993684,19.527649425929816,0.29616156389553494,0.09526905716074997,0.9179247887156761,5.236480455829736e-07,5.06908797514874e-07,1.6739248068099465e-08,6.131082399299956e-05,6.125854065696777e-05,5.228333506223091e-08,10.998360728319994,610.0837155242941,6.295372536988262e-06,2.9523595190445998e-06,0.24738673090699712,1152.846702519755,0.0192607352260027,589.1423407661387
272,0.645329576370874,87.23092898143223,0.27690567438092956,86.54354435912143,0.41047894792985645,1414.3420856947657,1397.3076173000975,17.03446839466789,0.10635531749642928,0.1180079693467414,1.138738528759023,1.1138593402474968e-06,1.0981933311207473e-06,1.566600912674934e-08,0.0001253375025008423,0.00012527781239177085,5.969010753904422e-08,6.941631027044176,831.7551423322759,7.824897831614207e-06,2.401719769036045e-06,0.31011277794646885,1201.999238238839,0.01930522543584172,141.90428693561262
273,0.5784449648968588,82.93644944669445,0.19713620751333352,82.49564099162303,0.24367224755807085,1259.6788101459101,1240.408711824036,19.270098321874958,0.09311674204348962,0.10053429974791914,0.9785256920909147,-7.569660496550016e-07,-7.729853734502999e-07,1.601932379529812e-08,-9.126655865772662e-05,-9.132056424757007e-05,5.4005588182939934e-08,11.857837524856048,412.37551093235044,6.473442577166521e-06,2.309060225390957e-06,0.2643337727287287,1099.8480616462693,0.017741874008405805,-653.7868920042274
274,0.7418910327839415,133.0897797511319,0.3641962622190392,132.39481345260356,0.33077003630933244,1539.583134991264,1512.1528022092941,27.430332781971604,0.30353404777014026,0.14714662285858263,1.2666063136465489,-8.411423154260091e-07,-8.574897552605549e-07,1.63474398345457e-08,-0.00010523898313411453,-0.00010530416350742493,6.518037235822117e-08,14.509366538318487,697.2125001966879,9.177068047284123e-06,4.468514802132061e-06,0.35780703541324427,1844.8152592714496,0.019615042794246553,-3789.3003204080997
275,0.6136255869129532,83.3179078929816,0.2556454904910983,82.81888804354485,0.24337435894565412,1576.6709548311549,1558.5495711794033,18.12138365175272,0.20782380776510823,0.11231630113840911,1.0971501933511163,-2.815615957992204e-07,-2.976210755454793e-07,1.6059479746258783e-08,-3.675709160256498e-05,-3.681068517330762e-05,5.359356931777172e-08,14.950357810245315,577.9449954509581,6.404887872198727e-06,4.070258634989145e-06,0.3023525998409791,1181.0396602977112,0.017757005997044727,-1536.9061477077958
276,0.653994664564961,107.3147572417651,0.30919291608545685,106.82671347233698,0.17885085334264908,1400.4674643742346,1375.7865299551254,24.680934419107437,0.15104575830289366,0.11875156353028539,1.0979520209285825,1.93183047861361e-06,1.9137830244357676e-06,1.8047454177842272e-08,0.00021842004956419434,0.00021836025088950965,5.97986731795922e-08,6.481303292078058,370.74215098299686,7.719314525012853e-06,3.1804684225717577e-06,0.29315335724930713,1508.511125172015,0.017858206559962713,41.6223895669209
277,0.7165874798071334,121.39008135611962,0.3564168059012291,120.5713572914803,0.4623072587381027,1564.1656519886228,1537.0021601044846,27.16349188413844,0.13267573384646372,0.13921364838113193,1.3040058047662286,-1.7733837806161784e-06,-1.7908258937135468e-06,1.744211309736847e-08,-0.00021988840232631965,-0.0002199552152723838,6.681294468040338e-08,104.58086748391018,84.18336965601627,8.698165939648741e-06,4.341250985999476e-06,0.35850677527274305,1723.3576514772571,0.019754398203390103,-1472.6590980418478
278,0.6387369522674115,93.70917398165041,0.3327232616429766,93.06625988642512,0.3101908335823091,1746.8872433174001,1728.0021148215908,18.885128495808114,0.11400373817141178,0.11005644806183223,1.0744424262541188,4.751636840199108e-07,4.608043155182997e-07,1.4359368501611e-08,5.371908757774586e-05,5.3663105180186024e-05,5.5982396039232004e-08,4.921567438442846,839.8886167698844,7.4626596996535945e-06,3.2425549960512136e-06,0.28187270164694495,1310.4799492964248,0.018985682616829532,-126.44214746196667
279,0.6611207454513179,95.11940266482473,0.28648984232416297,94.68170356408827,0.15120925841230523,1582.3687530760249,1565.1405374279793,17.228215648047318,0.141472319807351,0.12352393487315586,1.2376172855541088,-3.0192119593309206e-06,-3.0388217529905662e-06,1.9609793659645852e-08,-0.00036006726742508397,-0.0003601243204139816,5.7052986893859354e-08,15.129935436038977,674.9049143060569,7.546319546447789e-06,2.8742282061640474e-06,0.32336775165530973,1364.4344676215474,0.01992928230033156,2107.116961547352
280,0.7126017041619149,104.77469130291061,0.3784048625518544,104.14129432413597,0.25499211622278284,1726.7150178409813,1707.8525717818022,18.862446059181345,0.13948481846263433,0.12594585034515546,1.2639403288850182,6.758076454561567e-07,6.577187631570535e-07,1.808888229910327e-08,7.126866084034677e-05,7.120692240337526e-05,6.17384355960721e-08,19.871141456415625,904.679949012155,7.715613738310165e-06,4.135954752072243e-06,0.32213214349225816,1458.0112398320566,0.01921591406505308,1102.8239568501886
281,0.6119308065555045,88.38617548475956,0.27497152322483087,87.83387895772746,0.27732500380727876,1418.7645837175228,1394.885872655752,23.878711061770314,0.07486897059890733,0.11109609804371426,1.0606140598323077,2.1971542314681638e-07,2.0727849877000808e-07,1.2436924376808286e-08,1.6990454869269876e-05,1.6934741018809604e-05,5.5713849021983714e-08,9.131824425624085,658.7916005027953,6.187931281438281e-06,2.8552800034159237e-06,0.2901651089879838,1197.4052844403816,0.018768308295607907,1842.3872776472672
282,0.6222544423933956,77.84447039406228,0.20358964167321317,77.41392830918099,0.2269524432080779,1665.5916219418934,1648.2856975252953,17.305924416596987,0.13610219720955596,0.10011032857179032,1.040381349691028,9.849003811846027e-07,9.67668020924178e-07,1.7232360260423814e-08,0.00011209767764941796,0.00011204075725797322,5.6920390069553126e-08,8.942726063362063,579.8338040319239,4.988885942563868e-06,2.8599370057397713e-06,0.2750815598461999,1104.6921532895972,0.020111170125772026,980.7952073997621
283,0.5985575283718557,97.60235523520744,0.2986606292859155,97.13155830132607,0.17213630459547857,1331.233058225657,1314.038153235502,17.19490499015595,0.1116150627409804,0.10505214479974202,0.9634389626742527,4.1712364173461965e-07,3.975483075037332e-07,1.9575334230886288e-08,4.396427027291192e-05,4.391122630437135e-05,5.3043967290863836e-08,19.0486517746563,237.86358769295708,6.50720421811765e-06,2.5026191985140545e-06,0.2613666575175064,1378.4469224990462,0.017818906177109815,-1433.154456569675
284,0.5896369681116728,84.89871513100051,0.22779969730835203,84.44477202214598,0.2261434115461796,1263.3416575341973,1247.4316050495488,15.910052484648991,0.16755467423959683,0.10051409721075888,1.005532535654291,4.3752892351465445e-07,4.2541898108723223e-07,1.2109942427421996e-08,4.89530940914423e-05,4.889873653357744e-05,5.435755665739489e-08,33.91215374369642,544.1012098333441,6.442580486189168e-06,3.848362682705351e-06,0.2777377940843976,1195.1701340549275,0.01940157018746336,807.8318640370562
285,0.5632331510288751,70.95257840631339,0.21993504047857773,70.53320721617794,0.19943614965685683,1469.5583576703316,1449.1192551463755,20.439102523957917,0.11387863655630921,0.08513133590051515,0.8733312532571003,-4.5411959439807235e-07,-4.741623072617234e-07,2.0042712863651218e-08,-5.881586377331932e-05,-5.88698557000852e-05,5.3991925835857635e-08,19.721403915061465,446.6909326150115,5.687246611844863e-06,3.5945577901968393e-06,0.23509278914209983,1063.8870106216102,0.01998363423719496,-289.65069415823746
286,0.7351017390684325,128.12009972324407,0.41831988072588366,127.48081903949786,0.22096080302034982,1340.5970751186599,1321.902560007851,18.694515110807764,0.5090058918790622,0.14741541762044957,1.3184549232846665,-1.551754650537814e-06,-1.5662647718965161e-06,1.4510121358701773e-08,-0.0001897213390053056,-0.00018978957221227712,6.823320479801477e-08,12.911820818190202,492.0542153639428,8.4700294164682e-06,3.0894535420652453e-06,0.35441023149168793,1806.4652813853224,0.017069863812070075,977.1850586663131
287,0.6561002124069866,98.27943631204491,0.33232120890431366,97.65485781882114,0.29225728431945996,2148.5386228951247,2130.01506507701,18.52355781811981,0.2410120185972422,0.11274093360465307,1.0474502394793892,-3.0235505022951354e-07,-3.1702721283409454e-07,1.467216260458083e-08,-4.366522128401145e-05,-4.3721354290225904e-05,5.613300432512879e-08,12.552489396982024,229.5473532942072,7.92629950352405e-06,3.2987388773933004e-06,0.2955892266477854,1386.6721582539071,0.018655338296804717,-1476.4893818563505
288,0.6843526358262756,117.57519609355737,0.3146313615934577,116.84820608901104,0.4123586429528701,1769.3700912166191,1743.1614292994482,26.208661917171174,0.10672638094820708,0.12224028297264834,1.1600119507181352,-3.9724521320773746e-07,-4.14933270710166e-07,1.7688057502428387e-08,-5.4343229599227175e-05,-5.44137077664346e-05,7.047816608514322e-08,9.56249372524187,626.4768545424918,1.0242067705628306e-05,3.3344816608063398e-06,0.31224043334857665,1617.9998890360578,0.020935682644520767,-318.4411241664311
289,0.6929599917437271,114.02039101273657,0.3735269129705191,113.42639245994022,0.22047163982583043,1822.5603068275516,1798.7405031261924,23.819803701360744,0.1794770751444526,0.13375415980728897,1.2997683722409976,-2.3523852022010213e-06,-2.36779067007925e-06,1.5405467878227984e-08,-0.0002876201904944836,-0.0002876785369214227,5.8346425478758075e-08,8.954284105101959,695.4164197203816,7.283415678316354e-06,3.253037854965771e-06,0.3382436852035461,1678.3631631686685,0.019361446026360127,179.48638232714075
290,0.6749094238607963,96.46980786404484,0.28484506717682373,95.87664704744917,0.30831574941884776,1296.4977715489626,1275.6586844835222,20.839087065442403,0.15115597353029245,0.11493275728034283,1.0928954251344196,2.042391003899287e-06,2.026198951901021e-06,1.619205199826588e-08,0.00023853156956148256,0.00023847302202923638,5.854753124968343e-08,11.450334507947593,441.0034268238301,6.95029155335846e-06,3.2927839826562953e-06,0.29143926505036555,1347.0220251350797,0.017638389395785332,346.1391672709833
291,0.7108183963674366,122.73820811887947,0.4574111780613016,122.07564115013433,0.20515579068386341,1964.8176976669592,1943.8570967533606,20.960600913600288,0.2791953533943766,0.14101739991684548,1.2993551288087388,-1.2682743960225805e-06,-1.2890824480065507e-06,2.0808051983969988e-08,-0.00016223259493596277,-0.00016229569353662414,6.309859903964024e-08,35.13814817940674,639.8556769002071,7.162987604655134e-06,3.753301461703636e-06,0.3468750905652231,1694.387151491826,0.019386325532183578,1386.6858792253697
292,0.669749271825976,102.79126829248794,0.2794839959029537,102.15132405327552,0.3604602433094703,1478.2150257113615,1460.347092178616,17.86793353274644,0.10192580500123692,0.11864089697175965,1.111071445369748,1.4211651525285603e-06,1.403597930901388e-06,1.756722162717242e-08,0.0001638458943516451,0.0001637867851469668,5.910920305558915e-08,6.856950692899499,480.1196288172903,7.11995110954617e-06,2.985795033542981e-06,0.3035759247504747,1461.7573690022498,0.020151781294474456,-1350.5803776255925
293,0.6462630771329542,99.19975075618225,0.29524786674948633,98.69011478340265,0.21438810603012312,1419.972809645552,1395.8366696806004,24.136139964951393,0.19285795374399303,0.110749037102523,1.0663939494166654,4.6355382729315567e-07,4.485560515324266e-07,1.4997775760729042e-08,4.861702968945578e-05,4.856387189194969e-05,5.3157796275517464e-08,8.815253729020707,300.9669746249494,6.9813482059093905e-06,4.9206856014231835e-06,0.2870531500301141,1385.4819706814949,0.01812099735705648,-172.0150105422872
294,0.6568547316103134,109.73527732464126,0.30895702749604576,109.21762645570485,0.20869384144036754,1372.956860381776,1353.468668070988,19.48819231078964,0.2732581776930907,0.11133351614979269,1.0575256800752701,7.057499468302197e-07,6.882618071775385e-07,1.748813965268136e-08,7.955798429613029e-05,7.949873828448711e-05,5.924601010183633e-08,19.98790286767968,778.4148875158224,8.281023763798422e-06,3.487696159254378e-06,0.2807109361293867,1629.7135874300925,0.01692302614148134,601.4922909474699
295,0.6094010860306087,82.43237705707641,0.223489918333376,82.07416208519847,0.13472505354456585,1609.2165561652428,1588.1481796311352,21.06837653410998,0.38803468441196787,0.10591688992856592,1.0775982148297907,-1.7789530390900252e-06,-1.7955840774387855e-06,1.663103834875954e-08,-0.00021540731539110232,-0.00021546585047604516,5.853508373900466e-08,5.648601353164939,252.81483759688507,5.686981722598896e-06,2.9036387679022914e-06,0.28268215438235733,1173.5231127691895,0.01909068811660228,-2683.4133408771377
296,0.6140734785407531,92.39225216548422,0.24541441967420058,91.93947762366723,0.20736012214277638,1358.7287035990266,1339.4727599361631,19.255943662865146,0.34378185638384307,0.11040407660970986,1.0558378917385647,5.58445471314111e-07,5.439782786392713e-07,1.4467192674839783e-08,6.283840455777683e-05,6.27814316187154e-05,5.6972937503335856e-08,6.85259677847732,380.3939091983114,6.8602717228504125e-06,2.4182245372935824e-06,0.2833478891276549,1304.6994734901757,0.018763830619583737,1867.3766704748596
297,0.598875992113742,69.38644158421715,0.16776429586881816,69.02748343642463,0.19119385192371283,1347.9454815544798,1326.8476859931395,21.097795561336937,0.09191798231789085,0.09163227160691338,0.9144081427105986,7.239642109785157e-07,7.120308454761172e-07,1.1933365502398384e-08,8.223350562335237e-05,8.218608876455917e-05,4.741685735011992e-08,7.743825643338695,5.193077658317375,4.899271824446881e-06,4.178945370951718e-06,0.25150313950389763,954.2345275898996,0.018188800090270123,-1324.7349672286
298,0.6363842930059418,96.99341829915262,0.2641734570828113,96.37729794019894,0.3519469018708668,1504.2277097122176,1483.9412417644432,20.28646794777191,0.22298495007738175,0.11195348128752047,1.101585993798653,3.3854870753287287e-06,3.37068260101345e-06,1.4804474315278491e-08,0.00039438709481530584,0.00039432980381732944,5.729099678525674e-08,12.917564864166494,211.50185738484078,8.259869266360671e-06,2.8589520030067823e-06,0.292688462189147,1352.7986460479242,0.01843548111498649,-341.1233452093402
299,0.6254824012158289,87.64639359802015,0.2878306633405342,87.07849268508969,0.2800702495899199,1555.3011822470228,1538.3494838586014,16.951698388422603,0.23182586078580225,0.11510224969193666,1.1133762060246875,-2.590565051561031e-07,-2.766596820341108e-07,1.7603176878007763e-08,-3.968686811299283e-05,-3.974017492959254e-05,5.33068149871987e-08,5.381247858431007,481.3092242296117,6.0787251564523e-06,3.0158298169706423e-06,0.30367288071348925,1203.1684634155688,0.01925132843547491,224.96364075327074
300,0.5921621045821555,77.82993457120418,0.225496917592607,77.25455160382138,0.3498860497902068,1587.9845089088828,1570.3233469575607,17.66116195132108,0.13885800460943346,0.10383978006135308,1.0074607221048846,1.5210412461719886e-06,1.5064812059471126e-06,1.4560040224875828e-08,0.0001722985464019939,0.00017224173577435237,5.681062689147018e-08,4.419774300008406,429.77482841702835,5.861231950930726e-06,2.5597771885900905e-06,0.27576959955389785,1052.8844547964443,0.01866356018189172,92.49439279682338
301,0.7478340557725682,106.86803357604373,0.3128283270623019,106.24960569861369,0.30559955036770536,1867.5444810153367,1846.7241387865424,20.820342228793173,0.1212698529324585,0.13748670034754576,1.3660648445354515,1.0681036578941015e-06,1.0531987972140544e-06,1.4904860680046846e-08,0.00011798079946602105,0.00011791879539767655,6.200406710950734e-08,5.4923144985501064,916.0079507510002,8.17161588796746e-06,4.555444142958647e-06,0.3537027008330256,1445.301783905773,0.020919666534456295,1566.047676871818
302,0.7286998053915275,111.40069426971876,0.36293467960912584,110.74670404356127,0.29105554654836824,1259.1639381376488,1235.5918783026511,23.572059834998516,0.08297140216241895,0.1565912325398413,1.5500397522079086,-1.5828996743577077e-06,-1.5976155258163984e-06,1.4715851458691278e-08,-0.00019205554479977553,-0.00019211566907206603,6.012427125101964e-08,12.287691823266739,695.52512831069,7.579200230824488e-06,2.8577380064972157e-06,0.3948967504932386,1591.8842002650208,0.0187251599255485,2638.099445775828
303,0.5745110417570762,70.88907538540973,0.18697003812501162,70.48853352954504,0.2135718177396752,1659.1773916512,1641.9839327282239,17.19345892297524,0.09176117881818134,0.09113355493243647,0.9634263409444149,-1.9735108793894005e-06,-1.9864251783847984e-06,1.2914298995397465e-08,-0.00023636947236882393,-0.00023641876651007038,4.929413942665786e-08,6.207084289936134,667.8353594954099,5.413791601914702e-06,2.9461331124558218e-06,0.2540325398677439,966.4633888309643,0.02029790314082487,324.16455975517965
304,0.5973230107444026,73.11755132567359,0.1840059696184073,72.70658454014493,0.22696081591025555,1409.9302177988043,1396.1544739828366,13.775743815965258,0.12051091168711889,0.10153778427638419,1.0170638234175937,1.4260122027747766e-06,1.4131037605469365e-06,1.2908442227840003e-08,0.00016568698675295887,0.0001656379697779321,4.901697433632346e-08,14.28658366605604,108.49132090957531,6.696725722936818e-06,2.394716005609074e-06,0.27424310350323516,1005.5598398667696,0.019185412888950683,768.3324426901236
305,0.6721148847954709,118.62111578875778,0.40951871341075796,117.92215580242272,0.2894412729242911,1516.0312143053013,1490.9705234901642,25.06069081513848,0.10735535451537817,0.12905716095233843,1.1800535216559256,-4.370720689256458e-07,-4.5882032384637177e-07,2.1748254920726116e-08,-6.155986209553438e-05,-6.162858824530656e-05,6.872614837902006e-08,23.96005916840045,593.5567625052084,9.593681342381951e-06,3.2194454187493923e-06,0.3128714003384053,1706.555779716647,0.018269888990168806,1163.278248485818
306,0.5761961872065187,78.83314620964671,0.22699381881302952,78.34123742179682,0.2649149690368691,1873.4295101812224,1856.7621581591743,16.667352022048412,0.10977773696191755,0.10589423305878545,1.014206314003908,8.035102357333941e-07,7.837570101917262e-07,1.9753225541668246e-08,8.989427052159627e-05,8.984197958417605e-05,5.229093560714201e-08,33.22946150956007,449.76546387999934,7.330244515830256e-06,3.5824768926549534e-06,0.2781452499199506,1106.5244309339469,0.020093598039920915,2011.9016097005297
307,0.5950146311220565,104.11006248060444,0.2643083778891798,103.6412879089176,0.2044661937976539,1640.7144040150367,1613.9860931998471,26.728310815188504,0.06652765993468626,0.11783810575533031,1.0826110010054553,1.7838521991066884e-06,1.7686262120611235e-06,1.5225987045563923e-08,0.00020216806424086344,0.00020210678231110058,6.128192892519435e-08,16.698647614979805,476.13385724127653,8.000271412714021e-06,2.7910851368031818e-06,0.2897897182314649,1441.860060315398,0.018171878048137243,-4131.926432277494
308,0.631801828340958,92.22780064391239,0.30505387825153846,91.5532333234454,0.36951344221546295,1667.180297828941,1639.7661985396408,27.414099289300484,0.08073210652278281,0.1147941317708106,1.120149521965936,-1.0611637137882972e-06,-1.0764798886105222e-06,1.5316174822225022e-08,-0.0001304826545914998,-0.00013053964844799833,5.699385474268842e-08,24.027132822201317,-5.140228468440759,6.2778577391104215e-06,2.909594951182835e-06,0.30658202150103797,1341.1722858931964,0.020849003881174433,-1474.7778733408122
309,0.5971627704192158,81.96585038564461,0.2766507696939131,81.47857039863051,0.2106292173202061,1762.183320653327,1737.7784366820595,24.404883971269015,0.13115986686564446,0.10207984238211018,1.0179365458489926,-5.018253123437723e-07,-5.184423141024958e-07,1.6617001758723535e-08,-6.672178462331586e-05,-6.677125911703511e-05,4.9474492669422084e-08,9.81847319811757,525.0978728617596,6.960190210637192e-06,2.4921991430021845e-06,0.2757328972162672,1137.7906584554935,0.019943696071347262,-756.4991712922711
310,0.6299052754691289,99.46552280663853,0.3441186144182552,98.83720841111266,0.28419578110763205,1249.620798550158,1229.2526090162817,20.368189533878184,0.2053399319162991,0.10743004467743549,0.9872459685926334,-4.638720470535574e-08,-6.132571626453009e-08,1.493851155917437e-08,-1.3801479270027997e-05,-1.3864461644782371e-05,6.298237372739799e-08,31.326348783179935,438.5828030353445,6.2724894557977094e-06,3.827303168105268e-06,0.268913513085524,1376.0512955373094,0.018545709569636287,2920.7023617152845
311,0.6062824561369805,83.10146993836979,0.2513671371075084,82.60569978341236,0.24440301784991916,1706.296702201365,1688.839745583154,17.456956618212566,0.08384061346524278,0.09507806013332812,0.9197683133438816,-2.075688967177008e-06,-2.090860910703872e-06,1.5171943526864532e-08,-0.00025013770985277773,-0.0002501891301081845,5.1420254502687004e-08,9.918977075757685,776.4852668146588,6.03441571812881e-06,2.4898842334777e-06,0.26643316981366943,1168.200045733194,0.0181866711720703,-343.69132929303305
312,0.7292717529378454,120.25650867184893,0.43424348564233783,119.5126401881665,0.3096249980401072,1663.5032840094934,1641.7255045835425,21.777779425951643,0.1167706008276877,0.1335477095482229,1.2367029708983148,-3.5390366934542145e-07,-3.7279972556920774e-07,1.8896056223786324e-08,-4.8614808359911485e-05,-4.8679217010579156e-05,6.440864943700626e-08,13.545618265796822,622.8402877091639,1.1838854811965982e-05,4.522200591756799e-06,0.33521494563363297,1707.2668948611624,0.019572986230760966,5259.753877087183
313,0.6490261648676879,97.65264656069463,0.2663491523244664,96.98566458487232,0.40063282349786,1526.62709069499,1499.773306746206,26.85378394878442,0.126036343744353,0.11576045488866725,1.1233141329139955,9.440980258849604e-07,9.26926892443785e-07,1.717113344117523e-08,0.0001050795004450335,0.00010502212961981434,5.7370824187448e-08,9.459117364201164,373.7061549289502,7.507527207230464e-06,4.196437126622788e-06,0.2861425938648459,1342.4099115311662,0.018771439118090164,1978.248100646484
314,0.6508976207542666,106.41895617909039,0.35099021293914906,106.01585250728951,0.05211345886170544,1486.746988441823,1445.2338751309912,41.513113310833305,0.09926597770375437,0.12242090034729589,1.1687460340441822,9.948903150612127e-07,9.780897873533209e-07,1.6800527707891888e-08,0.00011203345315756752,0.0001119697579896023,6.369516636191634e-08,11.557460939010053,436.6301299536641,7.079044984860743e-06,3.0376810141452146e-06,0.3035465168713151,1496.8984579192572,0.018680668630531052,9.058006172330352
315,0.6255497628320694,77.49055081545457,0.20655085223401054,76.97748509373835,0.30651486948221274,2401.398473577917,2382.062050634569,19.336422943348175,0.11138586749554856,0.11225062066478945,1.1522930682555286,-5.106026959016242e-07,-5.241702634722451e-07,1.3567567570621076e-08,-6.447156852429599e-05,-6.45233837693446e-05,5.1815243550289816e-08,10.667055119536883,405.34826692782707,6.020892562187708e-06,2.671186727787345e-06,0.2963455222844533,1085.7708584182226,0.0186513966572078,16.62518272419402
316,0.5756814179815689,70.89231618462641,0.22157225819858498,70.51216059608332,0.15858333034451014,1546.0147916839155,1528.7791875980256,17.235604085891353,0.08342719309783814,0.10147934448018156,1.0360292304266776,3.839202760990787e-07,3.682368412429129e-07,1.5683434856165996e-08,4.1626347734701146e-05,4.1577070692677046e-05,4.9277040598783933e-08,5.655067084459947,469.88939180505156,6.188045381190571e-06,2.944044140511098e-06,0.2791746733140314,968.1110488123893,0.019477871425087796,-2515.6435303519465
317,0.5778493618860258,74.43210152257227,0.2009114652092463,73.99435223995965,0.23683781740335988,1632.6941245752726,1615.0672678007777,17.626856774495693,0.13203359935398717,0.09219815249461481,0.9463237177653373,-8.670293664415269e-07,-8.827721583895215e-07,1.5742791947994547e-08,-0.0001094092123950094,-0.00010946961441201674,6.040201578217986e-08,5.407011032442126,631.531381210259,5.539501180123756e-06,3.00254660008024e-06,0.264844436571806,1047.3963250342274,0.019878681972063227,-618.7019111137961
318,0.6840732587212707,99.36445982861943,0.30526465887743154,98.84777253285269,0.21142263688932422,1366.2888983813332,1346.8454280594156,19.443470321918085,0.14919106039444896,0.11209884774254945,1.1278726582848604,1.5127692134572351e-06,1.496161730354193e-06,1.6607483103041587e-08,0.0001714932233057783,0.0001714350510222235,5.8172282351583256e-08,13.679524544138589,671.1057329181263,7.791364199972259e-06,3.3501269335509103e-06,0.2923544144601439,1428.9469616942956,0.019108182813883913,666.9116102411608
319,0.6233758687725444,89.20345466829,0.2825000116255457,88.7097678107014,0.21118684596304804,1429.328550018878,1410.3591530892154,18.969396929660018,0.15450950548239792,0.11163752701618823,1.0632564743288444,-3.387572910453804e-07,-3.521882131401651e-07,1.3430922094784727e-08,-4.3979034079885276e-05,-4.403559343468247e-05,5.6559352922165197e-08,7.37394089207158,602.7334836228763,5.89064696497647e-06,2.6518669809708014e-06,0.2959447078038804,1216.9247145991856,0.01876795754689887,-664.0726504290797
320,0.6610536449052781,100.30063235856748,0.32725265934120185,99.56528151139095,0.40809818783532154,1727.363926011244,1709.2213138019426,18.14261220930218,0.17161629226020317,0.11899865406206131,1.0874469537733515,-2.91419371621848e-07,-3.0842683629519307e-07,1.7007464673344977e-08,-4.018292650367973e-05,-4.024018646923486e-05,5.7259964796657985e-08,15.552623189795106,485.0319937031879,6.469292932985223e-06,2.830355917319922e-06,0.2930687930453223,1426.0071734694116,0.018274210560122437,27.92652356286635
321,0.6381699310860938,103.82865033281128,0.3064969323572218,103.31109052083244,0.21106287962163028,1669.7427997176053,1648.0772945795081,21.665505138094446,0.17040281466536258,0.11309346540447342,1.1206923828114737,-1.2865599620142815e-06,-1.3059987745056317e-06,1.9438812491350134e-08,-0.00015954928963761287,-0.00015960783636814315,5.8546729618803286e-08,15.83813734450297,722.4286235305653,7.118036129177026e-06,2.877743135056894e-06,0.29078338208959187,1423.8080183051343,0.019119090469228522,564.3250413435526
322,0.658688692007531,99.41269739384302,0.2831671790517955,98.78359234969808,0.34593786509314434,1534.7319349849224,1506.8650109935581,27.86692399136587,0.1545769249608035,0.11466073208002817,1.098774548166005,2.126335595719266e-06,2.1070511763204415e-06,1.928441939882404e-08,0.0002422498284520799,0.00024218918366697106,6.064478394127004e-08,9.398404396964658,502.2516111582033,7.95906315816991e-06,2.6503533153362617e-06,0.30319058014300576,1391.1301512933417,0.019091019717492445,-2169.1111115928907
323,0.6013985568011871,95.88663406003421,0.2937987543779056,95.30631367805442,0.2865216276018578,1740.1427358454605,1722.1612810822583,17.981454763203605,0.08929935065941616,0.11094750901614736,1.0360076433609782,-2.8739788410302405e-06,-2.8912769698946594e-06,1.72981288644196e-08,-0.000349154997874976,-0.0003492125058500894,5.7507973102946044e-08,7.071834951320968,397.72439554409397,6.777976961799936e-06,3.2781159923103304e-06,0.29118528635645435,1348.7683108474744,0.018503455884277275,-882.8337675400508
324,0.6483168532348513,91.14105467451252,0.309752581467908,90.61896782943016,0.21233426361443683,1393.9207848223102,1379.4260950819032,14.494689740408184,0.25026365797331424,0.1251579053729881,1.2462991787880553,-3.235341166109318e-08,-4.707675449155013e-08,1.4723342830456988e-08,-9.90048879645692e-06,-9.959193227796608e-06,5.870443012782756e-08,74.64289887761907,409.92585729548307,6.130312244010506e-06,2.56907203480762e-06,0.32960411244074256,1310.3845412130688,0.018548334718871764,-1632.5310671857915
325,0.6262122788229201,90.34200055239005,0.3046618616583748,89.73289920958084,0.3044394811508473,1410.1573214273742,1386.258049184799,23.89927224257613,0.0814316209255016,0.10950247345340698,1.0736488033649003,-3.072926489411721e-06,-3.0887431624394727e-06,1.5816673027751192e-08,-0.00036625700208601223,-0.0003663133308966447,5.6328809745959453e-08,7.8271076242706545,413.39235826162076,8.502428581876557e-06,2.677700669520525e-06,0.2849925212900042,1315.2473097943844,0.018397695245525973,-74.5593965150656
326,0.5793646175251729,79.17793223226761,0.26088287299263857,78.66271413291682,0.25433522635815503,1209.278615890166,1184.5746411582375,24.703974731927303,0.08983571745104654,0.09177102495661058,0.9315652211456358,4.883270011269383e-07,4.7400018460680695e-07,1.4326816520131354e-08,5.1832137442551976e-05,5.1781606541958685e-05,5.0530899084641086e-08,10.915334003363217,482.0580153946283,5.115791903642401e-06,2.9178641060961375e-06,0.2592059191933002,1094.7342791750245,0.01875685042211574,-1202.7068022239328
327,0.644371757664512,106.05665241114922,0.3348322693621058,105.28700099465864,0.4348191471284705,1555.2297922846526,1531.9163586854982,23.313433599155005,0.1620443506280616,0.11532620775208066,1.065213016184873,1.417267561054677e-06,1.4025817068935398e-06,1.4685854161136646e-08,0.00015917391130367619,0.0001591132214840798,6.068981842927555e-08,13.056356632499863,533.3406660236977,8.276470165332894e-06,2.6907103736398366e-06,0.29280222222199365,1477.1437727224247,0.017669979804763643,0.5810359167626302
328,0.5982874522197328,72.41182158091868,0.21827164053495193,71.93452101969844,0.25902892068529776,1293.4051471281975,1276.2370290410427,17.168118087154596,0.09235461071075113,0.09627020060018224,1.0196576865668212,-3.513467891751821e-07,-3.644670390948821e-07,1.3120249919700027e-08,-4.485007765895671e-05,-4.489803076262586e-05,4.795310263672203e-08,9.261338205688636,185.0445654532603,5.3821707450512124e-06,2.7634334669305387e-06,0.267339797658714,1015.6206312500551,0.020344041150210393,416.3437392468077
329,0.6787663146713026,115.20022592619182,0.35795339094987866,114.55376435183835,0.2885081834035965,1423.347793249211,1401.7731744206767,21.57461882853601,0.12875238236139575,0.11904149486445557,1.1274760918221758,-2.6625744953394515e-06,-2.6803133778449816e-06,1.773888250552884e-08,-0.00032545391304343926,-0.0003255166947385735,6.278169398143436e-08,10.228800359955585,535.9535137100053,9.312367412176978e-06,3.3978223847320438e-06,0.30858963553914265,1552.6000653887709,0.01933816331049284,1398.2647496673235
330,0.6264078206444365,74.41520221999559,0.22225948206225948,73.8917384279094,0.301204310023911,1817.327510389669,1791.5398675090128,25.787642880657145,0.08860384332575524,0.09183816323281803,0.9138636830187565,5.922071010961448e-07,5.767546262234222e-07,1.545247487272268e-08,6.714991551373808e-05,6.709788740254027e-05,5.202810980873616e-08,15.837828345624342,1537.4922186018841,5.411468024226771e-06,4.704162587095956e-06,0.2527128494009811,1031.555325509377,0.020525142520526923,-1048.1538088632587
331,0.6041249589346448,82.70000715017028,0.21989791609667173,82.31333175364534,0.16677748042825502,1290.8912389649024,1272.4266929638175,18.464546001081995,0.29335670289433313,0.10045517038984726,0.9559984349466077,5.191918800439901e-07,5.046863787559025e-07,1.4505501288087836e-08,5.455750866990355e-05,5.450427655005905e-05,5.323211895426351e-08,11.728776790357376,590.5341158204998,5.600926264831482e-06,2.3153019401055402e-06,0.2741888631295568,1153.9040831362079,0.01983808808942811,-642.963910295075
332,0.6917820017023897,116.2206762810572,0.3849297422158366,115.62578566627502,0.2099608725663226,1418.2287372382928,1400.1055006578179,18.12323658047512,0.20948554017781268,0.12848767054302743,1.153365316649064,-1.3932934794493074e-06,-1.4113557293171844e-06,1.806224986787736e-08,-0.00016688313654824474,-0.00016694969642712759,6.65598773251292e-08,16.441609304225423,725.417677435978,8.267410366393744e-06,4.086845583025443e-06,0.319498931213118,1656.0656123009487,0.019350151185169365,-154.98317657071675
333,0.5987951536560183,67.60106695898675,0.2003312346380217,67.10855764179514,0.29217808255357813,1602.643469726404,1584.720733205232,17.922736521169107,0.07898952266662702,0.09980921482177567,1.0083037089401825,9.620778702493558e-07,9.493430971121937e-07,1.2734773137162631e-08,0.00011108529705388928,0.00011103784429532563,4.7452757638202334e-08,20.9828924499841,-414.48623113103764,5.082123647863288e-06,2.871911949311943e-06,0.27447342569848376,957.7603055304068,0.019404130541918828,-356.0360313491692
334,0.6457892126984522,96.01407952197242,0.26609942355979443,95.505044061503,0.24293603690963086,1443.5236405175228,1424.4509989060741,19.07264161144927,0.17831328499200386,0.1078712275234426,0.9973544227970536,2.0016181625843054e-06,1.9850899913107887e-06,1.6528171273517347e-08,0.00023139127322813023,0.00023133600503330402,5.526819359246981e-08,6.925927482440477,308.2476369549241,7.133597276523913e-06,3.258678838561971e-06,0.2776768619179122,1371.438768108965,0.01800001856712531,39.4084777550197
335,0.6427154063536702,91.2616849495596,0.26369726857472736,90.64912962844555,0.34885805253930996,1597.0353098142498,1578.397691530243,18.637618284007317,0.08837626755775288,0.11016945983498048,1.0564405878142806,6.333691719341801e-07,6.174304002007175e-07,1.5938771733462655e-08,7.188470247064579e-05,7.182520226347464e-05,5.95002061080082e-08,6.762368216262528,282.6700962508571,6.496860085592757e-06,3.046389343205538e-06,0.2895466336178391,1247.7474587906597,0.01822131781895819,517.8860434269918
336,0.6832521090834911,115.15070679125243,0.3470365473996873,114.40210674020618,0.4015635036465564,1751.7930489033022,1722.6952788106917,29.097770092611768,0.12813320536826509,0.13316864673638415,1.2735288277119816,-7.400940168863043e-07,-7.560937852255731e-07,1.5999768339268783e-08,-9.880442415432535e-05,-9.886576193315915e-05,6.133777731049666e-08,7.084066745420863,778.670718804043,8.559384149384454e-06,3.2859084897022864e-06,0.3230471163814118,1605.4332180689012,0.021055004100136318,-3010.5366870803227
337,0.621602131545987,103.54804554293656,0.3858936770756794,102.91740685955844,0.24474500630243692,1797.2683570667762,1777.1837868849757,20.0845701818022,0.10917747685577095,0.11984375678915822,1.1341453674880646,1.279145834989399e-06,1.2611797628687989e-06,1.796607212059979e-08,0.00014960452035510713,0.0001495425885809283,6.193177313707756e-08,11.125803687661287,605.3551114411098,7.727269632322475e-06,2.6628615963483232e-06,0.30909318682210984,1466.7406609368672,0.019706270681272568,-1750.693247765983
338,0.5753148547020414,74.08037425409907,0.23681055279216107,73.58635014655657,0.2572135547503031,1544.168600463215,1531.0723135117632,13.096286951451958,0.12871589115917031,0.09954029962924364,1.0104338351917006,1.3398276789481012e-06,1.3207656303948437e-06,1.90620485532574e-08,0.00015682713401978502,0.00015677190931642882,5.522470243878503e-08,7.636361962584999,753.3451806183111,6.053283527934172e-06,3.2689701006599377e-06,0.2789612599440767,1027.5233863137412,0.01856830535824974,1106.0326623702604
339,0.634615852323379,88.03741376330292,0.2800461525064151,87.43392130994903,0.3234463008474808,1593.1993953674805,1573.1606565848738,20.038738782607435,0.07802404190949831,0.1021944911832228,1.0159405756894249,1.0300656075986354e-06,1.0159539737569562e-06,1.411163384167848e-08,0.0001155830943658815,0.00011553344301328866,4.9651351791657945e-08,6.160840497117365,621.8855722676577,6.1964261297999946e-06,4.250715894642413e-06,0.27158944359725873,1216.7168211041105,0.018897993031283814,-291.8517255343613
340,0.5511189982171985,74.59809774613655,0.22434080028636,74.07491600850007,0.2988409373501011,1296.5205134054788,1281.0906400508618,15.42987335461463,0.1260793542128033,0.09231024298601403,0.9484512138019497,1.757146871921368e-06,1.7450651594018877e-06,1.2081712519479964e-08,0.0002036490297092035,0.00020359929752422628,4.973218373788767e-08,6.4009979149576,723.5229715453889,5.971619352285338e-06,2.4159743906892954e-06,0.24882997702929965,1052.6463938396482,0.01958108940108106,-692.0209860863179
341,0.6545339943411029,90.17959364844192,0.25786696220819716,89.58840641240585,0.33332027382786517,1427.1366660960562,1410.173826133187,16.962839962869417,0.17960570176394328,0.11912120481814681,1.1820731080292461,-9.355576479276262e-07,-9.493040097303882e-07,1.374636180276193e-08,-0.00011501236595487787,-0.00011506757977608505,5.521381988645638e-08,11.723014764733296,574.7484758421887,8.81751214408568e-06,2.847842439192732e-06,0.3177695645314169,1272.119765067675,0.018433974085895657,1583.3703050532276
342,0.5562227572008085,74.1049055618826,0.21575369618291468,73.73204050782445,0.1571113578752616,1401.4742878424079,1376.4233741443682,25.050913698041672,0.09619957491718142,0.09434564445969848,0.9638491602056669,-4.780948346141952e-07,-4.934367754311224e-07,1.5341940816927424e-08,-6.0270191064413034e-05,-6.0317965744515735e-05,4.7774678419090534e-08,10.287697721614727,330.55757787607547,5.2474338709934834e-06,3.115613218512867e-06,0.25303221864362035,1008.754332537631,0.018970537834384106,-846.9237807449499
343,0.595393368690172,79.37444576038304,0.23680306388430378,78.95243533610183,0.18520736039690913,1427.978205435901,1410.4898280232742,17.488377412626022,0.09808054396588592,0.1056278719606264,1.0561345576860648,-3.0156020704341706e-08,-4.626156199072818e-08,1.6105541286386486e-08,-1.0344611110266631e-05,-1.0398041351947126e-05,5.343024045270685e-08,9.213406862198983,673.0828504734991,5.9549062323536796e-06,2.6254290608821465e-06,0.2944110576812873,1108.3074137567075,0.019720578517667932,1090.4197485394725
344,0.6074055855818433,73.25528992730088,0.19580560747309184,72.80940149538803,0.25008282443977314,1661.5441895536117,1645.4713817919746,16.072807761637645,0.0930894758761544,0.10505111616530473,1.079176082643759,7.04385773931061e-07,6.902929966958698e-07,1.4092777235191365e-08,7.755305683816747e-05,7.75024153713719e-05,5.064146569372217e-08,14.324432691455737,177.48237749812606,5.443379712956502e-06,2.239670746834189e-06,0.28974767830215115,1028.8105469779887,0.01833172747781303,-2489.1274684529744
345,0.6223086403545421,84.18538867106614,0.20916878725721222,83.77930224453257,0.19691763927636158,1526.107075229669,1501.5612476724334,24.545827557234535,0.23806007168404092,0.0946221677187854,0.9664564899508065,-9.688253711516602e-08,-1.1106051788897071e-07,1.4177980773804744e-08,-1.7526680851728967e-05,-1.7576117607590258e-05,4.943675476874046e-08,8.02147931863652,522.2411091267384,6.705746980134599e-06,2.4691432461166557e-06,0.261017475116366,1224.4052576553092,0.01691385488985882,74.74268582109653
346,0.631877258013225,90.59336851657413,0.27646682940247164,90.04271536069484,0.27418632647682334,1563.7140774395887,1540.7903832028846,22.92369423670385,0.14757477284980752,0.1028329561188219,0.9753203282756567,1.2196838768345819e-06,1.204036329707192e-06,1.5647547127389884e-08,0.00013801214684979314,0.00013795666446665575,5.548238214800528e-08,6.753738054832816,203.48466558779452,5.793011085806352e-06,3.950266994599577e-06,0.26385375452958504,1268.4904725856563,0.01883429942882329,1566.0225799714135
347,0.7323107724823071,125.91359570572979,0.40160455228623915,125.15489180470456,0.3570993487390074,1439.950667650684,1416.6090920984066,23.341575552275348,0.12596132773774288,0.13478108796558244,1.1940726293915898,-1.9271378941869395e-06,-1.949521905358988e-06,2.238401117204867e-08,-0.0002340735874860328,-0.00023414734552710555,7.37580399500232e-08,11.270782774606609,880.2141169874498,1.015120516152022e-05,3.071168976349201e-06,0.3324514094730678,1799.501615313781,0.01859994836369912,-3450.9825881259894
348,0.6362953471786753,97.78291386426606,0.3551879192906352,97.14541661234387,0.2823093326315506,1526.5624589080471,1502.6688062630446,23.893652645001183,0.10475548543140173,0.11618184525569758,1.1085265253761893,1.3376080561448222e-06,1.3207883208761037e-06,1.681973526871812e-08,0.00015326814686934798,0.00015320919650084816,5.895036701053859e-08,8.1717771456785,206.83632417378615,6.418351453134023e-06,3.3728991998806234e-06,0.2979399605222585,1375.9123611435527,0.01925843607033696,-1788.7236052211229
349,0.6690719117709661,107.78494947065566,0.3102160190596342,107.19491369186031,0.27981975973572115,1610.6325919431806,1590.529744160749,20.10284778243313,0.12805444986564374,0.11981365034292453,1.1183534748968733,2.55163438814236e-07,2.375722971429749e-07,1.7591141671261137e-08,2.4004915594142278e-05,2.3946497631608088e-05,5.8417961374370945e-08,56.908703004779376,731.073996675884,8.4128386929103e-06,2.8278495597506352e-06,0.2980129161703229,1527.4216634931993,0.018991152784815023,-372.9013450051498
350,0.7895754177344406,129.47929288327074,0.41939252400550875,128.62003284565336,0.43986751361189114,1571.4530471409798,1547.1915999880819,24.261447152896636,0.13258538204744671,0.1359372289222087,1.2739758526211302,1.7149598082377719e-06,1.6965525502950925e-06,1.8407257942679557e-08,0.00019629714946235323,0.00019622554931831047,7.160014237395097e-08,13.534346602290686,553.6510671266094,9.786368528105963e-06,3.0287813761380006e-06,0.34663236336713854,1779.7029386396878,0.020237407346403898,-2199.5019674344403
351,0.6596311966848234,88.8946798211523,0.27687860524986085,88.37285212233698,0.24494909356544875,1291.7272762328394,1272.7846543844403,18.942621848397682,0.2805563119198749,0.1051205513238467,1.005709545877426,-1.3733939321869468e-06,-1.3863084532473574e-06,1.291452106041075e-08,-0.0001622953901562645,-0.00016235058205156595,5.51918940596997e-08,13.393744587988296,476.9311210458521,7.692501202895071e-06,2.826948530056386e-06,0.27666564983755076,1218.3248392008002,0.017925624145446527,-1540.4634288765883
352,0.6860508056443063,84.92292716177032,0.25938471747890757,84.40198966025608,0.26155278403534077,1453.9337763275141,1435.7198806773117,18.213895650199493,0.09182091827363888,0.10110884529071486,0.9985634426664844,-8.883895234844169e-07,-9.059531511647463e-07,1.7563627680329268e-08,-0.00010887347833917903,-0.00010893329782269346,5.98194821953258e-08,30.31693581587119,449.9446859198677,6.286856231477013e-06,3.4157633810614603e-06,0.2719311077409746,1185.433161607697,0.018930614651442884,968.9055297036175
353,0.6217981935921535,94.33610096847248,0.2995645094171716,93.82702224093522,0.20951421812008897,1667.9901354075755,1648.4488422112329,19.54129319634092,0.12495699282708969,0.116604206346447,1.09807537447234,-1.6123929698140392e-07,-1.7550715333295612e-07,1.426785635155213e-08,-2.419243823783089e-05,-2.4247982703501893e-05,5.554446452625998e-08,3.88525739428176,459.9686299371004,7.2580079737013965e-06,4.386217419097185e-06,0.3006653132844772,1329.5990717234995,0.018677592929058188,-1544.709644543058
354,0.7295206720621673,120.69610887244389,0.34900917558528366,120.00339481556631,0.34370488129226917,1682.3593284481547,1660.2314547853005,22.127873662851815,0.1393050656820411,0.1338121950146362,1.2221899469339441,4.4419515097835683e-07,4.2423181508628936e-07,1.996333589206757e-08,4.5744029297954946e-05,4.5680727554815144e-05,6.330174191696701e-08,67.8550798373789,361.30890222397807,7.480859370498259e-06,2.8481377678650915e-06,0.33467413171716826,1754.4924617234424,0.019312583211047205,-628.247015812045
355,0.6608430749885963,102.49773024328672,0.3648991979333417,101.76721710527643,0.3656139400769398,1749.1216308206233,1727.1425519193372,21.97907890128711,0.12334982522758368,0.11403468994195586,1.045294391335259,1.887656567216925e-06,1.869370992183949e-06,1.828557503297596e-08,0.00021495423313654677,0.00021488581168450894,6.842145094145422e-08,5.050645563887258,986.6812823445531,6.979459362191512e-06,3.1395858939872727e-06,0.2965911944230361,1413.3496949460455,0.021271410834808713,2526.5099832135784
356,0.6010699404924051,82.43087080663884,0.23950397336382656,81.9361928809425,0.25517395233248374,1639.7764405458338,1624.8067488758447,14.969691669989626,0.20220821310637427,0.10271451919921257,1.0162187993256748,1.5279563373813204e-06,1.5118349168245816e-06,1.612142055673876e-08,0.00017468205366237804,0.00017463084183888295,5.1211822298348766e-08,23.04991025735451,852.8825547824534,6.893187846647772e-06,2.9369782457526495e-06,0.2775140830893242,1160.4286538756417,0.019692495613454243,-1936.478396983497
357,0.8072778452081921,135.47289031049357,0.45780346186679155,134.62388884866994,0.3911979999568672,1523.8657879034456,1500.8928448550673,22.97294304837673,0.14331352848148302,0.15458202461575965,1.429697063961518,1.3523580172460553e-06,1.334599931197481e-06,1.775808604857385e-08,0.00015596851843124155,0.0001558978964357902,7.062199390324615e-08,38.93205294505084,364.78170501526955,9.597234093484075e-06,4.09873052910496e-06,0.3794890504278865,1866.0150043597268,0.020428485056182267,-1408.8782064323423
358,0.6106301519326371,83.11212829487198,0.2325535936751657,82.5251133306336,0.3544613705631988,1453.7796811531148,1418.9192640237238,34.86041712938952,0.10748498945649432,0.10621254218692397,1.0295476316938286,-3.114629895192403e-07,-3.2959001562440985e-07,1.812702610516963e-08,-4.329054421602803e-05,-4.334461226654403e-05,5.406804928284485e-08,5.576291155334529,538.3794763594681,5.914274291429427e-06,2.6491766505751877e-06,0.2812082934422524,1136.6494320911565,0.019381651166858586,-452.7201140408615
359,0.702688058777021,130.23959274812447,0.37392206921308363,129.58686020508398,0.27881047382740726,1995.674220120896,1967.5152706802244,28.15894944067253,0.20441362097949164,0.14387603871361593,1.2871459445022007,-5.19236726972126e-07,-5.352204883484578e-07,1.598376137633127e-08,-6.629725368133719e-05,-6.636328105506532e-05,6.602737236440987e-08,19.7237223740012,1135.5413997806313,8.800431795382704e-06,4.699279637672932e-06,0.35108043400275796,1761.5504400926043,0.02036390286181622,1185.0429862847232
360,0.6375773991279867,97.26244037685466,0.29491559791603206,96.70311530266972,0.2644094762688843,1594.1041769980563,1573.548963887189,20.55521311086734,0.13520400993917622,0.11229428302222598,1.0988807949467219,1.227777918626962e-06,1.2110008468326317e-06,1.6777071794329414e-08,0.00014288336519067076,0.00014282953178652313,5.383340307442047e-08,6.384332635815374,44.96907669136383,7.045420080355516e-06,3.213494899805152e-06,0.29454604415594426,1370.9609559012831,0.01784859081611264,-400.78628211428804
361,0.6246410400992523,66.56531002468637,0.18381987830247454,66.14359078708026,0.23789935930363998,1400.1338285324368,1384.455392710282,15.678435822150847,0.13761636688033493,0.11209919169973045,1.1667420506304298,1.4769873376440698e-06,1.4612648619303984e-06,1.572247571367183e-08,0.00017019605899300385,0.0001701482249389265,4.783405270205763e-08,5.246379445331412,596.6174262761637,6.2132003546498025e-06,2.897671723925666e-06,0.30430377990939816,888.7539506562287,0.018468628887114938,281.38703981277285
362,0.6811029331079561,111.51007362539045,0.35047184443340107,110.73583340246884,0.4237683784882083,1875.1314545301148,1851.1595899010495,23.971864629064765,0.1183938935893668,0.11809131797697102,1.086199477985919,1.100339985351776e-07,9.535634016604527e-08,1.467765836913232e-08,9.89258513888636e-06,9.832148241871778e-06,6.043689601295236e-08,8.568877229097435,320.7814101576754,8.113217878383075e-06,3.0619044472663825e-06,0.3034180657046929,1568.1422706670492,0.0181806450912722,-2099.788728529613
363,0.6800180679590156,102.53326197686549,0.3496998960702702,101.7884008689579,0.39516121183730823,1957.8788260261138,1935.239377165382,22.639448860732802,0.10687637611794454,0.11514457190213218,1.147057777347332,2.2749730717001935e-06,2.260745007414157e-06,1.4228064286035212e-08,0.0002671322918205289,0.00026707541882386976,5.6872995477133306e-08,12.223690155457373,1225.987185292243,7.070890553379361e-06,3.055665199716564e-06,0.29949331848921007,1426.2088684329105,0.019408690346963246,708.2915745471037
364,0.6360470234987889,97.82118689611283,0.250406640277717,97.24391872326272,0.326861532572402,1959.5264652790386,1937.6934167571933,21.833048521846045,0.11458081217758018,0.1194161450470816,1.1426204943067524,1.089562524320304e-06,1.0737342551125476e-06,1.5828269207756887e-08,0.00012335133330395638,0.00012329737356642977,5.3959736695844564e-08,9.28094364308284,405.4856206389509,7.0947343137523485e-06,4.523369010536498e-06,0.30640955322462154,1357.7158159054413,0.019221523717438224,709.2314812328368
365,0.6066904388563268,84.47664295588145,0.2506133814787214,84.01292177729032,0.21310779711239408,1598.7502165885853,1573.498456399074,25.25176018951254,0.12520839420010665,0.09298008044135238,0.9084955532512274,6.536492613844018e-07,6.358651179554138e-07,1.778414342898809e-08,7.680272526870828e-05,7.675065340553657e-05,5.2071861956512985e-08,9.294770529042928,481.29847851306585,5.850249329458499e-06,2.536789425558955e-06,0.2554436540931931,1196.1319006850147,0.01843548709085971,2665.009186192485
366,0.5868352550406923,82.41223381834426,0.2981776408270185,81.77990574774547,0.33415042977177106,1566.0888645260356,1546.4030650797843,19.6857994462531,0.07051863618229781,0.09305367715732968,0.9239885814547779,-1.9990561041395533e-07,-2.1361075468456973e-07,1.3705144270614371e-08,-2.846944867712129e-05,-2.8520567463470966e-05,5.1118785133316154e-08,21.433095146695706,-10.126720470629806,6.13137522582971e-06,2.8674344763946004e-06,0.25107338558619646,1172.5422133666264,0.019288897109148717,-333.57763817830346
367,0.7304265806549719,124.83244009097223,0.5048362115579796,124.02569141010486,0.3019124693093746,1388.5683830405037,1366.1838123137802,22.384570726722952,0.13274828139972106,0.12951215522372408,1.144489629021657,8.046301025340305e-07,7.863526288683718e-07,1.8277473665658934e-08,8.927121422266568e-05,8.920108923232922e-05,7.012498911210416e-08,26.84089881751922,492.7910611584945,9.151551480252126e-06,3.259658990566676e-06,0.32563076812094605,1732.4569384985218,0.018310464373496954,1329.3314447128032
368,0.6597997930371451,95.79024273613379,0.2433423113290882,95.24924865137268,0.2976517734320132,1269.4464428693054,1251.5274313263433,17.919011542960625,0.08959441209514138,0.10855077452839426,1.0346387207477308,1.336185465930503e-07,1.1908183719296703e-07,1.453670940008327e-08,1.5540571778724387e-05,1.547796188069132e-05,6.26098966238462e-08,16.212818896204503,581.2845777260843,8.295604311941116e-06,3.2271798835377132e-06,0.2853487568016657,1370.3069716360046,0.017865674486343703,-454.27677903542644
369,0.5736535099893614,78.21214719016588,0.2307819988794895,77.74177518631369,0.23959000497270047,1229.3180561928987,1210.4661926056674,18.85186358722952,0.08375412651860012,0.08510198455681711,0.8220296345758947,1.3226970367461461e-06,1.3088034713148176e-06,1.3893565431328603e-08,0.00014965342796949746,0.00014960503423453445,4.8393733362962744e-08,8.050759328186125,407.37514223947727,6.612683332323821e-06,2.3193853376562534e-06,0.2380952443929817,1106.466020945994,0.01753103250457354,1242.2257850272326
370,0.6689421187851812,110.85783602355909,0.30032318174747574,110.26604610890008,0.2914667329115279,1595.834261567338,1571.1394226306547,24.694838936681876,0.3468436254448338,0.12021528471990575,1.1066667565848467,2.6942393627859054e-06,2.677980500364898e-06,1.6258862421006976e-08,0.0003136653370054358,0.0003136058628787405,5.9474125393400036e-08,10.964756829379077,485.44600549356056,7.269805848361956e-06,3.617449767936866e-06,0.3124652493895592,1583.4001396353383,0.018304453363300263,649.2084972144366
371,0.6391329333739353,81.27738719573841,0.23101495249007653,80.86802692680229,0.1783453164460661,1694.9793788945337,1676.109891994549,18.86948689998527,0.12282553272698875,0.09622054395999138,0.9943656297943648,-1.0094923456599853e-06,-1.0225124445380508e-06,1.3020098878065472e-08,-0.00012395387014938923,-0.0001240089279556456,5.50578049724535e-08,23.846079504043704,706.3508433741428,6.134332691531021e-06,3.6275367117101332e-06,0.2650966834870418,1157.054115697496,0.018278735618557685,373.83059055631384
372,0.6539361685912167,100.08348929540924,0.3029813778085125,99.40884458808942,0.3716633295113118,1566.137795122157,1544.2132356290379,21.924559493119983,0.11000513316269418,0.11584807204067137,1.1555887558721087,-5.987805625103658e-08,-7.967537375620118e-08,1.9797317505164604e-08,-1.662537086189592e-05,-1.6684278713795165e-05,5.8907849990396895e-08,14.177213180199045,657.5286050799144,7.919875042470471e-06,3.367122217258509e-06,0.2935416350347939,1377.8360528512403,0.019147016147197528,-14.988166132061451
373,0.6246007248435459,82.20631244709104,0.22102851719592356,81.79316819786797,0.19211573202715876,1146.2042086568433,1129.5372307902303,16.666977866613717,0.09835768667229401,0.0976568546307001,0.9679405542953656,-1.7830658050382032e-06,-1.799558094500233e-06,1.64922894620301e-08,-0.00022037778192287484,-0.00022043423230760448,5.645038360360886e-08,5.54610237428885,711.2168484216461,6.679711561207078e-06,2.647354327280148e-06,0.2609029051838295,1138.567313204268,0.017181830818644942,-237.74290975311305
374,0.6189092926575632,93.57173998889682,0.3146102452468153,92.92571875303179,0.3314109906182243,1435.038139428963,1415.9107749431364,19.127364485824103,0.13004026466492538,0.10899541785739342,1.0357681468188429,3.1151954825371324e-07,2.9462973334574855e-07,1.6889814907964773e-08,3.101404375847481e-05,3.0960571148264224e-05,5.347260942630476e-08,20.5074847410199,560.8984477662384,6.951013290815542e-06,4.390451092700634e-06,0.28233642225600347,1315.182204853814,0.01736333854125432,3281.7485267257907
375,0.7300344953643967,118.56007507559724,0.3877394311206195,117.92530997065732,0.24702567381928486,1718.2684159259184,1696.0400496020184,22.228366323901486,0.11768303570451896,0.1396113969356334,1.3487808780512323,-2.4712147205860204e-06,-2.48702112193673e-06,1.5806401350709444e-08,-0.00030000884676859984,-0.0003000717149111591,6.286814130621309e-08,11.913301267904057,383.8234543660293,7.937679246474427e-06,3.319910122154637e-06,0.3487015158029343,1689.138530306567,0.0209679450844811,138.46164863074227
376,0.8002642477085601,133.13640674447504,0.40528247333610945,132.28240431224089,0.4487199588980345,1678.0490474264352,1656.3235020634304,21.725545363004326,0.2448089331438622,0.15231766283283749,1.389746158392776,-3.437009665696433e-07,-3.587834261241231e-07,1.508245955447986e-08,-4.9051246144580834e-05,-4.9121991826855664e-05,7.074568097586951e-08,37.943106645752515,490.70933293775994,8.806058734915752e-06,3.2205741575199155e-06,0.3830433878765447,1852.2335708684266,0.018567792373912075,-1172.1451412130264
377,0.6577059087460437,111.55638483628677,0.35830262935482193,110.87765196274924,0.32043024418269483,1377.5195950004954,1357.2586821536731,20.260912846822713,0.11221325623515618,0.11375005119744502,1.0627105233223402,1.3718915226825988e-06,1.352760487395114e-06,1.9131035287484146e-08,0.0001527361999692412,0.0001526693859231509,6.681404509169437e-08,9.662304395435818,588.3582795489131,7.645850520905222e-06,2.9088765422263357e-06,0.292715086132377,1542.301692597059,0.01814324482676365,2730.641037206493
378,0.6835324209658276,102.51857631004232,0.3294761844137432,102.06102727460382,0.12807285102476737,1357.7877012344682,1339.3792093948673,18.408491839601187,0.1062834572046939,0.1131572317514583,1.0601790377946976,1.2670850271218696e-07,1.0917075365002064e-07,1.753774906216633e-08,9.70144866588625e-06,9.646959782331564e-06,5.448888260766327e-08,5.196621974663759,494.6458486125161,6.608427069444345e-06,2.9851652460633396e-06,0.29051325250174587,1441.6716065867188,0.019268662780932783,-1459.406524518945
379,0.603841227478781,96.90531749537894,0.28719680421796334,96.29011583311916,0.3280048580418002,1777.384772912556,1753.297875542381,24.086897370176203,0.21644909444717042,0.10416729237844997,0.9860864873135076,9.529231476558577e-07,9.353966236922077e-07,1.752652396365005e-08,0.00010813363150505744,0.00010807860187129342,5.5029632210535875e-08,8.975923737910978,581.1209099012199,6.303688963082613e-06,2.5427730227297305e-06,0.2749188366678671,1330.6558794641737,0.019239015823108024,-2025.2377225595337
380,0.6686286652412347,104.33985903658184,0.3247229220069001,103.76405028234765,0.2510858322273092,1444.1943511430236,1424.4916086907429,19.70274245228051,0.0878819719227417,0.1173864306898464,1.1281397278907326,-4.49685524207028e-07,-4.677633877739598e-07,1.8077863566931775e-08,-5.6632124525165376e-05,-5.669082545927084e-05,5.8700932760503974e-08,7.475040702913326,490.5231574855749,7.500703582754764e-06,3.5802123171739227e-06,0.29257781547159545,1469.9073129481635,0.01875445268724179,81.50807512779284
381,0.5862175516920481,77.65423835037124,0.232898673762893,77.24518102709986,0.17615864950849086,1448.6289337977285,1429.2167191483222,19.41221464940605,0.13735680361953462,0.09543523244303875,0.9502585355873056,-1.234062979432155e-06,-1.247759029630108e-06,1.369605019795351e-08,-0.00015241680416844714,-0.00015247039862333473,5.359445377178245e-08,24.18606403161137,354.7459071203113,6.12356491475896e-06,2.91529512936454e-06,0.26165414977213813,1114.4973960941963,0.018843478468807448,-603.8525353702025
382,0.6300612571083207,86.65049978737552,0.31111862972518894,86.06056745903535,0.27881369861497457,1341.740008726865,1323.7226470070282,18.017361719837965,0.09321267854362943,0.10106557451234373,0.9700550677525837,-8.96868705815108e-08,-1.0820173667481306e-07,1.851486609330222e-08,-1.708639254142348e-05,-1.7143302606464844e-05,5.6910063728968514e-08,5.740696676129906,553.044663191184,6.6999205117614966e-06,3.185523293874539e-06,0.27809468957773,1206.0982067854818,0.019029223338522767,1239.4563708998758
383,0.6239229983619312,86.56342894492448,0.27655646436911085,85.95832863456955,0.32854384598581626,1460.6727617450836,1442.7745362086619,17.898225536422192,0.11816787557622725,0.11218144077372608,1.0887219565285582,-1.9632953714173828e-07,-2.1272904545989596e-07,1.639950831815766e-08,-3.190175864188406e-05,-3.196017231093425e-05,5.841366806525543e-08,20.92881826070724,613.903948598284,5.489011505794504e-06,2.597529195527031e-06,0.2946210439110228,1239.631171476939,0.018972037266755507,429.220369042956
384,0.6869138620062128,109.59392654133188,0.3336789265193667,108.94600097838585,0.3142466364266526,1504.1056583482484,1484.3005271480595,19.805131200191443,0.18479127201235993,0.1259943816645849,1.1945078325797582,2.8547183161503046e-07,2.698586783555702e-07,1.561315325946021e-08,2.931139618504516e-05,2.9250886677710448e-05,6.050950601602443e-08,10.607745952962002,736.7460367683159,9.248553852692948e-06,2.8556228863578863e-06,0.32212669318559084,1538.8305014151163,0.018266453102910318,59.94144877377403
385,0.5440471802240977,67.50292336930853,0.18648988801064428,67.0728306890649,0.24360279223299222,1319.8030161973436,1303.3726346106969,16.43038158664796,0.0955742886401504,0.0932395078357078,0.9545666766507334,5.247106247593838e-07,5.092227121543713e-07,1.5487912605012365e-08,5.843590930847484e-05,5.838919817291907e-05,4.671113436355806e-08,9.844502069086857,403.36381933570004,5.089544866160494e-06,2.249859679347643e-06,0.24790408969415798,980.5229887000436,0.019540681573928846,-1197.6760067164505
386,0.6156485236685317,91.29879305924132,0.2560891034335326,90.74220665831346,0.30049729749431553,1273.541685841361,1254.1861051287337,19.355580712626985,0.16754165907840177,0.10960984201726982,1.0328139393949103,1.2430227328585376e-06,1.2268242419437965e-06,1.6198490914741444e-08,0.00013944672985529487,0.00013938807712379176,5.8652730487195705e-08,10.056845723398855,793.4402646870304,6.15264909239338e-06,3.588943133329553e-06,0.29115953455581073,1280.6455133192799,0.020015377466678773,60.21304268650056
387,0.5668918138145562,68.12527604896695,0.22743915265775239,67.63817823023396,0.2596586660752236,1362.607353874344,1346.3243302514388,16.28302362290426,0.06524967497981839,0.09637079575770055,0.9746852753354237,-5.6375725895807854e-08,-7.339664622899457e-08,1.702092033318676e-08,-1.0798704851227005e-05,-1.0846141197035591e-05,4.743634430696402e-08,6.814259483846007,399.83478192943113,5.536422436270501e-06,2.5352762114585924e-06,0.26675632735874005,943.6236973280115,0.01921944852345113,-1126.1462340389226
388,0.8128243695938365,135.3126192879289,0.44902292846948344,134.36026430462198,0.5033320548374394,1585.3098580511953,1564.5157779552776,20.794080095918805,0.11592367761914635,0.14918507255910346,1.4158172913434282,1.4981304232808626e-06,1.4825275666854977e-06,1.5602856595365e-08,0.0001707465055136075,0.00017067428295765893,7.222255398957085e-08,11.577705145714607,672.7888579258314,9.453490534456656e-06,4.272853702555762e-06,0.3808491719701344,1934.7690134847192,0.018345404538109254,-1863.6211106852934
389,0.6567468188388221,91.86627831056559,0.25357511611379496,91.42070869943369,0.19199449501810079,1813.5687109770527,1792.6777915625864,20.89091941446761,0.08826948233586543,0.11368951793640028,1.1242845388104665,-5.992320638419022e-07,-6.138044408870353e-07,1.4572377045133126e-08,-7.566284948916103e-05,-7.572709247851154e-05,6.424298827085308e-08,10.826524036492888,845.7672108716026,7.3173970748190866e-06,2.76133681942432e-06,0.29501715285710767,1314.9634845354121,0.01994874031102154,693.5874505062748
390,0.7668378334712066,128.36870925908872,0.3774654778392718,127.63959291872712,0.351650862522322,1817.9672224816989,1787.1764209384983,30.790801543202488,0.3697374338139795,0.13794740789411944,1.2498072486039766,-3.9141914378999487e-07,-4.0803136835045143e-07,1.6612224560456607e-08,-5.140833008294659e-05,-5.14777724467442e-05,6.944236218797432e-08,49.546163068853936,241.86156675435092,8.039838563265617e-06,3.3306604513170774e-06,0.342036247008829,1876.5104055437648,0.019244716030828474,-1424.1982783577332
391,0.697481110274969,108.02302192786424,0.25646362654169286,107.48283562205046,0.28372267927206074,1810.301730887496,1791.3156934992928,18.986037388202575,0.1361240526146481,0.13296169722566054,1.2811129744671208,1.3503915553436834e-06,1.3338737731284029e-06,1.6517782215280054e-08,0.0001537304783516663,0.00015366995662419758,6.052172586447419e-08,162.25807168112118,674.848660050183,7.884093240025048e-06,2.6512074131684886e-06,0.3443250693222341,1543.0868010958839,0.020229529827683876,-960.4819815256087
392,0.7508320254320885,125.90263052167644,0.32778439984542534,125.2623694209731,0.3124767008579045,1677.7838958537945,1650.8486240082395,26.93527184555661,0.11194770062722788,0.13134776906213153,1.186063032501324,2.1536801112274292e-07,1.9789324229043642e-07,1.747476883230656e-08,1.9309261973742786e-05,1.9245928857378026e-05,6.333311504346766e-08,14.097318572307241,429.62675835273484,9.869414709440804e-06,3.5574869015113505e-06,0.32747637030002985,1776.0893840968663,0.017993187833209124,1998.9556940610673
393,0.6593908732825727,126.10586700150459,0.45823343756494134,125.32014898743373,0.3274845765059215,1468.0951509371453,1448.0025353168232,20.092615620321762,0.14605346179286194,0.1346026799917829,1.194050275942449,-1.1054617524996118e-06,-1.1229335445959933e-06,1.747179209638161e-08,-0.000140625796412525,-0.0001406868976741874,6.110126018401812e-08,15.71221455404481,536.2659899065144,9.376762020495272e-06,3.2352867356890473e-06,0.326838001441215,1854.333987609321,0.01861928402760509,887.71637647639
394,0.7518547868818316,138.8376714545679,0.5281387756369281,137.73476216793236,0.5747705109986083,1732.135080533156,1703.455171618827,28.679908914328383,0.21443071712315492,0.15074573592126597,1.3338341114651209,-6.715988681577172e-07,-6.909848049339014e-07,1.9385936776184324e-08,-8.455332285878509e-05,-8.462710274328129e-05,7.377988309747373e-08,25.901408248800426,839.2749074013667,9.270473741141286e-06,3.5692212234350557e-06,0.36021408324340076,1974.13510702039,0.019345808655005816,-712.7093894141508
395,0.5852714018315464,85.97499447728556,0.2822600205708418,85.38173310830324,0.31100134841148197,1336.67620114427,1319.3046288379821,17.37157230628873,0.1023221299892845,0.10208033031152942,0.945556826239957,2.505362622258691e-06,2.486095237124637e-06,1.926738513405494e-08,0.00029032228110463775,0.00029026782235843453,5.445874479159239e-08,13.885838421920234,727.8419887022872,6.654416961779737e-06,2.5622727565921386e-06,0.25826278439933276,1217.47352609594,0.017521773487511234,1437.815050954563
396,0.5645125358632592,71.74054701124469,0.22263456464749798,71.33920232393714,0.178710122660054,1337.6515349351935,1318.9867919479798,18.66474298721624,0.14946864483547484,0.09968511197111309,0.9959231157247292,8.231278546923528e-07,8.068680467159845e-07,1.6259807976368336e-08,9.360307728024337e-05,9.355286504752576e-05,5.0212231318334567e-08,25.069778653788674,498.5637442816954,5.798011249531926e-06,3.9165191819822504e-06,0.27390158951349347,1004.9642011526902,0.016414669968484247,-365.9885681420492
397,0.5989759143945856,71.08938829224736,0.19440807856888104,70.54415500773582,0.3508252059426595,1275.3608260288113,1253.5276760645902,21.833149964221093,0.060461062922855566,0.09231942147687991,0.9408235974736795,-8.471735991928792e-08,-9.91429191083993e-08,1.4425559189111365e-08,-1.4041070492459792e-05,-1.4090893011588471e-05,4.9822517903213715e-08,5.036958820504247,454.4408367300059,5.409353281760021e-06,2.413997125611426e-06,0.26197886090149547,983.6180473206684,0.017842417460670706,-1689.6606701490637
398,0.6303574443923877,82.01802155386467,0.21707935332187617,81.51350321071911,0.28743898982369676,1659.203430288588,1639.2992756944166,19.90415459417142,0.20663428970030492,0.10472540889579667,1.041426939554863,-1.3693648464845017e-06,-1.3824135200424317e-06,1.304867355792987e-08,-0.00016374524827128818,-0.00016379530213416624,5.00538612832613e-08,6.015970291756549,554.3489015959959,5.290550807039896e-06,2.757713269751696e-06,0.28193545954917587,1147.7821484913227,0.02015962000935848,617.2337309451395
399,0.6315224255769912,86.55721942818262,0.2537023658532358,85.98311550984668,0.3204015524826926,1577.8334440076317,1559.4656009255852,18.367843082047507,0.1089752176521888,0.09908167471711948,0.9645257040888713,-2.194514436289397e-06,-2.209874961901428e-06,1.5360525612031175e-08,-0.00026271338562279593,-0.0002627684626761727,5.507705227424843e-08,6.582466987865628,555.2842275051823,5.935900441502285e-06,3.343020426832389e-06,0.26311590808745017,1201.5081762586635,0.017609306720318203,1777.2333644807477
400,0.6356206927883783,86.08701033519664,0.27211011228023047,85.59712160275247,0.21777862016392943,1368.2019380182849,1349.240292315245,18.96164570304116,0.09033343401870081,0.12217003152409445,1.2014145910826663,1.6555487831502182e-06,1.6373774913483713e-06,1.8171291801846818e-08,0.00018959708179580722,0.00018953543667720544,6.16451173089733e-08,8.753709710496253,632.3914987433104,5.989168611242169e-06,3.634673336774402e-06,0.32409035758579174,1176.6370762344814,0.01930200685830078,976.4603254343601
401,0.6017900685971769,85.93461655280852,0.27974331752180637,85.40960462868169,0.24526860660502836,1311.301139074819,1295.182441842375,16.118697232446102,0.11196099517350876,0.10943684238242848,1.057564848914513,1.1938051728556553e-06,1.1764279982196498e-06,1.7377174636005554e-08,0.00013267880481618806,0.0001326244761493876,5.432866561772413e-08,7.406296697921357,332.85949734916886,8.096231906453032e-06,2.640519733803289e-06,0.29377686661744046,1230.387212023231,0.01878635999270184,-380.3335112122804
402,0.6930066998918545,109.42981318845324,0.30899293247481596,108.75811956128615,0.3627006946922773,1524.860136998749,1501.0134775299575,23.84665946879347,0.15953829897387106,0.11773435743897036,1.1232218794309274,1.3951161554464959e-06,1.3771559911905973e-06,1.7960164255898698e-08,0.0001559266983086885,0.000155859946931198,6.67513763647654e-08,18.576017581564912,463.9829653383507,7.4638619440940315e-06,3.3374409429798004e-06,0.3030180173771211,1503.5304113261843,0.02019104676313011,-520.8081749409466
403,0.6182480754633414,79.60704043792227,0.25490768779157247,79.14427392010731,0.20785883002339403,1679.636292257408,1658.8822063420093,20.75408591539957,0.0925907384940744,0.11284540142536185,1.140905326020316,1.4010189379492732e-06,1.3837847150525827e-06,1.723422289669089e-08,0.00016244611427983815,0.00016239444333660512,5.167094201215325e-08,4.725325973714368,421.2738268836278,7.436989546290701e-06,4.192300202099519e-06,0.30591807122100284,1113.020170106423,0.020637654177306626,-851.2583807590927
404,0.6636790410331337,90.16797481953972,0.2955903871825798,89.55730696542702,0.31507746693014044,1457.993956555344,1438.7607201142885,19.233236441056153,0.1028921706446868,0.11240344618188745,1.0787984909794768,-2.9487309879196957e-07,-3.137370802291422e-07,1.886398143717263e-08,-4.137928898479808e-05,-4.143945561430904e-05,6.016662816332993e-08,11.435822890442964,476.6365068108156,6.4646624898502075e-06,3.5920887673640436e-06,0.29879372775387975,1242.518684761652,0.021332572293059966,-489.3587559238222
405,0.6719281627294451,108.9294406766549,0.336388032259136,108.22515090931437,0.3679017350814042,1301.8109550670968,1281.5072354823587,20.303719584735877,0.2027112542689229,0.12483135306565486,1.2069371109599107,-1.120686410716458e-06,-1.1383499631710791e-06,1.766355245462121e-08,-0.0001413966884420907,-0.00014145680357759448,6.011513420762347e-08,14.16879236252479,417.40376255569174,7.942650289520147e-06,4.2326914131024734e-06,0.30407396318835733,1605.4294251036747,0.01681927579918116,1605.8433938783928
406,0.6356539996765482,94.1125503692323,0.24430227423646103,93.58445688482306,0.283791210172761,1503.3547889242398,1484.9691858446479,18.3856030795934,0.13473831559433982,0.10741314398998476,1.0595848596140998,4.086044437317201e-06,4.065630426640782e-06,2.0414010676419696e-08,0.00047935803267596034,0.0004793011862675867,5.684640666321526e-08,8.57579249519709,605.2429206830112,7.377931075257603e-06,2.908405471750489e-06,0.28114507458546484,1352.9614543866137,0.01888221821255764,1236.8959397346152
407,0.7121274853008015,126.04418630461656,0.4824265488375833,125.2102632059557,0.35149654982327827,1404.2348401547915,1378.4964929299201,25.738347224870193,0.11135472111050645,0.1512733303660835,1.3663782098984352,1.035108784591537e-07,8.855662832089866e-08,1.4954250138255116e-08,9.566420601661014e-06,9.499609263819871e-06,6.681133663832811e-08,33.24887660633624,537.7820153558944,8.53418682133809e-06,3.473609764797546e-06,0.37100430563870135,1765.9047079647587,0.018299706590665328,-3257.2906960740947
408,0.6514269821504161,88.1639065714511,0.3003815020859488,87.65345358677976,0.21007148258538558,1598.2935613330365,1579.6554818638558,18.63807946918151,0.10805438778630318,0.10384161217319521,1.0094098280766328,-1.0406033258547487e-06,-1.055385020044323e-06,1.4781694189574257e-08,-0.00012760490965536597,-0.00012766030278540158,5.539312884998232e-08,14.3693911065098,225.5727787841845,6.2621519565984395e-06,2.649777986383602e-06,0.2826372216851462,1232.1446462239821,0.019049549804137488,-1789.431952227027
409,0.5774068967518275,77.91372589851858,0.2983594152117159,77.38072305717137,0.23464342613549982,1370.9971101631197,1335.2549064066498,35.7422037564703,0.09319302379090208,0.095345255283838,0.9907778946856983,-8.346446593723231e-07,-8.517642762825781e-07,1.711961691025476e-08,-0.00010578877097103956,-0.00010583772068952779,4.89497172562889e-08,4.254030669681693,320.98333255850287,5.708469213940351e-06,2.609531788755954e-06,0.24987579493725265,1055.7470737678848,0.018964757988813138,-223.09882017999553
410,0.5508017766283122,69.44525781217652,0.16838703783889308,68.98722782605007,0.28964294828756143,1412.9395383926435,1398.524813655781,14.414724736861055,0.14001722499668873,0.09472051579357958,0.9366973869570085,-1.7148969620921964e-07,-1.8531124542029227e-07,1.382154921107265e-08,-2.49568295054579e-05,-2.500473674448753e-05,4.790723768438743e-08,6.033102757646254,474.49425418532735,6.415047803133805e-06,2.72295754962071e-06,0.26442511811819064,978.5142974905119,0.018094495893034752,325.18936421738545
411,0.6540998564556911,96.69323076862966,0.3298809313498109,96.0236784771395,0.33967136014037047,1401.4497468384461,1377.5945522867025,23.85519455174622,0.13194067129490686,0.11478958393057621,1.096681334959789,-1.5037021071859166e-06,-1.5173956747787848e-06,1.3693567592867868e-08,-0.00018607999604058613,-0.0001861317436979574,5.1747656119111954e-08,10.620193720594889,528.1493904595922,7.480261423017962e-06,2.9962135042268355e-06,0.29512925543730983,1399.791841095142,0.017961839020811214,458.26689045263265
412,0.5941973838160622,75.74682267283151,0.2040469920460671,75.26959209154514,0.2731835892403177,1361.5923165164313,1343.1960221016006,18.396294414831676,0.21383196532493698,0.09100521344815747,0.8860861019910536,3.589489062146401e-07,3.395675533657475e-07,1.9381352848892618e-08,3.88735656114779e-05,3.882316876945252e-05,5.039684095404377e-08,15.959591527465975,637.6028394522552,7.511484930656845e-06,2.6732236483115738e-06,0.25534158294377607,1042.751468331973,0.019127869183612468,2358.4979755713757
413,0.7070996464542035,128.15091742513965,0.46186635653751507,127.408937739403,0.2801133291991411,1818.1629247224575,1794.8763898272466,23.28653489520913,0.2707409441928505,0.13963857481327283,1.2642284170958915,2.2800675287054873e-06,2.2612229735962983e-06,1.8844555109190244e-08,0.00026304856111617993,0.00026298868813203467,5.987298254698007e-08,34.61142004977133,680.6450071050504,9.521154719507765e-06,3.572593354152182e-06,0.3346186854326148,1781.6459064825979,0.020204833438099003,1518.6200807408677
414,0.6071967993654417,79.04787374139572,0.26707967409899874,78.59788263395893,0.18291143333779994,1540.0947868890196,1519.6950555666465,20.399731322373064,0.11732396045734317,0.10437013964471283,1.0207836576005487,7.975155721200678e-07,7.846382764268061e-07,1.2877295693261367e-08,8.788863638709998e-05,8.783475577377684e-05,5.3880611753386635e-08,8.590806596003599,431.52055830389764,6.817013254342595e-06,2.7004077338004614e-06,0.27966589820324306,1108.274454656662,0.02123131642940105,405.5861863409409
415,0.5602561538234349,67.45912626117726,0.21275706746397563,67.07668165742955,0.16968753628375557,1497.5340072022943,1476.2161505260367,21.317856676258547,0.07414829270002582,0.09472467677989231,0.9816714112570506,-7.294182351035506e-07,-7.422804077861843e-07,1.2862172682633998e-08,-8.834643555314884e-05,-8.839635315982553e-05,4.9917605454164945e-08,4.100922416538573,-20.787001138903847,5.338793141959354e-06,2.5983412807692368e-06,0.26178755382990737,918.3750525249955,0.019710833964246843,948.9644198280694
416,0.6297791468743262,94.36094015220851,0.2781842951271493,93.91034459761613,0.1724112594652389,1403.775551973509,1378.1042883950274,25.67126357848121,0.08032099446984704,0.11443358499228262,1.1015571991572477,-9.333440745673012e-08,-1.1057033397659232e-07,1.7235926519862206e-08,-1.8597395891178477e-05,-1.8659280121585415e-05,6.188422912996301e-08,4.279571552355412,289.9534811258958,7.519292813520299e-06,4.019991283901045e-06,0.2951070135387232,1308.3477993604229,0.019016432646186746,-557.7522160425287
417,0.6018459428635944,94.03111281251962,0.29891452841695615,93.32608465349432,0.40611363060835737,1357.3386959470104,1337.6771083030515,19.66158764395886,0.1428249177458786,0.10250818637719986,1.010012723378761,-3.705084990630724e-07,-3.8666267507062223e-07,1.6154176007549744e-08,-5.0623163780645235e-05,-5.067779777608701e-05,5.463399438259623e-08,8.21090805008151,471.2017301433503,7.600644613198081e-06,2.7483059615735543e-06,0.2615548097919571,1332.577630413412,0.018301361663215585,-527.2743972331846
418,0.7158753518565376,115.27087744087557,0.32293993110088326,114.64662712872568,0.30131038104897884,1302.0211748790452,1280.1559175968275,21.86525728221797,0.17055929379894746,0.1361107478509231,1.2937800029772875,-1.8962607554329594e-06,-1.9170079275642884e-06,2.0747172131330356e-08,-0.0002294596077009283,-0.00022952350495647643,6.389725449830064e-08,17.606688067537572,656.9723894029685,8.852832074046709e-06,3.1404213598176774e-06,0.3500829976719579,1653.3048713406602,0.018611783205970026,-2836.6089392326467
419,0.5618030615903848,68.61578078649501,0.18785853799867208,68.13807737795402,0.28984487054232405,1323.6692584567897,1310.185581794625,13.483676662166824,0.1513364328913399,0.09160539302571576,0.9516831097220837,1.0918345222245636e-06,1.0755606634635134e-06,1.6273858761050648e-08,0.0001239261529056703,0.00012387593953494953,5.021336963813301e-08,8.664873504713086,176.0595582917699,5.9991814764455125e-06,2.7173442847359665e-06,0.25712058352520345,952.5333755672123,0.020121795606194065,1903.6690754300816
420,0.6422912782030088,99.39018358267109,0.24734041496456105,98.77705087830851,0.3657922893980292,1527.0814565716496,1508.315676093384,18.765780478265906,0.08684063362933049,0.10917730476373576,1.0253666932725698,-9.516976881860847e-09,-2.4494796281223035e-08,1.497781939936217e-08,-5.84271443063846e-06,-5.896541931599799e-06,5.382749913177264e-08,6.936507000373098,672.858592313817,7.830479748427136e-06,2.8875167619254737e-06,0.2891788663329137,1334.9573741549539,0.018638780219516773,233.05645245429332
421,0.6179856545103759,94.73989526257913,0.2926500161216664,94.31492012061128,0.13232512584619668,1592.0603581365456,1575.7022900921193,16.35806804442746,0.12301367003343525,0.11115206836684545,1.067483907117528,-2.1920633254105495e-07,-2.368732437409341e-07,1.7666911199879053e-08,-2.861932616546423e-05,-2.8674148101142122e-05,5.482193426366902e-08,15.471692339705664,766.3493708534195,7.205790241804023e-06,4.272338180089384e-06,0.2873417392237,1283.8334852484074,0.0191465632330547,-998.7950176783306
422,0.5990710383878944,85.10419895599898,0.22850771229972291,84.66382737675382,0.21186386694541645,1383.9848236639432,1363.957437930082,20.027385733860978,0.09518671630230938,0.09700054765805523,0.9136835860800137,2.8564911751821086e-06,2.842723556128466e-06,1.3767619053642215e-08,0.00033730019873599274,0.0003372427959436628,5.740279171500247e-08,8.793812754344696,356.09330799230906,6.021913671172292e-06,3.030240155633404e-06,0.2545255439545248,1178.2138265873787,0.018423796345694746,-1635.5189729648228
423,0.6412154232689317,88.7144771401361,0.25791854078878224,88.22397169803334,0.23258690131396703,1512.6084836186726,1493.629090108746,18.97939350992464,0.09404787018634342,0.121121023542042,1.1984449056811053,-1.6587646835120686e-07,-1.8127906489679927e-07,1.540259654559244e-08,-2.7380695844098652e-05,-2.7435808142692655e-05,5.5112297571782824e-08,7.081478799030439,474.9709728387301,7.56398916276921e-06,2.671686662300035e-06,0.3307227962653236,1199.0614253288945,0.019804786974323942,2198.335165196895
424,0.6907883602831236,99.59051389955351,0.3320129420976386,99.01749213570186,0.24100882175401886,1431.9371274625714,1406.8594087139898,25.07771874857978,0.10615367406305733,0.11250193024962453,1.0961133343777638,1.1267753309433756e-06,1.1129570349906048e-06,1.3818295952770378e-08,0.00012827341516801873,0.0001282150639625197,5.8351204550926835e-08,7.945521855367476,539.8410785878291,6.208397012170342e-06,4.5291042589230715e-06,0.30398591122290763,1432.7620385081118,0.018353724711265416,406.60179587654056
425,0.6685142900079456,108.0841596350156,0.4603373651784836,107.41149248207932,0.21232978775776234,1800.6657132992068,1779.1555885987389,21.510124700468925,0.11414828983341024,0.12075451407938045,1.120743715240723,1.2449251471614684e-06,1.2288678236975635e-06,1.605732346390471e-08,0.00014258423881921138,0.00014252623178361126,5.800703416632285e-08,8.416494917577896,468.8444071640601,7.716583409838017e-06,3.4738911686923195e-06,0.29717908079802063,1557.972723724118,0.019257323962505346,-1360.2425800193669
426,0.6470754339805701,95.04378240082391,0.27106758098560796,94.46553110005412,0.3071837197841958,1849.6666505026737,1830.9703506233584,18.696299879315454,0.06052012328020928,0.11303270934280799,1.0996961730743473,2.571405379610381e-06,2.5576257177470084e-06,1.3779661863371516e-08,0.0003019184525829317,0.00030186295202955796,5.550055216196429e-08,18.11213269867141,969.2838294363683,6.654973718291038e-06,2.8569753795312274e-06,0.2960140951136624,1354.1780412073556,0.0181895852884074,-416.02114346843155
427,0.6316711948666813,80.61961098001032,0.20966171188189592,80.08530021276299,0.3246490553654418,1397.6656390044193,1378.2870405471147,19.378598457308282,0.08105181272324458,0.09215091953833103,0.9102292724869185,1.2682784765067993e-06,1.2515980838711166e-06,1.6680392635682723e-08,0.00014342678618630835,0.00014337476325300337,5.202293227125334e-08,5.979218126759184,195.5988081569337,6.1387424081501034e-06,2.301727612684072e-06,0.25062063290085684,1132.992552457421,0.01849911199366093,1930.379380360955
428,0.6198091383001482,94.43858549535608,0.3112835071628344,93.85396158639624,0.2733404017969971,1558.6241288255353,1536.834457492811,21.789671332723557,0.10084731203281083,0.11146710448860317,1.0337114725217535,1.5534002985918035e-06,1.5375194149888307e-06,1.588088360297263e-08,0.00017910338111003246,0.0001790487566775618,5.46244309954516e-08,12.308602585597377,435.22694673457056,6.639597402910768e-06,2.608272279319295e-06,0.27914319574057234,1273.6054232747103,0.017968024647376173,424.73740776806153
429,0.564528453466599,69.78218092753987,0.21769921907242026,69.46948536824215,0.09499634022530046,1250.286039173237,1232.1808394558043,18.105199717434083,0.08860197433950578,0.08824244033574793,0.9026056282629334,1.2225866643912033e-06,1.2075947592330404e-06,1.4991905158162947e-08,0.00014123018579642065,0.00014117101063667442,5.9175158397661464e-08,10.672365638436233,384.63054406282936,6.036946707781856e-06,3.231388330840908e-06,0.23924913976807546,961.13656017594,0.017554127507717662,-316.16862780110023
430,0.6807238768475581,89.61062297294701,0.28140645015120885,89.08010291353679,0.2491136092590207,1415.875504604512,1391.4359389759848,24.43956562852704,0.16618224170286813,0.12295122467902095,1.2011609236027443,-1.4996776063467185e-07,-1.6410457574467062e-07,1.4136815109998797e-08,-2.3677690826543953e-05,-2.3736392918311685e-05,5.870209058677735e-08,8.17911237352433,160.25453153005898,6.797647750020771e-06,2.44692414930573e-06,0.3209745629971342,1268.929207308704,0.017445057959523825,682.006310251054
431,0.6700057575013946,101.37595671192567,0.32135856184707623,100.73595093331603,0.3186472167625597,1421.1400398148412,1397.1100197886278,24.030020026213077,0.0929541061958511,0.11129575713914351,1.0512920240297055,5.172465109090658e-07,5.016837115428376e-07,1.556279936622792e-08,5.327903818023983e-05,5.322186348604691e-05,5.717469299150794e-08,108.00894527125485,374.06935822802643,6.924020191633195e-06,3.5884010373352633e-06,0.291934613103139,1461.9975655717255,0.019570234264101004,-1545.0957109621813
432,0.6468412996976732,86.26858630622128,0.3759528276938114,85.58117325429667,0.31146022423079833,1281.9922852335644,1263.797982778748,18.194302454817596,0.08814293760609287,0.11106737579809596,1.0807907285423137,1.7108197426501039e-07,1.5667587914168577e-07,1.4406095123324595e-08,1.3704898756467486e-05,1.3649161089460907e-05,5.5737665656223193e-08,12.634671167240043,491.0923256251076,6.456655443175794e-06,3.362882083446512e-06,0.295456819252393,1234.94597421696,0.019267001925364114,1505.1813951936492
433,0.6500640043443735,88.31248188531293,0.30379183266702514,87.80487785688491,0.20381219576098095,1500.966219299564,1478.5191260874708,22.44709321209193,0.09038619132788979,0.10700522280061707,1.0504790603589285,-2.226944343093082e-06,-2.2407519700286753e-06,1.3807626935593691e-08,-0.00026543070759633156,-0.0002654929210955373,6.221349750086855e-08,7.880014452003237,380.73703764682375,6.1932904269628624e-06,3.4461405675952395e-06,0.2830548984167998,1240.6672112147644,0.019063397754452756,-2605.233163575027
434,0.6371085437772757,88.88223931140998,0.27026914607030594,88.39754333653617,0.2144268288034757,1070.9003845614552,1052.6454818682405,18.25490269321506,0.1520300548429918,0.12578111056094146,1.2619244151840217,-3.1718562624428876e-07,-3.3364205324382214e-07,1.6456426999533267e-08,-4.104064135631859e-05,-4.1101027138005864e-05,6.03857802257804e-08,6.836325253173568,993.6837722579272,8.09277707010764e-06,3.303200809260265e-06,0.33172099076727113,1278.54199906826,0.019640317470258312,-2088.436729432291
435,0.5747637072659598,78.8826811792889,0.2151273423454856,78.43049271389688,0.23706112304652677,1297.817566420351,1283.871317453564,13.946248966788763,0.12102178338690579,0.10159171825203824,1.002697242081273,1.701742156149474e-07,1.5558206269036667e-07,1.4592152924580787e-08,1.3389193720807526e-05,1.3335354576143937e-05,5.38391432329056e-08,5.765919851554431,323.30079131088047,5.9375653926610215e-06,4.200719438419361e-06,0.2650079592435422,1085.3179361918349,0.017209212204316284,-1009.8747243702892
436,0.555118850683512,70.40555549376485,0.17866561120227337,70.11248220369119,0.11440767887139401,1298.2858551176919,1282.2054254713564,16.080429646334025,0.10849983402013082,0.0854898270522357,0.911838646725795,1.0824579889476226e-06,1.0696101379441499e-06,1.2847851003473119e-08,0.00012317228244945977,0.00012311773856156836,5.4543886515982275e-08,22.14201478192328,314.28358935719666,5.4150244691584515e-06,4.091678147319508e-06,0.24041239525656974,979.75516912347,0.0179340604739786,-195.2985924268396
437,0.8099755584261354,149.90071832567676,0.5044803574577804,149.05750942609293,0.3387285421260615,2317.227028726436,2289.435027528968,27.792001197469883,0.314259156093075,0.15568436822561615,1.4164203622419895,2.2350928039137493e-06,2.210859585933021e-06,2.423321798072924e-08,0.0002542904786284355,0.0002542190818617528,7.139676564370828e-08,22.497777023750267,737.1848941575279,8.913695113753869e-06,4.184188471058639e-06,0.37100234302267837,2045.8614452300073,0.020157917691837696,-788.3182931847368
438,0.7355148412134038,128.83292703779622,0.35203002560891944,128.11846699963414,0.36243001255317475,1317.4465175787807,1294.898839404539,22.54767817424525,0.09693709970045405,0.140367635555779,1.2805983172707311,-1.0803287378610785e-08,-2.886602167917864e-08,1.8062734300567824e-08,-1.058397310344383e-05,-1.0651925067460678e-05,6.795196297418553e-08,34.94131958343328,1020.3791522167653,8.20169534708167e-06,2.8113919828003795e-06,0.3422732535766967,1823.3054948750057,0.018309978750077005,2845.3556940779017
439,0.5881462251235287,82.3460702630655,0.2449437523581994,81.81519101100305,0.2859354997042553,1456.8222912030217,1440.035426552356,16.78686465066617,0.09608799460028146,0.09904581088499946,0.9842309183998718,1.8103572819403513e-07,1.6569544395508984e-07,1.5340284238945237e-08,1.1621910664811034e-05,1.1567246252097323e-05,5.4664411338000405e-08,67.99740109362192,445.1335869036557,5.817963995418254e-06,2.95709265908294e-06,0.26438125105445176,1114.0086617717227,0.020903296290297423,-1368.293606782754
440,0.6172017329533491,84.62160080242357,0.2584895330361389,84.14436449890086,0.2187467704866041,1318.3011887015764,1300.447112758569,17.854075943007796,0.2333484355662172,0.10153479418670006,1.0084116935271168,1.889696268417887e-07,1.7295881090138992e-07,1.6010815940398806e-08,1.6513195285107803e-05,1.6458151771184817e-05,5.504351205653782e-08,3.9095273762993235,363.9560593234228,7.364607894080419e-06,2.592715318806827e-06,0.26883406980674557,1171.0629688113024,0.017999324774367588,-269.95106874998237
441,0.5892389586461895,70.49884611607081,0.23503370098680412,70.12909757054526,0.13471484453874324,1441.6683111008751,1422.179708258349,19.488602842525957,0.17160351950798305,0.09025070082026321,0.9520380740746808,1.8201306911226222e-06,1.8073607355156186e-06,1.2769955607003125e-08,0.00021028177203802402,0.00021022674181400927,5.5030222408728544e-08,7.694786793715926,307.28731512272805,5.807584796000041e-06,2.8467225100502396e-06,0.2516781756405288,951.6330478691398,0.019424242330359085,880.8823508869464
442,0.6122805581381879,90.53498650044588,0.292773460889796,89.93343756737508,0.3087754721810278,1524.2425756631071,1508.286626182628,15.955949480481511,0.10097761644112739,0.10850031352462315,1.0332929913148516,-1.3351494346785544e-07,-1.4956156880352692e-07,1.6046625335671488e-08,-1.8544487710890686e-05,-1.8602606808102178e-05,5.811909565866787e-08,7.561116278187351,379.5344948057205,6.6262074736856135e-06,2.469181390992451e-06,0.2824475747708854,1213.5394837191147,0.01829186601255814,-1839.358207290963
443,0.5304187398478095,65.58573170183317,0.21166378664909735,65.10955779591082,0.2645101192732574,1582.8693466943207,1565.9586461841457,16.91070051017617,0.11176614183808314,0.0811451676056711,0.8233333946983407,1.3767820120833489e-07,1.2131920448625096e-07,1.635899672208396e-08,1.1004177536677295e-05,1.0955990220724137e-05,4.818731395849589e-08,8.361035904470464,387.39988330359785,5.830021485319865e-06,3.15482732445118e-06,0.23143416424483437,933.4630956927601,0.01907029328262385,1963.5002701454814
444,0.637581658414154,100.97942189322839,0.30137461352416006,100.40726647449961,0.27078080520462877,1423.9818921147844,1401.2876843641077,22.694207750674803,0.17397247360975315,0.11595881020425337,1.1116127157631106,6.122542430298101e-07,5.963753983178065e-07,1.5878844712003944e-08,6.469675817786338e-05,6.463708449846927e-05,5.967367797851889e-08,10.05813713944095,837.0024211305324,7.13005490576779e-06,3.6681432133308375e-06,0.30521807554165536,1426.016764160256,0.019381226169044648,670.0700707384531
445,0.5497927289206064,69.6330275312304,0.1844212239612737,69.23193999825722,0.21666630901190823,1191.5467721402363,1177.7559468953866,13.790825244849001,0.06620908821964404,0.0953409029063979,0.9851998729019902,-2.092912174458382e-07,-2.219833000673681e-07,1.2692082621529955e-08,-3.008027673712711e-05,-3.012802506357131e-05,4.774832577535944e-08,4.813728677706994,195.306419078702,5.1817012641524534e-06,3.0358100408624517e-06,0.25916964137540477,947.4091029964746,0.016781023531454192,1375.0683399074624
446,0.6081026638992295,80.92605002780769,0.24902857378490376,80.4730702270163,0.20395122700648988,2147.131536880991,2129.2245385433575,17.906998337633905,0.11713240708839125,0.10596482476809571,1.001151078973032,-3.450085437749221e-07,-3.5968732237202337e-07,1.4678778597101118e-08,-4.356663245472426e-05,-4.361881028623739e-05,5.2177830306024386e-08,5.065946187858707,595.1139216671653,6.157086619399935e-06,2.7990890204549935e-06,0.2805192716770879,1119.025158361895,0.0194580391252349,564.757254844324
447,0.7170318579135057,111.55666624470703,0.34368288148604825,110.88826029146136,0.3247230717596262,1689.3725017480367,1667.4077008654447,21.964800882594048,0.21541458047331166,0.13307938902428998,1.2641294188045975,1.1983640173830646e-06,1.181412055241324e-06,1.6951962141740746e-08,0.00012730576937980138,0.00012723949028128112,6.627909683125705e-08,24.6872684182914,343.594237740752,7.759220284556478e-06,3.001865149589948e-06,0.3297408917468601,1551.858132390666,0.018907833456061077,1800.5065081831199
448,0.6268275779525959,86.52636729324578,0.23305661170064745,86.02498765951579,0.2683230220293617,1574.3442412924073,1548.0309680956068,26.31327319679917,0.23979451273330932,0.09915126664522896,0.9710470665137708,-3.8495737405046504e-07,-3.999407552013173e-07,1.498338115085222e-08,-4.754420526099439e-05,-4.759905252044678e-05,5.484725777219784e-08,6.1204290506118815,404.1348394599117,7.173596024479486e-06,2.7157714221108336e-06,0.28396994313612905,1218.1849223285576,0.019310004553805785,-2282.862090505976
449,0.6270397214437253,86.0740472613721,0.2970330822691264,85.46493357252739,0.31208060657557574,1633.4830830034023,1616.4589446342084,17.024138369194652,0.14939471349177566,0.10972869443501448,1.0870908948612965,4.5992555021744487e-07,4.432773171529346e-07,1.6648233064510396e-08,4.972017008334285e-05,4.966542855888002e-05,5.474152331404732e-08,9.544665161167671,455.8732117616114,7.985639031580074e-06,3.862516622425046e-06,0.29022893673970784,1165.788031583736,0.020584301462588397,-804.2563359614869
450,0.6153207812048278,79.76858573537092,0.24250871431820376,79.19881942523992,0.32725759581278774,1709.7682000492257,1694.8246593241306,14.94354072509569,0.1184653064697524,0.1049175183335022,1.020703756153814,1.6820367209918698e-06,1.6693740363412053e-06,1.266268465066455e-08,0.00019208097494798304,0.00019203056158209286,5.0413363944204146e-08,5.49854592054185,821.3440707740065,6.037465143825798e-06,3.908282669457245e-06,0.2906087914285189,1145.5730540299944,0.019640419284742375,-1746.8726658912274
451,0.6462591630219996,103.01590242782105,0.3154064012026536,102.40948303179813,0.29101299482026566,1380.7179404564768,1360.1955914824084,20.5223489740682,0.2188942474435324,0.11480507834333765,1.1097204715493687,-1.9733559476463416e-06,-1.99058193918923e-06,1.7225991542888938e-08,-0.00023922525840513353,-0.00023928084336277033,5.558495633426618e-08,20.01937060475649,373.98163829537566,9.339729631251091e-06,2.876358475849682e-06,0.29612376949523883,1475.58244247795,0.017296699060412615,-322.3734097767847
452,0.6933089524509471,129.3497216727881,0.4166013234246225,128.54343512978235,0.3896852195811171,1608.5981382527675,1580.25686653531,28.341271717454827,0.26917654019786313,0.1395051130596065,1.2349772409669366,4.845341397103174e-07,4.6742001255067727e-07,1.711412715964034e-08,5.340748417228609e-05,5.334047142578296e-05,6.701274501451487e-08,17.72464218927436,529.8514217040776,8.459940048758912e-06,3.3506310742356425e-06,0.3353485272733254,1814.6771991740616,0.01708971391700438,1131.4063902010603
453,0.628340684203209,85.23863417237445,0.3045360204930162,84.76866169671797,0.16543645516344008,1209.3362525379214,1188.2680681976249,21.0681843402952,0.12945053960391528,0.10992602744282887,1.078292001129344,2.2239333078576685e-07,2.0588559367068228e-07,1.6507737115084603e-08,2.493320811784756e-05,2.4877414610978595e-05,5.579350591518181e-08,8.773379630154132,143.75922484419928,5.831637751184031e-06,4.152221174107575e-06,0.29065413448229954,1171.0210702594945,0.01820778592899107,588.8489517356102
454,0.57626571591321,78.66599495277822,0.242424272557098,78.13001245190273,0.29355822831839884,1490.674548315973,1475.086812642576,15.587735673397553,0.07699269352287627,0.09569721868125339,0.9633543023399556,-1.0049336258739325e-08,-2.4205758040287912e-08,1.4156421781548563e-08,-6.4634484503693996e-06,-6.518923713665286e-06,5.5475262245342137e-08,8.359102019180094,595.3116264591102,6.259508377079603e-06,3.1303930213258626e-06,0.2670372680281216,1121.3083473737677,0.01874485521994897,-963.1623465563098
455,0.757284402218214,150.6778714775648,0.4822399508882543,149.72725565518547,0.4683758714909991,1796.9165927334002,1773.3533945869535,23.56319814644656,0.14585136161285692,0.14400728989336425,1.3403717361041554,9.82174608200334e-07,9.632872899495088e-07,1.8887318250825184e-08,0.00011146917138410333,0.00011140301727782331,6.615410498582952e-08,60.722442727197716,941.7922560653645,9.167973808849346e-06,3.2607439056139484e-06,0.34643874477297737,2143.722764857745,0.02030207427708728,-641.5324146836429
456,0.7179772156284179,125.3139457452224,0.3707336492904354,124.77438363850675,0.16882845742521613,1511.6682019623133,1482.9213305043986,28.746871457915898,0.15712754906509288,0.13985317073216066,1.1729667719571577,1.3782555434081553e-06,1.3588499948100554e-06,1.94055485981004e-08,0.00015591391277109784,0.00015585639522882008,5.7517540657217514e-08,11.885285220057163,799.4213496275127,8.339291631179078e-06,3.391788349960346e-06,0.3361578626070895,1797.526487177879,0.01781091569355216,-3579.883370842028
457,0.6138885231837938,76.73734024708989,0.19533617205960718,76.37474499416784,0.16725908086243702,1389.969026358775,1369.3501877374251,20.61883862134947,0.08840662577916478,0.09332577011944719,0.9376985977041121,-4.59893033226702e-07,-4.732818177188558e-07,1.3388784492153754e-08,-5.659587354811629e-05,-5.664439786395081e-05,4.852431458555605e-08,4.417376855996544,121.48876093917269,5.002939578897132e-06,2.5913215293439912e-06,0.2647668345918482,1068.2321278462298,0.020417911856985868,1479.0300252823909
458,0.6214086719776718,78.37685916788038,0.22701400994623303,77.8889188235946,0.2609263343395574,1230.2285766827024,1213.2112728641932,17.017303818507973,0.0899150905137735,0.09650314672526242,0.9504633349483996,-4.670929261362859e-07,-4.836395023759935e-07,1.6546576239707693e-08,-6.0126995467717785e-05,-6.017571729887214e-05,4.872182985797894e-08,6.2363019835656175,306.55143654760604,5.460999291880135e-06,3.187832887750217e-06,0.26959073662181493,1097.1008301638917,0.018385475034660422,757.3863703742354
459,0.6727981474545981,83.11928686251551,0.22571818950265018,82.56926155647292,0.32430711653993405,1633.3970932130117,1616.6020141571591,16.79507905585352,0.14549661051464624,0.12444248569470216,1.226589144703775,1.677377082640588e-07,1.5450566709614108e-07,1.323204116791773e-08,1.2953221103571544e-05,1.2897923413233665e-05,5.529768925113119e-08,6.1820479524615815,404.7485385415508,5.582119417136129e-06,3.4058371242927728e-06,0.3371599579956917,1138.376384935847,0.019736035320284704,-1240.6041372412328
460,0.6337261163797773,85.38765733111114,0.25737151130145136,84.92698619478969,0.20329962502000298,1722.2236317629347,1701.1431955721025,21.0804361908349,0.09714082587437087,0.10917117156838137,1.1158404438002454,6.93786921089913e-07,6.773961434351836e-07,1.6390777654729402e-08,7.337996958609798e-05,7.3322029521726e-05,5.7940063023563595e-08,7.881789359152945,122.94209457621658,6.582797198426957e-06,2.9627158289366925e-06,0.29856559695010815,1163.91900931305,0.021604529799867954,-916.0536714414884
461,0.5795022699704004,78.6514184872043,0.23677098650559988,78.02658252954878,0.3880649711499105,1677.4683554023045,1651.9551478581873,25.513207544116078,0.3611338805110535,0.09325912222625263,0.9626944875291055,-1.7929829396046323e-06,-1.8077381727801682e-06,1.4755233175535919e-08,-0.0002174124386905528,-0.00021746246933600002,5.0030643994112405e-08,5.444106146864957,376.6811129621179,6.352911483804754e-06,2.8614152669152864e-06,0.2548208153568579,1119.5884658279058,0.019423104393508226,-1077.9172783985887
462,0.6862262072146369,98.51885440415734,0.3365768069263449,97.89389950859479,0.2883780886362179,1196.6392950005556,1174.8415579238397,21.797737076713595,0.1411543671556298,0.11259256478060768,1.072474184746942,-1.6482418576516574e-06,-1.6642612804012385e-06,1.6019422749581133e-08,-0.00019956943793330193,-0.00019963144806148253,6.201012698968487e-08,9.909056647152248,405.3026679798992,7.009733249324538e-06,2.90669013577743e-06,0.29160859111905213,1354.4057342768683,0.019557884646634244,-654.9906024914817
463,0.7082898243336945,117.57239221169635,0.38006062369090104,116.86417112135035,0.32816046665509346,1344.896971342486,1317.7153968679506,27.181574474536813,0.18044915697200986,0.13070203773035982,1.2134258015819401,4.4375739608368064e-07,4.282830026684594e-07,1.5474393415221304e-08,4.670871913624054e-05,4.664513742356649e-05,6.358171109352839e-08,8.862788428688212,479.14347780574,9.313408627868027e-06,4.083245252318142e-06,0.3180043499921066,1625.8560657021774,0.018972818820209816,1618.6488265576372
464,0.7778264795698986,148.06646990192908,0.42819720754695867,147.25788798187594,0.3803847125061769,1683.6108958434882,1654.7128490092603,28.898046834225198,0.12166024661821777,0.16220535292537636,1.466831231988721,1.4904818038474288e-06,1.4721086499145669e-06,1.8373153932862307e-08,0.00017211352727546453,0.00017204167082078556,7.185645315270374e-08,14.554171516147381,645.1832306511941,9.86417082101049e-06,6.445437278104433e-06,0.3941193218978796,2139.667197187185,0.02013885897738469,-356.8409330155846
465,0.5832910740489478,80.68608472376019,0.2341917301627205,80.11696407885249,0.33492891474497216,1219.847930065488,1202.0089656571108,17.838964408375983,0.09481258111921924,0.10013261719031208,0.9891878967692078,-2.1371385373215333e-08,-3.507306312536764e-08,1.3701677752152312e-08,-9.470517657572423e-06,-9.523266502547815e-06,5.274884343480888e-08,7.376202632483655,390.53195696915003,6.499358527543451e-06,2.382935109920719e-06,0.2690361325544692,1126.5028691303837,0.018406711004781477,-242.33855842693447
466,0.6893716367464479,107.72932894219018,0.36715644613805076,107.31779897692877,0.0443735191233576,1578.974232788335,1557.9804045562687,20.993828232065013,0.20888807171306442,0.12279662291474956,1.1387311620838632,1.635448211389131e-06,1.6161572560369385e-06,1.929095535219212e-08,0.00018776724697320998,0.00018770434866409344,6.289830800742008e-08,13.199908892444455,442.7611920954164,9.412213384442046e-06,3.0482470968511233e-06,0.31812906258274687,1520.7530571807915,0.01771219389858247,-103.56820723736382
467,0.7579181602271517,124.30475232810527,0.3648228327943722,123.61363331458232,0.32629618072857935,1484.0751727793588,1463.779884774025,20.29528800533336,0.1252327331304289,0.1349691713659524,1.1758851911935324,-4.758415845889911e-06,-4.778992594044692e-06,2.057674815477972e-08,-0.0005727413320446101,-0.0005728059696237307,6.463757748737607e-08,7.645601170637946,551.7124964591475,8.200978365533055e-06,2.9152619869561255e-06,0.32552416418365804,1739.3078152145247,0.018892894350429023,2016.2536399654346
468,0.5319999990859209,64.08241545548469,0.1958161505724728,63.54254685510304,0.34405244980918287,1267.1052825848517,1247.6501676898813,19.45511489497009,0.09126695621017344,0.08759409687447138,0.9049210814425822,6.241437729987899e-07,6.109613032484669e-07,1.318246975032301e-08,7.048181334881437e-05,7.043241349634307e-05,4.9399851331507594e-08,6.980985274853868,48.15147816790087,5.0645924690674885e-06,3.2492143325980943e-06,0.24456192133791468,879.955683280951,0.01880982375075817,-99.46188652605997
469,0.6018946318104341,89.65011793276693,0.26443442575325193,89.1499686042392,0.23571490277448226,1400.2022449260182,1377.844713642934,22.357531283085805,0.06909913810639855,0.09979373860537749,0.9652646104094169,-7.279423101240907e-07,-7.418673816634651e-07,1.3925071539374578e-08,-8.690416986298307e-05,-8.695841679351436e-05,5.424692921821345e-08,5.888749480215053,479.24875055579975,6.082204752722927e-06,2.4541957317752054e-06,0.2616368633854903,1262.9342615156588,0.01836813266605287,-705.0097071600103
470,0.6684290444552098,101.39725335958082,0.30628308071026156,100.83795993677397,0.25301034209660117,1561.829869096246,1538.649629133917,23.180239962329917,0.14730593179611243,0.11229842899407229,1.0819804208389814,1.2551775959646848e-06,1.2371870439087826e-06,1.7990552055902154e-08,0.00014270255599112424,0.00014264878609951786,5.3769890248125215e-08,7.751245939807428,528.0789728376528,7.554333211324713e-06,2.8584778547778555e-06,0.30384465633909774,1423.2231969579059,0.019449848087826998,173.587541253386
471,0.6523789115671094,110.55827700645837,0.34835811074222084,109.75081376845155,0.45910512726459773,1416.798645552955,1395.9695797027064,20.829065850249624,0.13267965363437284,0.12499595808488273,1.150438862680038,-6.232663748200907e-07,-6.394374947808933e-07,1.61711199608026e-08,-7.922293543583114e-05,-7.928087163713825e-05,5.793619974631206e-08,13.95438284219182,894.8150620176549,7.2863741686027915e-06,3.0752187378786513e-06,0.31413393981093146,1622.5308658550516,0.018146550367619526,219.30130547656154
472,0.6739402367281624,78.21802790564547,0.19006856877788414,77.74191620686331,0.2860431300042824,1722.1226408429875,1701.229977374545,20.892663468443054,0.08973512808638423,0.10655871253670918,1.074325618176729,6.649091865673466e-07,6.466647997606852e-07,1.8244386806661284e-08,7.267013298178316e-05,7.26169704363055e-05,5.31625443386189e-08,8.201423179902392,564.5067799116432,7.228760456883181e-06,3.163195632569524e-06,0.2876394912816817,1068.2505763238178,0.01994187634642843,622.4493400924875
473,0.6343697036691692,90.24139090963175,0.2529985313782541,89.659181220361,0.32921115789248906,1659.8384307356046,1608.1404620147784,51.6979687208269,0.1455255971679581,0.10604824793973786,0.990370319255325,5.062379689612558e-07,4.899005468598518e-07,1.6337422101403964e-08,5.715186244795982e-05,5.7088424994231125e-05,6.343745240089573e-08,63.79665227666418,444.0093935187751,6.415244267891558e-06,2.7481264115614174e-06,0.27396550125651714,1239.9715325347834,0.020326547255115263,-377.43525034339837
474,0.7177897605565258,102.76491170656237,0.3030991334565524,102.27934908315207,0.18246348995373748,1649.7118730549723,1626.250660527865,23.461212527105967,0.1792034817604349,0.1264067672633433,1.1913419568713652,-3.9782040320442307e-07,-4.143464594533315e-07,1.6526056248908493e-08,-5.122093285744854e-05,-5.127968703866589e-05,5.875417976176306e-08,6.312527748825369,601.2935304573646,8.512141028495391e-06,4.407531455540849e-06,0.3197363206328261,1437.6706431348116,0.01919775554333127,-286.8674750630453
475,0.7575407077490307,113.63466529975292,0.3895081077327762,112.92631279400489,0.3188443980152475,1577.4422448608677,1550.1733946938673,27.26885016699999,0.1155908596065856,0.13842749088654321,1.3477939019249416,1.1393865052595187e-06,1.1242345308242671e-06,1.5151974435251696e-08,0.00013289218417345694,0.00013283184245396884,6.034171819559676e-08,21.55249024143036,798.2930553392989,7.304678798186258e-06,3.0297872720066596e-06,0.3462060447639435,1610.3207877771947,0.020377888627203567,1977.2813297391403
476,0.6923732381872633,101.9851071846843,0.411721760143179,101.50535279018516,0.068032634355968,1507.3274639063507,1483.8215184018998,23.505945504448068,0.10772512421722119,0.11261291482209043,1.0995534724566476,9.518064186719087e-07,9.330941073575273e-07,1.8712311314381105e-08,0.00010598558334663265,0.00010592037300499263,6.52103403438537e-08,10.407404240063848,687.1264159300903,6.820534185961238e-06,7.861234312071542e-06,0.3001962503918667,1441.4470066894692,0.020127665963867718,1597.6739755923954
477,0.5542190124058769,79.16162930844364,0.23583814757273794,78.7567353250267,0.16905583584419276,1463.448634606098,1440.303189612177,23.145444993922634,0.16568027732330695,0.09301811617072103,0.9638906812546552,1.8523496820207707e-07,1.7211191729839779e-07,1.312305090367934e-08,1.0961680020231286e-05,1.0910773400870978e-05,5.0906618164252365e-08,17.865665736680437,523.1323715235849,5.524112245598323e-06,2.9721049655554004e-06,0.24994714672144713,1139.2932892395047,0.018910033023097815,241.65171658938561
478,0.6061130085024681,82.7026063522608,0.20714771401449555,82.25198627583575,0.24347236241055453,1441.55168548369,1424.062751584419,17.488933899269497,0.2103238061016719,0.10153859672385071,0.969829673647502,6.193608649241427e-07,6.035975044615755e-07,1.5763360462567385e-08,6.432079007883113e-05,6.426664350272174e-05,5.414657500044475e-08,6.178055261445618,495.1063298259547,6.195797095199377e-06,2.705311131804693e-06,0.26698973414960636,1152.1075108426867,0.020160896835613257,-1999.5608819721165
479,0.6459378316032395,98.29070928529922,0.36202603133913264,97.65717656346989,0.27150669049020404,1253.0294732446657,1234.7251225940108,18.304350650653483,0.1760161292427851,0.11145092108701105,1.0241885714075238,-1.8913935754193557e-06,-1.9095468090029248e-06,1.8153233583568698e-08,-0.0002278273992384141,-0.0002278874805301351,6.008129059015931e-08,5.8850653252397525,282.51315723514114,7.675098252664216e-06,3.275826506612678e-06,0.29448988335211507,1397.7097177250182,0.017130185136681075,857.0705149852474
480,0.6046560858506878,69.40740997227147,0.19427218211325797,68.92670588153672,0.2864319086214891,1660.4251352793622,1643.783028215602,16.642107063762115,0.0841382465305333,0.09081320811373006,0.9346414451055038,-1.1603200179560953e-07,-1.3145863415080096e-07,1.5426632355191512e-08,-1.689763021297151e-05,-1.694997329015633e-05,5.2343075871628086e-08,9.171338149065278,8.928510656001375,6.357304265636858e-06,2.953881884687347e-06,0.2560386079414084,953.1440269212662,0.020152524881003657,-595.6760899042201
481,0.6205978947653741,80.23416491248892,0.23007443807579442,79.7592109050452,0.24487956936795066,1593.5179109556136,1575.6535953472753,17.864315608338806,0.14847731650395923,0.10384707123471636,0.9797585716834272,1.9186537498644976e-07,1.776603987969345e-07,1.4204976189515232e-08,1.7973997954226897e-05,1.7921029307121607e-05,5.2968646366164676e-08,5.995968644001523,668.4842966697333,6.292528711185174e-06,2.632063451557652e-06,0.2704805031308908,1128.0537337678084,0.018216457433290954,1653.3198074860338
482,0.6165967843848215,88.77977517487192,0.3011065485087574,88.13687503515413,0.34179359120903013,1545.9911339976359,1530.3779566452044,15.613177352432322,0.11189317285768288,0.11067285121965867,1.1071330775389063,1.7677215519848724e-07,1.655805528230728e-07,1.1191602375414484e-08,1.419925110546279e-05,1.41421671201952e-05,5.708398411389839e-08,7.709354486090676,263.500985025685,6.738089563018301e-06,3.2757663962659227e-06,0.2938543988086569,1230.7400252898447,0.019719182008786935,-1345.8199712404821
483,0.705804758643407,119.77902894572122,0.4150717336506726,118.93945485526835,0.42450235680221826,2071.6246380405214,2042.5367551067532,29.087882933768302,0.39868912541959556,0.12482719550030612,1.137800540806586,3.057418961456752e-07,2.894899250169764e-07,1.6251971128698778e-08,3.138366635099986e-05,3.131432829974582e-05,6.933804935699892e-08,15.387737502418442,350.87224096391367,9.316451030749968e-06,3.014422374333244e-06,0.3088302570404421,1721.0410941565897,0.02026007150641403,1599.1363339501768
484,0.6306516563444282,87.18941796254649,0.2953419721834556,86.69355136531745,0.20052462504558796,1386.46107619565,1368.499874374541,17.96120182111043,0.11367415391333555,0.10204104960553015,1.0096500615772985,3.309520575373486e-07,3.1511248216030223e-07,1.583957537704638e-08,3.454738382532744e-05,3.449036026767886e-05,5.7023556366604e-08,5.209610201077025,327.2334642091655,6.0889270583017825e-06,3.2538811937885103e-06,0.2788906791096794,1132.5173779319769,0.019749432891091958,-1999.994799123655
485,0.6870433493377838,112.82344567346723,0.2834058500194115,112.23213015650103,0.30790966694681826,1692.734768933118,1669.0611810294497,23.673587903670875,0.18383618411570585,0.13167615537749852,1.3068215551118019,-1.2305684207556685e-07,-1.4285856262975242e-07,1.9801720554185518e-08,-2.349907455029101e-05,-2.3563432583801033e-05,6.43580322784767e-08,12.785952870547433,497.21696227976196,7.622767453228352e-06,3.3868006621127096e-06,0.3246065304287498,1581.720030097344,0.019562229142667125,2160.665303397127
486,0.6501711681567742,97.49148513408498,0.3263139110020662,96.86384316623045,0.3013280568524639,1732.0049881465443,1713.0505423903346,18.954445756207942,0.1069524949647463,0.11464119717802801,1.117771335846325,-1.2397554070069862e-06,-1.2551671645700836e-06,1.5411757563097287e-08,-0.00015582114643781792,-0.0001558851929903623,6.404655114872143e-08,16.57463571954286,356.33902329051523,8.454295689386346e-06,4.1036644725109574e-06,0.28985729041809605,1385.1963295286869,0.021002335977255652,2358.799851091153
487,0.6463430369924439,86.06084422307757,0.2831140584894833,85.5425319749616,0.23519818962647196,1527.9818594181088,1509.7130523838455,18.268807034263244,0.12715511739788476,0.10194156379997307,0.9786625875882913,-1.2759029464972382e-06,-1.2892439369477447e-06,1.3340990450506788e-08,-0.00015463825115648948,-0.00015469333305076654,5.508189316260908e-08,27.438404572536545,403.9860423946078,5.643344420849088e-06,2.880310812909742e-06,0.27400921291684444,1221.2240688818886,0.020668900482380032,767.3561974145123
488,0.7113994059072478,131.0293315846846,0.3931620160915571,130.2886907776681,0.3474787909249596,1540.7986802194155,1511.5831149064632,29.215565312954137,0.13812477697538966,0.13138337668293135,1.1627471855011893,-7.8584068164793e-08,-9.550526183607949e-08,1.692119367128648e-08,-1.8424484786122377e-05,-1.8487146242535935e-05,6.266145410303453e-08,14.862265677256808,341.3547123145584,8.436774196528456e-06,3.0673108548737806e-06,0.31513471781000585,1883.9379249948513,0.018222759158706223,-2756.9842341835138
489,0.6952276556877097,109.86266970933322,0.34952291239526023,109.1586926402402,0.35445415669775493,1456.012018106263,1432.4049654642906,23.607052641971507,0.2089884969949332,0.1282415908084875,1.2121848202253953,1.8272264762189315e-06,1.810681083015591e-06,1.6545393203339977e-08,0.00020555823273921478,0.00020549798442077272,6.024831702390517e-08,27.845711503640253,1096.1692055787566,8.31582921027702e-06,2.8296385215156045e-06,0.333019125290413,1552.2013995095526,0.01797146778461048,3458.89044499012
490,0.6081685067348769,79.50866011314334,0.2576100032563989,79.05630675640327,0.1947433534836835,1717.9657473397262,1699.3956809185513,18.570066421177792,0.10313901824886382,0.09848495859875755,0.9720623206539768,3.290432113844937e-07,3.130189764145885e-07,1.6024234969905274e-08,3.2377107691429645e-05,3.232646075311541e-05,5.064693647314555e-08,11.051623899089844,68.0888044304818,6.607993402633216e-06,2.9368585590445094e-06,0.2645470194932372,1098.6548982237418,0.018577382903665344,-101.16984916818183
491,0.5806189827098507,74.12876550536576,0.2447632393063102,73.7111330361467,0.17286922991274878,1408.5489191269755,1388.184360479923,20.3645586470532,0.08765239843598302,0.09612034465811783,0.934797957629252,-7.395452552748504e-07,-7.539423214327649e-07,1.4397066157914903e-08,-8.954654821383846e-05,-8.959760392566266e-05,5.1055710226001696e-08,8.485138787059928,356.12959415435364,6.277949533251255e-06,2.431779080952792e-06,0.25940622954362613,1035.0933957106506,0.018066344541566075,-1754.0437473641177
492,0.6885480612687612,90.96512177349838,0.2882840119505876,90.32879488998654,0.3480428715612438,1773.2676540882992,1741.8823667217132,31.385287366587296,0.1459417749707585,0.11064478815152731,1.0842600823211697,8.200311147933907e-08,6.731375367421335e-08,1.4689357805125734e-08,6.871537666969131e-06,6.816028429868274e-06,5.5509236087945446e-08,12.015187533151947,123.39837231201675,5.811161559628762e-06,2.7801168738279954e-06,0.29658742456382314,1247.6498324701276,0.020952969371236318,1717.223174846993
493,0.6045218198733098,85.94504524301536,0.23050948469749738,85.23836079011214,0.4761749682057287,1440.4107616298481,1419.9154071105352,20.495354519313096,0.14162463949737408,0.09356542506708737,0.885573106223767,1.1004936006761743e-06,1.0829350682222273e-06,1.7558532453947646e-08,0.0001267793525202839,0.00012672547835394503,5.387416545813552e-08,52.17877495413441,239.51986954370577,6.314354162905913e-06,2.6990501618921125e-06,0.25454101003240925,1214.4519486423055,0.017972909051124825,594.2815559058108
494,0.6810753908039089,90.33184542893821,0.2448702207888528,89.87564840247016,0.21132680567921316,1447.8424306894713,1428.293763750359,19.548666939109708,0.1429891178633678,0.13048256433101468,1.2453621509064976,1.1854462313741682e-07,1.0243282478477815e-07,1.6111798352638706e-08,7.773847143111367e-06,7.717730228273222e-06,5.611691299942667e-08,11.568831280837475,589.054361886547,6.38723913981793e-06,2.9416580521775542e-06,0.329354927760002,1292.8594235746373,0.018575463402405058,1171.9883769547232
495,0.6717414147876083,98.51141783491276,0.3057201654804483,97.89933797984368,0.3063596895886037,1786.5095070800005,1767.9161240324922,18.593383047505675,0.23596872148893058,0.11664523581881878,1.119515424090096,-1.2334379288236757e-06,-1.2504926076089128e-06,1.705467878523721e-08,-0.00014784531176352064,-0.00014790937738123176,6.40656161302917e-08,16.008984469473525,554.544960234627,7.258169530581249e-06,2.6746164496055333e-06,0.30452027893115585,1341.2909617254122,0.018887991787400294,1185.6180119527817
496,0.7145206062964232,127.21538209503132,0.34824378896170644,126.72062522096974,0.14651308509990624,1565.5225749454223,1543.9044116609816,21.618163284442755,0.41778927917942105,0.13333798951596662,1.1832218653143727,6.98229574859903e-07,6.769778176289274e-07,2.125175723097535e-08,7.120239335907406e-05,7.113472505694531e-05,6.766830041503633e-08,19.64405522260375,345.51065721409987,1.0462228930255851e-05,3.2862688978807956e-06,0.3154669670515083,1737.4546279206295,0.020014846651026187,422.2677995995582
497,0.601434896769238,85.79268189293974,0.20824779907941204,85.25986098994221,0.3245731039181233,1675.6308690847488,1657.8902224712033,17.740646613547998,0.15334691763472616,0.1086934752880181,1.0469013666175155,7.739803034005308e-08,6.024043479624185e-08,1.7157595543811236e-08,5.9085995145545315e-06,5.856128152095467e-06,5.247136074735732e-08,8.588136723626121,519.1947943297325,7.143933904930224e-06,3.5212604940601145e-06,0.2871130590057495,1183.8466981151578,0.01803459880678184,-803.9228625648393
498,0.6374520908573051,94.68663776402275,0.2657133229609796,94.08619119748322,0.33473324357855655,1785.0369547697476,1763.1359263466554,21.901028423093294,0.11354109522700073,0.10775574088074413,1.0331404081402313,4.4817747430452494e-07,4.315555647450129e-07,1.662190955951224e-08,4.237639956117927e-05,4.231875750662652e-05,5.764205346009535e-08,6.789321286404935,823.452712746859,7.256142297243154e-06,2.90932420943184e-06,0.2891616954897703,1302.6015055225894,0.020429202856727096,-45.84574893086392
499,0.5665693675827037,74.2235859397391,0.23167518288650232,73.7393690536923,0.25254170316027297,1483.1094463185746,1468.4369349333247,14.672511385251257,0.1702460638929727,0.09297283119404981,0.9269157432314521,1.8858597290034875e-08,4.789944494759598e-09,1.4068652795275246e-08,-5.848785890239704e-06,-5.901664873069452e-06,5.2878981397086515e-08,5.3218491548374445,498.3534925894759,7.098566208535225e-06,4.062044853842031e-06,0.2551134462226875,1019.2829068370752,0.018513309534666185,1039.2767301920248
500,0.6016429871305906,77.7712245602581,0.18517733261956848,77.33690174247778,0.24914548516074347,1258.8877605488965,1243.8942928293354,14.993467719560808,0.12149567835473,0.09321809924976497,0.9144727601169972,-5.763158424726656e-07,-5.898246178405545e-07,1.350877536788887e-08,-7.239835624670766e-05,-7.244697510300793e-05,4.861885519050073e-08,7.970839639239796,793.0115984899693,5.596269536144708e-06,2.981732417770963e-06,0.2539511385679333,1082.8746028142878,0.018751079161196945,-162.99448953862884
501,0.6800695026592939,113.18020345111664,0.3152156399014071,112.69127681100548,0.1737110002097633,2019.644484064492,1997.852602914331,21.79188115015889,0.11742260470947238,0.13071432250107295,1.179478555173073,-5.10023963097134e-07,-5.288151202797989e-07,1.879115718266491e-08,-6.377985912564248e-05,-6.383963041959435e-05,5.977129261446915e-08,13.451053337229018,679.1858021854475,8.549306224554314e-06,2.925627031698172e-06,0.32596279481025514,1605.1108930265193,0.01989685055017532,-2074.2742977282905
502,0.6531548688316486,94.98885959286608,0.3879566719575049,94.40173275789307,0.1991701630154938,1484.042903872931,1461.571100517812,22.471803355119842,0.12759716331271118,0.10512378456560197,1.0171315655442117,6.114347805762791e-07,5.877663853544267e-07,2.36683952218527e-08,6.896807082458413e-05,6.890353453444634e-05,6.453628834785368e-08,43.7752511096251,-22.182170873987033,8.033047589578809e-06,3.879996896002886e-06,0.28069838679498427,1358.8531106210298,0.02067501175290558,1018.5165018229309
503,0.6902902924555016,124.19450045721833,0.36495053509300757,123.45483019749928,0.3747197246260255,1563.2450388602028,1539.0276183280707,24.217420532132838,0.20383992469887172,0.13016850686541184,1.2168832363921356,-9.308515887423681e-08,-1.1177522323479253e-07,1.869006436055574e-08,-1.844412248641542e-05,-1.8502981905987616e-05,5.885941859016758e-08,10.488345239883012,527.1315751014872,9.360196615638321e-06,3.6263457678080076e-06,0.3307560622785229,1766.9106599305323,0.01871045832473762,-469.65553661866215
504,0.6222316129051533,92.0910951626577,0.28699075849859285,91.65706909824905,0.14703530591005518,1616.129163257391,1596.004489442367,20.124673815024924,0.15868491795014603,0.10447304515113619,1.0465226115986852,1.8704953475033899e-06,1.8550153455450146e-06,1.5480001958375528e-08,0.0002149041049971958,0.000214851406289481,5.26987063184949e-08,10.600354598377198,505.44814623978186,6.986462996376031e-06,3.970997396025117e-06,0.27321481910187007,1258.282591177198,0.020318486391386066,528.1846531981791
505,0.7440019325857241,123.1013199020401,0.3647985333660126,122.44492562256106,0.29159574611304034,1704.70470075715,1681.7938538398016,22.910846917349286,0.27710013242955533,0.12794691494186697,1.1484610490978004,-1.5013921539676885e-06,-1.5241857872152658e-06,2.279363324757741e-08,-0.00018503761841802462,-0.0001851085724466761,7.09540276033085e-08,9.929681949528215,625.2337963829309,8.485445939209995e-06,2.95018442463304e-06,0.31868657849665966,1754.3461425192243,0.018615789397396377,2984.8745100747765
506,0.6926654584320784,112.18509236387396,0.4151191769182711,111.42971271844567,0.34026046851004094,1315.7433495167618,1291.6240792224264,24.119270294335067,0.14659381357894677,0.12343950456993662,1.149610966569703,-1.8595143305005817e-06,-1.8772934632139717e-06,1.7779132713390186e-08,-0.00022728667597268868,-0.00022735243895068895,6.576297680172673e-08,16.292796870428703,206.7300937990847,9.797708037260601e-06,2.6076591423097784e-06,0.32108921144299357,1551.8028196374253,0.01895295408731189,2957.846967724523
507,0.6006408716971836,78.51207471174436,0.20406340887141652,78.10971288205793,0.19829842081500182,1358.8516042616545,1337.4117656309431,21.439838630710177,0.11014111526295238,0.10218627828021502,1.00366708034659,1.0532723484366938e-06,1.0375368595482796e-06,1.573548888841417e-08,0.00011866343833547913,0.00011860940086882192,5.403746537186592e-08,47.63127364706272,302.0593915771494,6.057144629692287e-06,2.4023383988677954e-06,0.275777588292002,1073.8433212821078,0.017912240743806325,792.1036568146737
508,0.6367388534812466,92.89266946158625,0.27455133899959405,92.35485852179795,0.2632596007887023,1982.8108427892325,1961.5102869388472,21.30055585038201,0.37971779560045316,0.1116819450939181,1.0579101820944705,-1.760415140940893e-06,-1.7751333105861297e-06,1.4718169645236871e-08,-0.00021393722984354508,-0.00021399263183870138,5.54019938091553e-08,21.732615065445575,412.7809051347008,7.468896415196835e-06,2.8510925214038666e-06,0.2885360349235687,1346.4933439351848,0.019446948372252422,452.9802308881917
509,0.5743744215986677,78.0707101512993,0.28345132760582675,77.53344075544669,0.25381806824676423,1489.5997551962055,1473.2717179597728,16.328037236432365,0.09518590932289649,0.0992145673550846,0.9653752075896349,1.6005225515581343e-06,1.5864477384705182e-06,1.4074813087616274e-08,0.00018321570371946508,0.00018316137723801927,5.4326480279082216e-08,5.684944536643175,348.01694172924635,6.2737069021624605e-06,2.379036190223062e-06,0.2649819994745192,1106.9210125181787,0.01919242410538577,-3518.073409614415
510,0.6827341802424518,126.55065129597041,0.39870150708589824,125.7034067849324,0.44854300395210744,1359.9509374046152,1331.3103187258525,28.640618678760678,0.15470499253258585,0.12735239365291165,1.1584335405352961,-1.9136215719665588e-07,-2.1014958049144454e-07,1.8787423294788576e-08,-2.994864960256408e-05,-3.001442245693796e-05,6.577285359171372e-08,8.189022684347053,593.250527620342,9.215954282567888e-06,3.249977986680257e-06,0.3200699442222359,1818.482657451157,0.0200185171391034,-1649.554650697126
511,0.6378601503355668,91.53060095103142,0.2907981091393955,90.97749092419198,0.26231191770005347,1756.5036280340805,1735.1467402134172,21.356887820663932,0.20518812960890528,0.1083556381338029,1.0551986756177318,2.3414634356015314e-07,2.1712634394987374e-07,1.7019999610279373e-08,2.2681720265032396e-05,2.2628195955334117e-05,5.352430825024958e-08,7.495642734127852,136.87537498409375,6.89051277468885e-06,2.6631666217999723e-06,0.28065828785969854,1266.6139885300415,0.01828768619006424,-180.5788943035077
512,0.7112073123243041,107.1808163287255,0.2779531512595644,106.7571955691893,0.14566760827662717,1714.0876782130704,1687.9403954337392,26.14728277933013,0.11362368355477859,0.1311687563664642,1.302364273007232,-1.1236357611721492e-06,-1.1442151303306078e-06,2.0579369158459162e-08,-0.00013807998157622939,-0.00013814768216338026,6.770058606053009e-08,4.564855987928637,506.8849295538165,7.5106270832294805e-06,3.318766523426954e-06,0.3311457895240448,1492.3551813685694,0.019327596890055542,-2266.0976729227114
513,0.6864280909362975,95.86415923344,0.2949361089915143,95.41609467733052,0.15312844711795587,1291.5886286509235,1270.5579803104697,21.03064834045107,0.13251305401858396,0.124814466389985,1.2214062402502972,1.0258629368709737e-06,1.0093510370098594e-06,1.6511899861114817e-08,0.00011396166368592523,0.00011390470563217332,5.6958052514860946e-08,13.856590549687924,491.47630436180765,6.579858842730502e-06,3.7136095730669904e-06,0.32606277236671505,1367.6774038663707,0.017859811167426586,-1040.589745120702
514,0.7000094122355556,116.7564165387421,0.35927643665597164,115.96337282179412,0.4337672802919991,1286.9185108423687,1261.333345162142,25.58516568022804,0.21918960562020728,0.12945456268582128,1.2091991048215893,-4.479886479599836e-07,-4.6449110598336834e-07,1.6502458023384715e-08,-5.8216096891128834e-05,-5.82814225306858e-05,6.532563849511252e-08,27.643625488419666,751.3329412486626,7.805074104647297e-06,3.4933942613088504e-06,0.326149464775112,1642.678321159247,0.019350131524571348,1249.2040460000317
515,0.5987176155565999,75.23804566667935,0.22782745822809855,74.71710284556866,0.2931153628825978,1618.7384234283807,1604.6457527537034,14.092670674680422,0.16580472531128462,0.09399525764458506,0.9638569179889263,-5.964468282688714e-07,-6.138986505657244e-07,1.745182229685316e-08,-7.380705492060255e-05,-7.38564996029504e-05,4.944468147768791e-08,4.572709512468013,357.34659991623136,6.0020471271127315e-06,2.6508603609988404e-06,0.26009211867423093,1026.659298772276,0.01732954299983964,-43.09683717106236
516,0.5463302085055644,77.84767705247901,0.2253879886206715,77.46404435898245,0.158244704875908,1334.0708989171642,1311.3398376502448,22.731061266919223,0.1648831280565952,0.09387864080428397,0.9190824938944321,-5.614161175835071e-07,-5.75572835996482e-07,1.4156718412975197e-08,-7.108237653115971e-05,-7.113514102114556e-05,5.276448860678292e-08,8.648357228839622,542.1892479389469,6.836934743036018e-06,2.6041941206154718e-06,0.25005717490733403,1029.8966167479432,0.018476075707511006,918.66387466796
517,0.6626687743641504,95.64023141999697,0.3000924417413584,95.14453325718725,0.1956057210683372,1488.6865841347262,1465.826471190788,22.86011294394061,0.07572591517584333,0.11346848594442771,1.1468753698969534,1.5355355393339962e-07,1.3535343106309822e-07,1.8200122870301356e-08,1.2105790065805034e-05,1.20504067388024e-05,5.5383325600577774e-08,5.144117602503924,1136.2386809695238,7.5383989864835525e-06,3.130314006253641e-06,0.3007256348172085,1292.293821657587,0.019270124676669113,-1444.2563618578533
518,0.5645443940999141,67.60343144162138,0.17620419481295096,67.22132135504194,0.20590589176650453,1475.5724498583966,1449.9195881254846,25.65286173291296,0.09596133885176782,0.09002737882892436,0.9154199113137906,-1.0060113290600345e-07,-1.1634995664032687e-07,1.5748823734323415e-08,-2.393282933813245e-05,-2.398257331426891e-05,4.9743974760860676e-08,9.055639456536127,392.7457241978101,6.327050331894631e-06,2.4224825098529957e-06,0.2520429727279922,946.2836814278805,0.01919207780431676,1227.3133836701418
519,0.5370794016388317,65.53850953015234,0.2007640269498823,65.11109860152689,0.22664690167556345,1762.5849899708364,1745.514831808593,17.070158162242368,0.059640099190912184,0.08283378440933761,0.8307038312397866,-6.296753048727942e-07,-6.457076759628163e-07,1.603237109002223e-08,-7.94404913705548e-05,-7.948930061724195e-05,4.8809245773198805e-08,4.869182409958093,270.91155140262134,5.168929407315255e-06,3.088987658864583e-06,0.2334428101460928,880.5287725330024,0.017871351287099217,-508.867995645709
520,0.5676457940006672,74.31820404726798,0.22497729797203356,73.9304633158771,0.1627634334188499,1340.6198196110572,1325.6287950980225,14.991024513034853,0.08576285158526323,0.08518407786168,0.8469382805667963,-3.2965008698672926e-07,-3.437248962923014e-07,1.4074809305572197e-08,-4.338394243433604e-05,-4.343636557171833e-05,5.242313622824663e-08,13.844941483060186,754.2126068886995,6.1198087386147185e-06,2.671031117716573e-06,0.23326371477595964,1019.4791847079498,0.0191318884289124,-1080.5903804750342
521,0.5871013329592589,78.36897330226232,0.22512772642837914,77.95823138868407,0.1856141871498654,1692.9671626631964,1672.6334687677806,20.33369389541427,0.09407440471399581,0.09626822730788723,0.9719029669523891,-1.4223661376551903e-07,-1.5483012198943828e-07,1.2593508223919179e-08,-1.920005815841478e-05,-1.925290981546924e-05,5.285165570038383e-08,15.154509529861645,364.5189539387279,6.433739720679032e-06,4.143992921810922e-06,0.27584615064253626,1097.9582392021455,0.018219936489422765,537.1322496182693
522,0.7553975975552253,125.83530204047685,0.38570210620653345,125.18112717409116,0.26847276017915217,1344.6856630938073,1323.471143216502,21.21451987730819,0.13505437302331622,0.1365757736724633,1.2564606994119623,1.1835930530752283e-06,1.1683547161259421e-06,1.523833694928686e-08,0.00013873968518352022,0.00013867683458258486,6.285059913955491e-08,17.357805156126837,475.53842302273017,8.112257439932463e-06,5.052214589176877e-06,0.3422914849189168,1796.7940380391703,0.019239686383163222,2519.3100396269583
523,0.5503675311160395,69.78868727969359,0.16901555477578176,69.38866257578277,0.23100914913502207,1485.5990042971036,1469.5866918729103,16.01231242419253,0.12014344774046137,0.08520935284485985,0.8566486876112349,2.934398846698154e-07,2.804706227506627e-07,1.2969261919152764e-08,3.157384518521111e-05,3.152263905474314e-05,5.1206129130776646e-08,9.043933124264598,467.4620529038887,5.498280589171559e-06,2.3794584746780344e-06,0.23368814296285076,936.0187872298563,0.018350938589959634,1596.6354456393565
524,0.6422739969492309,105.27413370402067,0.34455679730487093,104.70398633509598,0.22559057161982585,1444.1532111290092,1424.1276371399636,20.025573989047903,0.1483952982533544,0.12660929344511146,1.1309586849630788,1.1237463331536837e-06,1.1067786886328314e-06,1.6967644520852748e-08,0.00012794535993604432,0.00012788773731951686,5.7622615457477365e-08,10.129014120457999,552.6200846614374,6.442935267851407e-06,3.520901533983456e-06,0.3089999698256876,1476.3264271144267,0.019741982406038274,872.2479192426836
525,0.5648806534085135,79.0202825699742,0.24120197309755123,78.49964532963965,0.27943526723696627,1203.535791094538,1172.1155269273158,31.420264167221827,0.24420771199205343,0.09315318139425419,0.9194252845770441,-2.7988360727425015e-07,-2.9431412970690955e-07,1.4430522432659352e-08,-3.415877884690365e-05,-3.4210598358401916e-05,5.181950983875466e-08,19.259073820661765,87.89814900284901,7.195556611209258e-06,2.4309155988667247e-06,0.2518453797376625,1072.3500426591033,0.017670524024724483,708.5679787305198
526,0.6531515681856597,112.79875009314512,0.2807054052442889,112.14370549520466,0.3743391926961793,1585.4129828820603,1561.4161934182657,23.996789463794855,0.2458795939940311,0.12272174750691443,1.1181184800549633,-1.5732349914031189e-06,-1.5880401594054103e-06,1.4805168002291204e-08,-0.00019878887379719078,-0.00019885354902587996,6.467522711286131e-08,11.15473384268748,549.1911351663109,6.634768581571906e-06,3.2344579343402677e-06,0.31624050083981675,1596.114419263006,0.018275708767154408,-1275.5510697838617
527,0.5971297793704174,90.63501394983278,0.2878238052234162,90.1315110858256,0.21567905878376267,1363.716733038974,1341.1294106177445,22.587322421228638,0.08757846512584887,0.10892882370166775,1.0440460713371569,1.215270643346702e-06,1.199195003032425e-06,1.6075640314277767e-08,0.00014510029891463925,0.0001450432718208498,5.702709256867782e-08,9.912717539827685,656.9528106792487,7.542206087083312e-06,3.207018096771673e-06,0.286991950039715,1266.3596166278066,0.018280016969480655,-1731.135517387087
528,0.5993189709428772,73.95536460328415,0.23926526575499635,73.46237021532896,0.253729122200194,1334.1154571837885,1315.1288388021624,18.98661838162616,0.07626817288135349,0.0957004354300137,0.9043809025158863,-1.9832172224326165e-06,-1.9993893955063894e-06,1.6172173073773175e-08,-0.0002397370271813462,-0.00023979022419056545,5.319700789702946e-08,5.687835435033888,203.0678529634609,6.391138983161076e-06,3.1094694825918906e-06,0.2596291826961872,1036.2925810937916,0.01869066505579859,1586.382133686373
529,0.6500590849739845,94.99310160544108,0.2540375872521537,94.57450009773494,0.1645639204539842,1548.2216417199227,1529.8870444032873,18.334597316635467,0.12611221968540423,0.11633931348537337,1.1043117487886849,-1.0043304588921913e-06,-1.0198567242941418e-06,1.5526265401950576e-08,-0.0001247249580068727,-0.00012477973399917485,5.47759909488266e-08,6.123727100378064,366.1912454888294,6.857634161267799e-06,3.6899142813088494e-06,0.30811098724031893,1331.7619591257571,0.018206318344295983,-3102.1332704959423
530,0.6389079831850843,75.8701691276355,0.19026947431771257,75.55604183543564,0.12385781788217713,1434.8154994029812,1413.6036767415553,21.211822661426883,0.10756371309653806,0.10309711397008352,1.0629574112716258,6.215419518864839e-07,6.06679183694698e-07,1.4862768191785697e-08,7.030306605193438e-05,7.024630874914872e-05,5.675730125144502e-08,16.61765167378131,554.3560972434113,6.923941297296584e-06,2.9496890699371856e-06,0.2827082175040897,1063.2033346273993,0.01949942737894064,121.01010969164781
531,0.6057061249652916,87.44175696795344,0.26024120679981133,86.8730448140613,0.3084709470923293,1415.3024072694066,1396.2194834757859,19.082923793622648,0.14652220137530106,0.10856714343283161,1.0636660607094603,6.281142426269998e-07,6.11370024305158e-07,1.67442183218417e-08,6.688522035039607e-05,6.682815962140526e-05,5.706072796702785e-08,14.526700765360712,485.19510496703,8.107812744340103e-06,3.2167545868297218e-06,0.2801058347315616,1227.7508988511033,0.019168528579950717,-1829.7021187502141
532,0.7209232095754822,107.36886974936616,0.31443290529043366,106.73865423785668,0.3157826062190523,1583.3041521087669,1564.5820226970297,18.722129411738067,0.16414113608340936,0.13782922273378592,1.335684611655753,6.059433882619958e-07,5.911809573649745e-07,1.4762430897021032e-08,6.744373989539145e-05,6.737703413662925e-05,6.670575763896445e-08,43.61171927494421,469.521201464976,8.320258439749525e-06,3.7452686546377446e-06,0.3415023639463767,1511.272303587159,0.02122011506320816,-2014.6644904511013
533,0.6505398920363407,104.81518056688307,0.2993252622422814,104.18757297602879,0.3282823286120077,1707.1768001156265,1682.577216261828,24.59958385379517,0.11715592936000661,0.11560258045836734,1.1099790966989647,-8.898723304297113e-07,-9.061490092652956e-07,1.627667883558437e-08,-0.00011135664160935584,-0.00011141367325915037,5.703164825293325e-08,10.377119010700511,480.1185626252326,6.6070273222096375e-06,2.672604360228257e-06,0.29781806796555516,1438.379958206841,0.0188390964716937,1519.8181254308292
534,0.6738313721770228,98.59352352542881,0.3069801949102706,98.00198163826816,0.2845616922503857,1250.800167376893,1232.2876891417616,18.512478235133198,0.13469831522194234,0.1193475002157106,1.1261095263309104,-7.091521978260091e-07,-7.27404738177779e-07,1.8252540351769852e-08,-8.608501472867721e-05,-8.614532760839951e-05,6.031287875224493e-08,9.451453090763515,457.98589464500816,7.4724406229440606e-06,2.5692661302112312e-06,0.3081496527849965,1404.114203058433,0.018255841048797548,1723.483441160719
535,0.6839899689289123,113.30168544470361,0.366131773627794,112.6225019759335,0.3130516951423319,1856.0961856584925,1829.7114970721484,26.384688586346538,0.14313152543070828,0.11053984111301139,0.9949870245677243,5.910446790038517e-07,5.706824634925962e-07,2.036221551125529e-08,6.531921714026691e-05,6.526117243527127e-05,5.804470378242697e-08,31.903167474266915,439.75930840298423,8.204704827490991e-06,4.26218301846486e-06,0.2803613574194494,1568.0846025342944,0.018533124449619666,1516.3621376065603
536,0.6163953726934494,84.85738721824688,0.2507333351469155,84.36566263543037,0.24099124766960367,1664.9433503227885,1646.6696069935788,18.27374332921154,0.1933108846764118,0.10762303949234596,1.035191679032501,-1.6347616041414478e-06,-1.649159426634974e-06,1.4397822493526035e-08,-0.00019811354991631288,-0.00019816897424179943,5.5424324549172936e-08,18.42325256528286,562.5974731224236,6.812514937749346e-06,3.0397761850912615e-06,0.29058651468443364,1176.1552214972137,0.018421461324645155,1116.0881703311825
537,0.689887692133068,102.38632550962092,0.30717281698292337,101.71134993107883,0.36780276155915814,1592.876776496199,1571.495294784487,21.381481711713207,0.1530741556740818,0.1264810346255814,1.2216975530130092,1.587265177752472e-06,1.5695860929533084e-06,1.767908479916288e-08,0.00018192321210587525,0.00018186675981589096,5.6452288012804154e-08,7.017207347483266,89.95532613090573,8.31741519558923e-06,2.994078110309461e-06,0.3303501699985188,1435.3841543701035,0.017988148566420413,-2917.358461235519
538,0.6960182133212226,105.49041027496729,0.2922812813390736,104.91635211199481,0.2817768816334135,1380.5843963104273,1358.904620095113,21.6797762153157,0.14590929290028762,0.11827566475919715,1.1168185971086428,3.00988908649564e-07,2.8342609565022173e-07,1.7562812999342213e-08,3.502120916457911e-05,3.4964210322519884e-05,5.699884074923437e-08,9.526698413679927,877.517238640944,7.912097474928336e-06,3.0753821337965207e-06,0.3031941532786755,1449.8088411845613,0.02098855856295024,66.4976049015022
539,0.723630694007861,110.05245901408361,0.4203382841653656,109.26958950768785,0.3625312222303959,1600.9572543108081,1576.3971054381232,24.560148872686202,0.18593585650749714,0.13127363529229574,1.291748386308034,-7.049645955324878e-07,-7.225879499109132e-07,1.762335437842556e-08,-9.085280232886763e-05,-9.091707102199967e-05,6.426869206130112e-08,8.580625985285524,964.4208759012519,8.152275020404041e-06,3.610183620483743e-06,0.3274042242466528,1527.396960296128,0.01849782940630819,255.99674985895035
540,0.70281068217104,110.52569223238862,0.36496229662374974,109.74427550166378,0.41645443410110233,1639.730874574532,1620.6381487734052,19.09272580112619,0.3730518209798582,0.13133114907713117,1.1957799157371747,2.275971558758181e-06,2.2603434901657057e-06,1.562806859247584e-08,0.0002650546774519865,0.0002649941832373057,6.049421357158385e-08,10.440422976296926,466.7996122276603,7.659850570290305e-06,2.9021823523204028e-06,0.3292147809134428,1596.2233175406016,0.02025635314532169,-1158.9970163543985
541,0.7462822996241765,117.93232849722997,0.334427358444647,117.19295285177587,0.4049482870094476,1659.5235584417323,1639.800143832752,19.7234146089795,0.15101821407966756,0.13935382291401993,1.3103930442095326,1.2690534044815251e-06,1.2523189380865659e-06,1.6734466394959257e-08,0.000148355961350865,0.00014829466152628735,6.129982365128556e-08,9.288475816846848,631.3698497129546,8.916598731715363e-06,3.060467921967769e-06,0.35362729125262315,1695.0764847751193,0.020839154637507646,-1256.1548180782556
542,0.5369863738972305,66.34372784205696,0.17013344964515853,65.92018635147647,0.25340804093532826,1351.3786907417023,1337.6201829659635,13.758507775738751,0.12484865088136983,0.09044011034384633,0.9413518855954485,9.367736858093255e-07,9.223039419193421e-07,1.4469743889983542e-08,0.00010611478196147643,0.00010606332280071021,5.145915997559852e-08,11.999589101389615,121.57487633325884,6.198565905627146e-06,4.280095755111655e-06,0.24241998635907844,933.748907189878,0.017152654346404325,676.5071808075045
543,0.6181932061718417,85.89534394064273,0.2701803485994334,85.2479374054675,0.37722618657583085,1387.01824732952,1363.915218082889,23.103029246629234,0.1491868653148041,0.11095459230658156,1.0563115206001923,-8.693763722640328e-07,-8.870659670800891e-07,1.7689594816056315e-08,-0.00011236127419998102,-0.00011241750054411263,5.622634256571867e-08,12.276389430170985,724.3017646887957,6.532580610141533e-06,3.603060312589139e-06,0.2946068552848938,1157.356114476323,0.021107643169644745,1264.53746216125
544,0.5799821846225339,76.77411463637934,0.2374883805682708,76.27880792521158,0.2578183305994918,1536.467632394685,1515.3596785799316,21.107953814754513,0.08286371820879013,0.09387045252681761,0.9302693876819784,1.200915823330153e-08,-1.5895827728925771e-09,1.359874100619409e-08,-8.679541084057413e-07,-9.192962673637732e-07,5.134215784522463e-08,3.9863106145401512,350.0607949184065,6.211746973497423e-06,2.8989529528860957e-06,0.2616603512929974,1040.877921117511,0.020340548657774824,-773.70760812976
545,0.5910061818673907,80.51437368408398,0.23439859002353333,80.06698528932903,0.21298980473142762,1154.3761037454192,1137.1622512327365,17.21385251268524,0.08027113229533496,0.09658828264270192,0.9766543119094028,1.416301662217925e-06,1.3985921630817007e-06,1.7709499136224216e-08,0.00016050063508466948,0.0001604477640271945,5.287105633034584e-08,5.080157279645472,201.29515532510015,6.655777020806587e-06,3.1535768175770287e-06,0.2626527823552102,1118.2165065011886,0.01815077333531142,-230.97047941782512
546,0.549242352400799,66.56648037582433,0.20949322859767908,66.09635018373,0.2606369634966483,1263.4841349647677,1246.0125407879073,17.471594176860236,0.08883069120923977,0.09358184482163656,0.9327282200742271,-1.839847917653625e-07,-2.0083355671080817e-07,1.6848764945445624e-08,-2.6096521217327493e-05,-2.6144669813744236e-05,4.814859514787001e-08,9.825812852337952,414.7890830742481,5.441087589498846e-06,2.909834988535979e-06,0.25696556337183407,922.1284280721643,0.019260467612310404,-452.050416396276
547,0.6881810734561475,84.93868261879507,0.2315858740449896,84.52304879867808,0.1840479460720464,1392.4912137373833,1368.3257370395877,24.165476697797654,0.12400090982404781,0.11996630380016332,1.189786652309211,9.98971584405399e-07,9.786812453817917e-07,2.0290339023607715e-08,0.00011504556913556698,0.00011499232240788659,5.324672593119873e-08,6.577245659957211,-65.00377642602312,6.313821001954762e-06,3.012757595937399e-06,0.3163441333341781,1248.0612939567468,0.019617970127598635,-1447.4712970438159
548,0.6401357693549534,86.25878352794302,0.28346638913360944,85.69909521556693,0.27622192324248357,1357.0071021539864,1338.3174919958897,18.689610158096986,0.09840951097560732,0.10048137318267206,0.970029381489639,-7.816805218690016e-07,-7.951090687033605e-07,1.3428546834358987e-08,-9.658141909010867e-05,-9.663606527730632e-05,5.4646186211872214e-08,14.305620043506355,498.0661426828518,6.634002862855683e-06,2.5053546435053925e-06,0.27517765120557425,1192.79745075743,0.018169141361763803,165.48146410540357
549,0.643176577454224,92.01227661272932,0.24691763416257817,91.5659802952379,0.19937868332883896,1667.877684357896,1644.4523142775868,23.42537008030917,0.11761514653648963,0.1147241306708994,1.0892402653433575,6.833399184630065e-07,6.697463689630029e-07,1.3593549500003394e-08,7.92111971483561e-05,7.91566377724311e-05,5.455937519292002e-08,14.26880605004384,598.2928097405877,6.675820772565993e-06,2.852191018837459e-06,0.28948566932215286,1283.6745583128413,0.018529357090843378,421.05874733408564
550,0.6230358990085078,90.53305918163798,0.2911881465243301,89.95485444878751,0.2870165863261397,1479.1771608339438,1461.8859565201449,17.291204313797067,0.16837564989458556,0.10767370380521869,1.0474546792762713,-2.671766462965828e-07,-2.825882123299865e-07,1.5411566033403654e-08,-4.0246873139735075e-05,-4.030045980847538e-05,5.358666698099213e-08,19.00973893713244,395.5162387592244,6.201360043038554e-06,2.8348035968157705e-06,0.27873682985430587,1311.0267538468356,0.018511570028522224,-1365.3967829030007
551,0.6620638977467803,86.60892823614746,0.2411424637373399,86.12991934522954,0.23786642718058695,1144.5185895817046,1124.3422408709505,20.176348710753,0.11053187547325283,0.12280795714569308,1.2529523298932255,-2.5471211349807557e-07,-2.7109758671309434e-07,1.6385473215018724e-08,-3.447022210742159e-05,-3.4523276468857676e-05,5.3054360119751e-08,5.767507780935851,451.26254573443816,6.901047650413851e-06,2.6017843193024346e-06,0.3280559429022564,1213.810010299414,0.018125253441788256,1455.7909674057046
552,0.715994794336969,115.01108155672553,0.3495722324652144,114.22004341934004,0.4414659049202625,1546.7739270084292,1517.8608577213643,28.913069287064797,0.14031073090026316,0.13326492606056456,1.2619305317818286,3.3531689675759995e-06,3.334377117676192e-06,1.8791849899807363e-08,0.0003934993149601716,0.00039344351169897,5.580326034452033e-08,63.802128362912235,-68.98453581416338,9.219050713091003e-06,3.901764895004442e-06,0.33112348978090045,1636.8013579383437,0.018541057972144268,-589.645407606622
553,0.5458443019229391,72.49068308663351,0.19643453242035866,72.02706810768413,0.2671804465290135,1296.5020768381767,1282.7543718711852,13.747704966991124,0.05704422248784614,0.08671534498607748,0.8336573177709558,-4.0332099090801956e-07,-4.1846340414249457e-07,1.5142413234474923e-08,-5.47957274415976e-05,-5.4843189491250026e-05,4.746204852011364e-08,19.189545197552313,532.8438127566827,5.6685515657334905e-06,2.216089665472277e-06,0.23651918099763444,1000.6906695077291,0.01737647795749878,-775.6457758802426
554,0.5932133328033758,76.36851115558756,0.2019972609979574,75.98399349420966,0.18252040037994322,1519.271146903332,1506.5020161108757,12.769130792455977,0.1142436238228267,0.09366833259352074,0.9756451090058155,1.6069611129124082e-06,1.5937394895877825e-06,1.3221623324625857e-08,0.0001863973379150202,0.00018634889949079863,4.8438423079908115e-08,22.599007366496,304.1200116467841,5.5324340770005e-06,3.153727580605974e-06,0.2573957354551335,1070.0558561728578,0.019390179286522525,-238.39019331090094
555,0.6536434801330404,98.48271310948395,0.2736152767199823,97.98205059864537,0.22704723411860436,2230.996368685423,2210.6801675182746,20.31620116715009,0.3471275960917618,0.12337966747312068,1.214553378684234,2.5538920844055483e-06,2.5359541975908514e-06,1.7937886814695947e-08,0.00029350506452111236,0.00029344884630161394,5.621821846044023e-08,6.984943565380081,525.8460888799556,7.358527149279205e-06,4.052552787077359e-06,0.31800487984030695,1340.0972442996676,0.020380883238686108,153.72263653959453
556,0.5955662061854687,69.2653963995707,0.16327516315252633,68.9176748765036,0.1844463599145899,1335.4912374922628,1319.476167421577,16.015070070683763,0.12282404932501631,0.09335573429207444,0.9516214336024342,-2.8743354351554196e-07,-3.0018280248325763e-07,1.2749258967715886e-08,-3.915809679478833e-05,-3.921227440065542e-05,5.41776047005609e-08,18.13385307203916,285.77478178466754,5.558380031214642e-06,2.7540816591853826e-06,0.2608425629746951,964.1524826125786,0.018850139082652567,85.7854604023778
557,0.6299858354356523,94.39311524123138,0.2559605086230938,93.88448206200349,0.25267267060480414,2025.7309065521272,2004.9449551265036,20.785951425625676,0.13901300724195384,0.10486662029496727,1.0210169193348229,9.411851903370734e-07,9.241029687568493e-07,1.7082221580223986e-08,0.00010396814307103956,0.00010391119973918907,5.6943330829427204e-08,17.607153548611127,283.85061509092765,7.128676567445366e-06,2.847478204289776e-06,0.2864419769463217,1345.700797010998,0.019590913288954348,1046.4705810392516
558,0.5557850856717782,71.73491442770829,0.18682137253242923,71.34826135390945,0.19983170126640065,1487.1715104091488,1465.0770090431183,22.09450136603068,0.05765381197501307,0.09017467026457172,0.8629771586655843,-1.4633120641129958e-07,-1.5933433574005744e-07,1.300312932875791e-08,-2.3738735485105922e-05,-2.3789379655552546e-05,5.0644169209648256e-08,7.471674472954561,440.47782641133136,5.648403730369732e-06,2.8522751342404815e-06,0.24835105516248804,981.5526256807734,0.0185681753927215,200.44109186056812
559,0.634891613250893,83.87358258039976,0.25264424552761894,83.38094528443143,0.2399930504407053,1784.5882902592598,1767.3057859770183,17.282504282240883,0.16009066617890688,0.10664156746483638,1.1319219625999268,4.5536873263705394e-07,4.40456214483235e-07,1.491251815381893e-08,4.836058072384495e-05,4.8305183503095815e-05,5.5397219154305934e-08,12.68660703418479,450.8745138236929,6.795816185960669e-06,3.076538178585152e-06,0.2923519857459785,1152.5717572959934,0.01923658786928068,-3343.612553250492
560,0.6838114336067002,110.51362333375653,0.3912850296861452,109.6917607076158,0.4305775964545786,2120.4131483688625,2098.9861731264027,21.426975242460262,0.1649514881337023,0.12875746310071945,1.1828560244074615,1.188857246591584e-06,1.1711568379550446e-06,1.7700408636539282e-08,0.0001383445674219726,0.0001382842361834538,6.033123695859098e-08,6.73764007487331,278.93971237837985,7.849819261303878e-06,3.1580783321695794e-06,0.32146798619497646,1653.8234704763383,0.019874481615819787,-2637.4934131720365
561,0.6304097817193102,93.74663935664651,0.2555766418477359,93.18055677870423,0.31050593609454624,1684.4997971190012,1663.5091419775417,20.990655141460618,0.13860870566706948,0.10349859025388193,0.9690380208768042,-8.895932479569278e-07,-9.064109219979014e-07,1.6817674040973393e-08,-0.00011181737517381918,-0.0001118806064335101,6.323125855143957e-08,14.248352988693373,692.0308476894818,7.137927018338396e-06,3.2319688645261615e-06,0.27400146506970297,1347.6634704982466,0.019673374409689946,1675.989706690285
562,0.584268023964777,92.19446782205695,0.26545341470814077,91.78531200784306,0.14370239950574668,1337.3895872795058,1318.8725966533907,18.516990626114676,0.09832704357368126,0.10159407455072973,0.9383639897858459,7.23130225947966e-07,7.072637667958665e-07,1.5866459152099554e-08,8.321547370481079e-05,8.316128485542188e-05,5.418884851341874e-08,12.304088058337301,234.45534021163417,7.1634539602765935e-06,2.434018308211496e-06,0.2700198126838029,1311.28730019994,0.01720426422571288,-2597.9749652420724
563,0.635064487421363,85.56029415051935,0.21590254523775754,85.09606281687516,0.24832878840644726,1282.2723389834746,1261.2926188486854,20.979720134788135,0.15359982223510182,0.10743037399773588,1.0330429142546655,6.666705576882831e-07,6.525100055939633e-07,1.4160552094319858e-08,7.028041980025613e-05,7.02262952051066e-05,5.4124594203153606e-08,20.60598892088552,307.1279672275103,6.107838956951087e-06,2.8982088923819552e-06,0.29243127534255925,1192.2918851864322,0.01859537548111484,-496.0898024047201
564,0.530611091504839,73.63255039224018,0.1865483360191751,73.2589833758239,0.18701868039709574,1561.7139153906955,1544.7017285555353,17.01218683515997,0.06068111337415434,0.08750040338895954,0.8504076805077507,-5.556722292400168e-07,-5.722919280288457e-07,1.661969878882879e-08,-7.040783063959443e-05,-7.045925230689719e-05,5.142166582233685e-08,15.94730169311311,-17.209005796790066,6.336509804705638e-06,2.7235099840965576e-06,0.23872510612224626,1039.0491894320094,0.018601564088708465,524.3899600773948
565,0.6044567225079539,82.84250248102441,0.25650142275834953,82.20139530593866,0.38460575232742134,1579.8582893496578,1562.5508608604075,17.30742848925315,0.1940294235885135,0.10144035212005852,0.9831414296806684,-1.0895218286706245e-06,-1.1070044402944432e-06,1.7482611623818524e-08,-0.0001351139111395322,-0.00013516743815178463,5.3527010797559966e-08,9.52585821891839,424.907385331991,5.955265536144471e-06,3.4001650481505867e-06,0.27264003117225505,1185.3016211329723,0.019990804943135584,-26.70528180933252
566,0.6356768574588908,82.1793058111266,0.19230863543325072,81.74240600076841,0.24459117492493188,1842.7840839800735,1825.2567852013283,17.52729877874543,0.15134896986608212,0.10678884667973686,1.0669693710781074,3.8544433229152993e-07,3.711094839397121e-07,1.433484835181786e-08,4.328773916432883e-05,4.323446284227542e-05,5.3276320456651744e-08,11.114803412131405,441.23393313965556,5.345923066136311e-06,2.975659485058906e-06,0.2878262450810488,1171.2638972210752,0.02109202509589077,-2139.9211308335653
567,0.6401693113391049,88.47356562871451,0.2781987475684931,87.87395388272195,0.3214129984240687,1706.252384726134,1685.8802044842241,20.372180241911337,0.13257095037907665,0.10466276676489317,0.9931515341358491,4.800344492801254e-07,4.667519892833314e-07,1.3282459996793979e-08,5.0600860697851115e-05,5.0541147235736464e-05,5.97134609302503e-08,5.532978851679445,1027.6092180993992,6.404882311647876e-06,3.0686273281856008e-06,0.2746287072604849,1246.3503007410495,0.018959892627599662,110.5469310823355
568,0.686850704140158,115.4914698866096,0.30280716952162556,115.02295875313581,0.16570396395218018,1746.2928026869147,1720.130166386106,26.16263630080747,0.380625351149998,0.1131060921548012,1.0248027124474215,1.8350653423886963e-06,1.8165137912363856e-06,1.8551551152310912e-08,0.00021351532762010382,0.00021345403077291722,6.129684610762405e-08,8.0068575967828,647.0546813949626,8.347896718577525e-06,2.926811545384223e-06,0.2899658092911927,1626.8687462270045,0.019650270853381578,1315.2305844782713
569,0.7035265943730981,109.66672449526327,0.29331553782638087,109.0101617353333,0.3632472221035753,1529.308805468921,1510.6286016400202,18.680203828903117,0.13308579509135332,0.1310808454193576,1.240121348457779,2.2712695248438788e-06,2.2514550841209094e-06,1.9814440722969768e-08,0.00025945251905958516,0.0002593830137302619,6.950532758033386e-08,7.052812947780552,479.6564254870684,6.8698427911909955e-06,3.899867608108697e-06,0.3331507907159002,1583.160200779284,0.018146267548491087,825.6663768165236
570,0.6875675901800642,106.80249584074042,0.3103820509045241,106.25336466533327,0.2387491245026233,1598.1081404057209,1579.9573791541634,18.15076125155692,0.11193615403803397,0.12350791681505169,1.160918795195273,-1.4775237011567015e-06,-1.5020263675982679e-06,2.4502666441566366e-08,-0.00018574804840763704,-0.0001858073324653407,5.928405636766135e-08,19.10228241042577,410.3868932727528,7.02638996031733e-06,3.0030602421823544e-06,0.31564706464830883,1529.1801974936789,0.019268850470743948,3805.566381898083
571,0.6521793947001943,95.29667354946658,0.3080404311908729,94.67987197361292,0.30876114466278715,1596.358716684404,1577.5121950145347,18.846521669870295,0.09632366405084662,0.11645475060586535,1.126067166275408,3.298278184546927e-07,3.1328506322919696e-07,1.6542755225495807e-08,3.0210555090299816e-05,3.0147653180881698e-05,6.290190829443837e-08,20.713676149370663,517.9708266532743,6.948266815272126e-06,3.5658135838284834e-06,0.30644313276567414,1325.6831628762015,0.017610816617390553,1583.1404385640562
572,0.6998767168125835,114.03272468091352,0.4261528980301229,113.31945924393665,0.28711253894673805,1646.5458946426634,1628.5600412972087,17.985853345455688,0.3651239975008155,0.12779338461272233,1.1879162743405114,1.219670926254478e-06,1.2032458728182407e-06,1.6425053436237026e-08,0.00014062880527984051,0.00014056829840844475,6.05068699878016e-08,4.414480010467702,449.52006972909504,1.1108577509734825e-05,2.9852241675279657e-06,0.31937486623619327,1615.8986804256651,0.01784303799123992,-233.70621607395515
573,0.5900995638336951,75.23487866142426,0.2461652923822992,74.78053808217034,0.20817528687162576,1494.8663964112056,1472.4501031076366,22.416293303568946,0.11068512496856413,0.09473910042091477,0.9350015455365871,9.411501637855027e-07,9.24607610651252e-07,1.6542553134250716e-08,0.00010439552430702184,0.00010433906836448048,5.645594151530231e-08,8.252528718265111,40.06535388885003,5.265747951828205e-06,2.612742055521569e-06,0.2582410636726119,1048.6513152840819,0.01943748383177687,2491.508270706887
574,0.7033017801143878,134.77528991399413,0.4974681321165666,133.9362225301147,0.3415992517628583,1399.8039803695367,1379.6238100790747,20.180170290459973,0.10301608517027884,0.14484950148844475,1.2691465494495688,1.4105439212983014e-06,1.3914347240906928e-06,1.9109197207608383e-08,0.0001676015805674138,0.00016753081081130554,7.076975485228886e-08,9.493992234028696,539.6932786052461,8.65347081260972e-06,3.2913210581297435e-06,0.34220474107653653,1827.4814481004428,0.018029414498282482,638.5710138764989
575,0.6240100326110198,102.52078099131154,0.3316405788986666,101.97772193409018,0.21141847832269547,1549.4176402069104,1524.9341498122456,24.483490394663974,0.17421825372659064,0.11119676478133594,1.038108099201481,3.983437599230506e-07,3.827338104407713e-07,1.5609949482279125e-08,4.151777476674689e-05,4.1454065695911174e-05,6.370906925394986e-08,13.263699928682481,418.0555915450335,8.741901451213148e-06,3.493826502329914e-06,0.28883403617988507,1396.463994314684,0.01931670655949702,-463.8654499910517
576,0.6149048340901059,86.0011424623623,0.24448996327504077,85.56054895991133,0.19610353917593829,1273.8191519669208,1252.3747070074853,21.444444959433866,0.24521949340901636,0.10345195403724963,0.9822769986386056,-9.389642094429341e-07,-9.55367187242382e-07,1.6402977799448046e-08,-0.00011672834562388139,-0.00011678128740482609,5.294177956198986e-08,14.22703421769149,327.8373889641327,6.072283930643726e-06,2.6008316285836846e-06,0.2790738033840245,1185.2296598737403,0.017591292189373126,-55.247342035327165
577,0.685589160013852,98.72931953579207,0.31815914440905224,98.17566305963356,0.2354973317494624,1546.4558305960284,1524.5293682239876,21.926462372041033,0.21371043440086462,0.12363922868901785,1.1583971801602497,-2.3553515079202815e-07,-2.527434243887139e-07,1.7208273596685592e-08,-3.5362614075902274e-05,-3.5425346387479064e-05,6.273231017498161e-08,13.708600263770707,440.95085580318766,7.466437646559553e-06,3.0819847036934265e-06,0.3106974415408776,1392.8869452257534,0.01949416162168647,7.23405994931818
578,0.6333480648283563,102.73297665775756,0.31993624821485905,102.23448325463865,0.17855715490407684,1187.3296765998496,1166.9511010896708,20.378575510178095,0.12237441072541903,0.12281405095813953,1.1904221869972829,1.250739625963881e-06,1.2309564910170141e-06,1.9783134946866833e-08,0.00014102572457747118,0.0001409684390544033,5.7285522003104304e-08,10.722654048244099,687.6999800538406,8.493592264405118e-06,3.2245141385685692e-06,0.31899855939232513,1479.740937994431,0.017733892282563155,1342.75246626254
579,0.6134227603317396,91.96435569499445,0.24221395786225197,91.53663593026414,0.18550580686804383,1629.79884969856,1612.5544895268702,17.244360171688903,0.16717358406837826,0.10905093946745441,1.0433177131906957,-3.677349107607799e-07,-3.86067643362256e-07,1.8332732601476117e-08,-4.719541020186768e-05,-4.72496780664863e-05,5.4267863574329286e-08,12.27026956608501,384.9902787804625,8.242655620807815e-06,2.7152719315856818e-06,0.2747636091432963,1345.1273190650418,0.01893905856180511,613.7649210703603
580,0.737868128604505,118.56076900840459,0.382068398668271,117.92621032967888,0.2524902800574249,1641.6561937552813,1610.697585585166,30.95860817011528,0.13973411601322755,0.13131259526517153,1.2283686487496028,1.8524051256088887e-06,1.8355527712335013e-06,1.6852354375387524e-08,0.0002096103955449147,0.00020954380928413815,6.65862595865398e-08,28.65061917787485,347.0523282784095,7.878475169976926e-06,4.357457637175383e-06,0.3323004994688124,1750.6791538338523,0.01834314705682531,158.03106943393868
581,0.6649733442856757,107.05280719515775,0.33554979161425985,106.38987231571703,0.3273850878264548,1351.812538677435,1332.7278937695364,19.084644907897566,0.09285112053937836,0.11260731808357409,1.0820190118105932,1.2448369126274716e-06,1.2279655646459964e-06,1.6871347981474722e-08,0.00014087528839295572,0.0001408109806414256,6.430775032807402e-08,18.449385984737397,591.7906143463349,7.742509741999278e-06,3.927627883268575e-06,0.2981287841965546,1521.362669950855,0.018937386584722774,2460.1057543888674
582,0.6356699485845038,86.3132096840849,0.3352250373966786,85.69994730497534,0.2780373417128705,1951.2826568924463,1926.2418665507373,25.040790341706103,0.13923398068396584,0.11019130636835106,1.069143569158763,9.282366312662819e-07,9.138759895233072e-07,1.4360641742975279e-08,0.00010440527657341233,0.00010435091586853627,5.436070373831047e-08,6.812698404344568,151.49421326645611,7.41686048634453e-06,2.826017396942509e-06,0.29497636108652586,1222.4061522055788,0.01919300358615233,1067.981152404962
583,0.7724014835861477,139.20994447603726,0.6532246374347878,138.1706843886184,0.38603544998404155,1641.4593371877174,1606.4450125507958,35.01432463692369,0.0870260441628752,0.14590778572515148,1.2827078167838526,-1.0353847037333096e-06,-1.053355921013835e-06,1.797121728052563e-08,-0.00012836082994662252,-0.00012843671940363663,7.588945570736907e-08,7.476882548250039,719.5081297401882,8.312956020191649e-06,3.2725449410625736e-06,0.3445319396504832,1907.5183309724707,0.019736081078660313,2715.3908703776287
584,0.7265834406582125,104.42251886605501,0.2964863962541318,103.86926324942333,0.2567692203775486,1527.6113911602931,1504.9050797373743,22.706311422917818,0.12297373233992345,0.12643737650539227,1.1922580426682272,7.723578567401898e-07,7.543494497535394e-07,1.800840698665043e-08,8.581525279854484e-05,8.575293033989325e-05,6.232245726908402e-08,6.734052347345536,342.2174648109455,8.349340546700556e-06,3.2256213295299558e-06,0.3267481852311059,1518.8956168007226,0.019061398047046735,1445.3165865851333
585,0.5456862113663867,67.94423975695683,0.1973077435594854,67.51761967658484,0.2293123368125064,1303.3058133564227,1288.076834325819,15.228979030606482,0.05246457752324323,0.07882254627075717,0.7844791548047029,1.0444431059127952e-06,1.032186053595436e-06,1.2257052317358877e-08,0.00011849691528073544,0.00011844410422501048,5.281105442176543e-08,7.759025089120101,335.1200804659394,5.224969335487043e-06,2.3614609194354067e-06,0.2269201934000558,928.1748550100132,0.017142411735556858,-2850.988069202751
586,0.7099447738193128,123.56889756825453,0.4306152575874169,122.72841721981905,0.40986509084804656,1396.7549579502986,1369.5458726928264,27.20908525747136,0.09297858706443879,0.11950030503832298,1.1093769969850167,6.738502606228728e-07,6.5749067714506e-07,1.635958347781255e-08,7.501758852343382e-05,7.495637316679767e-05,6.121535555400422e-08,7.3155698226394525,437.1636205177526,8.340555809177457e-06,4.653942954066082e-06,0.29540749033615554,1769.6089517585656,0.018816994886111223,545.2705625028902
587,0.7355827375942128,103.8241910177524,0.34706366828586815,103.26704119635995,0.21008615310658232,1431.0557114496419,1403.6715560585471,27.384155391092428,0.24088781973955567,0.13132554093140222,1.2715852051340757,-4.909406802069078e-07,-5.079522865510572e-07,1.7011606344149315e-08,-6.555048876221558e-05,-6.56181811441095e-05,6.769238062760747e-08,9.003418194751184,400.3149693984411,7.873800261673455e-06,2.861198858586004e-06,0.33775744433093363,1446.0725746485637,0.018596737007521565,1523.558320682776
588,0.5943115467251762,75.47101068346613,0.21124883108886966,75.00888843335966,0.25087341901763527,1446.592666597278,1423.0314061797847,23.561260417491283,0.09281871168991301,0.10016820077016617,1.0268119331144012,-5.536423252254216e-07,-5.70103921435864e-07,1.6461596210442413e-08,-6.992999857114397e-05,-6.998619944537945e-05,5.620087288163319e-08,8.813539250144483,382.2296222445434,5.835653427993985e-06,3.0220016729036937e-06,0.27753967279090525,1032.517003525399,0.0192302617772271,-18.644520969257428
589,0.5685125933534992,80.19093675608539,0.24578394567486242,79.77577027227986,0.16938253813067958,1791.5771404720988,1768.1977630039858,23.379377468113034,0.08188179315468239,0.08708003376671895,0.8818917659712623,1.3111048387146597e-06,1.2973542958671802e-06,1.375054284747896e-08,0.0001506543761145832,0.00015060505488694853,4.9321226911589915e-08,17.76803488393059,492.26883085477596,5.919676381378353e-06,2.4925740761766488e-06,0.23564717916552552,1093.3526868720473,0.017776875920953603,1778.7017984934791
590,0.6868733781993259,97.94732767199665,0.31729909980128695,97.29322800886405,0.3368005633313056,1742.766284800077,1719.0141332336598,23.752151566417194,0.1333499425593847,0.12460248865068299,1.2207000935182948,2.530159755956516e-07,2.3855934554452275e-07,1.4456630051128875e-08,2.528710111733116e-05,2.523100133694816e-05,5.609977885162325e-08,15.01826075110871,424.80118609504444,6.342848581164293e-06,3.6054076998194264e-06,0.32243368472273554,1372.2537531639782,0.02188207594038407,35.481499688386975
591,0.6487482286403538,100.48903827468,0.29695303120873817,99.87151298955398,0.3205722539172965,1585.7546907594815,1555.4853851618948,30.26930559758607,0.10025914455933257,0.10929760132778395,1.028329176673424,1.4102038684417644e-06,1.394127475240562e-06,1.6076393201202304e-08,0.00016008915385666434,0.0001600272329188929,6.192093662949339e-08,36.86820039395072,534.164743789762,6.744668246627201e-06,3.193765542750064e-06,0.2715227838204483,1345.7134036813543,0.019248334762849026,288.146415808631
592,0.6984196776458416,112.89204340553756,0.34319599037179543,112.36876868850548,0.18007872666025931,1711.6826031740843,1691.6748125044887,20.00779066959374,0.06899548126105651,0.13030488064168644,1.1557143985359057,4.3990432772451984e-07,4.2179835239478875e-07,1.810597532973102e-08,4.1168801810244796e-05,4.11126290458392e-05,5.617276285225857e-08,29.39273807879186,505.01064098392607,7.862253011794284e-06,4.724341897802988e-06,0.31261547001052514,1579.9411869105847,0.019718527472230137,2069.3562679775678
593,0.718688869525111,130.71249911625551,0.4141520357758191,130.0296206551777,0.26872642530198915,1883.73571252368,1856.6171136501546,27.11859887352683,0.15864300700005388,0.1339931726390949,1.1258202496645489,3.5868754093375606e-07,3.395964082729367e-07,1.909113266081919e-08,3.427882247311789e-05,3.421344722433516e-05,6.53752472370754e-08,8.800360586158389,1059.3125736681025,1.0150831758986382e-05,3.3332640987369664e-06,0.3237549845842081,1866.1825766212683,0.018755776903872052,-2767.471250224695
594,0.649899741100539,74.65364436731028,0.19687314698427943,74.36079540826395,0.09597581206204046,1756.2660528955637,1736.3800696311062,19.88598326445643,0.1354677953944172,0.12031580935798401,1.2741832291974013,-1.2032658631733884e-06,-1.220305386175051e-06,1.703952300166255e-08,-0.00015052985766651083,-0.00015058191709907575,5.205943194513893e-08,6.316174409354664,360.65666304968937,6.075770024587103e-06,2.9496215424358854e-06,0.3259768457672291,1042.4235168342927,0.0186374543590448,971.4988235893434
595,0.6363719330781917,97.70441261059284,0.2455340119889553,97.19550347932633,0.2633751192775439,1252.26818034374,1228.9631909563038,23.30498938743663,0.20653092928197073,0.11500038061696201,1.0710616804024535,-1.2465075550611717e-06,-1.2634769439065344e-06,1.696938884536271e-08,-0.00014896039390176828,-0.000149013015324767,5.262142142772028e-08,17.073972843447855,407.24280996893367,5.571506064621204e-06,2.7863068316974954e-06,0.2983715095590313,1338.871270503821,0.0203438915641527,-903.0624046810954
596,0.5868263028059993,67.13564977765195,0.18864975698744677,66.82404577030343,0.12295425036105934,1168.3404209857017,1153.1517146444903,15.18870634121234,0.09670914530416082,0.09559976031750783,1.0018748923107488,5.270737646156703e-07,5.136367291612417e-07,1.3437035454428912e-08,5.3802670084216295e-05,5.375172978942221e-05,5.094029381821937e-08,6.270099894348757,293.46018173638595,5.3063127848685935e-06,2.4602070485851633e-06,0.26694260546765897,927.3780926859129,0.01873916872627451,583.9727445009885
597,0.5394945157278114,74.47132300767309,0.21255437431079213,73.97198138549665,0.28678724786566234,1930.9584685715242,1916.7954779718912,14.162990599632556,0.14759209829435915,0.09097067424268343,0.8828705779126168,1.0715711536726247e-06,1.0539068545531634e-06,1.7664299119461707e-08,0.00012054710876447369,0.00012049846996968654,4.863879372187816e-08,10.996216838513707,694.2716411362074,5.661794436241371e-06,3.589565253283066e-06,0.2525767948029869,1013.1416976628607,0.019334722845994,-1274.4413758247938
598,0.5775832117715624,68.68708310078384,0.20179318529792772,68.29099391489997,0.19429600058594676,1354.3312163446108,1332.7908500244287,21.540366320182148,0.0630949339815302,0.09572284732620182,0.9917719966069949,-8.540853959115632e-07,-8.692063117110198e-07,1.5120915799456486e-08,-0.00010781459712772575,-0.0001078684042945219,5.3807165371572486e-08,8.570775277307142,455.4740988310072,5.421394393344895e-06,2.5010677455172393e-06,0.26256009531702423,938.696496762677,0.018799723122861968,1389.7092279258577
599,0.7060670015174288,111.80469545964927,0.3880438870009603,111.12275164483366,0.29389992781466007,1549.3248892988402,1527.4492892924532,21.875600006386737,0.2472172275524159,0.12565557493326182,1.1346406856056381,-2.3435561585341444e-06,-2.362855361394583e-06,1.929920286043922e-08,-0.0002895378868511375,-0.0002896052627624712,6.737591001287755e-08,12.973533755126933,618.6860104858118,7.646455888456779e-06,2.8787230199252486e-06,0.31017872891693793,1597.204711886537,0.01941485136959681,-115.98072479227267
600,0.6548101329012712,102.43942364496442,0.34150026893865265,101.78247172599849,0.31545165002726755,1564.2610208924684,1545.6824804645858,18.57854042788207,0.11613640135962097,0.11777582884790494,1.1356163041307352,9.572328711393195e-08,6.789733903089039e-08,2.7825948083041552e-08,4.0394201067862665e-06,3.980563300830801e-06,5.8856804875549204e-08,6.536149116644136,682.6992079060462,8.459822250331524e-06,3.5773566630669705e-06,0.31095383903334106,1396.179314427542,0.01922357208136123,-2118.977555164016
601,0.6711193323021524,116.20013112721821,0.40029550460854135,115.53051462618234,0.26932099642733165,1309.2277539357578,1272.464518276923,36.763235658833786,0.07157180578004722,0.12397003329122715,1.0975284180412606,3.470866993450044e-06,3.456980711173356e-06,1.3886282276687666e-08,0.0004030404349939584,0.00040297696897451064,6.346601872447049e-08,5.920104898188182,730.6595632233257,7.86565390441826e-06,2.609603969952375e-06,0.3000170526427291,1592.1964967994327,0.018175939270756378,1874.4249151549338
602,0.5688591020058759,72.16084341843033,0.19383899815734523,71.75332611217847,0.21367830809451205,1790.1505914814204,1770.5619241984753,19.588667282945103,0.1641725313609423,0.09662860155239797,0.9814159537475312,-1.8590297526809766e-06,-1.879714429093477e-06,2.0684676412500468e-08,-0.00022842487854684475,-0.0002284740380513016,4.9159503401542866e-08,8.535190657918431,594.4843552527732,6.419708508122771e-06,3.51529625913035e-06,0.27055835373852727,1015.6434432297531,0.02203991862246631,-2078.8814096257265
603,0.583131220278376,89.23048694440615,0.26397943628302045,88.6557856652885,0.3107218428346346,1777.6550314774786,1756.9561156316638,20.698915845811282,0.12966493199200882,0.10319954800517256,0.9893179082543848,-1.9712986770070378e-07,-2.1128825837638167e-07,1.4158390675677823e-08,-2.39420106868569e-05,-2.3993365499924467e-05,5.135481185452281e-08,5.2115664332768254,484.19000057335455,6.0592646290014595e-06,2.9068958684456917e-06,0.26944597105329293,1256.5944692846515,0.01759320129431479,1312.4332345845942
604,0.6865433318327447,103.19933654653342,0.38965495894471464,102.44286070506405,0.36682088252464556,1481.1894284080597,1461.8545514296693,19.334876978389353,0.20723047360205565,0.1138137000788581,1.1094253730819716,4.935112160105826e-08,3.119656673832768e-08,1.8154554862730598e-08,2.990759677501752e-07,2.4096218380124376e-07,5.811378260794008e-08,6.825430603396897,678.8387137589812,7.853229408548333e-06,3.0442305111851362e-06,0.2967519973657739,1507.983970603247,0.018218712240064203,734.4037378309222
605,0.6695216828830154,91.72218339305294,0.2860099903052558,91.08697483953691,0.34919856321078413,1572.1499748179492,1553.9710754608748,18.178899357074336,0.09424690437826444,0.12256307942876889,1.2166990282260348,-9.726305972555638e-07,-9.933936499785334e-07,2.0763052722969685e-08,-0.0001230598314106002,-0.00012311452217088847,5.4690758990824875e-08,14.828497392440303,292.2139160825583,6.820396876629782e-06,2.593964731987793e-06,0.3168771904902488,1287.7222987999241,0.01990501514679467,771.7791826265347
606,0.6727096164764191,107.91867364069056,0.3095579958347541,107.28804318681398,0.3210724580418104,1374.3849367417379,1350.674518649594,23.710418092143666,0.09447807265864562,0.12751829562376338,1.2021926316576452,1.343073719755698e-07,1.1738695857579284e-07,1.692041339977693e-08,6.409386651836302e-06,6.34882463327806e-06,6.056201788061516e-08,29.48471837636198,541.5282691804873,7.608623885428662e-06,4.037037566151621e-06,0.32135002621093384,1545.1457410034234,0.018905789809887358,-1237.532447948197
607,0.6824191993764905,129.37089200422614,0.4917248360496392,128.56012468503886,0.319042483137641,2227.493636368552,2206.6873585797625,20.806277788792894,0.15227611853787948,0.1388283143222013,1.2371580662855615,2.4060275186438183e-06,2.3874065418484264e-06,1.8620976795391195e-08,0.00027465819104349927,0.00027458994703623513,6.824400610852241e-08,13.577862454275861,737.8273173355959,8.52491799886527e-06,3.0310748254261996e-06,0.32620299320808194,1831.6579606697069,0.018382888192494076,1987.0071902322961
608,0.6340610173712019,113.74991958243855,0.393110185163668,112.96585884016713,0.3909505571077625,2073.4395937130657,2052.834327444374,20.60526626869273,0.1039120019037278,0.12205065897957372,1.1375629165168026,2.4964066064731327e-06,2.4797077873512003e-06,1.6698819121931926e-08,0.0002930013092199732,0.0002929364344424947,6.487477592762307e-08,10.032837361462965,835.030618930011,8.265283866299949e-06,3.708167195487774e-06,0.301060706614718,1604.1004124427654,0.018871363624324906,-1199.850483004131
609,0.5864961706180507,70.00990729242137,0.21899330226574173,69.6107975762959,0.18011641385972277,1172.906012451903,1158.5073369772635,14.398675474637297,0.11303742251837645,0.08990469144964576,0.916180884416199,-1.1947263233723295e-06,-1.2094240793664243e-06,1.4697755994095028e-08,-0.00014634850489768524,-0.0001463995333389702,5.1028439690058435e-08,4.395859919618931,442.73600479965194,5.143869754730275e-06,3.1445356193435242e-06,0.2559267030668327,950.0854525019937,0.01847938432007452,839.6312694772387
610,0.6867153921976005,111.03681721989945,0.3675360399039403,110.2607887577121,0.40849242228339916,1658.1636490009296,1632.6993226387226,25.464326362209235,0.2618796459946064,0.12871726563565244,1.2506270129051,-9.675306161892216e-07,-9.820812257411859e-07,1.4550609551964266e-08,-0.00011872337866988638,-0.00011878164389871802,5.826522732002238e-08,37.58222718334054,365.15552820253623,9.189888428098392e-06,2.8715295412353657e-06,0.32630134314232906,1571.5569993321421,0.019053386980829132,1357.6901577314275
611,0.6595941730815871,97.45847969004058,0.305449693395161,96.87458204274247,0.27844795390293076,2054.737270535615,2034.16612755447,20.57114298114528,0.12740759782176658,0.1165136774750027,1.1315245473488191,4.021233782518874e-07,3.837183032767643e-07,1.840507497512301e-08,3.776169670966551e-05,3.7703578086393535e-05,5.8118622173699397e-08,21.36807591312451,758.9083251091535,7.233490579043935e-06,3.0098870343011058e-06,0.2996368704603524,1347.800025431054,0.019623111477242917,1141.0958710832565
612,0.7631490825915042,125.83855556549773,0.30578011667849453,125.32281450610569,0.20996094271355187,1636.7733296718638,1617.6165503266795,19.156779345186774,0.2130744726302721,0.13118022121471673,1.1790333679996552,-4.066886283868206e-07,-4.2514337355647096e-07,1.845474516965021e-08,-5.33647309555601e-05,-5.343092303106597e-05,6.61920744071681e-08,14.2661118873816,477.2721007393601,8.525955381919798e-06,3.1259772310519196e-06,0.3219071205972737,1765.3428417793984,0.018090720213743736,1145.0329789495918
613,0.7423148508905104,138.6567008217733,0.4216310083166974,137.81550859845316,0.41956121500343135,1896.6591207788465,1874.932360578807,21.726760200035827,0.16926964602482697,0.14762244472725347,1.3138367501362722,1.0079362130120383e-06,9.904625148280857e-07,1.7473698183952664e-08,0.00010280037063559217,0.00010273364085461312,6.672977950881916e-08,9.887188572545583,727.9361163532305,9.813780928190168e-06,2.9489821078855874e-06,0.34891917447381987,1878.4630174959593,0.01869670462700756,-4014.6798757206343
614,0.7401768771889738,129.96372194971974,0.39243705044858485,129.14212772229774,0.429157176973442,1737.4574196272577,1710.1801329258572,27.277286701399404,0.18161883243975174,0.1434550221253482,1.3230618559676894,1.3152485614113226e-06,1.2943843109638287e-06,2.08642504474942e-08,0.0001485919921160082,0.0001485169159902589,7.507612466643287e-08,8.865804430217498,398.46834786241425,9.886741068690557e-06,3.774636567313149e-06,0.3387119814384852,1841.9681348813608,0.01916495338588871,2486.919542329677
615,0.6170505837458622,97.4786014974313,0.3080920744809593,96.98120283693692,0.1893065860134201,1545.8938528417973,1520.4495049104066,25.44434793139028,0.11438886046370386,0.10050925820053727,0.9446420849097789,2.9212224551785944e-08,1.4705094025773489e-08,1.4507130526012442e-08,-3.906806472067257e-06,-3.965805703802772e-06,5.899923057759108e-08,5.50360621502297,569.5983565423795,6.909735918261013e-06,4.573759949071115e-06,0.26846965880935164,1335.178906389665,0.018833466621176204,-1373.4550732919706
616,0.5498793404665829,69.10780169527601,0.19591198587249417,68.76706459455842,0.1448251148451178,1231.0473753062247,1213.1151961750277,17.932179131197238,0.16318175115957695,0.09027024220490741,0.9355308091561404,1.4734032391871108e-06,1.4577565045467613e-06,1.5646734640348993e-08,0.0001705417048756782,0.00017048698053733906,5.4724337390057785e-08,5.253781061070047,311.0249992434821,5.574438346027882e-06,2.8207196148868267e-06,0.2443528533613641,943.7398706458625,0.019358254993526575,36.669186704246385
617,0.6758199608068609,111.60994290933198,0.3288535954108594,110.94411091697712,0.3369783969439836,1457.0976228445509,1435.234940115812,21.862682728738136,0.1254397743401861,0.11996574477120227,1.1463706424830284,-1.561236851325294e-08,-3.1338294198909416e-08,1.5725925685656485e-08,-7.979201911153349e-06,-8.041943235933439e-06,6.274132371043873e-08,28.310402073995796,921.2305573802747,8.814666290602738e-06,2.7550895275694525e-06,0.30540223897741686,1570.9653641730952,0.018906044373573457,-2249.7873584520894
618,0.6781911713974681,88.08626446149596,0.3016005844545466,87.42614523373042,0.3585186433109855,1668.0297775137426,1646.6733991055623,21.356378408178923,0.10152238571355669,0.11087118215146938,1.0773024890097525,1.1660044770246762e-06,1.1489856621942712e-06,1.7018814830404892e-08,0.00013187993054691286,0.00013182456742969465,5.536311594907441e-08,8.872728324559386,464.6054425091771,6.510947913650553e-06,4.1344217837989694e-06,0.287775975081087,1274.3486341731796,0.018539708283631027,-1525.5322642647734
619,0.5980121343103856,75.14642321071722,0.26267456003089534,74.64230527597694,0.24144337470937452,1101.2062372479668,1081.7873665769037,19.418870671063715,0.08777319374914794,0.09663391946483528,0.9746006599126882,1.4143205967816226e-06,1.4030283250533054e-06,1.1292271728316867e-08,0.0001642088995017744,0.00016415417395070281,5.472555013804272e-08,4.7502431562980325,545.1313335974523,6.258158300911312e-06,2.678778895040847e-06,0.27565093577554795,1026.5653808124625,0.018052934054928256,-2343.161726295173
620,0.7091924725559721,121.3005719679629,0.35823121826066845,120.55673588945412,0.3856048602481022,1518.7392715165963,1495.2737123086292,23.465559207967132,0.19749720033970924,0.1344499844223867,1.2199855784666849,-9.111422881590224e-07,-9.29446071768616e-07,1.8303783609593568e-08,-0.00011673431097166918,-0.00011679884437427088,6.453340143635162e-08,26.241562514520794,580.7072433344028,1.0102537996461255e-05,3.2623540418849986e-06,0.3286865305564521,1702.0008338056691,0.019259321196143955,-1043.835835772723
621,0.6240424603751976,93.70437907013569,0.36026550432020316,92.97363422094779,0.370479344867693,1313.841184642067,1293.6361287542356,20.205055887833083,0.09048080716606335,0.10962624950454264,1.0772025322441543,-1.0746862463176436e-06,-1.0945549845833053e-06,1.9868738265662107e-08,-0.000131733373679773,-0.00013178642372026526,5.3050039056368624e-08,23.802030459065463,486.4147639043696,6.629498723132178e-06,3.196571812804846e-06,0.2931365505238642,1333.019612033631,0.017035161293596692,59.07952836297045
622,0.6124857549757892,89.34063725938398,0.308525692517052,88.79128472174231,0.24082684512460728,1249.904467575872,1229.2887462148276,20.61572136104376,0.07424248110968708,0.10056315644052558,0.9945125827207209,1.81658351666445e-06,1.803703676275114e-06,1.2879840389336476e-08,0.00021080189081895285,0.00021074516883681722,5.672198080415807e-08,5.720153268412969,319.341603753076,6.267991104538175e-06,2.619286900346334e-06,0.2720327310622044,1213.020461914583,0.018566167039021003,980.6907855544487
623,0.715063751111978,114.31621317234806,0.36625268705092373,113.81263000435415,0.13733048094297662,1729.1202201176302,1708.231893516718,20.88832660091305,0.1683149534644386,0.12890726711542508,1.1529954706540448,-1.787622049622297e-06,-1.8026992722288831e-06,1.5077222606586166e-08,-0.00021680948326388146,-0.00021687499374936924,6.55104842967064e-08,29.810114069983783,396.39716774615874,8.476259866370454e-06,5.043452693731024e-06,0.32284236381238834,1562.7682959223246,0.02030439050704455,-851.6418722588787
624,0.6002059009061618,79.56494063581795,0.20833456411730222,79.16824302072087,0.188363050979786,1301.9389170654217,1285.2505557157908,16.68836134963018,0.1431647426449577,0.0967242149046902,0.9168763298137925,2.9011815336385397e-06,2.8855425158205254e-06,1.5639017818014416e-08,0.0003433817772532274,0.0003433280194535031,5.375779870985948e-08,17.296160529418064,349.3248813037919,7.244137999507017e-06,2.4621546008543026e-06,0.2642304736041887,1133.2808067451451,0.017752625907636217,-1284.7234577242016
625,0.7264136391208639,124.9652720476715,0.4243273498732472,123.93591463806614,0.6050300597321351,1897.1533012150044,1873.8877820975283,23.26551911747526,0.17050265936433245,0.13959884943624679,1.294233842698541,1.5277580585708584e-06,1.5095029082129558e-06,1.8255150357902498e-08,0.00016982512148483445,0.0001697595615892066,6.555989473148574e-08,17.938924620169473,625.1615661802302,8.505773704697758e-06,4.7578035961399615e-06,0.33152078588142797,1740.901996516086,0.01932646466488496,673.4301805088144
626,0.7067094424750597,107.48893874855146,0.29290920024183803,106.79190247781703,0.40412707049259433,1776.8451621723223,1753.267197069925,23.577965102395858,0.13274994881451965,0.12477167013437768,1.1679022263134367,8.130543493147518e-08,6.372730923832255e-08,1.7578125693152664e-08,4.145155109417855e-06,4.089405915992524e-06,5.574919221451785e-08,8.956441537422453,607.8414497777201,7.319010280375595e-06,3.5648277176672983e-06,0.3185062254196554,1509.0587053765812,0.017872938438942686,-402.00829832031377
627,0.6495393576286215,103.57541803313892,0.35602317227017133,102.91067887471885,0.30871598614988804,1436.9515455929857,1418.1327349055957,18.81881068739333,0.08807282464800494,0.11330010122582729,1.0118828984288741,-2.079500690331098e-06,-2.0932404345351017e-06,1.373974420400388e-08,-0.00025206551230828997,-0.00025212004043994246,5.4528130474042563e-08,7.808923491042304,615.8891751974544,6.131668645521759e-06,2.588517981242135e-06,0.2875276994332336,1495.0102427202517,0.018403869919539132,-3290.614512072847
628,0.5852250320445148,74.41273759345404,0.24151871981039744,73.78348524343468,0.3877336302089605,1427.6110948241392,1406.7501257104955,20.860969113643765,0.1254209543750158,0.0916737627445948,0.931269902384562,-8.064673112532405e-07,-8.192961501172948e-07,1.2828838864054071e-08,-0.00010006169992950946,-0.00010011400264750549,5.230271677538418e-08,5.309511238908888,554.0747222919548,8.089418820648967e-06,2.644053232222709e-06,0.24898814835124752,1040.5239295113272,0.019972076000276773,-992.8430836213374
629,0.6292333967621283,88.66398495631245,0.29477595077060076,88.11232955666229,0.2568794488795564,1377.3152857756284,1355.044870105711,22.27041566991635,0.08839751511399731,0.10844241385286481,1.0683820465653182,9.29962133655534e-07,9.142197345254427e-07,1.5742399130091556e-08,0.00010710049216721359,0.00010704764858557242,5.284358022033679e-08,26.420670977801144,899.4650874461893,6.71450180322537e-06,2.868630328880338e-06,0.28245150522119195,1221.606248831364,0.019425998769357695,-2497.588124594178
630,0.6938898776906038,113.22230298235714,0.39953782513610436,112.63732836807861,0.1854367891424269,1566.593344435253,1545.2081377467493,21.38520668850321,0.15525689151061245,0.12217538139453592,1.1048820381633762,-1.1267283498691625e-06,-1.1410998521197684e-06,1.4371502250606536e-08,-0.00013614239471811254,-0.00013620875012201468,6.635540246220774e-08,7.172532074630403,473.3946281415535,7.895505034168763e-06,3.5183849846419775e-06,0.3243434676998396,1620.436307258014,0.019187044869867127,805.7879576322703
631,0.6888823467407783,103.24455243575457,0.30298248379727855,102.57594292729043,0.36562702466687147,1811.4480311950101,1793.8755573907326,17.572473804278815,0.15422828495694632,0.13022644760058516,1.2102801224061241,-6.519051980593144e-07,-6.672250943182157e-07,1.5319896258901378e-08,-8.094930890623341e-05,-8.100432853033508e-05,5.5019622711066495e-08,8.865293651338558,174.31491606892786,7.387862129455418e-06,3.0064212423838244e-06,0.32126257063083274,1439.038439390817,0.01854972465299432,2409.014891813509
632,0.7676523186670392,119.65293438022486,0.43514490451700133,118.85406298439526,0.3637264913126072,1632.692997628242,1607.3814124858197,25.311585142424516,0.185685688084492,0.1558940929833119,1.5145994914582146,-1.7545627443444604e-06,-1.7696747033749533e-06,1.511195903049308e-08,-0.0002099608931832674,-0.0002100235868241278,6.269363974230723e-08,13.410363482297125,161.6843668422967,7.867375979651991e-06,8.562296383650743e-06,0.39861026738910244,1658.6556291750633,0.019789896641116394,1238.595940185358
633,0.623773351569929,93.6073576655946,0.2739088064660596,92.96445016297042,0.36899869615813413,1240.5964346330866,1212.0231642709607,28.573270362127882,0.12975696897516337,0.1011311575217279,0.9706316443143616,-2.099069328608804e-07,-2.2309484526538135e-07,1.318791240450105e-08,-3.1940118947385506e-05,-3.199674532267657e-05,5.662637426630327e-08,7.865091326521871,438.97239057318285,7.3225073549555e-06,2.6787921878479014e-06,0.2585315788899609,1308.0222323621235,0.018143088918140534,1907.98670983384
634,0.5161958388607997,68.94894206370223,0.20720149833209023,68.50003220003929,0.24170836533086784,1561.0981228923622,1545.8272735767343,15.270849315630084,0.10002957163446304,0.08432461255282217,0.8306533149145632,1.5013364629377964e-06,1.4877147531417565e-06,1.3621709796040102e-08,0.00017347477379682806,0.00017342137774313616,5.339605296104238e-08,10.469376549713928,302.3196822816999,5.021114901289223e-06,2.633122531776404e-06,0.23909061696539946,964.906443868655,0.01821440190605127,-1090.6932850982157
635,0.6166415333515459,93.5304958663958,0.36039762138981224,92.94243629206024,0.22766195294575978,1466.6992578458285,1449.352365255345,17.346892590482366,0.21746002319977176,0.10895521118407894,1.0472670171196836,-5.792721292272693e-07,-5.936969575161456e-07,1.4424828288876338e-08,-7.315728143847652e-05,-7.321239377533202e-05,5.5112335705021165e-08,34.44500871522857,330.2594539569125,7.467129946936822e-06,2.6047503660806877e-06,0.2792662950773476,1289.6139582249443,0.018307093958222446,348.72277758527343
636,0.6135846122810337,73.05649792676327,0.21843804309856651,72.58324772618849,0.25481215747621677,1456.6146436978547,1439.826138135948,16.78850556190789,0.11582198108177888,0.10444279370357319,1.0625188684076297,1.1268642764049334e-06,1.1119584227181442e-06,1.490585368678943e-08,0.00012689960984782163,0.00012684531443865068,5.429540805848341e-08,6.265229341117334,268.568704286155,5.944272270184048e-06,2.630872772643976e-06,0.28441430981299404,991.0829142480949,0.01942291465226281,373.6963301293763
637,0.5933072151884375,85.19613245017831,0.31301608411704607,84.68516880082362,0.19794756523764429,1789.9576546588812,1772.187418023586,17.77023663529917,0.18739154547064618,0.10872593256694772,1.0593632340121872,5.854158898608764e-07,5.696882450705472e-07,1.5727644790329014e-08,6.198183383069887e-05,6.192701818174609e-05,5.481564799288801e-08,15.640751686452472,385.44872442773874,7.646226052905531e-06,2.8431387928583066e-06,0.29037075168669063,1186.5310338255686,0.018530236140037376,-1106.0171273146152
638,0.5813582617015872,80.10951575975187,0.269053573148995,79.51793325930815,0.32252892729473936,1318.8068575384489,1296.502707296884,22.304150241567584,0.2255282204415594,0.09304653258085431,0.8941038152188927,4.770961640945533e-08,3.333135084476279e-08,1.4378265564692514e-08,-2.1830504926206777e-06,-2.2371727602144863e-06,5.412226664975898e-08,16.50573882979451,762.5438014487775,6.437237831515129e-06,2.674244611061396e-06,0.26123050627306726,1117.8553528256118,0.01784983925690265,956.0810474315513
639,0.639873086283671,91.44459888604884,0.2660376658730123,90.85202428737718,0.32653693279868407,1321.5413689964867,1300.0048203395743,21.53654865691188,0.11901599798905536,0.1083918685876983,1.0725020430512202,-1.7250007593846337e-06,-1.7428483864040642e-06,1.784762701943031e-08,-0.00021515220798591262,-0.00021520624972216372,5.404173506960815e-08,4.658751898837956,484.57050571495387,7.40829165159135e-06,2.7574366141078774e-06,0.29463872401221913,1326.083686248523,0.01852554720630656,322.3782857830447
640,0.6638421932416247,104.41525536572206,0.3566049277442925,103.90739465563146,0.15125578234629386,1431.5555827996236,1408.6916003068523,22.8639824927707,0.16934223233611487,0.11813053387545017,1.0881553715989243,-1.8265301205181245e-06,-1.8434950742744013e-06,1.6964953756276667e-08,-0.00022259658606348288,-0.000222660637159348,6.405109491868023e-08,5.934649100032733,379.6508714841354,7.530687770292495e-06,2.8096413134593015e-06,0.29807108684964695,1413.5213801573054,0.018370533155798965,-2849.782458816775
641,0.7169615434839155,101.17721740173674,0.3357912606632798,100.61791239300425,0.2235137480692175,1774.7648264756535,1751.7838577658251,22.980968709829998,0.20356056202042597,0.12337044154323748,1.2212552141620858,4.749034600297454e-06,4.7348213464898376e-06,1.4213253807619496e-08,0.000557623820093445,0.0005575667282240862,5.709186795401242e-08,7.945985898355703,1018.5106274324532,7.992737098560296e-06,3.636302248917345e-06,0.3236121187310104,1443.3670429187482,0.02247976803967772,-386.64732004264806
642,0.6359232234170058,93.19974132080253,0.3669965897932307,92.51081469109106,0.32193003991823416,1370.4724358513822,1345.817020371873,24.65541547950867,0.09805785073060841,0.10576688088979938,0.9948289555989636,1.4656100071516045e-06,1.4503680448783863e-06,1.5241962273217915e-08,0.00016973510264809018,0.0001696825700776951,5.253256948434042e-08,32.62016808939967,776.1243466734176,8.045985079009481e-06,3.4975529951759123e-06,0.27593326887403863,1288.2327894255152,0.01831804791222799,174.12767277931562
643,0.606473649580527,73.28823445826568,0.23836530391288213,72.83253396434652,0.21733519000628862,1436.5025041970616,1421.4486422969273,15.053861900131382,0.10072265768106678,0.11149863081206574,1.1359984202145028,-2.529723533803734e-07,-2.667746981585858e-07,1.3802344778212547e-08,-3.7859582893639204e-05,-3.7910073496283144e-05,5.0490601225325204e-08,7.980972470044509,326.35226684984514,5.003761801133936e-06,2.716746088241985e-06,0.30082944061572575,994.1621254698254,0.01999057091723692,-1549.2556290298162
644,0.5593326734592425,72.76048204016323,0.2897926159351612,72.28185737000113,0.18883205422693014,1574.973182348386,1555.834563944712,19.138618403675906,0.112360991496123,0.08848613909302157,0.8588321782697907,-5.881625297747515e-07,-6.086083713284797e-07,2.044584155372847e-08,-7.524306432996029e-05,-7.52931225169693e-05,5.005818587002531e-08,10.229669939534777,758.4195919979229,5.771507348473708e-06,3.466346473663885e-06,0.24594034194975029,982.2357846356709,0.018519197210073744,-676.3054262688274
645,0.6546012045215163,100.81225373740574,0.3157533727249348,100.21821473014839,0.2782856345324276,1497.4838006993768,1477.2982901261455,20.18551057323199,0.1309528761059132,0.11854660387268662,1.1271047147872855,-1.5902193898652e-06,-1.605535193115262e-06,1.5315803250062105e-08,-0.00019791353474023565,-0.0001979729912474347,5.9456505911664736e-08,80.72719658859432,720.6663659017785,6.835603260635143e-06,3.86645374166802e-06,0.2959015726811071,1399.4831148425594,0.020276487355721476,457.6273007748132
646,0.8067606227411889,147.9449956198183,0.4811479216677905,146.95283569193552,0.511012006215001,1831.8632018409105,1805.2301003494051,26.63310149150495,0.28200955827375784,0.16918650545923383,1.4912962269226513,2.816386057456578e-07,2.600923086896812e-07,2.1546297055976604e-08,3.228308802993994e-05,3.221618011250243e-05,6.690791634504968e-08,9.70464219676144,817.3152603508014,1.1198738904678351e-05,4.31733019943092e-06,0.3979631473054707,2036.871973942532,0.020276387589514704,2447.2870412898264
647,0.5968633444429045,80.93589397672105,0.2466713431895452,80.39516257709028,0.294060056441243,1371.8532675656963,1345.432928691029,26.42033887466746,0.08339278248175186,0.09960811588101157,0.9758713663375704,-6.73192945364921e-07,-6.884828076611027e-07,1.5289862296181937e-08,-8.709205474323131e-05,-8.71451806012161e-05,5.312585649674614e-08,9.421826029758298,575.7138553904016,5.750501629466141e-06,3.002850682660867e-06,0.2611294271999573,1168.3416203895715,0.018746220037140767,488.6484310342348
648,0.6279962765145566,77.0885624637719,0.24836528553552545,76.63466869222464,0.20552848601173304,1476.6088270647235,1447.520615750872,29.088211313850074,0.10537776614238684,0.10504232307283262,1.0487600786880789,-3.162739469849012e-07,-3.290874817296997e-07,1.2813534744798446e-08,-4.014936754215466e-05,-4.02041960102656e-05,5.482846667789787e-08,142.26205448624614,141.47426645417877,6.860091200569528e-06,2.9126535740067284e-06,0.2865572396580292,1083.9155344005,0.019303985309258493,502.2403559942395
649,0.5697885216412235,78.9135924454611,0.2834920402243323,78.3889763936354,0.24112401160137614,1379.7603925773267,1356.7779240062566,22.98246857107035,0.08585184267946123,0.09902542616339371,0.9486670407187165,6.360484528083644e-07,6.19796934163149e-07,1.6251518645215417e-08,7.199203391016951e-05,7.194220420874578e-05,4.982970012299301e-08,4.691830246022852,118.9935140234552,6.447315982736767e-06,3.097387203351196e-06,0.26078669767070617,1120.5427160643642,0.01829835341969085,-1313.6081236103382
650,0.6451963827687935,90.42226339147855,0.27029120401887513,89.9766319037182,0.17534028374148733,1867.7176462891262,1839.96890920583,27.748737083295136,0.19675612751605678,0.11444256849014814,1.0881896773604451,5.4652142605009136e-08,3.948325989019759e-08,1.516888271481153e-08,-1.9330719570889617e-06,-1.9920542541279823e-06,5.898229575960397e-08,4.404037231994293,240.67019997806082,6.420374101894722e-06,3.278238981275983e-06,0.2958738044273759,1275.784332576027,0.0194016489071888,-618.9190250181746
651,0.6729705156640905,118.90309595037385,0.38628255849995785,118.08123331455903,0.4355800773148491,1434.9375698890926,1409.7442470890558,25.193322800038267,0.2044036420243486,0.12493078384067803,1.1100896563031746,-5.279691200840454e-07,-5.461701275448091e-07,1.8201007460763554e-08,-6.677631262732783e-05,-6.683707016485527e-05,6.075753649965136e-08,9.72877668548664,660.9661433298313,8.545634326743789e-06,4.44488959682267e-06,0.3082477488172109,1687.9294386467202,0.0192082836292165,-608.1008425930231
652,0.6773768567012403,97.54471054808495,0.29856457681452425,97.00230724454228,0.24383872672814266,1515.3263477372686,1495.766377332317,19.559970404951834,0.0834792972562348,0.11696265979846862,1.1041988423156963,1.2012940255011196e-06,1.1873954949672862e-06,1.3898530533833345e-08,0.00013564806607827183,0.00013558631888068953,6.174719640884344e-08,6.797308142598334,57.42844106097171,6.602881983084263e-06,3.934872307975855e-06,0.30697518107364946,1393.045095244504,0.020710572943414777,1779.401681432424
653,0.6585672535246342,105.12740631420903,0.2984487304581029,104.53186014609676,0.29709743765414215,1335.5209452407878,1310.6149181151777,24.906027125610127,0.17026987769611357,0.11429821162024337,1.057616870297855,-3.391100196329638e-07,-3.591256641264323e-07,2.00156444934685e-08,-4.9381171845627145e-05,-4.944317160861636e-05,6.199976194897374e-08,41.12036409898984,744.6231788732947,8.422520063270208e-06,3.2717916083181043e-06,0.2967034988863134,1470.1062202391645,0.01927627177289043,-1592.9185965294382
654,0.705537052502979,106.83087603437967,0.401983404586785,106.01524808514392,0.4136445446489551,1973.9911991383153,1955.4699658208444,18.52123331747099,0.22766830621245573,0.13924388761065845,1.3521392627661308,3.1963303886748404e-06,3.179320946880708e-06,1.7009441794132423e-08,0.00037169299499531137,0.00037163636297253577,5.6632021565210915e-08,63.85784797637672,554.5798805540105,8.479412245163082e-06,3.403238947644653e-06,0.35560576571611324,1494.6002634472486,0.019794631841926164,2755.806232581821
655,0.6650279138238534,87.37785003106362,0.25369277613221713,86.8260159611336,0.29814129379781584,1671.82408692623,1652.6280307519899,19.196056174241647,0.14197603003890416,0.11316764294818962,1.0854239206066252,1.6546590743081813e-06,1.6388552582582548e-06,1.5803816049926224e-08,0.0001933049172705778,0.00019323872229812657,6.619497094662385e-08,7.165290137782259,283.48194762536036,6.536332183197697e-06,4.100572224663486e-06,0.3082582586478729,1184.9824531719182,0.020864258108763124,31.190333536407707
656,0.7496749381318903,145.11058492185282,0.5428472994079162,144.1214718125092,0.4462658099356992,1730.5805566527652,1702.9703559756624,27.61020067710283,0.13697176866921454,0.13971311834545644,1.297993365843313,6.305071334862998e-06,6.2850127793864205e-06,2.0058555476578702e-08,0.0007410113269684442,0.0007409413579042898,6.99690627194137e-08,15.811048159940718,658.6370008334804,1.1193345206514957e-05,3.276250988172305e-06,0.3299176446041804,2162.230079294125,0.018017889621385938,-377.63306529841793
657,0.6942322671615618,126.43915841070861,0.38310143033677,125.79944155432248,0.25661542604936394,1510.0514472255447,1473.4902646246287,36.56118260091417,0.11031644053497228,0.14189843698369273,1.3083293897376773,1.6826467768501863e-06,1.666939668121626e-06,1.570710872856031e-08,0.00019647765882326268,0.0001964129647482888,6.469407333031826e-08,7.838819811161241,569.1922170954014,8.322100393371651e-06,4.003444898104476e-06,0.34784770104056445,1809.5159743523684,0.019648333232953636,-2070.6059620432716
658,0.5550474827924015,69.40545060395702,0.21453299898472405,68.97616480399151,0.21475280098079721,1309.2594006165755,1293.2628562623781,15.99654435419836,0.23279797193078444,0.09276161590042997,0.9222234326859574,1.2154817293025362e-06,1.1981266766304843e-06,1.7355052672052394e-08,0.00013652282880347326,0.00013647418240699102,4.864639587865492e-08,9.656356930606066,343.9099709368589,6.702470275745404e-06,2.840283243567656e-06,0.2604098993678816,948.7117444030087,0.020011814230060883,16.372037679229834
659,0.5971116826631319,74.30148404964358,0.22914709847712003,73.82601376574428,0.24632318542219245,1294.6923687365424,1278.3821945980685,16.31017413847283,0.12410051401361484,0.11136637193167996,1.1101657011312396,-3.899420724382623e-08,-4.988363701418022e-08,1.0889429770353973e-08,-7.69366639326723e-06,-7.744028216557499e-06,5.036182206780627e-08,15.441506569949283,40.44134833033386,6.260077928131474e-06,3.0071552381720555e-06,0.29965688096660553,1065.8511486422867,0.019247150649509055,-1236.159808299457
660,0.5821787984624932,85.69710357834954,0.2914339848342147,85.12515086100896,0.28051873250636367,1385.5003728859529,1368.8423089726034,16.658063913349476,0.2199436180610376,0.1066283779422904,0.9803973230585061,7.844330471270757e-07,7.686566644680416e-07,1.577638265903428e-08,8.955571779064934e-05,8.950076917142074e-05,5.494861826075562e-08,9.077087126875146,490.5678615887604,6.788729115342531e-06,2.62663670785539e-06,0.2726991673971866,1262.8112836026296,0.018050542844564522,-1255.4116815134475
661,0.6375152535539299,87.88109551286692,0.253533367393283,87.29614022634624,0.33142191912739105,1264.8142696387272,1244.6631446057588,20.151125032966302,0.12065906024211885,0.10529377219146034,1.0172763680533696,-1.802865905813014e-06,-1.8164301160751124e-06,1.3564210262097902e-08,-0.00022564343494832633,-0.00022569427653875766,5.08415890346544e-08,15.938166509154312,477.0525086280826,5.40364156951099e-06,3.5371282072132045e-06,0.2689005028046336,1223.5465680104808,0.01793390326588276,530.2624907816717
662,0.5824890684786812,76.68543984571113,0.22215707714141816,76.17540260243463,0.2878801661350816,1447.0314509497832,1426.2902425681348,20.74120838164885,0.10315037473156446,0.09247026075244667,0.937232686335094,1.3584362553047848e-06,1.343052393735051e-06,1.538386156973359e-08,0.00015450625685021685,0.00015445610885552567,5.0147993795953626e-08,15.262203729116138,387.0368507290985,5.576625936896876e-06,3.1717598382807966e-06,0.2644189511259348,1087.2885141648494,0.018554098089773867,1753.0086762310602
663,0.6358091921476643,80.48507552841068,0.23108875543896004,80.05278939967468,0.20119737329703835,1342.5447285300445,1323.3241948036468,19.220533726398696,0.1927391523414434,0.09815762134624101,0.997870792918412,-2.3322331676380225e-07,-2.4726841424791763e-07,1.4045097484115271e-08,-3.520690896166211e-05,-3.526217908715723e-05,5.527012401098637e-08,6.107952402218741,516.6822455705657,5.464162794498298e-06,3.8306646348371445e-06,0.25690937446329865,1098.4723225200473,0.017183448292952375,-904.0491915003549
664,0.5554777414721176,76.2011528038887,0.2147492020849408,75.65818126783333,0.3282223339704125,1206.3489206622094,1190.1966686886826,16.152251973527726,0.1395132374730046,0.09039872894122492,0.8654083436040622,-5.754606409842083e-07,-5.878134962606991e-07,1.2352855276490572e-08,-7.5281781069658e-05,-7.533252153785472e-05,5.0740466930426424e-08,6.858981609466583,612.725184125294,7.641515240997547e-06,2.579693603103115e-06,0.2467987871255328,1045.9190169841552,0.017669264581018994,-256.0740043758524
665,0.5700350355013915,79.80523865003605,0.21442984057527067,79.23109438974683,0.35971441971393575,1594.0642823105015,1574.1571506510422,19.907131659459022,0.11329748265452096,0.10008766852747038,0.9727862338906234,-1.4600365605244633e-07,-1.5892415394326047e-07,1.2920497890814033e-08,-2.270059585039724e-05,-2.2757462261048076e-05,5.6866408836062076e-08,4.003295365609905,321.3422239033022,5.692348130564784e-06,2.4803246056886945e-06,0.2715638327887814,1082.060755880796,0.019944136617598328,-379.5002167920502
666,0.6619907725574732,104.22834727026401,0.2974634209490031,103.69388236121085,0.23700148810414443,1474.6487643562862,1445.1142187692456,29.53454558704168,0.11360558474771909,0.12525404432494605,1.1553371210877235,-7.689807700808765e-07,-7.851091879353861e-07,1.612841785450975e-08,-9.633249634050857e-05,-9.639327137005715e-05,6.077502772725094e-08,35.18678134061903,425.5208429473717,8.61951285823613e-06,3.7187098954930478e-06,0.31625062239248064,1479.4891242767587,0.01805311575733579,2344.264641595295
667,0.7245020352874043,129.6058042609807,0.4462708083639814,128.89033738625528,0.2691960663614267,1532.0463933297985,1507.8715741526128,24.17481917718694,0.12719955452660925,0.14817124094158296,1.3328859584571526,-2.4933158391317563e-06,-2.510142488978108e-06,1.6826649846351512e-08,-0.0003041777561220685,-0.00030424479320309274,6.703707998203526e-08,5.865183992338912,531.3475065778287,8.298211415762505e-06,3.0428648852049177e-06,0.34857845142700317,1838.7201537260726,0.01892626495577294,-2880.9922912011425
668,0.602570542791538,80.57823373976217,0.22454415216796494,80.1313388530451,0.22235073454912804,1601.6484788420364,1580.157758117476,21.49072072456107,0.11246043983706938,0.1038038966902203,1.0378492901380845,2.2839664771016552e-07,2.1292393686677555e-07,1.547271084339002e-08,2.270877570196504e-05,2.265613141426424e-05,5.264428641601455e-08,4.369478366984694,452.8037654408665,5.94295662184536e-06,3.0965971790591066e-06,0.2733349527255362,1131.3503988092061,0.018073433986134816,84.62531532112916
669,0.6023283734666958,91.74358242113199,0.23197764874700705,91.0759828352591,0.43562193712590364,1312.771556262176,1289.560609431837,23.21094683033783,0.1546087477251754,0.10321100422113226,0.9473003132332763,-1.6031960801919327e-06,-1.6218424599340567e-06,1.8646379742123833e-08,-0.0001905949649134909,-0.00019064985006820174,5.488515356843072e-08,12.536560621395092,241.84931313993394,7.972895101579099e-06,2.64625591936648e-06,0.26500556583836005,1323.8966382825292,0.018558878965205732,-1464.8562285256485
670,0.6807588907522638,107.30380595807316,0.2635338899902102,106.57432796004058,0.4659441080423698,1377.5244436972193,1352.648045278005,24.876398419213903,0.1666399161997947,0.12307659576544838,1.1676390377137857,-4.352419425361658e-07,-4.508727155906947e-07,1.563077305452896e-08,-6.017684556243489e-05,-6.024105097306497e-05,6.420540864671862e-08,15.310684236551797,530.5985876000606,8.842161880535885e-06,2.9688493774335764e-06,0.31005633639478947,1488.755785239276,0.018857458417952916,662.8944813053022
671,0.6827931545789309,100.77519429817208,0.309709008593753,100.05171399199156,0.4137712975867887,1462.1467616396142,1436.5632009916806,25.583560647933954,0.1475304668771502,0.11922844014019823,1.1587967313437966,4.986467358600397e-07,4.836404232604145e-07,1.5006312599625326e-08,5.520982448533851e-05,5.51532900332456e-05,5.6534450812071047e-08,14.782763949862176,802.2076202692413,6.498360994423386e-06,3.0435777846290184e-06,0.30640730081424006,1383.9930872834152,0.020518932290551583,970.8373650335598
672,0.6056997434654127,79.6208176254959,0.2296061489766179,79.20548696738295,0.18572450913633667,1544.8383873983373,1527.7537262822325,17.08466111610624,0.08481738177414776,0.10492780559047951,1.0337000363353932,5.710214431953729e-07,5.586275737271792e-07,1.2393869468193549e-08,6.355426950935732e-05,6.349737933648096e-05,5.689017175169228e-08,4.695660552084392,565.3430465724291,6.565039612634543e-06,3.6054589722490204e-06,0.2875902316027369,1144.2535679426198,0.019220356671011966,-385.0042429310415
673,0.6113239676114004,88.59027038615004,0.25250236766307993,88.26884126120775,0.06892675727920616,1241.9740483904864,1220.9868281988897,20.987220191595373,0.07201832923260197,0.10156228363752122,0.9724013651948111,1.8491167139928276e-07,1.7068849802744898e-07,1.4223173371833708e-08,1.8918447286548854e-05,1.886315259208793e-05,5.5294693029822195e-08,17.707222072995716,533.4925685304513,7.4166185408926094e-06,3.0599370478016184e-06,0.27217585320494075,1257.60403365171,0.018576030265221283,1798.286861390694
674,0.6450162575688031,97.16949576444021,0.2626480848220753,96.48946014871319,0.41738753090493547,1747.508327111855,1725.2298287069625,22.27849840489089,0.16412427704958973,0.11410699691952425,1.0775744445889468,1.6267785437676457e-06,1.6089837381320855e-06,1.779480563555959e-08,0.0001865749350516165,0.00018651921215176567,5.5722898787362165e-08,13.830344411884699,452.7521048323097,7.175203520487333e-06,3.6278668240211055e-06,0.286919127964628,1340.2483536371315,0.018560161352472255,1345.305481918338
675,0.5705571819426267,72.04768476836826,0.23072202327076563,71.59583004493633,0.2211327001611601,1291.6499105929051,1277.5951515684726,14.054759024430632,0.12641166477285934,0.0971114213432098,0.9791521409124214,1.3193167996363918e-06,1.3073319991759875e-06,1.1984800460404522e-08,0.00014936750570224052,0.0001493206791470547,4.68265540525806e-08,5.610954772731708,208.93409692040902,6.385467613643046e-06,2.2402203113689462e-06,0.26577256783004405,1015.360782070665,0.01909202130610736,1021.0022528676855
676,0.6325253390432237,76.73817363121586,0.19937998777765245,76.28429602970493,0.2544976137332643,1735.1011479678655,1715.9836969673258,19.11745100054259,0.14942243503385141,0.1027301233611243,1.029254525487133,-8.897752319861868e-07,-9.051606412342999e-07,1.53854092481127e-08,-0.00011295249014591218,-0.00011300094258403922,4.84524371570143e-08,8.477922276528535,402.6223702873299,6.573658474036993e-06,2.3727710694553293e-06,0.283585706105585,1080.3014119439417,0.02025700624881705,1103.5429661600901
677,0.6730708191635518,92.81708238730208,0.28179462722968207,92.08579597801025,0.44949178206213275,1614.8611325585466,1596.2400133327978,18.621119225752043,0.16637820944024248,0.11599672196357777,1.1130457605564414,-3.404655679394895e-06,-3.421613627180734e-06,1.695794778583971e-08,-0.0004100473762076997,-0.00041011049335781016,6.311714911450838e-08,10.313093845882795,493.85439500544584,6.403612420415647e-06,3.3165184611106118e-06,0.3059531873391648,1297.2957984483335,0.018348451648865744,686.827271882521
678,0.7311404973526218,117.57797710020448,0.4294818286167713,116.86255505549947,0.28594021608823683,2054.302333562864,2033.7584953856797,20.543838177186554,0.168665612014337,0.1275645088036583,1.1606908416832118,-8.33030462743779e-07,-8.545591282104056e-07,2.152866546662672e-08,-0.00011106370813005431,-0.00011113472229106959,7.101415964583079e-08,11.010763253153309,1019.7609293609923,7.892129526112299e-06,3.3012113903563005e-06,0.3182976656365063,1650.3714469485376,0.01947987671785523,-2737.5323279779986
679,0.6501747851083207,90.26132061702346,0.2441481941363422,89.73596623254545,0.2812061903416893,1396.5500208420667,1375.1071004437551,21.44292039831064,0.10592243030229956,0.10639729672488256,1.0504409855224393,1.1057064947883906e-06,1.0911960519537356e-06,1.4510442834655266e-08,0.00012327429534681586,0.0001232215173076948,5.277803790068465e-08,16.363869030692936,472.5025675892487,6.489041909657219e-06,3.307676443833402e-06,0.2769328808263223,1283.3466473670878,0.018904020124359478,-1149.266929487545
680,0.5839942330420977,77.68787173255637,0.27873538241455836,77.05981461618623,0.34932173395556076,1488.2315589593236,1467.3455876106118,20.8859713487116,0.17397934454356312,0.09627954533231069,1.000332522081852,9.220703637649898e-07,9.073431316517283e-07,1.4727232113261348e-08,0.00010708053008585291,0.00010702903791026329,5.1492174606859486e-08,43.97701912168901,529.6861950394172,5.9307678913670614e-06,2.4546644976428623e-06,0.2660543875596112,1069.989114850683,0.019762250938660377,1820.4163737631243
681,0.572376771343784,75.92747139896126,0.20376765117681303,75.44395569760478,0.2797480501796811,1561.4058723503178,1544.4150050059668,16.990867344352512,0.20615096613216694,0.09331813951503597,0.8992419603257391,-7.034221661870171e-08,-8.548029287907278e-08,1.5138076260371086e-08,-1.213285643782364e-05,-1.2182874981915557e-05,5.00185430673032e-08,6.756969692345625,174.2313901691102,5.407551371986625e-06,2.572770860784948e-06,0.25695498260361727,1080.3000437246455,0.017123351295125176,58.152610797653324
682,0.6362167613211878,104.49963146338966,0.4281145807468767,103.73499918674251,0.3365176959002721,1680.1152669492942,1661.0262515391394,19.08901541015463,0.2923917977571719,0.11699607330849325,1.0781417649091358,4.89951702547163e-06,4.882178468190589e-06,1.7338557281040557e-08,0.0005727792822717707,0.0005727158628440945,6.34194265204247e-08,30.51975710393416,678.9572930135128,1.023338859049243e-05,3.945323174144519e-06,0.29697011136800466,1441.8286386160348,0.018552092953074684,-2506.373794213385
683,0.6186558328385582,78.57367166089739,0.2199241038006508,78.07517370046142,0.27857385663531026,1645.104338378202,1616.6690283202493,28.43531005795573,0.12091816155466802,0.09838117078328135,1.0059524512067117,-6.620704818169263e-07,-6.762505258299495e-07,1.4180044013023205e-08,-8.053900329536337e-05,-8.059188851362952e-05,5.2885216998324794e-08,5.443437263391754,208.37297128362246,6.235627925866007e-06,3.1849130390965975e-06,0.26491297381330364,1105.673277751728,0.01988649507596172,1699.9867805113645
684,0.6240653440970726,91.20310862403129,0.3301992990225563,90.66331977559872,0.20958954940998875,1395.06961011999,1378.0529642578495,17.01664586214311,0.12695739381078588,0.1083405771288074,1.0393879481361528,-2.676129178751371e-07,-2.8409151276099095e-07,1.647859488585376e-08,-4.062359129219515e-05,-4.0676291623405676e-05,5.270032995623527e-08,12.449822964807304,461.84590237085706,8.186978874055824e-06,3.2791983284585965e-06,0.2910619878220772,1286.727637203047,0.019271903688573285,1023.1018574345253
685,0.5795082440238827,73.53529408365497,0.20704821339037482,73.1503687706646,0.17787709959994152,1367.756831679472,1353.891321377071,13.865510302402043,0.10999559835532256,0.09279119271705365,0.9324658609468417,6.197504169493427e-08,4.85007954539371e-08,1.3474246240997185e-08,2.7688034521413047e-07,2.2588258465206858e-07,5.099775932728377e-08,13.379757161640619,430.86891668547645,5.969265871750222e-06,2.7367704855715526e-06,0.26148521141319453,1003.1904705957029,0.018365826437284967,1102.4405196926054
686,0.7006108633853689,109.64983861473063,0.27068577245978676,109.15242645482537,0.22672638744546536,1568.9203352985653,1550.115573398693,18.80476189987317,0.12464569213058625,0.12698527569478837,1.2205945891950993,-3.3187069162829698e-06,-3.3384180128485244e-06,1.9711096565553554e-08,-0.00039695146337305937,-0.0003970143367980093,6.287342346987704e-08,9.254129833623924,577.0689041199106,7.753173319759635e-06,4.033989622825098e-06,0.32199508084681133,1539.0514155378376,0.019822942832579765,3033.5432983483406
687,0.6017141519288818,75.21779479087434,0.23140789255701213,74.7836181892498,0.20276870906753278,1590.2433605637832,1568.3869530825596,21.856407481224384,0.09085952449092012,0.10932382575342314,1.0901713999367393,-3.192053637008763e-08,-4.5833624464386036e-08,1.3913088094298416e-08,-8.349552977793132e-06,-8.400931005592422e-06,5.137802612888185e-08,6.61739824907518,449.1106284545851,6.033455690867349e-06,3.2993136539476395e-06,0.2945212302838105,1071.5220789939121,0.018928933549283194,1014.2920653802685
688,0.6203171375475321,83.3417839677176,0.24949743182158526,82.81748399243111,0.27480254346493377,1378.7230815904193,1352.02675177694,26.696329813480848,0.4896130216402106,0.1159007884461497,1.1412344290023473,7.184388806897945e-08,4.8331323563205076e-08,2.3512564505774378e-08,-1.6938993023345725e-06,-1.7458194158540408e-06,5.1920112419346954e-08,6.4159217935569846,456.6327506505125,7.897618357401273e-06,3.7413494204382487e-06,0.3033861088038481,1143.0289958805047,0.018850166850833426,490.16841430007116
689,0.5335877853155477,66.96784743532481,0.1941726300833052,66.56184261649598,0.21183218874553558,1465.7553550415232,1449.441853972823,16.313501068702504,0.11029187574350839,0.08311336598164996,0.8665155577362089,1.1508926102162403e-06,1.1366971953480805e-06,1.4195414868160093e-08,0.0001324951484670579,0.00013244897554414166,4.617292183064733e-08,5.356202513059042,234.07929561221982,4.944595650800162e-06,2.6015118990635606e-06,0.24021184212811997,914.95182894394,0.016381858661094525,252.11179464528686
690,0.7037052475662559,116.36609682267328,0.4164740446717341,115.53051748748598,0.4191052905155808,1600.7019135666637,1577.9130099995018,22.78890356716274,0.12408194878537235,0.1356118289472284,1.2439968042887704,8.716597193363184e-08,7.055454933166376e-08,1.6611422601968026e-08,6.80446050674837e-07,6.129892234797968e-07,6.74568259771336e-08,7.509210152869427,165.94994276087135,1.086412975162434e-05,3.971807955565632e-06,0.34024274939192145,1686.5420757121867,0.02066887750295204,613.9709568779181
691,0.6788031292232314,114.64238515971903,0.3429902615805196,113.92871331049616,0.37068158764234177,1252.0849836777986,1231.9037669898457,20.181216687953903,0.12124786245991606,0.126357132183133,1.1356345634193024,-5.578865018414301e-07,-5.745868392985204e-07,1.6700337457090496e-08,-6.861484089262015e-05,-6.867416541732952e-05,5.932452362697939e-08,19.916183081677346,1051.0303294301548,8.325047095176687e-06,3.4037383142076272e-06,0.3128342579508316,1635.055290004532,0.018053148436608067,-530.8871281615357
692,0.5771892203933763,74.89614507491326,0.19846277921984912,74.5254178138169,0.17226448187648724,1834.1195532484264,1816.3337489088585,17.78580433956781,0.07604068526741826,0.0884783548175112,0.8651445318583636,3.4064276632679835e-09,-1.2334924815591074e-08,1.5741352478859047e-08,-5.56402871565307e-06,-5.620952545447667e-06,5.69238289257671e-08,12.468823515008133,373.9098815380773,6.320794720432121e-06,2.576634138783775e-06,0.24677526799538196,1022.1117153075683,0.01906399522830087,997.7885156045595
693,0.7211940980864664,131.74906494225124,0.4885699593979776,130.72988688188565,0.5306081009676216,1998.289161504917,1978.0204645386357,20.26869696628102,0.12534047923006922,0.1369921900952771,1.2874401358237688,-4.805349597954847e-07,-4.996258802633089e-07,1.909092046782455e-08,-6.121512997312253e-05,-6.12777042730747e-05,6.257429863971145e-08,12.369640680630448,124.69146558503522,7.5824056678353235e-06,3.1590536870104378e-06,0.33557581812256476,1841.8419728455679,0.019266496978810946,-1305.1995466257758
694,0.6251111868808845,86.49288640569468,0.22614048120093827,86.08564659705067,0.18109932744307958,1628.1653927292862,1608.3175263656506,19.84786636363615,0.20034467965531053,0.10338186612475937,1.0106475104367534,1.769906395160309e-06,1.754326699607736e-06,1.557969555257309e-08,0.00020597102889554307,0.00020591909879370018,5.1930100593198244e-08,6.0029957013087,440.44191168930666,7.024351271704002e-06,4.862564175050539e-06,0.2740227197066567,1258.290322940732,0.018848784846709484,61.22006023531867
695,0.7453753255231156,141.80749667142553,0.43748361859536167,141.06760898312584,0.3024040697043358,1859.1442242100234,1834.231794479363,24.912429730657934,0.10044415041606786,0.1475460257444077,1.285708954645413,5.590385365743887e-07,5.391649661255161e-07,1.987357044887227e-08,6.140944532174768e-05,6.134312652586513e-05,6.631879459200989e-08,18.01554128596075,540.5676477709709,1.1409505506761823e-05,2.8470375279014483e-06,0.3452753397967733,2020.1114938636852,0.01984183215813603,-766.3458544198147
696,0.6406055186842327,104.53782912420677,0.3689398788664929,103.8420477137901,0.3268415315501989,1416.96178193324,1389.0470962464192,27.91468568682033,0.10001831349112429,0.10850821962329361,1.0350909553005552,1.3769449182736111e-06,1.356246819421303e-06,2.06980988523079e-08,0.00015905684600276676,0.00015899130580122555,6.554020029986798e-08,8.101188801916248,939.2286856751884,6.697620963845199e-06,2.6825344243232948e-06,0.27834129569337485,1467.442609936129,0.01748561466511774,1631.6525979900289
697,0.6077478511985059,79.69926053428343,0.2185641625345119,79.27081482125055,0.20988155049836618,1668.8022925472612,1650.8054971160318,17.996795431226424,0.10021716987044405,0.09041254227753905,0.8667128270680984,-1.6292937507856828e-06,-1.6453220915896592e-06,1.6028340803976842e-08,-0.00020063618743974563,-0.00020069343868077977,5.7251239188285525e-08,5.781835038231284,457.03890609978305,5.72808418598156e-06,3.5605191940400786e-06,0.2471052137753216,1107.4880152108824,0.01890278128058364,-932.4509338296448
698,0.576998611132112,77.18607337244721,0.2451515001055248,76.69674420813566,0.24417766420603274,1359.3730576681082,1345.2700488229734,14.103008845133502,0.15411887317075562,0.09861177679882821,0.9550659193202515,8.780890923228289e-07,8.64305682956102e-07,1.3783409366726726e-08,9.833380686957034e-05,9.828187392268475e-05,5.193294542171008e-08,6.516596923549832,438.87011341126896,5.644882355525413e-06,3.0197820049227207e-06,0.26111127878338986,1060.9249843650696,0.018356268546463123,268.5622983081812
699,0.6095777410342922,69.42918410469693,0.20557681524625357,69.02169350481343,0.20191378463724757,1277.7296540415784,1256.9424502570605,20.787203784520667,0.13185374866685595,0.09208893346467181,0.917508136655911,7.288203321360005e-07,7.15784999703469e-07,1.3035332432531525e-08,8.405325674641528e-05,8.400665867948123e-05,4.659806610468224e-08,4.770507531160825,428.94829880730526,4.733395472961018e-06,3.1220121887669795e-06,0.25443354381343586,953.1393933851243,0.017666623031443195,771.0505010866545
700,0.6322305904833242,90.80590717250483,0.27532254447744453,90.38745929829395,0.14312532973343747,1247.4557966764885,1223.4243064996542,24.03149017683451,0.1293208729012546,0.10534756108201014,1.0124807200778383,-2.9797611819091125e-07,-3.1199428756201786e-07,1.4018169371106672e-08,-4.219413656566807e-05,-4.2249450164132995e-05,5.531359670471685e-08,6.59030766147659,532.1769937937468,6.473093924409801e-06,3.0623340124709156e-06,0.27168600512593494,1284.1923540151065,0.018093591823300365,-522.1833180706199
701,0.6296194966395444,75.76978732535152,0.20020235078304138,75.30369571295361,0.26588926161487425,1392.7212974428387,1372.1639594803885,20.557337962450447,0.11208747899227567,0.0921170982448122,0.9304726910654477,2.8504925118017657e-07,2.71316833315252e-07,1.3732417864924547e-08,2.9100649380850504e-05,2.905084644482681e-05,4.9802934785203484e-08,4.179710987093905,239.6260037653186,5.6729409287636135e-06,2.390392802168739e-06,0.2546984828275448,1055.548645723275,0.017534560873535218,1558.6230919234004
702,0.6296864377299438,99.68446423185229,0.3446470034113784,99.01153712053248,0.32828010790843015,1473.1767496510688,1456.1597387269505,17.017010924116896,0.14985940372516407,0.12169561929803646,1.1076495401574022,9.523565843725437e-07,9.365478651248933e-07,1.5808719247650476e-08,0.00010672448541575326,0.00010666437476224125,6.011065238681402e-08,4.0946533198042205,360.85445174334416,7.713402629949855e-06,3.425485184782801e-06,0.30647669597465316,1439.8790020772108,0.017195703569310532,199.8966015831502
703,0.7150514183671604,110.2082855652712,0.3521390818914224,109.63713109291486,0.2190153904649175,1465.550401278339,1443.9864056454896,21.563995632850393,0.20729374824429325,0.1257877031545878,1.1549816363193897,-4.847371674453549e-07,-5.040316260069375e-07,1.9294458561582663e-08,-6.503805864956037e-05,-6.510498185918007e-05,6.692320806477378e-08,14.446635394034661,511.62974556713095,8.144329371809295e-06,3.367178929888418e-06,0.3201517203235129,1551.4106162316891,0.02054268136895147,2207.2797915763804
704,0.7210064781359696,116.17211301870526,0.35735214408194843,115.51581732801266,0.29894354661064,1708.5668959590323,1686.401956055018,22.164939904014886,0.2952453995978736,0.13768470656148768,1.3012759265829137,3.4458787816553074e-06,3.430263936820258e-06,1.561484483504896e-08,0.0004094271700563502,0.00040935375417916405,7.34158756215062e-08,17.26728754164273,-146.99536972982077,8.786932639211938e-06,3.520034151012164e-06,0.3497974744275427,1638.6500071699008,0.01950601406381747,-1830.2737382285814
705,0.6805517802167741,113.8067035674739,0.34291567722136884,113.34203313214566,0.12175475810689013,1373.5420758693,1353.7994063227027,19.742669546597618,0.1181590289497976,0.1251663431060513,1.1300612587757517,6.802337060025634e-07,6.639948274587025e-07,1.623887854386077e-08,7.026609202488655e-05,7.020080790325311e-05,6.528412049599326e-08,9.335739923261336,785.6989275993823,8.707547548845658e-06,3.546322338241454e-06,0.3163818900800934,1600.942157253839,0.018520520544938947,-4713.263544096371
706,0.5853204801103932,75.84576948414849,0.20330995465419496,75.46714992428596,0.17530960520832226,1435.766920513469,1414.5085540615164,21.25836645195279,0.190082879432354,0.10484145938851762,1.0555720388588343,9.630462698202455e-07,9.484558200105925e-07,1.4590449809652402e-08,0.00011140340350120148,0.00011135102337738495,5.238012274901889e-08,16.963045354928727,449.24403599237826,6.4274647820761654e-06,3.620045612840501e-06,0.28392735747899456,1075.2500730534648,0.019541062025679547,944.2482970601595
707,0.5718563399023237,68.45066227466772,0.19906018206435772,68.0336157995658,0.2179862930375808,1317.9778082671019,1296.674528920356,21.303279346745065,0.1166893437111934,0.08941345304912372,0.923190658680625,-4.289443685790771e-07,-4.425910492740827e-07,1.3646680695005648e-08,-5.627751065829139e-05,-5.632611392196501e-05,4.8603261986962124e-08,12.848498716843824,465.96511356647653,6.465586796994204e-06,2.7539470215426387e-06,0.24893697086379224,946.34022754427,0.01757642233317832,1170.8651912094392
708,0.5621359298208473,70.15480754755328,0.21006081153582282,69.63669944611192,0.3080472899055404,1344.2081830858401,1326.2243807735206,17.983802312318392,0.1786612601987275,0.09367036829209517,0.9579784915853938,3.813391404394756e-07,3.65510203862247e-07,1.5828936577228613e-08,4.1321011761310865e-05,4.126918776140362e-05,5.182399887772649e-08,3.2974363360953323,561.1207171243043,4.9964261562076134e-06,2.93211751938332e-06,0.2511970675676582,969.228444786997,0.01914562394677235,-234.28111589794207
709,0.7335894084902966,109.01305879996849,0.36712788053583767,108.20854693765992,0.43738398177273535,1297.973971026517,1276.563993397181,21.409977629336503,0.21963669757439777,0.13023585395674417,1.250711383865021,-2.96151956428949e-06,-2.9784227970604766e-06,1.690323277098675e-08,-0.00035500742486829827,-0.0003550702550701052,6.28302008349351e-08,24.81859170763769,711.9803298507057,8.063767342724296e-06,3.522578760155665e-06,0.3402847623259827,1531.8640274251225,0.017858396331439066,-2097.975839616778
710,0.5697753818762133,73.51258968769908,0.24059631658380404,73.03597032998883,0.23602304112643788,1806.2037401838516,1788.2478350467065,17.955905137144175,0.14202062403645108,0.09752186900450022,0.9590040252087493,1.544544400888126e-07,1.4113842690552704e-07,1.3316013183285566e-08,1.3299375882725835e-05,1.3249803162090904e-05,4.9572719595931754e-08,10.262031992492712,768.6918635764328,5.2686321144211305e-06,2.5067620029033758e-06,0.2664904213783333,1046.1999078561028,0.01843170788120719,-73.79070530124227
711,0.5625931337317215,69.7262639358129,0.18831846435208394,69.29072757316655,0.24721789829428314,1415.7905893045986,1399.5523711547519,16.238218149847874,0.08018258844510298,0.0930498355279915,0.9518850096692998,3.7206292096857155e-07,3.550147132234944e-07,1.7048207745077025e-08,3.5092082986772275e-05,3.5044997311257834e-05,4.70856741223591e-08,3.915466881741982,437.9558797687661,6.339226355728793e-06,3.0038158090668203e-06,0.25570949391388464,1002.1439624060524,0.017937027449007832,-1774.2629089832772
712,0.6301836119922816,107.89439430719145,0.2697983555896937,107.22328150223021,0.4013144493715647,1752.4573776026514,1727.0890644057204,25.368313196930092,0.18518886092922074,0.12026050786034133,1.1047292688324153,1.0548527926183615e-07,9.057313962886132e-08,1.491213963297487e-08,9.282365131944088e-06,9.223989120043649e-06,5.8376010487374164e-08,22.721975971957487,373.5043662599453,8.433488608103688e-06,3.3612823830258295e-06,0.3077068603468671,1459.5883061710617,0.018289420648950568,-746.5671429879076
713,0.5405957902464771,65.62012025453461,0.18687226015125574,65.23349927907421,0.19974871530914814,1151.5021034543306,1132.5476782587089,18.95442519562109,0.0898537740885131,0.0816525681380605,0.8404511738821409,-4.055970266652557e-07,-4.179513917934297e-07,1.2354365128174011e-08,-5.207430099963143e-05,-5.2122287565121726e-05,4.7986564165037837e-08,8.54646008103376,29.586756959134206,4.876425873539056e-06,3.2043508331038056e-06,0.22616707473545483,882.3439340295389,0.018402088310595532,1315.9588721043438
714,0.6552785903757701,115.48112464571983,0.3622451928916579,114.73033268816855,0.3885467646596126,1472.3020009880352,1452.1158610660698,20.186139921964948,0.2251089329123995,0.12312513895866896,1.1060542261180697,2.7737156544408975e-07,2.6028153806731595e-07,1.709002737677392e-08,2.8511251457014914e-05,2.8449516360627567e-05,6.173509533072882e-08,26.28095194270852,709.9375182697396,9.29525745965815e-06,3.6131548266695755e-06,0.31281239553827656,1614.8174662888662,0.020181886422552763,-1954.9069937124586
715,0.6709993567951181,107.71939289857944,0.42624524849830947,106.87771331026988,0.4154343398112577,2387.4070837236486,2367.763189070241,19.643894653407035,0.14171719023256465,0.1201275402187307,1.0834590956881893,-1.3299578680298258e-07,-1.479596311695335e-07,1.496384436655086e-08,-2.0710524023215794e-05,-2.0771994312516296e-05,6.147028786759377e-08,15.10566558224596,558.6044874818194,6.995984187271822e-06,3.7818941520114783e-06,0.3036120317380292,1515.2417438423101,0.019465980598700576,1028.1616212269437
716,0.6076060172875278,90.71008427357548,0.2579315069075566,90.30566579537823,0.14648697128967184,1507.4688765746373,1488.680936318096,18.787940256541,0.09641206819574079,0.09587718049846741,0.88467627947489,8.705002413955139e-07,8.551450929291926e-07,1.5355148466321176e-08,9.646031275856657e-05,9.640695200504581e-05,5.33607524615311e-08,6.448862256288994,304.81955969377094,5.949145256007041e-06,2.608922868839634e-06,0.25156810657558376,1247.2237961974954,0.01721684843136734,-2545.8236168010662
717,0.6214441365964696,84.62837214117488,0.27591677952817156,84.18014901609659,0.1723063455501117,1505.7326758063791,1486.338056394761,19.39461941161984,0.09961565895428416,0.11185130743490203,1.109363217465775,1.4018075366409167e-06,1.3866569195114418e-06,1.5150617129475218e-08,0.00016049879111898835,0.00016044155014843507,5.7240969330197295e-08,12.858303636972076,420.8195821691609,5.350081187246721e-06,2.6757085668962193e-06,0.2886651480214505,1190.8430225751788,0.01819414870557532,-2452.1784855023325
718,0.6551926248001879,89.18277732327033,0.24519565111828687,88.63941770005644,0.2981639720956067,1902.190169204368,1881.158664656218,21.031504548150274,0.13108225344202512,0.12325613511459228,1.2466504485422814,-7.99401776890398e-08,-9.374264149123605e-08,1.3802463802196245e-08,-1.710141223169992e-05,-1.715731813535828e-05,5.5905902283700305e-08,5.205314848115843,245.07785060484332,5.85450183524208e-06,2.8211660663784024e-06,0.33483246752000545,1239.410867100372,0.019155111522181443,1941.8668181720896
719,0.6462064858782817,106.12333444070185,0.30619310684204093,105.55697389345482,0.2601674404049904,1271.230661235798,1249.0237648919378,22.206896343862365,0.15919263638989178,0.12169323461736112,1.088040134503814,-1.2903267770542861e-06,-1.3099816983573923e-06,1.9654921303106023e-08,-0.00016379943830277253,-0.0001638621331474023,6.2694843541118e-08,5.2545802926094325,721.4210145316252,7.948962439364373e-06,3.436454496800913e-06,0.2960946243803775,1470.1447071670198,0.018150026305861086,-239.77444474096046
720,0.6816094126336552,100.27282171636203,0.3631052969619221,99.55989017461987,0.3498262447802336,1452.7676423387463,1429.8274926609981,22.940149677747318,0.1540696666929841,0.1228868468299662,1.2094395920751966,-5.465486966379227e-07,-5.659806284179267e-07,1.943193178000412e-08,-7.251269484511292e-05,-7.257586520646585e-05,6.317036009190045e-08,26.86481302098669,767.4745810468769,7.652210501873564e-06,4.370607648576642e-06,0.3191585096651201,1336.655374303327,0.018932803515374512,1279.2475301143204
721,0.5694075030999008,72.08325723210086,0.21732446117873028,71.71559127415391,0.15034149676822958,1506.1846447532853,1479.5734637271917,26.611181026093465,0.11669971074311015,0.09543249061604307,0.9160712224769941,9.979657594005587e-09,-4.56520964039909e-09,1.4544867234404673e-08,-5.896102425533765e-06,-5.94616188125072e-06,5.005945381882704e-08,6.8581742727172035,-11.7534303254643,5.416438379167721e-06,2.6511959766833395e-06,0.2517805320316107,989.7295540894833,0.01842468420302121,-377.74403656204595
722,0.6982128442753659,122.24494323382532,0.413177789326866,121.38856868744683,0.4431967570515995,1670.9641039658313,1648.2129752157493,22.751128750084565,0.23517084507636346,0.13402579549176655,1.2076455984848944,2.483702220044121e-07,2.2843360891984938e-07,1.993661308456284e-08,2.241541906307225e-05,2.2357767996170073e-05,5.765106544119925e-08,10.936052790485803,538.8412748416528,8.865181809241636e-06,7.120588438634876e-06,0.32386317773723533,1751.757559684941,0.019639324528920553,-2571.1775860871167
723,0.6725359502344157,111.87680074152188,0.30871497108690793,111.26323549319535,0.30485027723959746,1481.340886501389,1460.5387802831444,20.802106218244862,0.20215835715396782,0.12034200746543425,1.0851266913124515,8.740336903839388e-07,8.559885004022025e-07,1.804518998173628e-08,9.935232332436126e-05,9.92905267148685e-05,6.17966084486219e-08,7.352235576902679,272.5776219127616,7.871318884560218e-06,3.6777653500254085e-06,0.29595632973509967,1549.0201182118399,0.019654472221734262,50.45343008917553
724,0.7262363063085543,135.78109432068976,0.46295387537365124,134.93336265188597,0.3847777934301451,1458.7761304010626,1419.8173835753898,38.95874682567119,0.17565389197498052,0.14291655592203958,1.2328159635231737,3.89163108699139e-06,3.871129825264862e-06,2.0501261726525464e-08,0.0004536509680672729,0.0004535798170157284,7.115104996320617e-08,13.702695752912383,355.58204077564255,9.313647135801605e-06,2.7892390832738084e-06,0.3341541429438863,1946.0618816592428,0.020161792130665268,-177.3946246564592
725,0.6120064561682915,97.3264614502716,0.2927983439291445,96.76996690961442,0.263696196728032,1539.638246044833,1515.0291840054322,24.609062039400975,0.11541437859804858,0.11110405073603126,1.0623004612816032,-1.234995542999411e-06,-1.2494274011509453e-06,1.4431858151533993e-08,-0.00015357317000435941,-0.00015363439898778705,6.12289825894606e-08,14.570828259412815,434.2272375680563,6.613477074392389e-06,3.4404821237732496e-06,0.29305911014657166,1442.6749303023971,0.01765333624916856,-802.5306685122341
726,0.670363336677149,108.22520312083202,0.428746281186295,107.40543054903954,0.3910262906061716,1748.3298820759796,1727.098785228423,21.231096847560522,0.11573131484015518,0.12201758142052443,1.1110560877818514,5.191843381563616e-08,3.470497493734195e-08,1.721345887829421e-08,-6.293136076368918e-07,-6.93638138435076e-07,6.432452966392101e-08,10.06343254831609,614.8777957322164,7.920231178144286e-06,5.097623366197886e-06,0.303489169683454,1490.8514930030142,0.019410528026834628,599.0632452659265
727,0.6699541950286642,101.60370684267659,0.3355297767690923,100.8096882606426,0.4584888052648814,1734.1691496755027,1712.3332839032787,21.8358657722207,0.10183854817260593,0.11791549683653783,1.0822965795155284,-5.861529523769302e-07,-6.043532863863869e-07,1.8200334009456747e-08,-7.55728816660025e-05,-7.562852668943119e-05,5.564502173079939e-08,20.591483316966332,571.6182042376275,6.268726419717364e-06,3.181660686071921e-06,0.29246267699250234,1431.6240325856297,0.018051990916694672,1751.2253538947152
728,0.5599004538245507,77.19104801826066,0.22015879495369772,76.75788454354539,0.21300467976157755,1425.4595563842856,1408.457461845745,17.002094538541183,0.12892533858761768,0.08701845741270783,0.8402958058345674,4.546048592590439e-07,4.3716703789785105e-07,1.7437821361192742e-08,5.209030235275938e-05,5.203764337953353e-05,5.265897233580191e-08,9.728051954786077,434.351592903435,6.904069865224917e-06,2.9876886713492557e-06,0.23628451144535595,1034.9110057081712,0.019603208193009074,-670.9548227542109
729,0.689783552562889,121.93003169117557,0.3833946001715347,121.2895423250367,0.25709476596731773,1468.7966673727815,1446.183754349044,22.612913023740344,0.15697303802737714,0.1325776973402029,1.1743142940648323,-9.735389879402218e-07,-9.875906496354424e-07,1.4051661695221034e-08,-0.00012300049098084193,-0.00012305851330288885,5.8022320393792636e-08,9.743903580382067,579.4398958968429,7.97467750321741e-06,3.2488865676359507e-06,0.31830641153839223,1716.537473956124,0.02083523400760825,-3596.333697743121
730,0.6749004435241232,97.95799743683074,0.3415091223355641,97.36046985059845,0.2560184638967154,1591.2729869903558,1569.302301971167,21.970685019188213,0.11215292499759559,0.11599473499891073,1.0946096571393658,1.6883220105107035e-06,1.673081971516115e-06,1.524003899458834e-08,0.00019699589395055406,0.00019693411517274095,6.177877667816431e-08,25.02338671246679,619.2439516448845,7.2157512896555885e-06,2.9991076814649872e-06,0.2932908547894896,1395.6471997788165,0.019594632239810807,2503.2767490028345
731,0.6515890463363876,98.06438166763046,0.31322054150316564,97.39346677575995,0.35769435036734276,1561.0504411092288,1535.8274976259606,25.22294348326828,0.18797272998806203,0.11841184152843223,1.1064781258876761,2.2710840385784325e-08,5.467269096068858e-09,1.7243571289715484e-08,4.49242864701201e-07,3.877837712354449e-07,6.145909186946809e-08,11.281012873541133,390.96900315087015,9.036051945437809e-06,3.4899886795648348e-06,0.2963711800286089,1376.1932576190518,0.019606607512329333,-1167.2808594793132
732,0.7695896202520085,148.9800233909093,0.4678609841747143,148.14632720981032,0.3658351969242821,1870.450341165602,1839.8005746004515,30.64976656514916,0.1286806136798921,0.15145338293148655,1.3525462378368887,-9.662828346077266e-07,-9.824313025952881e-07,1.6148467987561394e-08,-0.0001192784611696759,-0.00011934893920789343,7.047803656468049e-08,62.75415763275403,711.6414872588516,1.0595083903416978e-05,4.977802053988341e-06,0.3690106602674748,2097.1760364223724,0.021325189381147056,2828.7509473678547
733,0.7436536270160177,133.75621362731465,0.4153247382141453,133.01337632091878,0.32751256818171126,1388.1260230217883,1366.7655166217883,21.36050640000018,0.3182476965349239,0.1526532244608697,1.403776709014328,-1.5212000503246573e-06,-1.5420087083356942e-06,2.080865801103643e-08,-0.00018998572190943058,-0.00019005046332191147,6.474141119651451e-08,14.491537983651002,570.5892626423116,8.344636396410797e-06,3.7630119986296114e-06,0.37315301615068736,1845.058538524484,0.020482024120652385,621.8593682338978
734,0.5876605222865968,72.48269235615561,0.2182967573828074,72.04953822504427,0.2148573737285326,1547.6015241979326,1528.0453790129366,19.556145184996726,0.1966481023339361,0.10292071002560532,1.0274144866938097,-1.4098929244654524e-06,-1.4227686513266331e-06,1.287572686118069e-08,-0.00016945367529502296,-0.00016950212987504144,4.8454578677599515e-08,9.78230385596556,406.74597790018817,6.807658980613383e-06,3.90986430264867e-06,0.2849754353944296,1013.3831599114269,0.019153161732035406,899.5428932180985
735,0.7418517734492674,118.14349782594135,0.39396697674400477,117.43008411094976,0.3194467382475714,1619.6212389283332,1598.5212744508574,21.09996447747843,0.18462188790048123,0.1324287010638085,1.2895522687453622,2.05504558099976e-06,2.0376466625992193e-06,1.7398918400540886e-08,0.0002381427923365549,0.0002380791392056234,6.365312962474445e-08,10.3032010900393,991.1889360054879,7.740771956801207e-06,4.376107744377032e-06,0.34258764504077643,1662.2540520294083,0.019511188403989525,-1316.8304786303306
736,0.6568355962579667,96.29487099193797,0.2754036202710659,95.74718164859152,0.2722857230753737,1619.1439846938588,1599.9686072082998,19.175377485559096,0.17711450770693468,0.10856222660072526,1.0547175923510042,1.0015743097099844e-06,9.83840159434853e-07,1.7734150275131293e-08,0.00011094480705254182,0.00011088234365014523,6.24634009901625e-08,8.266622146030532,602.6043496643249,6.685535408550735e-06,3.2110296452984306e-06,0.2744497376722426,1372.6623894916984,0.01997236228462856,1654.1956117005611
737,0.6317322218736566,109.90024192570753,0.3289932650571803,109.28474109108953,0.28650756956083195,1601.6521855677306,1583.755946719184,17.89623884854683,0.12477122194499092,0.11397880621572368,1.0721295793323529,6.325860559010314e-07,6.146347090029821e-07,1.7951346898049418e-08,6.840083544715977e-05,6.83410453561332e-05,5.979008890621686e-08,46.73152727372137,448.49368750945064,6.223979018356122e-06,3.307632918621072e-06,0.2932739672881245,1506.4909756187058,0.018044388761138692,2155.810171673791
738,0.6682672626019347,103.51541407767178,0.3558842364426737,102.83176610755837,0.3277637336707376,1806.8229565208082,1786.6866011370823,20.13635538372307,0.22471885077267123,0.12115494920471444,1.1358080320309742,-3.1797935796702196e-06,-3.197057423102742e-06,1.726384343252282e-08,-0.00038479483040926933,-0.00038485945298787755,6.462257716134206e-08,8.952162723138423,672.5471763582045,7.999520545985915e-06,2.711146530648693e-06,0.3160286386835937,1471.8993903276987,0.019042983628276226,-4395.150748073203
739,0.6128680036926295,96.86530380336625,0.3187200695619209,96.18533322578301,0.3612505080213084,1323.1546433638814,1302.7259095832455,20.428733780635408,0.1654561251017002,0.10692818624401815,0.9737923753170613,-1.7587348952714385e-06,-1.779025181855817e-06,2.0290286584378695e-08,-0.000213105442456012,-0.00021317261448416998,6.717202692561631e-08,20.004126669075056,583.1262189884081,7.5014833631792635e-06,2.614445815769825e-06,0.2770914121501842,1370.1374909617023,0.018772386505769095,-2547.9241659195213
740,0.6578183911798399,102.49922406597177,0.3783493983769183,101.72702672903979,0.39384793855506023,1641.047276406943,1617.9910444603051,23.056231946637322,0.0870679393464435,0.12856810044114328,1.22458735331279,2.6752811268397522e-06,2.658052085436076e-06,1.722904140367641e-08,0.00031301638075296193,0.00031295721845225264,5.916229965905198e-08,8.860964651251109,450.4808044863586,7.1926845816302e-06,2.4932403996946964e-06,0.32766403270220257,1446.3802659095645,0.018145278526053417,1781.6572312468088
741,0.6033774074754009,88.05216453457665,0.3176781537549259,87.5365129109217,0.19797346990002318,1857.6017534539033,1838.4527539750036,19.14899947890248,0.10121917101966847,0.10492707240740375,1.0105002366790383,1.038785966968339e-06,1.0213639713733126e-06,1.7421995595026365e-08,0.0001194156906848767,0.00011935718949138415,5.85011923558101e-08,9.437734244305116,59.933121775049756,7.836573137995418e-06,2.8100946313288793e-06,0.2778993401697897,1205.8608043749575,0.018469754048381585,1048.5980554891685
742,0.7066827739170273,117.9426664710806,0.34899555770184776,117.25229017828107,0.34138073509770295,1335.1821753285064,1312.6737113389356,22.508463989571577,0.12981458261339038,0.12834805612031877,1.1327134267259589,2.044097312125389e-06,2.0269640233460044e-06,1.713328877938481e-08,0.00023833665628477041,0.00023827017391841955,6.648236543905799e-08,6.251628980550239,592.2515395912985,8.535490302003454e-06,2.720035338035231e-06,0.3129371650290634,1708.3260526786112,0.017644078096459046,582.9514802956764
743,0.5852855219237045,78.05584992105628,0.22601365147224625,77.55237146010626,0.27746480947776375,1429.6567611915818,1412.2226489110828,17.43411228050396,0.10171612089362035,0.10188168712730437,1.0212842719102198,1.2856584174701718e-06,1.271762726070713e-06,1.3895691399458523e-08,0.00014819273471383988,0.00014814315924403958,4.957546810664309e-08,8.649493018082254,824.1708841825557,7.640580662325695e-06,2.7476536365375986e-06,0.27642011254144666,1045.121779330537,0.020261768884640284,945.4515603809705
744,0.7432741279376502,136.12650910716883,0.5521592751200222,134.90852526783345,0.6658245642153792,1580.763308137587,1553.57524332888,27.18806480870825,0.3108572851785936,0.15609471482879156,1.3453968886600858,4.174193002224965e-07,4.003695424801145e-07,1.7049757742382092e-08,3.938088589341824e-05,3.931861663313354e-05,6.226925889870448e-08,12.490347852476887,432.3649457364128,1.0194572605733382e-05,3.351143274422895e-06,0.3598086135212057,1923.1492314656684,0.018803806153707553,2016.517429323132
745,0.6263142131133054,72.5063277907181,0.20695946280895572,72.1146226493513,0.1847456785578328,1443.8466692607508,1424.956716880704,18.88995238004792,0.12472141726166941,0.10211233777451117,1.0265006601113666,-1.2996672571141607e-06,-1.3127719733554845e-06,1.3104716241323891e-08,-0.00015911812855798387,-0.0001591708567113033,5.272815215880591e-08,7.169637110864548,337.63666057349076,6.174688376593715e-06,2.712998814124923e-06,0.27952842095061214,1010.8454951451989,0.018173851012283866,431.3973939860007
746,0.7256823523508232,136.84009523042172,0.4426118862748151,136.22906658825485,0.16841675589203248,1678.8675474465176,1659.0221830096807,19.845364436837887,0.2508676552625538,0.13859876329658452,1.248152646177886,2.0086656884905528e-06,1.9892359231351957e-06,1.9429765355356772e-08,0.0002288497137035423,0.00022878316439252415,6.654930964409308e-08,7.578730747066634,776.1116591475168,9.710539878553626e-06,3.512078107996102e-06,0.3325982116003252,1935.231960149403,0.017817104352247325,-3344.5189409355626
747,0.5900649908202459,72.459586610879,0.19657107026813647,72.1080998189866,0.15491572162426598,1849.6610357782524,1832.4296825854237,17.23135319282845,0.07342728444143255,0.09723405651247932,0.9964140036186665,3.923388510761744e-07,3.7840708617976366e-07,1.3931764896410883e-08,4.239531817997992e-05,4.234568205255136e-05,4.9636126204193706e-08,11.112709908871484,476.69994522474195,5.61049568964356e-06,4.655122240754715e-06,0.2744921203995425,1007.0693329930509,0.02007318540896453,850.3033564089201
748,0.7288033967244264,94.08310096803126,0.2853840150426825,93.4062568492036,0.3914601037849718,1810.0880232720117,1785.92135773897,24.16666553304198,0.15030397512376467,0.1333042806130908,1.3110339008295846,9.103842563745695e-07,8.968013287676586e-07,1.3582927606910869e-08,0.00010208555813269071,0.00010202562819036561,5.992994097471967e-08,11.92359483836885,545.986237121971,7.678532435110037e-06,2.5732440824790096e-06,0.3544136840262118,1367.2050515690705,0.02086388383557974,2113.520692441205
749,0.5772375104412897,79.86390625208821,0.22787574998260454,79.45352600067163,0.18250450143396502,1234.3308206221577,1216.8870372804404,17.443783341718213,0.11493462295379205,0.09780181412458307,0.9350591019154044,1.1710030952998994e-06,1.1552177262276798e-06,1.5785369072219866e-08,0.00013159711999456884,0.00013154514916962641,5.19708227807717e-08,5.084805130231908,418.98132617181034,6.820944944373744e-06,2.572116957369916e-06,0.25854942486012444,1113.2531476297218,0.01810768257339123,-508.2104777066088
750,0.718881141255362,116.21465291709455,0.46044646190805893,115.46295965098051,0.2912468042059904,1663.71485895147,1640.2260245289717,23.488834422500577,0.2461227906952042,0.13757586272912115,1.2784467329580707,5.004645352385756e-07,4.79282207751346e-07,2.1182327487229196e-08,5.617773785321021e-05,5.6107449983287804e-05,7.028786872520797e-08,25.744529198695016,483.9382887661792,8.50891542443362e-06,3.64731338423499e-06,0.3464181453025803,1628.8762789225807,0.019770406076806087,1788.1361761650041
751,0.577007987056739,69.54033227410739,0.1976834796695259,69.06927469917521,0.27337409526263107,1435.1613761012243,1419.32928978422,15.832086317005903,0.08347436138188018,0.08816923559302717,0.887006422336196,-4.954309112721303e-07,-5.097184343811403e-07,1.428752310900965e-08,-6.281483346932395e-05,-6.285969260893759e-05,4.4859138328254684e-08,23.34889300209429,406.6523714455872,5.450193974502728e-06,3.824963808489943e-06,0.24694233443181943,1008.0197250995255,0.01856258244660241,-1203.9945787227698
752,0.7114765140205526,114.42178302646947,0.33771534108921775,113.62743521367071,0.45663247170953375,1232.6619970127072,1210.1124835433427,22.549513469366584,0.20991844182465214,0.12887402741080115,1.1668549597306352,-1.5334498573829801e-06,-1.552989087840545e-06,1.9539230457565598e-08,-0.00018177926687790757,-0.00018184051704337692,6.125016425432914e-08,34.107282080164474,579.1978382962949,7.145293079185385e-06,4.0046659958114825e-06,0.3143255120019211,1557.1364862077687,0.017237877998703716,495.5754496439404
753,0.7273385564094564,136.11625507293422,0.38933301716877455,135.18832157231034,0.5386004834551356,1988.86474036242,1962.8974566805996,25.9672836818201,0.2807150045255859,0.144016805779841,1.3031201009250102,2.423076389622302e-06,2.404758189587811e-06,1.8318200034490516e-08,0.00027702894742833535,0.00027696105374641584,6.789368079514841e-08,9.68944410971752,965.9281227170114,1.016049038986291e-05,3.5153787732737333e-06,0.34771569587281204,1969.7349460884095,0.018344908991285217,-76.34069635261403
754,0.6117986690164214,82.54358597147026,0.23691131271186328,82.03237043510973,0.2743042236486787,1422.3763852541779,1405.482176376249,16.8942088779277,0.2982406445735922,0.10860514236484847,1.06055813416463,1.458367465716833e-08,1.2753909862302782e-09,1.3308283670938028e-08,-1.857918929333164e-06,-1.909451323617525e-06,5.1532392814167705e-08,11.631039665247549,218.16744325405747,5.64322281756113e-06,3.258765770007463e-06,0.2928655771068083,1146.289317860049,0.020430316765605357,1322.7662677336812
755,0.6342122420300196,109.64780098234057,0.3085352398827869,109.04383787998789,0.2954278624699019,1738.2615014984283,1716.9216734590855,21.339828039341228,0.1651182593988486,0.1148842662497015,1.036429739528808,1.0409817159023253e-06,1.024487299412597e-06,1.6494416489728317e-08,0.0001195575404367205,0.00011949836950554723,5.917092924125688e-08,8.869751808931317,317.27414526720156,7.705237893723683e-06,2.8009370054901657e-06,0.2865542883581337,1586.1895112161321,0.019745758079446986,683.4301647961656
756,0.6182514070868047,99.61625362164963,0.3077321836385149,98.99871911303383,0.3098023249772898,1409.7681896177537,1386.1775205430285,23.590669074722115,0.112147228874464,0.10727511558404136,1.030145891228691,-3.4459794313401316e-07,-3.605173572103922e-07,1.5919414076379053e-08,-4.836658831255531e-05,-4.8426817974726696e-05,6.022966112702144e-08,16.929509203254085,259.95539641487255,7.398185216593223e-06,3.518421770167989e-06,0.27401070899008734,1395.4015843642958,0.017800595642900978,515.0270467228802
757,0.7174522854491487,115.86753819899535,0.33932828217009087,115.15800462135259,0.37020529547266234,1390.3226316266762,1368.3707691081509,21.95186251852582,0.2234454052614048,0.1368316558184225,1.2434544701720145,1.117373848667446e-06,1.0990237485387775e-06,1.8350100128668458e-08,0.00012448041541022318,0.00012441935586601639,6.105954279019799e-08,5.220807091642349,614.3807659199068,8.801577502771657e-06,3.511164586410184e-06,0.3387379124722338,1657.3333359377416,0.019498478264735417,-1091.0553883786706
758,0.7029968293949147,122.91508389988647,0.4031209108538457,122.22430431231042,0.2876586767221744,1543.3081991751017,1522.1440290325813,21.164170142518486,0.3126231488837478,0.13493263705502628,1.262422194431691,3.775197172771248e-06,3.7552703598152065e-06,1.9926812956041055e-08,0.00043508531882625564,0.00043502557563368266,5.974319044016646e-08,93.11032633552816,684.4711025038454,8.47450710899835e-06,3.5992558724989075e-06,0.33272217693879375,1712.7928307997213,0.019628052907316045,-1517.5149787730807
759,0.6198970743689525,78.276926609728,0.228541752108987,77.72979189565373,0.3185929619652902,1537.58645494995,1521.2879638598006,16.29849109014982,0.06173884046217154,0.1114489879132828,1.105298914929618,4.0915851881044003e-07,3.9095601625038813e-07,1.8202502560051833e-08,4.612215921041409e-05,4.6063428162597515e-05,5.873104627494665e-08,5.249453995203077,665.0741061079426,6.2287553695899e-06,3.0557385295779646e-06,0.30241788312180967,1057.5735385332405,0.019486701724860094,-205.87214544183735
760,0.572054432980343,75.70338352331154,0.2387798288993567,75.1006177036406,0.3639859907715932,1219.2423946840884,1200.7623800579038,18.48001462618712,0.11844672994098003,0.09930403348483358,0.9505434503059671,1.2151240142762601e-06,1.2008598323006372e-06,1.4264181975622797e-08,0.0001356035673410798,0.0001355500181478636,5.354919224413068e-08,3.7606878755640656,282.5640787659189,5.914992649604097e-06,2.288290171411683e-06,0.27097378592723803,1057.6281840024587,0.017239586356432447,-693.8560742434347
761,0.6893288078497297,101.74815396301153,0.3505169910385108,101.11604030257666,0.2815966693963695,1347.665082092139,1323.905728521124,23.759353571014127,0.14644846834044684,0.13689788877817377,1.3045812227138343,-5.102576246330422e-07,-5.24838861135092e-07,1.4581236502049882e-08,-6.629859055681522e-05,-6.636023870244889e-05,6.164814419321506e-08,10.517673332834187,450.41562035994696,8.287054164364217e-06,3.0337052907459787e-06,0.35027589081299165,1405.2087043131155,0.017699112075887834,1849.4366759893383
762,0.6980235765967321,107.52898387133536,0.32509530596578856,106.84772279044974,0.35616577491984297,1737.0320652854016,1714.68772748776,22.344337797639785,0.2535844019366545,0.13097904279213815,1.1556439432581964,-1.8547165207043344e-06,-1.8731259883737331e-06,1.8409467669398835e-08,-0.00022696009310923284,-0.00022701611309628255,5.601998568142059e-08,47.914915181863606,503.88012774899187,8.419478340817523e-06,3.253368484767974e-06,0.317417885486798,1561.8821929958408,0.018390096854164845,575.611414001567
763,0.5710512268766197,80.05049998034582,0.27056071570392,79.63010869981765,0.14983056482423981,1641.194758740266,1620.1488165508267,21.04594218943934,0.1698576860088463,0.09951735856651643,0.9661334166540945,8.030784771771146e-07,7.879871235267015e-07,1.509135365041293e-08,8.880813406378685e-05,8.875533403266358e-05,5.2800029669811105e-08,15.110612423640898,434.1895947413761,7.32519433425871e-06,5.0800588858217834e-06,0.26134223796894585,1139.0566582390657,0.018386899475656436,1374.0953038385378
764,0.6181827841348704,87.94553062217945,0.24667198745415247,87.52383232333634,0.1750263113889606,1249.512061819477,1230.769683473977,18.742378345500438,0.27396922755808406,0.10623017339625161,1.0014768740929494,-4.948776075336405e-07,-5.103660830148417e-07,1.548847548120126e-08,-6.287095394646235e-05,-6.292550522340013e-05,5.45512759380391e-08,6.066175949330257,569.121609397186,6.107153854416046e-06,2.8346583774216088e-06,0.27503186880774033,1238.6617797094307,0.019177954057399305,-108.32430352564188
765,0.6886575085515095,113.44521713267936,0.35166916750700966,112.77798976175367,0.31555820341867297,1411.9875140062416,1390.7471805876432,21.240333418597405,0.09217501041744453,0.1256392552344555,1.142952352892268,-9.58114854417896e-07,-9.77715486019862e-07,1.9600631601966135e-08,-0.00011674555145077686,-0.00011681113079700684,6.557934498565932e-08,16.739572978346683,497.9197369972129,8.398060203810319e-06,2.731963559204853e-06,0.3174379148174592,1534.6882444593102,0.019042910234903596,-1992.302354852025
766,0.6697898852032471,102.14012606340005,0.28058790429993236,101.72902191786059,0.13051624123950625,1755.575738391678,1733.4293407002,22.14639769147807,0.1710099913601926,0.12338883067280264,1.1337644934667637,-2.761038073708204e-07,-2.9142302688850486e-07,1.5319219517684548e-08,-3.991393609765263e-05,-3.9973921751883335e-05,5.998565261899552e-08,10.452931553055386,513.0280336072514,8.510456249889965e-06,2.666879302227167e-06,0.31550522049843027,1439.1679277697235,0.020193887470341843,-1150.433372466854
767,0.5873124831052972,71.0630396188355,0.20644803963298095,70.69403698952335,0.16255458967916103,1175.3955205750285,1156.8013393516635,18.594181223363424,0.06394314474405699,0.10251175785054598,1.0859614337512296,-4.869781253079602e-07,-4.998311742427799e-07,1.285304893481967e-08,-6.307209357088172e-05,-6.311752868254537e-05,4.543511043067932e-08,20.460424022775747,471.9714038119898,4.837150802071414e-06,2.7753934834477195e-06,0.27760143744663784,990.1182050792423,0.017516017263719617,-1687.0672811291552
768,0.7057390506247823,107.53761179583127,0.299137013922863,106.83463395031607,0.403840831592342,1422.3324465913681,1398.219944366825,24.112502224542865,0.09259349817772312,0.14229431512249646,1.3843774114865857,-1.761730542898592e-06,-1.7898778986893964e-06,2.8147355790804595e-08,-0.00021669912170407452,-0.00021676744222881282,6.832052334660421e-08,5.74127864192546,208.24530629022712,7.81898479750101e-06,3.316566431068641e-06,0.37329608196614966,1522.399737310608,0.01927430689937451,-1243.9464315176083
769,0.6522995580015358,100.4085991471583,0.3107501130186626,99.67053920373249,0.4273098304071481,1592.8010249207025,1572.0922574147444,20.70876750595795,0.16685600650845595,0.1235297262403874,1.1313000970281337,1.8766207278784823e-06,1.8622151675034167e-06,1.4405560375065604e-08,0.00021736942653506017,0.00021730850598429457,6.092054958443133e-08,18.247008130330144,400.9023398299329,8.320451681306845e-06,2.8870984108628045e-06,0.3151770826356767,1410.2661517899955,0.01818238095874826,-1518.9792234584347
770,0.5960603957801267,77.81868642695856,0.2286891488434715,77.29196837110668,0.2980289070083932,1377.2687526022808,1361.1939811448249,16.074771457457043,0.10094544359573707,0.1082155253819877,1.117612987252945,2.138117375486841e-06,2.120654831052569e-06,1.746254443427192e-08,0.0002480855342822895,0.0002480368253370578,4.870894355612732e-08,9.188017653654608,348.8998008079295,5.777336270057709e-06,2.421669163423895e-06,0.2890366251776341,1097.7094591462123,0.01958074413762492,648.1134476559164
771,0.6832366478833614,108.79507297438178,0.4220672394430765,108.18149052008098,0.19151521485773618,1769.7607009232754,1751.764336359946,17.996364563327248,0.15726141573567262,0.12583552688701014,1.1602585997583676,1.8336211485072732e-06,1.816830745372845e-06,1.679040313442877e-08,0.00021220136799257264,0.00021214273084134116,5.8637150093996655e-08,11.59800422155141,595.0740812733271,6.974245687292231e-06,3.259476745367644e-06,0.30784531470277526,1555.7260322919653,0.01946491616501164,-210.40908389852848
772,0.7355696226592109,126.70814913102672,0.3684933211031434,126.05694436496522,0.28271144495836337,1758.4158442965665,1732.1991821973518,26.216662099217555,0.11715235973032571,0.145948247734805,1.3099216067551822,6.705527773835547e-07,6.491782660611723e-07,2.137451132238229e-08,7.28010832278458e-05,7.273944930485314e-05,6.163392165981634e-08,45.708504290925184,153.21443891974033,8.961525221287334e-06,3.1135669687740714e-06,0.356423678213461,1808.4041026463444,0.01858668549658801,1468.253858205062
773,0.6728023103418739,96.57879498141604,0.2817331147967047,96.11005074212386,0.1870111244954738,1397.941738131755,1371.9488829741447,25.99285515761127,0.3003961306041377,0.10421978270646326,1.0241095994272724,-1.7995266020186135e-07,-1.934078618880342e-07,1.3455201686172765e-08,-2.9071547771619086e-05,-2.914268861837842e-05,7.114084556247512e-08,5.271219316332552,615.6041356814534,6.831505526726248e-06,3.2886186855140635e-06,0.271568479719329,1341.4173472581679,0.018028314374920893,-1120.1920259347644
774,0.5681642337522186,81.19240821068604,0.2274250704219346,80.75810507682564,0.20687806343843593,1588.1807985073515,1572.3780962706353,15.802702236719504,0.10231991899191642,0.09239592742397888,0.885351345919742,1.6407488627964973e-07,1.4883307947530017e-07,1.5241806804349567e-08,1.2228940860598102e-05,1.2173506342565548e-05,5.5434516795917425e-08,5.443401469909821,574.0053874347773,5.911467686971674e-06,3.022806070285589e-06,0.24859193362646728,1097.147410838746,0.01961673064100481,622.3316445486817
775,0.5551092081164432,68.34530394155473,0.16750077911309386,67.9005296729519,0.27727348948973657,1323.8260062625177,1306.1785487443146,17.647457518203435,0.1264228970765747,0.09032697767702448,0.913656794690917,-1.266795517698695e-07,-1.4249711334506936e-07,1.581756157519993e-08,-2.063587996983871e-05,-2.06829930105154e-05,4.711303980583017e-08,4.842619615579441,550.1231888329015,6.0855270198178496e-06,2.6376237208852918e-06,0.25184219064434676,968.0631764218409,0.018538078371263304,256.62671262671574
776,0.6807375665560578,101.96541221389722,0.3521108598429627,101.22667469144156,0.38662666261270673,1767.428153895647,1749.4998288771053,17.92832501854327,0.11040896786427122,0.12983917444966153,1.2532834520607337,1.8620114673951433e-06,1.8405470051547294e-06,2.1464462240413293e-08,0.00020900724199630514,0.00020894613117534918,6.111081989379786e-08,8.64106341553282,634.1541063698751,7.737066155543412e-06,3.0698070453901204e-06,0.3332916930606898,1406.7715977690918,0.019645148409510198,-1399.679096062082
777,0.669015541050466,96.62968875765553,0.3565818299539611,95.9634529934796,0.3096539342219442,1333.6303294809352,1312.7454109726038,20.88491850833192,0.1064194638467109,0.10991435074805371,1.0720544420186902,-3.338928866070575e-07,-3.512717016321061e-07,1.7378815025048614e-08,-4.811057927056631e-05,-4.8174408839094025e-05,6.382956697931387e-08,13.109708245986438,510.6488317477594,7.181092714732379e-06,3.2446889455330684e-06,0.290449446991829,1351.5792111683943,0.01703051701842204,1995.8106364276937
778,0.6584150177335827,94.37295803458551,0.2841323276660293,93.95435557743619,0.13447012948330495,1653.29184264948,1633.7778011218377,19.51404152764307,0.18864961242654896,0.11850419039857416,1.1607105391127832,1.461320131597361e-06,1.4460833533983868e-06,1.5236778198974506e-08,0.0001636866224023982,0.0001636327410498926,5.388135087492234e-08,17.05062956414302,164.44017252614424,6.863728107498853e-06,3.227890511908053e-06,0.31156802429553304,1329.876843803269,0.019085120041507798,-6.637553565160488
779,0.6318091727953253,105.5895734498003,0.3107311585814821,104.7678244323883,0.5110178588305077,1464.9315154234523,1445.8537107425786,19.07780468087548,0.12208095116874323,0.11597516270430211,1.043130784071702,-1.6545583226755632e-06,-1.669642417800239e-06,1.508409512467577e-08,-0.00020291854017838134,-0.00020297481255150628,5.627237132611963e-08,5.81021592941369,723.419220413731,6.572337148691916e-06,2.4748491276520705e-06,0.2872425837251377,1482.2131223853853,0.018950228728022326,-2911.0960985282036
780,0.6650085716143419,94.45548919151472,0.2698004739100659,93.87371859803628,0.31197011956835036,1650.3775946469834,1631.9923745600038,18.385220086980706,0.14227365892209765,0.11220233721438348,1.0921380134665044,2.63739280461275e-07,2.491078095877267e-07,1.46314708735484e-08,2.1801463856419072e-05,2.1747290582967092e-05,5.4173272238440673e-08,22.174260171461853,533.2406363118001,8.267622808879177e-06,3.482772638595754e-06,0.29432410625928773,1316.1196249757477,0.017853147345877365,-2077.188916791303
781,0.6284856938118994,87.85726336140826,0.2835412315672919,87.49900535703775,0.07471677280322801,2184.510845660121,2165.9219142909274,18.588931369197255,0.1091125381378423,0.11395094400246014,1.1335835198719086,4.214136555287195e-07,4.0751021116637363e-07,1.3903444362346034e-08,4.367120240109246e-05,4.361240035358539e-05,5.8802046417315757e-08,5.879644114968391,636.6491246203985,7.050953358074855e-06,2.9050810718846874e-06,0.30317165417895653,1205.9442002751898,0.020674417088037467,297.5338955135594
782,0.6108191554595747,67.16369861676061,0.22935616847001025,66.70885559047244,0.22548685781812577,1426.9753101063027,1410.4899110552954,16.485399051008176,0.14859789166355672,0.09422349246316453,0.9713301606687307,-1.2653381141414125e-06,-1.2807293234838928e-06,1.5391209342480768e-08,-0.00015399449054777952,-0.00015404231589111038,4.7825342153541195e-08,5.280162337847133,325.9923553557103,5.537716099487674e-06,2.4279594048062568e-06,0.26719464984940083,928.751332428856,0.01851155558225974,-266.27161782690746
783,0.5651289046847091,71.14919893325528,0.2612463480874482,70.76304130455118,0.1249112806166474,1306.2184845253191,1288.145971075287,18.072513450033746,0.16373635129879963,0.09494181309374995,0.9851681382886143,-8.29823414973592e-07,-8.429454261024043e-07,1.312201112881227e-08,-0.00010272272376897644,-0.00010277131869105126,4.859492058336374e-08,15.250618424480365,312.23121152879384,5.4218308771542926e-06,2.469979907033456e-06,0.25911905177759137,1007.434154501489,0.01900431547530366,190.19140691892972
784,0.6536252862932701,90.74330706304983,0.3002712662599521,90.22560195411107,0.2174338426787995,1420.2630884747878,1398.2293996772983,22.033688797492076,0.09033544941140693,0.11699718151755688,1.1162813761593546,-5.08292126299382e-07,-5.296742507618907e-07,2.1382124462508804e-08,-6.351956573444941e-05,-6.357396705905093e-05,5.44013229698792e-08,21.37577376793013,780.9698867920517,6.214608163026559e-06,3.4210454119144034e-06,0.31587729423334954,1241.1870513010526,0.017938017667820733,-919.6242235663012
785,0.6383457054662867,94.2962747193274,0.3003093527216927,93.64082239369333,0.3551429729123861,1596.6447028009495,1577.6399573039284,19.004745497022256,0.13413826124852604,0.10842596066170798,1.041744025788208,1.748668193092361e-07,1.60116027219198e-07,1.4750792090038103e-08,1.4672647598547422e-05,1.4615355881895628e-05,5.7291715012450934e-08,16.828729741528832,428.2929494942352,7.227445614160641e-06,2.769050532664792e-06,0.28429671969359827,1317.3306884388298,0.01939421716227092,-1096.6511910559202
786,0.630550549957106,94.21631298049034,0.27531957207447066,93.74899185346196,0.1920015549539283,1591.2996373478488,1572.6537082971129,18.645929050736708,0.1310409860597293,0.10450578772912425,1.0156446456778696,-9.802223569023302e-07,-9.955680037213596e-07,1.5345646819029956e-08,-0.00012446134367861955,-0.00012453476126504271,7.341758528440716e-08,8.307172366935204,455.8110434353375,8.305394853696405e-06,3.0293501504134863e-06,0.27921221464633644,1332.7220761600543,0.019182554091816458,751.5960606336084
787,0.6498547121297407,100.71353333379001,0.33405205293761286,100.13767117475747,0.2418101060949468,1841.7361404297199,1818.9210655879424,22.815074841778486,0.09494000891318805,0.11564986659133988,1.0851832355726305,6.434732322753407e-08,4.976497347354065e-08,1.4582349753993437e-08,-1.9770579905935176e-06,-2.0354607950664455e-06,5.840280344841036e-08,7.583702876740491,340.6392450280201,6.333387450936416e-06,3.900109403009484e-06,0.2993868521469977,1400.6777056152687,0.019106015155975424,-1030.243643632537
788,0.7171363550273903,103.83100632337079,0.3012935784464475,103.25914084109127,0.27057190383307733,1835.9601014146212,1812.0965237144276,23.863577700195606,0.44835258758322855,0.13400389254000486,1.2357307785385026,-6.611157775793222e-07,-6.807044324919336e-07,1.9588654912611608e-08,-8.352487015944257e-05,-8.358768393091324e-05,6.281377018515735e-08,25.093206479446295,862.0028742906627,7.958189039182266e-06,8.213604695899448e-06,0.33157183893756353,1454.7661529183454,0.019592654766967216,2594.577591647074
789,0.5921710670916276,86.66049821420634,0.25195965720899705,86.17731414636273,0.23122441063459362,1284.5705268581862,1265.345484240152,19.225042618036202,0.10520358509497926,0.10112409492700511,0.97350169211686,9.283059588927186e-07,9.141135544494823e-07,1.4192404443236703e-08,0.00010253499477308658,0.00010247782461460719,5.717015735531794e-08,13.83463015503505,413.7855548518826,6.610639502694378e-06,2.829522241114679e-06,0.2664611827277304,1217.0892661974594,0.01950689648577819,-3325.139561521737
790,0.5843910153611143,65.61604876846823,0.1763831014108141,65.24423447736207,0.19543118969535095,1273.21141603401,1256.5574135990098,16.654002434998855,0.0821341668894381,0.08427000599421734,0.8511105721098763,-2.786454731974663e-07,-2.93442592209146e-07,1.4797119011679746e-08,-3.8393398982934923e-05,-3.843842827410998e-05,4.502929024774747e-08,8.367764596207675,121.36917702937146,4.4410091622982915e-06,4.295851344070104e-06,0.232545213066557,910.7781246135656,0.018570251626820335,-1100.4813626318646
791,0.609459214625976,72.71322786061842,0.19899621265184267,72.35964181622404,0.1545898317425221,1721.0607626126434,1705.1267611835904,15.934001429052683,0.14788840245924467,0.09123762574827667,1.024408219560887,-3.311591202992405e-07,-3.447929655490288e-07,1.3633845249788408e-08,-4.383425734929481e-05,-4.388202279864646e-05,4.7765448414277576e-08,13.238234695944524,302.41250108174154,5.326920468291878e-06,2.765381589597388e-06,0.2534412608320626,1020.8922513667038,0.01971162414208819,2288.2629055932957
792,0.6998973133407163,102.39061080442617,0.3636525940999305,101.81752701713359,0.20943119319266618,1538.8573082810271,1514.8129768894955,24.044331391529827,0.15068325903908433,0.1290534224180813,1.2812842950979966,-5.36176283104104e-07,-5.521853178891467e-07,1.6009034785042668e-08,-7.029377468526114e-05,-7.03583642228381e-05,6.458953628430192e-08,6.397196062455031,482.85693192583443,7.668547368257536e-06,3.080840943965283e-06,0.3426381450606974,1419.1857975882792,0.017768217069881572,-3503.7812118895163
793,0.598228773911623,81.87124096785848,0.25171170125865105,81.4542249718304,0.1653042947694213,1463.6663274217735,1445.9705625005151,17.695764921260604,0.08280414888506676,0.10643859546135849,1.0492088704667486,7.738044995711096e-07,7.562072589724342e-07,1.7597240598675336e-08,8.421427008181209e-05,8.415577117067087e-05,5.849891039921831e-08,5.3895163205760745,7.87285775673659,6.6043623618078644e-06,2.501555783120767e-06,0.28565983091244407,1092.0607311162228,0.018506987183149595,-722.934155666153
794,0.7453116484756748,132.9956175042783,0.46772486665112845,132.10161154527356,0.4262810923536162,1763.8344734972763,1738.2300314484846,25.604442048793395,0.18845886012381566,0.13887341514301957,1.226510497557485,-1.8161967654326455e-06,-1.8353319978746991e-06,1.9135232442054088e-08,-0.00021818465266200952,-0.00021825401616067013,6.936349735146818e-08,14.879115320158116,688.3335955195633,8.460767080621187e-06,3.433646953288912e-06,0.3356729398604481,1855.8236525417037,0.020668263763482783,2020.6638512767822
795,0.5805293635121409,84.34540131517088,0.2663410271429325,83.86451351547693,0.21454677255104104,1248.259950826192,1232.4274403222926,15.83251050389659,0.09767686693992388,0.10461984616176558,1.0293237092533956,-1.1404765864711342e-06,-1.1556158680575675e-06,1.5139281586433157e-08,-0.00013967386902287971,-0.0001397270140138362,5.3144989876845076e-08,18.397289156666293,527.6494963980836,6.666802949687006e-06,3.110814170088278e-06,0.27499108237650394,1177.9095652071278,0.020428980595072994,884.3507233347118
796,0.5050732551679589,69.24291944121246,0.1937317287815627,68.83390833221104,0.2152793802198631,1540.6282781153575,1523.7647789678965,16.863499147458842,0.12232068520309282,0.08595298495557481,0.8394293611716659,-9.401861256536788e-07,-9.551818311414918e-07,1.4995705487812567e-08,-0.0001197765835382277,-0.00011982435251245871,4.7768973067549604e-08,6.170211401505702,497.6973040166136,6.0614508337232486e-06,3.471002428936962e-06,0.2262112144001153,979.7686616658278,0.018067876059924902,1875.4919122236788
797,0.5890614087481316,68.31164790243618,0.21579210769165438,67.82400202535877,0.27185376938574723,1956.0720620865586,1938.2202659868171,17.851796099740664,0.08392928683654136,0.09082252415598159,0.9260314874836275,4.065512766202319e-07,3.946723269176243e-07,1.1878949702607666e-08,4.535007102090162e-05,4.5305065112980844e-05,4.500590727308256e-08,4.550757798310297,222.06433288813716,5.002462345533013e-06,3.1984550406649453e-06,0.25253578939151666,964.8375114104999,0.017947541523699765,190.33780861199193
798,0.5848748666463389,74.83834131093273,0.22745385804443932,74.39790446030571,0.2129829925826194,1486.2478794559095,1467.279157102248,18.96872235366043,0.09566950835148058,0.09681738767315223,0.9922050228362017,-1.9583434020155342e-06,-1.973896137358535e-06,1.5552735343002202e-08,-0.00023766170018016698,-0.00023771071219299587,4.901201184626033e-08,11.030584525671967,382.200445336915,5.4130346590039244e-06,3.051959797353508e-06,0.2700293549824768,1039.2504490360911,0.018632056564374812,-2192.854158038994
799,0.6181560920881954,71.6439454435515,0.19291402543626585,71.22360208652927,0.2274293315859647,1368.4832655865875,1352.777002381032,15.706263205556976,0.10783155642113758,0.09688609948351123,0.9916750871530042,7.140728401380013e-07,7.022530825701532e-07,1.1819757567847814e-08,8.276406267117777e-05,8.271350756530563e-05,5.055510484250001e-08,19.866559776349177,245.49482308062272,5.427459847683848e-06,3.2213707709174458e-06,0.27156199387630475,968.4355224263727,0.018940763293573342,2670.7288125980194
800,0.6625700057049523,88.148252542889,0.25869938800532116,87.60454152840451,0.2850116264791742,1699.002646757199,1680.131531982525,18.87111477467138,0.10639992913856636,0.10771349697138065,1.1027713504758436,1.1890502478237614e-06,1.1674736028355559e-06,2.157664498820568e-08,0.0001343885444153746,0.00013433454423004428,5.400018351094683e-08,4.045173129103812,411.7285362067392,7.289778106697283e-06,5.479663740479079e-06,0.2915986781929998,1240.7535845972604,0.01851119994898991,-667.337485328062
801,0.6286222779787548,83.58719122988285,0.2498894612548615,83.0524954646708,0.2848063039571835,1878.6247772921172,1853.769264442787,24.855512849328743,0.15108986278841957,0.10523007147477063,1.0383521635690947,2.3360444145480474e-06,2.3203622426285623e-06,1.5682171919485865e-08,0.0002704761061513325,0.0002704175974264626,5.850872397450372e-08,4.226129356629079,449.85352551581593,6.002148431873486e-06,2.6619531827766516e-06,0.28747551507409386,1163.056108191734,0.020910398767094638,3055.355685104969
802,0.6573037995000846,101.59262568256425,0.33884936333751703,100.94038065845841,0.31339566076831693,2520.295465826477,2501.8888420205544,18.406623805922166,0.10926520833092263,0.11304288452930741,1.0422565079215342,7.958652412645383e-07,7.795227136487326e-07,1.6342527615805914e-08,8.54295456912545e-05,8.537175274771021e-05,5.77929417362359e-08,42.32106860412603,340.97815549924417,7.440756567620343e-06,3.402755506599048e-06,0.2877190112788307,1470.984348183372,0.01877801141860285,30.470314051355672
803,0.6664517252338586,94.35625961029262,0.26683275137629525,93.7200452336814,0.36938162523495255,1327.3430350854578,1305.8330307621375,21.510004323321084,0.11703079987736358,0.109987355929677,1.083709155855194,-1.4209754066858601e-06,-1.437654865970151e-06,1.6679459284290513e-08,-0.00017818013874980923,-0.0001782347733487305,5.463459716949465e-08,7.6733296426549575,658.5621517879973,7.270285437660227e-06,2.9977547558961103e-06,0.2758123696009174,1309.5575995728282,0.01810170269134029,-796.3408805177278
804,0.6428639430592289,81.96571912057274,0.2511976961986498,81.46467616043685,0.24984526393725048,1799.7893653071133,1783.3487659727107,16.44059933440268,0.13859074481494743,0.10692876474355796,1.0507251819126269,-1.4850865099388683e-06,-1.5017234888497774e-06,1.6636978910909384e-08,-0.00018270493483244066,-0.00018276027525842447,5.534042479152549e-08,4.922101229313014,611.376720343096,6.315563831138636e-06,2.7189841803670024e-06,0.2826058301405542,1140.463957269628,0.01934258507494657,1139.2325384814467
805,0.7676693792062821,117.81166645562271,0.3693033526942081,117.02609762197578,0.4162654809527402,2136.618658389812,2112.5877267892033,24.03093160061195,0.18664054778990188,0.13149375098647753,1.213592938935801,-2.5566899811982654e-06,-2.5767114567278947e-06,2.0021475529629254e-08,-0.0003136409283577464,-0.00031371251797136985,7.158961223909843e-08,20.690575253081533,446.0821486523862,7.221871081357878e-06,3.1978991354621165e-06,0.3257256557971493,1598.2769485841961,0.020575464722651385,-238.2582026560558
806,0.5721421964116727,80.2853668328483,0.2174152742378768,79.77102824254827,0.29692331606213934,1517.8171279404994,1495.3188508826536,22.49827705784609,0.10384477883463102,0.09154781823790736,0.912388182409949,9.415143811033711e-08,7.946843965885294e-08,1.4682998451484192e-08,7.453253143117947e-06,7.400699416602415e-06,5.255372544316542e-08,12.444583899184677,488.3582558091713,6.925941031873628e-06,2.57270970020616e-06,0.2417781734446345,1128.375089269887,0.01744056762833127,1990.5007246805726
807,0.577839087504724,74.05258029503668,0.21838850568539617,73.49557960135874,0.33861218799253884,1524.1102865611915,1504.9380586965258,19.172227864665814,0.11200027195320883,0.09457379085629118,0.951281971614117,-1.2730339946920207e-07,-1.4214282331179725e-07,1.4839423842595117e-08,-1.7413464732380743e-05,-1.7468494740012663e-05,5.503000645221829e-08,5.129815077925093,263.456315188746,7.503973846589429e-06,2.6709407189277474e-06,0.26416421400568596,1022.9431970627451,0.01927789316432103,-1172.7282528541145
808,0.6696313054833172,94.46337864503148,0.2632815593063968,93.98897720258607,0.2111198831390176,1838.5455584048475,1819.24979955938,19.29575884546634,0.12417352014121,0.12106512342119509,1.1858718961320562,-2.5370446295672203e-06,-2.556943077572888e-06,1.989844800566784e-08,-0.0003090119068699231,-0.0003090735423268584,6.163545559926111e-08,8.205116765426311,522.4137618990246,7.4321926129194065e-06,3.428301317940036e-06,0.32005641281466773,1328.6211859388445,0.0208640094967233,612.232236995289
809,0.6660843049058114,90.4960357880804,0.28535929936046084,90.11872616208727,0.0919503266326811,1585.589778399604,1568.9348090146668,16.6549693849373,0.07081511741289061,0.10573941027369543,1.0268919814346418,-3.199551198063444e-07,-3.3666755463407354e-07,1.671243482772928e-08,-4.016100397726162e-05,-4.021333802652199e-05,5.2334047977205906e-08,11.956801163960927,622.9604144945433,6.031938290763764e-06,3.2881299088754534e-06,0.2845237170911904,1303.3629096974516,0.018365053280276454,-502.8305870393051
810,0.6623750967667903,109.7616132589559,0.3493878615380092,109.15138246808412,0.2608429293337441,1174.9534493994227,1150.4367278905902,24.516721508833093,0.14859313944300992,0.1229415804435279,1.1030823308933249,-1.2384235025791447e-07,-1.413680057023958e-07,1.7525655444481264e-08,-1.8175731143527772e-05,-1.8240057460316292e-05,6.432631557747386e-08,10.14413309810626,480.23634680483644,8.830260707998553e-06,3.0469438407820403e-06,0.30299998884079826,1551.0791536951697,0.017285658254255376,1226.755286127951
811,0.72260535415794,129.71935945419153,0.42974494592222395,128.90527623355865,0.3843382747106388,1759.1984346253066,1729.7077436383017,29.490690987003873,0.3155130832104318,0.1455840936123031,1.2854305886791701,1.0651596162562855e-06,1.0461140065751678e-06,1.9045609681117862e-08,0.00012236319432944631,0.00012229769362759714,6.550070076328813e-08,10.914231886601566,568.499110753047,8.9384144178791e-06,4.208201738222491e-06,0.3504476226940423,1822.4526552572238,0.018636830951793498,318.8954923747333
812,0.6388559903779648,83.04027761516008,0.2636935767101384,82.44232062102112,0.3342634174288169,1535.838551885635,1518.3467459831318,17.491805902501937,0.09651230804195617,0.11686302981341407,1.171494568366193,-9.41544860747737e-07,-9.543230067860522e-07,1.2778146038315986e-08,-0.000117296808275414,-0.00011734796425059181,5.115597364780751e-08,3.8119140527369564,464.3856218128557,7.194208547864561e-06,2.7439863024449807e-06,0.3085860247866746,1212.278591018009,0.01824996683129322,-741.1019546501957
813,0.7035020865231149,112.00709816609657,0.3458963899818796,111.52670152871887,0.1345002473957949,1775.9890610182506,1752.5907547848865,23.398306233365236,0.1973521718719811,0.1279367118342856,1.145994128493786,-1.3362630221440073e-07,-1.5110348662653472e-07,1.7477184412133976e-08,-2.3422902002322233e-05,-2.348773361317515e-05,6.48316089759433e-08,16.996287242445174,390.13251195101134,8.548796832787052e-06,2.898057541160911e-06,0.3253535779360933,1580.429084923183,0.018103382057414952,354.43152836471563
814,0.7130117840770955,119.63244678459364,0.36821389155607165,118.9106912415067,0.3535416515308517,1735.499502532992,1711.2669489508482,24.23255358214317,0.3931377478302459,0.14027940696430025,1.3172366001603513,2.1546294490966944e-06,2.137475777516313e-06,1.715367158038085e-08,0.0002533658950878246,0.00025330374788614475,6.21472001348651e-08,21.57792270189111,1018.4199967230462,7.98581330687005e-06,3.992378215431322e-06,0.3500817029145928,1732.2070511126785,0.019476611828200336,-1234.8947348736401
815,0.5870020512602242,88.72691298266868,0.2334159357720823,88.13311614523552,0.36038090166107367,1779.0144826145133,1760.199749870868,18.81473274364588,0.08295683027440458,0.1019341357058739,0.9899445136585739,1.376429851236108e-06,1.3621980337651583e-06,1.4231817470949807e-08,0.0001617086062658041,0.00016165467601320712,5.3930251312494784e-08,16.881416582717485,307.3380643416918,6.3349326359005544e-06,2.7672976085985253e-06,0.2770105130513034,1268.0406199484878,0.018740884969317535,-740.9875073578551
816,0.7370894117832663,134.3955000061062,0.4186146334242186,133.64532023268944,0.33156513999254705,1827.718998008089,1808.9860574830107,18.732940525078746,0.17653107143919627,0.14382262992493966,1.2766390786496595,6.46509090684827e-07,6.249652427412414e-07,2.1543847943585732e-08,6.837085461632809e-05,6.83042965219958e-05,6.655809314880294e-08,17.037358342407515,722.8397201513543,8.761599481837347e-06,3.210682319534824e-06,0.3459653150938759,1852.5616471899232,0.018552395524837447,-2069.187065148024
817,0.5892997962273464,71.02586308153899,0.20881109701445455,70.6377703071981,0.17928167732642977,1261.303087135025,1245.3783995399979,15.924687595028157,0.08658841838300234,0.09139333191072266,0.9426954287179468,-1.9369638018649487e-06,-1.9505253637960454e-06,1.3561561931095721e-08,-0.0002371062535189182,-0.0002371618139832212,5.5560462436256085e-08,15.300422783972255,227.44212354121208,5.943389454481889e-06,3.6072863683477365e-06,0.25635123944269583,955.6584394868664,0.019496215443718778,-257.01748226214113
818,0.637310833628238,82.26085673544968,0.24103951500484908,81.6952562905598,0.3245609298850293,1316.3017860537025,1301.5408829863404,14.760903067359202,0.12977139005614882,0.11091133526523236,1.0900346772190894,5.095631943438886e-07,4.930757674200682e-07,1.6487426923820465e-08,5.514269671843585e-05,5.5090663856539e-05,5.203286028487132e-08,9.981942446473388,265.60915579949074,6.484040936814537e-06,3.043229237092726e-06,0.2926183397704426,1135.6340152594817,0.01778779150754964,-8.799148826965393
819,0.7047619719251059,112.54863520354762,0.36032627850555643,111.9338006760577,0.25450824898435903,1689.724339967035,1669.65174300739,20.072596959646365,0.1118777985119375,0.1214959385834794,1.2132631020944233,7.068617886322381e-07,6.904604044393107e-07,1.6401384192927482e-08,7.882191760751438e-05,7.875836283676231e-05,6.355476960466492e-08,6.8762603879911195,662.8909362865018,9.793991703609226e-06,4.534935703636187e-06,0.31447747111385593,1560.7498457376505,0.020873855120734197,2107.67556529769
820,0.6070520232882768,83.51736281651282,0.26131490604627056,82.96254621360889,0.2935016968576796,1362.4524621166943,1341.699372267825,20.753089848870204,0.12319194056345083,0.10242160768848538,0.9741554112339366,-4.6253614395530313e-07,-4.7647318663967133e-07,1.393704268436811e-08,-5.37634268845941e-05,-5.381608509110912e-05,5.265820492557225e-08,8.299538634681753,201.44323289077954,6.710953313042142e-06,3.7631830757100143e-06,0.27645026800167516,1155.0155622643967,0.019806890458613204,46.14669251768646
821,0.6809397267198575,105.27813160048902,0.37934440706982586,104.661536785545,0.23725040787419385,1414.2399473607936,1392.9661544985915,21.273792862200835,0.1767256855471967,0.1192348615142364,1.1051138081600722,4.82930268171937e-07,4.6501736720443383e-07,1.7912900967503106e-08,4.547024590387571e-05,4.540567750987339e-05,6.456839272025101e-08,19.100007381171395,279.81227310645664,1.0493491602082167e-05,3.061861566688447e-06,0.3078587532014494,1469.8002838230022,0.01821102753970841,-3162.2161803619056
822,0.6687458068358544,92.08708627718954,0.3014095447921597,91.63945302423811,0.14622370815929045,1625.4582929439478,1607.6076989020316,17.85059404191491,0.17942223209993657,0.11694340640990324,1.1808377990009842,2.2631040686038508e-07,2.0798626137853861e-07,1.8324145481846404e-08,2.3889002113596764e-05,2.383231020458863e-05,5.6691907612752166e-08,9.907746893552716,204.65562559268713,6.830024427540571e-06,3.5238339612764753e-06,0.3034094761655213,1287.6013902039438,0.018994467810067108,-141.7493961301443
823,0.5960552333357677,77.02474340784993,0.18598721419889847,76.5637745314484,0.27498166220261544,1181.3994807218287,1163.2179839739185,18.18149674791142,0.2152155850474242,0.09457309626973406,0.939983875294565,1.8710168098478163e-06,1.8554905488726767e-06,1.5526260975139183e-08,0.00021506601323398287,0.0002150144909804716,5.1522252071651765e-08,22.42603447956753,629.1397053465301,5.4398538763917605e-06,2.696320942616759e-06,0.262802651381978,1044.9595873869664,0.01899853451261659,607.6643845733997
824,0.5925135171858952,75.56947849115367,0.2614969084217999,74.98177365985633,0.32620792287555467,1374.7040947283804,1355.5016596777841,19.20243505059559,0.10028986362576967,0.09594724996814016,0.9341704876453268,-4.40262454847983e-07,-4.5373052138178656e-07,1.3468066533803555e-08,-5.567539154840184e-05,-5.572450277251074e-05,4.911122282079415e-08,39.00507179938795,442.3655266657279,5.27316577114196e-06,2.5089789632838124e-06,0.270845869273077,1024.088309384134,0.01886895338973684,-844.9451696463839
825,0.5952073231372533,78.62392843983103,0.24167186996604836,78.12774351681784,0.2545130530471419,1657.870344140745,1639.7120765065017,18.15826763424149,0.09880520993402304,0.09849923318141812,0.9823446976197813,-7.887356354508104e-07,-8.043908660692112e-07,1.565523061840111e-08,-9.987117093797362e-05,-9.992816595269436e-05,5.6995013708192524e-08,17.891624109085562,534.3276024013842,6.36158336658116e-06,2.68172232635084e-06,0.26907833590268876,1067.7524457230281,0.01849318311605154,-1180.4224608727855
826,0.652948365290608,86.35410027897588,0.2624820843761072,85.88374848679535,0.20786970780440522,1997.7766739150122,1977.5555207218745,20.221153193136434,0.08965727849771575,0.10541949404019309,1.076814548922591,-9.98890381460792e-07,-1.0145574281135589e-06,1.5667046652766876e-08,-0.0001245672877126432,-0.0001246229257019861,5.563798782493275e-08,5.894394276218881,382.7176031737126,6.802250691048273e-06,3.5762879483253812e-06,0.28353848300588613,1177.3986734132366,0.020494697596517536,-2887.3097397594793
827,0.5732403032809161,76.89330832917739,0.2429014807571064,76.2574953933955,0.39291145502477354,1504.0892315762032,1483.1431961917197,20.946035384485636,0.09382956776556046,0.09299825630524289,0.9016309850340932,-2.571888910255908e-08,-4.046483318081106e-08,1.4745944078251938e-08,-8.984300895328074e-06,-9.035188658065187e-06,5.088776085659958e-08,5.92300246468251,794.2273123424299,5.908624937329743e-06,2.2588334150757744e-06,0.2498827757107358,1114.669733584524,0.01765699190121975,-530.2222101176121
828,0.6223654177598805,90.78998937373625,0.3003854845935826,90.21751095812547,0.2720929310171691,1589.3537804509397,1574.9592316449468,14.394548805992711,0.08124751468922953,0.10861959119015302,1.0340820511322946,7.52318016417997e-07,7.377426419919678e-07,1.4575374426029743e-08,8.753277081448657e-05,8.748183741091425e-05,5.093340239268908e-08,13.50435469930487,463.0581867232875,8.88957157283952e-06,3.0213017723986347e-06,0.2831589577792739,1285.5298157206626,0.01636213318197961,-302.90100834795885
829,0.5797988194631303,82.07053183750352,0.20413208818550235,81.72479805767814,0.14160169163987868,1542.5698876680974,1520.798550763781,21.771336904314303,0.14920372343987673,0.09155703644296245,0.9254764885472382,-2.8862733640879015e-07,-3.04188591465805e-07,1.5561255057014835e-08,-3.912031245146259e-05,-3.917626078048599e-05,5.5948327887400546e-08,9.55460865645595,532.9425760438875,5.776445417398502e-06,3.0480562135331314e-06,0.24543545894678237,1154.9828921103774,0.018268402319677534,1518.1679686065108
830,0.6037472551499771,81.64524286731086,0.2593840745294465,81.09533142661799,0.29052736616342556,1689.3654552878982,1674.5321291112934,14.833326176605125,0.09464626083793885,0.09912059803271332,0.9696842111203108,2.0070081803940502e-07,1.856140605147491e-07,1.508675752465586e-08,1.9530403161996027e-05,1.947486483386178e-05,5.55383267573943e-08,28.739597377758535,451.77619869930686,5.532576410847936e-06,5.293590406475743e-06,0.2690826425632562,1169.1099701601813,0.01985970734397987,-2806.916418913097
831,0.5940770491559715,68.11507016336391,0.20007869442842496,67.69095825725728,0.22403321167820692,1480.348719929618,1465.168612365595,15.18010756402263,0.09564293901771763,0.09370755625947276,0.9362033888902823,4.41710850834772e-07,4.283079228583192e-07,1.3402927976452626e-08,5.1538598346462845e-05,5.1487938816130816e-05,5.0659529597478794e-08,9.374701774949632,196.59519534612087,5.690978546534392e-06,3.5846751898062206e-06,0.2662212856877706,962.4001503239037,0.019182238705938794,-231.70211521632882
832,0.537992947735201,69.10528623087649,0.2104688005589922,68.70016803831986,0.19464939199762318,1557.5566170227687,1540.6031320081695,16.953485014594808,0.06944118614475252,0.08945935414859918,0.8950864472877671,-1.4764622946521647e-07,-1.618922539368264e-07,1.4246024471609924e-08,-2.1283643777056538e-05,-2.1337259363769908e-05,5.361558545699057e-08,5.06157460371,375.85051701492637,5.616981765040962e-06,2.825701459378993e-06,0.24782289633294713,985.0252932630517,0.01847388647751457,480.21559199055264
833,0.6334588867985417,84.39163763344952,0.24143752601414983,84.07876048251222,0.07143962492313098,1366.1972066996004,1349.2686588309623,16.928547868640315,0.20788159810070805,0.10516542935489137,1.0697502344056287,-1.901097783298365e-06,-1.918067743658821e-06,1.6969960360456177e-08,-0.00022793632573589532,-0.000227994829213448,5.850347607463655e-08,4.747234327524954,-68.39238585818282,7.295312084669441e-06,2.9254492979533826e-06,0.28103291635485383,1180.6698894336062,0.017841232005442596,127.35270921688789
834,0.7340348079522233,118.5342800153815,0.3816079819767879,117.71797620254519,0.43469583085952024,1698.5529612484816,1676.6842419288782,21.868719319598817,0.17542309397573902,0.13641762388425896,1.2692558847904232,-3.3148407065078535e-06,-3.3316053109816426e-06,1.6764604473788343e-08,-0.0003987820412133487,-0.0003988493559150112,6.731469997447927e-08,25.633147613409356,69.37502886202401,7.973794376521627e-06,3.5214211189310447e-06,0.33665641560093035,1709.740929913389,0.01810561651708824,198.90132749943587
835,0.5742015344903081,68.97333637791859,0.21830900309430576,68.51146392946205,0.24356344536222896,1033.8982995640265,1008.6599825321184,25.238317031907243,0.13922636595323287,0.09413233468679573,0.9914703403903665,6.401583655755804e-07,6.25787244549558e-07,1.4371121026022044e-08,7.023253560833919e-05,7.018341751959506e-05,4.911808759413413e-08,9.562068887268316,286.6527236477523,4.993193691006144e-06,2.7068071553905223e-06,0.26513356355441065,966.0442840139114,0.017937029706393576,-1086.3351603315714
836,0.5825062201048737,79.80702712564396,0.21775030689306799,79.4495010463601,0.13977577239078925,1610.8127615535386,1591.8526548795294,18.960106674009626,0.08792598757613403,0.09247331340389743,0.8775868086400694,6.972676456144625e-07,6.823224953431203e-07,1.494515027134204e-08,7.33449237274596e-05,7.329501113640082e-05,4.9912589208618434e-08,5.249125483408323,413.7599691601913,6.5624265027709125e-06,2.9737844664946837e-06,0.24732100412944022,1106.8669216469384,0.019899195126222274,1035.7695809980141
837,0.5940779338130678,73.05328546843037,0.20720898248033756,72.74902826302242,0.09704822292762227,1281.5833938652436,1262.8010317900143,18.782362075228686,0.12269646338264653,0.10492230591075818,1.0554066653767835,8.677011269721304e-07,8.537855389588514e-07,1.3915588013278996e-08,9.55344936061353e-05,9.548421662281852e-05,5.027698222796521e-08,4.967281778953745,213.92515702587986,4.77901372962401e-06,3.1083247602795535e-06,0.2804236975028589,1005.8893830574864,0.01918726118412426,-489.35415167542305
838,0.7037872544423145,105.99846144909037,0.35118817287184406,105.34575583838337,0.3015174378351443,1372.295314562608,1351.1125226896966,21.182791872912578,0.14745596290304977,0.13607073415054036,1.3701568874350827,9.908472255820402e-07,9.735752330407316e-07,1.7271992541307898e-08,0.00010965669881833315,0.00010959879438504765,5.7904432334813614e-08,26.603212642604756,270.81289280452404,7.701264981334228e-06,2.822540136485006e-06,0.345430263917883,1581.1508311101943,0.01909907901326862,666.18366417168
839,0.6469507198073097,79.61635004135864,0.24668843777289937,79.07320533067242,0.29645627291332927,1304.770404504662,1289.3015727004804,15.46883180418013,0.17476676670996777,0.11043074009728068,1.1046127812164641,-8.248544512851647e-07,-8.40311512789391e-07,1.5457061504226392e-08,-9.965548641355328e-05,-9.970742758839861e-05,5.194117355672767e-08,8.951693001903418,368.74136767829134,6.223390276753758e-06,2.7369206586745273e-06,0.29644375679293555,1107.9066991652091,0.01978019180777779,896.2687370640015
840,0.6259408175595346,99.62429958035626,0.3204102524549384,99.0642461089714,0.23964321892990773,1743.3031919352545,1723.9928101581593,19.310381777095234,0.2214089742111136,0.10807460515765706,1.038963712155932,-3.376672694363083e-07,-3.548620174834403e-07,1.7194748047132177e-08,-4.635257547514087e-05,-4.641075320314628e-05,5.8177726476678086e-08,6.45345405767679,440.44889327886995,7.424049778479921e-06,3.075649550137992e-06,0.2794797901246279,1407.512813028995,0.018254429977469566,-3652.1907189394115
841,0.6505706412851089,64.4283614800254,0.20317291363514928,63.96530441491824,0.25988415147200483,1553.4999964623862,1534.035423986549,19.46457247583678,0.09763217291211101,0.12958711865151837,1.3796983794597046,-7.13089502453936e-07,-7.262870964524578e-07,1.319759399852196e-08,-8.575232743500535e-05,-8.580263461751952e-05,5.030718181856939e-08,3.950400125883158,497.26180273121867,6.116508169845072e-06,2.874779055332553e-06,0.3517513329058389,916.9302102135464,0.02025284395685325,1944.2418973902295
842,0.596298409318092,85.12506691669638,0.2579653795274676,84.62761467405247,0.23948686311644934,1470.0887419149515,1454.971834036775,15.11690787817701,0.19800126788578673,0.09595292114835585,0.9214402931323313,-1.0874720011536991e-06,-1.1042770420905778e-06,1.680504093687908e-08,-0.00013439525123371183,-0.00013444963315669187,5.438192203322614e-08,33.79361407494496,-13.48332297881119,6.597184656041837e-06,3.242137770582359e-06,0.2614693146098077,1172.4864818950998,0.017787049168718434,996.9440001400253
843,0.6648995817319693,92.25068112604504,0.2518682134825965,91.73632352560469,0.26248938695774987,1346.7276183737285,1328.3535520467703,18.37406632695841,0.19669136039936597,0.11046928235831452,1.0792641360227049,-1.8562314269709462e-06,-1.871595409904371e-06,1.5363982933424778e-08,-0.0002283196087101368,-0.00022837145098339182,5.184227170739699e-08,9.630221382925516,405.14053191970845,7.659762945319413e-06,2.7710308703683532e-06,0.2970121362896006,1281.062838200687,0.018788486736600524,924.1540071288728
844,0.7458295496676254,138.73889141964773,0.4808703553032743,137.84648542361944,0.41153564072502824,1545.6493183431146,1523.777099688393,21.872218654723397,0.1693619672914301,0.14726135333676454,1.3369033682662619,6.500090086535783e-07,6.305778174974718e-07,1.9431191156106758e-08,6.872926688773251e-05,6.866690277776399e-05,6.236410878306045e-08,23.6896029043848,644.3014334998401,9.241386541389327e-06,3.012804330064888e-06,0.35323228541791857,1966.7355447973814,0.01896021393267926,-837.3941550156342
845,0.6521548733891026,84.68229541446539,0.24134619671552676,84.14967918055052,0.29127003719934486,1581.5258585209478,1563.5504659222152,17.97539259873224,0.14768676844040304,0.11308255324771374,1.1306335009012969,4.0367205894755947e-07,3.883396296133655e-07,1.533242933419393e-08,4.221835824298495e-05,4.2162056250449056e-05,5.630199162377028e-08,13.724246992291937,510.39786411960245,5.788544413438629e-06,2.705951248929585e-06,0.30504517255163155,1208.2812286758333,0.019183066082719955,998.0581212176403
846,0.6434047920621375,80.4595152769131,0.2213500254761252,79.99118058894274,0.24698466249423678,1589.0477292725104,1570.4884280993654,18.559301173144277,0.13421091983986408,0.10098954014716521,1.0094701595684799,-4.835232850588084e-07,-5.023996836147542e-07,1.887639855594573e-08,-6.600397600337893e-05,-6.605808374259101e-05,5.410773746984749e-08,6.749784488153759,68.06461084093145,5.990802748986544e-06,2.6009437502501585e-06,0.28182771860627553,1100.0049527013948,0.019406321265461098,575.4663919172563
847,0.6107872141934231,78.57741456109919,0.291082802139144,78.17091263958584,0.11541911937421825,1591.2147018395065,1573.831523114578,17.38317872492875,0.09676305981434227,0.1067688489358102,1.0545250553187975,2.6531951747698955e-07,2.4735966304142066e-07,1.7959854435568995e-08,2.798268100486756e-05,2.7931066341256508e-05,5.1614662458764864e-08,7.900720698965794,622.7990258114626,6.279119180168865e-06,3.186895875197631e-06,0.2834771326003744,1106.1688486408307,0.01992119288850646,1374.4558145801602
848,0.591659985316262,72.94233101759322,0.17651905252955571,72.48143941062764,0.2843725544360272,1226.0615846534397,1206.2599858013486,19.80159885209252,0.10527587425242713,0.1041236856275765,1.1144337462330223,6.358071688423788e-07,6.162213015224547e-07,1.9585867319924005e-08,6.64179707520817e-05,6.636480254436079e-05,5.316820602630614e-08,3.621242821716244,288.0022915879617,5.608478705793024e-06,3.0125633295241872e-06,0.28915329540086615,1016.6934571419924,0.018602825806717575,1316.8541943659584
849,0.6387023237129631,88.42957236110004,0.3312341375707141,87.77627981243968,0.3220584110896326,1373.6617358286842,1353.267545134009,20.394190694673973,0.1148571288643371,0.10488302590667652,1.0404506930808488,-1.3870184660946935e-06,-1.4027266674263326e-06,1.5708201331639113e-08,-0.00016886658047911401,-0.00016892243265567242,5.5852174769008764e-08,19.793204742317002,748.956196737112,5.68231856328692e-06,2.444166797817016e-06,0.27541549388201636,1242.3378860556077,0.016750944528477155,-876.0594422234499
850,0.6681885149107514,105.67191942105775,0.3555786416271428,105.1218659315576,0.19447484787300495,1486.6570758787677,1466.7685722883987,19.888503590369186,0.12238884697123069,0.12151898064164722,1.1343630466272243,-5.423251959674101e-07,-5.624841726301024e-07,2.0158976662692142e-08,-7.269638037294619e-05,-7.276194581211247e-05,6.556543787734094e-08,8.804651487859402,-7.396778499930881,7.165522497498553e-06,2.569356710870559e-06,0.31539613585670934,1517.0506327238047,0.017991765534747097,1167.9582665612834
851,0.6354412276533679,77.31996819190915,0.2565469339232106,76.84052521100364,0.22289604698230678,1601.782593091829,1585.0669045236182,16.715688568208236,0.14775188665502237,0.10930552048209032,1.1521394788259387,2.673815106451021e-07,2.48788250935164e-07,1.8593259709938113e-08,2.4708938894438878e-05,2.4649523252764553e-05,5.94156405695019e-08,6.790319123379935,466.6097758634974,6.397220589195676e-06,3.316178904750244e-06,0.291408867540502,1081.5459661647803,0.019765380658290584,-1014.6428581787441
852,0.7009792893533823,120.20317250442542,0.39582839384573615,119.4090510381291,0.39829307245057877,1556.6539917956702,1533.4053131168796,23.248678678789393,0.11897558095506576,0.13904935032965185,1.3469891831819956,-5.812015468245464e-07,-6.034532613667519e-07,2.2251714542205802e-08,-7.729450666790897e-05,-7.735648683414561e-05,6.198016444068971e-08,19.944972774717034,404.93323384184083,9.003993795631185e-06,3.3036961701933735e-06,0.34362367176882513,1679.4188174312162,0.02017754501932632,-3904.356303024193
853,0.5678713288511106,78.93400383128757,0.25748333655487554,78.50923981888215,0.1672806758505314,1732.7207009915462,1711.1813824005012,21.539318591045568,0.13682038330194946,0.10061582971950969,0.9972644408253369,-1.106407929898369e-06,-1.121199935008885e-06,1.4792005110516003e-08,-0.00013567794167021477,-0.00013573525015796598,5.730848626409137e-08,102.04342652069978,492.2588627946177,6.27182003513851e-06,2.9900463825071352e-06,0.26689631663894914,1095.7324186467345,0.020375321159981256,-1856.2230877283982
854,0.6899396190993518,103.80288252807406,0.2944701218857597,103.10876196545554,0.3996504407327676,1325.236784362642,1299.481909730783,25.754874631859842,0.09962839044777412,0.11060071473086355,1.054620842418357,2.937316930366691e-08,1.2149367657281807e-08,1.7223801646385088e-08,-2.084105722080425e-06,-2.1442532307097466e-06,6.014750747679141e-08,22.45055346679453,503.5144648420805,7.920829591962451e-06,3.0758210458734797e-06,0.29310597623649864,1480.7071239746456,0.018469805072195193,168.3986330180851
855,0.576211383894541,67.65766723275583,0.17972999835309034,67.22774474703114,0.25019248737159944,1609.712106446655,1586.997767586491,22.714338860162677,0.09392442884616678,0.09270730945628607,0.9476458763163398,7.305903591568944e-07,7.183680065582126e-07,1.2222352598681956e-08,8.329879110073513e-05,8.32482303286822e-05,5.05607706186524e-08,6.59207150309007,109.59284015896657,6.3494717148963705e-06,3.1863825404301812e-06,0.25598472936722066,933.4058176543563,0.02049942168898033,1582.347046181898
856,0.6310330513778036,82.10607907595248,0.2511017541363243,81.59886747105445,0.25610985076170056,1516.5326093593483,1496.7888817191395,19.743727640209737,0.10941676158577167,0.10603564726104187,1.0615526541704503,-4.614931490947007e-07,-4.774509528673146e-07,1.5957803772614035e-08,-5.823320149851907e-05,-5.828534363426159e-05,5.2142134387421635e-08,5.745018098469606,436.4363914590714,5.2636314501243015e-06,3.360424390760625e-06,0.2926541306997669,1127.0986053499228,0.01712932414019595,699.5388833532743
857,0.6111070677573098,73.91114359769946,0.2539134572777433,73.48310068954373,0.17412945087797604,1666.9603274896474,1651.1831522881475,15.777175201500393,0.10445899926162988,0.09864117065649235,1.0076208009528138,-3.564606587347248e-07,-3.695330985880002e-07,1.307243985327526e-08,-4.622405780550273e-05,-4.62808105343802e-05,5.6752727341179744e-08,3.982754824444248,-533.0677232835899,6.0286127700227425e-06,2.5483363067202253e-06,0.27262718544752873,1015.8915251838062,0.0197668453344802,-828.5261056829695
858,0.6246416276808356,76.29483891416753,0.20108481539064546,75.94425559403595,0.14949850474092205,1689.4110998151828,1674.200447174694,15.2106526404896,0.15332065207798654,0.09369827940875652,0.964169534158412,-4.3162488061107155e-07,-4.4752473556461337e-07,1.5899854953541868e-08,-5.585817365001502e-05,-5.5912795457523665e-05,5.462180627813197e-08,23.183001299841607,555.5236606544528,6.341497506713054e-06,2.5091300418199582e-06,0.2629515172317683,1085.2420634170587,0.019909371292074773,-3556.4567157537604
859,0.599215597695047,79.2913024895676,0.2984619776957521,78.89904875025722,0.09379176161465011,1571.1558170305111,1551.9070386630813,19.248778367432728,0.10953887985801924,0.09936937989623205,0.9512028203148184,2.1612291706717927e-06,2.1484492777997532e-06,1.277989287203956e-08,0.00025367333288086203,0.00025361754913721984,5.578374244084765e-08,26.212050474644172,784.7520917626945,7.009289679290799e-06,2.437468339634431e-06,0.2612512914312867,1082.5494492461532,0.018436638626415196,397.5923596090033
860,0.7053977822097948,116.04846185088694,0.3267748834678833,115.51553929741704,0.20614767000202572,1532.186844744043,1512.0401558273857,20.14668891665663,0.22065915659524485,0.14044291480299215,1.2796261117659757,1.982395511680635e-06,1.9647087787326952e-06,1.7686732947940775e-08,0.0002263740712798783,0.00022630280630585694,7.126497246549968e-08,29.47418736517073,769.8407582704513,9.102587669250087e-06,4.413607542983123e-06,0.34503350828148904,1687.2922555044336,0.019358384275575288,-4757.863912620014
861,0.5679591115976174,74.25456630410505,0.21261796807665095,73.7278704754385,0.3140778605899211,1172.3699638149228,1151.965449606518,20.40451420840455,0.09380419522504112,0.09203702099689531,0.947505840905705,-6.040989502666643e-07,-6.199802699379675e-07,1.5881319671303036e-08,-7.345700504184561e-05,-7.351343643437853e-05,5.6431391435469935e-08,7.267292884382476,509.54528445435426,7.125311431001309e-06,2.652747159826898e-06,0.2563227852897014,1057.5390583671099,0.01890708478358822,358.71919089840594
862,0.7926067287119525,140.90133334835008,0.42274136608135277,140.04379846931724,0.4347935129515039,1906.352359759942,1887.5636421570655,18.78871760287646,0.15820114475259578,0.14551552333307696,1.3970018069277492,1.25622998431339e-06,1.2399703680090853e-06,1.625961630430475e-08,0.00014242212998586952,0.00014235999987616895,6.213010785809144e-08,7.528138183151083,398.72144120315664,9.864036170046705e-06,3.861174664556617e-06,0.35714295765276943,1991.951565156266,0.019476571564055148,741.3965031411572
863,0.6399536053853571,86.33418745476325,0.23811091998232622,85.92325411916329,0.172822415617628,1602.3953202076086,1584.0462073425808,18.3491128650297,0.0854041861237662,0.10330009900839784,1.0434022394980973,-6.646622742917218e-07,-6.794842900934472e-07,1.4822015801725354e-08,-8.924712896953554e-05,-8.930680727920207e-05,5.967830860053264e-08,9.403354398130974,511.29394877368156,8.14539131634307e-06,4.013198274716812e-06,0.2748290451129895,1201.253644847079,0.018907533554311663,-569.018986712621
864,0.6003403562756237,83.51917412788092,0.22818629898003126,82.93263577090967,0.35835205799122954,1841.4124575942362,1821.723239648464,19.68921794577198,0.09977279321890814,0.10298685664127155,1.025832840990443,3.5882597493712665e-07,3.411910011687839e-07,1.7634973768342882e-08,4.046023116826421e-05,4.04075450402728e-05,5.268612701090992e-08,12.29052275901898,497.461571106792,5.867333085497096e-06,3.050259712845045e-06,0.2749926189769319,1123.9565295938635,0.018938489399423837,1315.1479200992108
865,0.6324819708881042,87.61645656107036,0.2419104126774229,87.19232897944529,0.1822171689476521,1429.1044309905844,1410.6786096117817,18.42582137880361,0.12223795478669064,0.0974983071331699,0.9818497314092975,2.2824276058525404e-06,2.265676319577768e-06,1.675128627477227e-08,0.0002626661746443661,0.0002626061046429813,6.006999999782868e-08,15.525194895317043,253.36624037751199,6.470477369880285e-06,3.047289782129774e-06,0.26427751961212675,1201.8557590221221,0.01720520271759813,909.2916319169162
866,0.7754421276368749,144.90818612892585,0.463672046749297,144.00180490142714,0.4427091807493811,2046.8141142234506,2024.5400139881438,22.274100235304736,0.31310852284654844,0.16130852538838347,1.4653519219034943,1.255524249238506e-07,1.0341836521649843e-07,2.2134059707352146e-08,8.393207645308199e-06,8.32822118607121e-06,6.498645754147005e-08,10.660810273597779,781.8278301860967,9.79151371104553e-06,3.722841283607252e-06,0.3948303422266622,1989.59311193769,0.020556712093562475,2990.201143057664
867,0.6345852842691686,95.34707169559998,0.275199314719548,94.84008236215281,0.23179001872763144,1479.3777945461545,1462.5255426279164,16.852251918239467,0.12779979093262214,0.10038186835430268,1.0075036832661957,-1.7589392026920567e-06,-1.7735566435901884e-06,1.4617440898132044e-08,-0.00021247047158632037,-0.00021252692898267325,5.645739486148556e-08,45.07536321481301,379.32083087190335,7.2827310221486185e-06,2.798935160270481e-06,0.25860451928645084,1373.573032201696,0.01890179167567304,502.0071926296914
868,0.6096319689569574,76.39414933494629,0.1996871045533329,75.9496928145877,0.24476941580526038,1375.4287973353644,1355.5880266546314,19.840770680732543,0.1042698077234933,0.10798087016027844,1.1164646062188746,-3.411326911729184e-07,-3.560862219774468e-07,1.4953530804528373e-08,-4.655087972434788e-05,-4.660315095845932e-05,5.227123267215246e-08,68.78861601164859,-17.665688357819494,6.230544237310231e-06,2.8651561475639757e-06,0.29190402895716666,1072.4289085005514,0.020347863537454665,142.7999487908237
869,0.5602948193528791,64.4779932334297,0.16998300562254587,64.07556395430136,0.2324462735058028,1394.468528278808,1380.8249395149367,13.643588763869822,0.0858239265354644,0.09032180140972762,0.9514592908753944,9.067206268491385e-07,8.920591488917338e-07,1.4661477957404508e-08,0.00010312243625808873,0.00010307488768166595,4.7548575166819405e-08,5.338965351220965,397.04122092689295,5.001547204804362e-06,2.561202298368913e-06,0.25619616559509717,900.0601761667562,0.0191843380909174,-637.2515350087051
870,0.6370622602633202,101.73464948909856,0.3135675852662385,101.14696876907753,0.27411313475478644,1506.267277378055,1484.902157808872,21.365119569184632,0.18721840921816307,0.11897538162136165,1.085931892599782,2.3681770126632802e-06,2.352851091127556e-06,1.5325921535724426e-08,0.00027488357146579094,0.00027482320681974497,6.036464466312819e-08,7.108363449231753,611.294891118489,6.8834170403343485e-06,2.688873826976181e-06,0.3012645453039645,1446.0763774654174,0.01873832733203377,1805.7542700614722
871,0.5922514306655978,95.22531667697194,0.24675116419899276,94.70116374051466,0.27740177225831686,1223.8680241184297,1202.8312974648038,21.036726653626243,0.3120508033250856,0.10231146094543929,0.9271026168152001,-2.8034947728097634e-07,-2.971666454850763e-07,1.68171682040998e-08,-3.815114251656722e-05,-3.8210155607976105e-05,5.901309030272735e-08,17.92815295371322,435.262275292002,8.008770532555477e-06,2.6118360342446034e-06,0.2740633843671086,1329.9666290822238,0.017130607551517185,-824.7105960980443
872,0.6188214667083555,81.44239815957447,0.21085349358258637,80.94765320072302,0.2838914652688336,1630.4884272530433,1612.5179985385405,17.97042871450483,0.2038506693840376,0.10705813763185834,1.0765610652274258,-1.6366293266747236e-06,-1.6495322983841058e-06,1.2902971709381766e-08,-0.0002027223616216849,-0.0002027724606967778,5.0099074243366014e-08,5.601446009198244,-121.0409530121812,6.091446561231969e-06,2.7386561558893423e-06,0.2903451990537376,1148.1224148709866,0.018706010225321947,-1035.0560165013922
873,0.6591762003672111,101.49822335010734,0.3086698453576845,100.74342177471559,0.4461317300340827,1551.956587607741,1534.4203385858152,17.53624902192527,0.1403208516177544,0.12400665427831295,1.1772845814639075,3.3975889000439194e-06,3.3823807515073793e-06,1.5208148536540408e-08,0.0003967303008007224,0.0003966770211940511,5.3279605325844067e-08,14.87876790403915,561.5491898249802,6.934981871068615e-06,2.9532561765449336e-06,0.316656277576915,1422.8851025015738,0.01731822769752713,-597.7101003814241
874,0.656243636759142,99.94483383905852,0.26179759476928777,99.41733577428194,0.265700470007283,1528.627446835861,1510.197728479076,18.429718356783464,0.09864649540661949,0.11526341138603333,1.0799087812139259,-1.2837525287240373e-07,-1.4602442830870415e-07,1.7649175436300488e-08,-2.1642355412158153e-05,-2.1703428695563832e-05,6.107328216673663e-08,9.969910975445266,544.8778307694455,7.651828503115021e-06,3.1219008136245504e-06,0.2954358391328785,1386.9849028058825,0.01714153973186985,3246.306739953099
875,0.6803028536014293,117.31718671516862,0.3168519080841137,116.84371589757869,0.15661890950580568,1484.0799573766735,1455.6642293809348,28.41572799574084,0.11548064788263183,0.13241128730596455,1.187706674830238,-7.243799245882753e-07,-7.425620023226929e-07,1.818207773441755e-08,-9.138189502737773e-05,-9.144240577650373e-05,6.051074795354231e-08,15.018899409605673,270.0231475819907,8.851089992924114e-06,3.2519196425339836e-06,0.31630397919644926,1670.1152112746188,0.01956631882194906,-6723.464018282026
876,0.5508171786444025,67.51640929250682,0.17986780995734403,67.10152333194928,0.23501815060020567,1365.425730052951,1351.0519810609649,14.3737489919867,0.07148819011480524,0.08747578107806751,0.8706408277179516,-4.98344670200598e-07,-5.127504997410725e-07,1.4405829540474328e-08,-6.533539922660919e-05,-6.538479700997123e-05,4.9397782266635457e-08,5.963551284089398,-15.480076411447293,4.678067621632566e-06,3.589352923026622e-06,0.24966273442473555,924.3503291220188,0.018958238273498858,690.4621854799079
877,0.6914738820891545,87.76674984328635,0.27803068227438804,87.14708926158033,0.3416298994316146,1603.4178924508087,1587.322054790156,16.09583766065075,0.09018389411284047,0.10415469238753675,1.0365483960560815,8.654158326100919e-07,8.504665264659382e-07,1.4949306144153634e-08,9.596736909411352e-05,9.591366595079368e-05,5.3703142285738935e-08,10.083140183762232,84.47659856991113,7.911366290690919e-06,3.1689234993231203e-06,0.2938168769802205,1226.2162869782348,0.01942483922581841,1224.0564222946705
878,0.6125060895532562,85.09266761107274,0.2711544855769512,84.54427030141518,0.2772428240805956,1577.2274466734343,1558.3323233791536,18.895123294281724,0.15692509429070592,0.10499164902930916,1.0289727141561196,-1.6060825315873615e-06,-1.6209420674174814e-06,1.4859535830120215e-08,-0.00019401756356247042,-0.00019407093220787864,5.3368643806958576e-08,11.40224581729381,155.9526300153166,6.2510433674385516e-06,2.7183790196732183e-06,0.27752557503412156,1185.6596126543636,0.0192774324937184,-2081.546061241257
879,0.6546798672380234,115.69578535206256,0.43724102902370415,114.80560056470925,0.452943758329603,1712.3599489868243,1689.571330202605,22.788618784220066,0.15674457680424683,0.12469060802678783,1.1722817805901902,-4.2358242498065755e-08,-5.8579914471084446e-08,1.6221671973018724e-08,-6.3690603799486465e-06,-6.429227437688488e-06,6.016705651793708e-08,56.935526791005735,505.96699766259553,7.544339148979727e-06,3.065468098030356e-06,0.3122519104241872,1589.9466597858197,0.021273979610865152,1194.6481738984985
880,0.6073311530661661,75.18541583757931,0.17333510572416336,74.79440264549012,0.21767808636504743,1322.7935690299325,1303.8073688530026,18.986200176931533,0.1086752191952056,0.09129804934008202,0.9464538086356576,1.442089319342197e-06,1.4272242897624112e-06,1.4865029579785232e-08,0.00016563294554233367,0.00016558179433841412,5.1151202555433025e-08,5.833976352038466,308.70498809232896,5.669941438387694e-06,2.9103425495598875e-06,0.25413078909642534,1034.4447055074743,0.017346760601950045,-899.5030167583027
881,0.7181973582536358,115.63769673175804,0.3073699407612619,114.92261573310762,0.40771105788917644,1989.628893713111,1962.198940754816,27.429952958297047,0.15587271936457645,0.13425333491867028,1.2664481464191804,1.2441208536237756e-06,1.2300962444439372e-06,1.4024609179838526e-08,0.00014517934406947072,0.00014511503642279295,6.430764517261138e-08,12.330624898805699,481.10372463560014,7.243111599888168e-06,3.0787858202847236e-06,0.3364209921902603,1676.4915074571106,0.019195371097839312,-1229.6863922995035
882,0.7221440245430573,115.22161546889527,0.3177242254740033,114.65293335684555,0.2509578865757127,1484.7611959293797,1466.7900578846243,17.971138044755286,0.14379053004593415,0.13525453414130728,1.3012494404107513,-1.792609754091091e-06,-1.8155317015206103e-06,2.2921947429519394e-08,-0.00021994766868455812,-0.0002200043211923069,5.665250639186639e-08,18.056423353978005,938.9933251885041,7.278411202330545e-06,3.299961180999192e-06,0.33545285188373386,1603.5942175956982,0.01875380620882182,-1367.1441125147103
883,0.5825768851530624,72.39776324169279,0.18903045452310366,71.98932600988219,0.2194067772874911,1082.1480645576664,1057.0284621990124,25.119602358654912,0.06767289168536345,0.09144117980372457,0.9424877524167626,-3.975639171119166e-07,-4.10375809724113e-07,1.2811892612196482e-08,-5.395946136584354e-05,-5.400714035753e-05,4.7678990198508e-08,6.456767899287622,307.47184342060154,5.334457978798021e-06,3.62649459853004e-06,0.2519949834438927,991.1978285088186,0.017227180674225247,-917.8846757052161
884,0.7265392064351157,109.90448333200312,0.35412786529038814,109.28177834505404,0.26857712165872044,1678.2280580910071,1655.6043279089993,22.62373018200793,0.13019978324280743,0.13030120966155992,1.2139019710531729,-2.410460143115278e-06,-2.426269429899634e-06,1.580928678435549e-08,-0.00028919237113103077,-0.00028925185469581816,5.948356335749029e-08,7.605478348447216,433.8830766044643,8.140660218516218e-06,3.383171444936535e-06,0.3277486043174694,1557.9806421504904,0.021638233497282826,3811.7292669503113
885,0.6165900722597657,79.50062365892374,0.21873132332879747,79.02151673430394,0.2603756012909929,1477.7033630406772,1462.3197813452173,15.383581695458345,0.11011456209433897,0.1057785190883244,1.0846829916448755,8.451664312069431e-08,6.885534242875876e-08,1.5661300691935593e-08,6.678474986028235e-06,6.6273390709647685e-06,5.113591360254272e-08,6.339459404094449,513.2069545264579,5.855712166906386e-06,2.7171654243752986e-06,0.287074710308027,1053.66591339334,0.01974547060158652,683.8933632204535
886,0.7026640468665705,111.39611959001276,0.36714244894966636,110.68641357970112,0.34256356136197386,1831.7834690231916,1807.3149724198317,24.468496603360183,0.20143554079677875,0.12771593932370662,1.1931458851212084,5.978634378699274e-07,5.818665381429343e-07,1.599689972699287e-08,6.611635738340427e-05,6.605274185242012e-05,6.361552983439187e-08,8.688884822266342,734.9047223059086,7.545975517181372e-06,2.85254394848399e-06,0.3200083305867169,1558.079794783156,0.018852927326911188,1076.7247023753152
887,0.6562425607891434,90.70904458058098,0.2999608263833603,90.19072969224658,0.21835406195106383,1154.6431361311622,1131.286653673665,23.356482457495783,0.10278752856447085,0.11107232956192736,1.0940417999859993,6.200413171978498e-07,6.033105154519518e-07,1.6730801745897735e-08,6.781647329197461e-05,6.776019434697217e-05,5.627894370534628e-08,14.999594968551381,246.4960230838144,6.982902234998977e-06,2.8049120395682517e-06,0.2929133744324315,1284.225815810454,0.019028787283834614,-1828.32590841833
888,0.7035273205267994,102.71642784158063,0.35391582386379045,102.0320142818947,0.3304977358221381,1962.3768686749072,1944.8334826526966,17.543386022211134,0.30688304869092875,0.12089348230953532,1.1286629105339858,1.3691549900787524e-06,1.3524903849913926e-06,1.6664605087359607e-08,0.00015630633569123508,0.0001562511158243195,5.5219865580791865e-08,6.831114932451016,317.23012225891733,6.901104316567464e-06,2.9211610819724945e-06,0.31179377665058383,1443.4609436788826,0.019976535648235334,53.5445205908909
889,0.6290156528238575,70.88598933204393,0.17896169099744347,70.5147622936619,0.19226534738458256,1421.7740058836,1397.6412614781568,24.132744405443795,0.08216925700333316,0.10156223974228704,1.0699281467789392,1.9733090140347276e-07,1.8331903880179515e-07,1.401186260167754e-08,2.0317682709578576e-05,2.0266960757925787e-05,5.072195021005627e-08,16.940980874483774,615.7895174043057,4.9761667887324244e-06,3.3648431955412325e-06,0.2814873275641977,973.5889260073416,0.019383288702962704,-469.9694479837781
890,0.6678701454997105,84.99388667731984,0.23709470241887626,84.54935857534994,0.2074333995510214,1341.1823715207258,1326.644721243025,14.537650277702047,0.128473017047828,0.132706825395784,1.3416082885398635,1.1266374819453462e-06,1.1112436159946987e-06,1.539386595064784e-08,0.00013037646483570915,0.0001303191910063348,5.7273827756217014e-08,12.37624341018365,418.98869705024845,6.228690569739703e-06,2.9645927721203985e-06,0.3500329825324484,1190.219139706925,0.019091973782536815,1753.330137568988
891,0.7279487872379661,127.17253551241225,0.4871494509420512,126.26187357891311,0.42351248255708424,1542.1109315762249,1522.3876242545737,19.723307321650147,0.11210880624582657,0.1430047306140574,1.3140786812786405,1.1253664069502157e-06,1.109721629493e-06,1.5644777457216117e-08,0.0001258782245886894,0.0001258141101562735,6.411443111075803e-08,35.80502621083781,597.2729528368764,8.333707924473873e-06,4.100742390325099e-06,0.3543633639110843,1807.3267119877232,0.017747558043453328,-1368.8382227851798
892,0.6741487483607451,103.22689080786851,0.31913441195832903,102.73596566917978,0.17179072673043574,1626.8807393614145,1590.0907804900723,36.789958871342655,0.11359043529119889,0.12815331892692097,1.2051141367091538,3.567626342317276e-07,3.4305851551204726e-07,1.370411871968036e-08,3.8792139923765436e-05,3.873572743997477e-05,5.64124820146836e-08,5.997254607898323,587.3077839979752,7.47307461424831e-06,2.9046767264056385e-06,0.32325997388623845,1465.2919224399768,0.018343036487365204,1008.1432891552795
893,0.7067622253667866,119.29139177004647,0.3978357875128526,118.39572160290315,0.4978343796304543,1323.5295049093852,1303.5200047726687,20.00950013671587,0.21425500071658507,0.12512866095660624,1.1472568889776065,2.144760486116343e-07,1.9578183702549706e-07,1.869421158613718e-08,2.258618046984693e-05,2.2526804372193487e-05,5.9376096630840406e-08,32.81132590400148,716.7839975092412,7.418118763012149e-06,2.856670302541269e-06,0.3149236391768673,1683.3656447402993,0.017745565547514247,1556.9265724525103
894,0.6579899893018636,110.52258575599129,0.3198658054567681,109.84887759727698,0.35384235325753166,1312.135375837874,1294.621942018942,17.513433818931986,0.3548526982704738,0.11724782126283168,1.095175219210161,-8.985506099682668e-07,-9.18515621639741e-07,1.9965011671474246e-08,-0.00011629398171906667,-0.00011635555421765997,6.157249691955111e-08,21.03993169759383,575.7874653572901,7.248674467081271e-06,3.5563304476936338e-06,0.30089226004008407,1522.735503148934,0.0168573851742065,-69.98109362086325
895,0.5707222612652391,69.08489131647077,0.17308427408465518,68.73478621782597,0.1770208245601415,1183.4900309057386,1168.4579110754823,15.032119830257257,0.1271419131579154,0.08539932824946843,0.8521575372162115,1.0937774804627371e-06,1.0822425951558829e-06,1.1534885306853888e-08,0.00012611440322834517,0.00012606366883978191,5.073438739901612e-08,10.213908805233537,442.2138212301994,5.758654863993502e-06,2.2965609665582674e-06,0.23808838064874507,935.0337176842539,0.016317739169759003,-2133.8480745139786
896,0.6788652024386249,104.17001673521332,0.396363911620216,103.52288217363417,0.2507706499589366,1880.888091247428,1861.9561319585437,18.931959288884848,0.11880638707868404,0.11839831409255593,1.0987373746054034,2.3531440468271305e-06,2.3365392147965105e-06,1.6604832030620018e-08,0.00026688260542866924,0.0002668226184113042,5.998701578336788e-08,17.815189441852947,530.0597203431867,6.8335619938827665e-06,2.720707241970026e-06,0.3026911155112216,1486.45434294183,0.020892543753283078,-2881.485076804245
897,0.6396541548836578,80.28571588754276,0.20710035512208477,79.89168493908073,0.18693059333994372,1536.550295838003,1520.3115642755802,16.23873156242338,0.17075151840839237,0.10304685061659608,1.0407224088204698,-8.390804592034061e-07,-8.520996372461114e-07,1.301917804270529e-08,-0.00010956704066178666,-0.00010961919443901325,5.2153776172479334e-08,13.915014692652568,131.79903867193298,6.478026964909079e-06,2.8751641467999076e-06,0.2807379381582149,1122.26468995323,0.018563439870318277,-222.65054989767305
898,0.5874512942345664,81.98132720132045,0.23613600331965223,81.56109278514168,0.18409841285908454,1498.1958585916482,1479.9951006343406,18.200757957308138,0.08400388243290079,0.09958531551515239,0.9913466497079698,-9.733669314883357e-07,-9.886943498559364e-07,1.5327418367600725e-08,-0.00011982568839959212,-0.00011987986407425108,5.417567312379674e-08,5.080969728788828,504.7129890677711,7.193945856524777e-06,2.7814221395705573e-06,0.2621913346031511,1139.521260946818,0.01915857044077354,2233.856935335225
899,0.6195314530365448,87.46831882061039,0.2325040020216103,86.98020719812615,0.2556076204626212,1253.8536402993059,1230.9231234338347,22.930516865471006,0.13339245795381074,0.09828197263914071,0.9304998049258977,-3.7110710142969845e-07,-3.868525790485618e-07,1.5745477618863318e-08,-4.995044884737414e-05,-5.0007416792614627e-05,5.6967943459611104e-08,5.54243013787339,139.4642383139964,6.581881114892635e-06,2.8599521824454137e-06,0.2630892051848559,1192.3924538234285,0.018563891701848398,857.5119895227108
900,0.7346574018520587,118.54932693634399,0.35875832795363793,117.83673141197795,0.35383719641237527,1454.3892165175948,1428.5687774443459,25.82043907324566,0.14678557238652062,0.13586846674796454,1.250901372631244,3.612332114720677e-06,3.591347996025984e-06,2.098411869469226e-08,0.00042146461563306224,0.00042140075064326147,6.386498846616803e-08,10.265357412283997,510.48547890566846,7.571608557089061e-06,3.847911177527757e-06,0.3420302938057177,1741.5014189627561,0.01914453526019964,2254.4939427603567
901,0.6052321457425482,87.95284044215944,0.29234912194638496,87.40405710698488,0.2564342132281795,1116.8656112040674,1100.2821892865186,16.583421917550563,0.09829304502881094,0.11009166506627863,1.0815646149381757,-8.264812569882926e-07,-8.445774183026547e-07,1.809616131436166e-08,-0.00010108262125077128,-0.000101139147620427,5.652636817282708e-08,6.0489143690391876,50.87543966412949,9.448619518121724e-06,2.827180564674911e-06,0.29166458773366116,1222.5849304543103,0.01856485811374019,1040.6872830818247
902,0.6583781399148173,91.55666519130091,0.3378948980896432,90.81685311450202,0.4019171787092582,1526.6121021388906,1508.6093570145251,18.00274512436445,0.21163413220813726,0.1082048079255887,1.04521993592058,4.3197885447065005e-07,4.163735999248954e-07,1.5605254545754652e-08,5.0504730076390174e-05,5.045103245224532e-05,5.369762279408803e-08,5.969514132422236,911.7036611654248,6.444892761838014e-06,3.3157868934627416e-06,0.28359200545563623,1277.725960595211,0.018685075441233403,2270.7669007643854
903,0.6710942386790871,103.40300705648832,0.3155514995797723,102.70255703204283,0.38489852486572335,2027.6636548879114,2005.3533907955994,22.31026409231396,0.1963025241680471,0.12717237144612398,1.1950765711871367,-7.061235065578153e-08,-8.511140047348746e-08,1.4499049817705904e-08,-1.4431516707684782e-05,-1.4492913153329911e-05,6.139644481819998e-08,5.8551392560757805,850.4114381126362,7.73356143982573e-06,2.851609107675806e-06,0.3202213969259452,1470.2306642137992,0.01968530925855316,-3313.8479213186765
904,0.5808128778669795,79.3118547951344,0.25097058078821904,78.81841268688267,0.24247152746349562,1386.6245539205495,1363.87297896928,22.75157495127097,0.12533838442414197,0.09514115775481914,0.9267982348492192,1.6800228729705573e-07,1.5370478997803664e-07,1.4297497319019142e-08,1.5360622423026662e-05,1.5312903388574828e-05,4.771903330434821e-08,9.396578119822037,354.8571337224141,5.593984440492524e-06,2.5564880782546284e-06,0.2537071520529235,1108.1264168044136,0.018662584454214516,-922.0365185050105
905,0.6232131203335894,94.21038187990278,0.27978055575341654,93.67600214272133,0.2545991814280373,1595.9305187855261,1578.2069481618573,17.723570623667683,0.15890710997136165,0.1115111779679957,1.0665430842910477,2.1334039344882966e-07,1.9580718278781806e-07,1.753321066101159e-08,2.1969246616085205e-05,2.190766731780491e-05,6.157929718421682e-08,7.29102018370175,465.8116627487923,6.534893379843548e-06,3.148158894232787e-06,0.29305244029313515,1337.1139699096877,0.01983688415945777,-371.5348356959621
906,0.673658247042927,130.90726751651025,0.4076727143104083,130.12130636929203,0.3782884329078344,1587.761477932508,1568.0569267045264,19.704551227983046,0.1076294860740878,0.13172026397258046,1.247296157215595,2.731577348588176e-06,2.7101441058887687e-06,2.1433242699407762e-08,0.00031575229607333835,0.0003156873064107018,6.498966122589661e-08,44.513131097093286,178.70042978933387,8.940722535140687e-06,3.271277792284721e-06,0.3257900771717684,1856.14982483138,0.019347264690340583,2521.5858858363026
907,0.6759060251989824,101.15987901667008,0.3060361698152329,100.56150736613935,0.29233548071549414,1783.8436424139961,1758.3498280690017,25.493814344996146,0.08246394851072164,0.11683463581264364,1.1396770830236895,-1.871632816364238e-06,-1.8867265621856382e-06,1.5093745821399835e-08,-0.00022950411242309444,-0.00022956126347641775,5.715105223853423e-08,6.6925158984298445,695.0486067901338,6.805941815075892e-06,2.726443952440665e-06,0.30825252864475,1400.213586040653,0.01861278124928634,-592.4004023506423
908,0.7709498769998393,115.8038848470116,0.44205875844877984,115.09655212560733,0.2652739629554915,1444.9656500176507,1421.2050318069394,23.760618210711314,0.18401452575617847,0.13849303133822566,1.2883324948473303,-4.22440673995392e-07,-4.4343857230259295e-07,2.099789830720085e-08,-5.3603574346034235e-05,-5.367937405878325e-05,7.579971157555782e-08,10.250858101049717,880.2542077352834,7.773825301635675e-06,3.2912755503074198e-06,0.35266105161488376,1564.7493808785166,0.018993946968439677,-1868.3584099563814
909,0.6433632164996624,102.29215257383183,0.3242785938518046,101.7438976859527,0.22397629402731303,1834.6485719697841,1811.9234110306074,22.72516093917691,0.13352510295520242,0.11687495771135337,1.1340887748513249,-8.369315211615919e-08,-1.0706536760922664e-07,2.337221549306743e-08,-1.3002718821931356e-05,-1.3066900443808615e-05,6.418161995696661e-08,7.889471106439714,594.9079494848063,7.157339767103778e-06,3.0021210176290506e-06,0.301282973969986,1448.7310137410789,0.01974333172775649,1431.436192791105
910,0.6076430734015127,81.75514205389983,0.24165031460992087,81.17075581691881,0.3427359223710852,1672.6445725605217,1649.9799994620487,22.664573098472022,0.10670821428534778,0.09806726873958961,0.9961989855015377,4.3638574957509714e-07,4.222592305479305e-07,1.4126519027166703e-08,4.881537063594805e-05,4.876170328041276e-05,5.366735442504452e-08,7.558632532220583,368.68466597796015,5.359005136376872e-06,2.4972954098374708e-06,0.26611648421379674,1114.860119266697,0.01837209607582298,-115.0645598132578
911,0.639938728664921,100.03453579040472,0.340605063049974,99.39849422096619,0.29543650638855184,1635.3047158490785,1613.2981359654848,22.00657988359387,0.16694111374159026,0.11126204834783522,1.090438524246617,-2.976126986737971e-06,-2.9909375122203134e-06,1.4810525482342368e-08,-0.0003529875737533378,-0.00035305211056410623,6.453680886302122e-08,4.519621196588562,961.8891345987295,7.030784804944919e-06,3.1886177178353363e-06,0.28521547829236976,1365.0626361658371,0.021272927344912516,-205.2845647257309
912,0.5535848439863245,69.5444406378171,0.17975256267320272,69.17907987628259,0.185608198861324,1443.5909802717292,1426.315705279567,17.275274992162075,0.10451550780224082,0.08447821214398041,0.8422401626842402,6.780151049035158e-07,6.596340575888194e-07,1.838104731469624e-08,7.492130215421096e-05,7.486994928623669e-05,5.135286688888815e-08,6.386427812389746,157.97779073992862,5.164451116642566e-06,3.545252829743885e-06,0.237322061752598,982.7452111266534,0.01889474543166002,-218.56825449775715
913,0.6083849767905022,81.04675747831142,0.23219940799292701,80.53661556079473,0.27794250952379373,1304.7563062077606,1282.621495326922,22.13481088083764,0.24467059485472112,0.11023779157589851,1.066550765528166,7.908842354571444e-07,7.780119553305329e-07,1.2872280126611627e-08,9.163453989379415e-05,9.158332561444454e-05,5.12142782985183e-08,11.37903108460971,204.50274078685632,6.2239356323010545e-06,3.3751630774079972e-06,0.2996852364996316,1151.5329039036849,0.017792836676832614,49.61726106761853
914,0.608145881041453,96.29617060516867,0.2861501467537164,95.77992789902318,0.2300925593917721,1541.0117940681696,1521.0075432225574,20.00425084561235,0.16817783460978314,0.10762042916723713,1.0229376860822108,4.184298308077314e-06,4.164849533005537e-06,1.944877507177947e-08,0.0004893419397013274,0.0004892837760588517,5.81636413938078e-08,11.64877722619531,582.5002043846122,7.284445047923622e-06,4.797206539989074e-06,0.28253175950748477,1354.5834083369703,0.018476751976619004,-639.7108123432481
915,0.5931680548625,82.35548841073646,0.2428437833998226,81.80472287151252,0.3079217558240842,2225.44343530887,2208.716167516584,16.72726779228688,0.10417028245240383,0.09757466639726292,1.0171800211069297,-5.986736928584615e-08,-7.455725892000082e-08,1.4689889634154672e-08,-1.0571329624118962e-05,-1.0624684995777973e-05,5.335536974002076e-08,3.9594671762488023,133.1211187927016,6.576855044049351e-06,3.3214061062842956e-06,0.2611085044002856,1185.752193178119,0.01999452061158323,629.965947290897
916,0.6617196169672942,95.08649444444761,0.33703462815666424,94.38728991707794,0.3621698992130145,1586.6701721794616,1567.0963775944724,19.573794584990598,0.15890354671809354,0.11698202403441092,1.1497738964129833,1.1603900830688308e-06,1.1461978218177495e-06,1.4192261251081693e-08,0.00012968846261203544,0.00012963311403982276,5.5348570858610845e-08,5.772085880347854,463.67524798602363,6.632132892662397e-06,2.6703618812355052e-06,0.306168249789637,1341.9877185357898,0.018508621177601128,1036.7813800030126
917,0.6014200013328609,75.6330454471417,0.2216806503310538,75.1623292624636,0.24903553434706668,1534.9264747311638,1517.7088687854443,17.21760594571895,0.12467057377592787,0.09910946397005803,1.009423318441138,2.0946271593357404e-07,1.9163863461708773e-07,1.7824081316486324e-08,2.1213970084448373e-05,2.116363425816543e-05,5.033582532032222e-08,11.764456375635636,530.5000947497797,6.13315870115728e-06,2.9768658540314743e-06,0.27558418628745035,1039.768451860255,0.018786300287373547,-3041.976978165905
918,0.6614323176663295,95.32605799753232,0.27110368872568175,94.65424516635427,0.40070914245236927,1500.9190990751724,1478.4726075138915,22.44649156127943,0.24281060163465973,0.12133721929754648,1.1743906886699274,-1.7838556386405668e-06,-1.7997232604777778e-06,1.586762183721132e-08,-0.00021840533880376702,-0.0002184664726377082,6.113383288887719e-08,24.71007772423643,461.80886465254247,6.624827122954506e-06,3.844141867056473e-06,0.31221262244610276,1300.3065696694518,0.019923109702698092,834.2113743101872
919,0.5201921959014957,66.1042880545567,0.21522653426201546,65.63576042269608,0.25330109759860187,1237.5708856850304,1223.6738747997258,13.897010885303926,0.06886440823071337,0.0834270679041844,0.8288015674411189,7.471974801169717e-07,7.335564742454405e-07,1.3641005871531353e-08,8.412438518141287e-05,8.407095413206867e-05,5.343104769722137e-08,12.996884306547011,-133.46618081256932,5.256886798961109e-06,3.0173417723403215e-06,0.24084529671385357,902.6335958150623,0.020576893870433193,613.5634045972474
920,0.5765249122857142,68.39719411033342,0.18349294268659558,68.0177675352899,0.19593363235695138,1716.7722924110026,1701.6354793481703,15.136813062833275,0.11565258120394939,0.09167075684163196,0.9245555019927901,-1.2184525736704887e-06,-1.2306296739888255e-06,1.2177100318336848e-08,-0.0001520548308204219,-0.00015210348317530711,4.865235334025931e-08,8.581781081670906,482.3946719312137,5.683514690869864e-06,3.015554879014779e-06,0.25709249128667006,920.7060378969599,0.020065605239348736,724.8958046055559
921,0.6069686734379734,92.0926231931642,0.2627229599621828,91.57021869815765,0.2596815350443549,1669.9675331596973,1649.5831820937033,20.384351065993688,0.34338021792961676,0.10981148189370146,1.049893741326661,-1.3442178613211666e-06,-1.358868310514773e-06,1.4650449193606716e-08,-0.00016159050323270041,-0.0001616495083283496,5.900509448065887e-08,7.372410837201128,158.8294671748242,7.066544670619726e-06,2.8920167955080487e-06,0.29621207493602464,1264.3419722500225,0.019072764220605592,-410.50834550332
922,0.6378092011658837,88.77298409709432,0.2615873319808714,88.33052012704795,0.18087663806548612,1740.266181239128,1719.4957507862598,20.770430452866183,0.09913591916917805,0.11518230270520564,1.1415457604527817,-8.652374375704349e-07,-8.80591162475682e-07,1.535372490524683e-08,-0.0001063541093218295,-0.0001064112020879997,5.709276483333637e-08,9.181955164104995,648.370338384534,7.139672029839153e-06,2.9301443529175595e-06,0.2915667367456563,1252.153253464809,0.01948634831106322,-264.0386655693692
923,0.6464677510822885,98.1937366693636,0.3198385170093223,97.79816276266746,0.07573538968682689,1504.1330702287178,1482.3024764289219,21.830593799794467,0.0905487296003059,0.11186529042452252,1.0795272417224964,-1.311774700714694e-06,-1.3276942455600832e-06,1.5919544845390037e-08,-0.00016491312375565366,-0.0001649668891001458,5.376534295457991e-08,53.15169798879766,581.1182605787392,6.397495065179295e-06,4.390248077465662e-06,0.2893888181851475,1351.0139702490992,0.01887533114955924,3249.5471693154395
924,0.6115923109917311,81.9815953829638,0.21740815118978554,81.50001286351888,0.2641743682551342,1340.181370587368,1322.8995406017566,17.28182998561317,0.1716974461100806,0.10144570642169044,1.0504970791199544,2.6424781254772126e-07,2.4786407889901924e-07,1.638373364870197e-08,2.5060642317003907e-05,2.5007293440771908e-05,5.334887495007321e-08,13.256562400145244,623.2890215303314,7.119583876825103e-06,2.742055933022448e-06,0.2717111801256723,1149.9401426005716,0.017547594860909916,-2453.7971248766225
925,0.6799573809320997,106.92466416173033,0.2775521483553319,106.19943755711306,0.44767445626192115,1700.6306160748356,1682.74633505434,17.884281020495067,0.18572845196877902,0.11698412667076868,1.0576037015489,-6.314618410539539e-07,-6.472715414573683e-07,1.5809700403414553e-08,-8.176526933492746e-05,-8.182421035475935e-05,5.8941018456748015e-08,19.872742057296538,452.51686846295917,7.589801772832028e-06,3.2102188847978374e-06,0.2920170085856546,1459.8926295074018,0.019844926034612215,1928.1978611143204
926,0.6603993724515255,89.34329871237017,0.2438606291147653,88.84773409345065,0.2517039898047259,1831.584911905462,1805.9331226482257,25.651789257236043,0.13260755964070955,0.10228833088532467,0.9857727654829528,-1.0479055223603702e-06,-1.0618267832733505e-06,1.3921260912980588e-08,-0.0001257141968497345,-0.0001257765243734915,6.232752238766423e-08,9.153510978007496,475.1712526582257,6.918780799249682e-06,3.723352747456731e-06,0.2758449855596692,1190.3938668343649,0.019638558854090462,567.5742610006018
927,0.6335483549328748,76.02993796918312,0.1874874979333852,75.51701982634067,0.32543064490907536,1290.804622564805,1269.8219931956173,20.982629369188754,0.12698274459155218,0.10068437851381876,0.9886150841142756,5.26058744274865e-07,5.083595066653063e-07,1.7699237609558517e-08,5.7498298529714916e-05,5.744413145477758e-05,5.4167073517142054e-08,6.356242765252629,326.1967532498865,6.657597789791823e-06,2.345506722016625e-06,0.2769273893778637,1033.1123836848972,0.017604122277295912,640.8728530434455
928,0.7398719698671512,112.63208791045297,0.3299893190071671,112.02390817269422,0.2781904187515985,2117.7266594742346,2090.54149164227,27.1851678319621,0.17274030905026244,0.13929873108801838,1.3175465616778472,-1.2038251205999887e-06,-1.2202797588654308e-06,1.6454638265441502e-08,-0.00014613502477482977,-0.00014619648808490482,6.146330899171914e-08,63.88819840211634,927.8180074864491,8.770659714400473e-06,3.341353522813029e-06,0.36202465257829575,1606.3067400757136,0.02047536684515264,-1170.1975010887472
929,0.6555245444246122,107.54333036139616,0.29939408593627825,107.0019622273332,0.24197404812668977,1437.8942888674371,1413.752099245113,24.14218962232359,0.10531879290654278,0.11720444223203799,1.0634866613687821,-1.947166095382857e-06,-1.9617605509904414e-06,1.4594455607582964e-08,-0.0002343762543486028,-0.00023444130238894502,6.504803855802416e-08,13.964733893226214,497.24958607673204,8.976020705757169e-06,4.724265477347442e-06,0.2962714510412324,1514.1486222684116,0.018391768677534934,-4494.693609313548
930,0.5804188258076561,71.48550560192373,0.2356032959935295,71.1036085823988,0.14629372353140888,1633.786352967191,1611.4606600361042,22.325692931088117,0.1622952246113227,0.10079915699810395,1.06503479738654,-5.890324439092723e-08,-7.417879575658954e-08,1.5275551365662303e-08,-1.5154591393094529e-05,-1.5203066124469185e-05,4.847473061882582e-08,6.251492093685119,476.54991280661426,5.4870093683046196e-06,2.8870473524618996e-06,0.27931104946573054,1012.7820322121743,0.018604380362803485,905.8444261025907
931,0.6701293950616604,101.32888131620602,0.29580305846760396,100.75910314963711,0.2739751081012985,1692.2041654117318,1671.9932893418381,20.210876069893757,0.16053269711215803,0.12015197705397515,1.1129832036330982,-5.514290463559035e-07,-5.656679629271205e-07,1.4238916571217034e-08,-7.064907858163917e-05,-7.071246912693761e-05,6.339054400681447e-08,53.21734387491305,540.1575394407762,7.121663237117726e-06,3.4722486425025197e-06,0.3212764057207704,1396.398931563547,0.018641108512177196,-3928.6949264182003
932,0.5976233760859484,80.52427949472582,0.24445243980938922,80.08503325257571,0.19479380234071542,2309.166391489983,2289.907590138546,19.25880135144169,0.10020941537461753,0.09632483809412316,0.9868340046052455,1.7593441015162196e-06,1.7437969256440446e-06,1.554717587217501e-08,0.00020576974399385292,0.00020571671539196593,5.3028600413892296e-08,6.616270093261729,121.70960189131726,6.890364079559552e-06,3.0301043620602757e-06,0.28299613896663045,1090.629868507755,0.020941752983845173,1285.290543570809
933,0.7122705443516817,131.75662204281673,0.49520219467855975,130.8211592872433,0.4402605608948528,1840.333958799134,1817.6475519263822,22.686406872753473,0.24840911163166834,0.1402292971195619,1.2225569111180792,-1.997012630977756e-06,-2.014285035873058e-06,1.7272404895303503e-08,-0.0002480268680582343,-0.0002480898665097075,6.2998449463924e-08,23.82150469454585,1154.7491193656408,9.97104442342322e-06,3.570575258330637e-06,0.33587946023217075,1796.6001763802456,0.020343815290998952,3111.577197459741
934,0.624791098297575,89.1225764926226,0.34584684653003706,88.56948599778325,0.20724364830931874,1646.5890995040647,1628.864379943606,17.7247195604578,0.07547343971586527,0.10702721531197233,1.0311733355265313,1.925829004858612e-06,1.9072536606295428e-06,1.857534422906981e-08,0.00022357958059174542,0.0002235238977277012,5.5682862882379704e-08,6.776294987342656,419.4572345146647,8.335146849865083e-06,3.080006552448754e-06,0.2912779200163052,1250.0791241789366,0.01966329695382995,2710.748423731049
935,0.6133652758964132,64.15782976201541,0.18466828410928884,63.820485823092454,0.1526756548136652,1388.0803310930237,1373.2740280659002,14.806303027121778,0.06755873926759073,0.09527628666019793,0.9983503844129912,8.665204367965511e-07,8.53771697172886e-07,1.2748739623664928e-08,9.95417731481628e-05,9.948926489023111e-05,5.2508257009123764e-08,14.977244204676431,653.0773207797534,4.659067409989e-06,2.3743073587432423e-06,0.2699069228763387,889.8340895369998,0.018452078189670776,1805.0139394051748
936,0.6303610098320902,92.23193957255423,0.29081692958170996,91.71879802526799,0.222324617704544,1710.5001671490143,1691.1255556574242,19.37461149159116,0.13234854109565752,0.11169684067765344,1.0834486594789896,1.825613750650574e-07,1.665760280083455e-07,1.5985347056711852e-08,1.4312877189217782e-05,1.4255351255379746e-05,5.7525932365147235e-08,35.752878905864854,297.16338337481636,6.574561974644171e-06,2.7773789351608175e-06,0.2947404693053,1359.8694601290981,0.01889470495338064,-1105.4036780659662
937,0.7051992915037711,111.94417469880526,0.31043748831397,111.42954059129224,0.20419661919903734,1633.130335952111,1594.0481681591461,39.08216779296603,0.1643720209307793,0.1342723402411519,1.2648431926302088,-1.8364847138499017e-06,-1.8536555665432536e-06,1.7170852693351813e-08,-0.00022271636407637517,-0.0002227828240720331,6.64599940978977e-08,15.620571579356449,312.9780775940551,9.293448198818986e-06,3.01128168570632e-06,0.34248871888581345,1578.958279294198,0.018865976089655276,1655.9712251509845
938,0.5811787475640328,69.7611315453887,0.20582033247312378,69.31789172775905,0.23741948515652467,1369.6132016516915,1353.9126615896532,15.70054006203712,0.08272673007034664,0.09051779989467572,0.9124816413828634,-1.5153745645995828e-06,-1.5280604653549937e-06,1.2685900755411084e-08,-0.000185975598139918,-0.0001860189460277274,4.3347886927936765e-08,5.098300466715595,443.61892435961533,6.039271784701813e-06,2.5258711081118757e-06,0.25018649897130785,966.3797157998381,0.019036727435836516,187.9482627362595
939,0.7551182507690537,119.25290255854256,0.39338676952369583,118.5718657176742,0.2876500713446846,1597.405635713765,1577.7915545445123,19.614081169250113,0.16283580063697434,0.14320772544328964,1.2940950651178218,1.5679687116171702e-06,1.5470730461266255e-06,2.0895665490544622e-08,0.0001747526905356385,0.00017468466671403325,6.8023820537366e-08,12.294209905363791,717.1986667913081,8.735112097505293e-06,3.3352914759947197e-06,0.355328598889198,1681.1576506983888,0.01983031215750851,-2900.944370884201
940,0.6531822338731175,82.05849851049508,0.21721095198295248,81.62126156945732,0.22002598905483445,1427.2089198930332,1407.2565168605388,19.952403032493187,0.1604468617677672,0.10858180202649628,1.0916050948048313,7.068379509142356e-07,6.95323830831385e-07,1.1514120082850461e-08,7.711316947846827e-05,7.705676247584882e-05,5.640700108930345e-08,12.300307040627043,639.5191586539032,6.041503658534763e-06,3.3069086400042746e-06,0.29190476640224566,1125.818757314346,0.019533788245178145,-537.1402199241165
941,0.7479643861629738,129.25775869686495,0.4010206085218281,128.33585302991975,0.5208850584233826,1527.0999725445463,1508.0737077138501,19.026264830698747,0.2614864693087067,0.14578881949149602,1.3231627434452091,2.090861525228781e-06,2.072784403452026e-06,1.8077121776754884e-08,0.00024520989288137173,0.0002451417987959519,6.809408424314342e-08,8.530609494052857,425.60965506150404,9.300678587672892e-06,3.504209499478405e-06,0.35013548628453706,1844.4253363601206,0.0196372097205193,19.61710908720852
942,0.673743250218037,110.94442567334005,0.3027291965830093,110.391504222463,0.2501922542940534,1507.9841576381377,1487.3646327659405,20.61952487219494,0.10861131554232487,0.12716246544265583,1.1686466354639196,-1.8758699177861666e-07,-2.0591246994527456e-07,1.8325478166657842e-08,-2.429361587236569e-05,-2.435540802035577e-05,6.179214632985971e-08,6.292503273321256,388.6350453139446,8.449698762580528e-06,4.436903109632245e-06,0.31432350647432006,1598.1173761722823,0.020149483329530062,-1135.5651985974619
943,0.6073268096707881,77.94754298174266,0.2223460323746449,77.63627203693147,0.08892491243653752,1528.4470777103486,1512.1618917902847,16.28518592006311,0.1381648811042355,0.09696028657105231,0.9670818911951151,-6.035448094383829e-07,-6.173213977941191e-07,1.3776588355736266e-08,-7.827012202267172e-05,-7.831914116519324e-05,4.901914134471343e-08,9.400941060823072,281.9908827876034,5.9873679153603086e-06,3.794102406019685e-06,0.2723676763883224,1090.3691800904858,0.018384191492855764,-931.7271933954471
944,0.6013457001248242,77.77598146319457,0.22675997418240781,77.44524498981347,0.1039764991986846,1442.2938331405658,1419.269649952459,23.02418318810554,0.12661035660127395,0.09837190202697577,1.0139286358705095,9.786068619971245e-07,9.658990305935505e-07,1.2707831403573201e-08,0.00011043661885542403,0.00011038741055958138,4.920829436547454e-08,3.954499417641966,298.84584526957195,5.504561732906289e-06,3.412680020639996e-06,0.2645861066421625,1071.9852275111602,0.01892461788584387,-555.8037818442499
945,0.6166642977724817,77.06471199286761,0.21192561030604307,76.61310712508025,0.23967925748133967,1532.7421560478072,1507.4322464854436,25.30990956236664,0.11883556305142705,0.0931611468173459,0.9170878771608718,2.1606185360332255e-07,1.9967176950386461e-07,1.6390084099457917e-08,2.2486187725625373e-05,2.2428129197793224e-05,5.805852667320227e-08,9.830851186591058,530.3691111405033,6.171701738678552e-06,2.9042886136463543e-06,0.2667397938508899,1032.2642470807348,0.01849756421951358,-436.74702438904205
946,0.5973322594944596,76.50662426595538,0.2391726554058297,76.04627473650524,0.22117687404431938,1266.6000108049107,1249.6856594987692,16.91435130614217,0.08452447920670743,0.08896649953269582,0.9120765242992276,8.414660709054787e-07,8.286701797127069e-07,1.2795891192771973e-08,9.390626845254023e-05,9.385806603617353e-05,4.820241558873375e-08,6.0129268515319305,573.8914813787965,6.074661250768805e-06,2.78764910614606e-06,0.24554975850256008,1088.3765481291662,0.017000650384516987,672.4318273501885
947,0.6809947919267796,111.95833147024966,0.42662836941472043,111.0114884040351,0.5202146967998259,1975.1182461499081,1954.7606887595714,20.357557390336748,0.2070388890230536,0.12060162847616934,1.1519080770955852,1.975109655167913e-07,1.804340874575268e-07,1.7076878059264456e-08,1.4343666868434505e-05,1.4285108151858518e-05,5.8558715186807684e-08,7.786188787622687,591.7774552964314,8.15828951048153e-06,2.736403028933289e-06,0.3075786861419487,1633.0566010566367,0.018513417845289714,2135.030664053018
948,0.5944317768793055,68.71641625436503,0.1800149247398923,68.38183467262552,0.1545666569996106,1553.8180881968042,1523.5587546708077,30.25933352599861,0.16859639593565698,0.09485090787054513,0.9571300235931087,2.06042631114307e-06,2.0478126606227825e-06,1.2613650520286327e-08,0.00023980066288252069,0.0002397491909803584,5.147190132267935e-08,4.337626026831935,216.49574268334823,6.697088435069464e-06,3.1321957629028684e-06,0.26181825844322826,965.4630157557023,0.01964671893163392,147.53391710677533
949,0.6196143843481692,75.70094825372,0.23191777274580916,75.16379263644052,0.3052378445336698,1383.9945127926662,1364.5696697327612,19.424843059906376,0.1513733920635383,0.10345451309337321,1.0364058654596942,-3.6728682991028815e-08,-5.083994722988891e-08,1.4111264238860075e-08,-1.2398669744389428e-05,-1.2450365167110537e-05,5.1695421689260063e-08,5.884037182182661,586.3408393264725,7.090434910599142e-06,2.7859355511100327e-06,0.2834657259281201,1029.6450976386054,0.018847289689646555,1183.488950273022
950,0.5672179112026546,65.87343858389937,0.19312255042532805,65.49447027426041,0.18584575921362922,1402.9135947698514,1388.4766711821803,14.436923587671956,0.1377582509266034,0.09034816757237872,0.9336071323718637,-7.043155995356839e-09,-2.254699251992607e-08,1.550383652456925e-08,-3.819901310727145e-06,-3.867662488392863e-06,4.776117689639299e-08,13.197539928558383,292.0049468309058,6.0322751976088595e-06,2.9267871202624887e-06,0.2502902701297841,927.0628494283822,0.016738970219891555,-467.6422233270059
951,0.6111568317966318,82.07520339369847,0.32521991196944017,81.52372218333689,0.22626129839213696,1489.7556945923561,1467.8702905196444,21.88540407270899,0.13399223474014485,0.10104893690671102,1.0135871592747394,1.1078533555141377e-06,1.0900955215611175e-06,1.7757833953019403e-08,0.00012690819596874325,0.00012685620634661995,5.1989620489714596e-08,6.5492257806574194,507.08266172857304,7.98297434261142e-06,3.5559194179490874e-06,0.27752790270626565,1119.1274776417595,0.019530613094680346,-2471.8598784221176
952,0.6560949289972707,76.5121986236255,0.24714752102088658,76.01661696211647,0.24843414048812656,1329.5789152852403,1313.77441178934,15.804503495901248,0.1670963862268806,0.10617488085961238,1.0512204127643312,1.3824513065479044e-06,1.36594821220777e-06,1.650309434013459e-08,0.00015950052336548967,0.0001594447755514225,5.574781299399774e-08,53.993430916638154,455.99187473184395,6.0985699309289405e-06,2.7516514842996634e-06,0.2870691034110163,1043.0057137375964,0.01965792138061905,-3162.5702340543903
953,0.6389110224789893,98.87985256957236,0.3148049630904993,98.2968465376199,0.2682010688619671,1322.2129760759542,1304.2301943215866,17.982781754365725,0.1449683120111326,0.10721580607245286,1.015492836129101,-1.1351992312873752e-06,-1.149760643636389e-06,1.4561412349014119e-08,-0.00013474626827472648,-0.0001348063840861187,6.01158098792304e-08,17.75478437273852,944.0924773558494,7.911447655098507e-06,4.433723644092637e-06,0.2810154236918961,1332.5221777194054,0.01812402355423511,-874.2119637826654
954,0.675723707538418,108.96317315491063,0.34557722652401573,108.17081674179974,0.4467791865868829,1565.9834759015632,1549.9695130881594,16.013962813405342,0.20101184866246796,0.1152997075040888,1.0547630903470546,1.4263820635402993e-06,1.4094830365501035e-06,1.689902699019544e-08,0.0001637587108883746,0.00016370205176817582,5.6659119296017024e-08,6.456916888091673,567.7359872290463,8.375930970347784e-06,3.3607915409070316e-06,0.28788133515980846,1599.2373287104826,0.019825207996962507,1787.58493651127
955,0.6679182693061998,84.89431911462928,0.26245619316396374,84.37833659096268,0.25352633050264045,1568.9509086283513,1550.7458791061915,18.20502952216155,0.18486244722207887,0.10788163610937918,1.066844099742051,-2.910355116937051e-07,-3.044312169222838e-07,1.339570522857878e-08,-4.008023189203896e-05,-4.013185748493807e-05,5.1625591341954474e-08,7.653401947322141,629.1189475770307,7.868414473222816e-06,2.619564847548279e-06,0.29187236394986193,1218.9383274531328,0.02167759573815344,895.0152225979618
956,0.5824854400387524,89.34176785659474,0.30861491825486703,88.720986493448,0.3121664448918712,1335.3674502718134,1317.7667164272625,17.600733844551872,0.10298771163634056,0.09835347725344994,0.9464989679299315,5.353132960966434e-07,5.205787279596007e-07,1.4734568137042798e-08,5.758817975144225e-05,5.753499237339665e-05,5.3187376754336155e-08,6.526140380634287,365.96974657127976,6.834139772312623e-06,3.0655111532167255e-06,0.2648275998920937,1283.3850216639055,0.016626397352731786,1379.139391928944
957,0.6719340207395286,104.88492787120188,0.30813018869838754,104.29450642049729,0.28229126200619314,1737.811222361095,1718.0267445785175,19.78447778257879,0.10476400429655622,0.1197882902517372,1.1185523072500267,-1.2352909063822955e-06,-1.252015513903549e-06,1.672460752125363e-08,-0.0001529261501617382,-0.00015298367681178198,5.7526648790519514e-08,12.926754587382119,143.67794322600884,7.422614425001824e-06,3.0701487616036298e-06,0.3011947451099195,1467.3020254050234,0.019133923382549822,142.837986873943
958,0.6482046602939631,83.35699600627368,0.26276128913089286,82.83229371329784,0.26194100384492064,1596.1467083313335,1578.6320487498324,17.51465958149953,0.2144482467649473,0.11968605576519559,1.1931720840197664,8.616005080931137e-07,8.394822624139159e-07,2.2118245679197828e-08,9.475175597254506e-05,9.469822045341683e-05,5.3535517853621e-08,4.770094879074515,484.394979410998,6.307230500762256e-06,2.556680361593465e-06,0.3212681014031285,1179.2028727736006,0.019797066467997743,1373.1525156154785
959,0.6513914267277768,103.23106452375542,0.33496444763886907,102.48252410830369,0.41357596781286554,1612.6863827903533,1593.4804075319582,19.205975258395426,0.21771442836491015,0.12106787231598692,1.119845413832726,1.5029859394918834e-06,1.4839420487271652e-06,1.904389076471809e-08,0.00017301841179185194,0.0001729572432715025,6.116851921016518e-08,28.05830022428133,400.63813899479993,8.583853682903831e-06,3.3326971062149394e-06,0.3104022816981273,1471.7094687625704,0.01807747268784608,-3437.760844581524
960,0.584407082298186,81.81728893662743,0.27210931764768403,81.387333734497,0.1578458844827431,1601.285152339533,1579.5535060825243,21.73164625700644,0.08087830676890335,0.0913265821004312,0.9213154841126161,6.63437282004982e-07,6.477470313158035e-07,1.569025068917865e-08,7.52795503720281e-05,7.522557496904727e-05,5.39754018850028e-08,19.040773898800275,370.8938281787495,5.586764643512144e-06,2.6074774505982206e-06,0.2519714359448417,1132.9087324330192,0.01740879843034199,186.53054204031287
961,0.5673301413908003,69.65005677288003,0.1873641369892351,69.24127885770861,0.22141377818219646,1628.6284896444877,1612.156808047515,16.47168159697121,0.12169046200500686,0.09108542131234454,0.9146898117036651,-2.4989158838207466e-07,-2.6317801254673514e-07,1.3286424164660571e-08,-3.47138157131694e-05,-3.476316216202035e-05,4.93464480795815e-08,20.73505873334981,287.2370019572785,6.644829317228142e-06,3.1416853427828743e-06,0.25200643814597257,970.3148656722412,0.01830362166805715,-797.9416683546624
962,0.5940945310509327,77.71403503910336,0.2698809538444898,77.2531042230289,0.19104986222997952,1344.242597239517,1319.320149993504,24.922447246012187,0.08082382762859795,0.09828106477450031,0.9417456320980038,7.673560107718151e-07,7.547881284823891e-07,1.256788228942608e-08,8.793149522823063e-05,8.788069704629248e-05,5.079818025818338e-08,17.40403275338652,668.1980128644736,7.31598391087495e-06,3.4854466951526224e-06,0.2709190494165807,1104.4659133727346,0.01980035744671228,866.0997899574031
963,0.577051868195177,79.75992930131163,0.22378958885537617,79.27855505870052,0.2575846537557201,1637.2737536923696,1620.586394786014,16.68735890635605,0.11966529557243573,0.09927303831374437,1.0030047545125726,5.616817283672457e-07,5.448134016155332e-07,1.6868326751712317e-08,5.8402920055342074e-05,5.834526775634473e-05,5.7652297005600606e-08,5.984012807761324,248.59087742410932,5.485696704874477e-06,3.893821066673009e-06,0.27177171540297734,1087.198855906576,0.0185837113014522,-1568.3949133013084
964,0.5911942753981213,76.80432921396505,0.225673757850925,76.4354201500627,0.1432353060514274,1081.3918944443894,1058.3967822893692,22.995112155021516,0.15365340402762728,0.09796313879664392,0.945105396133344,9.449997310853554e-07,9.319215673252336e-07,1.3078163760122022e-08,0.00011213291609012854,0.00011208143373703572,5.14823520967576e-08,8.804925165481034,14.272946194520976,5.827934178318457e-06,3.3121442237610752e-06,0.2582367797333374,1076.7890220741772,0.018927999557874813,70.0128837919292
965,0.6411794709093166,84.47494181228127,0.2672536669604584,83.91114110307136,0.2965470422494513,1415.915418052669,1396.8194105245566,19.096007528112075,0.2289641378617285,0.10440713947337206,1.0313376654787452,-3.370159315025352e-07,-3.5220596622939704e-07,1.519003472686192e-08,-4.607233383623019e-05,-4.612581492576293e-05,5.3481087869643386e-08,6.117006549241272,-96.11343170913561,6.774544282699579e-06,4.910044848073948e-06,0.2865582429803739,1180.7240088552758,0.019467222950333277,-1441.353970283555
966,0.6236269225421347,104.99485747420094,0.3131370817517767,104.34131733257136,0.3404030598778197,1515.6363544699043,1494.4573884068998,21.17896606300425,0.1708460642453979,0.11032341331897592,1.0666524838795706,4.211978997206386e-07,4.0071868417039523e-07,2.0479215550243382e-08,4.682650438143559e-05,4.676449860226266e-05,6.200577812669193e-08,8.996647080983458,800.9425572790512,8.212486703580755e-06,3.1402237823812615e-06,0.2844057342905238,1447.0484486885011,0.018631238634377854,1065.6057757180024
967,0.6842267972004337,98.30952308214765,0.34051706398445214,97.56605923535221,0.40294678281097485,1614.4938393068298,1597.3858602143414,17.10797909248693,0.09564119657430839,0.11995455697799869,1.165686380446581,1.0384490888394017e-06,1.022218091098494e-06,1.6230997740907637e-08,0.00012301369517806024,0.0001229526798581074,6.101531886924874e-08,65.76325830662519,629.0095667058147,7.123818628612175e-06,2.990895495518389e-06,0.3043673881254221,1377.4595089085653,0.018616339123021502,671.9449382589337
968,0.5960063955121077,70.9658476616029,0.1888900508215843,70.49242707573316,0.28453053504814885,1413.4334480375978,1394.9508639355056,18.482584102091426,0.13300835631666655,0.09915317084248611,1.0054874325586267,-1.0119644508845095e-06,-1.0235779781988867e-06,1.1613527314376818e-08,-0.00012553941820539103,-0.00012558988181052985,5.046360381466114e-08,11.461818538093947,258.644732590572,5.503764932237258e-06,2.7822241842042246e-06,0.2741919921449682,992.0355058503574,0.017739576255973437,-224.78316163604904
969,0.6355797612422484,96.62508938767822,0.32351003051028576,95.97010461665914,0.3314747405087975,1297.4495879089757,1273.5917910517865,23.857796857187545,0.10441389734211508,0.1074243068487008,1.0567423733474972,-5.568980482893925e-07,-5.713623917055651e-07,1.4464343416172656e-08,-6.743471123833131e-05,-6.749088416634769e-05,5.617292658107569e-08,8.366471861631748,852.7768870512084,7.380921162672483e-06,2.6942465380054973e-06,0.27707601880052013,1323.6411512252632,0.017537080140365206,-2784.7444043557625
970,0.7170436362039853,112.88218295395983,0.3790795338205219,112.16844039999796,0.3346630201413321,1817.0994979311054,1797.5725355336622,19.52696239744346,0.12988876652560516,0.13418159771379964,1.2668998737673602,1.2546172354689015e-06,1.2385585825666193e-06,1.605865290228207e-08,0.00014237345176957203,0.00014230751209570413,6.593967286506957e-08,15.951697962850018,278.0402958157837,7.447591100727521e-06,4.009888081160223e-06,0.3405234995078198,1624.6910650089494,0.017982641314371772,-80.9629783692908
971,0.6315221113666526,85.09005890690058,0.2595944672860594,84.58279321493913,0.24767122467539385,1594.9489524911228,1571.110394253555,23.83855823756789,0.10079876981780475,0.1061868775712655,1.0489859581282484,-6.443240379612821e-07,-6.599497558632114e-07,1.5625717901929066e-08,-7.880143880939741e-05,-7.886375750155494e-05,6.231869080641166e-08,49.650849230283946,441.687405045091,6.7877206493942135e-06,2.885111562689442e-06,0.29032269739184974,1236.2061687771015,0.01782891210607728,-160.90373296845064
972,0.6657250630155198,103.40923100249576,0.4837934611000052,102.68446470577595,0.2409728356197949,1313.5858118255067,1292.0490660312846,21.536745794220707,0.153994341634382,0.12129189265777081,1.1198797393558497,1.833049451009151e-06,1.816627776236214e-06,1.642167477293675e-08,0.0002091960130066397,0.0002091338852043227,6.212780104502514e-08,7.373815271758828,312.7587729494716,7.033150789653465e-06,2.7806330799088726e-06,0.30462932707465357,1424.1184244558337,0.017638870641844356,-1234.2099860717717
973,0.8183245956443823,131.2770810664728,0.43011591010490313,130.48018261416937,0.3667825421985281,1524.3865754345518,1493.458824434088,30.927751000464713,0.15822275802627225,0.15633825601988383,1.5258029967123083,-1.745514883459649e-06,-1.7640960141596832e-06,1.8581130700034136e-08,-0.00021088419319728125,-0.00021095989411880098,7.570092040389102e-08,23.606849582312538,754.2786396473404,9.617070745905583e-06,3.7450706469528388e-06,0.38755492699990396,1822.0773259810107,0.020465324156912337,2665.7110170719898
974,0.5686035018666635,69.77859609556218,0.20063510013003968,69.36692741850342,0.2110335769287198,1624.5953452840856,1610.4344631855247,14.160882098562439,0.17828328701305865,0.09277004363425603,0.9191710163165997,1.1452120244465908e-06,1.1311034733859534e-06,1.4108551060637166e-08,0.00013328399730524936,0.00013323515748795624,4.883981633648351e-08,83.0768803401284,229.8952296928678,5.433794712802789e-06,2.9336813595628722e-06,0.25418793500654957,983.5381344896537,0.017980054991813762,1087.4279107502807
975,0.6128287760939916,90.21000148160812,0.3045279977765173,89.59877400785335,0.30669947597825553,1443.6927616011496,1425.8873345989134,17.805427002236,0.16686127974513723,0.11449976004053941,1.066989714198224,-4.348361422295798e-07,-4.5077071274633703e-07,1.5934570516757363e-08,-5.6715223898788366e-05,-5.676742539508719e-05,5.220149520447071e-08,91.16493677762199,502.36598987284486,6.823819732739191e-06,2.9172526873032437e-06,0.2888779930338769,1277.4595752380287,0.018427049231060384,268.0022792970849
976,0.582668040306649,69.73655887411375,0.17409959562384902,69.31070970782417,0.25174957066572823,1291.5311465918237,1272.4212200999987,19.109926491824712,0.12672547436411882,0.08722823286812212,0.8919473769486518,1.932369091650549e-06,1.918996412254731e-06,1.3372679395819236e-08,0.00022239098442281588,0.0002223420872694416,4.889715219792161e-08,14.908856970430655,239.36706896584033,4.952353139540018e-06,2.5386292822107116e-06,0.24076313110574535,974.1399461863604,0.018314030074971985,377.3450770631316
977,0.6589735502914017,97.20090992443274,0.29562373269889974,96.63215087407,0.27313531766382726,1576.0531540216737,1551.1502790230327,24.90287499863723,0.2822996693553531,0.12256132382192861,1.191372943008316,-6.837665780089091e-07,-7.006346970809616e-07,1.68681190720523e-08,-8.536241620793681e-05,-8.542205515125327e-05,5.963894205839364e-08,38.25761194598757,245.70302137991854,7.467857576163026e-06,2.9543978587549826e-06,0.32173859646063196,1358.5661184816327,0.01851816943227816,806.6309556173183
978,0.7336665561489106,144.50318653568954,0.43099539039653684,143.6638459887709,0.40834515652210074,1743.1956123691066,1720.7901729342682,22.405439434837767,0.1963815935039457,0.14603430193871667,1.32457986321458,-7.005436794327024e-07,-7.172691124730344e-07,1.672543304033208e-08,-8.740226870273401e-05,-8.74663431909089e-05,6.407448676200667e-08,20.09446959113431,537.66433009994,1.0366295405363665e-05,3.0132650742946046e-06,0.34512443468567916,2051.127996480449,0.017859932414526283,-1232.676318968668
979,0.754966551584299,123.29916115939749,0.4301559949748705,122.6286624662822,0.24034269814043727,1901.0323125914356,1858.8380028986176,42.19430969281952,0.14778247207619594,0.1390732287008154,1.2355079331882133,-6.136338298622284e-07,-6.320696321432609e-07,1.8435802281032155e-08,-7.649991125256736e-05,-7.657160896922728e-05,7.169771493771306e-08,9.004240964957152,880.0246524659537,9.355125361137081e-06,3.312006592653287e-06,0.336529241873891,1810.9475689930898,0.018849472325963703,-2585.0899744675808
980,0.5743819053895542,75.97997708835197,0.23029320680681148,75.51940040340222,0.23028347814293354,1322.229524306899,1302.5003158931338,19.729208413765956,0.09685457990536511,0.09567714023497562,0.941409828863666,1.5648642637718964e-06,1.545497253160854e-06,1.9367010611041883e-08,0.00018092167303789087,0.00018087302507470342,4.864796156508686e-08,3.423084038686286,510.43621399144325,5.128375232039575e-06,2.2926295889635487e-06,0.25622035565094875,1064.6389101513992,0.017946903664595344,1179.2925822904035
981,0.6668788094859223,101.2996014285507,0.2711194556395831,100.68150474687394,0.3469772260371677,1967.4481976434517,1943.4964433967848,23.951754246664688,0.09314552436809269,0.11380407759126648,1.0908794096035104,3.348786604565926e-07,3.208233332868625e-07,1.4055327169730284e-08,2.883448995317297e-05,2.8778162432841054e-05,5.632751905827912e-08,14.844233832140247,520.5856683677637,6.792369991410023e-06,5.764531437288113e-06,0.29516401628967803,1416.1598256034329,0.01961906390275294,-1094.8849712230003
982,0.580420082778929,76.1287113002191,0.2596294829075639,75.63119111972381,0.23789069758774015,1153.8066355447588,1137.3113222434158,16.49531330134164,0.07603707986439508,0.08964927351527563,0.8799560275846203,-1.40671174986533e-06,-1.420657718735253e-06,1.3945968869922386e-08,-0.00017293031212864984,-0.00017298182550300144,5.1513372745378577e-08,8.665589162008768,514.9310127825918,5.530976840329512e-06,3.133022485455878e-06,0.2452801862185515,1022.3705227301871,0.017429974458951825,-241.7018737880244
983,0.6089891853928865,77.81348722145104,0.29916499886702674,77.24155706615636,0.2727651564276544,1419.821650160347,1404.526869062828,15.294781097519103,0.07746844387706985,0.1113449571771361,1.1256258029684916,-6.315078211754217e-07,-6.443175332486812e-07,1.2809712073259649e-08,-7.583210028200232e-05,-7.588537228857396e-05,5.327200545984727e-08,7.059028021131272,455.5951288522897,7.663597581714885e-06,2.760819822920055e-06,0.2974770499797143,1064.013992631586,0.018160691017172204,1134.4761930916502
984,0.683956361168977,118.18828270528991,0.36086720845108067,117.45576298082176,0.37165251601708005,1896.0596142488598,1866.5218954513239,29.5377187975349,0.11328782434627356,0.1304801844797379,1.175510593216271,1.2631725560041253e-06,1.2432728183318591e-06,1.9899737672265736e-08,0.0001440768978748702,0.00014401019890604363,6.669896802253103e-08,5.793724372484374,685.0190498434192,8.531773722686731e-06,4.076368728306306e-06,0.31372259591998486,1675.1958907968462,0.01914308374126619,-3535.0224625818955
985,0.6512447454187151,110.34093725392349,0.3369266640914011,109.4563255083301,0.5476850815019899,1462.9500678104864,1442.7586712256298,20.19139658485718,0.09596419715843522,0.12388128666821145,1.16211669279277,1.8280453310719554e-06,1.8109132772526577e-06,1.7132053819297477e-08,0.00020845059069728096,0.00020839640571380832,5.418498241734627e-08,4.394709138446053,462.98235431960643,8.273587775402807e-06,2.878225968703828e-06,0.3067975645697172,1577.6529977012897,0.017462823985510603,-1063.3499189012946
986,0.6019779162181558,86.46429463392734,0.2459830396672086,85.96443613609381,0.25387545816632606,1427.7746852601128,1407.8722819671696,19.90240329294459,0.12840954928830117,0.10909809157997498,1.0525191861578824,2.4767226672864954e-06,2.4638761314574932e-06,1.2846535829003042e-08,0.0002891132168309256,0.0002890508915815375,6.232524778979522e-08,19.386810892990574,1154.7910462313307,6.089675092717772e-06,2.7170641304821565e-06,0.2928303358524086,1216.928230973312,0.019878858768337344,-385.2417738554759
987,0.5589216661949079,76.75204712953952,0.2245109543007887,76.29018347245619,0.2373527027825383,1231.0936408819382,1209.4352431801685,21.658397701768667,0.09519398702814749,0.09265536522428738,0.9031080729894428,-1.3701133594564609e-06,-1.3843087804977385e-06,1.4195421041277185e-08,-0.00016777568792986533,-0.00016782572755192707,5.00396205083057e-08,5.29425765901583,478.38955170062604,6.0256583401841e-06,4.10540440735452e-06,0.2584563290223559,1066.7887957945659,0.018195501789652253,158.86635722839856
988,0.6234864369404183,98.37499796878113,0.29761071501275926,97.85115339600452,0.22623385776385738,1664.7785983827052,1636.0702171926764,28.708381190027946,0.08920472816317652,0.10734116461936977,1.0383163057109615,-9.734487026678818e-07,-9.879412455773617e-07,1.449254290948024e-08,-0.00012153442337779327,-0.00012158905302019444,5.4629641063838426e-08,11.087506895941189,868.9528668759324,7.374650621992572e-06,2.898425736073047e-06,0.269198248307378,1362.5853034636968,0.01857221079446395,-1964.295640060489
989,0.5892987519313497,81.71617966610785,0.2157898191842506,81.18097366998299,0.31941617694061236,1496.1372467417464,1471.5973019653072,24.539944776438173,0.12761737241817175,0.09409569510288089,0.9549613012027549,3.7415383165305126e-07,3.600369556173863e-07,1.4116876035664926e-08,4.04850845598275e-05,4.043509708505369e-05,4.9987472922381644e-08,7.95581979513118,126.54769011749585,5.874126897957137e-06,3.7001227188526983e-06,0.25683540140193906,1145.1338834145615,0.021015297672693896,792.6381775164809
990,0.6583290943723439,99.6780799148094,0.31128894973287147,99.17456641032572,0.19222455475082506,1597.4860768735855,1577.2882296001617,20.197847273424546,0.35253742485554157,0.11422139411375504,1.0500814988177039,-1.975593608058428e-06,-1.9977423711380452e-06,2.214876307961719e-08,-0.0002398399460961517,-0.00023989791908176164,5.7972984234194274e-08,14.660397924415308,467.8273785695184,6.842110787538421e-06,2.8580191248257363e-06,0.2777592992915567,1409.5831529140444,0.019041619424982927,-723.1453673706746
991,0.6624737592124827,91.10624900606325,0.3296627674321582,90.36846617780786,0.4081200608232308,1614.7788682775665,1596.1137631781257,18.665105099438673,0.08655250667172126,0.1167966656589597,1.1171850970873012,2.3746085156649587e-06,2.3555919947300263e-06,1.901652093493268e-08,0.00027858877947414183,0.0002785310299500035,5.774952214729502e-08,9.06681549154145,763.6658460438869,9.157465183541702e-06,3.211918384944225e-06,0.3087383854101352,1248.223665388036,0.018874878018455093,-1134.8521341457817
992,0.588121949778129,83.49947824450463,0.24679422695620917,82.83790910742385,0.41477491012459683,1672.9482242316672,1650.767028688641,22.181195543026206,0.12880528252618428,0.10070691358366256,0.9666549594599051,6.09873245447126e-07,5.958906710379208e-07,1.3982574409205321e-08,7.112773894388385e-05,7.10740739677484e-05,5.3664974948789566e-08,6.45710935913396,581.4204624986552,6.6253099508804024e-06,2.601361364140444e-06,0.2684157975728795,1131.8948583796137,0.018450758520321898,-2610.0417901137553
993,0.6294163814986964,85.67642408366513,0.2779161369672622,85.19467302336358,0.20383492333431052,1688.0162246140114,1670.2060064576574,17.810218156354086,0.14288953307518346,0.10006774750962118,1.0066649814800726,-8.003067712731424e-07,-8.138581933975935e-07,1.3551422124451016e-08,-9.504373268530098e-05,-9.509698346738243e-05,5.325078105165488e-08,11.500587910627885,512.0917482810416,5.902442878615372e-06,3.165310227779e-06,0.2667677560090686,1144.6179159295573,0.018874765210088375,3012.2753615514084
994,0.6580591043120507,111.40981303001293,0.3390143862583649,110.76055718151045,0.3102414622441149,1681.3429735669088,1658.8169095528826,22.526064014026566,0.13016042762583033,0.12319480916514197,1.1546918998396654,2.1866091109686256e-06,2.169231901616359e-06,1.737720935226656e-08,0.00025210881862099154,0.0002520328302537765,7.598836640737256e-08,27.98672877202968,378.1554202639704,7.237576933191168e-06,3.068448466573717e-06,0.3084061686405472,1616.9031575344559,0.018375352007976305,-252.7309698368881
995,0.5408455925394804,59.09942126497024,0.1722879429718432,58.792360577875,0.13477274412338908,1386.5292121059767,1369.1361342515381,17.39307785444089,0.0743598832227863,0.07658409240167643,0.7871473176534383,-7.30967962249277e-08,-9.247763652101463e-08,1.9380840296087013e-08,-1.8520039759806625e-05,-1.8569100133161048e-05,4.9060372417195374e-08,10.700439187298645,474.67532331288646,5.092763820177917e-06,2.4367808354517783e-06,0.2226808529122095,831.6385569069364,0.018190542994807726,700.6852649105058
996,0.6438370600252281,92.54131013315978,0.22673655716694566,92.05173484371379,0.2628387322790574,1453.0647296493557,1435.619343047311,17.44538660204281,0.08774052699963644,0.1055008425749182,0.9910336461828387,1.363815504930679e-06,1.3482164684274815e-06,1.5599036503197784e-08,0.00015163352453082392,0.00015157491097634289,5.8613553356422204e-08,7.683440483664909,623.5164681975873,6.422934877578591e-06,4.05527479927235e-06,0.28010600860931184,1320.075935922023,0.01891768051354197,-3179.6942111936114
997,0.7439200390740981,123.4726285823514,0.3278596485272058,122.7921579919411,0.3526109418831288,1574.0225099545905,1549.8370854397836,24.185424514809135,0.13002934547497802,0.1363796856916105,1.2583526044974025,-3.0243596633848237e-06,-3.0427169124114272e-06,1.8357249026603475e-08,-0.00036489386859359704,-0.0003649641782946711,7.030969951615351e-08,17.390795897723073,161.06903960524903,8.369552020975491e-06,2.993020559851304e-06,0.3419798829163692,1728.4919215455848,0.021250508063806878,-1050.0217510475268
998,0.7050985833088,122.69842039487702,0.356596653801314,121.9780960979175,0.36372764315818346,1583.6289837710021,1558.889262571859,24.739721199143176,0.1443941256428939,0.13623693877788712,1.2774450132403048,-3.352375597744531e-06,-3.3663111219335026e-06,1.3935524188972531e-08,-0.00040572439616866314,-0.00040578346801871634,5.9071848728173e-08,13.408197244974206,885.4820995713743,7.918037341791407e-06,4.083317018453436e-06,0.33588536607009706,1719.9092782258565,0.01886740533201282,-1840.2935326445695
999,0.6153890229435295,81.8864747862819,0.1935612204859481,81.39452993993149,0.29838362586445927,1331.8901652650095,1311.4464285849774,20.44373668003326,0.0994918612066076,0.10543632400172108,1.0326888401999759,1.2390637275247844e-07,1.0629451188352806e-07,1.7611860868950306e-08,8.459273580671189e-06,8.407711219731603e-06,5.156235983264027e-08,4.046515261037474,404.4406198805703,6.394637285945219e-06,3.5595013343538865e-06,0.2866780518849359,1110.0376636583683,0.018826229512011045,-797.1043893088245
1000,0.8857780391166816,153.74135703596315,0.49299693537484013,152.67867212876232,0.569687971825963,1888.2414348190798,1863.7554801863362,24.48595463274159,0.14217340116321014,0.1596234489552262,1.436599260672841,-1.475692082511183e-06,-1.495962278952541e-06,2.027019644135773e-08,-0.0001854994110262666,-0.00018556853793367018,6.912690525038858e-08,15.66076519419494,755.000825600592,1.2470717616898584e-05,3.9460218012519624e-06,0.3905785087645327,2224.2576832792374,0.02085705421572389,-1154.8651433119958
