iteration,Acidification,Climate change,Climate change (biogenic),Climate change (fossil),Climate change (land use),Ecotoxicity freshwater,Ecotoxicity freshwater (inorganics),Ecotoxicity freshwater (organics),Eutrophication freshwater,Eutrophication marine,Eutrophication terrestrial,Human toxicity cancer,Human toxicity cancer (inorganics),Human toxicity cancer (organics),Human toxicity non-cancer,Human toxicity non-cancer (inorganics),Human toxicity non-cancer (organics),Ionising radiation (human health),Land use,Ozone depletion,Particulate matter,Photochemical ozone formation (human health),Resource use fossils,Resource use minerals and metals,Water use
1,0.5809686745746697,69.57349587603612,0.2117777287187597,69.15178215644463,0.20993599087272896,1420.6580294096314,1401.8069923664752,18.851037043156104,0.08351937597134153,0.08696456049053994,0.8692889946292915,-8.119525417143242e-07,-8.248761357024015e-07,1.2923593988077345e-08,-9.811090475324823e-05,-9.816504193951301e-05,5.413718492691734e-08,6.543247258957912,374.9689909297774,4.698919319380183e-06,2.552878377787652e-06,0.2428346296298391,971.5346079083481,0.017516422276831423,1476.183989982379
2,0.6910051208701655,106.33468776571867,0.3977518184434214,105.69249648608975,0.24443946118550983,1361.4447423138681,1342.7095878587857,18.735154455083638,0.1316749397839494,0.13514083715229894,1.2582470820643061,2.49457954505521e-06,2.4781767108928175e-06,1.640283416239296e-08,0.0002923541427093426,0.0002922932669898583,6.087571825582688e-08,27.915254564321607,422.9165150027027,7.573646856546135e-06,2.9839354572693456e-06,0.3357610343969619,1538.226893176056,0.01996621380959643,1161.4891273768008
3,0.6437756211356057,89.51254666501383,0.2192668315672855,89.04649410158204,0.24678573186449157,1570.4485603039716,1547.1441657105743,23.304394593396005,0.19522296191341354,0.10890911518661342,1.0813333632171989,5.660956826324351e-07,5.51260124199014e-07,1.4835558433420869e-08,6.0400068953441384e-05,6.0331979309804246e-05,6.808964254574106e-08,21.54518150239546,301.80274545822857,5.8187735279836825e-06,3.0018326286283362e-06,0.2911158429006332,1276.6010249963042,0.02111755832894325,596.7084093407902
4,0.6459398459164992,89.03288136718334,0.26098554071824576,88.56307697854483,0.2088188479202549,1716.511430508456,1699.4519157335938,17.059514774862965,0.09896012285078296,0.11546995099595739,1.1074713607021816,1.7967706186850387e-07,1.650646034629853e-07,1.4612458405518659e-08,1.2641455076424277e-05,1.2584575891135959e-05,5.6879183806871944e-08,13.647743674735684,491.23079379709094,5.995096005604194e-06,3.003660350061486e-06,0.3056242897746683,1228.2036514047247,0.021019934649077067,1222.6001278608455
5,0.5868687730103522,74.07896451789195,0.22729900186683746,73.55021367663512,0.30145183938995507,1634.8205233886379,1614.0612576272792,20.75926576135846,0.10506575777569926,0.09251848478178074,0.8883832285838092,-8.157112330917038e-07,-8.328333063324554e-07,1.712207324075141e-08,-0.00010471926820384575,-0.00010477249935480262,5.323114980770406e-08,13.763582747604348,148.7565094565161,5.613609347485248e-06,3.170106013543761e-06,0.25545259379003715,1041.0412738742411,0.02014201563188029,-1634.9020130097088
6,0.5742913147218442,83.02689417931325,0.24457395445702554,82.5916160923953,0.19070413246091528,1234.2262427024978,1216.0860810987922,18.14016160370551,0.11831946899994912,0.10095983604971097,1.0161207153185507,-7.829328369127955e-07,-7.992569290368359e-07,1.6324092124040243e-08,-9.851082363733657e-05,-9.856707211553371e-05,5.6248477061608304e-08,24.55309352894256,453.2854971264825,6.691500985851657e-06,3.148463462304023e-06,0.26593268586738317,1179.1528960853252,0.018257568835155186,-797.9575926205471
7,0.6496689276865356,105.21132856330692,0.2996839940095696,104.45492436405122,0.45672020524614254,1506.8903704051286,1485.9890596481816,20.901310756948305,0.09670565297163784,0.11776335703713235,1.0865080528709858,-1.5322595146828937e-06,-1.553557750918903e-06,2.129823623600919e-08,-0.0001871216304043409,-0.00018719534727239048,7.3716866689562e-08,8.692878128038231,501.93943212897074,8.328662999545273e-06,3.758384421662518e-06,0.302934685120527,1473.844218929272,0.020976979872940418,877.4243265469267
8,0.5471897556427663,72.62767883396417,0.21767360054279475,72.13696730237264,0.2730379310487497,1252.630935047658,1231.4515977496287,21.17933729803185,0.09145838988433284,0.0902420557972741,0.8948322453365666,7.194800604440583e-07,7.07644745927149e-07,1.1835314516909511e-08,8.110289429996303e-05,8.105197241937523e-05,5.0921879627793585e-08,8.073510078150813,277.6749862814859,5.914405501621464e-06,3.0767634910289212e-06,0.24298869686466396,971.6796746939494,0.017402562563137776,-1133.2656590819242
9,0.6321264459680088,87.09131147601946,0.2166703559505686,86.6650542220697,0.20958689799917862,1672.1592410689893,1653.4578177117403,18.701423357248622,0.13882135151042937,0.1142781821782273,1.079453601598156,6.934267344339285e-07,6.768255253447431e-07,1.6601209089185516e-08,7.73161727610374e-05,7.726043983582416e-05,5.573292395627393e-08,6.000001109254056,245.50148873590862,6.612037499521141e-06,2.253944553925665e-06,0.28930695687460695,1214.706096440235,0.019312974737540012,266.0643711673365
10,0.6184263411351322,86.72557890180884,0.29431731123839294,86.12977862445614,0.30148296611430697,1514.915603589534,1492.3442093121898,22.571394277343643,0.20044008157361798,0.09840387202872425,0.932379989426585,1.0107985676369954e-06,9.939569155437666e-07,1.684165209322804e-08,0.00011579264973856919,0.00011573687986956024,5.576986807540961e-08,4.373819637864487,717.0271813244168,6.323481251173783e-06,2.6249479029615094e-06,0.2577229090247328,1202.5285588654453,0.01769932313447727,1224.6190465318214
11,0.7233465460443116,128.7525338330464,0.5094631989495535,127.98490475274198,0.25816588135488255,1557.96475155438,1536.2111247652942,21.753626789085192,0.22025428999224134,0.1376820846867023,1.2637721767638135,2.4666018602820596e-06,2.4482219925478184e-06,1.8379867734240776e-08,0.00028566508222636726,0.0002856036417653217,6.1440460004644e-08,6.477134209774224,741.8558367495953,9.802264514520968e-06,3.457841612094071e-06,0.33275082253481386,1784.8589576018046,0.018805797997361207,-1136.7847300115645
12,0.7675230949404086,143.8822634684853,0.6158506167082495,142.66508761650212,0.6013252352748835,1676.0440774317133,1654.3157616808398,21.72831575087345,0.36702457697313273,0.15180054563917836,1.3607420477340224,6.3806985121228954e-06,6.362503917761986e-06,1.8194594360908693e-08,0.0007448395031360956,0.0007447711860032772,6.831713120612438e-08,15.362234446156279,672.287076786415,1.0428015229489311e-05,3.8030949131748925e-06,0.36138221373473717,2048.287488862619,0.020119502921193806,-4016.0524086163314
13,0.6315374393787143,83.76821588711583,0.27019719896577027,83.15723234208426,0.3407863460658022,1151.9562539358656,1135.4890342068406,16.467219729025306,0.08943427454770221,0.09524534910558329,0.9221060960079989,1.032212792043362e-06,1.0177978127764193e-06,1.441497926694275e-08,0.00012013100902188565,0.00012007676621450167,5.424280614279107e-08,10.118219449612578,409.20059132969845,7.207118101791289e-06,2.5095965093672303e-06,0.25693494143211615,1167.7683874115482,0.018562741335376495,-1197.3238256394543
14,0.6201945867785993,86.94026395648018,0.2833216403791587,86.39893210480227,0.25801021129874596,1460.0428885953438,1437.0118508305375,23.031037764806637,0.15038547748033707,0.09790217110143977,0.9627718335812878,5.032610057771571e-07,4.891570652515271e-07,1.4103940525629967e-08,5.6799307829094574e-05,5.6748828623741955e-05,5.047920358045638e-08,8.83106455150693,751.5507264936174,6.8243681130926596e-06,3.0203310895292682e-06,0.256368984210136,1227.743787030968,0.018605064297953257,-3047.8627038922095
15,0.688218941937457,117.12790338307632,0.3641257382101931,116.46071703531929,0.3030606095468336,1656.8027888948393,1640.5628133124942,16.239975582346243,0.14987254725680765,0.13329383300416167,1.1860496071938111,2.617562297459132e-06,2.600271975973992e-06,1.729032148514066e-08,0.00030027740464612894,0.0003002191714613405,5.823318368793045e-08,10.348275323176031,708.3013991770504,8.620502996534424e-06,2.978748341474567e-06,0.3211590189184798,1691.0185269104459,0.018000060062110326,1689.8271303293732
16,0.6007813488621716,74.28096264882015,0.19155340034344462,73.89284868680387,0.1965605616728446,1345.5148553259826,1330.5101469392903,15.004708386693135,0.12800797641931516,0.1030174203012635,1.0382093955919325,6.138773089882055e-08,4.9432908372161985e-08,1.1954822526658514e-08,1.5976255830442305e-06,1.544721382187651e-06,5.290419931272418e-08,6.999185554246251,197.6980346525703,5.815538821380671e-06,2.6430504538460943e-06,0.27404772205759986,1032.4261015204884,0.01875229991815555,5.748565308083926
17,0.6594608327820995,96.44687876961974,0.3080614054123662,95.8071205268763,0.33169683733105143,1368.2810875829423,1344.8742889255436,23.406798657397015,0.2767721263337149,0.10970791451817477,1.0759131695594968,-9.617305132526575e-07,-9.78181207227402e-07,1.6450693974744106e-08,-0.00012108930349923042,-0.00012114871193922522,5.940843838707901e-08,7.648260076533653,116.58481453862993,8.00209064704331e-06,3.5617405152264727e-06,0.28892662217976994,1368.6024546309864,0.01773682713117978,1398.9280970326763
18,0.5977754033978562,72.17391873237264,0.2100354553757429,71.75654772730522,0.20733554969170676,1625.0571045781232,1607.4728639547707,17.584240623352496,0.08329025844971542,0.10706136703288248,1.0934873790722721,1.5075112964120308e-06,1.4919608002094695e-06,1.5550496202561305e-08,0.000172372340996023,0.00017232227713084408,5.006386406562429e-08,33.09988110245418,662.429358304632,5.50722608637433e-06,3.4078509763371475e-06,0.29656811614000955,1008.1682690672352,0.019127168157722804,-2256.871190529222
19,0.7587550591602988,128.0855956929886,0.4015100112175095,127.07225852316553,0.6118271586055825,1597.3804141130545,1572.8852682439333,24.495145869122386,0.14308718289485506,0.14989950937294735,1.4033874816915735,2.5157567685185454e-07,2.3411426480912722e-07,1.7461412042727597e-08,1.953379035595799e-05,1.9453862040563754e-05,7.992831420779715e-08,16.883087640338857,620.207959011163,9.53507088638983e-06,3.283975431256604e-06,0.3735439992155227,1771.4711586324058,0.0190207526061031,-3724.7676467245255
20,0.7739018247409756,136.3853738435936,0.5020803236259489,135.59586354462118,0.2874299753464622,1414.6955533984358,1394.6625726168488,20.03298078158733,0.12478759030485885,0.1558183174229291,1.4173383278133767,2.3141268943185208e-06,2.2967575217981546e-06,1.7369372520367294e-08,0.0002696306980429445,0.0002695718149207363,5.8883120804138534e-08,30.117717925754995,801.5991406345245,9.627450205836677e-06,3.2454492832319393e-06,0.37823757892857124,1978.820554031738,0.019234794329769413,2625.492083833331
21,0.6110227698361258,65.60851553746572,0.20385087802001828,65.19469165028991,0.20997300915579306,1315.5060485092715,1298.8806328446456,16.625415664625304,0.07138116984873324,0.09679387355706455,1.0368147398389826,1.2619223662992808e-07,1.127446380194059e-07,1.3447598610522106e-08,9.838098420738102e-06,9.789177208027233e-06,4.8921211767783356e-08,7.6201589862965395,358.24967698869415,5.193270642075659e-06,2.6403815712487485e-06,0.2724511529027761,876.580464984185,0.018127142018950434,-465.6689913832779
22,0.7218434468350101,132.9326887614499,0.45867316478529274,132.08365292159863,0.39036267506597977,1701.7932560807756,1676.9966162198355,24.79663986094032,0.1908871308877674,0.1408485639519125,1.2351097117393177,-9.632072766973386e-07,-9.831997479750143e-07,1.9992471277675697e-08,-0.0001224960011142143,-0.00012256718289806325,7.118178145662717e-08,18.170197210570894,595.6823260930723,8.65592330585636e-06,4.128339968459878e-06,0.340963673857834,1906.7656189819088,0.01969166823909973,382.50901629743385
23,0.623293745232846,89.22415585177465,0.2549693603098094,88.72298638695015,0.24620010451468022,1724.8937040260473,1699.7794545939441,25.114249432104902,0.17390068782973805,0.11247466410787921,1.0869803050760598,-2.357841806471396e-07,-2.5156753452103355e-07,1.5783353873894115e-08,-3.5215743643037124e-05,-3.5272574801056115e-05,5.683115683944264e-08,13.842387711518288,604.095576234167,6.714622528937603e-06,2.962673187748813e-06,0.2944228283069646,1260.2792105805115,0.019753246688336647,2098.8338680185734
24,0.6010465732590264,98.68969466518332,0.27399662807537695,98.08938909932908,0.32630893777886155,1320.2648218798154,1300.0261681565153,20.238653723296345,0.36014296581493244,0.1062389942721062,0.9740158482655668,-1.9251947920493257e-06,-1.9385842310632365e-06,1.3389439013911397e-08,-0.00023686164149630827,-0.00023691869050490466,5.704900749754542e-08,39.00244067711085,511.72449692421077,8.311471986149487e-06,2.903221581703827e-06,0.27919507857445025,1371.6902760801709,0.018831964048782495,202.70090300419906
25,0.5999376806362406,76.54743870783251,0.22534355918314797,76.0243869496266,0.2977081990227494,1543.1200686742131,1523.2978521613472,19.822216512866373,0.1423746626236012,0.09333462859644392,0.9433428009687903,-6.48833270079944e-07,-6.620894427558772e-07,1.3256172675933336e-08,-8.368107724267916e-05,-8.373856387655506e-05,5.748663292290875e-08,4.771900980043194,296.38740658604496,7.201370658797348e-06,2.5687208747926e-06,0.2666950080168578,1063.1519215402313,0.019052990513094618,-648.9459708270952
26,0.5646205351553534,82.63351605755763,0.21536183196507158,82.12865923653581,0.28949498905676424,1491.3283453953923,1472.8284403648431,18.499905030547893,0.10186083742864473,0.10463990038886158,1.0336603369408979,5.375639312500314e-07,5.215608357709943e-07,1.6003095479037314e-08,6.079688749606973e-05,6.073990880298572e-05,5.697869149509653e-08,26.796709055592622,84.7346975813847,4.804878697510313e-06,3.17368039544686e-06,0.2876507901032237,1165.0425298569135,0.01804855563650171,1023.8349128641494
27,0.5843604673204807,74.73317212059897,0.2189159694671999,74.35772046196001,0.15653568917175378,1396.890642307823,1373.2649375042308,23.62570480358969,0.07959708975609904,0.09702271014888239,0.982105284728851,1.2320168486458213e-06,1.2188447257300139e-06,1.3172122915807837e-08,0.00014068659698613671,0.00014063607828363118,5.0518701060291644e-08,5.7836755342301736,545.0211088106892,5.3277157230072805e-06,2.2415888847267125e-06,0.26639902603969184,1032.194582784725,0.01922416355963457,913.7987624782472
28,0.6757266709491554,88.55169023847643,0.24065433471881356,88.01988105004122,0.2911548537163887,1580.6512126840641,1561.3476531274805,19.303559556585192,0.09620420479572896,0.10998722500526209,1.153259329246144,-7.958055280382592e-07,-8.100040564276021e-07,1.4198528389342907e-08,-9.975374751254643e-05,-9.981199553883352e-05,5.8248025181684614e-08,8.577687926715027,492.6907670421173,6.275913156513054e-06,3.77737771913753e-06,0.3036532899436548,1218.4844189348426,0.018960108628156416,256.68527795965565
29,0.7025787773334685,117.52606943020956,0.3967915636284918,116.74448384273632,0.3847940238447643,1504.4125028866254,1482.6245692935552,21.787933593071894,0.0923865867096123,0.12946422169978872,1.19710897404594,2.6540713888859055e-06,2.637056909969048e-06,1.701447891685739e-08,0.0003061237455228087,0.0003060629808629381,6.076465857141476e-08,7.523475148585157,238.61654530575623,8.065505682643605e-06,4.028466644465315e-06,0.32886328800444103,1623.8893509472432,0.01948551321553132,780.7873353630021
30,0.6086955324366095,81.88686033766565,0.23841871778987214,81.50368212865568,0.14475949122011667,1440.7602802347874,1424.5011118176183,16.259168417169548,0.07055691053697324,0.1055593360972956,1.0171562195831225,1.1739454367745947e-06,1.1597105826961753e-06,1.4234854078419041e-08,0.00013418171231284267,0.0001341314849943639,5.0227317075345555e-08,24.041224714707543,382.6315521676983,5.999925672342141e-06,2.527188224063775e-06,0.27648156937573054,1158.4836335579437,0.01839077103136961,96.96189977699396
31,0.6156662594539899,83.68062326974481,0.2704145804505503,83.22926288005551,0.18094580923872247,1831.2667921021023,1810.171951376897,21.094840725206467,0.11727973677416215,0.10636923019793915,1.0698843701362635,-1.0908656546496862e-07,-1.2216333080058263e-07,1.307676533561395e-08,-1.703549713549015e-05,-1.709306507355548e-05,5.756793672438615e-08,26.022338359092352,581.4864531361243,5.665147177284501e-06,3.0779010795803675e-06,0.2775695280626,1178.7738895841171,0.01879643559054362,-665.5621978645067
32,0.5569263339062206,80.95922539271874,0.20492001223253806,80.61510927876313,0.1391961017230629,1302.0605994221794,1284.409118008145,17.651481414035576,0.10417171646777756,0.09455319698891912,0.9565556182128292,1.0087293806240026e-06,9.968874324669077e-07,1.1841948157095665e-08,0.00011583552790305073,0.00011578389075033307,5.1637151316048076e-08,12.583155155056803,322.90967578906935,6.282292408903891e-06,2.657791643824918e-06,0.2579554356837082,1142.2717341377906,0.01850887552473442,-2184.3546959155537
33,0.636312036294829,97.41324184051024,0.2938604184539366,96.66962703516683,0.4497543868894733,1403.8050613993857,1379.5209118114637,24.28414958792208,0.12354165939093478,0.1092542261122867,1.022419103130613,-5.15684084963743e-07,-5.299527057485938e-07,1.4268620784850693e-08,-6.702945547866134e-05,-6.708607609826704e-05,5.662061854640127e-08,30.276696635424038,617.5600405622831,6.06608190651923e-06,3.0643236065665116e-06,0.29130987527859015,1422.4785656115446,0.019342786938355942,1882.4778600433056
34,0.5730540379117668,80.38927646628397,0.22369719094229168,79.82475412844583,0.34082514689585286,1201.0232290733936,1185.9424176577675,15.08081141562751,0.09508061411002784,0.09514420508893998,0.9369112101159763,-1.7077745954206751e-07,-1.84759425757402e-07,1.3981966215334516e-08,-2.475056252963995e-05,-2.4805581012469758e-05,5.501848127238847e-08,6.406643549237815,440.4420369038936,7.379660314054222e-06,2.8092145099050574e-06,0.2548704134255492,1163.2380988803084,0.017208635261862233,-2970.487322671277
35,0.5896899418361546,91.56818083349665,0.24102285761588904,91.09642464899039,0.23073332689037496,1437.278855356009,1418.7122950178552,18.566560338153852,0.15109559839484854,0.10779072074851623,1.0141611829238792,1.0246049460052493e-06,1.0098398106790507e-06,1.4765135326198375e-08,0.00011482348922453977,0.00011477125210514549,5.2237118252746344e-08,9.605915083889197,271.74513055039955,6.469476170313766e-06,3.082393887231783e-06,0.27836089139888087,1263.2667583784387,0.01766444675777269,1010.8050246210623
36,0.6591154107918948,79.49724383737176,0.24389657099687156,79.03303026207628,0.22031700429858359,1217.0394561778976,1199.583285889309,17.456170288592023,0.1308769317126911,0.10625716298006058,1.115439318816376,-3.6023975121935395e-07,-3.732326545525599e-07,1.2992903333205973e-08,-5.075482591747629e-05,-5.080559456955359e-05,5.076865061786834e-08,7.725278608442487,671.2690474571941,5.95161807364158e-06,2.940862919390785e-06,0.2867060270200741,1115.1319454146196,0.019529657270697037,1511.7577626465281
37,0.6672344022935983,113.70437029607537,0.41360034930222284,113.00533145745518,0.2854384893179566,1582.1993047248666,1560.9687429760706,21.230561748797996,0.1355328923088113,0.13032524475412247,1.2668158897612338,-1.0345717674888496e-06,-1.0522145470741804e-06,1.7642779585331504e-08,-0.0001271545707965722,-0.00012721505808708795,6.048728926791906e-08,30.037660669348494,-193.60151359944066,8.466629486821806e-06,4.2673594029690395e-06,0.3216373273254005,1606.758990429572,0.019485567856333333,2181.2030117082286
38,0.7092065912688746,98.9118476417698,0.2947480197544493,98.31393560003445,0.3031640219808833,2026.062425438308,2006.1961931708875,19.866232267418045,0.12082378644396552,0.11540965043774547,1.1063661219381715,-1.0247782443038641e-07,-1.1991858252659561e-07,1.7440758096209198e-08,-2.2369204004283168e-05,-2.2432688472380808e-05,6.348446606172518e-08,9.938270340896153,941.506815310842,6.938988520156133e-06,2.9989756681663783e-06,0.3022712963800483,1414.3678136209069,0.020528230707178925,-3477.0747737560305
39,0.6116389942121594,72.8651815636222,0.18575348703878194,72.46560474770021,0.21382332888321384,1654.1210151824187,1639.6413728720408,14.479642310378356,0.1525911205118301,0.09795445684794282,0.9367339671609735,5.714856859069739e-07,5.563329989012412e-07,1.5152687005732692e-08,6.496792948394483e-05,6.491617698050499e-05,5.1752501846172014e-08,7.519458609695138,439.70325766667656,5.052550182679922e-06,2.5032443997543085e-06,0.26968359583472246,1025.722516963826,0.019863593554009108,2434.354237435531
40,0.5479737381713856,75.03466585433637,0.24383527446293135,74.65180288928181,0.13902769059162035,1152.9316246416083,1134.7274843043099,18.20414033729774,0.14277578826807324,0.08660730196283357,0.8267432398117244,1.315328133335707e-06,1.3033557299168485e-06,1.1972403418859092e-08,0.0001497456568738573,0.00014969581212309518,4.984474951875059e-08,5.249279982434664,316.5744680331028,5.213909769160209e-06,3.716954059138766e-06,0.2349350870004473,1048.1689811530127,0.01722693259400181,-243.68876658327645
41,0.6497181475228125,97.61614853354409,0.3240081548891435,97.06496310737754,0.22717727127741072,1797.4997565503547,1775.3259939345774,22.173762615778656,0.11583975965142283,0.1144230109938529,1.0839060039317496,1.569645957381076e-06,1.5558598900892309e-06,1.3786067291845152e-08,0.00018248941943114613,0.00018243273794381617,5.668148578318892e-08,15.216609381645746,610.1230784733115,6.52373944672272e-06,2.7038680885741248e-06,0.29098346495060434,1320.491723722949,0.018893184061549835,-887.1978744198095
42,0.6177408248938874,97.37863732881809,0.26808119123773033,96.96430241783449,0.1462537197458666,1786.477491753656,1755.7220352269821,30.75545652667541,0.10159642082459118,0.11148109253726292,1.0417608315129188,2.3498904192965613e-06,2.333554343110065e-06,1.6336076186496484e-08,0.0002747032591915304,0.00027464737320246106,5.58859874214437e-08,40.18926614589947,597.6854612147448,6.371916484888925e-06,3.2577792549495103e-06,0.2831220909985998,1362.854936190706,0.018754595912220545,1713.1247618832167
43,0.7110071092796302,112.35281445333284,0.3815511354280573,111.69329317104884,0.2779701468559549,1668.2410387604752,1648.0001441598442,20.24089460062923,0.1874405336293952,0.12113667577776308,1.176826329322676,8.744336302448583e-08,7.055668330450375e-08,1.6886679719982112e-08,2.8498593434422164e-06,2.788002230539536e-06,6.185711150054097e-08,9.434966506466388,1325.3526434777161,7.696323559132494e-06,3.6020900931537227e-06,0.3093139463442997,1615.4351075824766,0.01991460442352861,-3547.321752861466
44,0.6332175315245873,80.08740921120206,0.24039132112835923,79.54945886715134,0.29755902292235936,1500.3669189489556,1481.3378836133572,19.029035335597264,0.11518538047111043,0.11321293143597899,1.1374723194038487,5.368777649285409e-07,5.218808048761011e-07,1.499696005244001e-08,6.226337805184522e-05,6.220900316999077e-05,5.437488053430501e-08,17.295200046754164,549.4301142055956,8.245161311723607e-06,3.363694171266798e-06,0.3036912022701459,1103.1748851536267,0.021072496494540252,2239.6609761043146
45,0.6471697036613355,89.30862244099677,0.30991632107003914,88.73155699680622,0.2671491231205127,1406.7739616200242,1387.034267987107,19.739693632920268,0.11904279091524265,0.10670143554741689,1.0158112080945456,-1.4511886176277656e-06,-1.4659059580216574e-06,1.4717340393891684e-08,-0.0001749920214855974,-0.00017505115746896068,5.913598250526954e-08,4.144970617983139,610.8936161723508,7.742012524295093e-06,3.3950046706222654e-06,0.2721587688586566,1273.730063863142,0.018353394938300707,-204.25652158786033
46,0.7027030346143848,100.3200871049002,0.3677035183114329,99.70609408246109,0.24628950412768963,1787.5003515460605,1769.581391728041,17.918959818017722,0.18769858396353342,0.1385527770037271,1.350206665108637,1.051947105009585e-06,1.0317894570843516e-06,2.0157647925233528e-08,0.00011990271770807696,0.00011984261365646413,6.010405016560367e-08,54.5193886587869,379.2188068220348,8.19445001268593e-06,2.8078564695626774e-06,0.35593256651841293,1386.7645129771763,0.019162685912080316,-817.034765083019
47,0.5801251419426012,64.99314144875858,0.2063100718157649,64.61231723955851,0.17451413738430469,1546.0987315707496,1527.5036344849061,18.595097085842628,0.11341018407421523,0.08353200432261673,0.8627367146106113,6.522784967183944e-07,6.382302165820657e-07,1.4048280136328865e-08,7.263641171657525e-05,7.258419410053155e-05,5.221761487257336e-08,6.349575775550308,615.9484611767675,5.290747348188608e-06,3.2732240344891276e-06,0.2359685143646122,903.9231161450349,0.017455074823444067,-96.57525246970181
48,0.634784485769451,99.88617668870779,0.28773624849528273,99.29012061055039,0.3083198296621029,1211.3861557556368,1192.3336576153063,19.052498140330403,0.08511894765935409,0.10923581498845794,0.9883603815289398,-5.97683832717491e-07,-6.115489504352832e-07,1.386511771779207e-08,-8.29404862632355e-05,-8.299845378266858e-05,5.7967517713984296e-08,71.49304234140754,648.3930557273314,6.408107883889763e-06,2.780124310265216e-06,0.27614567167306786,1370.9098054871613,0.01752818726791658,1116.0512599039903
49,0.6573022358952901,104.42347238637666,0.34561594619975644,103.66615325745995,0.4117031827169562,1471.6129601327848,1453.2289141993192,18.38404593346739,0.16195683671233094,0.12153805540286892,1.1449503312492022,2.9236661882281223e-07,2.7246543603736635e-07,1.9901182785445955e-08,3.2525304944903826e-05,3.246286278507848e-05,6.2442158587857e-08,4.858885739032706,898.0679588549232,7.896012737161593e-06,2.641388780109032e-06,0.304612724413724,1498.6699903932192,0.017986150964551414,860.8360655761353
50,0.7182899243152718,120.86745843541719,0.3906856487095561,120.16964402324867,0.307128763458961,2089.687990898597,2065.2526698752704,24.435321023329415,0.4035257966814744,0.13364146225663207,1.199864645911985,-1.1245008628412009e-06,-1.1410603357973373e-06,1.65594729561358e-08,-0.00013973922821868768,-0.00013981250690916377,7.327868926202414e-08,34.227798480039276,517.6151440934998,9.022708726397276e-06,3.1443459393117556e-06,0.3335717085146892,1653.4588382675465,0.019899729384228015,362.09741587382814
51,0.6931779272662534,97.87546815461992,0.24223358029853378,97.45281899733921,0.18041557698218758,1628.7672296128185,1609.9758698724065,18.79135974041238,0.11391534145504723,0.11538497467934213,1.0892262620913817,-1.6740029074697872e-06,-1.6897439977492654e-06,1.574109027947853e-08,-0.0002047583385391565,-0.00020481584385388177,5.750531312125952e-08,11.049184284396963,630.3068663352808,7.26652912088914e-06,3.2228677226321594e-06,0.30497728024396653,1353.4132417953876,0.019261509105054305,1163.4261088776584
52,0.627648981518113,86.70032367148488,0.2603103953662531,86.36965925320696,0.07035402291168635,1537.8751632360104,1520.0169582298581,17.858205006156506,0.12547375707051528,0.10983882097776253,1.1179697663488533,-8.315954733184701e-07,-8.500917052142618e-07,1.8496231895791658e-08,-0.00010494525446200121,-0.00010500440372733365,5.914926349272733e-08,41.5479132159149,1414.4083988432121,7.027465456650863e-06,3.4068250954613143e-06,0.30110551433077554,1200.2089861456259,0.02038353807762084,2884.432603549405
53,0.5328727552494456,71.9249509904101,0.20498554348477302,71.50773060909319,0.21223483783214397,1688.3470496043929,1671.3554799304022,16.991569673990238,0.11144824792928876,0.08277998953334587,0.865798921520683,1.2342509024357952e-06,1.2170647398559296e-06,1.718616257986592e-08,0.00013717931868884948,0.00013712479564263858,5.452304506912595e-08,6.214143306364942,15.53640400353785,7.504471638989961e-06,3.8037420798833825e-06,0.24187525797114967,1002.2055553923083,0.018915602953595026,-880.6710598498175
54,0.641168788900418,97.4753829228427,0.28764713091761507,96.808685928065,0.37904986386009815,1696.8687456300422,1678.8414325961226,18.027313033920674,0.12632268853546158,0.119560370069028,1.1445693616284938,1.3269685317559005e-07,1.1940402532651364e-07,1.3292827849076406e-08,7.940020295814019e-06,7.888354410410031e-06,5.166588417755688e-08,9.667219506704697,-341.37574032604147,6.980360732689247e-06,3.7900297914343707e-06,0.31363146098901773,1325.7690007021492,0.019042087836874697,-1820.192605235272
55,0.6861340579190713,127.14726988593763,0.40627879538626543,126.31578745963391,0.42520363091746155,1522.434512044285,1497.2723577580211,25.16215428626321,0.35684244513206337,0.12638545293511172,1.1745837000848445,-8.631172919972405e-07,-8.825027672020003e-07,1.938547520475975e-08,-0.0001084351655465308,-0.00010850047870565993,6.531315757874374e-08,26.406570288762108,706.4430566882207,8.918265918822323e-06,3.7284886738802687e-06,0.3197107356618158,1795.172626512084,0.019201013627592477,1189.8592491140917
56,0.6517893184392404,103.89024195634269,0.29819327019146047,103.20496418685605,0.3870844992951718,1745.3317366919778,1722.980908438684,22.350828253293827,0.09394417289971987,0.11581241644196998,1.0784703253457255,1.3753684683791353e-06,1.3626133043208689e-06,1.2755164058265795e-08,0.00015481452167282345,0.00015475704190728355,5.7479764283909086e-08,6.661395384574248,412.7332516990468,7.91620319953299e-06,3.945194721832939e-06,0.29107464372482794,1456.2500280690504,0.018781471136359182,-767.1392548396543
57,0.6994093873182907,138.926102574535,0.4393565030571223,138.10268153945242,0.38406453202549906,1776.2967460301973,1755.773121554636,20.52362447556109,0.20602718853109966,0.14111010008431954,1.2514830623553932,-2.351152424964034e-06,-2.3692738037527847e-06,1.8121378788751183e-08,-0.0002901557207373927,-0.00029022513363609163,6.94128975919145e-08,5.961850686281515,532.0914784359815,8.340519152793054e-06,3.62149164802518e-06,0.334090413249123,1957.3404066321941,0.018907535091135914,-486.22781670330005
58,0.5620264352565412,64.2750807381833,0.1905530314408101,63.84117541335856,0.24335229338393502,1227.895082582487,1214.5676866697095,13.32739591277712,0.09585933182266629,0.09331613603818896,0.9602000627216035,-9.24616474535801e-07,-9.374474081825092e-07,1.283093364670811e-08,-0.0001125938845012196,-0.00011264641943651962,5.25349343987349e-08,2.7051343191126502,220.09810612201778,4.531570052342911e-06,3.1962464361046627e-06,0.2572563759256174,884.4227086322192,0.016239673857994755,1175.33598367189
59,0.7428772624523484,121.37680791522556,0.39995052310358215,120.58255451272,0.39430287940198494,1561.4605582754962,1538.7915215002658,22.66903677522958,0.18481972647665712,0.13349213579994176,1.2622028536682743,1.0864018579496774e-06,1.0681205099981889e-06,1.8281347951488317e-08,0.00012282097641704113,0.00012275759781127474,6.337860437147937e-08,8.72591123193518,178.67406091923453,9.072119030049056e-06,3.627865219328812e-06,0.33700036894589647,1687.658099880075,0.0197457385618672,-4300.123295631209
60,0.6215972256389707,83.05438885221344,0.24427069982876495,82.69024504743255,0.1198731049521227,1379.1056786321692,1362.0041321165418,17.10154651562801,0.11465870206020629,0.10427502570428133,1.035381868738991,-3.727903658929399e-07,-3.8539304915638884e-07,1.2602683263448878e-08,-4.5023039990799035e-05,-4.507346659415237e-05,5.042660205994788e-08,5.287507275116979,297.37381968732495,6.218115945731668e-06,2.9047871481281655e-06,0.2796316273788135,1181.7641897710264,0.019325776668304526,-619.5184067198679
61,0.5808530313447863,76.25795723569952,0.24733196928779902,75.84746293409036,0.16316233232134972,1178.8121269894436,1157.036565164093,21.775561825350877,0.18558381533031093,0.10029359483520525,1.0124326757280993,4.466781139817918e-07,4.3386021720720765e-07,1.2817896774584164e-08,4.631836019235657e-05,4.626938398470654e-05,4.897620644461755e-08,6.003023862584225,238.83465702533434,7.121787451342722e-06,2.361071789168678e-06,0.2810201222490879,1055.6257972331973,0.01813105417639904,816.0162115968669
62,0.6322821154756157,92.80681090393824,0.2726855984706885,92.27986265225822,0.2542626532093369,1642.9070682437803,1625.658527653035,17.24854059074654,0.1366641470134208,0.11280912396834003,1.0507532051197195,2.3127980824457864e-06,2.297402535637514e-06,1.539554680827207e-08,0.00026833875150201005,0.0002682818895734164,5.686192737075903e-08,8.761419430869864,471.0040046662391,6.3759184432454095e-06,3.1125536903244886e-06,0.2945548563364054,1293.7862786539465,0.01957704592303499,66.88000308989649
63,0.6355545881377298,92.70854771564089,0.24851894922251969,92.27258269493848,0.18744607147987882,1425.8015006760745,1400.2690170692856,25.532483606790453,0.15913661962433612,0.1002371733084303,0.9651750133341525,1.6789506087297722e-06,1.6651418524032918e-06,1.3808756326480659e-08,0.0001963735921983388,0.00019631740850767444,5.618368895409793e-08,26.209952832267362,261.09171890789156,6.6763985788997775e-06,2.8357254815772214e-06,0.2614649620035214,1312.7525377621075,0.018782178545862397,-3511.8360534526983
64,0.6047679679055405,77.40682151913911,0.22308150749978808,76.953868061018,0.22987195062132312,1342.418243165644,1322.770390213896,19.647852951747105,0.1070078613806824,0.10053846274521158,1.0174240651181654,8.481595179154438e-08,7.13270439069598e-08,1.3488907884584609e-08,7.2465299485487755e-06,7.1920829394891244e-06,5.444700743338747e-08,29.767033095868992,195.65733346066676,5.777638073271472e-06,3.0047778940104745e-06,0.2821539917351714,1105.0211307902107,0.02029898068170122,350.3152170200192
65,0.5480413535212045,74.52544796694546,0.23533435749142673,73.96341823940573,0.3266953700483205,1631.316228253609,1615.8571893804258,15.459038873183333,0.15009861831372534,0.09557724390534524,0.9317794525915322,5.681800368247269e-07,5.549568458321845e-07,1.3223190992542298e-08,6.282290769748341e-05,6.277126754710447e-05,5.164014929556115e-08,25.4580941813224,436.1670134484509,5.484561767776103e-06,3.229236946378223e-06,0.25608369276907783,1031.5296851317435,0.018820906287110088,1479.0108980786754
66,0.5973058334336847,72.65526314173002,0.20755034656077676,72.25633663442834,0.19137616074091182,1287.5627535602082,1266.7503731610777,20.81238039912995,0.06356203282651447,0.09155911686462953,0.977815820176239,1.054992136976133e-06,1.0439270013173982e-06,1.1065135658735354e-08,0.00011857599690682124,0.00011852033155103004,5.566535473272765e-08,5.2931349729387405,350.1914026588918,5.595088368305111e-06,2.4223051127190975e-06,0.2544887664704083,968.289446023176,0.018374735094294315,-558.4253494835539
67,0.6760674477380738,114.10438184918976,0.3489813232661229,113.38386015898497,0.3715403669386632,1736.7117535364853,1715.8297924458668,20.88196109061851,0.35711607305107157,0.1287401819282195,1.1523321739919772,1.4946189121195043e-08,-8.746449005625605e-10,1.5820834021757603e-08,-6.8540063163837334e-06,-6.9144157509718585e-06,6.040943351345121e-08,10.520016584306747,940.9862101037935,7.385768548108592e-06,2.700540285652692e-06,0.31337470927663874,1584.268047075136,0.018857907271409707,-4199.092880482356
68,0.6642429336270416,86.34084395019892,0.27777595126852794,85.82170210638554,0.24136589254484356,1534.9561039874804,1516.0145483251472,18.9415556623323,0.1455721040463029,0.10804857849939946,1.0754406745283227,1.9315109979879975e-06,1.916580578425521e-06,1.4930419562476536e-08,0.00022689948809080602,0.00022683969727565448,5.979081420890339e-08,17.950003630979715,561.2328587615976,7.153584959456062e-06,3.4593860525726977e-06,0.2906648957202551,1189.5956268484417,0.01933283770917961,760.0264649912824
69,0.6877262039844804,125.48306569777279,0.4220538783699431,124.63628726721304,0.4247245521898054,1639.279320692064,1606.552209658959,32.72711103310383,0.16852808222657503,0.13656743060443036,1.2316566911974052,1.548458266310944e-06,1.530236689302174e-06,1.8221577008770418e-08,0.00017666759950772567,0.00017660188638287096,6.571312371917228e-08,27.741990553855324,830.6050705406595,9.202796044043841e-06,3.119161411543434e-06,0.33466415270301564,1777.6712178662415,0.019008243227565096,1063.4160776208155
70,0.7204126459847867,108.88497371278102,0.3234932383750843,108.23255590396326,0.3289245704426883,1757.0308862278846,1737.6183386993641,19.4125475285231,0.2007990795310777,0.13858173992684847,1.2909099646840063,1.2233367324278815e-08,-4.884760784382267e-09,1.7118128108661098e-08,-3.8582349685202544e-07,-4.4372129844039313e-07,5.789780047566407e-08,28.321275230916598,423.9239153556739,8.077668681840543e-06,2.702128270573632e-06,0.3398460225496607,1499.1936552670468,0.01884511725947631,1311.3403587581997
71,0.6178098245950272,96.4323266845291,0.3569229591339771,95.66775516498504,0.4076485604100847,1169.2579591615724,1142.828791016818,26.42916814475566,0.15775470207779593,0.11199676926570608,1.0729342914274864,-1.5056361147794693e-06,-1.5230439256984467e-06,1.740781091897752e-08,-0.00018114816925601785,-0.0001812123546221741,6.418536473740364e-08,21.382435062905977,384.1559188514232,6.30516039784804e-06,2.942869209848499e-06,0.29419488413158995,1356.0625808523419,0.01769284734139825,-3531.0451070820927
72,0.6023181097007727,80.96560725105796,0.2209896895932672,80.46432195379357,0.28029560767111855,1725.0023682106028,1697.0703571127278,27.93201109787315,0.10917153950362644,0.09642337108608016,0.9624787946009381,9.871316043586114e-07,9.729020159453839e-07,1.4229588413227811e-08,0.00010733167893916308,0.00010727922961845591,5.244931931141212e-08,4.477518628707586,391.84134868760646,7.914905302284796e-06,2.5670572277564524e-06,0.26269709824244375,1118.4580995597948,0.02005770899434869,1292.603965179369
73,0.6239275824115564,80.71851432947034,0.26476816150815274,80.13548611382313,0.31826005413906094,1619.6004643577355,1599.7023691501022,19.898095207633435,0.09203005219749014,0.10503416853605697,1.01992630454829,8.665674222662969e-07,8.544744178588645e-07,1.209300440743236e-08,9.909156941640756e-05,9.903887760811056e-05,5.2691807329387066e-08,10.924936574277467,257.922308322665,6.7303050123004135e-06,3.5458145069821905e-06,0.2801213351252477,1127.6567919500176,0.020230982399366975,-1723.549642283855
74,0.660618868902161,99.60334574519138,0.3789340928469487,99.05252618744534,0.17188546489910167,1448.078710694737,1423.2120980924835,24.86661260225437,0.21863747228947886,0.11841170942124458,1.1075786377596246,-1.2689680058378277e-07,-1.4259361257152988e-07,1.5696811987747067e-08,-2.0205170053996496e-05,-2.0269350296473796e-05,6.418024116897649e-08,5.684438127075461,491.03931051378356,7.371493321053159e-06,3.7437697085902395e-06,0.30435086430629016,1371.1229701042798,0.019711545404831412,2958.9709913766674
75,0.6756082205533208,95.20164754515196,0.3519976983422688,94.59824862365836,0.25140122315131513,1453.2574176522946,1435.2942942854647,17.96312336683094,0.23278476063571996,0.12425028772511142,1.170461663858085,-1.0352200863828374e-06,-1.053995719118393e-06,1.8775632735556133e-08,-0.0001299679320228648,-0.00013002676099189685,5.882896731589129e-08,7.7541455106400745,671.0736092180833,7.120036969639191e-06,3.3900076897614657e-06,0.31671570182118275,1320.110588737465,0.01875561862105948,54.22762333411447
76,0.6648127895027813,103.19003693652516,0.3071066090227142,102.90177032102204,-0.01883999351960968,1520.4099698524487,1497.3218512602866,23.088118592161532,0.12714341933195686,0.11630002275862315,1.1066718772309005,1.9740928307041037e-06,1.9599550111988925e-06,1.4137819505211166e-08,0.00023149017024825735,0.00023143069166934438,5.9478578094407265e-08,17.28480930519181,388.9438002973843,7.901847749107615e-06,3.4571618747221406e-06,0.30000150918140356,1489.8764083615833,0.017270524568240974,557.3819244437145
77,0.6472918348687802,96.13671126201419,0.3326025695857666,95.58604381402331,0.21806487840512806,1639.049657582012,1618.2900244421373,20.759633139874502,0.32369243775241996,0.11997414038783157,1.1712701436150985,9.123110199936514e-07,8.966265131496625e-07,1.5684506843988912e-08,0.00010052319440354956,0.0001004642163075636,5.8978094977751695e-08,9.64711099742729,469.25813621023036,7.546668948227607e-06,3.3214873330692047e-06,0.30599645828401867,1377.2170911250407,0.01849096425163755,1054.7413658860387
78,0.6013827846969894,81.5163850400325,0.3424189453559175,81.01553026304234,0.15843583163425087,1660.6327646465281,1638.1642983369118,22.468466309616847,0.09565891214481004,0.10107747606634818,0.9906231605538155,9.657166230070058e-07,9.511547788024885e-07,1.4561844204517409e-08,0.00011330283949750972,0.00011324955163028188,5.3287866098880625e-08,7.397852236960907,622.2932736974456,6.651226097643843e-06,3.098729570216577e-06,0.2669707091934818,1145.6600459701513,0.01830363800646644,-2464.7502883064444
79,0.6672364294567832,116.97751478248755,0.3794666269966644,116.10387765669034,0.49417049880052655,1506.097478104447,1485.5122239744585,20.585254129986858,0.10889890527169674,0.13047721493794304,1.1967039886683115,-6.875653929651077e-08,-8.695938420330721e-08,1.820284490679643e-08,-1.1360238931721196e-05,-1.1421446578326993e-05,6.12076453199307e-08,36.40831969028522,544.8689924058814,7.958011039444453e-06,2.9243547306687713e-06,0.32395014210294665,1668.6227450915533,0.017957660395424433,-450.79161490223123
80,0.5974681286853619,85.0888307297291,0.2248788404295108,84.7351179269526,0.12883396234700617,1353.0992697074985,1321.0341312405624,32.06513846693665,0.11565091579759246,0.10350970168846857,0.9642130882690283,5.625789113578988e-07,5.479130209656332e-07,1.4665890392265574e-08,6.0921882995642365e-05,6.0866220627833714e-05,5.5662366292597304e-08,43.410663954682875,58.93399677474282,6.234368399270608e-06,2.81634629435398e-06,0.2751720414709423,1191.5195644924656,0.017424890567035185,1243.0578635172205
81,0.5872089129633755,76.5634371179904,0.21173040829198994,76.03484747137358,0.31685923832484914,1725.6262056606495,1708.1022243280954,17.52398133255727,0.07715991067315764,0.09272737532723398,0.9128993603609274,3.0872270807021575e-07,2.9126100462306173e-07,1.7461703447153956e-08,2.7340122045644027e-05,2.7288269288363473e-05,5.185275544890578e-08,6.791456565434837,417.64067387700055,6.900537264718544e-06,2.7405780099803617e-06,0.260425791512117,1035.131480195303,0.019329994926756626,1370.549859984225
82,0.5628216845921309,71.05966485360672,0.20661235639371686,70.6518690168995,0.20118348031350558,1257.9708571637439,1239.7691558778215,18.20170128592323,0.18883861133033372,0.09002042776083478,0.9247936062635794,-1.926221304400142e-06,-1.93902483782828e-06,1.2803533428138522e-08,-0.0002319993409556161,-0.000232054296044048,5.495508744929467e-08,5.05204077694327,96.13630105152143,6.381318808510826e-06,2.8985971600870055e-06,0.24287359806369316,995.0342847598662,0.018973840014056803,1040.7567755063974
83,0.7349013292399115,122.6920573664421,0.34418458416855924,121.97707521309337,0.37079756918017265,1594.871553154579,1567.8230424484877,27.048510706091843,0.16093543644026212,0.13018403262758416,1.1985277008705442,6.533385352576051e-07,6.347078286505165e-07,1.8630706607088527e-08,7.136843953500451e-05,7.129913366640184e-05,6.930586701095754e-08,11.456073849195597,249.07394794924997,1.0162008670851464e-05,3.5166875916369875e-06,0.33343399319395217,1729.7738254595265,0.018948755704896476,-1089.205769283959
84,0.6360922453919736,105.91618918860935,0.3398374193578706,105.17703581761477,0.3993159516367159,1423.4497914348585,1407.0218504226868,16.427941012172592,0.12625359762520827,0.1129489557357743,1.0516779568450785,-2.52697136913281e-06,-2.541968689999532e-06,1.4997320866722633e-08,-0.00030036496953422196,-0.0003004210644366531,5.609490139843629e-08,22.32666624107351,498.5403731705065,8.483323484650797e-06,3.5888660984132505e-06,0.2782140485225354,1519.1975978868265,0.018865949596524077,-757.0164344286386
85,0.7128042940334292,122.91393690163461,0.3217299571631867,122.30776259433767,0.28444435013374514,1858.231713435094,1822.0170510449436,36.21466239015163,0.14656284951130855,0.12964249291461669,1.2139442374001177,-2.459456476745088e-06,-2.480432628207061e-06,2.0976151461972455e-08,-0.0002940481417894893,-0.0002941139484223178,6.580663110801952e-08,7.023338578295342,380.9153969671711,8.400642477186575e-06,3.6251110190574742e-06,0.31495210238729265,1740.8333584762863,0.01937764149710381,315.75381522540556
86,0.5961595086686313,89.02765351716464,0.2491262089938199,88.54552552985292,0.2330017783179126,1567.550830315676,1547.0746624297808,20.476167885894426,0.10743239294374515,0.10268350750847405,1.0021115733745933,-1.6272495641992526e-07,-1.7637933819010697e-07,1.3654381770181716e-08,-2.539000847168784e-05,-2.5441625653893337e-05,5.1617180908914285e-08,9.069393987274738,499.63966668488587,6.720914864300224e-06,3.4094841410308346e-06,0.2685070319156162,1238.7198266650878,0.019319569385771826,-114.56108561753354
87,0.6713190210981947,114.85549955379929,0.38457941212956787,114.05587942594934,0.4150407157203925,1661.4844102739728,1634.8151242093707,26.66928606460482,0.23378485241172525,0.12297603239525626,1.0929820216367812,6.614497158242024e-07,6.437211459704181e-07,1.772856985378419e-08,6.651732402557602e-05,6.64440873248009e-05,7.323669960246214e-08,9.30401014895445,493.192637743917,8.48131237881721e-06,3.6026825238785824e-06,0.3060207702932152,1609.0094933911155,0.020495672937271083,-1243.2703088810376
88,0.6526702787779085,82.42784979838798,0.2392616911689764,81.91578156494218,0.27280654227683787,1557.148315690185,1534.5873215992374,22.56099409094943,0.12151130945123677,0.09737401569298808,0.9612928980204276,-4.3324636917419466e-07,-4.456709817554496e-07,1.242461258125485e-08,-5.78347135247294e-05,-5.789108530879841e-05,5.637178307833099e-08,14.686070775211022,449.7540074486831,6.849500995669289e-06,3.043814009528203e-06,0.26392356406501266,1152.5450162571317,0.01936970642429268,2019.823937193829
89,0.6328278150277803,91.9251822813719,0.29841700386556436,91.38801772149083,0.23874755601551773,1489.696540794853,1473.9103215186342,15.786219276219738,0.10821688539899375,0.10483830238457505,1.0350111889591262,2.599028520957597e-07,2.423590035277295e-07,1.7543848568030303e-08,2.4200930202457144e-05,2.4146669986585846e-05,5.4260214925822304e-08,57.27158272895164,427.2030819375847,6.767915392959926e-06,4.115836337678996e-06,0.27975606413039966,1264.1953652436284,0.018180208641000183,1308.5388219705565
90,0.6206999432417106,108.23201395106267,0.34915062422900617,107.52319333488833,0.35966999194529964,1517.8695118890964,1500.99179434929,16.877717539809314,0.12502822294426943,0.1103693849616862,1.031165615131377,2.8146877111365717e-06,2.7983033453071046e-06,1.63843658294676e-08,0.00033025032254919274,0.00033019101267559736,5.930987198801988e-08,21.009254717227318,576.7203839977008,6.747237959975721e-06,2.399010650015555e-06,0.2863439813956132,1536.9121300861605,0.019208100893133743,-3144.045767830343
91,0.6560939800948505,105.11927126196724,0.25329500281857087,104.45148219474508,0.41449406440358005,1241.9387119723822,1220.9321499926464,21.006561979733917,0.2962059740385321,0.11588529253616255,1.0734458248523255,7.911961072031908e-07,7.738858742601802e-07,1.731023294301077e-08,8.525974680332177e-05,8.519739151744913e-05,6.23552846956302e-08,25.19856760863116,510.42655811174563,7.1176772343996105e-06,4.267893269337704e-06,0.2955946687087358,1501.3244122458218,0.017741170473309687,1522.1935416613414
92,0.6592983864289086,86.47420325192704,0.25222418891992515,85.93407215179126,0.28790691121585643,1842.4861963464068,1823.4315059018265,19.0546904445813,0.12579081669375503,0.11373395936937446,1.1295378737309194,8.172808566854114e-07,8.010476286835138e-07,1.6233228001897692e-08,8.516985112664216e-05,8.510876100918476e-05,6.109011638876031e-08,19.248506224858232,482.76640008755555,6.4804141085922e-06,2.768280089888016e-06,0.30015347627735095,1258.0606063996172,0.018807181265633195,86.95064057040508
93,0.6189434607580298,85.48780025915494,0.29615089053638477,84.98448648353236,0.20716288508617287,1255.3033688691605,1237.700097926433,17.603270942729058,0.12505054250119216,0.10355754202512146,0.9905779191170286,-1.8165565687430894e-06,-1.8338035454014385e-06,1.7246976658349163e-08,-0.00021865265697894882,-0.00021871466236606595,6.200538579792468e-08,14.61320418993655,505.38963956871896,6.6319319254349816e-06,3.217658665375616e-06,0.282715822460279,1235.306436068206,0.01801425249579773,309.14305293462166
94,0.7397443562119582,139.03447514267182,0.4948889377073789,138.27168413283823,0.26790207212621403,1409.5522357044028,1385.422197847192,24.13003785721035,0.24290460996214117,0.1432918942172615,1.3109081241934872,-1.8244749127597819e-06,-1.8418109766133297e-06,1.7336063853547988e-08,-0.000224296646343559,-0.00022436089640201075,6.42500570855341e-08,13.029847678532633,468.9880101557547,1.0075941915590713e-05,4.457358372541107e-06,0.34520787604686276,1885.4915078528975,0.01944565322632426,-5116.016402203375
95,0.7053368945113572,113.71522750064602,0.3282762646633309,113.03125466974632,0.35569656623636736,1865.036642680169,1842.6527674364863,22.383875243682027,0.1196948962045117,0.12080200710160834,1.1430385129712286,6.991343744238638e-07,6.862599493300524e-07,1.2874425093811291e-08,7.368147826401863e-05,7.36197432205181e-05,6.173504166793181e-08,18.565806203470345,-56.28271409708334,8.642641829562081e-06,4.211536989885937e-06,0.30397276539700874,1598.5373475024562,0.018827553127344958,3078.9396653815384
96,0.634658197448359,72.72035453728388,0.1787797917104803,72.33824614876198,0.20332859681142518,1395.0692721328862,1381.2740972524714,13.795174880416237,0.10160848252348706,0.09744535426039136,1.0327111023850999,-2.445780589748975e-06,-2.4604515226996464e-06,1.467093295067191e-08,-0.0002955668511025777,-0.0002956203330799298,5.348197594495236e-08,6.501514848809694,347.21354074840724,5.6588640403084624e-06,3.773002890520197e-06,0.266448623706185,1006.774608432508,0.01947163591497248,435.2908016337933
97,0.6297696492981609,89.58595166705648,0.2873833765491073,89.01920489368153,0.27936339682585615,1373.4817990525519,1353.2118537470842,20.269945305465647,0.11455510482740759,0.10832515713632652,1.071570600439455,9.12726787352615e-07,8.932589089403523e-07,1.946787841226274e-08,0.00010217118261674884,0.00010211752750271155,5.3655113009997423e-08,10.988231690271622,613.2788204370731,6.39726909893743e-06,3.6262910617392853e-06,0.28997467884415185,1259.9893085471347,0.019316510085463385,-663.6081482110421
98,0.6192952930278756,84.6068566912306,0.28578110319098465,84.21530015554279,0.10577543249683034,1339.1002745986125,1321.8561199099306,17.244154688679515,0.12332636775361112,0.09472773283932895,0.9097017066603273,-1.154720292652368e-06,-1.1671982950769897e-06,1.247800242462131e-08,-0.00014045996880338206,-0.00014051448669736075,5.4517892833675526e-08,10.16598735960647,897.6352478391061,5.5501158070561505e-06,2.559637030898874e-06,0.265271859701759,1208.1969105044898,0.01875683616630168,1519.7073021058895
99,0.6201245128025749,97.92888961947243,0.2938564701604957,97.43263684777138,0.20239630154055094,1486.4320533566229,1464.9628566889442,21.469196667680812,0.3127066768183308,0.11730805703165054,1.1170486481536523,-2.281038730009417e-06,-2.2979565380055044e-06,1.691780799608722e-08,-0.0002728122094290572,-0.00027286521256917923,5.300313894363822e-08,22.558098003613388,343.0850017405642,6.174178343142971e-06,3.3906755401844035e-06,0.30385245261247956,1406.2755512280567,0.020003425500929116,860.0161732253655
100,0.7321908934372283,112.21063664610435,0.37057780429571857,111.45890387383243,0.38115496797620724,1637.7253682186224,1617.644958528276,20.08040969034752,0.23675763469601566,0.13321208350717378,1.2518258833280844,-3.323690962596063e-07,-3.529922427525777e-07,2.0623146492971527e-08,-3.8250336624726745e-05,-3.8314250343451216e-05,6.39137172971476e-08,16.613570552042802,383.67479111659543,7.873923800971438e-06,3.654268319145098e-06,0.3374251845682172,1646.0621164843972,0.018712553823549097,2647.3782696343187
101,0.6046347002297376,81.06709201540055,0.2228784624757543,80.48241406953248,0.3617994833923292,1798.701859517107,1774.6475800932692,24.054279423837198,0.15933757051696834,0.09295751475289135,0.9200316419333593,6.258445896491102e-07,6.139963066534006e-07,1.1848282995709822e-08,6.795294891267392e-05,6.789899506843652e-05,5.3953842858337856e-08,13.727055609451728,78.88024296196662,6.396641587379062e-06,3.3275626765980254e-06,0.2552667830412345,1088.8076985178768,0.018045082967043064,785.5147850209287
102,0.617034317893919,82.91264251198685,0.22786593908686684,82.31547343114858,0.3693031417514219,1397.6542993963974,1379.8171260569723,17.837173339424968,0.0883847863930629,0.11149980321221908,1.1258307736957707,2.7534382744566293e-07,2.626700706536106e-07,1.267375679205229e-08,3.1259457123400385e-05,3.120829975736766e-05,5.1157364474433235e-08,11.41335038496753,442.03953314460693,5.28166219413226e-06,2.397321312804892e-06,0.2867406831451514,1194.0983977143349,0.0171751010646454,-1209.2439238319785
103,0.6944902133326012,94.09665733597065,0.32435753001983797,93.4543580553176,0.31794175063318564,1828.222445785282,1807.9288043812871,20.293641403995334,0.1607358505772054,0.12333762970309521,1.245719757135961,1.1430892603753232e-06,1.1248103589108326e-06,1.827890146449064e-08,0.0001271908791642314,0.00012713215835669217,5.87208061286112e-08,13.020339820390454,549.1399847132616,8.076273472533554e-06,3.807930005718596e-06,0.3343573786585801,1330.1137971012076,0.020727634645873898,1104.0388897609628
104,0.6080656087573133,77.5270268730313,0.23936881132776255,76.95742161568823,0.330236446015289,1431.699703653072,1410.7328722179877,20.96683143508428,0.14351161082868413,0.10444804947272543,1.0317186708266477,5.4797310742426844e-08,4.2701706363422364e-08,1.2095604379004493e-08,-9.187338207562725e-09,-6.205938922036724e-08,5.287205008042551e-08,10.38948754676486,499.71330874792363,5.586451867742868e-06,3.064307203659457e-06,0.2819731275024358,1089.8378725456541,0.017835176340951515,-1345.9179124052062
105,0.5923931689415382,84.05420978415088,0.2149528075413547,83.60180288348724,0.2374540931222988,1564.643484851055,1546.5932139185463,18.05027093250897,0.09853529900017353,0.09102081104603171,0.8683695707836361,-1.4149305830694974e-06,-1.431035377819021e-06,1.6104794749523978e-08,-0.00017848214238357104,-0.00017854120449966907,5.9062114637639004e-08,6.477114230966922,516.7200445275984,9.350287367982358e-06,3.3662756676291856e-06,0.24861515913563428,1153.2734326272912,0.01828946422605571,204.2865537868929
106,0.7510996287708945,127.56377890887312,0.39316620186086637,126.638408607789,0.5322040992232745,2057.006406879008,2032.0185759995434,24.98783087946513,0.21651430645673386,0.14273524376064062,1.2857992167573633,1.0758639694908842e-06,1.0567365907095798e-06,1.912737878130421e-08,0.00011519037262396082,0.00011511548146781286,7.489115503841256e-08,15.791239856500379,638.5139987129597,8.157643821776118e-06,3.3172995556894935e-06,0.3444145586894602,1788.3382444357262,0.020952862416842494,-222.07793527584363
107,0.6139032749659012,73.43662657423506,0.23408433572370974,73.00129114072796,0.20125109778339248,1383.4152746070586,1369.8750675953997,13.540207011660474,0.0964152242996607,0.09785263547487216,0.9609682113392114,4.338373292141105e-07,4.169145278524983e-07,1.6922801361612174e-08,4.671793735869135e-05,4.666627803895523e-05,5.165931886709631e-08,8.622924069696623,221.91302397705934,5.712576981278762e-06,2.4839436125017004e-06,0.26709205125086205,1014.6754395354662,0.01799852904537122,844.0199494809785
108,0.6900098683916926,102.89814655755944,0.3085043496643601,102.4554759789022,0.13416622899288466,1828.2512650774443,1805.800636240837,22.45062883660701,0.09502624314825475,0.11783985333576244,1.1362687946641465,-3.114539250072158e-07,-3.2863381435899667e-07,1.7179889351780833e-08,-4.060302605098025e-05,-4.0667486419675455e-05,6.446036769609629e-08,10.22414079593208,197.44625033032912,8.173626549508085e-06,3.890122784203924e-06,0.302201009678634,1497.6096483305432,0.01833865696946119,-1103.1075348730556
109,0.5905938777206348,83.89507899984417,0.2187801219312232,83.38626369371308,0.2900351841998758,1322.7863460448223,1304.6486417494255,18.137704295395398,0.12338938929711558,0.10217001956083119,1.0205849406000986,9.009399841075333e-07,8.844273789601954e-07,1.6512605147337904e-08,9.664332371155607e-05,9.658563002529568e-05,5.769368457863462e-08,10.56684841826787,417.71870433358987,7.268022634108268e-06,2.3058935930819286e-06,0.2751944277616046,1131.172899799967,0.018297931590527745,2173.763327404231
110,0.6471901240917085,86.1400572277558,0.2816109823794875,85.60051015274516,0.25793609263116773,1564.0616837891278,1537.8094413208905,26.252242468237494,0.06274238974352929,0.11844510936363237,1.163624237926178,-8.208906147539952e-07,-8.371072417499637e-07,1.6216626995968764e-08,-0.00010040677007280679,-0.00010046394877127554,5.7178697416211415e-08,4.798439970409303,345.24963965364526,6.852939923651852e-06,2.7631625857447463e-06,0.3195616475279673,1209.1808249397304,0.019764196258946754,1318.1400925668386
111,0.6850797442354135,78.13462010187297,0.2565648129445116,77.6293623947868,0.24869289414166743,1462.758927492784,1448.2396258599438,14.519301632840259,0.10809370079163948,0.10652692222287519,1.0700419447436835,2.1847451536235313e-06,2.167241802059609e-06,1.7503351563921e-08,0.000250963236269974,0.00025091547162357466,4.776464509800316e-08,16.495939670892543,552.2467837737385,6.234226845158137e-06,3.858068216277084e-06,0.28827977033044944,1094.0464721943479,0.019327809381084273,-559.5760209787404
112,0.5530805670241529,76.85801830857827,0.2160254576771873,76.36044951284397,0.28154333805711473,1676.8054734003806,1659.1154910280827,17.689982372301486,0.12765182791587065,0.08648748454594739,0.8427035657951795,-2.5649870981817753e-07,-2.708146229123647e-07,1.4315913094187072e-08,-3.8334271022673755e-05,-3.838638516721436e-05,5.2114143175371033e-08,4.2000922761554325,275.2580235259737,5.574809449545476e-06,2.131623097028914e-06,0.24181498403977555,1069.395630964489,0.019286901807276463,-555.1389646847165
113,0.7188108870191934,118.61297868330806,0.42609643535339736,117.87524031328346,0.3116419346711984,1799.7959953085692,1776.2340310067268,23.561964301843336,0.25842826009784436,0.13263280360831095,1.1644716606046595,8.272761854943158e-07,8.071024906576547e-07,2.0173694836661275e-08,8.849229760157775e-05,8.842589443748084e-05,6.640316210211923e-08,26.08403125356924,674.4210006513474,8.188574918011308e-06,2.777564076543739e-06,0.328250416587088,1671.212688208596,0.019930288672239286,2405.137195482337
114,0.5820601229359919,69.9298444105551,0.1944387034576272,69.4677061045431,0.2676996025543727,1458.955612076062,1439.7585111771698,19.19710089889037,0.08753977376319494,0.08593278276957665,0.8709336171742877,-5.179269129806608e-07,-5.298275055601303e-07,1.1900592579469626e-08,-6.658357980149983e-05,-6.663178492481191e-05,4.8205122074129564e-08,11.278440621273841,99.86949412773284,5.11320106474055e-06,2.733920356501634e-06,0.2394304092900352,993.157959980309,0.01853651187421783,-554.6585515623083
115,0.6081903609309993,80.52953872066769,0.2729118312101447,80.04239956517742,0.21422732428014424,1680.8752361444601,1659.371849484521,21.5033866599418,0.09836917835458463,0.09397640532875623,0.9376310325800693,-1.0545576795154697e-06,-1.068995768194419e-06,1.4438088678949693e-08,-0.00012993372871542065,-0.00012998292091051855,4.9192193787553897e-08,6.210645029954355,404.61132343488515,6.974917388806661e-06,2.9891144869364925e-06,0.26909378432859465,1101.8558697869662,0.019042111102842672,-452.09225012410025
116,0.5826596672123853,69.36133826675591,0.18977555398873716,68.9706455182592,0.20091719450797882,1770.6916374997993,1754.1760973611738,16.51554013862518,0.0798563255273328,0.09446555981014722,0.9498983730190921,1.786061982870955e-06,1.7705888727073118e-06,1.5473110163643024e-08,0.00020625289240657743,0.0002062046442268881,4.824817809598043e-08,5.444389770580228,482.2912135773299,5.178877547530665e-06,2.3098859809423564e-06,0.2623451469565799,987.7226250125591,0.01732960002445601,2518.453774250849
117,0.5603079743506478,74.09711146083778,0.2251644245603953,73.65400714441817,0.21793989185920468,1360.5754738177889,1345.1604585550106,15.415015262778267,0.13972737327877258,0.09072989717224071,0.9098004283634715,-9.880887564570477e-07,-1.0040998271813817e-06,1.6011070724334623e-08,-0.00012266671000796953,-0.00012272002056412328,5.331055474786516e-08,9.446630288563924,465.9733474954151,5.617059974114239e-06,2.6387775222357577e-06,0.24527011853005004,995.3491264347412,0.018684234686140222,1701.9249574183013
118,0.5750780357954329,70.14207255884062,0.22397357569111448,69.66699223028866,0.2511067528608549,1327.7311451570833,1308.3653327823463,19.3658123747379,0.09965798920658599,0.08920506169221824,0.973321355971444,-7.128048897094358e-07,-7.244330180017932e-07,1.1628128292357767e-08,-8.816366833697351e-05,-8.821583566550876e-05,5.216732729902399e-08,4.605103267186452,422.3619390683211,5.610245397838732e-06,3.7047465072348912e-06,0.25308788178997127,922.1735398408189,0.019460091273577812,901.8481676164774
119,0.6313224906577731,86.53886681428985,0.2631335961476088,86.09985869227339,0.17587452586885308,1280.1593543262816,1262.2507946321027,17.908559694181378,0.11310424266565958,0.10985272560453091,1.0534419318303665,1.8490605460543334e-06,1.8350503912607402e-06,1.4010154793592537e-08,0.00021370534583241076,0.0002136409446649966,6.440116629919719e-08,31.8922754127867,662.2681662401988,7.569184091801534e-06,2.7700365153511254e-06,0.28591049845889704,1213.3971337702421,0.018176009058346966,-1262.1765124579033
120,0.61842166916626,76.8543407573259,0.21913518808392637,76.41617621819013,0.21902935105185609,1479.1607044036143,1462.5297355803286,16.630968823285205,0.14356920804256382,0.10164391198745043,0.9890516909645265,-7.0205654326891e-07,-7.174776304426186e-07,1.5421087173708588e-08,-8.818624002258048e-05,-8.824067923108797e-05,5.4439207307070856e-08,11.276759301995826,157.0296097477236,6.347885841420756e-06,2.3325997115663756e-06,0.2773102266543017,1043.733471483808,0.018600971871494267,-2236.4231422664598
121,0.7676806706935224,126.67751047881622,0.4435619912316439,125.83317727112787,0.40077121645670544,1606.0700482742095,1580.9744957904022,25.095552483809737,0.22589679268444643,0.15064521600330072,1.4076262759412774,9.662559368881212e-07,9.49734678253432e-07,1.6521258634689013e-08,0.000100814302070801,0.00010074946666191544,6.483540776343869e-08,9.407198864226006,388.07530912764616,9.028963313547584e-06,3.1704323724788225e-06,0.3821174486461433,1776.4672337594966,0.019056938972729153,3194.5352081115816
122,0.6217791014599383,88.7045187961989,0.282695887111272,88.16752440577727,0.2542985033103343,1669.0158906048464,1652.0420190872135,16.973871517632823,0.11266808234641867,0.10808019922821446,1.0764157283783908,2.8787042859013475e-07,2.7124363979189444e-07,1.6626788798240447e-08,2.7794224918151885e-05,2.773934291408089e-05,5.488200299403792e-08,10.567263868368787,464.67343602949757,7.61708122956286e-06,2.7536478736360837e-06,0.29148271653735613,1260.6388115409495,0.01880834688778939,812.5657463649259
123,0.6193330534735448,78.54332200568945,0.21306934364414565,78.00810272226089,0.3221499397844025,1669.484937388893,1654.904854909484,14.580082479406661,0.07087093684052675,0.09775599111180654,1.0146686983818973,-1.7245827627700194e-06,-1.7383590844040004e-06,1.3776321633980878e-08,-0.00020946514480755133,-0.00020951921454991017,5.4069741092189545e-08,62.32502745228659,309.69539778206513,5.741976937741169e-06,3.777290757486032e-06,0.26632196212560777,1096.8636375118788,0.020187542444232327,-680.5600488216296
124,0.5740254919365974,70.05262582897566,0.24481000729405467,69.61078284878658,0.19703297289500799,1300.319026443045,1282.7296961553973,17.589330287647385,0.11069589990882135,0.09593845877677913,0.994851871517926,1.1222180455382555e-07,9.673562192000624e-08,1.5486182633819245e-08,4.708980032437451e-06,4.653413003709459e-06,5.556702750022135e-08,13.797111703544937,-103.44676593760994,5.318838413105449e-06,2.9239617996035045e-06,0.25859421229879653,992.5355894725827,0.017136523259845892,-894.6493374358797
125,0.6009631157066262,81.248556916437,0.23642122573626295,80.74724192577567,0.2648937649250598,1371.9628967204671,1351.5457115685992,20.41718515186658,0.12953624111683038,0.09121485005677205,0.9040143428731385,1.3750522284252918e-06,1.3601632263848413e-06,1.4889002040450231e-08,0.0001561501173384939,0.0001560950084952017,5.5108841963324e-08,6.989998109664199,628.5399082261588,6.328698588665317e-06,3.284943050030319e-06,0.25580557010570704,1142.0911939409261,0.01741229972871369,-154.33163547723598
126,0.6000349234010782,74.95412928962504,0.21836376172212685,74.47250367619799,0.2632618517049202,1569.282417804982,1550.6110056935215,18.671412111459865,0.15767923055795485,0.09212176470512695,0.9895554889739325,6.310813460212273e-07,6.166704811781916e-07,1.4410864843035596e-08,7.026277532675011e-05,7.021174090998993e-05,5.103441567499115e-08,7.29393310681156,182.28400473576522,5.4295524428564525e-06,2.86439611441725e-06,0.2573242746718694,1042.592644650936,0.020633434737695387,-30.029934645979665
127,0.6473598667693308,95.13744981715139,0.34277825765271314,94.54230285523985,0.2523687042588152,1949.9686112898921,1927.7159313458753,22.25267994401689,0.11172589119415238,0.11107630353542874,1.0387397043654574,1.711791396229739e-06,1.697759044321402e-06,1.4032351908337654e-08,0.00019858047197598386,0.00019852244280705976,5.802916728009912e-08,9.416491878602013,628.2734644080393,9.21125050206459e-06,3.583816453462737e-06,0.2860364348317155,1318.537202361404,0.02063316386434945,763.3396909415169
128,0.621656953723133,91.63406137423907,0.2994205089481047,91.01902099427183,0.3156198710191112,1386.5534717420812,1364.4229386615475,22.130533080531656,0.09758354887087349,0.1113082457411103,1.0732952299778447,-7.475311889975369e-07,-7.639975932639426e-07,1.646640426640563e-08,-9.239211640517951e-05,-9.244988611079017e-05,5.7769703911845356e-08,16.802944232601316,-78.87256065906197,7.0512241874511e-06,2.9355079324634203e-06,0.28478952857013784,1332.6281217051294,0.017308730977996997,-815.1682188361883
129,0.6630783875901168,104.86168053810512,0.29544703544612994,104.23260055668061,0.3336329459783783,1421.6302027356708,1399.7071062235914,21.92309651208011,0.09581917008495594,0.11116031339744821,1.0258165498735903,1.06867664269558e-06,1.0539954548112863e-06,1.4681187884293734e-08,0.00012239993100533685,0.00012234158094231204,5.8350061775634296e-08,53.037259632628285,377.7584184922654,7.171417620056125e-06,4.3947222958362415e-06,0.28176551832608693,1391.8046532682997,0.018466514042404417,-2658.1074002608693
130,0.6496752167564167,105.31589481978996,0.3089843929871212,104.59032521904503,0.4165852077578358,1113.213502094879,1091.8279238627158,21.385578232165653,0.14398315785270233,0.12967386986037988,1.257234911714816,-2.7363124298502424e-06,-2.7540717465925506e-06,1.7759316742308237e-08,-0.0003267446495003698,-0.00032680640629178956,6.175679028054358e-08,6.185583593186963,608.1464021650866,7.809348007664968e-06,2.9163358762766207e-06,0.3260099362226719,1506.5803379180672,0.018673439081072083,-1526.3687084982048
131,0.6508616446373725,83.62920695630565,0.267683219886106,83.20266029875958,0.1588634376599936,1433.0604273462197,1410.5504143171972,22.51001302902413,0.1487385404264689,0.10697986128576276,1.0960397064086584,7.356821779232183e-07,7.223806870883668e-07,1.3301490834851439e-08,8.325923626477726e-05,8.320493605415029e-05,5.4300209288033005e-08,19.558201822675443,353.2866294187252,6.453702310675435e-06,2.967591204750022e-06,0.28462722414108294,1175.5490391765009,0.019175456560030238,-697.4646081835817
132,0.5983346453210989,83.62922712469246,0.26187944076960923,83.13849233150992,0.22885535241292487,1002.7910179583776,982.6127452116718,20.178272746705513,0.07184868779386079,0.09600673189804002,0.9657240737468464,3.6530728290604544e-07,3.5000872533606607e-07,1.529855756997934e-08,3.660428749086623e-05,3.6547714727821226e-05,5.657276147374934e-08,12.998745369365624,493.19982303760145,7.090836663652881e-06,2.8857393231012833e-06,0.2642962292981495,1171.3596409805377,0.017717114570103113,1100.3639775589218
133,0.5919478713841313,90.59430295685802,0.27439165874267146,90.01367042954872,0.3062408685666244,1331.6898265515276,1302.4317454467637,29.258081104763903,0.22556963933133126,0.10680437900124226,1.0642322927588246,-2.2709018119291517e-07,-2.4174078101913534e-07,1.4650599826220196e-08,-2.9154293624006642e-05,-2.9207810415085507e-05,5.35167899975129e-08,10.85334387541652,618.3030669826071,6.310824227087482e-06,3.269592458219999e-06,0.28794071785338293,1282.766406193893,0.01841879469165815,-53.607739142342325
134,0.6381389335317845,102.04237096558384,0.3444457776264925,101.41252202731505,0.28540316064231647,1577.903310784185,1557.1509435248438,20.752367259341117,0.13170777732267033,0.12148334675318873,1.0874310586110696,6.866786439696035e-07,6.735605413777684e-07,1.3118102591835062e-08,7.462551739874002e-05,7.456998016111706e-05,5.553723640274926e-08,7.342094378744887,900.0860660832485,8.507308415037739e-06,2.9920544965291493e-06,0.30063429382579293,1417.1717971697187,0.019259734222571444,146.98610379961247
135,0.7093449666386695,121.34095222883735,0.4711159419680296,120.70342352392466,0.1664127629446599,1543.7419486441918,1522.6116815328296,21.130267111363388,0.2025013057925352,0.1389960726247306,1.295082551407182,-8.465640310745104e-07,-8.666692481695435e-07,2.0105217095033103e-08,-0.00010971796807612882,-0.00010978160785154011,6.36397737182252e-08,8.242430071484582,568.2886971150626,7.842228986750824e-06,4.009404223260496e-06,0.33866333110830155,1705.652050273406,0.01836876372163555,1844.0630208014154
136,0.5885714419117479,81.42044904027487,0.24275750620679531,80.96379765394194,0.21389388012614832,1568.2236354108913,1550.7571213285014,17.46651408238888,0.18670865416980995,0.09060395200753002,0.8810290478106826,-3.560817398669842e-08,-4.974637176672247e-08,1.4138197780024062e-08,-8.285663965952908e-06,-8.339373030180861e-06,5.370906260554502e-08,14.04829665297829,394.58691659894026,6.693593553486026e-06,2.7465656095902843e-06,0.25938388419770486,1137.5205807351956,0.019057129070571385,702.5437168405406
137,0.6637858186149962,90.07636595922236,0.28844532977642956,89.47866775009564,0.3092528793503035,1327.7151051299013,1308.6549485077887,19.060156622113762,0.12798506886308145,0.1130267480735829,1.1196075689546727,-6.303581580971307e-07,-6.430318523621341e-07,1.2673694265003732e-08,-8.417452763752734e-05,-8.423386542521113e-05,5.933778650858586e-08,23.771095234139715,353.5830174289917,8.097253319274466e-06,2.7114625250384745e-06,0.3019540378257058,1254.1450761813092,0.018828361535183986,-766.1642046936686
138,0.6571757753771807,100.79215851211534,0.30566645255983704,100.23168354437841,0.2548085151770949,1577.0559522650578,1558.6924641843398,18.363488080718177,0.14669431614146947,0.11980017261605498,1.1336824112306887,-1.4922484212985847e-06,-1.5088069879867236e-06,1.6558566688138977e-08,-0.00017765488928479588,-0.00017771069403271593,5.580474685530977e-08,8.813958278223765,705.0082160787823,7.552362602767656e-06,2.768172841835455e-06,0.31059046278309543,1390.4267379207465,0.018417303568197287,-1793.261458397632
139,0.6420863927622973,85.10628938036295,0.27297654707470115,84.5961390549801,0.2371737783081456,1287.124977768703,1268.6474594876054,18.47751828110048,0.24592775813423542,0.10838967126866231,1.081653159222553,-8.816329801719707e-07,-8.993049607291639e-07,1.76719805571933e-08,-0.00011027031705466152,-0.00011031975646367675,4.943940781437769e-08,5.678834668303031,347.860166695352,6.260933365594251e-06,2.9327697484712053e-06,0.2848348350208631,1201.0419868190515,0.019491659439152063,-518.8279429822142
140,0.5953711501325604,80.25583190830878,0.2369951143499793,79.73194800281155,0.2868887911472389,1502.729698513844,1482.273976173378,20.45572234046459,0.10207015346041506,0.10028218535747971,0.9841247662752294,4.974210401508594e-07,4.849920927587192e-07,1.2428947392139923e-08,5.4850165786638146e-05,5.479821940749213e-05,5.194637790544258e-08,13.177824240663998,285.1882965702913,5.84566480818111e-06,3.438619369790689e-06,0.2649591286856462,1147.0983663867823,0.019490611812312576,-336.6591608895433
141,0.7246074478226872,129.55018730123254,0.39454751458970855,128.71131593107125,0.44432385557158666,1556.3716999663422,1532.1838577067451,24.187842259598035,0.3342591919413235,0.12582316762095033,1.1775645920002713,-5.178049936852887e-07,-5.361373762799786e-07,1.833238259468986e-08,-7.294013009983343e-05,-7.302350513906465e-05,8.337503813851974e-08,8.71333141078565,611.8017739997996,9.200045200268656e-06,4.604801584720395e-06,0.31749312605915814,1779.926868579797,0.0193899783194851,-4028.7920903934537
142,0.5882070355888798,77.51507604480372,0.21367610882236937,77.07889054892266,0.22250938705868706,1363.1663137556936,1340.0609607563638,23.105352999329615,0.18744795099168401,0.09885992561022901,0.9888337047088858,-1.0799684432199431e-06,-1.0918575236426488e-06,1.1889080422705723e-08,-0.00012933150892734273,-0.00012938295938202542,5.1450453106083825e-08,6.688854826801812,478.39508002671676,5.719205483803715e-06,3.338834337648522e-06,0.2636965322872728,1086.122479366251,0.020247091897765065,1144.7799889183661
143,0.6100974960348127,74.02818705826614,0.22061040692686076,73.56396706126156,0.24360959007773775,1677.2565291034166,1659.4113368442322,17.845192259185943,0.10567421930213246,0.10195702412848473,1.0463653852592112,6.336022396439926e-07,6.146850871829568e-07,1.8917152461035737e-08,6.970855125957064e-05,6.965715479042046e-05,5.1396467993878e-08,5.203001709567494,-38.06241092623132,5.688663966096556e-06,3.066099505294341e-06,0.27620256334317556,1032.037595508518,0.019052675957107894,-78.09277079998355
144,0.6752691682014914,99.32351005288035,0.2769406108057147,98.83513355322916,0.21143588884549394,1803.8028699164074,1780.4994146654276,23.303455250980804,0.11585754023462755,0.11839504765930915,1.1587425223675525,1.085697085307188e-06,1.0697945603612706e-06,1.5902524945917857e-08,0.0001226368842613481,0.00012257253462364016,6.434963616466635e-08,6.834630589635369,1374.2263329626414,7.146211251546016e-06,3.018662280970701e-06,0.3024412681379319,1381.3133210608758,0.018817774225760343,-1747.211093665348
145,0.6588998435660393,93.15569298892112,0.2701804147536694,92.61392694545569,0.27158562871175757,1547.5845097496028,1524.6801406465265,22.904369103076878,0.1215817527572288,0.1249125112078092,1.2303123679319437,-2.008984744950004e-07,-2.1509848463070337e-07,1.4200010135702931e-08,-2.6089636314041284e-05,-2.6149568163654623e-05,5.993184798327854e-08,12.828584777492582,489.02024565831715,7.028231027271367e-06,3.834195480551993e-06,0.33476519164234125,1301.9028195771907,0.01799125292897237,-2263.0914393212406
146,0.6180823330790396,87.36946255245181,0.2704426376031704,86.77198387146093,0.3270360433877009,1641.4902028072154,1622.6091170714265,18.881085735787593,0.1909378777868994,0.1066781784989804,1.0357576328964322,2.829181497285317e-07,2.6537821022947057e-07,1.7539939499061205e-08,2.6230138640561028e-05,2.6170267609089092e-05,5.987102989407167e-08,10.139725225395328,341.7671817037778,6.989959603297738e-06,3.083155785793334e-06,0.27858379910800485,1213.0433278353967,0.020131697078422762,-1486.4043484974354
147,0.5629454436159326,63.27872488574373,0.18637714266147415,62.79387983519109,0.2984679078911611,1537.610466216477,1521.4602827678098,16.15018344866802,0.07252146765385589,0.08184896950155024,0.8577502549312561,-9.909489601905735e-08,-1.1270500437604978e-07,1.3610108356992437e-08,-1.3685267529974596e-05,-1.373221200617434e-05,4.694447490774522e-08,7.637827393022196,557.6627728143617,5.59985752589476e-06,2.813204230068544e-06,0.22872656317785808,868.0617299611606,0.01923850096307586,-2029.1171057132742
148,0.6540847975750264,95.47915425427472,0.321533374249655,94.83621453257827,0.3214063474468118,1537.3925357255423,1518.418412729931,18.974122995610756,0.17557296343703813,0.10960122496961479,1.0230782937249658,-1.6921771404219776e-06,-1.7064924401879375e-06,1.4315299765960422e-08,-0.00020443645172222924,-0.00020450235978566742,6.590806202618683e-08,11.356475197877362,645.4207131213794,7.253528805743384e-06,3.0235221581279825e-06,0.28140050965171726,1329.5084955687714,0.017603358229274647,263.58425853056906
149,0.624686673364131,96.57248423262463,0.26455965587732533,95.99143983686837,0.316484739878955,1719.8761512463607,1698.6027494605707,21.273401785791982,0.13137499097411218,0.10635399335237897,1.0394765130898977,4.3524833216769386e-07,4.189689507848737e-07,1.6279381382820013e-08,4.838948387951096e-05,4.833336047306427e-05,5.612340525135666e-08,17.978714225346394,671.3434161499313,7.2244154025230365e-06,2.607263819583697e-06,0.28032427416764993,1375.6857851197765,0.018076329074685194,-239.77516177622238
150,0.6661495362989238,75.2478010877128,0.23432819170251729,74.78491549059713,0.22855740541315187,1213.2325880159592,1192.3060948982,20.926493117759456,0.06466761065115119,0.11303413235368076,1.1778529118187417,-1.6995671105646471e-06,-1.7133513347782238e-06,1.3784224213577002e-08,-0.00020894499758307758,-0.0002089976929544753,5.2695370417427824e-08,11.93229387993793,377.8650608722649,5.919281899386475e-06,3.2127748984780008e-06,0.3077556398818963,1028.3747059029574,0.018969941905759652,1480.7397775176396
151,0.6369054901268629,89.54628959790283,0.21813225941515252,89.08293645359508,0.24522088489257615,1627.827055385687,1611.8762322182117,15.950823167472537,0.2602608897436231,0.10030438044627367,0.9707588978857206,1.3282967932195346e-06,1.3157683479804989e-06,1.2528445239035506e-08,0.0001551419678900305,0.00015508821999803607,5.3747890316456397e-08,8.769611927448718,379.84697528545996,6.169023433683292e-06,3.5454489759938537e-06,0.2693845013796801,1278.709332462389,0.01826522071427578,-2523.6869570987583
152,0.6318559934175457,88.53012074638094,0.28787410685180714,87.99915757188221,0.24308906764694282,2032.790226439059,2010.8645413557697,21.9256850832922,0.06906646526770299,0.11501336830949759,1.114263941815986,1.167836934127891e-06,1.150358141966471e-06,1.747879216142063e-08,0.00013024969666752383,0.00013019962216640916,5.0074500360071095e-08,21.96803804514301,329.486573030858,7.021491477304179e-06,2.910453321084543e-06,0.2990394422146866,1273.4481628194394,0.018633367022642684,1610.3021839754
153,0.6592899892148967,89.72358324511725,0.2638507587910119,89.18120720964957,0.27852527667668964,1757.550037655642,1738.010872426073,19.53916522957112,0.1500260174861386,0.10337917294333364,1.0150901689156138,-1.8691550412407065e-06,-1.8847809759529183e-06,1.5625934712211682e-08,-0.00022267105458281082,-0.00022273092344439127,5.986886020186697e-08,7.774550188581676,511.5267274033133,7.805577843783508e-06,3.289911212563675e-06,0.26975083490676816,1245.9182403027369,0.0191496183694376,1011.6725511042241
154,0.6513437711842164,100.79129229801566,0.28859518402716483,100.25350953860233,0.24918757538618053,1618.2207238547244,1597.4859463638575,20.734777490865614,0.1404489736072728,0.10854486114852095,1.0518096089961149,-5.314079052792534e-07,-5.48485112607292e-07,1.7077207328038514e-08,-6.859864888732531e-05,-6.865728072383954e-05,5.863183519095467e-08,10.69082335070156,338.7752202206268,6.946067000272391e-06,3.3491638938331148e-06,0.2745964975036798,1518.2956139890848,0.01951810279082332,-364.412499482969
155,0.6535019064589207,92.62328716392803,0.24889569230008712,92.12443647812684,0.24995499350108744,1775.955034874368,1757.8530630668693,18.10197180749819,0.11720524211081382,0.10583138719929744,1.0079178265944562,-4.641922354671481e-07,-4.801111884620238e-07,1.5918952994875653e-08,-5.924753986921868e-05,-5.93093808765124e-05,6.18410063105111e-08,4.845463129005586,663.6341283592523,7.12409295996689e-06,3.0546424465639723e-06,0.2770829422741793,1282.221203432067,0.018826196175497818,4.265837412840483
156,0.7085590282406269,113.85389971280219,0.32803358478830325,113.20875287820326,0.3171132498106286,2010.3217336627715,1991.3280974844274,18.99363617834623,0.14091925541670455,0.13485469594610003,1.2200064541765983,1.3931882333063126e-06,1.3745396289299794e-06,1.8648604376334144e-08,0.00015798580260659682,0.00015791651495093264,6.928765471675328e-08,37.02837673074629,504.4795462479663,8.40528361619565e-06,4.935280361612273e-06,0.33394932645222,1594.9309334474947,0.018308658622147474,768.7850394188717
157,0.582674564847423,81.98127182889726,0.23532642966320386,81.47422456265186,0.27172083658220797,1722.324233109022,1704.3979362512894,17.926296857731884,0.13389304195513382,0.09556706538927684,0.9586937157603037,-2.0493275901625453e-07,-2.186486737155093e-07,1.3715914699254758e-08,-2.9953798816001013e-05,-3.0006208161936087e-05,5.240934440298098e-08,6.294893974164296,834.712264405005,6.742384623341852e-06,3.160378461257677e-06,0.26318799461136716,1155.8873203030425,0.01942821231096098,44.82951626857903
158,0.6555105051007305,94.49351499485853,0.27466954430337065,94.02233721241889,0.19650823813626997,1813.7176754009365,1797.3784958895978,16.339179511339037,0.11266619979991857,0.11349547772552848,1.1406426372855782,1.1192024406199298e-06,1.1038322573917709e-06,1.5370183228159253e-08,0.00012814463182529584,0.00012808819015958244,5.64416641489219e-08,17.63953281119112,540.7068344761428,5.931933985307839e-06,3.6383958679141736e-06,0.30168678134996685,1339.1260334644187,0.01905861243571379,1591.2202317186602
159,0.6376034592744425,96.32088516706358,0.32277072285472286,95.69209964863015,0.30601479557870015,1380.1763538510252,1357.6608806921258,22.51547315889866,0.0848256058952672,0.1038534956108114,0.9778626965758388,1.0765376754570132e-06,1.0571105498885914e-06,1.9427125568422105e-08,0.00012163905415281101,0.00012158248076797987,5.657338277018596e-08,6.246858727623577,-156.7639268282024,7.361111109313013e-06,2.6807112910010533e-06,0.27934177048822556,1335.7521554346183,0.017260907618882396,-941.2185558549718
160,0.722496437452817,130.3324747393565,0.41840684553503493,129.478350017315,0.4357178765064685,1397.3773199902782,1372.6176693096575,24.759650680618766,0.22045467589452297,0.13916798972577535,1.2264183860757831,4.557093613119674e-07,4.383735458413223e-07,1.7335815470645123e-08,5.2241030672903524e-05,5.217814516688548e-05,6.288550466714358e-08,9.804523787305286,697.2916208499195,1.0630168172319932e-05,3.1794954932900743e-06,0.34554382928301464,1829.2372505068665,0.01988462993790952,-1172.2171137838159
161,0.7346913874796025,128.7774374688909,0.5044037148770397,127.9282628753516,0.34477087866225875,2024.2435703220794,1999.1916937463898,25.05187657569136,0.1800265513395707,0.13692738379744715,1.2389504829665239,-1.9700212395555573e-06,-1.9919546376244317e-06,2.1933398068873612e-08,-0.00024096652094226603,-0.00024103620401112513,6.968306799567428e-08,19.581527418245155,1145.354141479198,9.649309826306231e-06,3.135824231779354e-06,0.3457478367795285,1786.114991819032,0.020093334016921646,-1868.7738682747295
162,0.7001214059004515,119.70020274987381,0.4642782311229588,119.0610170126973,0.17490750605352484,1742.727228935674,1720.0048592941553,22.722369641516526,0.1516657590814998,0.12749786642268976,1.2138908739660987,3.3352017681530465e-06,3.317720969452586e-06,1.7480798700460005e-08,0.00038662650700409685,0.00038656183978009675,6.466722260584853e-08,13.752073782998432,916.2108113407102,8.195864814628166e-06,4.976566185126646e-06,0.32261846804298666,1678.1606239124758,0.01978214047464141,2628.277428592046
163,0.7237802668998605,126.97920938270046,0.3859468847595378,126.17821071838307,0.4150517795578547,1267.5687008028683,1248.6404638981228,18.928236904745553,0.16484331788105513,0.13938838091418912,1.2773423879077312,2.3484057443972545e-07,2.1575696194656147e-07,1.9083612493163876e-08,2.099703115182059e-05,2.092656487097766e-05,7.046627953546421e-08,7.650609852713433,607.8887580069596,9.333531566799467e-06,2.8632560707113284e-06,0.3473821488671006,1742.6307746708535,0.01862633827115339,537.5023256379172
164,0.6685948533624352,89.62743839280506,0.25669791958870114,89.12834775926899,0.24239271394737266,1399.170392575908,1380.2163972380663,18.95399533784278,0.1120301335904986,0.1357178949454263,1.3437344877129362,-4.45521233851948e-07,-4.630608176387152e-07,1.7539583786767277e-08,-5.8974597068609385e-05,-5.902744703586886e-05,5.284996597149256e-08,9.954520562744978,1307.7974250122115,7.037141920075905e-06,2.874955781809482e-06,0.34996946149163427,1242.9507910014052,0.01880056686073257,621.0585296258287
165,0.7236230023913933,121.91177379081195,0.3495482057079442,121.27050156213849,0.2917240229655135,1478.3800279171967,1455.945881616348,22.43414630084792,0.10867260350683167,0.13343797295017454,1.2134296903531459,3.7429571509979306e-07,3.589393061765779e-07,1.535640892321504e-08,3.645454632120009e-05,3.639038307498876e-05,6.41632443831024e-08,32.34533429234194,365.2590260583531,7.741787365781213e-06,2.8579206834738226e-06,0.3226159607465146,1763.815460621489,0.017403776168791865,3445.327618921314
166,0.630783587332885,93.0587077087163,0.3076060138829395,92.45783414636819,0.29326754846517483,1460.465959148336,1438.682835041494,21.783124106842696,0.12705419170528237,0.10573396081691323,0.9907385387495503,-1.2423369955867487e-07,-1.455776660205692e-07,2.134396646189434e-08,-2.207762328435445e-05,-2.2130781067480374e-05,5.315778181060412e-08,14.559873132985688,470.55755841018606,7.473414870612901e-06,3.1117699976700457e-06,0.2742871358769892,1323.3377287073645,0.019254132491892118,-3225.482155444435
167,0.6932059081420391,96.93060197106722,0.3587592892212313,96.26176200896248,0.310080672883519,1435.4768009350412,1416.6868231454807,18.789977789558506,0.11706822620642701,0.11845695725814494,1.165122566799505,8.226543447241527e-07,8.08533411699255e-07,1.4120933024897418e-08,9.236934652524457e-05,9.231165375219128e-05,5.7692771711514375e-08,8.385533661883866,569.206417138421,6.486127917437976e-06,2.804150446987213e-06,0.3172741978704613,1396.7362823765468,0.017978798490831272,1274.6442522379512
168,0.6996966172556723,90.05055471987848,0.26566257857185505,89.38853771135463,0.39635442995200904,1510.4049428391252,1486.6001358704038,23.804806968721138,0.09354751803168992,0.11361425830637983,1.121687438291157,8.484083124015106e-07,8.230230450288161e-07,2.538526737269452e-08,9.336231891694666e-05,9.330202397683111e-05,6.029493867573141e-08,6.979022863517601,-286.52795514195316,6.527363040156845e-06,3.5067300166740496e-06,0.3058545778484618,1235.330922718312,0.01963567545633406,1329.4696617515692
169,0.6941601159971209,111.89351213222582,0.3801327312998538,111.1818576509127,0.3315217500132571,1350.52009319123,1328.9184566077386,21.601636583490347,0.24638683906920675,0.12273436370446368,1.0938704683384528,-1.9554554757830258e-07,-2.1212167215146487e-07,1.6576124573162276e-08,-2.9951382066879265e-05,-3.0007819378647186e-05,5.643731005458574e-08,14.530924051004863,32.25679243749867,7.5830576678636654e-06,3.1305334143645454e-06,0.3063283172639532,1591.2288938013662,0.0193919305511152,3270.4505604128535
170,0.6112037566160089,97.57496811114437,0.31206768033504223,96.96600503057057,0.29689540023872474,1266.8109470901638,1240.8265695865862,25.984377503579356,0.15376973979924635,0.10617363132490971,0.9737642791992277,-2.4002449590915546e-06,-2.416951231013955e-06,1.670627192240228e-08,-0.00029456425233765704,-0.0002946210048643515,5.675252571474074e-08,5.622181026764275,369.018920546551,7.454265834946066e-06,2.7363928248601344e-06,0.26324451451316416,1366.1523032857913,0.018936272576582917,372.090264401897
171,0.5784184142925808,81.15258727341771,0.23604284207487478,80.83954854627676,0.07699588506606632,1337.1470130396067,1320.0981048427757,17.048908196831892,0.13348675136280655,0.09954692821550178,0.9702339924239701,9.807303035307902e-09,-2.137885618695243e-09,1.1945188654003134e-08,-4.352683885266386e-06,-4.409161163565469e-06,5.6477277313659135e-08,4.585850986660256,620.5880859626735,7.506459413609322e-06,2.94032987276266e-06,0.26656210076415693,1119.8021260679038,0.019139218164529393,-1357.3509450785496
172,0.5954748540936075,85.22732781282068,0.23194471306897893,84.76741933468455,0.22796376506715896,1393.4909793599415,1366.8330438884425,26.657935471501673,0.17367800523778007,0.10071983838147472,0.9677460933339675,1.6177481925688657e-06,1.6038377589878204e-06,1.3910433581045932e-08,0.00018659655279972502,0.00018654081138165009,5.5741416573091894e-08,15.425997058249958,289.505025750943,6.817538157070635e-06,2.8120663679636234e-06,0.27148421050094834,1172.5405671266692,0.01661792310880847,501.93550827926083
173,0.7940417243265275,139.30635306753868,0.4327986293922547,138.56381494227145,0.309739495874973,1827.6491633030225,1804.6308053062428,23.018357996780853,0.11256019102369438,0.16429400021261323,1.5236195118665754,-2.116049467370266e-06,-2.133613525176772e-06,1.7564057806506768e-08,-0.0002572082577465535,-0.0002572768021797991,6.85444319712489e-08,16.30820543582535,792.2534626641594,9.664348274794808e-06,3.3385056500627684e-06,0.4006478361079314,1954.1545649765283,0.02090534778249148,2148.0256598422493
174,0.6068688925106158,87.25565416270328,0.2920316846117249,86.71692173488572,0.24670074320583785,1426.5141071857574,1399.1842416339734,27.329865551783804,0.18823408913266165,0.10423313247450379,1.0020224303580776,2.8771503487236804e-07,2.725580108573083e-07,1.5157024015059752e-08,3.0491969967402066e-05,3.0439023299909715e-05,5.294666669396396e-08,4.537658363876241,518.6195185531899,6.162470125433483e-06,2.8622746910761185e-06,0.27120764885294296,1217.7715692712868,0.01800851990275294,-2435.9703119664737
175,0.5981494996695272,81.99483428676764,0.2566153713882116,81.56105278743733,0.17716612794211536,1456.7406336064269,1440.950883899094,15.789749707333296,0.08111084106952583,0.10076772998202407,1.0387570139895492,-1.3636372371986468e-07,-1.5206046291889536e-07,1.569673919903074e-08,-2.1537832650515598e-05,-2.1587930932538934e-05,5.0098280811441304e-08,20.427414004702285,183.04983152833123,5.225855926870104e-06,2.7151943655436732e-06,0.2714358297910713,1157.4083806199308,0.017943542902149074,431.1545558833459
176,0.6178288075032338,82.75136019877883,0.275550738710623,82.1984560408914,0.27735341917680745,1651.4151457033724,1635.5501323288054,15.865013374566852,0.19842742716641992,0.09743459399317521,0.9586298814861767,-1.053522292954355e-06,-1.06740799971798e-06,1.3885706763625148e-08,-0.00013026206486860403,-0.0001303175856885466,5.55208186360753e-08,29.13916648392787,272.8361381394941,7.459565234524382e-06,3.3663227023543497e-06,0.26862686760369814,1153.4564201101616,0.0190422710617684,-388.2428381572754
177,0.6192229281872118,86.5529630054099,0.290101976301287,86.18492772512347,0.07793330398512367,1517.0710389014625,1492.7783485316713,24.292690369792922,0.08572872502760487,0.10549270016931855,1.0224512304118667,-3.3020799429049336e-07,-3.4557198502588537e-07,1.5363990735391855e-08,-4.5997298383401083e-05,-4.604938308791128e-05,5.208470339469102e-08,6.488891312234541,250.83165875004076,7.77106574600694e-06,3.588930674593228e-06,0.2843750675182173,1184.9422072227105,0.019236654399860914,-1749.5867292822659
178,0.743255355953187,111.67388959147361,0.47743852220642535,110.87616346052317,0.3202876087439999,1731.0710075313232,1710.1725741711189,20.89843336020499,0.13587696366555288,0.14601455526950038,1.3401973740518733,1.9539659825326355e-07,1.7926595408413433e-07,1.6130644169129308e-08,1.313440674773604e-05,1.307745205192651e-05,5.6954694599214206e-08,4.728849032818264,768.2644113823801,8.11319583889548e-06,3.0407563582439726e-06,0.36325364739131294,1569.5348646501984,0.019542991724994654,-1462.2659845468115
179,0.6503986870716232,96.03434293751893,0.266673881439356,95.58250501291168,0.18516404316791718,1291.6737184115154,1271.1113063480936,20.562412063421306,0.1567645858284457,0.11250292204201545,1.038062357673532,3.414973262624352e-07,3.247316214701577e-07,1.6765704792277513e-08,3.625478207136053e-05,3.619719438956123e-05,5.758768058012417e-08,8.950988585091117,439.0869543628539,8.443904335321575e-06,2.7210519911411797e-06,0.29027578962911804,1369.6265093979466,0.017570557756260718,29.703212007116235
180,0.5807983767410573,77.64450765853147,0.22770623436377568,77.15787735643232,0.25892406773538595,1363.1225914612728,1345.8965093405834,17.226082120690908,0.12282567206913902,0.10794876353913789,1.0420350572686465,-2.2300114330935304e-07,-2.4087458266022593e-07,1.7873439350873126e-08,-3.221531771722711e-05,-3.226503822581072e-05,4.972050740266594e-08,7.7430207777065005,442.4236716148841,5.14643860690785e-06,2.517249526436218e-06,0.27416779458534285,1091.77801735419,0.0178321897473881,68.33380512991789
181,0.6465766050809463,105.41781310053258,0.3464252039885428,104.53478675020595,0.5366011463381021,1698.5306666943259,1676.0906962902313,22.439970404094378,0.2569563974568771,0.12293539307821197,1.1346845987551255,-1.0436900634486673e-06,-1.0608110372597683e-06,1.7120973811100744e-08,-0.00012515262446762,-0.00012521399981520155,6.137534638382441e-08,8.855926643509,814.0872984519099,8.425967414791453e-06,3.3433898319187103e-06,0.316606191001058,1505.7286707122548,0.018929468686757003,-1235.843707501259
182,0.6720703320089731,114.06179155301155,0.3708883779314599,113.67383567409729,0.017067500982793117,1693.3635329533502,1669.6521881042213,23.711344849129016,0.16496926647325383,0.12568193172075545,1.151115187213802,-1.3286068331445908e-06,-1.3456581360379848e-06,1.705130289339382e-08,-0.00015890683054498373,-0.00015896629601442572,5.9465467844375597e-08,9.613851900584038,406.32754456710893,7.274587103579092e-06,3.4132387983974267e-06,0.32008888304414845,1634.3524475876284,0.02006050257965252,1390.3015267302617
183,0.5973855468864901,83.02294747173426,0.2465512668224844,82.48541819462051,0.2909780102912839,1395.0996270910935,1369.393246280662,25.706380810432712,0.10746620610830597,0.10370551044041851,1.0070840421941183,-1.0385238500739542e-07,-1.2131768301210287e-07,1.7465298004707435e-08,-1.55679615466509e-05,-1.561668447418553e-05,4.872292566414216e-08,6.386196425400083,380.2736051827358,6.281197760955591e-06,3.793109676688826e-06,0.27361760193998136,1147.371495834627,0.020055833067724894,-1533.764256101087
184,0.6285503938054932,94.23453385340078,0.24458700105826717,93.75197651575765,0.2379703365848485,1567.5827724343242,1545.3298565037412,22.252915930582557,0.11059088673505815,0.108476777738681,1.030329142120583,7.156635445305864e-07,7.02818343420123e-07,1.2845201110463247e-08,7.893486471152202e-05,7.888086496513853e-05,5.3999744752826265e-08,8.11880281727257,581.2378571524072,6.0806382317422865e-06,2.6889241342969108e-06,0.2837148848613172,1320.1992736691375,0.018738353263326193,196.09571979016255
185,0.5993442705067331,76.91234719739411,0.2167399474984826,76.39259663819438,0.3030106117012283,1548.7031687630406,1532.6913697246216,16.01179903842149,0.16371977010391917,0.09876751030156371,1.0156985315938962,5.486456263977308e-07,5.360974913874262e-07,1.2548135010304287e-08,6.195757270867033e-05,6.190884847021083e-05,4.8724236798120496e-08,4.7985816552143605,444.5586555674848,7.962693978034328e-06,2.781914012736786e-06,0.26638940714223047,1070.7633652325744,0.019784590936730923,-673.1578379761704
186,0.5951502115276991,91.4764222801864,0.2631750337008995,90.96389438592169,0.24935286056381012,1421.284783476355,1404.8321787323932,16.452604743963196,0.41237667789417914,0.10844502732801842,1.0308909902680319,-6.994028526657367e-07,-7.130969373218468e-07,1.369408465611013e-08,-8.969566800283236e-05,-8.975146048196555e-05,5.579247796259832e-08,38.29213888664427,266.48243962300666,6.731817291485448e-06,4.528647500948698e-06,0.28330193563189604,1286.7440860293063,0.020653242625237756,-819.5274298690929
187,0.5772735904667312,82.02826954353304,0.21358639159662798,81.52837744791498,0.28630570402143624,1538.081295211564,1521.777848528898,16.30344668266786,0.10939804478103185,0.10132332905616452,1.0016288850257675,-1.2061211664825338e-06,-1.221003966043963e-06,1.488279956142844e-08,-0.00014674627340638418,-0.00014680001835074255,5.374494259906285e-08,9.201534439615001,368.0667382220947,7.195986155540005e-06,2.8105469588600805e-06,0.266117215850741,1125.7939360221712,0.01769379541085907,1328.7438106343616
188,0.6328982962067005,85.54152670560339,0.2418265499771479,84.9350179556342,0.36468219999203616,1639.5492778480566,1619.5600430812906,19.989234766767535,0.13977534880057416,0.10138505915051524,0.9784450807943391,1.2732443455692654e-06,1.2580371935256913e-06,1.5207152043573635e-08,0.000147730085810688,0.0001476739784679505,5.6107341799042794e-08,11.414417971430629,-95.56402949937116,6.204666326155064e-06,2.615071230022185e-06,0.2691028509361396,1165.4386101966093,0.020202986948951555,1042.1683453625737
189,0.5767975505174089,88.97076562878472,0.2717772839557391,88.27917415814471,0.41981418668426895,1670.1788374255698,1646.4069037861968,23.771933639374925,0.0854959130377897,0.1105262167887181,1.08550732980522,-9.69850363167481e-07,-9.867417891170452e-07,1.689142594956469e-08,-0.00011813512847280398,-0.00011819513646436498,6.000799040346793e-08,35.27244001634802,537.1719730003574,6.737631874193094e-06,2.845254863346268e-06,0.2866793183231451,1257.9522588536163,0.01827610274277664,551.6857297059796
190,0.6620839697885675,89.17825102428512,0.2294650291336343,88.66498228769335,0.28380370745813005,1940.7636211453487,1921.7902502344373,18.97337091091192,0.098190602015892,0.11170445200976292,1.0606943830260025,1.4769417827036868e-06,1.4653704423484769e-06,1.1571340355209779e-08,0.0001707258028674117,0.00017067286932968674,5.2933536902557976e-08,6.094558363264335,438.8991784169516,6.425922369764957e-06,2.804113663173964e-06,0.29375442138377356,1236.6400626709449,0.019219900239080753,-1300.866492514153
191,0.6384721064628757,98.41309752202676,0.3508892207155028,97.96674705730207,0.09546124400919172,1425.857244581875,1408.2642114121809,17.59303316969386,0.08200598083608886,0.11239283793282229,1.0648018950680498,-5.156210473034681e-07,-5.323279742128848e-07,1.6706926909416757e-08,-6.69659286337911e-05,-6.702653891339045e-05,6.061027826371141e-08,11.644945647104862,164.47556713145102,6.109894127310575e-06,2.751539942139383e-06,0.2855293794682402,1369.852517889044,0.018324290379626323,1317.7233564876078
192,0.6942801134558777,116.16919665162028,0.3544551811315428,115.40803942745599,0.40670204303273944,1505.6387324287007,1482.064234317503,23.574498111197364,0.27026317578535397,0.12885805339840667,1.161435017131591,-2.3023732445205353e-06,-2.3207681571857178e-06,1.8394912665182986e-08,-0.00027979973223507174,-0.0002798670314829712,6.729924625060004e-08,10.432250192977335,297.1654592017266,9.19692694952696e-06,3.1740248341358206e-06,0.3261911478933371,1631.889523291425,0.01849771058332554,-2778.35044928603
193,0.6609356897168883,100.53644442959907,0.3040875757799352,99.79559881723745,0.4367580365817043,1318.2253543735158,1294.2265511743235,23.998803199193713,0.11932162347607023,0.12155464713506026,1.1441177385966745,2.452755828805884e-07,2.2982550047194142e-07,1.5450082408647064e-08,2.4274521131812005e-05,2.4215766810898132e-05,5.8754319529277746e-08,9.145782819168598,816.7908154801257,7.431840631065255e-06,2.7580384091703315e-06,0.31244896188182175,1472.8854822426304,0.018532406452204744,-2522.4577447331067
194,0.6449997150648215,98.454933750008,0.32185386820178763,98.04929832538103,0.08378155642518895,1534.1246206765059,1516.1978493681577,17.92677130834968,0.14105717136043075,0.12084199471298285,1.2034201013645773,-3.326550642026224e-07,-3.5023760227884396e-07,1.758253807622169e-08,-5.124962022196079e-05,-5.1303084228458714e-05,5.3464005438742096e-08,12.708976461651945,478.47919153215133,7.506241154772487e-06,3.4489843346512693e-06,0.3098562781412656,1434.6158020842622,0.018121318726462606,111.30400105488661
195,0.5699457895435929,78.72221089578892,0.26437366341349694,78.23735259664915,0.22048463572626084,1727.9110616802768,1707.970580768554,19.94048091172429,0.15338413564102946,0.08862838156957836,0.8583155786623662,1.491041755627076e-07,1.3539871225211003e-07,1.3705463310597621e-08,1.3068965755595956e-05,1.3017543169080986e-05,5.142258503343958e-08,23.19879785565331,66.94591600680052,7.164289584941447e-06,2.457466954037947e-06,0.234459584914137,1125.8944677645163,0.016946297939007097,1301.520853684182
196,0.6396375402402038,106.13334498685285,0.28025436178484725,105.71672035607895,0.1363702689890512,1604.8958758381302,1575.5484002272465,29.3474756108854,0.14571787830046243,0.10796767286241403,1.047715367950148,4.067077344331628e-07,3.894716757619903e-07,1.7236058671172352e-08,4.192701631544833e-05,4.186272372422875e-05,6.429258971010034e-08,91.66975976063019,873.1089614450214,7.1732235786140734e-06,3.7445586807095893e-06,0.29094019882357847,1469.574107594514,0.01970059898414292,994.4991334716615
197,0.6947447910336044,89.82770452267512,0.3024576407161703,89.40643698774527,0.11880989421367508,1413.5439773987107,1392.2612037776812,21.282773621029346,0.12708534685725098,0.1335642425053091,1.3504924663298103,-3.6819555032557465e-06,-3.696459777997615e-06,1.4504274741867454e-08,-0.0004413596171623043,-0.00044141020372047126,5.0586556785952216e-08,12.42403022172386,643.0610803945646,7.20302278994822e-06,2.7466069670982428e-06,0.3433869603267291,1280.403563876139,0.018523891349040384,764.5756625939794
198,0.5688064871318177,69.37226659888387,0.19168910835432254,68.9086245877659,0.27195290276366085,1733.327949812394,1716.5441691148578,16.783780697535416,0.12408837020491402,0.09147795684378628,0.9154696452629738,2.541727875972556e-07,2.4150656205578974e-07,1.2666225541466003e-08,2.5510496568856053e-05,2.5464627757338545e-05,4.586881029393523e-08,12.71952331235942,637.9761825146536,5.4868131805128756e-06,2.9258717823556426e-06,0.2492434514518857,1016.8922542386624,0.02044340642146771,-87.42472792180342
199,0.6834099339312883,108.04408128695773,0.32710095409832135,107.40907762392878,0.30790270893061594,1785.9013035160347,1766.8270285618808,19.074274954151836,0.14765694156551248,0.11770496593477238,1.0883490274603667,8.336387446576301e-07,8.161408960062671e-07,1.749784865136309e-08,9.036858036977486e-05,9.03067356555517e-05,6.184471290259353e-08,8.577763486583269,737.0730986338735,8.824630965011063e-06,3.07461676488248e-06,0.294310391267668,1544.9478014129488,0.019983872634456504,506.8018455561578
200,0.5988397742708805,75.2316923938445,0.2605701765051279,74.62048623875528,0.35063597858410556,1853.8099601977112,1833.929332645978,19.88062755173283,0.07211858984707857,0.09482829238269679,0.9174776269761652,1.0900131529245924e-07,9.499032380348864e-08,1.401099148897058e-08,6.154326018997405e-06,6.103447298422368e-06,5.08787192946129e-08,5.336306231353806,550.8951834825824,6.6361476186898436e-06,3.6806669911390506e-06,0.2498020462250962,1068.858808692011,0.01899768518508842,-350.22765909453665
201,0.6052121941731342,76.64221413494587,0.23109092933520642,76.19881010174356,0.2123131038671028,1286.8003955762263,1268.208452345884,18.591943230341634,0.23555833704226228,0.0964658235288122,0.9539204894796268,6.531590794785022e-08,5.0458005686193917e-08,1.4857902261656298e-08,3.4862247933986567e-06,3.436618814642189e-06,4.960597715794246e-08,28.606650705938073,215.47695498286194,6.19722356273572e-06,3.172088497447833e-06,0.266844627862088,1042.0246115564971,0.01677123669469236,697.1893868570551
202,0.6911974213740657,115.02141497334176,0.33253157688497237,114.26013600634712,0.4287473901096584,1679.4705717409206,1658.5365124687276,20.934059272193217,0.14202662366374866,0.12883821415537808,1.1963950645030406,7.002933518518531e-07,6.828977584145129e-07,1.7395593437340086e-08,7.902615635312123e-05,7.896250210713978e-05,6.365424491129053e-08,13.846150919604401,698.7257970055938,8.450881373948863e-06,3.3417033687724814e-06,0.326457307360252,1621.9704761670266,0.018792181855118877,-841.2106763281881
203,0.6626832865256547,92.8805512874316,0.3127852275472755,92.32211314241228,0.24565291747206797,1555.1799050552168,1532.2562963651344,22.92360869008325,0.20243967602664387,0.11257789610459243,1.0483337529416685,-9.259120514006936e-07,-9.435716425249886e-07,1.7659591124295053e-08,-0.0001102026495116744,-0.00011026089560148207,5.824608857010455e-08,7.833207898840252,356.4690998316987,6.338359855168388e-06,2.525390476728357e-06,0.29551498350362293,1322.8568543108968,0.01933937541179849,-222.52431350584084
204,0.6026018767743992,72.20022816384996,0.17847238262756687,71.8270093410267,0.19474644019568121,1297.7136104067408,1281.7377324257295,15.975877981012287,0.142674024228261,0.09123214485324249,0.9845348346718144,1.0180959262846199e-06,1.0043985317006031e-06,1.3697394584016738e-08,0.00011614772562358003,0.0001160962200828428,5.150553982884429e-08,10.99066659437898,620.3755708066766,4.974355720719688e-06,2.4069619326691136e-06,0.26088154023108867,954.1034877299442,0.019201365306917774,703.7334499687349
205,0.6050010141808535,92.02618984038617,0.26986377613046186,91.42895680342687,0.327369260828827,1765.3954094990258,1738.1040168898837,27.29139260914323,0.14621834117231894,0.10735964573036347,1.0479966895640964,1.0496288832005636e-06,1.034578851239938e-06,1.5050031960625957e-08,0.00012196527798506715,0.00012190979388522381,5.548409874394025e-08,6.7108960974007275,652.5112131321517,6.902196957040876e-06,2.567840293481527e-06,0.270438787975584,1260.2081586465715,0.017689771572414897,1433.8358387506596
206,0.6947451533320157,112.29578634112949,0.3661795461814855,111.61768413569938,0.3119226592486228,1424.0129351256305,1398.1735757406925,25.83935938493565,0.20042920602592681,0.13435743310823162,1.2710791043127245,-2.137213586167899e-06,-2.1526737708581148e-06,1.5460184690216007e-08,-0.0002555495841584205,-0.0002556081909492115,5.860678957332553e-08,15.150200568202873,318.392665401845,7.917733399604512e-06,3.0164497442528762e-06,0.34495639752277074,1642.3409262516966,0.01918321461308727,-534.1084542046774
207,0.6029790564056454,78.36961249457809,0.23972721507940978,77.84985868397845,0.28002659552022136,1189.8674535900432,1164.6166341432286,25.250819446816504,0.1418930101780113,0.09605097450620484,0.9481474561347635,-4.089057099564651e-07,-4.213256506979293e-07,1.2419940741464252e-08,-5.3728971503238666e-05,-5.378229765979095e-05,5.3326155584153027e-08,13.667039321262553,86.99769256067279,6.300463482818811e-06,2.956452020902347e-06,0.2599891908632167,1109.1199854330257,0.01801244203716506,-1046.7722372568278
208,0.5950420445700725,82.84694486381419,0.2620933510874325,82.35382040171623,0.23103111101052495,1440.8829394377692,1420.6165874287547,20.266352009016046,0.11200545145578285,0.09696136855476936,0.9405891562624973,6.057300912498622e-08,4.380801328920218e-08,1.6764995835784025e-08,5.040140288353334e-06,4.988652217453551e-06,5.148806941154249e-08,39.4632501960708,511.9955503514579,5.935002150183251e-06,2.916351922408426e-06,0.27089549356990417,1137.3551645055602,0.01830541127060082,-1154.2599460254605
209,0.6993954042372571,120.62486821825959,0.4315881605729862,119.78258686960712,0.41069318807948835,1331.5833969214677,1308.2716539542973,23.31174296716984,0.110337085286724,0.12500346229089526,1.1568532748777336,4.2005671106051113e-07,4.0510107195185625e-07,1.495563910865492e-08,4.456358078755716e-05,4.449322634776751e-05,7.035443816949293e-08,12.118840476756455,434.83010010903456,7.971210925523658e-06,4.896088010642201e-06,0.3098631219584913,1702.7688048596174,0.019081782858767816,544.9073639647431
210,0.5771653275243916,80.10143867771264,0.26637407626677506,79.61758130848206,0.21748329296380392,1358.605242317938,1341.895667436655,16.709574881283817,0.07910712546912126,0.0975023713575057,0.9526702855798508,-2.479061504495939e-07,-2.590213005730008e-07,1.1115150123406873e-08,-3.490364763449138e-05,-3.495716856731845e-05,5.35209310950879e-08,15.748005078516552,77.8489674832193,6.754718555375558e-06,2.8956629983736164e-06,0.25926227153160514,1125.4309604217149,0.01893259737321765,1570.4110230166189
211,0.6155258349171427,86.53931343893268,0.27651802144301124,85.97953878434312,0.28325663314655314,1655.537113444516,1636.867968178613,18.66914526590523,0.16016162564484232,0.10247041646667253,0.9703121761532024,7.325835433412964e-07,7.186921503631626e-07,1.3891392978133781e-08,8.308555792084404e-05,8.302630533351412e-05,5.9252586210155235e-08,5.9507220438126005,412.78416456678104,6.437376249000667e-06,2.38565041537204e-06,0.2815342874859834,1210.6004452753978,0.01859207200637628,-514.9026697280533
212,0.6110749902743978,93.75046288352321,0.3100217525151338,93.1036850605432,0.33675607046487605,1469.5340904922584,1450.0395292565202,19.494561235739422,0.11956058295735383,0.10853621049303361,1.061561358446001,1.8915336721106103e-07,1.746411264731961e-07,1.4512240737864926e-08,1.6355232507646093e-05,1.6295796744285784e-05,5.943576174322808e-08,62.090034812918475,586.7550640985471,7.159710628507201e-06,2.7803340922396894e-06,0.29058022282408297,1336.5139187419709,0.020275308479619805,-1473.9690705295034
213,0.6393066788551605,77.87725488048133,0.21416795684171006,77.43830663066049,0.22478029297914046,1502.2559406265757,1479.6551154198887,22.600825206690395,0.1302193108021273,0.10220286708594055,1.019801050664462,-1.382146430970943e-06,-1.402385650616132e-06,2.023921964518899e-08,-0.00017011633705213717,-0.0001701669354989874,5.059844588643064e-08,21.028337651729696,582.5995263477239,6.15732453900685e-06,2.608334475150715e-06,0.2872794338842606,1111.2856519159423,0.02019959726277888,286.4016204720465
214,0.5941818353966347,69.27660319920365,0.20825001436689383,68.81164628602207,0.25670689881469755,1540.396680048262,1521.3026606541414,19.09401939412009,0.1641871599315091,0.10353471224000232,1.1173012272908907,1.5065190686841595e-06,1.4854398480028743e-06,2.1079220681285574e-08,0.0001724095365371267,0.00017235628967632018,5.3246859852748333e-08,7.774359216138475,506.5918259723676,5.485303158209715e-06,3.088140236829518e-06,0.2839310593232069,967.3208355683087,0.01972781056352594,-1716.9455676910002
215,0.5956403022395399,85.72386092438505,0.2457067301492234,85.11338983222663,0.36476436200920637,1512.4438855601672,1497.2930170982995,15.1508684618693,0.11242028289741961,0.10157702449999106,0.9932086734710356,-1.998765886403658e-06,-2.0139309193712943e-06,1.5165032967636963e-08,-0.0002391097775143003,-0.00023916264895535024,5.287143974912897e-08,6.083217697519314,157.1279184412715,6.105298464126517e-06,3.5049788503046223e-06,0.2680244321830668,1157.3915872384564,0.019138834087566982,-588.772881797031
216,0.6748355163366971,104.62333194871519,0.29888458194336276,104.13639449189336,0.18805287487847494,1362.7967692296568,1342.2645134949828,20.532255734670592,0.1614329847463575,0.11311003821818016,1.0891115594428078,2.5587741377685203e-06,2.5377222649375763e-06,2.1051872830943852e-08,0.0002926830594468958,0.00029261527947383267,6.777997192280782e-08,15.128678491397167,416.389324691819,8.405145914013489e-06,3.327190763290101e-06,0.2983988976960282,1464.3883948995049,0.019621083765899255,-1637.0639491170878
217,0.5648498671825443,68.13767222347823,0.22424952072160537,67.63279354351037,0.2806291592462449,1526.934723248438,1499.36559432269,27.569128925749382,0.08683795799347026,0.09504131452830844,0.9576159771857327,1.4829120537531987e-08,3.6475536610631062e-09,1.1181566876468864e-08,-3.733092304432775e-06,-3.7827587306486646e-06,4.9666425064781413e-08,4.5323595187172145,192.576250794408,6.291623875816674e-06,3.4241363046308858e-06,0.26033123801517455,941.0739368304344,0.020111685616000095,-194.68605430785829
218,0.5940989835755491,88.12728230728365,0.26245322741363675,87.51509676756432,0.34973231230571306,1775.720005642923,1755.8975270716514,19.822478571272715,0.09324095551534277,0.09633130952517563,0.9177601021826546,1.0182977917199812e-06,1.0041167840874593e-06,1.4181007632521845e-08,0.00012126321515334666,0.00012121116655862201,5.2048592914775705e-08,9.233637261141581,592.3258301535637,6.357441984288112e-06,2.586281966601798e-06,0.26409257599931374,1213.203241581289,0.01907610921210982,-1457.1804104113326
219,0.5738552959813473,73.26837912778727,0.18658983024348852,72.77156433666019,0.3102249608835842,1543.4869211926075,1523.8940924665294,19.592828726080093,0.09367618075339472,0.0910098357103495,0.8977055311774059,5.602991101237651e-07,5.403925269552625e-07,1.9906583168502673e-08,5.89869303362705e-05,5.893719147693166e-05,4.973885774065758e-08,13.1187165306326,329.44828605528875,5.583557532256874e-06,3.348462613052613e-06,0.25160997114971645,1049.071546241435,0.018454715537470592,-1315.0067646895586
220,0.6255265963239524,84.10464065729164,0.31251186807047665,83.63830989906992,0.153818890151206,1074.5763687176882,1055.4596505962706,19.116718121420096,0.19578003787146825,0.11120613346692501,1.1086920809425802,-6.555294756375912e-07,-6.716383028759629e-07,1.610882723837181e-08,-8.397043313532434e-05,-8.402317338851824e-05,5.2740251471878003e-08,5.125848133657531,398.80304110012014,6.675889592470618e-06,2.7764548995245645e-06,0.30777232662130366,1178.467461339552,0.018835666675069456,-598.6935724337127
221,0.609877638467715,91.68941868035597,0.3000228925737195,91.13976809255787,0.24962769522437073,1488.818019999701,1468.0943967580242,20.723623241676822,0.09947962448878735,0.10102770966768738,0.949854643951463,1.6239254922718084e-06,1.6097604231072214e-06,1.4165069164587024e-08,0.0001889446805239154,0.00018888631542261392,5.836509962052861e-08,26.707788207451877,598.0706558149752,7.5761851158457724e-06,3.010658211848262e-06,0.26526526557906993,1278.3186110701058,0.017711397851453172,3750.4911351192786
222,0.6922622297369951,116.0852676732181,0.3158210547881361,115.42745353529286,0.3419930831371147,1338.5069210178956,1317.0715982951317,21.43532272276538,0.14972949643735062,0.12884310162693977,1.1932075234714739,2.724450331830252e-07,2.5399572558174586e-07,1.8449307601279497e-08,2.4301418405588015e-05,2.423377251264303e-05,6.764589145357706e-08,24.61870235091476,587.8257374835722,9.029587705610929e-06,3.837871928941179e-06,0.3255644207290741,1604.5851490360892,0.018639927149416556,-3032.199804884829
223,0.6394832662915251,102.25378491949478,0.27050268464371907,101.74198437615408,0.2412978586969747,2365.6570330936293,2346.760033035775,18.897000057857728,0.17818043673286332,0.11810158645027195,1.1055279531257671,-4.249747325132708e-08,-5.815943222475955e-08,1.5661958973432413e-08,-1.6098931725274445e-05,-1.6152342224026482e-05,5.341049745328447e-08,41.18466556731999,848.7620301722558,7.466729865848877e-06,3.2586889886860235e-06,0.3042857991690443,1431.3946622938372,0.018512738988842162,1255.253496173209
224,0.5994778295325731,77.96103485964417,0.2159782327370425,77.45868774640266,0.2863688805044816,1308.4515531960888,1291.1315457604683,17.32000743562028,0.09764671513327668,0.09100703205705787,0.9070977154502179,1.2586552661878488e-07,1.129868473562876e-07,1.287867926249717e-08,1.1803367447679495e-05,1.1749659251045343e-05,5.37081952642081e-08,4.73201002241878,-2.3437497964135456,5.980710425138979e-06,2.7004148092716543e-06,0.2510281734693358,1080.2996451613426,0.01767539375199276,-1928.222688518068
225,0.5943893473615669,78.60136010228035,0.22770908065249237,78.1262300841939,0.24742093743396507,1478.8695016520192,1462.071539901817,16.797961750202454,0.09313431917627506,0.10295764507896894,0.9986125651440683,-5.038885557887242e-07,-5.168962321906824e-07,1.300767640195781e-08,-6.807478581040699e-05,-6.812608822330246e-05,5.1302411616978296e-08,17.41744592984815,623.2130209705577,4.798862770320609e-06,3.0828080641994534e-06,0.2785841944357757,1083.7098597341637,0.01902433281841782,1056.577656323163
226,0.6331016323708584,98.86742060372288,0.3648890389066167,98.30934586735124,0.19318569746501052,1528.3455657835495,1506.0631142520344,22.282451531516816,0.10630139693021248,0.13293067806671247,1.2624991895383038,-9.344026864681866e-08,-1.090648465712083e-07,1.5624577924389624e-08,-1.9938859073265068e-05,-1.999560554354253e-05,5.6746469071225126e-08,7.048225744018596,602.4952433156419,7.215457288175045e-06,3.1411316528083785e-06,0.33517372155391384,1380.738377742035,0.020165538023828363,1485.2146620123967
227,0.595124772992818,84.61849431504909,0.34701120043357536,83.95630406589738,0.31517904871813934,1802.482229747015,1783.8628209311864,18.61940881582946,0.15262727001054452,0.09699925439672344,0.9107803211666828,-1.0980018354657556e-06,-1.1137192323703795e-06,1.571739690462374e-08,-0.00013243880410696252,-0.00013248819361842958,4.938950976421284e-08,6.87203631927048,320.24848045500846,6.884007697782322e-06,2.713633810663966e-06,0.2626073886541833,1203.6484223297755,0.018058099589633548,-310.45115318501485
228,0.6755373347471068,86.83350708262535,0.2685858202595882,86.43528001928497,0.12964124308079078,1372.116234263271,1351.729817103961,20.386417159312163,0.08009690305371985,0.11150374123135794,1.096736010878432,4.5366489391081915e-07,4.394521209552884e-07,1.4212772955530739e-08,5.2658920327928724e-05,5.260349028780503e-05,5.543003891531807e-08,3.7702729440948515,502.57327628983387,7.003851553090835e-06,2.853862146960461e-06,0.2954744767452557,1205.3698340536246,0.018557690802615396,1721.4338673136335
229,0.7111772769181974,111.48156125004799,0.30010917886053823,110.93850867696032,0.24294339422710706,1693.9974234342424,1675.55497503266,18.44244840158233,0.06975603915211075,0.13448269858674083,1.2711907138159528,1.6702730788351993e-06,1.652014573556222e-06,1.8258505278977272e-08,0.00019179374013057057,0.00019172717234736648,6.656778171922107e-08,15.25235402317114,-223.13652582873905,8.338354955760325e-06,3.857815763359148e-06,0.3389367654599043,1562.552612142436,0.020407040009071578,3358.789714463488
230,0.6525450746697609,86.36881618476522,0.2773978305609569,85.8967339469184,0.19468440728585754,1394.1306446222975,1358.7746272284267,35.35601739387166,0.11243237564653157,0.10627360930516554,1.0779025132043156,-9.453912285887281e-07,-9.571067432164024e-07,1.1715514627674172e-08,-0.00011389623329869524,-0.00011395855079276369,6.23174929365194e-08,15.682014763557444,466.0647817979011,5.90796140378338e-06,4.124726922806519e-06,0.28022918940643793,1205.828182278665,0.019146592750410134,701.8641562223238
231,0.5583848272840288,67.61666029320497,0.20369412012623547,67.18747633541622,0.2254898376625128,1577.2602415201184,1560.1068703160797,17.1533712040396,0.09742308760799637,0.09645983211822987,0.9822150181516931,-2.4633834738933785e-07,-2.6138386419742016e-07,1.5045516808082318e-08,-3.512241743063797e-05,-3.5169150683056807e-05,4.673325125449864e-08,7.366401495211967,241.5666149196751,5.0862760039398095e-06,2.742190813781172e-06,0.26788187633621735,928.4524989391186,0.01937994642563071,1754.593808129981
232,0.7977760786337925,143.82559357299246,0.4340146056454942,142.84561496964366,0.5459639977033083,1624.4621259346004,1599.348096314331,25.11402962026726,0.143658204127181,0.15568948390920695,1.3344359180975836,-2.8009652375972965e-07,-2.983019912652859e-07,1.8205467505556323e-08,-3.856946434077326e-05,-3.864220687016081e-05,7.274252797710912e-08,58.099755389045626,499.42321197236635,1.0828894276781967e-05,3.541407773982852e-06,0.3726000046170742,1970.8275507044382,0.017428786908889427,-1084.6767931716531
233,0.6473568440575199,88.43994759391924,0.3097907311765095,87.90935470480233,0.22080215794040173,1469.9809006705816,1449.8848688719982,20.096031798583336,0.07537380717015413,0.1073844382639397,1.0489427983176127,-5.361594963911635e-07,-5.526710998009091e-07,1.6511603409745536e-08,-6.978462426504128e-05,-6.985166135265406e-05,6.703708636153655e-08,8.012026665321002,648.5436303947948,7.077563880533153e-06,3.2859594958955943e-06,0.28994785782878985,1207.7188029213646,0.020486255535159557,-975.546620840556
234,0.7108955087989292,106.54127965253687,0.41622167111531033,105.86608038659628,0.2589775948252694,1394.1327043785602,1377.4429018479964,16.689802530565654,0.11662662974102743,0.13546761625907225,1.257188652872566,8.31569305287521e-07,8.084597621286515e-07,2.310954315886952e-08,9.368802202088672e-05,9.361842124138448e-05,6.960077824546895e-08,14.454181318449383,705.071789635804,7.0958206304079586e-06,3.357092248518206e-06,0.3420971264782525,1483.0228634717373,0.018069137833467603,-92.86213918067733
235,0.7076973332019759,106.54947121222713,0.36842159692967996,105.73509136451804,0.4459582507794197,1089.5151446798084,1064.9382182683262,24.576926411482315,0.18237508986227896,0.12687167332503044,1.2539107890187478,1.0306536688677537e-06,1.0110288152557658e-06,1.9624853611987857e-08,0.00011430312858983841,0.00011424453565374618,5.859293491976457e-08,19.110611350874755,530.4420250583609,8.796487468533165e-06,2.9067697576116545e-06,0.32843096610705674,1466.8579522084674,0.018450531771948508,1395.0737889078082
236,0.5622697539216868,74.30734099024676,0.2163603738161161,73.8344129852422,0.25656763118844744,1742.5542933234085,1724.5635652469996,17.990728076410782,0.09276666768253711,0.09660484824600113,0.9722800384776151,2.2421567544520704e-07,2.1120996477316701e-07,1.3005710672040023e-08,1.754473694581495e-05,1.748886609433438e-05,5.5870850151564915e-08,15.90531791275565,691.3570801334763,5.8404626394921405e-06,3.055088057043911e-06,0.2647680487290205,1058.0825713715017,0.020947995223677476,1631.6292403340994
237,0.6040298196286188,78.33628530321307,0.19615806935510424,77.99949848367726,0.14062875018070312,1404.0424682705307,1389.6942934642002,14.348174806330896,0.11638470981072412,0.10075351842590408,0.9969229909971637,2.730050071577349e-06,2.7164751246566726e-06,1.3574946920677228e-08,0.00031620552952589266,0.00031615220276453817,5.332676028436769e-08,32.24702335587497,510.9802637513219,5.553292046260998e-06,2.3839458759625964e-06,0.2665097265873677,1066.403480342164,0.018040269681889147,-3006.0273198612085
238,0.7271800038113403,105.70164905558289,0.3380503945844637,105.24434260997344,0.11925605102500253,1606.8022259754998,1582.9010382648808,23.90118771062186,0.17788115820331302,0.1343013398217572,1.2919381331708368,5.799975932747145e-07,5.64256587171656e-07,1.5741006103058387e-08,6.207743899978365e-05,6.20128700931637e-05,6.456890515535812e-08,7.350925376271291,594.3989445176834,7.509687106884632e-06,3.776487947852802e-06,0.352671531499325,1539.6294306630114,0.01855751349945166,-1626.3471684715732
239,0.6688620537704242,78.98885771075922,0.23963026500439993,78.53698878542068,0.21223866033415406,1819.5190675719819,1804.1324875265439,15.386580045440839,0.22698691943587324,0.10747523707624641,1.10148741359112,-2.0327540807361573e-06,-2.0451745991067573e-06,1.2420518370599162e-08,-0.00024577945362368875,-0.00024582617389156807,4.672026689831773e-08,14.6598820332785,479.81940196841026,6.690979275218695e-06,2.9743261730651788e-06,0.2938614140452656,1098.9442194204337,0.020324712392538583,-1012.761989696115
240,0.5916232331241329,79.06932932006814,0.1939266297706068,78.58591590998135,0.28948678031616487,1580.0912282377633,1554.7205486540095,25.370679583754594,0.07390597484972752,0.09366474245022809,0.9401498249283219,-2.4608886759673436e-07,-2.620671930099421e-07,1.5978325413207855e-08,-3.8636551910250304e-05,-3.869059309350223e-05,5.4041181632376384e-08,116.58170225952516,-81.06321085839843,5.4917143928741964e-06,2.529815869206469e-06,0.2571775925700716,1092.3877606417243,0.02034204185905901,-3133.0794708427347
241,0.6103441423290273,82.67093006740906,0.2508614537601319,82.10614787154844,0.31392074210048626,2149.552689339912,2134.552332458851,15.00035688105955,0.10796435237422843,0.09657566223516832,0.9590860287356563,7.645138804667371e-07,7.489813082115315e-07,1.5532572255205654e-08,8.594586577374464e-05,8.588398636799277e-05,6.187940418814192e-08,19.96569592468426,56.53634675922133,6.128692094588909e-06,2.6316489644031653e-06,0.26308840528503846,1141.473403745673,0.01976249436731424,-914.8999625365432
242,0.6542592984143605,83.20810185162846,0.25243035104026734,82.74544338303592,0.21022811755227502,1411.4965682719721,1386.6490072323493,24.84756103962347,0.09268999746425503,0.10084493292472009,0.9471854085731981,-8.895720615681497e-07,-9.035505708353771e-07,1.3978509267227418e-08,-0.00010976848920964725,-0.00010981925229879129,5.076308824495636e-08,15.125655651574105,524.4507141275813,6.712279309182348e-06,3.60971731044888e-06,0.2591078544304973,1154.7610505781145,0.020620971312499972,1222.753820322676
243,0.6757875189262651,113.51846861471498,0.383616725504591,112.75486720256396,0.37998468664643614,1234.7052810256712,1215.920850403662,18.784430622010078,0.16786163313488225,0.12500540265172944,1.1445284092751944,-1.0978377927627788e-06,-1.1158985080076888e-06,1.806071524491075e-08,-0.00013896077513982937,-0.00013902427589558466,6.350075427387789e-08,10.5695195476709,443.88397333006446,8.248964467998719e-06,3.259546609458326e-06,0.30734771146195744,1525.572830230521,0.018214589937760435,218.32533291685468
244,0.6407477827071768,82.5902835766901,0.23998686736368477,82.02276070692318,0.3275360024032344,1547.2749134800886,1530.2449244877596,17.02998899232889,0.08963398175640765,0.0997286158947447,1.0018655700960004,1.2463795715362192e-06,1.2317288415292953e-06,1.4650730006923942e-08,0.00014280352340633923,0.00014275065015871452,5.2873246502733574e-08,6.751483438509121,363.89953169098953,6.150998924884203e-06,2.5765433080420228e-06,0.26958916927470783,1151.274929949713,0.01875154177519306,-3823.1238021404424
245,0.6554435744907008,94.08723114370943,0.2716307552167622,93.66549789716146,0.15010249133120612,1570.1488248458538,1545.8931835958854,24.255641249969493,0.12873416549480843,0.11329826250293606,1.0438156390819502,6.209865418023771e-07,6.054129252637959e-07,1.5573616538581232e-08,6.983091704056345e-05,6.977546840762238e-05,5.544863154377812e-08,5.547385161976869,203.71034686368742,8.086996694989976e-06,6.395671447200658e-06,0.29856760620418316,1326.9390374885586,0.01876496538612625,-641.6640235215564
246,0.6303448205682823,80.23051861746447,0.265979812585413,79.63864675852949,0.32589204634956864,1066.033806915225,1043.9589290575705,22.074877857656297,0.08839237365963384,0.10322887389024818,1.0155115874879932,-5.604423928427091e-07,-5.730836997233652e-07,1.2641306880656109e-08,-7.238018858427929e-05,-7.243470928501832e-05,5.4520699476211375e-08,12.65592054531316,273.3718335502931,5.7451830373435395e-06,3.0083280739304082e-06,0.27395910163303017,1189.5098782451141,0.01884264882230477,-646.0326962054933
247,0.6466749124754604,101.49880179595863,0.3355098598423669,100.91714667139085,0.24614526472539583,1468.0566828178505,1448.2412404908723,19.8154423269789,0.2007932759428254,0.11524697237640247,1.052908356093955,1.468789831501331e-06,1.4507601164030717e-06,1.8029715098258983e-08,0.0001712287514955258,0.00017116812593749478,6.06255566554994e-08,27.287626737663775,764.3257512856073,7.045375913878874e-06,3.054854672336905e-06,0.29120353204779764,1418.575462104487,0.01812920354135518,656.2903954341855
248,0.6974159665019061,108.82089962421287,0.3900156207920725,108.14479150953866,0.2860924938821381,1360.3557830843254,1341.452203900264,18.903579184060668,0.09960611344682377,0.12446682202910456,1.1410799510806864,-1.8965268898895741e-06,-1.916897560519282e-06,2.0370670629708157e-08,-0.0002291841398923086,-0.00022924673417278743,6.259427937198887e-08,41.989693732932345,344.47208727909367,8.536132689078078e-06,3.111540540328855e-06,0.3005005956119324,1535.565911663536,0.018156647136019746,-1979.7377488110942
249,0.6784780961517829,120.58322512827864,0.40744767580163194,119.79148373482803,0.38429371764896214,1489.2080799492328,1458.6265257857513,30.58155416348129,0.15481315994375752,0.134613877098598,1.2041875731907585,2.5593917830064527e-06,2.540595494416016e-06,1.8796288590437813e-08,0.00029796261994580094,0.00029789568288055745,6.693706358401331e-08,13.48847141500682,325.3889962597045,7.400153084328479e-06,3.1482975858598994e-06,0.3212041730952169,1705.7065612199424,0.019559682457666934,5509.142237068376
250,0.6547878310687232,86.42037161751013,0.2484938990452143,86.00289698672417,0.16898073174075734,1727.5177622049343,1710.5549109975768,16.96285120735763,0.08373666717052597,0.11855921984962783,1.1704636933873376,3.0438858969727345e-07,2.853776963602162e-07,1.901089333705725e-08,3.599127096587344e-05,3.593581562177192e-05,5.545534275268546e-08,5.321699842387102,133.37476049899013,6.895856367066887e-06,2.7832893629096857e-06,0.3156037286888592,1210.9175948232073,0.018296599384611326,2231.859033348246
251,0.5957434691601131,93.61525436946093,0.24835944780553912,93.05240777821112,0.31448714344425993,1568.0913363998636,1545.3153311131061,22.776005286757375,0.05913727779286082,0.11705158905005715,1.0946854665879546,4.5667616819858355e-07,4.4035500319391754e-07,1.6321165004665974e-08,4.8361035418333204e-05,4.8306374732698195e-05,5.466068400906209e-08,13.99601315826472,547.0363830133587,6.887929343869368e-06,2.6787438797870214e-06,0.29817069382285966,1293.6335420293547,0.016837391504095505,-673.2192183168081
252,0.6705707726759846,99.86165485130356,0.3058057909029772,99.332505331339,0.22334372906156608,1505.3619888020312,1484.3778698750318,20.984118926998555,0.2139920842398947,0.11175871179222342,1.0867388385499335,1.13577219711357e-06,1.1199198197868113e-06,1.5852377326758808e-08,0.0001237625522978545,0.00012369766997064223,6.48823259095926e-08,6.91754843254468,310.4701633662582,7.672915695633548e-06,3.2287288825219574e-06,0.29505309497439536,1420.6197284521463,0.02046750566600345,-998.1876923998789
253,0.5748529619763277,75.83927422219118,0.21124639882568663,75.41646044480336,0.21156737856212846,1654.4229382117617,1634.2342988930059,20.1886393187551,0.08607354508585868,0.09323720828769133,0.9689537494722708,-5.273037669334087e-07,-5.405722030928587e-07,1.3268436159449893e-08,-6.579864908460389e-05,-6.584864023001257e-05,4.999114415111143e-08,10.01427023308801,318.8117463717127,5.777311980178179e-06,2.4517362638674923e-06,0.2589636077587064,1050.7842020681987,0.017861803897716418,76.8331425995384
254,0.6295082551160651,99.13885891933772,0.2605906169962582,98.73336663783242,0.14490166450903263,1298.6805548040652,1270.766080495934,27.914474308132814,0.18425580421611798,0.11815019292291866,1.1201182560676357,2.5405529335691825e-07,2.4010649469417117e-07,1.394879866274725e-08,2.0841307886641647e-05,2.0783686131967866e-05,5.762175343506071e-08,9.335217602240288,211.26710703156456,7.207802684161492e-06,2.689822023220148e-06,0.3022093971451313,1419.1611855492433,0.01898732358177238,-3645.1372775505806
255,0.5984850774850806,86.56295175670427,0.28264951126199706,86.12030236766107,0.1599998777812158,1435.8226703691441,1414.8696432156885,20.953027153456155,0.1454162918278109,0.10299584459635827,1.0016343505174392,1.8848749521188499e-06,1.8641338745807778e-06,2.074107753807253e-08,0.00021402861941357813,0.00021397542073956456,5.3198672418240914e-08,5.801309980130409,678.1950379626452,7.696523880312993e-06,3.2433832742187054e-06,0.2729114159139817,1215.1682234021744,0.01966831462971145,-1254.8479001056585
256,0.6791456419539655,99.01088190345232,0.2856558638643515,98.47177765447901,0.25344838510898526,1076.282902776302,1058.4147912052406,17.868111571061778,0.14941519657459304,0.12308645166705134,1.1693763894830693,1.3910458901029465e-08,-3.1001301910585752e-09,1.7010589092087954e-08,-5.627792054000595e-06,-5.690338216928612e-06,6.254616194763817e-08,47.54326589341303,612.0259866224383,6.2500826089791406e-06,3.3286030036143015e-06,0.31940429542968074,1375.8744219072453,0.017874816349498647,-4109.19185032713
257,0.6819924121168418,96.44892038484636,0.266098810609809,96.02568199926536,0.15713957497119302,1993.530658253154,1968.8376165598556,24.69304169329558,0.09062598328019288,0.1126794346226068,1.119966669239762,1.0049566751063714e-06,9.80944261436638e-07,2.4012413669733704e-08,0.00011375919715118624,0.00011369404924126912,6.514790856104207e-08,52.90047460164562,-137.4733409238531,6.893216856581603e-06,3.2095572770601386e-06,0.30180970798649964,1368.9826721838533,0.021802818065780626,1722.9657129258012
258,0.5667171831901606,64.87210901307606,0.18488059475909677,64.5099932244249,0.17723519389205225,1315.2808464354716,1300.0866890071259,15.19415742834582,0.09791476246247427,0.10110502286395305,1.0346514296783325,1.7070398562729865e-06,1.6942455894162243e-06,1.2794266856762399e-08,0.0002012965401015803,0.00020124882834428323,4.771175635716135e-08,12.810428928961503,209.38444797030914,5.55088455274707e-06,2.9491038090369645e-06,0.28327450602223475,885.393025359388,0.0172331366454153,-490.959941518071
259,0.6421323849282331,117.66727737319003,0.36127958483486133,116.97971692145892,0.3262808668962446,1517.8534592758538,1496.4043882077303,21.449071068124262,0.12751220680136097,0.12084100542923631,1.0973921771408417,-1.1207371056010624e-06,-1.1364983611859217e-06,1.5761255584859276e-08,-0.0001318853265667669,-0.00013194836288595596,6.303631731168992e-08,17.137127283141204,567.6031587218547,1.086108230081619e-05,2.833721169572655e-06,0.2963949115897773,1670.744639146932,0.018050643010510042,2604.6764486153625
260,0.658716691125982,104.95552139394643,0.284979679381084,104.32210453285076,0.34843718171459237,1574.4162391171728,1554.5583870494888,19.857852067685606,0.13201775814517985,0.1214084817578535,1.149470910071606,-9.24820607645447e-07,-9.411870676630167e-07,1.6366460017569737e-08,-0.00011810381081762969,-0.00011816033827902462,5.6527459886357244e-08,23.506937286117648,385.249025179398,7.618912652162098e-06,2.7573664102100273e-06,0.3119203124450645,1483.6685427641441,0.02019479920627212,-4114.9042226541205
261,0.6779602176197794,102.34035249585163,0.3291217763719515,101.78092977422034,0.2303009452593262,1255.7223489892585,1234.2075793181084,21.514769671149505,0.18722538769890226,0.11030643696971529,1.0382013142027182,-1.8931109930302413e-06,-1.9080432376884165e-06,1.4932244658173845e-08,-0.00023165626240091483,-0.00023173001033142967,7.374792944010303e-08,12.745370222804354,347.4634047498146,7.390771912870739e-06,2.7285885914645097e-06,0.2786275842564509,1443.5246410993705,0.018845900854780277,276.7846171689671
262,0.5620246537836425,72.35384871447208,0.23102137685727625,71.68584947321948,0.4369778643953204,1497.7857388103184,1478.260501403387,19.52523740693289,0.12122460870046173,0.08983519598169855,0.9005636737496071,-1.3916525101646214e-08,-2.9141072011311674e-08,1.5224546909665442e-08,-6.480849950674697e-06,-6.5310851361400835e-06,5.0235183801022893e-08,6.335416108102826,216.0651718967037,5.461638370098363e-06,2.699655889913255e-06,0.24710235955232,959.9692817932016,0.019532821995267968,249.9455432780269
263,0.6771326570826965,100.62932086014278,0.3243748978446363,99.88588086577633,0.41906509652180385,1576.7948412940734,1560.5238626379278,16.27097865614456,0.20670073910301198,0.1279104407271956,1.2878099547909638,1.0961224879204956e-06,1.0814192284949406e-06,1.4703259425554945e-08,0.00012474688788921082,0.0001246935087470181,5.337914109747846e-08,6.897348119590561,373.55628586484477,7.824467616493306e-06,3.911834533859336e-06,0.33235913820865864,1396.1373065078947,0.019634976383304897,-1947.6738409957616
264,0.6613422289025735,91.6176013646107,0.23634190027997068,91.12237030662193,0.25888915770880383,1463.8403331474985,1447.5727088639835,16.267624283514444,0.07920217448693938,0.13202575858820367,1.304454215712488,-2.2488872863783938e-06,-2.2615757311139224e-06,1.268844473552884e-08,-0.00027083399760578905,-0.00027088698591390924,5.29883065769562e-08,7.127408429747544,799.0220591804027,6.346209124149861e-06,2.6626063061025684e-06,0.3430127825820213,1265.598467885331,0.017253066405237747,40.92629711617701
265,0.6412104348170864,84.05209169202001,0.23627539475607923,83.55463657339486,0.26117972386908306,1685.8208417965643,1658.7169711649165,27.103870631649254,0.23700759174415215,0.11185069270477281,1.1289957852618233,-6.770335258595332e-09,-2.1529450344361226e-08,1.4759115085765856e-08,-6.594248024000723e-06,-6.6483709158092386e-06,5.412289039904092e-08,25.109734039492537,361.9864219881378,5.810560237806846e-06,3.6962611716953263e-06,0.30253299369305825,1196.5761656511477,0.018201154514815476,672.9264081414694
266,0.72991562412974,132.9531874198637,0.379641664744015,132.0833127518191,0.4902330033005724,2064.406226287019,2039.1098545189743,25.296371768043745,0.2809767837544215,0.14855210299628613,1.3323384615386846,8.635053467683699e-07,8.445145326847364e-07,1.8990814083633507e-08,9.973978674107021e-05,9.966976069279886e-05,7.002604652185768e-08,14.868340140638031,194.97216322204926,8.75665517292228e-06,4.294714076053862e-06,0.3620308498405645,1840.8822909612452,0.019122452906215705,-424.7719987640994
267,0.6460295446728035,93.33259394398856,0.29423487273183324,92.73208297006285,0.30627610119387777,1819.0312279558843,1799.9805426915402,19.050685264345727,0.11378422556222723,0.129235992860126,1.2838448966285843,5.311673057891007e-07,5.188532031722239e-07,1.2314102616876786e-08,5.686637061785912e-05,5.680759229810145e-05,5.8778318600985315e-08,12.520734526071411,503.8738974775306,6.683452360099038e-06,3.085196242317622e-06,0.33335036399520956,1307.4481449583664,0.02273796297169307,275.9374192329451
268,0.6265217693375799,79.01041424160123,0.22030484268257952,78.51085214266888,0.2792572562497651,1338.341718057187,1320.970161283826,17.371556773360616,0.09069593091881362,0.10408955011241193,1.0347075501611567,3.229035015060273e-06,3.216262072327414e-06,1.2772942732859634e-08,0.00037904853649255795,0.00037899438728927884,5.4149202210655726e-08,20.54410035400614,356.0757255789545,5.803725002582927e-06,2.3569319334241864e-06,0.2865909443826304,1089.8278486800039,0.019438955925447254,-202.18620062460104
269,0.6080418457806893,78.15181387086726,0.21775607535733543,77.73248334928266,0.20157444622725762,1298.3294910507368,1282.3755928423823,15.953898208355236,0.16108426837875756,0.1060633252869083,1.068027341113817,-5.433844000820813e-07,-5.550119691473692e-07,1.1627569065287695e-08,-6.800480686830583e-05,-6.805408564160357e-05,4.927877209941973e-08,19.00731307774852,572.2152834918869,6.230635100639952e-06,3.3002861103756885e-06,0.2836070346218566,1101.6426046033298,0.02037578197869727,2344.661156308248
270,0.6311369776897849,85.99695479532986,0.2297578662193,85.55647803589596,0.21071889321459167,1761.360366783027,1744.365328104121,16.99503867890662,0.10603292798422333,0.11069450828697809,1.1003603327182903,8.877291139474334e-07,8.710589841291824e-07,1.6670129818250928e-08,9.510006393002963e-05,9.504735467416693e-05,5.270925424997465e-08,5.96347499150991,465.3078079155535,5.4355061916557644e-06,3.0751210636993814e-06,0.2961468032516978,1207.6804505442947,0.019430055673157292,-598.6084082751622
271,0.6215565535301112,92.72828551540289,0.27759782085404794,92.18806839987548,0.2626192946733565,1480.0940117443552,1461.9124468790098,18.181564865345802,0.2109750812085989,0.10716627138036501,1.0835809814475759,-3.6891502672347875e-07,-3.87577517561872e-07,1.86624908383933e-08,-4.981300032899713e-05,-4.9871131238580906e-05,5.813090832910568e-08,16.115049354157925,272.13557389446896,9.578706362431707e-06,2.718951564942861e-06,0.2837309624681122,1253.9899958984706,0.018234228565188724,-2594.887194420142
272,0.688133037005597,102.90239132840254,0.31428801035318266,102.26760297631027,0.32050034173908504,1604.8751165515916,1581.200548463898,23.674568087693856,0.13119305277324264,0.11461658058621947,1.0934114549547749,1.2907678460012996e-07,1.0870118511254042e-07,2.037559948758945e-08,7.814111888053664e-06,7.751758176258789e-06,6.235371096414844e-08,66.9011433751393,1148.5232434803181,8.66095675141968e-06,3.373733904869753e-06,0.2984985309500884,1458.8782515845865,0.0193879215252504,1653.2723324435174
273,0.672557735144257,101.65814138459035,0.3099158955219681,101.02113135140247,0.3270941376659042,1326.501925233944,1306.322281306977,20.179643926966843,0.15453288754820724,0.12062050519568274,1.1892897552684873,4.3668404546518533e-07,4.2152296069523614e-07,1.516108476994921e-08,4.629916214754764e-05,4.623931660406172e-05,5.984554244612525e-08,7.707071693659448,363.5340582376482,7.913149317073505e-06,3.854698168303824e-06,0.31121383302857575,1468.4162457713226,0.01963446141355841,-1569.8370106215516
274,0.6780406101113126,74.66194323832907,0.20398438729265783,74.19476461052693,0.2631942405094633,1868.7138399415585,1852.0168487854476,16.696991156110965,0.09300045370898649,0.09520318453019623,0.9716105574831074,-1.2717252326808414e-06,-1.2839575523510971e-06,1.2232319670255461e-08,-0.00015184894407278387,-0.00015189815485553774,4.9210781106550044e-08,5.813057776682697,385.97945628698835,6.381245513830772e-06,2.9535077878419158e-06,0.2661159465259603,1009.2948810143396,0.020256325811407204,2127.958357654603
275,0.5670228420588953,72.31764087705302,0.1918656302878002,71.81410430018114,0.3116709465840801,1437.4643911606177,1422.5755159430234,14.888875217592188,0.19056079417440364,0.0980181454079452,0.9700652582402791,3.279643392365053e-07,3.136560743863187e-07,1.4308264850186748e-08,2.8599800994986625e-05,2.854681382274246e-05,5.298717107103128e-08,13.734588009571963,430.9023589900718,5.297585417828109e-06,2.780528580276836e-06,0.26501091452430003,1002.040027624593,0.01874312282387232,1341.6000027383634
276,0.6065678033686537,80.09749483974326,0.22986443050789662,79.62080418230288,0.24682622693249978,1453.1459651240011,1431.1180330411287,22.027932082872905,0.1123895236190226,0.09785578919513593,0.9965747964108755,5.976607302003203e-07,5.853400209973344e-07,1.2320709202985652e-08,6.704243462957818e-05,6.699424036858088e-05,4.819425992210755e-08,14.32579776423421,438.71311846487066,6.070588959621508e-06,4.24856418321012e-06,0.2693454942252253,1111.7147394099384,0.019157466723315864,294.80650695523946
277,0.5620198189620946,67.87909047098228,0.20428106976952753,67.50016665999894,0.17464274121380707,1173.5452303655645,1158.0565430716001,15.488687293963052,0.07033783549023613,0.0845846097807862,0.863426873887763,-5.557484031798097e-07,-5.681318902344139e-07,1.2383487054604494e-08,-7.284991830862315e-05,-7.289846183150112e-05,4.854352187528288e-08,7.769747528878032,631.6399389613198,5.524573634379843e-06,2.3641012071774464e-06,0.2376358002159232,951.194904092929,0.017589078456634676,280.5671358036452
278,0.6945005817871089,103.77670494967295,0.33658534384712313,102.92285462306567,0.5172649827601277,1410.4758701488856,1389.5857035721042,20.89016657678164,0.3020514134842797,0.12616038193885193,1.1884661131198435,-1.3723339676291694e-07,-1.549799874448701e-07,1.7746590681953113e-08,-1.9856040783001275e-05,-1.992058442561901e-05,6.454364132799495e-08,10.412312682145021,582.2247437380207,7.293991991068661e-06,3.125457950031765e-06,0.3239648886899768,1457.5991855855113,0.018118340154321483,-53.05776947226332
279,0.6150146473755297,79.96703768305957,0.2643368020797736,79.52749541157401,0.17520546940579484,1416.65387825073,1399.2783859247884,17.375492325940932,0.0878224432432763,0.10099834603223092,1.0002782368536436,1.9055128390738316e-07,1.759367344197614e-07,1.4614549487621796e-08,1.833019948967941e-05,1.8271649598313984e-05,5.8549890247392333e-08,5.797606204497388,178.3871212959467,6.492642665238181e-06,3.03211115973607e-06,0.28520569721561934,1128.6608738503846,0.018350705529448775,-2643.907367732114
280,0.5679126592754005,67.88277630681623,0.20082050987537384,67.53384297593632,0.14811282100455134,1139.1952646640657,1121.1904446361857,18.00482002788141,0.16488723995923338,0.08465919490619862,0.8880036823529133,-9.534588393887148e-07,-9.64956069616286e-07,1.149723022757132e-08,-0.00012017785000232654,-0.00012022630691993716,4.845691597467692e-08,5.645185481502272,617.0870430561804,4.8654330991735705e-06,2.862427749733811e-06,0.23532734520001145,935.7786062868001,0.018805737463887865,946.318825488448
281,0.706714457852856,117.94065984277901,0.396190529637771,117.4329086909141,0.11156062222713403,1515.7238569687772,1481.5484517519283,34.1754052168482,0.14363654015438626,0.13161198378587122,1.2355727784153947,5.042178148605661e-07,4.862645893435298e-07,1.7953225517036373e-08,5.213822151076252e-05,5.207245793705286e-05,6.576357221479618e-08,8.812126880865701,424.0664894459269,7.185885818340153e-06,3.1521510953825203e-06,0.3415570089532813,1657.76457712155,0.019604487690669567,-1231.617721167935
282,0.6425639272698094,82.27853558524245,0.2453095401517423,81.79276632417195,0.24045972091875414,1651.7543761934355,1632.5664715965058,19.187904596929414,0.16947967108222572,0.1033704926656955,1.0760937614394492,-2.058929575469903e-06,-2.0763321617549033e-06,1.740258628500091e-08,-0.0002471648974539191,-0.00024722151887531397,5.6621419959877065e-08,11.580091861789043,249.95806364974777,6.309835998953549e-06,3.0134731045621917e-06,0.27375112751111463,1146.8403723333147,0.019817786306655077,-317.86504513450564
283,0.6213246088025656,100.62865013810841,0.2767666168057281,100.02650449857884,0.32537902272382185,1549.4972118234334,1530.9299813901907,18.567230433239413,0.13730720283615452,0.11522803675161172,1.0345860377212945,-7.840531747224966e-07,-7.982323956690026e-07,1.4179220946505962e-08,-9.694058747822265e-05,-9.699761446406079e-05,5.7026984620722056e-08,6.028882764345739,684.650139019759,7.391855389654509e-06,5.190053397533221e-06,0.29014580750792424,1430.2428810146034,0.020215019611055575,955.5976119864354
284,0.6411880468268712,101.98837898257979,0.33050154180966945,101.41727371201851,0.2406037287515974,1536.0485600466384,1514.842618228903,21.205941817736587,0.12501370060671033,0.11613896246011833,1.025551891053382,-5.175161133068957e-07,-5.348003119730857e-07,1.728419866618986e-08,-6.52958564400953e-05,-6.535691675899907e-05,6.106031770972329e-08,7.38900646255382,-102.72898793859561,8.035964626125088e-06,3.4804930899755945e-06,0.28808352054634806,1377.1685421008801,0.019348648924999778,-2682.116775083501
285,0.5781731670017349,79.09131932078907,0.229954791785069,78.52101652893771,0.3403480000662767,1453.5079206729556,1437.024116428567,16.48380424438919,0.13920923133143548,0.09946776857279506,0.9737730249568382,1.2225171478179748e-06,1.210605176396623e-06,1.1911971421352465e-08,0.0001398069403640922,0.00013975504970524852,5.1890657740211125e-08,9.51434528747974,505.30229489757,6.345980699255066e-06,3.154269778272277e-06,0.26943752517511776,1102.4019521070836,0.017822903423944995,-600.5853543817684
286,0.6089423292920781,74.08111616279294,0.19940096025855028,73.6965291124119,0.18518609012249704,1716.9103721166464,1695.1155476717565,21.79482444489032,0.1832796949042553,0.08929074777952448,0.8796798817414561,7.86038068513974e-07,7.696991562579462e-07,1.6338912256027917e-08,8.67727881613308e-05,8.672348629349252e-05,4.930186686417297e-08,8.6715467087012,324.37472868808214,5.562178448343058e-06,3.0539319517161626e-06,0.25684541832117985,1045.4127592780785,0.01745409730674926,-6.842007184899558
287,0.5966372154513121,64.76267830550842,0.17114524392775604,64.46807608391877,0.12345697766188103,1456.4847986736434,1440.5271507805983,15.957647893045186,0.10649178823739448,0.09051237195995962,0.9229892412032953,-1.0100674022254226e-06,-1.0262105986603343e-06,1.6143196434911658e-08,-0.00012156490922324014,-0.00012161224751054904,4.733828579237072e-08,9.443185006250012,495.45017365062137,5.429849654220094e-06,2.865349179246247e-06,0.25879237904098046,911.5580054677167,0.019686605403341155,1023.0735438856354
288,0.6147101679158316,86.55881940174906,0.32642952099162525,85.90866404698568,0.32372583377178926,1648.7762627430507,1629.54868810211,19.227574640942,0.10121150577315828,0.09607386476180754,0.9410066249317596,1.2788072564090053e-06,1.261918631820126e-06,1.688862458887934e-08,0.00014728309853517135,0.00014722677784054984,5.63206933832428e-08,13.236183473943237,352.33245282013854,8.004520513467956e-06,3.0461347054992496e-06,0.25849853749211354,1199.1271291752494,0.018709887831166314,1364.202363051998
289,0.6272817912952218,85.95377744589838,0.25824411498476435,85.34831155610374,0.34722177480989336,1528.5163600703768,1509.8420288599698,18.674331210407832,0.11886607765101961,0.1014590747934102,0.9565049062771993,2.3223152528838974e-07,2.1515650882293567e-07,1.7075016465454095e-08,2.1980734294698447e-05,2.1928276099877964e-05,5.2458193389109755e-08,5.7128384309378175,495.8200201614808,6.034831389412438e-06,2.5033064394260855e-06,0.26836079799543705,1209.4840891101303,0.01837243381338079,3204.921857185258
290,0.6261967972528106,83.57731671314674,0.26587915586191324,83.04587395198875,0.2655636052960884,1488.0108749563756,1469.826405277521,18.184469678854295,0.08776933684513101,0.1051006716628623,1.0297617857042825,-1.5508311270069228e-07,-1.7060386621902168e-07,1.5520753518329432e-08,-2.1022013347683842e-05,-2.1076747493917444e-05,5.4734145361427214e-08,14.002867114206126,99.79547795227808,6.17051261436218e-06,3.4939354405762945e-06,0.2857110975902678,1218.4350788955353,0.019304665746232057,592.1632251167757
291,0.6137669671175064,79.77832468320403,0.23516200336026344,79.36329837252839,0.1798643073153842,1739.1090146774147,1720.2700680808284,18.838946596588993,0.0938307526558148,0.09583695684129519,0.9775320481577766,1.5365243536368686e-06,1.522108253896709e-06,1.441609974015947e-08,0.00017946644050437712,0.00017941382673102314,5.261377196617776e-08,19.152673079821447,383.1576692951729,6.570841849309548e-06,2.6731192871149268e-06,0.26384974707602765,1106.5395541475348,0.017821224679955082,1050.4872066500393
292,0.6187181546673393,92.34866821289876,0.29600058906625837,91.85310518235346,0.19956244147903376,1450.0471777009484,1429.8806891894772,20.166488511469886,0.1175740903098308,0.10691608601948085,1.027896511149823,-1.4911626946180753e-06,-1.5065134415601857e-06,1.5350746942110458e-08,-0.00017813559196734288,-0.000178191653613959,5.606164563231294e-08,8.186654997395777,359.25033834023793,6.388415151004211e-06,3.1983298842721008e-06,0.27491959707016006,1260.9630389567708,0.01935132250485114,513.9150379056227
293,0.6508582937216967,88.14211977304547,0.27898468565559065,87.58778284285309,0.27535224453677576,2193.1154372894734,2172.9975776326914,20.117859656778304,0.1238341147029178,0.09721893360745897,0.9595702805097805,-4.479489001420634e-07,-4.631427751282314e-07,1.519387498616806e-08,-5.572205693265257e-05,-5.577414934146561e-05,5.2092407792766724e-08,16.455844911938712,661.3145237338853,6.221396189224509e-06,2.7011287569923546e-06,0.252578638430036,1227.2066603589537,0.02038704299478335,270.3576103257692
294,0.6253511045094372,85.86333460642769,0.25059384142319246,85.28113182794263,0.33160893706187233,1599.2608298658638,1577.8740887779368,21.386741087926513,0.13932262533755532,0.09886157118738395,0.9505014988628792,4.975598078353542e-07,4.813994222723446e-07,1.616038556300938e-08,5.565669499803897e-05,5.560211650155802e-05,5.4578494999691154e-08,5.5704053920851315,448.2974125063317,7.76041637572288e-06,3.993322026100867e-06,0.2624835307646162,1204.1719183090884,0.018282689644906303,-1583.1866462741818
295,0.7081226228810509,123.80137904250584,0.35841613151010454,123.00307738419413,0.43988552680160403,1394.2348163772017,1372.8663418792412,21.368474497961046,0.3027610614558205,0.13425224809390432,1.2171042475543012,-7.302352883483843e-07,-7.480359040365611e-07,1.7800615688176747e-08,-9.091829085358147e-05,-9.097822136604512e-05,5.993051121707232e-08,41.766199611881405,509.96177369211114,9.677536026567378e-06,3.199916196748998e-06,0.3300705492222809,1754.2836774377502,0.0180953618716211,-629.5747365605857
296,0.5867542837370449,82.56027128212168,0.23052827220580152,82.08116297926927,0.24858003064661466,1386.6860198906006,1368.7468158499223,17.939204040677097,0.08239157083068156,0.10613131586594833,1.0204114696268525,7.582093746120303e-07,7.412604573116446e-07,1.694891730038533e-08,8.072748514714974e-05,8.067070756984291e-05,5.677757618881911e-08,18.433220248036974,430.31714196222094,7.32291024888912e-06,2.6576594483003658e-06,0.2829218884254531,1158.3372918587056,0.01775533586225556,-3899.9177130763783
297,0.684946210668895,90.35964355614148,0.2602783965363939,89.79532736035293,0.3040377992521437,1854.157846103462,1833.3781583892874,20.779687714174685,0.16862040184001964,0.10446813789206634,1.054625515321395,-9.536491211511166e-07,-9.69182149854064e-07,1.5533028702947802e-08,-0.00011755257647603179,-0.00011760808786711849,5.551139002174795e-08,4.568997341040498,417.68722845719253,6.032375991135834e-06,2.748134480406624e-06,0.28963636375594676,1260.3611540593301,0.019069006733956523,1437.4849938220468
298,0.6467962445426628,89.68267720289467,0.3069611338137477,88.95418285327905,0.4215332158018732,1374.2148888416086,1350.5779686279577,23.636920213651543,0.11066261861022833,0.10505044595610755,0.963004813745458,1.1532236603098494e-06,1.1365601069521213e-06,1.666355335772829e-08,0.00013037173552540342,0.00013030462702782564,6.710849641847682e-08,9.965393303819017,306.81363263674666,6.534570269544303e-06,3.4713538200540662e-06,0.2802527364724112,1292.7398788340229,0.01882096507858748,-780.4770534966665
299,0.6238121892788481,75.43895030536441,0.21135601926205036,75.03923767799031,0.18835660811206212,1641.4709114802456,1624.9735719543567,16.497339525890066,0.08790045325758777,0.10527321583169358,1.0936840120013203,9.317577081946467e-07,9.176296606209369e-07,1.4128047573709817e-08,0.00010624484496129122,0.00010618822550933836,5.6619449726926904e-08,4.287932805823473,383.83713723929134,5.888581436898641e-06,2.698381692570465e-06,0.2879561793931739,1052.1197458532833,0.017733528479048893,875.4512463035535
300,0.6453230364314361,98.32098332493507,0.2993639921944499,97.79293613057959,0.22868320216101864,1306.688708501311,1288.7995519392534,17.889156562058165,0.08018254939968567,0.11788696209452577,1.0891473365445754,1.6480770986479354e-06,1.6305382123739481e-06,1.753888627398741e-08,0.0001867253491538757,0.000186666687720917,5.8661431101207805e-08,7.406869441824201,379.7231089753587,8.661937212306559e-06,2.8741908257732306e-06,0.29809008663920233,1384.763529623871,0.01733502559748586,-619.3571721236622
301,0.6597802108054814,101.48728732869841,0.2980383277047579,100.946467891255,0.2427811097386632,1812.6147835834604,1793.0252995039823,19.589484079480428,0.1249472163607053,0.11667412631215923,1.076203713043875,-3.0247386710672182e-06,-3.0448426258239246e-06,2.010395475670642e-08,-0.00036554863205433616,-0.00036560827836385444,5.964630812977534e-08,8.91063095937097,675.2036576467766,7.889583898392387e-06,2.8369160090928355e-06,0.2925850805182271,1416.0003038251427,0.019100170706334546,-944.4711817177813
302,0.6216866320230529,85.56962692231888,0.2791614038755497,84.98305623947961,0.3074092789637079,1375.8354308708483,1358.2871237549548,17.548307115892104,0.08814608391863532,0.1078881832554176,1.1221540177051816,1.2259843521830264e-06,1.2117607102645296e-06,1.4223641918496978e-08,0.00014135282885903392,0.00014129731467875788,5.551417878446425e-08,3.406394862779244,553.6906539556416,6.023114275267981e-06,2.7383828673054334e-06,0.29096508035121826,1193.68394071575,0.01948927330278232,-1937.3355311082596
303,0.6829341857867426,117.0556592380913,0.3649566499513986,116.31548046897707,0.37522211916284265,1925.4557897186496,1905.183525854722,20.272263863926778,0.18052587862413869,0.11987892566192952,1.148755373108519,1.4928865315851101e-06,1.4778936997651852e-06,1.4992831819924422e-08,0.00016875372871015353,0.00016869328095985123,6.044774898254965e-08,7.555417045537969,567.5739605848273,9.039044463000999e-06,3.0646478789615256e-06,0.2921921193803406,1630.6368594050418,0.019597741988263084,1357.8668585350206
304,0.5849540698284689,73.09913868318417,0.21387680639390244,72.62269049855425,0.2625713782360099,1444.3919776212704,1413.638264526381,30.7537130948894,0.11579425029758551,0.10181992756016224,1.0323095632652015,-1.3690328110515306e-06,-1.3828330652201643e-06,1.3800254168633804e-08,-0.00016701959695967483,-0.00016707368342736248,5.408646662176935e-08,11.243703113872517,228.0967359885643,5.7966839666149955e-06,3.0745916120793414e-06,0.2752998353896253,986.6213921489341,0.019292698651087303,-1077.0385675794896
305,0.6709264073651534,103.47855976863552,0.33018900190441103,102.93146569326574,0.21690507346538365,1514.7250083733634,1496.911091045515,17.81391732784925,0.1345848212429573,0.11723351623005131,1.0964553439364249,-2.1158364387740246e-06,-2.1330035750263466e-06,1.7167136252321627e-08,-0.00025683615165070754,-0.00025690471986869847,6.856821702483184e-08,38.05017273089214,321.02350847997434,9.018672377662495e-06,2.7067884025399616e-06,0.2944348572469968,1437.4590947788283,0.019386903920660264,1399.6211470641356
306,0.6211243870576058,67.36381677416294,0.20956838284364318,66.91602443346184,0.23822395785745829,1453.9582005135494,1435.0893821778152,18.86881833573378,0.09405862226515915,0.09307705879431101,0.9889415315471974,3.1289502462948794e-07,3.0088890170703574e-07,1.2006122922452186e-08,3.552961665589496e-05,3.547912635615943e-05,5.049029810203864e-08,11.57381079025054,309.6635499229498,6.05344493059357e-06,2.7160945144661497e-06,0.2705157061311055,958.0737984926488,0.017456519497919945,411.2401460172914
307,0.5965571300227919,87.90032016325998,0.2559989276773394,87.353215130623,0.2911061049596191,1503.3332099660745,1486.535289625944,16.797920340134937,0.13344727835661638,0.10198119453517712,0.9451625108805054,-3.3701627448968115e-07,-3.551805900663408e-07,1.8164315576659614e-08,-4.282216277152921e-05,-4.288003675654269e-05,5.7873983936024654e-08,7.886926033064453,457.0702852006537,6.6975670367818515e-06,2.4858999875726365e-06,0.26047989980850234,1253.5516002869408,0.01964353027517699,623.7304664636977
308,0.6438719193199649,83.30276596940342,0.2571134882740493,82.83646241169731,0.2091900694320721,1164.4998826078975,1141.2503131765457,23.24956943135088,0.1777317447796941,0.10015984324548526,1.011726789889471,-1.4464532222744393e-06,-1.4595198716409311e-06,1.3066649366491934e-08,-0.000177925911523256,-0.00017798598959427268,6.007806962332549e-08,17.134422746984068,464.2557666239247,5.947447605193025e-06,3.0103050745157603e-06,0.27539725020061157,1182.2294727745543,0.018430822389102992,-2553.5918391929044
309,0.6650086747523944,95.42399731602788,0.2419729946562645,94.83386970312829,0.3481546182433196,1328.6305488250503,1312.546225351713,16.08432347333756,0.19880394478033667,0.11571740343740479,1.178026950470749,-7.217049512000506e-08,-8.664689638471613e-08,1.4476401264711045e-08,-1.52713850138784e-05,-1.532750609882912e-05,5.6121083033923795e-08,21.67188359997361,278.81331640446234,6.763533584326046e-06,4.131261597985577e-06,0.29879578679923735,1357.0204761507334,0.019426845642335048,1803.1918436720916
310,0.6532058894480773,85.90606238339139,0.2396689641135495,85.39845116774129,0.2679422515365548,1505.0427733462402,1484.2356060634897,20.807167282750342,0.17744098958773702,0.12196598768464155,1.2845869023157697,1.850383062077604e-06,1.8324391603847183e-06,1.794390169288509e-08,0.00021464277180394822,0.0002145934840777642,4.928772492512701e-08,57.529145621685856,408.8482337866917,6.908656606534121e-06,3.7554232668523887e-06,0.3208230256530029,1247.500657751892,0.020894572571261136,681.4655415193265
311,0.5920893493914504,79.76109145265876,0.23698284342985843,79.26949891853278,0.25460969069612127,1551.673736983512,1533.4556615744636,18.218075409047977,0.0738138953152192,0.09421083764658741,0.9432503389918646,1.2994321395464538e-06,1.2865147528921932e-06,1.2917386654260666e-08,0.0001497951087051232,0.00014974440647229836,5.0702231028414756e-08,4.959126224680123,155.35660800280257,5.8602379604904235e-06,3.5530090906146192e-06,0.25589369294415576,1104.6079188822791,0.018339964011440297,822.5686152708658
312,0.5967499395692535,77.37240764680037,0.23592250170218942,76.93856447735341,0.19792066774475728,1521.2981484682973,1488.8549274727648,32.443220995531924,0.13024069629374543,0.0956796258933352,0.950999624714736,1.0555228813920282e-06,1.040215480685571e-06,1.5307400706457647e-08,0.00011769548117724677,0.00011764250267022642,5.297850596747537e-08,10.500743408690967,318.3470661858185,5.729264688001725e-06,3.184228091702864e-06,0.2547939088142597,1076.6321565818466,0.01965360820816598,-860.7081893474933
313,0.6055374435577568,80.48717340030568,0.21954141896246732,80.00532557621669,0.26230640512649367,1418.1687013576868,1402.0840023783537,16.084698979334263,0.10284937828866327,0.0995660006725294,0.9861700992019159,-3.735422688703592e-07,-3.8731209697062964e-07,1.3769828100270561e-08,-4.9923822028118544e-05,-4.99832948632805e-05,5.947283423657731e-08,15.440283042109893,568.5806201810415,6.059986159724891e-06,2.4011876266749614e-06,0.2813417168543047,1104.715765177943,0.018160608890372958,624.654028169236
314,0.6826107194131779,111.33301593499907,0.3324088324403743,110.76252383710994,0.2380832654487738,1348.5427275907139,1326.0216095726178,22.521118018097724,0.13966974029405743,0.11725722416639908,1.1144570449235662,-1.133498830019474e-06,-1.1528038911185925e-06,1.9305061099118382e-08,-0.000139741672808499,-0.00013980893988429905,6.726707459909311e-08,21.662634896286797,429.01467998315746,8.38676064235022e-06,2.9436736269795823e-06,0.29751922770497224,1549.320319967918,0.018206453716393498,1222.8951542148607
315,0.6106651410158762,85.45091442238034,0.25811571628219104,84.82889417483989,0.36390453125826555,1360.539891787034,1339.8562209637576,20.68367082327514,0.10491601663606467,0.10917638089339023,1.0640703643628713,5.013629185695093e-07,4.86618464194318e-07,1.4744454375191252e-08,5.324945471793705e-05,5.319603268657217e-05,5.3422030490248115e-08,22.83867390463283,396.96052363802715,5.932881255569132e-06,2.6844061444484704e-06,0.28395836099289246,1171.08819210996,0.016474798641365723,-1629.9309903533358
316,0.5733277315607521,75.22095193269996,0.23652849058037617,74.79260412471174,0.1918193174078177,1245.1133807354354,1230.9726321911976,14.14074854423902,0.17959289728563055,0.09265288787717307,0.9209944273383583,1.784699141392689e-07,1.632550493497564e-07,1.5214864789512542e-08,1.5671911401956935e-05,1.5621908277234018e-05,5.000312379166112e-08,28.10673949615963,422.45549005747364,5.499765069523937e-06,4.465679380068441e-06,0.2545650811581445,1033.5549275194548,0.01792493738617248,1153.1555236619424
317,0.6495174661834918,90.76682340001803,0.2713710929953168,90.24141405022567,0.2540382567970438,1573.8675808219539,1552.3745923265344,21.492988495417297,0.1288716021976036,0.10903035038200727,1.0365533619086182,5.922797427168066e-08,4.451518144125909e-08,1.4712792830421571e-08,3.5897524096873757e-06,3.535674549966478e-06,5.407785859625965e-08,12.347118586519816,587.2011253110568,7.146425569604009e-06,2.83691252497066e-06,0.2998752123527549,1251.059965600544,0.018895334342861104,-986.3087993536137
318,0.6207263809474943,94.063838597402,0.2655333973073088,93.52318719242656,0.27511800766814576,1364.470911735891,1343.4014645501284,21.06944718576242,0.10039281987589226,0.1039632248716971,0.9964710200183517,-1.2351317328757973e-06,-1.2489101689967997e-06,1.3778436121002299e-08,-0.00014750130702948156,-0.00014755842830398267,5.712127344672253e-08,15.236268999419469,248.5069660028877,8.463445259302775e-06,2.6660883970873506e-06,0.273196714577814,1311.0276388562975,0.018499036322450764,752.1937235052319
319,0.66137878186295,107.46851914373796,0.3625612631884434,106.78189369521486,0.3240641853346533,1175.387901158551,1155.619272499111,19.768628659440743,0.17859349801014218,0.11611352142548866,1.1121045823680382,-1.5848681074901967e-06,-1.5995601435825402e-06,1.4692036092342693e-08,-0.00018823516923643344,-0.00018829059374175365,5.542450384427216e-08,20.613180537684556,427.37028289015194,7.342442733831114e-06,4.623552662838199e-06,0.3091662655951338,1530.112582833602,0.018082352080891217,1181.2424145129626
320,0.595207821168475,88.24088464356622,0.2816912514551338,87.74515716211201,0.21403622999907018,1466.0500722754314,1436.050755810034,29.999316465396095,0.19127569460878235,0.10379572589745281,1.0271741706975501,-6.085663765334761e-07,-6.237564806326767e-07,1.5190104099201126e-08,-7.742177731551105e-05,-7.747772090776949e-05,5.594359086331856e-08,5.252997856072991,710.6900072502885,7.149832221735191e-06,3.181682463961735e-06,0.28451233146330857,1233.5017395002212,0.020044615186027227,-2372.0170170347265
321,0.5655317515636101,68.3908639630534,0.19671607769925964,68.01384493274293,0.1803029526112291,1365.291972375032,1347.666576704508,17.62539567052436,0.07521975374684976,0.08676857598015715,0.8465618727031633,-6.460429074385206e-07,-6.597669850251533e-07,1.3724077586632507e-08,-8.24016558301733e-05,-8.244884437361943e-05,4.718854235695915e-08,11.09287450685231,395.59294155238575,5.0172829095056956e-06,2.259340104019636e-06,0.2406842844457616,938.5912472408986,0.017795447095280352,-880.2552680619774
322,0.5988201861885027,78.08768618380516,0.22056237112652455,77.61550458112069,0.25161923155793814,1041.208912446449,1022.5517028143072,18.657209632142212,0.10217633981385399,0.09697098889176936,0.9396572092695006,3.8624278677975e-07,3.71793213212629e-07,1.4449573567120957e-08,4.060767765745939e-05,4.0554314848168816e-05,5.336280801166226e-08,7.644233055566355,391.36725177113476,6.2139532174559995e-06,3.098499880077787e-06,0.25776432790528386,1117.4804997567073,0.0180397609680672,874.6279316432774
323,0.5918852397998177,97.90874137003067,0.3828958323744655,97.34487175602234,0.18097378163384426,1823.652712843953,1798.9179186933727,24.73479415057614,0.30076400172877554,0.10839375256499448,0.9772914210890683,-1.1421506314118448e-06,-1.1571292954245166e-06,1.497866401267205e-08,-0.00014331967069910665,-0.00014337961076906454,5.994006884590847e-08,9.830012821156181,680.3317734337401,7.27635149586991e-06,2.9930366885766787e-06,0.27106549072507713,1345.2505253467214,0.019207816774361435,1565.2305254757594
324,0.6335537302800371,88.23588825218638,0.2249261765582818,87.71100713673775,0.2999549388903713,1387.5120308056391,1369.9641731119946,17.547857693644477,0.16422509737187171,0.11121214756886628,1.0877417013318154,1.907768034136855e-06,1.891871868552675e-06,1.5896165584180302e-08,0.0002185997880446267,0.00021854756677701866,5.222126647391554e-08,5.470283711391825,209.6267283159029,6.2265849976612036e-06,2.9394984529231506e-06,0.3017063736300636,1223.2429939402032,0.019345923445910573,-3026.54110951252
325,0.7259561531785725,114.02816279489602,0.3143400376434962,113.40360539030833,0.31021736694418095,1469.2370058799152,1448.2395526542737,20.997453225642026,0.10831432690029649,0.12588488651544474,1.1744472015034646,1.4884080833662359e-06,1.4724158029415097e-06,1.5992280424726184e-08,0.0001675515486925821,0.00016749008487996944,6.146381143505337e-08,20.60323409288865,772.284486984283,8.178822057612573e-06,3.2914961438772765e-06,0.3091092880787985,1619.2523326048963,0.01783770455648771,611.593604425052
326,0.6156945532695388,77.39677591090562,0.2335989973608544,76.97285117332093,0.1903257402238296,1927.7224799044413,1904.242658651088,23.479821253354913,0.08271594180653576,0.09449437363081178,0.934390020387923,-4.5990778795796665e-08,-5.8664825982711806e-08,1.267404718691519e-08,-1.050275059158451e-05,-1.0550244607876987e-05,4.74940149748347e-08,16.123163623688804,56.61179433045398,6.302393799651347e-06,2.763203924447538e-06,0.2641523507264836,1047.686444308734,0.02000567690769568,466.0395345716897
327,0.651818710680617,117.09653431363272,0.41443001070366964,116.35757927282052,0.32452503010852546,1356.9196320955778,1336.4874350451391,20.43219705043867,0.1204199195124369,0.12780512776893896,1.1606021397520787,1.306910282569729e-06,1.2884944573388538e-06,1.8415825230875358e-08,0.00014576165699683162,0.00014570147252046306,6.018447507408234e-08,15.858002194572402,228.66580890998364,8.012926476886829e-06,3.0902728532589917e-06,0.3083231001427948,1671.359535436872,0.01920360983143231,-180.23273142359903
328,0.7496820398477839,130.01429861464874,0.40705857505724974,129.24611834072502,0.3611216988664811,1910.8142722167713,1882.8102789628617,28.003993253909158,0.24458236490621627,0.13361387922319623,1.250328276164718,-4.00137545689392e-07,-4.149653504201861e-07,1.4827804730794258e-08,-5.9008529104788135e-05,-5.9076013396868245e-05,6.748429085529285e-08,14.2217459850013,877.4997812882982,1.0005549257160038e-05,3.0245840797147507e-06,0.33350410511229844,1837.1331136505592,0.02133282771364704,-6314.202285605825
329,0.6613689519888987,113.95875991531706,0.37554278158321486,113.26219225734877,0.3210248763850575,1471.1294262672652,1442.4929686265461,28.63645764071851,0.22913657572900653,0.12224532659787464,1.102740650654303,1.2929617933703066e-07,1.1076327612538334e-07,1.8532903211647272e-08,6.095127189387555e-06,6.035612654512258e-06,5.951453369428496e-08,11.654603939485103,690.5213907699041,8.589428135561397e-06,3.27590042235139e-06,0.30342972786152195,1606.6401921607703,0.019043189283542126,-6018.655695354784
330,0.5956069502143839,84.58918458676709,0.2679293521373252,84.0335166809416,0.28773855368815965,1269.3359012060791,1250.8378734833939,18.49802772268298,0.14669401224936532,0.1009227028126342,0.9971148712575838,9.595127530589874e-08,8.196342225174339e-08,1.3987853054155312e-08,5.456159423245504e-06,5.401383350362259e-06,5.4776071603562756e-08,10.984492798097566,331.44873552401435,5.790480104296611e-06,2.789479745096242e-06,0.27034052371487743,1157.7726171785366,0.01821760409394245,59.80825645985533
331,0.597773486403556,82.54697567307265,0.27236560078009797,82.21189193953337,0.06271813275917848,1415.6870263304424,1396.999415033632,18.68761129681345,0.12088663453134997,0.10793174375475068,1.0451754445762982,8.816835168340234e-07,8.688079170430278e-07,1.2875599790995847e-08,9.909723541714294e-05,9.904564170957434e-05,5.159370588398082e-08,11.816566255559374,535.0703118525652,6.895526942575897e-06,2.6044459059957944e-06,0.2918504986683862,1177.0824321075465,0.019836078094434512,581.8381390963514
332,0.6474358817101026,95.53539318240816,0.2592797871829316,94.85486654361486,0.4212468516103627,1580.2705722270648,1557.2946671132288,22.975905113837932,0.14240954514617868,0.10502241606683953,1.0430387233855967,3.660506562398949e-07,3.525567147818443e-07,1.3493941458050484e-08,4.025430721884616e-05,4.0195058494915926e-05,5.9248722483925786e-08,25.472664736249378,224.07691511921627,6.78658145281912e-06,2.886047128099752e-06,0.2710646016512042,1337.9370619946758,0.01803567506632326,269.7898359427454
333,0.6118540561923854,87.1780976616287,0.2731143733747832,86.73851276658478,0.16647052166913567,1414.1064549863206,1397.6566788267137,16.44977615960684,0.11453782427472267,0.10310085542365008,1.0126668040499838,2.095827076921797e-07,1.946498522837205e-07,1.4932855408459188e-08,1.8020515641937172e-05,1.7967509045788485e-05,5.3006594490783935e-08,30.97749034622479,427.67601962559735,6.6483909752604285e-06,2.8124404117412704e-06,0.2707882508806515,1244.6502503155148,0.019820168227016016,-587.5201614873731
334,0.6212241067619884,93.30244519368117,0.312995447517318,92.74554603550195,0.24390371066189917,1674.1259542190714,1654.3961208498888,19.7298333691828,0.13179180466175366,0.1016991847302065,0.9620219917621577,7.76143020333882e-07,7.617479534630908e-07,1.439506687079109e-08,8.902670417375037e-05,8.896924340221689e-05,5.746077036820169e-08,25.915171163681144,344.23498093253676,7.031294142697239e-06,2.551353520384615e-06,0.27258539862586384,1292.337789035917,0.01901117635129669,327.1690213133552
335,0.6723667005991065,84.46982462149276,0.3082187214246719,83.91725464050474,0.2443512595633556,1681.3722597299636,1656.78949647557,24.582763254392404,0.09639054712028083,0.10249393857131127,1.0297413976697722,-4.4893050143221397e-07,-4.657361822842483e-07,1.68056808520343e-08,-6.06935597721388e-05,-6.075194759452896e-05,5.838782122007051e-08,10.404383976066196,22.912296520955913,6.640828535747598e-06,2.827521033324793e-06,0.27981141941941695,1169.1868054243741,0.01931377568843776,76.60869511702913
336,0.6759909019080544,108.8621262349801,0.2496137562816064,108.2812697908001,0.331242687898404,1463.9981154814482,1438.828865990331,25.169249491118034,0.3945360744838018,0.13375456483339435,1.3184903523850406,-1.3876126313034036e-06,-1.402500983394554e-06,1.488835209115026e-08,-0.00017226440302092847,-0.00017232645338122424,6.205035896293942e-08,11.308830497807786,604.9665779410815,8.767352322239973e-06,3.2887310012533294e-06,0.3417575214383016,1511.1626869584097,0.019332768926398094,1226.9478426657006
337,0.685028388238492,106.76146432483485,0.3335460208532234,106.19236249822723,0.23555580575437945,1865.2130313155342,1844.141354831696,21.071676483835745,0.15835231644726447,0.12147632214046163,1.1589633006033877,3.370776542669468e-07,3.2069809328908956e-07,1.6379560977857137e-08,3.2309079922774126e-05,3.225149542763221e-05,5.7584493633841004e-08,9.801579627619523,436.60347066635313,7.993718551937089e-06,3.851519281792307e-06,0.3072433323451275,1455.7960030688243,0.020038111629386023,2631.311014399562
338,0.6351276792940345,82.18571656479574,0.30201830613224556,81.7741911893584,0.10950706930508422,1712.8853966254921,1687.9804562533282,24.904940372163885,0.10460428411534424,0.11312140171121722,1.1271833139181415,-5.015222963815353e-07,-5.174735462399167e-07,1.5951249858381338e-08,-6.1474733219699e-05,-6.152898051347872e-05,5.424729225075618e-08,6.409528840734714,255.04320279364362,6.375084834495649e-06,2.784944958904807e-06,0.30403826272989887,1167.7178320903747,0.018178317026816066,1446.7316368509055
339,0.617842606539621,91.58976797356985,0.2537016459337262,91.09636287810446,0.23970344953167383,1547.3691419340823,1528.3165649389039,19.05257699517959,0.07656614156843958,0.10303946890208952,0.9954159956918562,-2.0172923586456658e-07,-2.175225938743085e-07,1.579335800974195e-08,-2.8918903826874234e-05,-2.896978593652471e-05,5.088210790319937e-08,14.58081996389761,830.2448380627221,7.16295750555104e-06,2.535575408340649e-06,0.2771720846893414,1265.2058902057922,0.017168429964519456,1438.2812906911859
340,0.68833674491427,118.97085301452061,0.4236588626881873,118.31150809208602,0.23568605974640422,2302.9662572296497,2277.0272977822206,25.93895944743091,0.14324259604726544,0.12303634981859621,1.1497552912699924,1.2528660284041481e-06,1.23607727803168e-06,1.6788750372468344e-08,0.0001409784092026907,0.00014090936505881463,6.904414222301195e-08,10.17814608345696,721.0283492025701,9.342729498882937e-06,3.4411529056942933e-06,0.30461152914750794,1705.607171219146,0.020145757921728298,-1228.571701304525
341,0.6011688724032896,70.18722704170989,0.19989359331456588,69.70294872524121,0.28438472315411784,1555.8145016836215,1541.534086050168,14.280415633453257,0.13405036405986046,0.09220469026411106,0.958255761829217,3.412861664137619e-07,3.2778439039061785e-07,1.3501776023143953e-08,3.662390849504321e-05,3.6573695501852796e-05,5.021299226586848e-08,6.8148644257370705,368.448287486502,5.915375298393991e-06,3.061172605790251e-06,0.2593096196280726,978.0463412039736,0.018745005086752347,-192.13667119427555
342,0.7527840231589784,123.20252420978623,0.4006536057933222,122.58316205881192,0.21870854518100166,1318.8300403105427,1294.655242758262,24.174797552280875,0.11898490558934713,0.1283279173437267,1.1652278947805879,-1.2615328800911767e-06,-1.280128401120567e-06,1.8595521029390885e-08,-0.00015656194977172846,-0.00015662900075843572,6.705098518525862e-08,10.89214773377832,874.4940566418072,9.068062504488707e-06,3.461765148421299e-06,0.30811793724853,1749.863768017784,0.018685325651303535,2712.6118402579195
343,0.5881143471544469,72.56614509774145,0.208906994968255,72.1707854150642,0.18645268770900383,1461.3635964865243,1435.4862004720972,25.87739601442821,0.1329333509256479,0.09509523242654622,0.9783858401277193,-3.541699032970016e-07,-3.6882842672139743e-07,1.4658523424395954e-08,-4.957558494784913e-05,-4.962585652810853e-05,5.027157899188095e-08,9.019516434620622,647.2329655653974,4.995809706064744e-06,2.77789856189139e-06,0.2672620097189563,979.8796024659613,0.019437823170222038,509.6157527235737
344,0.6347647589503017,101.4586330677118,0.30868692857197044,100.90910385213512,0.24084228700471713,1430.6293347664443,1413.140906087886,17.488428678559714,0.22472630089776943,0.11453493610347085,1.0651511454393832,-8.755671243018506e-07,-8.915530369493028e-07,1.5985912647452146e-08,-0.000105586773940207,-0.00010564289274498715,5.611880374911248e-08,41.59085702284969,186.93459486027828,6.6969947425778825e-06,3.3207464730462e-06,0.29060994097366916,1437.750150703946,0.018314407501918414,-363.28971386812555
345,0.6791652324340668,78.4423511776968,0.20611295147553832,78.0353562851659,0.2008819410553653,1393.1315329865363,1374.0381796754218,19.093353311116164,0.13707989661296582,0.11087778192018712,1.0989542806690737,-3.0909386708428393e-07,-3.217832521990004e-07,1.2689385114716474e-08,-4.4072666896233956e-05,-4.4124032383324124e-05,5.136548592292083e-08,5.793387830728718,453.14245967389695,5.979630152852351e-06,2.989230936127727e-06,0.30126792079314907,1052.560417215052,0.01812198424044617,1231.1789877852098
346,0.5738343188200387,88.08362615092402,0.24568655023601735,87.33403837530804,0.5039012253799546,1398.3699442827576,1379.337663719476,19.03228056328357,0.13931967124511604,0.09912184577775855,0.9249021954003371,1.7731342983745357e-06,1.7568725130810193e-06,1.6261785293516396e-08,0.00020352087041431623,0.0002034683046492234,5.256576407961086e-08,13.735771755332165,633.4354719050307,6.0921566222268366e-06,2.920693727169595e-06,0.2497884657583297,1208.5341812353527,0.0178787451190655,-1388.8596694603075
347,0.6053661619583544,70.62582309248592,0.18317845320459916,70.28014662040945,0.16249801887187007,1489.361647181124,1471.1690921855345,18.19255499559202,0.10329947519260455,0.08081835482117734,0.8519292591065812,-4.116692361543534e-07,-4.2552937809814337e-07,1.3860141943789969e-08,-5.209688183802863e-05,-5.2151504855099636e-05,5.462301583669398e-08,19.9994572287758,806.8713564378653,5.228192715831507e-06,3.294500920777589e-06,0.22872127642500129,985.5340556999014,0.017551867668045125,1440.3297837319005
348,0.6794183694809853,93.42512080318035,0.3125107723248649,92.79226824011543,0.32034179074004465,1959.743927001972,1941.2605727416908,18.483354260281363,0.16340026696697305,0.09920534210530696,0.9993021870972307,-1.802928461787254e-07,-1.979254128127261e-07,1.7632566634000714e-08,-2.790527780928079e-05,-2.796824895254465e-05,6.297114170747736e-08,35.898754229332674,346.43204196274934,6.781794694667253e-06,3.006489570044312e-06,0.27980377516560834,1285.621033399682,0.0206199150787383,75.47984277280193
349,0.648525294218846,89.6417957738826,0.2919478881874776,89.12662792663413,0.22321995906101247,1430.4166635992326,1411.277576762471,19.139086836758686,0.10821343530281662,0.10472871476243234,0.9841241388086323,1.8066451120658508e-06,1.791186006226112e-06,1.5459105839739504e-08,0.00020518341667902142,0.0002051216619491207,6.17547285581587e-08,11.081820207585986,437.7498508535877,7.808784881290844e-06,2.8806900688825005e-06,0.27097242362925866,1253.631301982906,0.02020917161303313,-1146.9103921590213
350,0.7047653183084467,100.02038136971171,0.2488528004220755,99.39065477823337,0.38087379105627467,1651.8830267258654,1631.4282518642397,20.454774861628472,0.17776038316333778,0.12145719969170438,1.1164883597389812,9.320613676708108e-07,9.193331030121317e-07,1.2728264658679114e-08,0.00010586642366402132,0.00010580703874849191,5.938491360008375e-08,6.493710805853082,677.9104696071895,6.839886196223649e-06,2.813959511209883e-06,0.30464424622477043,1434.303998147192,0.019293221545083318,583.8313520607335
351,0.6579526153931261,99.66508166831515,0.30028157798872057,99.0786620743315,0.2861380159949264,1927.4371448335935,1895.596994624165,31.84015020943016,0.165349584084,0.1129417214840191,1.0561613557943241,1.6697009362169354e-06,1.6549586132964668e-06,1.4742322920468868e-08,0.00019513877714252286,0.00019507890058159108,5.987655876975628e-08,14.3898776419705,507.31960432657496,7.1253977665127295e-06,2.6874815579271665e-06,0.2884324269454798,1412.3760195620166,0.019099844956639266,288.2291037040559
352,0.7379226430378133,120.7378702013711,0.4130768898827577,120.08358068478766,0.2412126267006586,1670.196721456001,1643.8662072131003,26.33051424289855,0.1156243829874331,0.1404135317689572,1.2943324912006575,1.1577956291369532e-06,1.1426361736305005e-06,1.5159455506452996e-08,0.0001298672750887621,0.00012979784322723228,6.943186015149361e-08,18.230607002534565,777.4194640239477,9.126123976772498e-06,3.855997064646893e-06,0.34866205007389595,1725.862984734501,0.020682842021635256,1964.8009447726254
353,0.6777342180338735,107.83348771202128,0.4257624173078605,107.12313866990475,0.28458662480867214,1570.676077498942,1546.083150445759,24.59292705318186,0.08818475410524906,0.12138366852353398,1.1260046497306384,-2.662544352552482e-06,-2.6797668155116064e-06,1.7222462959124273e-08,-0.0003205532869456652,-0.0003206111160678814,5.7829120938747464e-08,9.354304579945142,574.7315278410895,7.627657237053718e-06,2.890594581855106e-06,0.30014251646965817,1533.5264024713538,0.019118175669934123,2885.2154292176056
354,0.6288058280279994,90.731319629996,0.2669150389010242,90.29453143929948,0.1698731517954731,1340.0329999455096,1320.8680526955582,19.164947249953403,0.17098593796931386,0.1040373713446486,0.9833254596707057,-9.653142180535488e-07,-9.801920887028197e-07,1.4877870649270968e-08,-0.0001221063039444783,-0.0001221602198330452,5.3915887658687116e-08,5.15832163965519,436.4648348716458,6.934469698535678e-06,2.7254800502487747e-06,0.26948401743407974,1312.6368452863846,0.019955726853864778,-527.8860533154184
355,0.5799175514256932,76.35889148314979,0.2295792086039726,75.8746773546725,0.2546349198733079,1576.1971447204455,1559.602729908482,16.594414811964743,0.1560960438386344,0.09212184813723623,0.906886961906076,4.0621239418209105e-07,3.917743518747914e-07,1.443804230729968e-08,4.4605227909063364e-05,4.455328827633815e-05,5.1939631673751406e-08,12.02765162121556,476.64849141309475,6.114513919263788e-06,2.5434323759659664e-06,0.24569945099013035,1058.6620090254582,0.018412530688290067,-30.692790670796967
356,0.6178539278227284,86.02078385266756,0.2587095160646351,85.58697567570482,0.1750986608981078,1797.3099067449798,1772.7797401536961,24.53016659128454,0.13532971191222978,0.10169723150346133,0.9605388577554298,1.119550627433364e-06,1.0995865703854587e-06,1.9964057047905518e-08,0.0001295795442900986,0.00012952502452351326,5.451976523149549e-08,11.07377349813148,745.1397453649528,7.079858826358361e-06,2.70306856620764e-06,0.26912891013858437,1182.1115706520884,0.017699293948107916,120.21837494539432
357,0.6609256073220917,90.17947195120207,0.3054810680658573,89.5580933845707,0.3158974985655254,1509.6542473318034,1488.9245734260753,20.729673905727413,0.145198735721,0.10379997924560266,1.0099627943878604,3.1551481939679333e-07,3.0300026425283166e-07,1.2514555143961747e-08,3.068761948414092e-05,3.0630785812986475e-05,5.6833669948131036e-08,13.74214485806754,243.15307124187098,7.298274586825224e-06,2.9763915617831533e-06,0.27388275318128574,1265.6574711775943,0.018400285827358042,-1439.9258626643968
358,0.5657970408812114,73.32712899230485,0.2369778710515573,72.8171204683282,0.2730306529251,1470.7579512683342,1449.2140153869584,21.54393588137299,0.11163260927139756,0.09720735603245959,1.0096227350691658,6.941208560632418e-07,6.80349420979525e-07,1.3771435083717131e-08,7.8272611852093e-05,7.822234587364367e-05,5.026597737240232e-08,7.172917378754354,553.6235274562532,6.015992761926654e-06,2.2266665165219276e-06,0.2596906551327203,989.1278652715862,0.01902607145024781,-140.99724541133764
359,0.5637308995568495,69.15035254595283,0.22161010602754455,68.75426593473345,0.17447650519182933,1254.3214692405006,1238.9893292809195,15.332139959581367,0.1508689734926749,0.08360851192926937,0.9089936521304591,8.249506028703268e-07,8.140727617852955e-07,1.0877841085031388e-08,9.580818542368735e-05,9.576060937070916e-05,4.757605101656073e-08,35.39222288670325,138.30337961749026,6.100440126875789e-06,3.0837401194662008e-06,0.22920179989196438,964.9865709729362,0.017863389219018314,530.0117181316054
360,0.5944014040736713,73.03293686381734,0.20476475163063962,72.63953194723128,0.1886401649554211,1382.44877090772,1360.8537330371432,21.59503787057603,0.11010122648445218,0.08959687118823775,0.8541765336780879,9.505329197224932e-07,9.346370090173448e-07,1.5895910705148354e-08,0.0001093464460505188,0.00010929671998202306,4.972606680143784e-08,12.660471359120976,-112.04488742072765,5.227767825071425e-06,2.761619508329286e-06,0.24734979592032133,1005.8001911477198,0.01978013014567767,-1168.685415143802
361,0.6336329761750727,88.96547549077961,0.26841087656861196,88.37365486461225,0.3234097495987394,1553.4452420191542,1529.7009891569455,23.744252862206196,0.09836262719938822,0.10973574449344803,1.0714235480429497,1.3318492885292333e-06,1.31258449308993e-06,1.926479543930303e-08,0.00015004359602852378,0.00014998890019310188,5.469583411417243e-08,5.492573862690348,241.21400364004688,6.471263287654637e-06,2.9367345796431156e-06,0.2851194679802675,1217.9945751058817,0.019456698646883527,2133.406117764316
362,0.6056592781285928,72.76351280289161,0.22257187426682878,72.34357287619018,0.19736805243460467,1275.5457530934045,1256.2919780082836,19.25377508511977,0.13222584251659122,0.09074710881179661,0.9087283818510046,2.2013730959336288e-07,2.0732129738266002e-07,1.2816012210702904e-08,2.0679605652453834e-05,2.0630018779184968e-05,4.9586871906709033e-08,4.905892338863792,521.5611920543113,6.713656428898103e-06,3.0248668300382543e-06,0.2552756222168562,1026.581395848219,0.01929745132165487,225.22103380518456
363,0.7054302550637305,98.76120129905962,0.33209430308388516,98.13208227264772,0.2970247233280139,1984.083914681569,1963.2449996100759,20.838915071492078,0.17166413716111814,0.11834934183015644,1.1435390981576172,1.6254041255502434e-06,1.607691053669823e-06,1.7713071880420578e-08,0.00019396389852158983,0.00019390464729217565,5.925122794229579e-08,5.508261965712375,405.8023528336122,8.840944003591176e-06,2.998335469690516e-06,0.32696882964521323,1392.0618532768926,0.02149308585071973,2289.185541689254
364,0.6707758794091746,103.68425534185032,0.31585965014337136,103.14933231304754,0.219063378659401,1259.8149549447817,1240.2006894646597,19.61426548012233,0.14596144660655702,0.10895894858134621,1.0139812344784134,4.537860575527069e-07,4.40354850339337e-07,1.3431207213370138e-08,4.836875798026182e-05,4.8311697725212525e-05,5.706025372587124e-08,15.841985425821985,392.4318023380883,7.412649499714487e-06,3.632567275866627e-06,0.28310061145774323,1411.3626001250316,0.019152569394868077,3365.3883211679386
365,0.6171275004647502,77.58655291396931,0.24572378540612252,77.11705273129336,0.22377639726982498,1493.8765554034958,1477.4474311966376,16.429124206858628,0.0974790491400622,0.10030488129292287,1.0153215962844522,-7.715537969886609e-07,-7.898679361236014e-07,1.8314139134940325e-08,-9.421070575521486e-05,-9.425857487464579e-05,4.7869118598370836e-08,5.977479236639711,576.1272603780246,6.03745697773831e-06,2.7197123576633994e-06,0.2693977186241109,1089.6433487110137,0.018488973999804488,-2202.78521736318
366,0.5948928533468828,84.85517132865056,0.2752594232934737,84.32543334679397,0.2544785585631131,1257.2485938184823,1237.8785881237263,19.370005694756024,0.16909903324562342,0.09714829920623222,0.9346160978769632,2.8044339188680824e-09,-1.3670997697293369e-08,1.6475431616161437e-08,-3.5737602785235986e-06,-3.626147349626947e-06,5.238706991080651e-08,19.397303956091932,379.7705772532902,6.51765707257974e-06,3.030770062679305e-06,0.26528994452595794,1172.1985551399976,0.01747285261800247,-453.9569822787307
367,0.6050665205284091,95.45207794394993,0.2881103006272295,94.88468813998387,0.279279503338856,1266.0773426484984,1244.6047825113574,21.472560137138412,0.3740862686224196,0.11269805637700109,1.0315363022970545,-1.4383121518557282e-07,-1.614216783179374e-07,1.7590463132364637e-08,-2.6937564909418034e-05,-2.6998439476427873e-05,6.087456556436403e-08,34.4927449350645,338.90017587262196,7.423001067429472e-06,3.4171646669479133e-06,0.28926273406373265,1319.4977463433154,0.018107109742049047,-1834.8468554200226
368,0.7040573169842349,129.33979653113477,0.5382569669666167,128.37950478068976,0.4220347834784101,1791.3875515695597,1773.5547335051278,17.832818064431937,0.1697387651055736,0.1445650836873963,1.3008294871239539,2.046026910785881e-06,2.02843553655571e-06,1.7591374230171107e-08,0.00023569704755977772,0.00023563262806682866,6.441949143130167e-08,8.815570939167225,615.9463524755436,9.83062796428815e-06,4.366923483479531e-06,0.3396063328426733,1879.9799457908014,0.019372769479643684,-1324.3779152814786
369,0.5588239457105166,73.79060196804653,0.2450633395162205,73.27256238861956,0.2729762399107806,1373.379658529317,1356.0606102023128,17.319048327004037,0.11357199786274288,0.09317701135887022,0.9262590246288467,-1.924598597339206e-06,-1.9372626902220895e-06,1.2664092882884675e-08,-0.00023003832159524168,-0.00023008912405370193,5.08024572690636e-08,10.64992702983984,362.93132644209453,5.562147150035304e-06,2.5005695057552434e-06,0.2635027796503536,998.7633591671248,0.01752170065688559,-457.65875253218474
370,0.7036667871412063,108.81389539750853,0.3073145175199393,108.22799629413025,0.2785845858583545,1523.581882221794,1502.8370521100956,20.744830111699844,0.5769268067768988,0.11728642534342423,1.1062603931197872,1.461052298974386e-06,1.4455570406436898e-06,1.5495258330696122e-08,0.0001660817545667153,0.00016601886991076686,6.288465492558263e-08,11.043028265677243,465.5861841102107,7.624556262830691e-06,3.8314763407842574e-06,0.30541479051873194,1511.2730700871962,0.019187350039665815,445.26319815239185
371,0.609830122602089,73.8239403492096,0.19429642285120902,73.39772980749196,0.23191411886642493,1403.046484019241,1375.4020066932474,27.6444773259936,0.06917369914101397,0.1046706687183027,1.0636367815268764,-6.915562156750382e-07,-7.058380327850441e-07,1.4281817110005838e-08,-8.31479225139795e-05,-8.319325949287969e-05,4.533697769399458e-08,9.153010975435123,671.9793994875283,6.660150394773901e-06,3.2181456921580795e-06,0.2844073969269231,1014.9103260792185,0.018792943509972616,-760.0686228162631
372,0.6419935535092695,91.32380593679247,0.2981173999929573,90.77940199571478,0.24628654108474848,1710.3539214719858,1691.5756473572665,18.778274114717185,0.18490562660178048,0.12173127921872619,1.167026608107147,2.653140768272603e-07,2.5061650163773673e-07,1.4697575189523672e-08,2.501613736045037e-05,2.49570069092061e-05,5.91304495784887e-08,6.1039855300914505,297.305861512647,7.0515507196767844e-06,2.591387381833559e-06,0.3258282381588911,1256.8589319726912,0.019989591183165366,2921.7538645067907
373,0.6535874253942724,107.8597761574462,0.3454890375920665,107.23445256912203,0.27983455073212793,1959.0905327784947,1940.3957816220263,18.694751156468698,0.10648837235472175,0.11693343627678777,1.0993352705944532,-1.2019813569267843e-06,-1.2190695004740786e-06,1.7088143547294367e-08,-0.00014964560374942644,-0.00014970884574888433,6.324199805270162e-08,7.5060000433684095,620.4338790519223,9.494337224398541e-06,3.575192760732555e-06,0.3000034971423726,1468.036269109925,0.01862905296485709,2062.38666269201
374,0.5998838748115632,81.89873356351191,0.25004833819440486,81.32219506382893,0.32649016148858756,1574.5257016996793,1553.1070519170185,21.418649782660374,0.16087819509307597,0.10147087727368892,0.9955329508570397,1.1874035141184426e-07,1.0524008536464821e-07,1.3500266047196134e-08,8.063369365922168e-06,8.007225400738708e-06,5.614396420771658e-08,5.580900490602718,710.8260318672487,6.477738108109737e-06,3.067009121430762e-06,0.27509083325325684,1137.1645073510726,0.019199523335002376,-1019.6109654857355
375,0.6409277680965854,83.58582689560635,0.21418961586970275,83.10631679988049,0.26532047985615,1569.3924942982937,1548.3483986222138,21.04409567608074,0.08237335866770985,0.11241193054202396,1.103284238777559,-3.3353570438923894e-07,-3.477966864018597e-07,1.4260982012620786e-08,-4.365080947367702e-05,-4.3708307710786765e-05,5.7498235907422064e-08,13.172318383406214,369.84416113453636,5.818920767669501e-06,2.7043565674735617e-06,0.30013200267338636,1135.4572770383788,0.018821598961773225,-1887.9274667729478
376,0.5830604448541327,80.43475613023502,0.21170926517815986,80.04521643738923,0.17783042766763116,1456.9295890614821,1433.1957820083055,23.7338070531771,0.24938879772923392,0.09594380540972701,0.929536366200673,1.3909853466703439e-06,1.3762698388536448e-06,1.4715507816698925e-08,0.0001601120489820742,0.00016005802446168832,5.4024518654236953e-08,11.1938573166753,629.4601218042761,6.42295940355824e-06,2.8855887572078663e-06,0.25485867703231924,1098.5444423534727,0.0184999118546085,1066.8822800377966
377,0.6639669622900037,85.83028808847904,0.24453876066268715,85.32151701324604,0.26423231457031154,1608.9375227548107,1589.0495947806405,19.88792797417124,0.09365612970428196,0.1183742743966553,1.2170777263867327,9.292027451974897e-07,9.14243601041414e-07,1.4959144156075646e-08,0.00010899351113407047,0.00010893781714750654,5.5693984592688624e-08,4.380941722384816,954.6080562014149,6.776211084775104e-06,3.3696984155953765e-06,0.31439750585297394,1163.6710702038,0.021590449611074407,1010.0421024943607
378,0.6067952413776548,77.9853867340109,0.2458992300797471,77.53596957373817,0.20351793019298978,1765.9387412373358,1746.945599715944,18.993141521391838,0.06561769056517916,0.10457389932135427,1.0306038708742968,2.0628630842448424e-07,1.93070381128319e-07,1.3215927296165304e-08,1.748560835384312e-05,1.743268422425618e-05,5.292412835542027e-08,39.41949227576462,-535.1237659987786,5.864518186759245e-06,2.8892039825228426e-06,0.2780139026672342,1068.2183729276753,0.019890332296350947,-1163.322365909342
379,0.5933706066623868,71.60121675124665,0.21978645774251052,71.15146305516411,0.2299672383400134,1747.5777326709558,1728.7230739801873,18.854658690767828,0.13662594479808754,0.09555589440064188,0.9895100168971056,1.1670778003548837e-06,1.1502330116373815e-06,1.684478871750232e-08,0.00013277995568597133,0.0001327274309204915,5.252476420183223e-08,13.360229034299444,33.2330075939032,5.310334359736534e-06,2.68775620131616e-06,0.2581384541015137,997.0194647021092,0.01975720096286836,285.457991006886
380,0.641185762632112,85.55959289962993,0.23103378393094412,85.04934947152425,0.2792096441747448,1249.6107138233294,1216.9414749317993,32.66923889153042,0.10469525315631038,0.1116651230478583,1.073133729794686,-7.507517564071443e-07,-7.674141415393687e-07,1.666238513222437e-08,-9.829134681711158e-05,-9.834965156170002e-05,5.830474307574854e-08,6.768465218482232,501.68765278436456,7.133329546228787e-06,3.4193387426541e-06,0.29081971220799585,1198.0722061148474,0.01771142837595415,-2499.1463425645234
381,0.659078638525038,104.08438641024135,0.3222315877905104,103.61883622746706,0.1433185949838119,1493.0535766618011,1469.6065109904616,23.44706567133977,0.1336267552853097,0.1169099582001407,1.1553076929796144,-2.0998759375602935e-06,-2.1164669698080736e-06,1.6591032247779587e-08,-0.00024970677003639097,-0.0002497725925613501,6.582252392337286e-08,16.225456121285376,426.30059115424626,6.901482626003319e-06,2.8968321227660822e-06,0.30738090400409357,1432.3033130496435,0.01808629680787632,-1447.122824750386
382,0.6663494553172762,92.45857067852107,0.3124568887281152,91.89403031818904,0.2520834716039168,1291.592343794184,1268.4856516099437,23.10669218423922,0.08089784152538129,0.11419727300136251,1.1303976413123151,2.491011293493555e-07,2.3330751322538008e-07,1.5793616123975556e-08,2.129662987150833e-05,2.1238052367885255e-05,5.857750242306552e-08,27.89423109995935,535.1383114212624,7.324076800532157e-06,5.680819758861899e-06,0.30606163722599605,1322.7163033444624,0.017221767584568094,1382.9150610501347
383,0.6137455366973591,96.65243813084818,0.2555349000938832,96.04883274046553,0.3480704902887615,1453.7622729335994,1436.6013400665763,17.160932867023533,0.38547890742802465,0.10507818912756516,0.9578921288782815,-2.2496086131233295e-06,-2.263919739742442e-06,1.4311126619111284e-08,-0.00027478176947497965,-0.00027484247432714513,6.070485086789426e-08,5.771534147558399,694.9408594392954,7.379089393951252e-06,3.23645796952653e-06,0.2704643632826992,1331.2524076333837,0.01942271878743484,582.4084985877053
384,0.6409267817169964,86.12745580166755,0.3029227873181063,85.67627371762696,0.14825929672250251,1515.153919580413,1497.1202874775668,18.033632102845722,0.15444885499365554,0.1013860038616435,1.044915767863746,2.300534461565155e-06,2.2853502570436964e-06,1.5184204521459735e-08,0.0002651679237382881,0.0002651153989412863,5.252479567505502e-08,8.706431951057318,721.3593883446393,6.964052605349502e-06,3.611117461234955e-06,0.27084262558664246,1211.3184273396846,0.018741456558093988,1111.148783203007
385,0.6411947561632677,77.61250049441007,0.1972176286708495,77.17405170982742,0.24123115591180636,1802.5781132901857,1783.8419689673638,18.736144322821573,0.1682388309031933,0.10718582001097353,1.1181058007279974,-8.077683218773208e-07,-8.205545886162385e-07,1.2786266738917986e-08,-0.00010184042104598483,-0.00010189403566989897,5.3614622314316946e-08,8.80272752522448,365.07579045607514,6.141117456063997e-06,3.362212766279999e-06,0.3003944446375941,1047.7024491148504,0.018667506971571313,958.6181219436949
386,0.5634455814252004,78.76680675066535,0.2720645397774883,78.41641540677281,0.07832680411503906,1317.9066080009084,1301.7340186647061,16.172589336203714,0.16221131295667912,0.09759098740852405,0.9523464127773259,-2.3111647830752896e-06,-2.326335189995743e-06,1.5170406920454206e-08,-0.0002749741866506639,-0.0002750247444816832,5.055782992879657e-08,12.441130290826404,406.6648755584849,6.504451373025812e-06,2.477366868846945e-06,0.26988175485354315,1091.0379509908555,0.019464443908086045,-1416.3290244848467
387,0.5917152569043995,69.95160184173568,0.21079916347381372,69.62600267943111,0.11479999883075384,1484.9658043118575,1469.4276040014493,15.538200310407342,0.1513331459932037,0.09363120496154041,0.9649558190637942,-8.738725850252578e-08,-1.0019462142685405e-07,1.280736292432827e-08,-1.958318603392133e-05,-1.9633723923593847e-05,5.053788740289652e-08,25.457093740366716,136.5886256055557,5.622384198185988e-06,2.544272145871959e-06,0.25973214170565456,954.8953176696511,0.01901210521509566,-738.3650433341936
388,0.7047361106166145,130.60094432151024,0.36681950194507107,129.91095572273426,0.32316909683093614,1673.2618414442463,1645.3841719181205,27.877669526124063,0.09149182542498763,0.13998732040696024,1.225961855090581,2.4941173136039192e-06,2.4790063921582704e-06,1.511092144564898e-08,0.0002908582351798976,0.0002907990508636995,5.918431501885651e-08,41.949795434051794,491.28230291689005,9.047124157723583e-06,3.236196805327311e-06,0.33356356870082354,1906.792870964731,0.018941767520756474,1719.768916840545
389,0.7441592209937531,105.63474695299429,0.387721948212733,104.97974094484736,0.26728405993418486,1375.0631289741302,1350.528384989545,24.534743984586083,0.11260889696457287,0.13485980111768972,1.3068391971137745,2.1441407704999508e-07,1.9503531214776166e-07,1.937876490223335e-08,2.155571840838812e-05,2.1489443224611378e-05,6.627518223188258e-08,76.34365842727794,551.466409506066,9.316987389365096e-06,3.5415084775161967e-06,0.33894133317899444,1459.2245242593567,0.021376432562377708,291.57995098997344
390,0.6566011174513596,88.43705924368047,0.2823236288279367,87.73657080981846,0.4181648050340961,1333.3165693539556,1316.0039743984062,17.31259495554997,0.09613810848057693,0.1097202872650519,1.091073897537744,1.5359173061810735e-07,1.3622233525539098e-07,1.736939536271643e-08,1.1771194971737155e-05,1.1714700681578701e-05,5.6494288871315716e-08,4.232921453658224,419.2196982450064,6.69618306036528e-06,3.7824478843093365e-06,0.28434093718646697,1262.1998078584595,0.020154300544010288,87.39391687689931
391,0.5471092426869641,71.60293461168062,0.1893921898623816,71.27635700444795,0.13718541737029782,1531.7984970827695,1518.3706320355063,13.427865047262518,0.15832560112985297,0.08659643004423982,0.8779551546949131,2.018239140619741e-07,1.8650123324601093e-07,1.5322680815963165e-08,1.7574345808520485e-05,1.7527198295297497e-05,4.714751222697369e-08,8.482859725229503,512.1140931141634,5.27618452050021e-06,2.5766725397388044e-06,0.24520170703358768,986.7858943034726,0.016886072138385853,291.61815766925065
392,0.6049024940008655,79.05830588429077,0.2392812498379957,78.50703619279581,0.3119884416569979,1840.9837666650394,1817.9761911773785,23.007575487661015,0.08933059224773561,0.094915692556734,0.9147784908186544,4.832203398895761e-07,4.6970658678031094e-07,1.3513753109265235e-08,5.187957843434896e-05,5.1823243446632836e-05,5.633498640046627e-08,5.351042098697155,529.7957855288864,6.601472463876936e-06,2.9733426457867746e-06,0.2608390870672834,1109.98709128428,0.018703383965558554,-450.45043226441703
393,0.643217188524758,98.5630616709853,0.3176096810229092,97.84982700783861,0.39562498212377045,1952.845146616465,1936.4632241428972,16.381922473567446,0.19557859497786695,0.11134629148042559,1.046568870522422,-2.015641358032476e-07,-2.1809205952820085e-07,1.6527923724953254e-08,-3.12612396354353e-05,-3.1318066198759474e-05,5.6826561921555904e-08,7.450727377739557,157.1198230365441,7.726581285563061e-06,2.8197818027664733e-06,0.287168023375505,1380.2359271526122,0.01884212459845735,-527.0939385573765
394,0.5790748851494152,77.95672562668688,0.24068861886013218,77.41600674544755,0.30003026237918523,1543.2110974804532,1524.898667663477,18.31242981697824,0.11578876755813877,0.08933320801072502,0.883365863306655,-5.38185714495048e-07,-5.510780195655084e-07,1.289230507046e-08,-6.858825141718965e-05,-6.864243067189142e-05,5.4179253692240174e-08,4.84122397286772,463.899451115496,6.918462554552313e-06,2.8848115004601774e-06,0.24825486085217746,1095.9350715715082,0.01836350043866324,134.08518754506804
395,0.6129162802787798,88.44426371635647,0.2904942286123621,87.83693426035174,0.3168352273923823,1435.781259834392,1414.1001819555484,21.681077878845226,0.15386634006221364,0.10077361659495779,0.9175276657922501,-1.3672969552252704e-06,-1.380938203132496e-06,1.3641247907225486e-08,-0.00017054603215753013,-0.00017059967535771592,5.3643199207722416e-08,7.79900751563643,577.4040564266854,8.833783949640679e-06,2.5504231009189783e-06,0.25690196450848857,1227.0443395771435,0.017294430013958133,138.14846085961472
396,0.6344395371053819,78.26762969927782,0.2301343732878557,77.83398731764046,0.20350800834950283,1081.848785579182,1059.1343776518872,22.714407927293607,0.13299321488546975,0.09396424020611183,0.9316113121830408,-1.9591515668243914e-06,-1.97383733419715e-06,1.4685767372758635e-08,-0.00024081609448547194,-0.0002408656300152801,4.953552826301759e-08,5.707022389063308,496.88059112136364,7.158957714832656e-06,2.737012504324529e-06,0.2679984953578246,1067.4611995104426,0.018194085356023307,-1333.7998099866345
397,0.6721148244293937,100.85990457777922,0.2982775239113001,100.28764861031247,0.27397844355544554,1892.7192957072964,1870.0267687416977,22.692526965599505,0.14440004573963564,0.1335933062304164,1.3223863412420396,4.5549889900479664e-07,4.3761188334366833e-07,1.7887015661128358e-08,4.5712291868264514e-05,4.565144354942651e-05,6.084831777359891e-08,8.144479050266927,-40.78395918503521,7.784164437161387e-06,3.143299164078082e-06,0.34729561608080667,1377.020545007902,0.019845745953276508,1612.5035081343667
398,0.6175096845226052,86.03207658926289,0.26627181846815706,85.54031794379594,0.22548682699875752,1295.8867458504985,1276.117446882888,19.769298967610705,0.08843795115887856,0.11023161881647715,1.0992943470279934,-4.294154997224688e-07,-4.437228150787148e-07,1.430731535624608e-08,-5.707279674584998e-05,-5.713313850634999e-05,6.034175891767447e-08,30.930460732179505,424.65323199009964,6.264051881600667e-06,2.5951259524417273e-06,0.29309658150527046,1164.9182269096627,0.017910165088425693,1012.0413679739067
399,0.6057736454421043,92.13865040487164,0.25178312767498806,91.65325467765325,0.23361259954342797,2233.879367600906,2217.643814438721,16.235553162182534,0.10500479891112327,0.11043477020259602,1.050634468933437,-1.1671946811825493e-06,-1.1819955338029096e-06,1.480085262035986e-08,-0.00014325911870097978,-0.00014331695706444264,5.783836234441076e-08,12.207798088300045,474.35550934804047,6.754884692883187e-06,2.8875783389097296e-06,0.28860031115673984,1258.2562242903232,0.017975427012815758,693.4879206204059
400,0.7352155416619335,130.19087717545492,0.4111321256543082,129.4976644031579,0.28208064664269217,1606.3762763833763,1579.1434121794332,27.232864203945933,0.1396492025192228,0.14501160489819268,1.3005890210201436,-3.3309184801042105e-07,-3.511019202461316e-07,1.8010072235710506e-08,-4.9696783027414955e-05,-4.976756549685454e-05,7.078246845953451e-08,80.44644375992314,623.4839383667886,1.0422510265621939e-05,3.935889129090523e-06,0.35269519338447014,1796.9867573472359,0.018390197984332588,1525.7850146951205
401,0.5177592405524383,64.5640005053558,0.194999433215519,64.21383860365408,0.15516246848620602,1410.5875210233896,1396.9705746841823,13.616946339209953,0.11643409878791319,0.07878658576222752,0.8045572201160844,-4.2316981417210705e-07,-4.3676720286325996e-07,1.3597388691152962e-08,-5.6252041962272466e-05,-5.6300437972081284e-05,4.839600850452118e-08,8.233256122010175,273.26324620397094,5.287372613983379e-06,2.634672139541647e-06,0.22772302638886963,869.3542716286211,0.01820783258575348,-517.7878353156775
402,0.595597725843233,79.84211474418238,0.217453277992966,79.40801640056429,0.2166450656251086,1444.9530327776629,1430.526678936543,14.42635384112104,0.16736027961952993,0.09501487483298046,0.9259803133623214,-1.363025402432365e-06,-1.3763259336239575e-06,1.3300531191591804e-08,-0.00016623076144112593,-0.0001662792467560745,4.84853138115815e-08,11.972732094278765,176.0867011520325,6.183413409774691e-06,2.339158579032646e-06,0.26151983418727703,1090.1870183466424,0.01713654959679493,1037.2021143422353
403,0.6375411377894944,94.61876516479374,0.27254836684508316,94.00649581908402,0.33972097886462754,1600.1869694623854,1582.8851826798823,17.301786782503473,0.13074583885540056,0.11374730348179145,1.1293796604002606,9.66378425085411e-09,-6.599550680024804e-09,1.6263334930878928e-08,-6.616811191289858e-06,-6.677808372781838e-06,6.099718016063845e-08,9.013146913643837,408.6074335726327,6.447614876822154e-06,3.053495228825179e-06,0.30337228965776386,1288.7345640555402,0.01945944004644101,2526.692068506989
404,0.7158467325698024,131.0977020221094,0.5096014118893009,130.02247326997332,0.5656273402467945,1635.0111400309738,1594.079806615852,40.93133341512011,0.21801434444135695,0.1363418264728733,1.2500283999921415,2.0429822404606226e-06,2.023553262573784e-06,1.9428977886837266e-08,0.00023462710240922514,0.00023455649506850395,7.06073395373955e-08,24.07238886720271,701.8754923045555,1.0791964244411495e-05,4.824331736338257e-06,0.3332470749635929,1875.4186692617009,0.01885015617896635,3386.0443779149246
405,0.614960369677529,77.70212680907923,0.21578964717525048,77.28245540849923,0.20388175340475354,1439.6719842199157,1419.9559606363493,19.716023583569044,0.08534654612577651,0.10668559068396094,1.122949764710674,3.0098998176676936e-07,2.8788193163083173e-07,1.3108050135937788e-08,2.668077988143277e-05,2.662953577466463e-05,5.124410528327597e-08,8.55082862152496,367.64651435582806,6.212899751019317e-06,3.5583085777945215e-06,0.2912264561702875,1103.4302098309863,0.019613450403059618,897.3914200964173
406,0.6738102256604177,106.28566588298511,0.3328310418468433,105.5953260394202,0.3575088017180752,1709.4445539171345,1689.7061179837528,19.738435933379442,0.14859494446125018,0.12902496365290786,1.2297366795723217,-2.1047581049662747e-06,-2.1200747048229327e-06,1.5316599856656676e-08,-0.00025692596972945946,-0.0002569875919069188,6.162217645239386e-08,51.44158105375732,722.8936912876584,8.295739170389638e-06,2.5672273308921434e-06,0.34433205340626505,1484.3475470850578,0.01821974791699658,344.03791856471435
407,0.6467697425615015,87.05078683250139,0.2956564916555372,86.58156302039188,0.1735673204539531,1512.7441249227193,1489.1533620435403,23.590762879180147,0.12024404414182513,0.11208740277064579,1.119331669311687,3.315357864819813e-07,3.1510338696238466e-07,1.6432399519596757e-08,2.9948363650080374e-05,2.9891633337906177e-05,5.673031050989856e-08,5.119744808463855,585.8365293319007,6.800561977506199e-06,2.5662542662935895e-06,0.3028559401093492,1196.6175519079566,0.02007596698259615,1594.7443631341484
408,0.6076264106152989,73.50410205447363,0.21091705864280189,73.10119717033716,0.1919878254936774,2043.157530668951,2024.1620034120022,18.995527256948236,0.10685882363988908,0.09763008887227605,1.030644001325686,5.747157903007243e-07,5.595952392989266e-07,1.5120551001797645e-08,5.933173983688218e-05,5.927855631110193e-05,5.318352420035238e-08,15.340170295794056,423.7212679839748,6.101596207523801e-06,2.9873221067403654e-06,0.26673473990274293,1023.274780720516,0.019718566718661432,458.111377286652
409,0.620614942476618,81.81589118471112,0.23058777328958632,81.35574158071454,0.22956183070700503,1765.1111045785997,1749.1276264352293,15.98347814336825,0.11836746547268717,0.10373210710756099,1.0348614570320962,-2.9189753907917167e-07,-3.0670124772123493e-07,1.4803708642063364e-08,-4.111105481627006e-05,-4.116817027248129e-05,5.7115454626097087e-08,4.862012160952865,474.57147359215685,5.9004681059382104e-06,2.88423617999236e-06,0.284276926902747,1124.1435076029888,0.018321586056643076,1422.1629688295507
410,0.6105995004071221,84.55681585299394,0.2391989978274106,83.9862321915521,0.3313846636144179,1493.2017011350624,1473.179257941488,20.022443193575725,0.3099298391975709,0.10209703835341546,1.004668581443417,-8.247053241989462e-07,-8.381313568614111e-07,1.3426032662464876e-08,-0.00010306761302857393,-0.0001031196643495369,5.205131984475114e-08,8.153950144604037,144.59596400777548,6.077793291001854e-06,3.241250915174647e-06,0.2699790558618191,1169.0308585209957,0.018598822960774822,-1721.1824598982275
411,0.6236736310380132,102.1102317136702,0.3082126839421703,101.57787536073938,0.2241436689886479,1635.609638177155,1606.5414665799622,29.068171597191228,0.15426653438899957,0.11985529065174394,1.1272134990832585,-1.631248485094791e-06,-1.645604312935418e-06,1.4355827840627596e-08,-0.0002032062996362494,-0.00020326712682423723,6.082718650869712e-08,6.187378426088734,65.29466255075164,6.149623511895891e-06,3.1094351745565775e-06,0.30713337353358305,1361.530176335118,0.019000871508865386,1743.4749492675692
412,0.533472169346755,69.89803989747635,0.21038837193244503,69.42883136237833,0.25882016316558126,1224.413679842744,1207.5309804937835,16.882699348960873,0.09003515676365237,0.08982298136948932,0.9189408524449783,-8.878150393222345e-08,-9.968513270538827e-08,1.0903628773164832e-08,-1.7893191354153324e-05,-1.793801374326825e-05,4.482238788044972e-08,10.635687718064311,-400.2676543176886,5.7813103075425105e-06,3.0016633420034066e-06,0.2454766922797019,967.2744263610596,0.017920735336123664,1078.2154884121155
413,0.6914567900297104,107.79504430639238,0.29497493367610694,107.09686847321392,0.40320089950237453,1520.6173058043566,1497.8654369717108,22.751868832647173,0.14891984011902387,0.11438257300448391,1.055190938432314,-2.814367128650373e-06,-2.8350651594244987e-06,2.069803077412625e-08,-0.0003437786182225686,-0.0003438452775295567,6.665930591750988e-08,12.663883935349276,433.45380663291917,8.33440529497637e-06,2.714560271081135e-06,0.2900094957988804,1506.1101900029216,0.01750993126597679,-179.04929272062145
414,0.5908328231007938,82.31830427604474,0.22223796154968692,81.80658219378667,0.2894841207083771,1432.1378233726878,1415.641959192992,16.49586417969448,0.0923363760733583,0.09636044966523594,0.9336418825421338,6.251753795434454e-09,-7.82604877278464e-09,1.4077802568219088e-08,-4.893365755621977e-06,-4.948452974786554e-06,5.5087217798556857e-08,28.89372503764315,30.937791050498994,5.890345014598092e-06,2.5746669009174628e-06,0.2722306244537102,1154.8239327117253,0.02076084414071367,-1682.9322952209586
415,0.6123037960950173,81.09152495748931,0.22478632687198985,80.68219290399104,0.18454572662631108,1518.740768932139,1497.4920130226794,21.248755909461252,0.0683864213578854,0.09094603876671675,0.9542868469623977,-1.3726370409719808e-06,-1.3887027242614554e-06,1.606568328947483e-08,-0.00016604719415219568,-0.00016610285314477176,5.565899104988297e-08,8.186338301902426,646.7939636939306,6.8215002761290366e-06,3.150392256093336e-06,0.2523763018373259,1127.0136280592646,0.0185242291887753,-71.8418871693284
416,0.6232480375715833,85.8925241586814,0.24810719081526073,85.3361590784765,0.3082578893896374,1306.9804304214,1292.4739600481182,14.506470373279237,0.11122792280075687,0.09589558092001278,0.9570468806301008,3.8512006232561065e-07,3.714754558863083e-07,1.36446064393024e-08,4.376169156953249e-05,4.370518400770735e-05,5.650756061678702e-08,43.20448301138277,360.70308189715325,6.98623886199036e-06,2.781847906444229e-06,0.26662509604913615,1183.1257103455837,0.018970721733156733,-2924.645786783778
417,0.7314341625078311,120.46031542069343,0.40727807696410306,119.82505716770343,0.22798017602589302,1531.3799581914259,1510.6144962724018,20.765461919021707,0.13817894929351138,0.14457572821938158,1.4120182784893693,-4.096981553277152e-06,-4.118905192577831e-06,2.1923639300679427e-08,-0.0004874242780644153,-0.000487484992438425,6.071437245974067e-08,30.583085749538782,820.8584251111644,8.149346687397148e-06,3.1224787485634854e-06,0.36590587241212513,1670.1030009234662,0.01904422901184725,898.670014393676
418,0.6718998075311877,104.3912818509225,0.32931935817598446,103.92801219310685,0.1339502996396621,1385.728253312892,1368.6924550063957,17.035798306497565,0.1801404648339473,0.12665729776308826,1.1804387246032861,7.441581442436389e-07,7.298774022986936e-07,1.4280741944945121e-08,8.152669222685627e-05,8.146764625313827e-05,5.904597231763437e-08,8.862928453738501,569.573812862246,7.101803518981202e-06,3.1833349192189006e-06,0.3160373326147026,1441.061682325319,0.01864986038768668,1582.213902520769
419,0.7638249416858562,130.22606718458243,0.4148780963227734,129.3243778976143,0.4868111906453159,2006.8220131860494,1981.8809395883964,24.94107359765393,0.1891906774736034,0.13769057419455877,1.2473949804754345,-2.238151905738825e-06,-2.2553041537383463e-06,1.7152247999522124e-08,-0.000268870611676907,-0.0002689438307755656,7.321909757060312e-08,10.590831918167495,346.4046880442573,8.355685189781527e-06,3.176776772214459e-06,0.32970093577944226,1795.299142057202,0.019037933738119392,695.5445777755849
420,0.7408122851343316,128.11422925937828,0.44577224872440374,127.29824945561546,0.3702075550384142,1789.9409096244253,1765.4807980013547,24.46011162306877,0.21579577103610492,0.1391409845967999,1.2876295885136018,-1.1123862609339367e-06,-1.13200968640404e-06,1.962342547010333e-08,-0.00013475108109017173,-0.0001348272347932064,7.615370207289622e-08,23.000459898191643,655.3196126497064,8.447375472849082e-06,3.08447430684334e-06,0.3548673552094979,1828.9539342704506,0.020906916260734636,-156.84327256353936
421,0.6066362758078985,80.25402095876566,0.20984704612685107,79.78876202335242,0.255411889286385,1461.5219137933007,1442.898193036903,18.62372075639645,0.09096179120908997,0.09232845023783443,0.947389918171044,1.6903801109935754e-06,1.674067814801537e-06,1.631229619203867e-08,0.00019398513592799502,0.00019392942755724885,5.570836967667111e-08,4.804499039323701,1190.435160520369,6.2806908444641055e-06,3.967587209860505e-06,0.25362192254706195,1093.8153634600546,0.020262838264829715,975.5513073601687
422,0.6460519185596878,97.63012883132305,0.2739859680027261,97.02000301058185,0.3361398527384778,1825.710144947559,1806.62043998751,19.089704960048884,0.17363041951129363,0.11607509835387356,1.1154272280647122,-1.2178185138222207e-06,-1.232975623389284e-06,1.5157109567063335e-08,-0.00014997552688920157,-0.00015003868380118472,6.315691088616961e-08,7.5568135548347914,547.3360613946058,8.148372332236624e-06,2.9895736857107816e-06,0.3009902824011335,1355.6681172054657,0.01849681382791991,-270.9607713894584
423,0.5649305612005201,67.3265536119418,0.18410174389239883,66.96848681051127,0.17396505753812944,1922.4969891664596,1904.5672108425704,17.929778323891366,0.12219647716560138,0.09039510194255866,0.8876901256372913,1.4254523407122542e-07,1.3028584495240948e-07,1.2259389118815982e-08,1.1244573728651999e-05,1.1190269116085964e-05,5.4304611664105344e-08,7.369080281884879,337.2801143747313,5.86736387596357e-06,2.807163574474289e-06,0.25486737908245904,937.021761474566,0.01830411714675189,-122.53261712858148
424,0.6030056382705539,95.80621697084263,0.3417754253615637,95.09103822688326,0.3734033185978244,1315.042302472204,1296.8449188990828,18.197383573124004,0.08727331253806729,0.10740084162899508,0.993473473494405,6.650882896326056e-07,6.471949617417394e-07,1.789332789086608e-08,7.34747618280943e-05,7.341709123602235e-05,5.767059109290768e-08,10.553902496332203,313.7193764019784,6.024328186690264e-06,2.7904046968937173e-06,0.2836900503720222,1313.5835165087124,0.016639332663064128,-1085.9303862997585
425,0.8094011506480286,145.40849436491274,0.49552664584838735,144.40342235528453,0.5095453637798155,1719.6957028109268,1699.095672642936,20.60003016799277,0.1979739914794091,0.1553257331814834,1.4481903273349381,2.4277958542548378e-06,2.4036412900921964e-06,2.4154564162640656e-08,0.00028434278110231047,0.0002842664305039147,7.635059714973044e-08,8.829240705396899,243.42711656178628,9.695753743893524e-06,3.4065516453829003e-06,0.3828191749573966,2032.0412664773871,0.01980291642931885,-236.1788452031542
426,0.613619558799191,83.11291227023561,0.23169708627836777,82.81747266144718,0.06374252251004354,1797.626151003985,1773.0369374507818,24.589213553205198,0.13289599765639382,0.10025748960271731,0.9923730565006561,1.7034268508351572e-06,1.6868606252176725e-06,1.6566225617484563e-08,0.0001960602778082166,0.0001960052683879924,5.500941869542517e-08,6.729537768097993,110.95277862242216,7.665545586595516e-06,3.1320323494779042e-06,0.2697003358255348,1185.6161237754375,0.02102348724629551,-1829.8713695792212
427,0.5880789477850944,74.60605793834861,0.194727255127408,74.24849216303109,0.16283852019012746,1741.1533949264003,1724.494440972574,16.658953953824426,0.14524969564249052,0.10124961512450491,1.061832882525236,-1.652332896824621e-06,-1.662506966025951e-06,1.0174069201330343e-08,-0.00019721715909358528,-0.00019727044942496956,5.3290330014980164e-08,8.065037944781334,530.11044575981,5.559975208444179e-06,2.9776763946261086e-06,0.28272287012483865,1034.5928095575225,0.020743552424491603,706.3233697988435
428,0.5843306423690731,73.86280976052286,0.24695057464955197,73.46609155348352,0.1497676323897831,1470.1923292982592,1452.1803018320807,18.012027466178598,0.3047788047905445,0.09264461960211755,0.9374284617055479,-1.0336786668085788e-06,-1.0515420055473637e-06,1.786333873878519e-08,-0.00012737608916035966,-0.0001274254919550477,4.940279280259941e-08,6.707820578626647,509.4470735452927,6.1114683023021784e-06,2.7114588920843575e-06,0.26847134517025656,1005.5663794019598,0.018981803047511334,150.93903746261276
429,0.6607512040551371,110.82260525021243,0.44145845497252145,110.13234936026534,0.24879743497455717,1861.9416640250877,1837.8019160996719,24.139747925416096,0.26685800359087203,0.12504150371736206,1.1359487896682996,2.754737864907372e-07,2.5854553505486005e-07,1.6928251435877287e-08,2.5382735584009714e-05,2.5321257951353037e-05,6.14776301462061e-08,12.207418269479863,366.17112773630026,7.473442468392667e-06,4.0074581570154455e-06,0.3097138370489976,1549.2448630378922,0.019322042591971414,-821.0741724868785
430,0.7266900154284653,116.85210757084914,0.42908588162114997,116.18853986042939,0.23448182879862342,1696.9805361850993,1676.5490319975363,20.43150418756244,0.24924899129328687,0.12099970820608592,1.1566326775880449,-2.0954083906287157e-06,-2.112400022330952e-06,1.6991631702235493e-08,-0.000252965631612167,-0.00025303473883156214,6.910721766005634e-08,6.217643317516086,133.38034080195047,8.569155111003649e-06,3.2571431731417763e-06,0.3162107070008453,1629.8419346841074,0.019812709397276074,-1065.5736484980807
431,0.6454959025564498,103.94152211082215,0.30630708013854513,103.32787233072987,0.30734269995370567,1605.9355073266522,1586.1777176425041,19.757789684149053,0.21522809720084796,0.12032583900640571,1.1557902594863594,-8.697049484087339e-07,-8.895960284555911e-07,1.989108004685722e-08,-0.00010583243453544548,-0.00010589532692155016,6.289238518860137e-08,10.306128363961605,277.29801339833034,6.992993020171796e-06,2.9997070113605306e-06,0.30559111425363555,1478.0914258333974,0.018102556121290945,-1781.2686531758154
432,0.6171186033909201,78.70246314199031,0.21880368247248588,78.31496750980695,0.168691949710881,1463.908759119075,1434.930298961922,28.97846015715218,0.0708096467636333,0.10157707470658518,1.01886459633629,1.9679262229634513e-07,1.8436040896895962e-07,1.2432213327385484e-08,1.767496843639488e-05,1.7621723979743268e-05,5.324445545860382e-08,11.095438840348145,303.3354158104584,5.789545580319952e-06,3.370076879240047e-06,0.27926394610729177,1066.2184021980165,0.019729057026828572,42.94842092913677
433,0.5698969376328972,79.81556196458206,0.23311042804968685,79.26016842265565,0.32228311387672576,1492.5450033739173,1472.2080669944723,20.33693637944576,0.0895293122254927,0.09532434964275825,0.941905254395721,-9.221262829589698e-07,-9.367994739418918e-07,1.4673190982922115e-08,-0.00011362710163327625,-0.00011368082847181177,5.3726837323129126e-08,12.393747324463405,441.0417181666713,6.1619842802743025e-06,2.5310207053848838e-06,0.26843225466550474,1112.5533963794994,0.018271453988096268,-487.40642237116845
434,0.6343002814818671,89.35891504052346,0.2854311380695325,88.83971712009242,0.2337667823615304,1353.1458784815281,1333.1152992869174,20.030579194609484,0.1461159870322265,0.10290012966353787,0.9926476728040248,-7.052654614468155e-07,-7.223050560211764e-07,1.7039594574360914e-08,-9.617530026402989e-05,-9.623118662687523e-05,5.588636095323477e-08,8.031493402540827,375.0024729531193,6.3333161525896765e-06,3.4379741843970563e-06,0.2786743677642548,1196.0323779944636,0.01956119531707421,-175.98376983601338
435,0.7095379481947949,112.27931640441605,0.30903793849870503,111.62435000500471,0.3459284609126194,1562.284282191578,1538.755428057614,23.528854133965307,0.09502809128342596,0.12966698653976208,1.2519559343698026,1.5512854366663492e-06,1.5379448534283995e-06,1.3340583237950222e-08,0.00017891227926381643,0.0001788452272033201,6.705205897458583e-08,8.635653324166395,695.7355294759146,8.785132871697997e-06,3.6074162635523445e-06,0.3289041609694139,1545.878885244427,0.01786552500663675,2383.9781776985947
436,0.5949670795141856,75.7115213489922,0.21938473720178928,75.19040394909291,0.30173266269749693,1889.3503957419362,1867.356076227611,21.9943195143261,0.18133448765264562,0.09881684984495447,0.9800424757820015,5.147147594959165e-07,4.994463294517642e-07,1.5268430044152274e-08,5.5724931636119315e-05,5.567110284541517e-05,5.382878936544712e-08,6.7734063430706986,581.9860916201477,6.8437264305160165e-06,2.629951357548909e-06,0.26046337016444077,1059.887186577182,0.019686564278307395,1511.608446995524
437,0.7253456993830254,121.81692355320457,0.3323069496371682,120.99814914260642,0.48646746096099724,1528.2943876580493,1509.1763277535651,19.118059904486543,0.4264588282202361,0.12598251706133728,1.1272430381756937,-6.868958604031586e-07,-7.0663374382739e-07,1.9737883424231376e-08,-8.978689959996827e-05,-8.984631284973937e-05,5.941324843968384e-08,28.1186329664496,450.09205219008334,9.735688424667157e-06,4.624918940540523e-06,0.3081465374010305,1771.5697097059108,0.017200641215044825,-703.6958025017157
438,0.6013314611406294,82.97209319611426,0.27724842440927683,82.42465667524672,0.27018809645825087,1239.11202676507,1216.4519537527888,22.6600730122797,0.1157002611375645,0.1055897954243829,1.041467655592816,7.572552699215817e-08,5.762844565991976e-08,1.8097081332238326e-08,1.3958599221235941e-06,1.3400868915811212e-06,5.577302920369072e-08,4.918756960414743,380.0385482449071,6.743113445569339e-06,2.9008504132312566e-06,0.2815017244188458,1208.8470968809509,0.019026927526653716,-639.4783705576119
439,0.6740839551169369,107.658584917367,0.380083734283741,106.78204412038797,0.49645706269528916,1338.9897909042393,1314.6560640840319,24.33372682020662,0.20916754810388064,0.1228283248230302,1.2065889590314594,-1.9641048832141926e-06,-1.9815848898051767e-06,1.748000659098323e-08,-0.00024018502751003282,-0.00024024439127316296,5.936376203000086e-08,37.02943563686436,545.6995984754576,7.971115744453071e-06,2.6826983615843202e-06,0.31483558393510264,1519.9551582415968,0.019157005517412437,2602.2891602805175
440,0.6849440594335808,107.78572688436273,0.3673261513114672,107.0265884770268,0.39181225602445857,2304.6672520933616,2281.84031407934,22.826938014023884,0.1920227323178125,0.12357878759091889,1.1515206370350708,-2.4449638647848206e-06,-2.463076945466346e-06,1.8113080681525972e-08,-0.0002956365520884423,-0.0002957012528989565,6.47008092435327e-08,21.943976838267375,331.998989345005,7.737083127762876e-06,2.7397547295962557e-06,0.31231074081537097,1576.6098825474178,0.019292955743529752,-422.6221773258403
441,0.6082446713722512,83.39097856153153,0.2769269155525131,82.82716971833781,0.28688192764121884,1343.8221692146662,1327.2134562093574,16.60871300531072,0.17312001924630802,0.09788812388523076,0.9145162183689213,-4.5925785846685064e-07,-4.730007403344911e-07,1.3742881867640636e-08,-5.7423832605510364e-05,-5.747741628148434e-05,5.358367424394216e-08,35.44772297763861,633.9340076787587,6.36453873631959e-06,2.9076432901851115e-06,0.2617966103240444,1201.5391460812225,0.01719447181071439,-510.9754565580515
442,0.5669612130445184,73.38315223693893,0.1982948368530808,72.97360413036098,0.2112532697248551,1584.9887647627295,1566.8003882043706,18.188376558356868,0.08126138419427525,0.09204650888030066,0.9161829168946803,5.666210916437528e-07,5.57074428420444e-07,9.5466632233087e-09,6.109626109919873e-05,6.104647306626331e-05,4.9788031350837614e-08,8.570900108135186,1547.6086628523142,5.433425410717432e-06,2.277952053688249e-06,0.2586573868641212,1015.1716898373061,0.01840519850588527,-339.8239365066074
443,0.558439593421342,71.00294056817327,0.1947756063019523,70.60567425575321,0.20249070611811387,1085.2209925394336,1067.2748380405544,17.946154498878993,0.10847405062244499,0.09264371452311773,0.9212177094239622,3.8553169908732196e-07,3.7379091410562924e-07,1.1740784981692754e-08,4.0958484158976416e-05,4.0910942938614674e-05,4.754121932343975e-08,5.605895929908904,240.38776812555128,6.529987518122895e-06,2.7469243075040186e-06,0.2583663228940786,1030.391968625931,0.018502871192125247,617.0190268311417
444,0.6942643830940445,110.09959412762885,0.352949829036199,109.49557413809424,0.2510701604984111,1677.3916631760237,1654.3768759670193,23.01478720900529,0.10321643154404268,0.12872742800851328,1.1956996071726282,3.5389069506728378e-06,3.522412320796098e-06,1.649462987673964e-08,0.00041384698182704544,0.0004137864211320775,6.056069344053435e-08,13.488275460924847,579.1691556582648,8.83971584881412e-06,2.8558189030709944e-06,0.3209020314441392,1587.5478670832033,0.01857074277337824,-1503.0450404448893
445,0.6697380477047353,107.44188106868413,0.3125584285118986,106.80867916893658,0.3206434712356602,1764.7135517261306,1741.7909251064682,22.922626619664005,0.2248202957081355,0.13022944112157558,1.2157179673658292,-1.8815937858813885e-06,-1.9015021254635275e-06,1.990833958213833e-08,-0.00023164738009768407,-0.0002317078557632296,6.047566398372538e-08,26.908053052439076,224.8611578749695,8.905939943289152e-06,3.133626038098237e-06,0.3257329658498835,1534.025573691194,0.01975261631757779,672.1930581895867
446,0.6362999816474425,98.19264741766298,0.27445372267770934,97.67600133497582,0.24219236000945768,1994.8904973674173,1972.4378653921633,22.45263197525584,0.1508297733268184,0.12303956851666792,1.1912780679115043,-1.6552881051916973e-06,-1.6722842730197406e-06,1.699616782804357e-08,-0.00019748595686480653,-0.0001975425361876676,5.657932093187078e-08,13.042226365536246,671.8460750771205,6.318143626653437e-06,3.1067880667265325e-06,0.31547647304520693,1384.6393141728508,0.018527355491148933,2013.6409966617648
447,0.71596963908195,138.00507024616135,0.4508214562957082,137.2079259432361,0.3463228466295505,1732.5019624511253,1706.4762486849443,26.025713766179415,0.307354927463033,0.14975531880437698,1.329504247741792,-5.340192595123583e-07,-5.495802247088316e-07,1.5560965196473403e-08,-6.886898287701379e-05,-6.893536231829718e-05,6.637944003286241e-08,48.900614315950875,737.114257146538,9.452123602474642e-06,3.391725331586991e-06,0.3492266672819537,1946.7785047088487,0.01871718366025963,-2545.9788369588714
448,0.6329413921203925,101.34790111484277,0.31067832576937093,100.80112308764632,0.2360997014270885,1470.1691417063782,1446.720596109131,23.448545597246376,0.6075491596201354,0.11531935821779928,1.1227336094160112,2.5106171825831e-07,2.3418296080118204e-07,1.687875745712781e-08,2.6581381256049736e-05,2.6529212725794997e-05,5.216852895395188e-08,7.342177582415152,847.0132187198087,7.319737039466896e-06,2.790019879938248e-06,0.2971311960447844,1399.2976809897182,0.01803696873328493,-1294.787005037917
449,0.5854053568729408,67.0605369059372,0.18416258153656534,66.61706630958987,0.2593080148107516,1352.550027859744,1335.785160203652,16.76486765609041,0.06819458769851407,0.0963277494901267,1.0092533197951319,4.925987957321692e-07,4.774278162800323e-07,1.5170979452136887e-08,4.9957721985345535e-05,4.990929455823471e-05,4.842742555319689e-08,7.958121336143906,-118.50471557455413,6.387077101234464e-06,3.27600685761284e-06,0.2710119342262968,934.1697851010455,0.019111178651441005,-306.72945641876504
450,0.6759469736316693,94.52887406665327,0.3209920187075181,93.9411437167501,0.2667383311956468,1541.5740022772227,1521.643800308307,19.930201968918148,0.14163658599499748,0.1322894659163163,1.3353484551137655,1.6704894501924389e-06,1.6525805250429768e-06,1.790892514946158e-08,0.00019020134155724178,0.0001901443244318377,5.701712421556826e-08,4.659102238981953,630.2997269715111,7.009538443575476e-06,3.0807643938118956e-06,0.3488509280337302,1359.8157991049275,0.019719049773056014,-1625.294306464828
451,0.6117100758119711,84.35385122641213,0.2748985804830576,83.85717869762567,0.22177394830337577,1586.1724209657555,1566.6896047075454,19.482816258209205,0.10763406241845422,0.10023858944266797,1.0040696338565394,1.0912863804011023e-06,1.0756598667051268e-06,1.5626513695975366e-08,0.00012656956617529533,0.00012651441598078353,5.51501931541708e-08,16.10839745459411,352.6709070543978,6.76787881913816e-06,3.4147523846911306e-06,0.2702065107694253,1189.9084109711944,0.01891108363681325,1492.4113745740651
452,0.6317923012785336,98.92154108427056,0.26525054144733495,98.37535635834254,0.28093418448069446,1494.7825733277919,1477.814040479116,16.968532848677917,0.0657371144805701,0.11913679488700331,1.1438200049409009,9.93487261601773e-07,9.76304531108971e-07,1.7182730492801842e-08,0.00010712929945088554,0.00010707292586325518,5.6373586415317664e-08,9.991505574444917,716.6470360776372,8.340892935769352e-06,3.014577647572558e-06,0.30208716616774556,1378.588713636767,0.019996653854019327,-77.06962396184827
453,0.568836952540773,72.65403690619382,0.23904685584095545,72.20845123742123,0.20653881293162607,1578.906768077874,1564.123938827536,14.782829250337851,0.08899369577410779,0.08939528580917991,0.943190433759307,-2.63521257550441e-07,-2.794409459997765e-07,1.5919688449335506e-08,-3.283742933897401e-05,-3.288715117287251e-05,4.972183312435979e-08,7.6299460451913745,476.8325247073542,5.695353469988284e-06,3.2460903337507186e-06,0.24276178866037462,1007.9874394476742,0.01883156577590944,-3287.3420608375673
454,0.5727721375313581,79.19619846584689,0.2184203293884174,78.77621694586077,0.20156119059773264,1542.9773955698895,1523.197157464752,19.780238105138157,0.08980550054218307,0.0907298316366551,0.8731934738510316,-1.2020174070802179e-06,-1.2170163270833391e-06,1.499892000312161e-08,-0.00014783972361984574,-0.00014789433224072438,5.4608619833318985e-08,19.182772064638325,571.6112903170058,6.02780726388726e-06,3.2649427814899712e-06,0.24706977228943583,1107.485647393231,0.0185037441726242,2251.247242388519
455,0.5696643764485705,76.34978483751121,0.22019191033016003,75.91493889638919,0.21465403079187526,1292.3201928214492,1272.9215411451232,19.398651676325194,0.13297774705701626,0.09330681401617485,0.9456707474948179,-5.086441461772446e-07,-5.249468435689873e-07,1.63026973917427e-08,-6.861550139336814e-05,-6.86734558193882e-05,5.7954424098847455e-08,11.478294084552118,56.44884314342569,5.2239378671703336e-06,2.8520318073033156e-06,0.2505935583173822,1080.7857573670185,0.01808894584866419,-763.1725423744865
456,0.6463675368191185,100.24635416663844,0.24895828906622836,99.73330598858982,0.2640898889823847,1622.432724720617,1607.1916456490246,15.24107907159187,0.11229815191622392,0.12183527730544523,1.145649362783385,-6.250256250134083e-07,-6.437784170952503e-07,1.875279208184188e-08,-8.21994898841151e-05,-8.225506573267064e-05,5.5575847318255016e-08,7.854912375072603,987.7998238816076,7.344778121442873e-06,3.583597679764784e-06,0.3161673529189559,1398.759693103435,0.01776084008122433,981.1455801582015
457,0.5640992011480607,75.35676702391869,0.21420762024928527,74.97577223044694,0.16678717322246037,1320.9154737897354,1302.6409398183034,18.274533971431143,0.1053252429291049,0.09312226650056214,0.9038303803677123,-1.142829419351928e-06,-1.1564630633383247e-06,1.3633643986396957e-08,-0.00013649227219280648,-0.00013654517248681077,5.290029251764475e-08,8.224243263184334,101.96498030056738,7.098999101254328e-06,2.8096518798086607e-06,0.26345728850136774,1051.363127524372,0.019150781036203872,411.6580443478342
458,0.6611287247976361,90.93957506780771,0.29176991688603876,90.3236672242377,0.32413792668397806,1651.2489250920175,1631.6878366031244,19.56108848889264,0.22665272493665453,0.12676934142003615,1.2538414397941602,2.9244591807892485e-07,2.7640775457214215e-07,1.6038163506782727e-08,3.0346312495014217e-05,3.0290341486920663e-05,5.597100667775126e-08,7.004096281006816,658.2837908461729,5.898447779608563e-06,2.8798799563721984e-06,0.34052599198937167,1264.4124440925896,0.01957094481039378,-2757.8788466702645
459,0.6792527225009213,125.20536326948992,0.4154999739499793,124.31278751701171,0.4770757785282358,1416.732734816802,1379.2273060836826,37.50542873312011,0.1062760214848911,0.13394737685562713,1.1547026476819227,-1.5841842557687825e-06,-1.6021760833182219e-06,1.7991827549439288e-08,-0.0001927679293323605,-0.00019283049771993518,6.25683860683854e-08,15.942318428615009,737.4094078428814,8.182656741339266e-06,4.3219370104412375e-06,0.3211243176999977,1790.7242261629158,0.018547470571895094,1935.8559491553497
460,0.6047195832050642,79.44051944531957,0.27272746782567414,78.89063955803982,0.2771524194540637,1392.0634058937687,1360.7111680195217,31.352237874248544,0.08138018405296082,0.09438088701480171,0.9300479840775319,6.868152230572866e-08,5.380094534756189e-08,1.4880576958166765e-08,5.401184622581448e-06,5.350483522374337e-06,5.070109869473261e-08,5.40992341088641,586.917142037718,7.167459696617849e-06,2.9325041000782997e-06,0.25567705397012513,1131.9299200510575,0.019475593736538406,-3495.0330340303917
461,0.5460751389856223,59.05876165561217,0.13441938134239914,58.737504023206036,0.18683825106373894,1340.1317719573806,1322.7681370344653,17.36363492291626,0.08450202232898701,0.08650637819002109,0.9041580940297614,-1.4272264038619581e-06,-1.4402063644002906e-06,1.297996053833209e-08,-0.00017161468378314932,-0.00017166340582712856,4.872204264822929e-08,6.921366306759568,508.982673451347,5.105493085475858e-06,2.486769298142362e-06,0.24450274722594909,825.3646526841275,0.019561880077803358,692.7663045590853
462,0.655977511157432,105.659873083719,0.31785686462366575,105.08820546879348,0.2538107503018642,1561.6414276184198,1536.4266515447414,25.21477607367925,0.09662397619643752,0.12095491447395684,1.099807523579466,1.9990142866176765e-06,1.982110219775241e-06,1.690406684243527e-08,0.00023045531305190345,0.00023039476403567677,6.054901423794427e-08,11.536519878787983,579.7101841152303,5.95403643174529e-06,5.021027354572846e-06,0.30251060811455904,1449.4489035967256,0.018455886596062735,-2246.384886377251
463,0.6656889755372822,102.49763422832694,0.3010986192395633,101.83644148793903,0.3600941211483555,1312.985794992495,1293.2690847101267,19.716710282367995,0.1265285223565437,0.11769600295665887,1.0782714347665783,1.6972186108776314e-07,1.4830392772094627e-07,2.1417933366816884e-08,1.3878586371006092e-05,1.3819117045734766e-05,5.9469323892910053e-08,5.865283536187288,542.4940427805567,6.662604571001315e-06,2.898138236348728e-06,0.2956648202365057,1436.1983108870356,0.01622723228757263,1613.099692719854
464,0.5495813914690858,77.4761855062685,0.2355705994882311,76.88082819049946,0.3597867162808198,1176.1929915919015,1155.242532717936,20.95045887396848,0.09484612452385618,0.09126490656644774,0.8947951057890032,9.939599193681359e-07,9.795564266573173e-07,1.4403492710818242e-08,0.0001120373487785493,0.00011198461879364762,5.272998400504864e-08,4.606533463186363,286.1024091189853,6.590891133233291e-06,2.2061916219415366e-06,0.24812455439140718,1106.327018720362,0.017355138265605797,1733.3312336092167
465,0.6981841278914952,102.35748710019905,0.3241377350552186,101.80433592335902,0.2290134417848326,1331.2817017782959,1304.9909653155728,26.290736462723288,0.10221306329476153,0.12591441359684286,1.2517401653089257,9.268447701590075e-07,9.09592680974575e-07,1.7252089184432454e-08,0.00010054606483050346,0.00010048046400086219,6.56008284331845e-08,16.08964132856436,321.58155862474325,8.119392455936816e-06,3.022132887678285e-06,0.3210535094264316,1444.134283457353,0.01965565895692541,-1983.128365364788
466,0.6367624742813031,86.1624713431116,0.2982057859033942,85.63161264840332,0.23265290880489314,1258.4727916731713,1241.7256558596061,16.747135813565595,0.13147308014482112,0.10276496202002965,1.0707098664154013,-1.2685696387646325e-06,-1.2830235770227262e-06,1.4453938258094024e-08,-0.00015159801706980585,-0.00015164986787960066,5.185080798752361e-08,5.3633176565844245,388.39231388460337,6.555038143127653e-06,2.8294016804637032e-06,0.2876925947470616,1172.2155499946352,0.01975668757052221,-3300.2079954589135
467,0.7041487003756202,131.22334481692945,0.3480449885636753,130.55040212720917,0.32489770115661537,1801.9110845224304,1775.2664467217987,26.64463780063117,0.19666179269335418,0.1319570706278857,1.104235371185247,8.054728736269654e-07,7.851253306920413e-07,2.0347542934924336e-08,9.126256584820967e-05,9.119958261361698e-05,6.298323329650664e-08,22.091350740068698,382.2946220389235,9.287399445176569e-06,3.185085935729808e-06,0.32277268203405746,1853.9551440581074,0.018021895820236417,-4373.113448671946
468,0.5725133882281862,63.68519452840958,0.21742683291164758,63.32079532900112,0.14697236649681,1384.4307239884654,1362.9152803492896,21.51544363917652,0.08516982824425673,0.0880779735658337,0.9121439830328076,-3.702602291818471e-07,-3.833756081499688e-07,1.3115378968121626e-08,-4.859563662607975e-05,-4.864370172418053e-05,4.80650966815338e-08,7.488429527621385,474.8579878820384,4.80612161438388e-06,3.1057008968173542e-06,0.25730506140665804,875.8833678629567,0.01997885130342157,143.8832794080372
469,0.714027877406152,120.35669087669967,0.3836166398711088,119.71070649483003,0.26236774199851876,1810.700098037394,1780.7681100716807,29.93198796571257,0.1451813298463169,0.14423698469010304,1.3436086065869386,1.1778771113901913e-06,1.1568801939661395e-06,2.0996917424051712e-08,0.00013438655121363445,0.0001343261168762846,6.043433605509962e-08,13.87998915473203,679.122413792678,7.632713240667747e-06,2.826383608161179e-06,0.36047585541290816,1613.1785378079192,0.019619248070645297,-137.30759556202975
470,0.5659807264818909,76.42787142058698,0.21954156565475869,75.9159572291395,0.29237262579272083,1329.2934582353296,1313.370673121538,15.92278511379324,0.0835677011436078,0.09275342392231972,0.8915309296570905,-2.829361122903063e-08,-3.9182626949014636e-08,1.0889015719984018e-08,-6.903171294113773e-06,-6.957205386720657e-06,5.403409156300763e-08,6.653994146357853,137.37213308840523,6.163735024311218e-06,2.8456454439965958e-06,0.2511234278161217,1070.244477660145,0.017917886242025838,935.8651980175528
471,0.627805508556222,73.37511075625098,0.20736758457981244,72.98848613658895,0.1792570350822139,1238.2377208652472,1217.5935064247305,20.644214440517285,0.10805493843829261,0.10084490387341757,1.0245718004832016,-1.1487466661928835e-07,-1.2799156523469823e-07,1.3116898615409892e-08,-1.7877453146179643e-05,-1.793077053102009e-05,5.331738364948508e-08,8.54685614146016,415.22527773334525,5.478426698526417e-06,2.58173172341763e-06,0.28444821596462694,1005.4828200516747,0.0192755001091609,695.4789835215015
472,0.5562442774150602,76.33774680578705,0.2033833361598844,76.07595200283755,0.058411466789609096,1193.2484804566466,1175.921740325355,17.32674013129084,0.06362609454829576,0.09074703577084495,0.8868263377113511,2.2104487296110432e-07,2.0831025957375315e-07,1.2734613387351206e-08,2.121123076479374e-05,2.115794954637404e-05,5.3281216773828345e-08,4.361720566566213,233.98694936904323,5.144164689201732e-06,2.7039667351521157e-06,0.24551604048898987,1042.672286363868,0.01676552649427348,1908.1147040546202
473,0.592192131969167,80.17963574069154,0.23267885788128181,79.80091268210653,0.14604420070372662,1397.8926370936222,1379.3290870694257,18.563550024199667,0.12121733059422116,0.09365977999349975,0.9348945013311066,1.3354622874912692e-06,1.3183830117592313e-06,1.7079275732037917e-08,0.00015430434420589926,0.00015425193317944805,5.241102520236447e-08,7.190404067720166,377.92543077436073,5.866238470100252e-06,2.5067894406427118e-06,0.25136448422491153,1078.1262629990135,0.018345400654074473,606.5324685772539
474,0.5734912084384368,78.4609770930239,0.255996201141007,78.01910548154098,0.18587541034192148,1488.8580043039094,1471.4750218169925,17.382982486917545,0.16459839657744801,0.09852002885624639,0.9727096054307331,2.8121046529145797e-06,2.7987397525552222e-06,1.3364900359356532e-08,0.00032524702602343625,0.0003251971297864618,4.9896235228479916e-08,19.59873603732131,441.56307912349854,6.671313284651636e-06,2.4565301441359447e-06,0.258439152710504,1105.32823450936,0.018430731652101844,388.41450097197594
475,0.5909618135364092,87.83358888465517,0.27531191315500103,87.39685811674158,0.1614188547585988,1599.1732843104749,1581.5830818925078,17.590202417965546,0.10327069162602132,0.10396951813647087,1.0102866597561586,-6.379347150598815e-07,-6.544267048701899e-07,1.649198981030837e-08,-7.975758999194975e-05,-7.980936713415335e-05,5.177713950491441e-08,5.946766783678204,54.08765470128565,5.711848741146795e-06,2.672424562989204e-06,0.2722735445408137,1188.943127667112,0.02011738999740496,-536.5201345984315
476,0.5566606019072922,69.64867759888081,0.19300067147629454,69.2614573871855,0.19421954021901092,1251.492942026364,1226.6579686200748,24.834973406289382,0.068863271171036,0.08578652955110498,0.8504506457723012,-4.590628522676873e-07,-4.721777285142825e-07,1.3114876246595228e-08,-5.956108667714637e-05,-5.9612520382509895e-05,5.143370468958122e-08,4.820988696108614,573.1092669595932,5.680308004848902e-06,2.7548664797316325e-06,0.23673148414280826,957.8644135162854,0.01762506317427375,1536.0731990223685
477,0.6083000365598213,92.44305562120311,0.25221859648057415,91.96981953930215,0.22101748542036753,1422.1612575490512,1396.5912066561875,25.570050892866348,0.09722372405243661,0.10599586634307943,1.0353289047337768,1.4594324466663982e-07,1.2732792317147915e-07,1.8615321495160553e-08,1.4654249421938648e-05,1.4594579671938208e-05,5.966974818772842e-08,7.717995639984064,211.44140928306985,6.202339455994142e-06,3.949208917462481e-06,0.2890548783710392,1305.925243828597,0.019002970452367405,306.69957520614844
478,0.6070189869338809,90.32017583479352,0.25768449963826534,89.73163893848259,0.3308523966726589,1553.7138742421807,1526.8634821189391,26.850392123241466,0.07013868092352286,0.10589451607134309,0.9801644215328865,-1.205113070358713e-06,-1.2225993368202295e-06,1.748626646151578e-08,-0.00014586483711399832,-0.00014592700399628942,6.216688124595839e-08,8.51400046666315,658.1620990603088,7.418873532309491e-06,4.2708628873794816e-06,0.2691779205638228,1276.7269478963694,0.018788211351634124,201.13221287223496
479,0.6295737785224277,87.86647799621727,0.2280332145167442,87.33779172323864,0.3006530584618663,1947.6031896233146,1930.1595174359252,17.443672187392487,0.2015594970546985,0.09881047748828242,0.9639985569701828,-1.904892754563749e-06,-1.9199715283932176e-06,1.507877382946936e-08,-0.00022547439695012482,-0.00022552531758771195,5.092063646403981e-08,13.682568331569016,206.6298547912884,6.733429338941392e-06,2.810965193665859e-06,0.2761328378698578,1251.182212257219,0.020131080918509844,-1661.906952741927
480,0.5975598653679708,76.61832227954085,0.26395767855017693,76.1372313033249,0.21713329766576023,1608.7213954989716,1592.400974425839,16.320421073135787,0.10314845597008244,0.09601707965368203,1.0140770668562142,-4.5343028581562653e-07,-4.6940385324845367e-07,1.5973567432827002e-08,-5.9637797722190684e-05,-5.9688824371699324e-05,5.1026648209979995e-08,15.365299203774372,176.02170926407086,5.676233060675529e-06,3.274664201998681e-06,0.2642052660167762,1053.4346251011139,0.019259753837281,1152.5922817126084
481,0.6725995746161801,107.34730731235375,0.345414120289596,106.74265506589823,0.2592381261659241,1424.772670402482,1404.1885101723958,20.584160230085754,0.1546112108697552,0.1171445225581447,1.0697811108569055,-2.099040719036152e-07,-2.2364714030081943e-07,1.3743068397204318e-08,-2.7068097556179317e-05,-2.7124419898930394e-05,5.632234133425705e-08,7.7583358699598275,615.3923610242532,7.5146211228149314e-06,3.1808391807230933e-06,0.29080600605387286,1511.186529690488,0.019900072177408922,1685.1885551157138
482,0.6019525780618342,80.70087443167321,0.23109114807309614,80.24475161418256,0.22503166941754507,1321.0840090027446,1301.6341836159002,19.449825386844207,0.10514615917035315,0.11002482955994394,1.067820880563397,-1.4903857145192297e-06,-1.5093332949342002e-06,1.894758041497037e-08,-0.00018230136891224356,-0.00018235554473631423,5.417582262221124e-08,4.318689149101779,310.1732189487923,5.0634930974375126e-06,2.4164410038814285e-06,0.2883684337024078,1113.7207762283488,0.0184962633347387,-74.88149106606215
483,0.6227959949944815,90.08760289372562,0.2684200327854468,89.57361556838099,0.2455672925591864,1314.7517901521135,1294.9694700667164,19.78232008539965,0.09894236673328516,0.09703051928910394,0.9321053218868475,1.3960404403758188e-06,1.3819016927318672e-06,1.413874764395138e-08,0.00016141809190692787,0.0001613626659930397,5.542591324362935e-08,6.521930393922871,-95.08296643162838,7.261124789218545e-06,3.0747239865732833e-06,0.26428945347742094,1274.9818275596683,0.018093328512962647,-33.69738009200955
484,0.7168457506845994,125.67815453730398,0.4102685942168636,124.85886598274608,0.40901996034102944,1713.5316716388002,1688.0011473596082,25.530524279191987,0.14616789382589626,0.13658295088428957,1.2737276537672593,2.0142067249712892e-07,1.846194105453636e-07,1.6801261951765252e-08,1.775032399701154e-05,1.768877095537911e-05,6.155304023866564e-08,20.090175936203334,358.4496862156585,8.533301969620502e-06,3.4007326726182212e-06,0.3428505962318199,1756.2101810628812,0.018774323336812455,-669.9226804042701
485,0.6348964274735962,82.71032794109568,0.24121348064909728,82.20560905402004,0.2635054064265552,1904.1430437062963,1880.2174131309898,23.92563057530582,0.15280243093634177,0.09687127663918077,0.967129178764214,-1.08868743955235e-06,-1.1098705012505197e-06,2.1183061698170065e-08,-0.00013582641807993663,-0.0001358932262154037,6.680813430741403e-08,7.684879251895307,-222.70256710842614,6.971249636902676e-06,3.1475942936166494e-06,0.2597695850802625,1153.129492609527,0.020089152875768655,-709.196779459111
486,0.5946441990937159,78.37022992508868,0.29955914760591545,77.7448536645942,0.3258171128885557,1325.358765800686,1311.0230518400535,14.33571396063181,0.10901983983972983,0.10066557196106884,0.980180912239311,8.890891396550289e-07,8.758370606596582e-07,1.325207899537038e-08,0.00010059968844658639,0.00010055075299028004,4.8935454858930035e-08,6.628176172993832,316.53757042421165,6.75806524642604e-06,2.2987139537769116e-06,0.26359950449857733,1108.3377564733107,0.019040893379662832,-437.6932122005055
487,0.6664060118081271,87.74966843124696,0.2828690054091748,87.14989720603498,0.3169022198028202,1503.6185698453035,1483.2065919854963,20.411977859808832,0.11407395957166035,0.10908276556187647,1.1043859733913846,-6.461897912521945e-07,-6.589398069220863e-07,1.2750015669891871e-08,-8.227346194117572e-05,-8.232763497450494e-05,5.417303143421625e-08,10.82509158183451,257.6349529678536,6.408133559114587e-06,2.682434897503849e-06,0.3019836322738898,1211.4317742846647,0.019866033794295867,1274.7266417596584
488,0.6104021317988503,86.0760860941898,0.21027780241371938,85.62236274309831,0.24344554867774532,1329.5472475442025,1308.964989150504,20.582258393697614,0.1676946286320758,0.09660625565381091,0.9984564298992965,4.4756043430937445e-07,4.3405577057034245e-07,1.3504663739032047e-08,4.833230185403934e-05,4.827648352774465e-05,5.58183250410312e-08,10.542343357846592,579.0803968010068,6.597760175669749e-06,2.9408731260396418e-06,0.2673847552688865,1202.173072263282,0.017480129971267095,2359.370557449358
489,0.6036143271421357,74.87322511683675,0.1976821929965985,74.3998732834623,0.2756696403778456,1302.2377804164362,1285.1362130366433,17.10156737979404,0.30320918844574085,0.10732543617930819,1.081921685570448,-5.925701281603945e-07,-6.101626100241602e-07,1.759248186376589e-08,-7.27420171880196e-05,-7.279637273035193e-05,5.435554123826323e-08,4.624744901858161,-118.35456237631706,6.190581129735605e-06,2.536313125794228e-06,0.3029763052815271,993.112788356316,0.021403346574882725,111.46212876754726
490,0.5890924875750463,86.79019217463593,0.2533916239596378,86.16825898068925,0.3685415699870547,1432.4502005995987,1414.9956130249252,17.454587574673823,0.12468488437525108,0.10070042158061973,0.9670273514992661,4.994265150638626e-07,4.854894779275506e-07,1.3937037136312042e-08,5.492660616717869e-05,5.486871176619784e-05,5.789439977997018e-08,6.987987665055035,491.7878523079972,6.961599709729937e-06,3.3554826775667176e-06,0.2764351269313534,1155.439792243533,0.01765165854657593,254.58878913809895
491,0.6326131450419435,67.57715711027305,0.20839986660022092,67.18945235673343,0.17930488693936703,1562.8353270498872,1543.306477137408,19.528849912480307,0.0839283437008011,0.1010702271790128,1.0229980530426352,7.1316264187013e-07,6.999859360057496e-07,1.3176705864380296e-08,8.033119205890616e-05,8.028018681373437e-05,5.1005244145375084e-08,15.728723728971268,171.22957294774642,6.516728750458992e-06,3.1828504007579786e-06,0.2810271579896188,942.4746433922417,0.018872320135986786,572.005801242547
492,0.618999851931806,100.31913613116437,0.33666954397187965,99.67478904646669,0.3076775407258045,1672.1062393164489,1652.1276598694053,19.978579447044694,0.1603247304457799,0.10439665847349928,0.954839901924615,-1.5806610775399654e-06,-1.599682985812261e-06,1.9021908272296066e-08,-0.0001915291458829166,-0.00019158586983302595,5.6723949056700795e-08,7.0147998501542155,764.5882499692658,7.211100640619586e-06,3.0671066443707406e-06,0.2718676586277874,1391.017213723237,0.01837434469720615,-563.0030334961084
493,0.6117088079565902,101.67018853832171,0.32528367354392856,100.8984999018444,0.44640496293339055,1614.9567008555396,1581.7579736370906,33.198727218449456,0.1353659788354929,0.10792643228263211,0.9892287152341529,-5.382246608789372e-07,-5.535880185205654e-07,1.536335764162825e-08,-7.141604214580862e-05,-7.147748657827684e-05,6.144443145064716e-08,9.040481120590705,465.058648487496,7.116849615077189e-06,2.714359001764164e-06,0.2764527613706387,1424.8594613895452,0.017980302249386473,3490.0479462073636
494,0.5508811367879805,66.38511094338448,0.1883904878295453,66.01668829645894,0.18003215909600012,1200.3205310067317,1178.6471339525551,21.67339705417675,0.11591851211024498,0.09152300270664278,0.9265943134851324,5.003436124900015e-07,4.844487959101332e-07,1.5894816579868272e-08,5.109178727363229e-05,5.104478540433382e-05,4.7001867903923426e-08,23.085529655725246,18.038799132895864,6.119546662199632e-06,2.6169885778709663e-06,0.2535096380352606,938.8151354404567,0.018246867498590835,-281.0948322598815
495,0.6288630474597362,74.77106652577854,0.19769854097381245,74.31996945748415,0.2533985273205673,1906.7845882277309,1887.2297376077017,19.55485062002896,0.1002914707740746,0.09425103477717639,0.9408734447875821,1.0284155433069936e-07,9.014848496930639e-08,1.2693069361392982e-08,7.2030819921789895e-06,7.149998626157626e-06,5.308336446202827e-08,9.776313009363086,456.2822264213734,7.1322767292485085e-06,3.9090603324056425e-06,0.26903074930741105,1034.9019267380252,0.018723282525435356,-619.0634273842734
496,0.6176757890485868,94.34590230540658,0.3136707038855522,93.78997624974528,0.242255351775734,1343.1370705230502,1318.3675988372202,24.769471685830805,0.09421073683337237,0.10011395854988474,0.9298249012659421,-6.736183907418864e-07,-6.929892404533873e-07,1.937084971150096e-08,-8.930946652502976e-05,-8.936614181241199e-05,5.667528581776868e-08,17.797415781628388,562.6883529752251,6.5023238720735485e-06,2.5357666930453105e-06,0.2672487376026278,1286.191771216603,0.01784083788881734,-1170.8209806421
497,0.6018900811726877,79.36187152686448,0.22993916736362294,78.90006897499416,0.2318633845066993,1349.5954647424373,1333.4621981305777,16.133266611861114,0.2159505143448555,0.10553474215471359,0.9893295783264953,3.9489814230135347e-07,3.811815848460969e-07,1.3716557455256531e-08,4.120242635033277e-05,4.114941815790166e-05,5.300819096842743e-08,4.719565963336477,541.2890440793682,6.15576050453873e-06,2.9015271334078986e-06,0.27673917811540216,1088.6860823752747,0.019290890074434415,1998.5060529917791
498,0.6377262419899044,98.6515259987355,0.27551576044274867,98.01199932127187,0.36401091702086774,1311.4940600071059,1290.8965629249035,20.59749708220003,0.22565628875469748,0.11967673581111772,1.1294333487146586,-2.2699486993068455e-06,-2.285117074930767e-06,1.5168375623921485e-08,-0.00027304919730424156,-0.00027310557952606705,5.6382220388563234e-08,7.675894033437389,497.5638191587541,7.041722804999784e-06,2.7024248491421215e-06,0.3136887493042818,1388.3269772411306,0.018359119783345184,216.8380582480313
499,0.7210483509102577,108.21201172859581,0.3293221353650502,107.62988712741637,0.2528024658144079,1360.488165345874,1341.1403124645958,19.34785288127719,0.08621988040189434,0.14002941529881552,1.3246672390049603,-3.344942112110998e-07,-3.52132178158617e-07,1.763796694751722e-08,-4.2732834894328704e-05,-4.2793418259468904e-05,6.058336414034137e-08,13.263764421953402,971.6959743621557,7.235971593345567e-06,4.207498064266736e-06,0.3459500838530486,1529.934756076636,0.018211268551649683,-2135.0630396622437
500,0.6799683183992357,106.52194837653421,0.38520799998140276,105.89305660507043,0.24368377148241277,1373.3374989304027,1350.7573869473906,22.580111983012046,0.1327603738042067,0.11511587680453321,1.1288437299133531,8.200364733936111e-07,8.016099071353852e-07,1.842656625822596e-08,8.90728703234373e-05,8.900975597575059e-05,6.311434640919312e-08,24.666975774001973,635.1529395216983,7.367601973461754e-06,3.2870608836844275e-06,0.309594573300299,1513.056952302827,0.0207168913869923,-1173.1099408727205
501,0.7797254656025037,155.46993008742555,0.5483789915568282,154.38922324174996,0.5323278541187896,2065.425109538222,2043.0968782991758,22.328231239042726,0.13187483300203173,0.1603311712369837,1.4362337384643489,2.6213680463763053e-06,2.60265255934001e-06,1.8715487036294636e-08,0.00030109743204172776,0.0003010337975687721,6.363447168574895e-08,8.028204649360493,515.598394344785,9.431014831516237e-06,3.7665284346185753e-06,0.3806106901673972,2250.7691623579253,0.01950229542008884,-358.8895348524311
502,0.5888632217441467,66.32465414229334,0.19377732025814065,65.8914433681058,0.23943345392940668,1873.6597862134897,1854.7682767539827,18.89150945950783,0.10435213740212942,0.10223514252364449,1.0464369625522143,2.68132008168939e-08,1.3441836716686086e-08,1.3371364100207796e-08,-1.7050414146032089e-06,-1.7548067629856612e-06,4.9765347045530665e-08,5.343675877384839,210.02699114601324,6.3677855609357905e-06,3.620810858986082e-06,0.2862978239845377,912.32899370414,0.019942934106189324,1681.28923427902
503,0.5976190314571023,85.31069123822326,0.24455075396658996,84.80037174791902,0.26576873633765996,1436.3738452513612,1418.2202363491392,18.153608902224356,0.13372167608737248,0.10033374251402319,0.9948031178365321,1.555648938772708e-06,1.5380125978820425e-06,1.7636340890665053e-08,0.00017795797131815117,0.00017790379609584024,5.417522090780327e-08,4.5699922927339935,975.3793392406094,6.886934091393453e-06,4.621429891606751e-06,0.26513884628484974,1194.4256032574715,0.020043872361236184,976.9991142565959
504,0.6428008715855443,88.38001621132263,0.27829499200331015,87.71518224551696,0.3865389738023475,1697.807785294491,1676.699128834418,21.108656460073988,0.12307395602721866,0.11011997171395084,1.0827977044526094,-6.169500210100716e-07,-6.355093798838656e-07,1.8559358873793897e-08,-8.043387664204007e-05,-8.048774259251221e-05,5.3865949310267925e-08,19.2023716699809,465.38369574925326,6.483062646741162e-06,4.149585925906664e-06,0.2949767948772171,1265.9563713887283,0.019452845040458824,1538.696491931947
505,0.5594666717791256,77.39169177240157,0.22421149875221147,77.02785758439096,0.13962268925839327,1718.6029733394116,1701.5498381703883,17.053135169022706,0.37006811138552514,0.09857485270057564,0.9527549922731783,5.430013795627099e-07,5.26269123199818e-07,1.673225636289173e-08,6.046639177115936e-05,6.0414438872492155e-05,5.195289683632553e-08,6.055898611863314,692.1199386301876,8.1184472360537e-06,2.837512633977167e-06,0.2608018395860857,1052.5192301094016,0.01964419449967055,1659.467182359007
506,0.7694876014125723,148.74585114364896,0.4659778001615323,147.86238547406688,0.4174878694205546,1578.919733361687,1551.0050665896197,27.91466677206744,0.23308734991155708,0.14823135217252256,1.2660098671841085,2.474103869994119e-06,2.456620205516901e-06,1.7483664477217692e-08,0.0002886870442048338,0.0002886191179199971,6.79262832808554e-08,10.976124819462733,929.1057307966921,1.0324135792072397e-05,3.2157946229432317e-06,0.3396231133742988,2064.209865989785,0.019148548341987905,2435.167142575545
507,0.6603933332081252,103.16651933418508,0.2985162596951896,102.47132247621708,0.3966805982728079,1432.8617763646025,1391.6104398401885,41.251336524413944,0.1143120943714255,0.11254051693291534,1.1161941154238997,-1.6342289451986214e-06,-1.6486083369635365e-06,1.4379391764914787e-08,-0.0001902622693516216,-0.00019032213781136617,5.986845843526113e-08,8.450842158269245,637.8310873233602,8.635553329366246e-06,3.8959827315437195e-06,0.2942380314740159,1441.7436962175452,0.018464090449880854,3784.1769972763796
508,0.64537595002212,112.8321059746712,0.33230343671659457,112.0354234880442,0.4643790499103906,1545.3737112134168,1522.4657851740062,22.907926039413532,0.18341856026311268,0.11809022673475834,1.0723575751964118,-2.117886867951994e-06,-2.1350610467964236e-06,1.7174178844430653e-08,-0.0002581199884512655,-0.00025817697282376484,5.698437155216253e-08,7.8839911431426986,525.0326617521343,6.7637315198869416e-06,3.4185489771867475e-06,0.29351450987027783,1553.4109133772845,0.01819449115654838,-57.02364971896168
509,0.7454282973569001,127.28202458771993,0.46950128655076623,126.44008628673048,0.37243701443870286,1706.4922991689768,1677.8971364537636,28.59516271521278,0.10183286590318745,0.1455767308924361,1.3290211903850102,1.0812040146437263e-06,1.0621417178402177e-06,1.9062296803508613e-08,0.00012209514512189545,0.00012202706659091353,6.807852972514026e-08,22.407286735092065,379.73580676965537,8.703832790789696e-06,3.845215264738122e-06,0.3569710226303827,1832.8679792689225,0.01953753019654084,2082.229619396967
510,0.5262840363327174,67.6585108776014,0.18683672858148195,67.24709233692427,0.22458181209565176,1170.9027280440225,1153.5776940252858,17.32503401873551,0.06034397045528003,0.08117337588880136,0.7983128091272502,4.705797714925077e-07,4.57620523280635e-07,1.2959248211872762e-08,5.384680693140468e-05,5.3797651769476e-05,4.915516032891642e-08,24.329377930846697,454.7808444208144,5.892181240000606e-06,2.8052438478889778e-06,0.2368713235165203,929.3647763556833,0.01811799648430941,1237.6061828418606
511,0.6791365416858641,107.0829011115324,0.39218426993238653,106.40982418575793,0.28089265584207757,1819.732202499687,1796.33711653597,23.395085963718525,0.21185500984525454,0.11701948064233518,1.1365054372163914,-1.1818373430769236e-06,-1.1991442083147328e-06,1.730686523780863e-08,-0.0001426132580354332,-0.00014267691822640295,6.366018975211044e-08,45.313905240166086,226.4311681497691,7.886577488879925e-06,3.197488957416374e-06,0.3054227199609614,1528.6685471327642,0.019242773514447645,-2035.9372849478714
512,0.690317417601698,90.577375715324,0.24029596867027464,90.10545510135323,0.23162464530048266,1392.7370719032858,1374.3410290007291,18.396042902557884,0.13970042988422515,0.11482887257210579,1.1396394157778327,-1.6646475188147626e-06,-1.6810654351809342e-06,1.6417916366171666e-08,-0.00020184602818927407,-0.0002019030449630422,5.701677249428872e-08,8.341078718693362,498.42312394116374,8.081562192618962e-06,3.3701131898519724e-06,0.30443103638641633,1274.8219029770244,0.019155141233821834,858.224404796405
513,0.6873888511413271,108.09364099759539,0.38437282623603813,107.32473910850051,0.38452906285882765,1642.2199763174501,1622.2122799886076,20.007696328844556,0.1636917946383664,0.11843972385030112,1.0936310602452401,7.875634192859998e-07,7.72684067584423e-07,1.4879351701576793e-08,9.11764155714593e-05,9.11103887869466e-05,6.602678282222329e-08,12.322894906449338,884.8981283980364,8.54394481280602e-06,2.967004245165088e-06,0.30216893072754536,1528.5765037560052,0.017743855743901665,2027.376431680692
514,0.5933067174762862,83.85565265276492,0.2547651197843065,83.33451344851875,0.26637408446183886,1629.2606300733562,1607.9090435811938,21.351586492162124,0.09849208855398586,0.1021228881478036,0.9993707808676767,4.0312561173440943e-07,3.899678774150242e-07,1.3157734319385359e-08,4.182057508390287e-05,4.1769919986194253e-05,5.065509613897728e-08,6.239856842981872,441.1054255583294,6.866767348204656e-06,2.849647530880425e-06,0.2730614838014096,1168.1503966491935,0.01780993222630595,-753.6487330404925
515,0.5706800786466838,76.39915917838648,0.21611227411325323,75.91127761544624,0.2717692888270219,1399.940807623296,1380.3469665197545,19.593841103539333,0.0708468216385505,0.08922161889221639,0.900772617150621,-7.909562030705645e-07,-8.054331723058935e-07,1.447696923532926e-08,-0.00010365801848557916,-0.00010371442666613458,5.640817872442251e-08,4.862672162712004,-182.68675271225405,5.831910308326922e-06,3.3961399139522842e-06,0.23892469490720547,1048.0410331451762,0.019087175435521443,1688.4119871713701
516,0.6223790412597704,70.97277213903172,0.2540363056571211,70.51326968839206,0.20546614498252413,1347.1704262487146,1327.172678396642,19.99774785207254,0.07434268335805178,0.1003562515058631,1.0112881762380308,4.367946215095304e-07,4.2385450707720326e-07,1.2940114432327139e-08,4.547360990282291e-05,4.542812592940585e-05,4.548397215037456e-08,6.243014589947678,699.077788756744,5.15073058970316e-06,3.1538156064997578e-06,0.2788623939794967,986.0909376337684,0.01844072684721369,-831.6587057278412
517,0.5921926082139015,88.20658755922732,0.28004185712105617,87.59500572840003,0.33153997370621924,1562.0116510126113,1545.21669728741,16.794953725201452,0.2048668343895963,0.1090837451264914,1.0422731060998134,-1.9310600032416884e-07,-2.0629021841656059e-07,1.318421809239178e-08,-2.7683822885611165e-05,-2.7737001206794517e-05,5.317832003686506e-08,16.240014998268784,187.97195506879737,7.103943980330759e-06,2.849389423904486e-06,0.28549105334025693,1236.4014223105319,0.018757079805336342,153.8871970307482
518,0.7053033008663891,108.42577977137833,0.3477683225136709,107.6720645444311,0.4059469044335775,1451.877985030321,1428.5843010073606,23.293684022961592,0.32900812351434783,0.12414356548325242,1.1293383443952485,1.5230382776587052e-06,1.5055611813606628e-06,1.7477096298042746e-08,0.00016861279099828584,0.00016854833211445594,6.445888251651753e-08,6.403135862104229,778.1150620084228,9.063724973081655e-06,4.304502586797578e-06,0.31520535844256475,1486.1924827221744,0.020202942443193293,-825.5467465067704
519,0.6286287114578385,84.08347720791981,0.22002428240578653,83.70446880267038,0.15898412284366403,1540.5053975643002,1517.808546775493,22.69685078880817,0.09996513335511195,0.10679238939183228,1.01481311985475,-1.517021153599605e-06,-1.530121080273074e-06,1.3099926673469419e-08,-0.00018484088939378033,-0.0001848919227386478,5.1033343871801274e-08,9.336028298352334,-90.38201859193575,6.086592800231595e-06,3.499363204846986e-06,0.2791191670637108,1171.0990434620269,0.019628713858694222,-177.76280830868927
520,0.6514086458519371,85.78744498257282,0.26574260575137887,85.1868350152415,0.3348673615799407,1619.7203225530063,1600.1689498176984,19.5513727353108,0.1726626114336338,0.11236879115363382,1.100331157745432,-5.471224183060737e-07,-5.627250190483147e-07,1.560260074224093e-08,-6.564644483900161e-05,-6.570071158758383e-05,5.4266747573967446e-08,9.29089506896431,53.2210975507619,6.6090632897831346e-06,3.163790824326896e-06,0.3102791899251862,1195.622625319918,0.019851704033023006,-221.27744914238428
521,0.7704646599325821,126.94788891192303,0.36451530944888905,126.21334255360728,0.37003104886688654,1367.211083055921,1346.561625235853,20.649457820069788,0.2941266110952066,0.13371898131086368,1.2168966864067559,-1.3195769273591145e-06,-1.3413457356874299e-06,2.176880832831513e-08,-0.0001643354051780297,-0.00016441312731535184,7.772213532981352e-08,18.11859693729378,521.9626580825549,1.021234720284255e-05,3.069057670687264e-06,0.3341757183223955,1785.7499796875059,0.019093411793995242,413.5615708594014
522,0.6665200918283322,102.14821138497426,0.3327748616321589,101.71083389290914,0.10460263043298801,1633.9755139849574,1608.2908498985491,25.684664086407505,0.13640659041718559,0.11947573438656958,1.1640062005060003,-2.8132856144945084e-06,-2.8332358694402316e-06,1.995025494572225e-08,-0.0003386899842345634,-0.0003387557717583444,6.578752248956309e-08,25.142510546361695,441.6529786368529,7.593200488410828e-06,3.337918316305365e-06,0.3153463606064222,1460.061537521846,0.019727872655858188,2572.2609946463526
523,0.6151571966291157,87.21184239693157,0.2657076336388164,86.62040668298727,0.32572808030549333,1450.3786703100216,1432.5462950881965,17.832375221823728,0.25693610619451496,0.10858417516517918,1.0992155829058448,-1.8500713534610017e-06,-1.8645674662099221e-06,1.4496112748920715e-08,-0.00023173401325787544,-0.00023178892893754293,5.4915678112098064e-08,19.99009865354908,389.6790227784951,7.287926399373724e-06,4.65325488618893e-06,0.28419984642925483,1243.188130031452,0.018196633313280103,377.76511339100034
524,0.6437010208909458,78.20868002696298,0.20274621136837442,77.79113615005481,0.214797665539804,1190.5659575441273,1176.1576858614437,14.408271682682882,0.14334279316162768,0.08692248898352466,0.9051524547037214,-2.1559030194883022e-06,-2.1728407341263777e-06,1.6937714638075406e-08,-0.0002663696440424434,-0.000266421764926221,5.2120882190712594e-08,9.362254018721625,319.41465474106343,6.221070946343467e-06,2.8665412797277283e-06,0.25449280413570385,1104.8927808608735,0.018314471023046525,416.6083307013869
525,0.5994776241414775,88.18365573652521,0.22411691315972768,87.63660308261079,0.3229357407547113,1222.1061578005101,1203.5319806490656,18.574177151445323,0.12753507194121858,0.100250140689367,0.9622377484283177,7.678546101336311e-08,5.9344896787739694e-08,1.7440564225623475e-08,1.6686327032483432e-06,1.6167494544190811e-06,5.188324796850069e-08,7.735086299942962,543.0888046749182,6.094490097409613e-06,2.835818709321297e-06,0.25772980603832085,1236.8217662499198,0.01760492542665937,1157.789139481305
526,0.6498619726602507,108.27602147492476,0.4300471934122314,107.4386331583723,0.40734112314024257,1393.0423294916343,1368.3337463906616,24.708583100974014,0.07310066283383373,0.1279479645960132,1.1805518905152121,4.6150935456951917e-07,4.488580634010139e-07,1.265129116850532e-08,5.137632306403676e-05,5.131891846529271e-05,5.740459721396512e-08,6.334492862404303,731.5831844683972,8.010000157054e-06,2.647791772847916e-06,0.3139290573135035,1495.116354892586,0.019123822911271255,559.4808193051613
527,0.6606092606429161,93.5927676669149,0.23508345859336294,93.031809313746,0.32587489457555024,1389.8363067280748,1371.1847911028988,18.651515625175012,0.27653935360228016,0.12135780610775321,1.162179832986878,5.8533232355333544e-08,4.360613779656673e-08,1.4927094558766842e-08,-5.254241071297997e-07,-5.813819318224218e-07,5.595782314341365e-08,49.27262701563864,775.8327212441095,6.277378596788421e-06,2.6334006279766242e-06,0.3125729844705229,1321.6941268980172,0.018822195808429754,764.5717609434214
528,0.8075676258326607,123.7409269870491,0.34624289847341205,123.23601187963446,0.15867220894121492,1821.7827276155106,1802.8355636918352,18.947163923675397,0.16153344633794223,0.15667293824542314,1.5151253876671305,6.971437706408846e-07,6.772352998760064e-07,1.9908470764877984e-08,7.380638563906341e-05,7.374552703126284e-05,6.085860612849064e-08,12.617655613107628,905.8589105580961,9.008251602767708e-06,3.385012422538598e-06,0.38241013289327286,1740.6785177270197,0.019544882493163537,275.07118121663007
529,0.658980017875302,105.79451013069404,0.2971584687769127,105.16240768503204,0.3349439768850823,1614.9431281790892,1598.3584963022931,16.584631876798703,0.18140118191859148,0.12084218559715316,1.1481160965577444,-1.957635842131105e-07,-2.122134861210584e-07,1.644990190794791e-08,-2.6081841252917974e-05,-2.6144239762698992e-05,6.239850869329333e-08,7.775409455276432,454.2509646157095,7.495621122960001e-06,3.643815874429305e-06,0.3041726940549045,1448.0962953117646,0.01928926759773155,378.60863601380333
530,0.5751998036018179,86.22305409083604,0.2436110926083063,85.7045643598006,0.2748786384271261,1740.613891312702,1723.4377809338207,17.176110378880082,0.1580493377281639,0.10094529252909194,0.9629448607090305,-5.956166118029428e-07,-6.104459668019228e-07,1.4829354998980193e-08,-7.432646951845552e-05,-7.437952237028123e-05,5.305285077954407e-08,17.53754472255637,671.0817421324341,6.695023013709426e-06,3.7202872888104435e-06,0.2664824868224017,1185.840585587961,0.019013728822918574,-1227.0160609719605
531,0.5715812684252128,66.38219630590173,0.20012721174885095,66.02924255676874,0.15282653738414845,1539.1157841137365,1514.902090633487,24.21369348024943,0.11383316581877126,0.09560566129611658,0.9682662576345109,5.291545781742309e-07,5.154830943181759e-07,1.3671483856054927e-08,6.044779617219241e-05,6.0400894633422544e-05,4.690153764191531e-08,6.022014510391546,115.84642533914172,5.4516289842599965e-06,3.304311048571864e-06,0.262347167741382,921.8972435024446,0.019903610722390545,578.5491286626057
532,0.7332710306538146,119.0364139108848,0.3363988748384169,118.4352725811364,0.26474245490995696,1907.84577039107,1886.8020772269817,21.043693164088364,0.13597370464794906,0.13441318431393215,1.228449244407784,-1.788533140687278e-06,-1.803628160790749e-06,1.5095020103470805e-08,-0.0002167116621007475,-0.00021677317370990827,6.151160797434731e-08,6.66908932790165,660.546478727066,1.0362531400752332e-05,4.1829392967024805e-06,0.3306130695475266,1646.3114462802905,0.019305249867313717,1113.586797810225
533,0.5805540064911437,77.8802583527931,0.202786086922362,77.43449366741771,0.24297859845302414,1637.9525913951586,1620.4094090747546,17.543182320403428,0.12254482464485401,0.09493440949587924,0.9338625553459764,6.977204808342345e-07,6.855163950214224e-07,1.2204085812812112e-08,7.669476634017985e-05,7.664064320003369e-05,5.412313852616737e-08,12.692742782636891,316.26103613898994,5.850664244492167e-06,3.569867505705642e-06,0.25606755072940246,1056.483531463083,0.019000876353097693,-1088.0676721496675
534,0.6570510486957213,90.37540241259494,0.2792164216738465,89.87087033127457,0.22531565964650863,1754.9929514597966,1738.5544364557243,16.438515004069853,0.1634436612672817,0.1017176884476516,1.0113876850825003,-6.302204055763838e-08,-7.906660476061422e-08,1.604456420297578e-08,-1.362001270702839e-05,-1.3680528674818766e-05,6.05159664082236e-08,9.658043154630672,591.7855943796287,5.6894220689266635e-06,2.688047357930383e-06,0.2762685579601279,1195.9889920972664,0.01739860193477967,2625.404954904032
535,0.5860201659376686,72.43111270642783,0.20344449004901025,71.95668627416536,0.27098194221344407,1301.1336379669133,1271.2246541103216,29.908983856590126,0.13029553328185664,0.10312385605739567,1.0600705112672635,-6.382130525736135e-08,-7.946295596820322e-08,1.5641650710841914e-08,-1.210255646788617e-05,-1.2157351440590585e-05,5.4794971380887644e-08,20.199494203784255,245.87714390437563,5.377085157463484e-06,3.250449857580189e-06,0.28254688889354573,990.5714509325654,0.01888504117852513,158.1892502460978
536,0.6580827588074581,72.92019830018388,0.21167077554699504,72.44478607321321,0.26374145142369737,1389.5006597258296,1371.3099477977837,18.190711928045104,0.18349098968119273,0.10205079221608103,1.0095999675154281,4.1507214487508394e-07,4.0216129138481953e-07,1.2910853490264475e-08,4.452620404486265e-05,4.447584964924828e-05,5.035439422213903e-08,15.127189196554923,338.1214158360953,5.650299722055641e-06,2.6371878219982225e-06,0.2872199016180287,990.1623539841847,0.01943499870681483,-317.590712797195
537,0.7391961394367582,145.47867313951463,0.5228326907989008,144.67361098418237,0.2822294645333415,1978.81181936744,1954.9329681813379,23.87885118609817,0.20452593300880867,0.14947741699491546,1.3146539631451766,1.4194792633562472e-06,1.3949907071417508e-06,2.4488556214496366e-08,0.00015933374859984574,0.00015926611004394295,6.763855420654424e-08,10.115780530079626,453.97150439993953,9.803783885980897e-06,3.899989613667562e-06,0.35404332891949475,2095.1563518163853,0.020639700882328447,-853.1942232123147
538,0.6481296775642343,118.06716244184577,0.33762654818456744,117.42336959317898,0.3061663004821951,1498.757986627647,1475.3619933073576,23.395993320291083,0.21362254677720446,0.13119785836257064,1.1852819702611777,1.8270805635072992e-06,1.8065253410417698e-06,2.0555222465528718e-08,0.00021310948737962793,0.0002130461128730693,6.337450461957782e-08,7.704235345231064,613.0701900143386,8.09411439598791e-06,3.284128396749923e-06,0.3244673458401978,1669.5551848046096,0.018607554795745766,651.8927243361977
539,0.608050680982934,92.26004047531517,0.25763024705979687,91.59032133499552,0.41208889325984893,1689.2294532021797,1672.0545169403974,17.17493626178207,0.20926522588249782,0.10603657762940814,1.0676571811866415,2.8637693026138704e-07,2.6975410669834786e-07,1.6622823563039128e-08,2.7926031330304067e-05,2.7869585084120587e-05,5.6446244754401596e-08,10.731774114416606,423.77715250119917,7.387804562845875e-06,2.883775286454642e-06,0.29276861325483106,1255.4276544575814,0.018701662422512883,-307.68932883640446
540,0.6405533419353427,107.93021799551373,0.3067601467624369,107.38695883292671,0.2364990158245693,1336.0951451747146,1313.2759341042745,22.819211070440243,0.17565006438991024,0.10863938736223744,0.9949666352311309,1.2340721253007411e-06,1.2182647031445483e-06,1.5807422156193315e-08,0.00014340747396935396,0.00014334405501305783,6.341895516539891e-08,12.165113187125172,509.46490387540047,7.317820899312794e-06,3.4479454712869235e-06,0.2660587927368161,1562.9682130667832,0.018905105825720053,-1154.189096705857
541,0.6426349638591652,82.24727243958716,0.2120752846842371,81.77339348652713,0.26180366837578756,1527.933809575716,1509.3678532558627,18.565956319852532,0.08451888505267711,0.10201689213421837,1.0608289326143336,3.5039304052758857e-07,3.353670622305556e-07,1.50259782970329e-08,3.872380825066347e-05,3.86703010266239e-05,5.350722189056164e-08,7.840266832424514,972.157109273971,5.384835033063768e-06,2.595027651293497e-06,0.2835305895160177,1122.3809526409846,0.01918151346382502,-357.25143943396324
542,0.699927396166447,126.87272241425563,0.3976793277415814,126.18512723081209,0.2899158557019787,1414.2737767206686,1392.416553221558,21.857223499111193,0.08379426623209497,0.1384043059471701,1.2822363929448735,-1.4788119923254506e-06,-1.4997458149260638e-06,2.093382260061398e-08,-0.0001812888411045376,-0.00018135616134380767,6.732023774395611e-08,16.975027695827432,611.6035261885277,8.48205315444596e-06,7.87001525449708e-06,0.3486720181790957,1774.7759217028233,0.019107200660043372,-1622.395507058085
543,0.6312606215664093,84.44303922581238,0.24625264705476888,83.91896935426232,0.27781722449529966,1318.3423758942276,1299.3932737778534,18.949102116373002,0.11536398744279137,0.10698965628787457,1.0273437278645114,-2.2557634678913022e-07,-2.402234693964164e-07,1.4647122607286093e-08,-3.059644481462731e-05,-3.064761388387554e-05,5.116906806763748e-08,10.001515246955945,525.9556511347652,5.7072442570748575e-06,3.530287911278208e-06,0.28251759795338005,1189.8374981410377,0.017644142049912645,317.2997729366434
544,0.5877597063606236,71.69346431639681,0.20533400176760241,71.30795591492586,0.1801743997033479,1345.5161283331029,1325.7800398447835,19.73608848832192,0.08094993393203886,0.0889113658933873,0.913786610188129,-1.8994337054080104e-07,-2.0521562073022554e-07,1.52722501894245e-08,-2.530345915179772e-05,-2.5357240301896523e-05,5.378114878560818e-08,8.159678169466275,167.79313849460127,5.525876485331241e-06,2.96398787537686e-06,0.25350059950369647,993.5623094661192,0.019634133605696553,-1117.9531061923117
545,0.6338129621641979,82.19262830773012,0.2281736784233577,81.66525166302232,0.29920296628445575,1632.1642165378123,1614.9908657412864,17.173350796526996,0.06685030918098864,0.10534891612058118,1.0157039763033229,-1.5118020686729632e-07,-1.6796565581058343e-07,1.6785448943287057e-08,-2.5377748962717472e-05,-2.5428623575785078e-05,5.087461207756829e-08,12.44946761327602,451.35450718211007,5.566841929282853e-06,3.0415112095668115e-06,0.27383181284877023,1158.6111729030706,0.019145868228496336,302.68192093685866
546,0.5686645975761015,63.82481824924408,0.15210807270757865,63.42329115819171,0.24941901834479638,1498.1062226734005,1483.2284314078524,14.877791265548002,0.09347300106325405,0.09006901032686146,0.9537471976233733,-3.8700042348648555e-07,-3.99484278484572e-07,1.2483854998086474e-08,-5.046848453961104e-05,-5.05151239137988e-05,4.663937285265656e-08,35.67969464115117,355.0684507388612,5.02875677094263e-06,4.3313046190859555e-06,0.24713244945848584,905.7590435653274,0.019836862380019166,-1214.6277091887714
547,0.6649730442020602,95.0755291130703,0.2670685322150945,94.53219194769935,0.2762686331558683,1565.7536193025499,1545.6403402828273,20.113279019722633,0.14201944430405783,0.11561628456523024,1.1176821042163,5.224234858508689e-07,5.10045673735611e-07,1.2377812115257783e-08,5.6270867854975345e-05,5.621120491228762e-05,5.966294116756483e-08,36.41585567901315,628.8225900915298,6.669021231525245e-06,3.024909522372461e-06,0.3115607173236513,1316.5214689222194,0.01922602202192488,-118.9677885871497
548,0.6411592816257715,88.90387439893897,0.2967620032783492,88.41606218933178,0.19105020632883152,1407.1166421416897,1385.8675279380989,21.249114203593603,0.10313333532845181,0.11818653938997287,1.1621552027017261,-1.515086954907172e-06,-1.5284957135555978e-06,1.3408758648425423e-08,-0.00018138991354630735,-0.00018144374894949668,5.383540166911375e-08,10.377101879162346,446.25956714780926,6.315136993601004e-06,3.008650073704501e-06,0.3055473598699829,1261.542360777636,0.018271778243739708,190.14946715458063
549,0.520056207474761,59.84545200944937,0.15531736439826244,59.544960529833915,0.14517411521719673,1287.2633786855044,1266.235974899778,21.027403785725657,0.08780884125260226,0.08161639476567475,0.8443391629783594,-3.2940660848040523e-07,-3.4703625410347935e-07,1.762964562307393e-08,-4.395229038310065e-05,-4.399874806047219e-05,4.645767572513808e-08,12.577865706871624,4.290402529234752,4.218112097025314e-06,2.5962267847046746e-06,0.23051976349329553,833.577861018601,0.017995013699826236,500.6755164540391
550,0.6044796999672507,85.47961061855749,0.2746638562464105,84.56283339341888,0.6421133688921947,1999.2877932495576,1975.4108920465792,23.87690120298056,0.055766390797925815,0.09602766784209651,0.9749332463879363,3.958701506451146e-07,3.823453038714372e-07,1.3524846773677329e-08,4.175863878980896e-05,4.170405958848286e-05,5.457920010732467e-08,12.879670408630798,-25.48798328054196,7.108049694832999e-06,2.677449399469252e-06,0.26437458595093605,1248.8605072640178,0.021511630603050506,-806.0648588887707
551,0.573845926320138,74.58129143166616,0.22203281020376645,74.1034417686612,0.2558168528012108,1385.1004063045311,1364.3019388093135,20.798467495219732,0.1414647614523852,0.09890000957815909,0.97883535708231,-1.1486140062095639e-06,-1.1612390458164852e-06,1.2625039606921273e-08,-0.00014073555981300264,-0.0001407901319576276,5.4572143595439376e-08,15.624822829209714,325.986361906964,6.286612516193187e-06,2.9750973452119057e-06,0.2693016410412837,1043.77862021756,0.01924666486471238,-1912.4237781146912
552,0.5714777421880999,77.14766611114781,0.21590282423714405,76.61692662035983,0.31483666655083603,1536.171296603979,1516.3868856245706,19.784410979409362,0.13803288093503321,0.08889559684679608,0.8713190169785893,1.085918559705515e-06,1.0716265684923617e-06,1.4291991213154255e-08,0.00012235151912232277,0.00012230239124472154,4.9127876523682165e-08,5.700110530262242,184.26847293975925,5.08555588926261e-06,3.1083542550392226e-06,0.24791071623811403,1059.8089896491433,0.017662843368500363,990.6563846817589
553,0.6133277031271192,92.96723313529142,0.30741459969579493,92.35300450280702,0.306814032788602,1348.6623679929078,1331.2300484170166,17.432319575891125,0.13526033915525304,0.1046194878462103,0.9829253428461846,1.0624672444147043e-06,1.047486487617244e-06,1.4980756797460128e-08,0.00012217123724826516,0.00012210789811589387,6.333913073225281e-08,7.949957516276855,395.0385054064098,7.935175631794853e-06,2.4217127012620473e-06,0.26845590662022156,1285.1406537037133,0.018319615372343216,-799.0342320803611
554,0.8023772320631456,149.73016442792658,0.42557273261142703,148.99513993693853,0.30945175837663913,1503.6625535892824,1479.944188027744,23.7183655615396,0.4111723165955993,0.16167705701195426,1.4593154098567203,1.061186624979699e-06,1.0435448272821978e-06,1.764179769750037e-08,0.00012646980901429974,0.0001264060375253748,6.377148773455153e-08,13.197629484745113,881.5407493031901,1.0329969768424134e-05,3.5832677394676385e-06,0.38459289509238237,2147.67111995809,0.01917163270778803,1911.0340537153643
555,0.6282821852455028,72.95452556167324,0.21078685456770788,72.46798537271874,0.27575333438676564,1581.0677673046232,1559.8761531459386,21.19161415868611,0.3247788117655225,0.09084200476113907,0.929867338381941,7.665494980194775e-08,6.108440501800427e-08,1.5570544783943443e-08,4.999162561281377e-06,4.948567935235041e-06,5.0594624703916656e-08,80.06269984136995,521.1454094689742,4.848723046439892e-06,4.132277954660517e-06,0.24837870858495495,1001.7935092931598,0.01824356226512434,201.37526367320606
556,0.5980904908482478,73.87261817073255,0.23286803794779073,73.4048883958734,0.2348617369113618,1404.5473683865998,1379.3461685123448,25.20119987425384,0.12752630455743352,0.09701925767274619,0.9323458328794934,-4.4763421237137956e-07,-4.622560404183316e-07,1.4621828046952073e-08,-5.814256512209442e-05,-5.819307522548972e-05,5.0510102151791884e-08,7.475395544785589,111.1316740942837,5.4275629127551016e-06,2.1832287147840424e-06,0.26599679652552705,1040.2442920734657,0.020722151314407605,-473.00895468595627
557,0.6399081726051575,91.84056710632447,0.287884774350177,91.18484911559175,0.36783321638255373,1451.1236481542855,1431.543003665509,19.58064448877539,0.19917016826887027,0.11282031046696657,1.131385799939484,6.474343521388158e-07,6.316540180361653e-07,1.5780334102650457e-08,7.347360459997068e-05,7.341437982498078e-05,5.9224773060013925e-08,9.541693689657857,606.2552065811873,7.913879604742181e-06,4.543589873374623e-06,0.30119652819813153,1258.0136358783839,0.019916161302005443,2145.3714433168025
558,0.6124665160917485,92.59747612619789,0.2788591676627309,92.14969174679315,0.1689252117419997,1496.7837236113987,1474.875854407613,21.90786920378787,0.10135322213066138,0.10339029515164314,1.0451088425985653,-4.816964032653098e-07,-4.961370458130725e-07,1.4440642547762805e-08,-6.336640522217187e-05,-6.342607606930339e-05,5.96708457723876e-08,8.20983215120565,240.9543974451047,7.600681310211803e-06,2.710970578141401e-06,0.2791645508952486,1319.508883449485,0.019258570905925598,818.163481726755
559,0.5894365374011429,77.08396847494245,0.263181636299391,76.59175083870348,0.22903599993959237,1547.002534602119,1528.9056347069368,18.096899895183093,0.09072663460097871,0.10149018094542425,1.0653140079744827,-7.110560898630465e-07,-7.257836017759265e-07,1.4727511912879966e-08,-8.718137606516218e-05,-8.723544817750334e-05,5.4072111092305874e-08,9.242863285604212,626.9509708570291,5.908580871745243e-06,2.7037935809869817e-06,0.29559674230054384,1045.9338170083379,0.019853577114898806,-2401.7750463006014
560,0.6403882788746481,97.56716949452124,0.3308771782661497,96.92709317383861,0.309199142416464,1806.9422977628687,1787.8274853248292,19.114812438039234,0.16791857733659304,0.1259661699523445,1.2366015239914336,1.1363864210216447e-06,1.116373280420482e-06,2.001314060116263e-08,0.00012630954925222038,0.0001262519984215786,5.7550829235670326e-08,5.209886991889261,547.7368242849258,7.048486634607309e-06,2.969598493966962e-06,0.31780718620411913,1338.7704561906621,0.018608484381942323,815.8420616938856
561,0.5834199220283728,86.46296123239097,0.2792179345183352,85.95930896255298,0.22443433531964124,1526.3228985631551,1506.0231177500414,20.299780813114626,0.4623014254374421,0.09516942785987849,0.9325228667631033,-1.20771745227186e-06,-1.2248945731539224e-06,1.717712088206217e-08,-0.00015060587694985754,-0.00015066175605383056,5.587910283595647e-08,11.198537579067768,729.8802410139765,6.84948612836607e-06,3.1470487576834085e-06,0.25731399460385246,1197.5522464212509,0.01778728118661525,41.675067364809365
562,0.6519841753232065,93.77236093938443,0.2853717775252954,93.31828283022476,0.1687063316343811,1460.5820431232844,1446.6950259050664,13.88701721821657,0.26203722080498404,0.11148027302633118,1.0202847246561126,-2.2717189604953233e-07,-2.486181730332039e-07,2.1446276983671628e-08,-3.217878580026541e-05,-3.223599817927655e-05,5.7212377540269074e-08,36.06136806376347,117.71762723024489,6.478049813733745e-06,2.5331831234737993e-06,0.273596970065083,1296.739409288709,0.01686836269463051,-1038.7247353668063
563,0.6588869641962046,111.27814066698359,0.3255601321653914,110.68759358592456,0.26498694889362406,1470.852061943087,1450.2594323967974,20.592629546291892,0.17890744124329183,0.1160821118008671,1.1003153062360345,1.3790634133352463e-06,1.3595004576346826e-06,1.9562955700563458e-08,0.00015378288976207268,0.00015371759306266272,6.529669763273769e-08,31.514375058528806,1154.711899487314,7.818990290310778e-06,3.2866027444298648e-06,0.3031644480636268,1580.2381659164694,0.019703273035717422,970.6666782236534
564,0.6441554010207757,100.23281431080542,0.29439666958677546,99.58932430691284,0.3490933343058171,1856.2264707543814,1837.9328752879323,18.29359546645237,0.19776637131287192,0.11681660995000161,1.127112257441948,-1.542093421840615e-07,-1.6957369073870238e-07,1.536434855464085e-08,-2.5685720229654297e-05,-2.5741190447502264e-05,5.547021678455675e-08,6.271787831102572,871.9920523419795,6.530381462344387e-06,3.013124295408816e-06,0.2991774787817103,1435.1016355610127,0.017958188120948463,-145.08818287964095
565,0.6433675303039748,104.38261307527002,0.3850787549112675,103.76352664338592,0.2340076769728438,1662.1271762833717,1642.87644884146,19.25072744191167,0.09285744484438535,0.11704393667583697,1.0773740623361476,-5.095375667812532e-07,-5.240713676053856e-07,1.4533800824132234e-08,-6.543728913970712e-05,-6.549141687208206e-05,5.412773127266667e-08,13.501799890496379,514.1958556685124,8.56954820762333e-06,3.2856741973011613e-06,0.2829225521818631,1461.2952726271146,0.01876284388004774,-29.27106855306556
566,0.6364914622144039,98.65882330562395,0.2894498359648221,98.10124402396565,0.2681294456934771,1515.957026188644,1497.032567813388,18.92445837525481,0.13952564731061945,0.11326886321313276,1.0471668348481753,-5.926783198918435e-07,-6.11438848200088e-07,1.8760528308244375e-08,-7.261588243502549e-05,-7.267990404768963e-05,6.40216101576627e-08,5.753522719396157,692.478627779297,6.808098793978306e-06,3.4748786643550987e-06,0.2878995128896497,1382.5210182384958,0.020636971253472067,11.767675009319646
567,0.5862795780998912,81.90476534418869,0.25038206941507823,81.47182819119998,0.18255508357365205,1711.34517710543,1692.9506187802863,18.394558325142523,0.14634967628627749,0.09450935166188307,0.9381035484735168,-2.532646699916265e-06,-2.548043361663591e-06,1.5396661747326757e-08,-0.0003049825128214466,-0.00030503470740972653,5.219458692370995e-08,4.703347044047101,383.9619958407658,6.387954790335611e-06,3.236751831266954e-06,0.2609089829898389,1098.9622228750775,0.01949661251141175,26.137896882311907
568,0.652298666914123,85.95674572315838,0.3576368168494751,85.39019375554531,0.20891515076359785,1694.2115427877168,1672.9148859638638,21.29665682385441,0.09307802483196832,0.11238078497028062,1.124776312133449,-5.90687180122797e-07,-6.074502530193232e-07,1.6763072896526392e-08,-7.903409391105278e-05,-7.90856148788243e-05,5.152096682734197e-08,6.859240236355144,565.33872493742,6.250052374432089e-06,2.5646144495827593e-06,0.2962591041729709,1196.1539574364251,0.019348007346996758,-2099.246166096942
569,0.6870714358334105,109.4140731041377,0.34424790793659055,108.58552157444402,0.4843036217570827,1367.8244327088375,1347.9675460357325,19.856886673102366,0.10070903159673655,0.1291412668916628,1.2446951461689184,2.7795621585277254e-06,2.76042466863973e-06,1.9137489887994436e-08,0.00032123583271330923,0.0003211735056292337,6.232708299117268e-08,7.280562769736427,623.8706341660367,8.92306142875768e-06,3.776925414898878e-06,0.33411727964421273,1525.9934657847264,0.01758974807155242,4569.956420681054
570,0.5876631696231869,79.26994581329312,0.21114208197892959,78.94589711145564,0.1129066198585736,1421.4048277870754,1403.8249273500508,17.579900437024254,0.09945879006455187,0.09883035217749664,1.0070446772165824,-5.584911640612022e-07,-5.758581477338258e-07,1.7366983672623345e-08,-7.323260402236567e-05,-7.328599234146249e-05,5.338831785672972e-08,8.405965959429711,342.00879978757234,6.0791837502465525e-06,2.6437903015368608e-06,0.2663110878727979,1079.203922545427,0.019057636397593766,-366.7743434710792
571,0.5894873302985868,67.0278221921646,0.1696696306565217,66.66444585753305,0.19370670397502585,1293.9245169678281,1272.4932446838707,21.43127228395853,0.09554416848465054,0.09445425317983151,0.9791567902097189,-2.4823795728513623e-07,-2.6368309558624113e-07,1.5445138301104895e-08,-3.5150665101030823e-05,-3.5201289605879775e-05,5.062450340346959e-08,5.304648828149132,330.04748242064613,5.465218203632985e-06,3.7706336256239967e-06,0.2726945880134619,920.7832972840198,0.01953058679398101,-470.72335499110704
572,0.6215625061318885,91.33408188732388,0.26480211150242333,90.80483762577987,0.2644421500415652,1388.1598406741105,1372.4384729700764,15.721367704035298,0.09496347675643312,0.10821580932492984,1.0313075852775333,3.3075459502382636e-07,3.1787577029082944e-07,1.2878824732996904e-08,3.7563621893058507e-05,3.750633814519159e-05,5.7283747015320835e-08,21.880754467434606,575.9908307217004,6.085225758729538e-06,3.0732470143230534e-06,0.2893723906912555,1286.9781833998557,0.018263034500558432,-1216.8886787316624
573,0.6973729421484015,96.99047508116168,0.3121921759111451,96.32607852085822,0.35220438439229224,1649.882539113491,1630.9662988297118,18.916240283778052,0.35138958955767563,0.11878615978730225,1.1816484870225974,4.077942445409552e-07,3.912802595233193e-07,1.6513985017636126e-08,4.299504324993675e-05,4.293775776264489e-05,5.7285485919126865e-08,6.796928595830318,501.24091591102194,6.777543633187835e-06,2.9829274667458207e-06,0.3184172276302859,1373.4192201674482,0.018411419603494482,-296.4865929941152
574,0.6099402913382694,84.66672914276226,0.2788923725494122,84.17473993855461,0.2130968316582595,1568.2054172441374,1546.3591801191424,21.846237124995216,0.13731195678654912,0.10004882042566299,0.9823280104551818,-6.411849476669862e-07,-6.605917924074056e-07,1.9406844740419335e-08,-8.321912718278772e-05,-8.327443923891575e-05,5.531205498635241e-08,8.028229887537186,445.9780106547147,7.10311762044303e-06,2.8237089261841036e-06,0.2749261013683614,1212.0452707263605,0.01922405755846728,2355.654810336331
575,0.7022940202105806,115.51052664792529,0.32779757188816455,114.57769564633827,0.6050334296988451,1742.2198703377524,1718.8171454487072,23.402724889045373,0.28857326800704075,0.11828504983750193,1.0858687326771639,4.1927667151077074e-07,4.0288541380021835e-07,1.639125771055243e-08,4.3261400862404595e-05,4.3196769076974785e-05,6.463178402828693e-08,7.194833973991994,677.1555048902414,9.06876394127305e-06,2.8599817898792126e-06,0.3033547044565824,1566.9024911648976,0.018945062528291153,1984.4138644773775
576,0.6758773447090858,113.84915761881798,0.4159221241849831,113.18505987392095,0.24817562071205504,1730.5743197696625,1710.4606036984162,20.113716071247083,0.11141019906263291,0.1179381358384832,1.096180164700294,2.5213999252909725e-06,2.5064779688204172e-06,1.492195647055526e-08,0.0002921482093186519,0.0002920825977523572,6.561156470285237e-08,22.556510202420938,643.4869922526414,8.753021476733387e-06,5.509158804296315e-06,0.29542424940050743,1600.3709403910525,0.018290218709086835,1042.7905185288691
577,0.6560885536947871,101.92592150592913,0.33360402728928407,101.218358757256,0.3739587213838258,1643.0088010791324,1617.9266836681886,25.08211741094332,0.12707022207645952,0.1133429801863681,1.083875856141555,-1.1994999107837274e-07,-1.35824408804605e-07,1.5874417726232282e-08,-2.160530773425367e-05,-2.1666178338630358e-05,6.087060337571256e-08,6.224289199250428,377.7817607913828,8.081220626292378e-06,3.500794634501729e-06,0.29253294429151305,1404.447923761722,0.019180912777129643,-350.4044453154238
578,0.5593562934020166,67.66819634083477,0.17005717264818757,67.26093547587071,0.23720369231587404,1175.9291948550037,1150.2867124167149,25.642482438289687,0.06778829481023303,0.086644691708953,0.9020879926370053,4.2517264792551657e-08,3.016730668415436e-08,1.2349958108397294e-08,2.7619789503252954e-06,2.712769098385369e-06,4.920985112433637e-08,27.324763607873983,340.37520900162104,5.268456781068107e-06,3.278974468694651e-06,0.2426473685680992,906.176694553491,0.017468997025988284,647.1928597698461
579,0.6708984640055492,99.74908416456114,0.3588132277293004,99.14512772173632,0.2451432150955174,1214.3120424171902,1185.963722976176,28.348319441014883,0.19823525934248923,0.10836274555674053,0.9920137531485607,-6.517949280082349e-07,-6.754064068917008e-07,2.3611478883465633e-08,-8.316961008337099e-05,-8.323335695826657e-05,6.374687392534804e-08,6.181181303097912,722.0438081844275,7.134296732512941e-06,2.7056983873156387e-06,0.2786012078074628,1387.8714786863518,0.019026150827141472,-460.6138982868615
580,0.6260129462662744,97.93957742997193,0.30472626627306504,97.43438231422635,0.2004688494725199,1265.1851660054099,1243.0829353352485,22.102230670160672,0.07473926204621902,0.11317946745638237,1.0613833249862759,5.436535299872954e-07,5.304099847009735e-07,1.3243545286321846e-08,5.677157256472472e-05,5.671505951393045e-05,5.6513049730652894e-08,22.696701116874607,802.9284145960124,9.39254242948777e-06,3.563732903688792e-06,0.2920465847870786,1352.0641063099965,0.017765282334066986,124.80310099320923
581,0.669042424912183,119.46915122721994,0.44994450219867144,118.59959638301531,0.41961034200595937,1578.3796200486483,1560.2114707135345,18.168149335114034,0.4793318093778445,0.12318103444905922,1.132270053960573,3.3832282405730173e-07,3.185963338512345e-07,1.972649020606733e-08,3.1939884651637325e-05,3.187815453595988e-05,6.173011418349753e-08,8.970967273007304,225.19036870963697,7.0960891134412545e-06,3.880263000851302e-06,0.31582547195909044,1703.9363517478355,0.019304365711094697,-2361.97957352129
582,0.5618139895364753,73.70511872782828,0.20267343604024435,73.28247052409573,0.21997476769230553,1248.6130760589847,1232.0132612992384,16.599814759744742,0.0630337510923128,0.08523958115586122,0.8456228743310777,-3.1836777993118837e-07,-3.33378850482539e-07,1.501107055135048e-08,-4.176130839451161e-05,-4.1814478644223076e-05,5.317024858182051e-08,5.711682546327433,225.34636033635607,5.945175119303538e-06,2.491442014538463e-06,0.2359679562215141,1004.0542341438828,0.018155020975569203,651.9285216018616
583,0.691927588850894,113.43214144473579,0.341433210906309,112.88304022018103,0.20766801364843768,1407.9907355388623,1382.0903743030265,25.90036123583732,0.2252171184050279,0.1280118231626747,1.1622515415515187,-1.4284542216918824e-07,-1.6265803962373408e-07,1.9812617454545782e-08,-2.2894432021984757e-05,-2.2967202505553364e-05,7.277048204789422e-08,9.729095554280587,551.3295943915987,6.584753147282938e-06,2.803700460256562e-06,0.321068763822564,1672.1758609967367,0.019175058343043717,-2430.1378738345666
584,0.6375563756972695,74.18419288499139,0.24396902872059145,73.62692622251586,0.3132976337549194,1535.639099803366,1516.4413809840078,19.19771881935677,0.0981909244510172,0.09757393225018082,1.0007472085504316,2.383735769014724e-07,2.156702632387512e-07,2.2703313662721234e-08,2.0277559108123253e-05,2.0222490382196598e-05,5.5068724843339175e-08,5.675643527343752,618.301278941832,5.4152912613255385e-06,3.12115332499795e-06,0.27566682801855985,1036.039182982487,0.01842245341123284,1311.2939479761808
585,0.6205117031618177,83.94758535652333,0.23737205450309493,83.47550236925066,0.23471093276959296,1530.7493926876095,1509.301033909626,21.448358777983163,0.16772143747631704,0.10948566606766262,1.044827573789724,7.805986116826195e-07,7.677281591963736e-07,1.2870452486245903e-08,8.86855665493671e-05,8.863264743035663e-05,5.291911749203245e-08,14.689224142525754,86.62633413692596,6.2043898859535786e-06,3.2207059550074522e-06,0.2937727438812669,1181.6699431435613,0.01870549988496458,517.4860706273939
586,0.6076254962146962,76.60900626096496,0.2046221592058963,76.18900266393383,0.21538143782522806,1494.249486799715,1475.7732525168965,18.476234282818563,0.1732362834187939,0.0998072972017229,1.075069487609674,1.5857518087675082e-06,1.5718484280017024e-06,1.3903380765805514e-08,0.0001822263849156921,0.00018217526079101394,5.1124123677091024e-08,12.099653746414587,869.2426700701701,5.572588327678672e-06,3.262039398557202e-06,0.281709226439804,1042.296632975124,0.01939681834094444,1157.1278660905446
587,0.6019966156259218,95.84348829959866,0.27548343015354915,95.21628817428356,0.35171669516156495,1358.8286755007452,1339.000393452711,19.828282048032584,0.14309075727586357,0.11344913015831667,1.070045886394864,3.721410667504334e-07,3.568247400351418e-07,1.53163267152916e-08,3.3945088738634185e-05,3.387872892618041e-05,6.635981121772336e-08,18.413002868536903,220.33951974624972,8.038883408353742e-06,3.399192231669368e-06,0.30134612431002356,1359.2545408894766,0.018374336478443,96.49396332205288
588,0.6698305845059099,85.45506567872701,0.24701598537462574,85.0274847839987,0.18056490935368208,1601.3901839338073,1582.475065507105,18.91511842670204,0.10772122951412536,0.10665571141880624,1.0215567546119642,1.1711020755226059e-06,1.1537825410910092e-06,1.7319534431596922e-08,0.00013305672225867336,0.00013299648434301684,6.023791425663705e-08,38.60070324753854,344.21532115978266,6.992643949613758e-06,2.997969951540303e-06,0.28382316039423344,1221.4491102485867,0.020127113297004177,169.99349821211945
589,0.6411704751804944,77.53183256152187,0.22142203909733937,77.00342836165143,0.30698216077307866,1467.8812122477555,1447.7223847401594,20.158827507596996,0.09549576969735031,0.10094679234923455,1.013367547340959,-2.21992750791379e-07,-2.353087317335441e-07,1.3315980942165076e-08,-2.7005797172175537e-05,-2.7055659914773513e-05,4.9862741757602026e-08,13.065974563793542,263.26679414236486,5.229386936569035e-06,2.730162695070124e-06,0.2740312048762986,1092.7224335489418,0.018168852748416363,1279.2398047642746
590,0.6372141763416974,90.34174782063309,0.2030950396957702,89.98778259247761,0.15087018845970918,1339.163456755595,1317.7930831165372,21.370373639058037,0.16873107617889965,0.11698407981319513,1.2013763134533548,-2.090911590505327e-06,-2.107327907900058e-06,1.641631739473151e-08,-0.0002513899219978658,-0.0002514449140087035,5.499200964235738e-08,5.838101290618628,487.90406039841804,8.226931810346555e-06,2.9559506773286148e-06,0.305471392162185,1267.9725901352328,0.02036937994409262,561.8255662941374
591,0.5840170892830578,66.71006307173491,0.1729859221889211,66.29562343171872,0.24145371782724928,1891.3639608175195,1870.1876311191215,21.176329698397925,0.11705930462713236,0.08628339790653872,0.9038293169401881,1.5614998614826606e-06,1.5452527435057194e-06,1.624711797694096e-08,0.00018220711834520423,0.00018215983087330995,4.7287470450711985e-08,17.95839002621559,603.1426125382267,6.313443734639861e-06,2.310072450355831e-06,0.24301924230697478,929.6171748032071,0.01956446257198027,-382.24804069495076
592,0.6208925835147905,78.22494582379109,0.2330641518010426,77.80512580820995,0.18675586378009426,1514.8766073172433,1492.384859261803,22.491748055441477,0.08449925937857695,0.09905546384364697,0.9794715599667727,-7.58706281187536e-07,-7.761198273034008e-07,1.7413546115864483e-08,-9.701313751135174e-05,-9.70703404474241e-05,5.7202934731499604e-08,4.65692987327039,411.00129532082514,6.404152536330053e-06,3.38830604839143e-06,0.2701214223261028,1121.622295173064,0.019224385768346917,-29.036791139569686
593,0.6492917613952195,100.66520396042631,0.3115858371944981,100.11349624196716,0.24012188126467038,1487.0058899811904,1469.0320132776956,17.973876703496543,0.1260291970684206,0.12380840529240693,1.1606412823932155,1.5789492695592892e-06,1.5615826514561855e-06,1.73666181031039e-08,0.00017955556617666482,0.00017949916569561075,5.6400479579990656e-08,11.531811596085417,359.257958698363,7.527783531471718e-06,3.3335864107343494e-06,0.31806732834074375,1424.035278545022,0.018638972498454757,347.476237767205
594,0.6568752705328514,93.69748179132013,0.26211146634104515,93.10105100285583,0.3343193221232408,1660.8053385895869,1640.266809255822,20.538529333766547,0.17088095343988416,0.11566439591692333,1.0936910933848496,2.848454128521516e-07,2.7207396464992505e-07,1.2771448202226608e-08,2.953069890680255e-05,2.9474324130588793e-05,5.6374774301304596e-08,43.24351194905412,123.86739446310551,5.688746243715617e-06,2.984017238220243e-06,0.3069092988830144,1324.346706139728,0.019375062224782906,-603.3102363358739
595,0.6707640314447558,98.249717289478,0.24623315860856615,97.66061236350012,0.34287176736931707,2092.33078410618,2071.409025213009,20.921758893172772,0.09583894449295012,0.12176817559420157,1.187713472488554,-5.845104271083144e-07,-6.026519344272063e-07,1.814150731889174e-08,-7.495217831869986e-05,-7.50083699288583e-05,5.61916090003847e-08,7.98539176066482,-173.55133132415142,7.439528545045073e-06,3.7335404605108927e-06,0.31400721553668176,1415.8321190302026,0.020994405967484784,1705.9999876317706
596,0.6588824730712685,99.20392210380949,0.3062513497341852,98.3232957820757,0.5743749719995991,1350.7523554128081,1332.5545471990288,18.197808213781798,0.2002863372824718,0.1120109526356157,1.083700732859523,6.765251759319873e-07,6.614545387219689e-07,1.50706372100185e-08,7.322480781778507e-05,7.317078007821316e-05,5.402773844673372e-08,6.913704897014854,463.50937696906374,8.005830645105989e-06,3.4918309921537504e-06,0.2876070828635009,1378.0751684010847,0.021070995809059714,-2016.82738543897
597,0.8037143587423722,110.92561225048894,0.3187019916388976,110.15565643916607,0.45125381968398426,1573.3993307594092,1551.6981816925738,21.701149066835875,0.1282149938972687,0.12680341110364335,1.3216792768586036,-2.293392746040065e-06,-2.313563446393771e-06,2.0170700353706205e-08,-0.00027901053646996047,-0.0002790737216017983,6.318513072507775e-08,18.489465388766874,125.43653895359756,8.650129359332506e-06,3.2742291255642565e-06,0.3368485888817548,1595.2224814264725,0.020573036079637362,1593.3056647371086
598,0.6169783269511623,84.72053676974609,0.27568737788273995,84.19817818157068,0.24667121029267472,1447.7093484375016,1431.6810954111031,16.02825302639747,0.11260326800090843,0.09457483016510061,0.9292287591109881,7.368426512978078e-07,7.204597786004405e-07,1.6382872697367156e-08,7.645826877025961e-05,7.64015315274098e-05,5.673724132785818e-08,23.267143178915475,377.5149763087668,6.632965977314005e-06,3.09156467537091e-06,0.2524741273829854,1245.619982999151,0.018653992912090342,305.71014005972756
599,0.57571856682529,67.26536095871774,0.15363340436949094,66.8900872217028,0.2216403326454344,1655.8016335717095,1641.1389698404537,14.662663731257863,0.07075893926852929,0.0898606030485268,0.909269176250564,1.0136547944572818e-06,1.001225789381574e-06,1.2429005075707662e-08,0.0001154891428189628,0.00011543814137603276,5.1001442038221736e-08,4.901968425482279,-218.29463423827116,5.114839769939224e-06,2.5293225124193758e-06,0.24774659795349163,970.5971534037466,0.01898662363066314,292.50036877067396
600,0.5955347628873064,77.89317782098718,0.29358029201456265,77.33471386255822,0.2648836664143863,1204.240569427701,1182.2029490366515,22.03762039105204,0.09745590555138044,0.09447073540952625,0.942268974724165,5.30326008304075e-07,5.15683275297043e-07,1.4642733007032046e-08,6.196828847702794e-05,6.19183204341728e-05,4.996804198209306e-08,5.1648663607675624,526.8228004417236,6.0391111679111075e-06,3.2520513530454054e-06,0.2568241793114827,1093.356739839424,0.018239136245362764,-2788.430712423553
601,0.5855116563370525,83.00140300762575,0.27492110076307075,82.41321350213661,0.31326840472607875,2005.7227414855006,1986.023614093423,19.699127392078676,0.0980718290230764,0.09423654402876684,0.9018917868606339,-6.274919548081519e-07,-6.427232943811531e-07,1.523133957300117e-08,-7.835085120245393e-05,-7.840273991964548e-05,5.188871604143027e-08,37.40570362794285,102.87990358686733,6.12776391427894e-06,3.391684752084188e-06,0.24762432111797475,1130.6233830056653,0.01911812013203815,782.46633404151
602,0.5660907368481545,70.25504809177694,0.19254498585344923,69.96390022906948,0.09860287685401359,1762.384124617655,1746.7285015163975,15.655623101259454,0.10463670724107325,0.09315568717721824,0.9410438970392583,6.833275596342232e-07,6.714381885061953e-07,1.1889371128028007e-08,7.75698059190285e-05,7.751938213629918e-05,5.042378142027081e-08,4.882863488150959,209.93621621274485,5.668567736987194e-06,2.6610254910375835e-06,0.2522745317127394,962.0130595441851,0.01952569725925672,-59.81821037214468
603,0.563245926052456,64.18344067365184,0.17532851593754745,63.728133594532245,0.279978563182041,1803.2094544600354,1784.323469249548,18.885985210487956,0.11297065607903814,0.08879846948139258,0.9456580272210329,-1.0838765002306414e-06,-1.096443801696628e-06,1.2567301465987176e-08,-0.0001338208414830657,-0.0001338690386259408,4.819714163874202e-08,8.670038570080328,240.04674624392226,5.682591563501091e-06,5.057768053561751e-06,0.2587409128103982,887.5451874520744,0.01913294232308361,423.7320939937272
604,0.6680413250681327,99.47504522742511,0.2931200478575769,98.81660563498978,0.36531954457774596,1374.5714567145287,1353.4610981557119,21.110358558818813,0.08891909613339329,0.11757751198964259,1.0770187785386907,6.599734043968686e-07,6.411192302421295e-07,1.885417415473877e-08,7.480205729524049e-05,7.473205352449486e-05,7.000376942298219e-08,5.44256303625029,694.7817846600294,7.2618217286825905e-06,3.6353196068707544e-06,0.29937824787181516,1417.9419031469042,0.018039166480029088,-1472.3551647867826
605,0.6005298475791333,75.27133870881929,0.27049595517898567,74.75668550933159,0.24415724430870211,1819.758860743444,1792.3774007042923,27.38146003915187,0.11208185501006844,0.09673491295676173,1.0340768117594645,6.706348530897569e-07,6.568587093659265e-07,1.377614372383022e-08,7.45217626205234e-05,7.446892325515621e-05,5.283936421590121e-08,11.756203682597883,216.39287317855982,6.108326144620857e-06,3.2239604839822015e-06,0.2600706025900643,1017.470926164186,0.019686863873773747,-62.60468577051142
606,0.7268918478417202,115.0440674124556,0.38374164511674086,114.39205663712225,0.2682691302166079,1816.5670438242814,1793.0763386467088,23.490705177572895,0.14557093110681749,0.13460143542928005,1.315782646432947,2.9957105337773306e-06,2.977741883754367e-06,1.7968650022964014e-08,0.0003465645089269647,0.00034650084109658113,6.366782887774207e-08,7.631936946849372,618.2581827278493,1.020644779969941e-05,3.2837391067379027e-06,0.3383288074060503,1623.0855908437493,0.020877311361104833,-315.3310984764612
607,0.6586300219153874,91.63956409995251,0.2975861916310566,91.0779797795029,0.26399812881855095,1516.240144881584,1497.2967559999915,18.943388881591748,0.13814231041058517,0.11716632832396821,1.1485619837493681,8.584209815831422e-07,8.431678075264448e-07,1.525317405669742e-08,9.133362323716413e-05,9.127257099333782e-05,6.105224238090206e-08,5.922825476535081,327.93644837011385,7.635954881358561e-06,3.5434864371967665e-06,0.313216320663626,1327.140869639557,0.019665574708110867,248.99646634631426
608,0.5856024792135175,83.93983494480092,0.22369291272907196,83.40236507740244,0.31377695466939387,1395.6460247316547,1378.1470234655596,17.499001266095412,0.11838995208293904,0.10048926542716424,0.9844646765109282,5.579164663740415e-07,5.387923068490536e-07,1.912415952498745e-08,6.0205494135838716e-05,6.014695340514922e-05,5.8540729763281325e-08,8.472019344506752,229.89903187196495,7.261042241177804e-06,3.881477516814349e-06,0.26568259666519783,1118.5772567311724,0.019529169215534707,-647.2459150040377
609,0.6249300078151416,99.78843196370822,0.3550456343696973,99.2429651864713,0.1904211428672131,1596.1293304394487,1577.472203073579,18.657127365869332,0.18019756234751572,0.12389915012792552,1.1463066721368247,1.9758167406884205e-06,1.9620814709569983e-06,1.3735269731422022e-08,0.0002289261244565442,0.00022887074968643128,5.5374769144645845e-08,5.740697776634573,498.5349867668274,7.170701470777531e-06,2.8148522097158387e-06,0.30887895458286774,1439.4176488275593,0.01835641057349845,2259.0452419316316
610,0.6135087709732404,79.29359028941398,0.2879278839754756,78.68350571258293,0.3221566928555756,1758.5183674310813,1735.904209695608,22.614157735473817,0.0674597310746873,0.09965446037432799,0.9876780572435828,4.317097201156177e-07,4.169105315119112e-07,1.479918860370641e-08,4.746856302649032e-05,4.741158619001844e-05,5.6976835214357e-08,40.28743891684279,433.37013425222943,5.519271119536315e-06,2.4485037890166328e-06,0.2673728142198702,1089.377829526612,0.018381369347626703,1822.3250128587752
611,0.6506667003409771,83.9927935758884,0.22952104027726117,83.51928906832802,0.24398346728310574,1465.9738683643272,1444.219223029575,21.75464533475487,0.2755254627395093,0.11161812249075938,1.097796761807633,1.0789753734323642e-07,9.387473514724681e-08,1.4022802195989684e-08,6.439791600239775e-06,6.386260037367341e-06,5.3531561601573064e-08,30.303036958916366,436.5531454906134,6.407060907897669e-06,2.4075887402279796e-06,0.3042072265097893,1163.2003268400356,0.02162224858533215,1489.9246134710775
612,0.6196840508272643,82.53031396618222,0.25423803686192975,82.07399906927022,0.2020768600500706,1530.9164076323802,1500.5793649230388,30.337042709340345,0.10329859207210713,0.10569631415940116,1.0410912969485824,-9.992743119483908e-07,-1.0112054379612707e-06,1.1931126012879384e-08,-0.00012498966555781046,-0.00012504248493090905,5.281937218223562e-08,32.766558508240806,646.9255742571374,5.87189778500398e-06,3.1913590296243556e-06,0.2869111340141347,1196.3260020665107,0.01892032856923023,-569.8937932108238
613,0.6757948944871206,114.01416278532095,0.37868358861410445,113.31209843827479,0.32338075843207,1473.7663334662946,1445.7103515944757,28.055981871819675,0.11826341245495793,0.1287894745378728,1.1896451409478899,1.835036262416109e-06,1.81719534173769e-06,1.784092067841923e-08,0.00020518111309993193,0.00020511514390857385,6.596918965902938e-08,15.127984481143999,466.2814079855188,8.617967289117752e-06,3.7356343110992226e-06,0.32941764596827555,1589.765308239002,0.019034960338749414,-2835.691370744571
614,0.6630236246683623,102.1857466060535,0.28366838627559154,101.7184816527984,0.18359656697948445,1350.6627845002322,1334.0091554278035,16.65362907242631,0.13206402220201424,0.1250835455024495,1.1709892122051098,2.137690237751256e-06,2.123789475869088e-06,1.3900761882167492e-08,0.0002483989682936574,0.00024833551012167247,6.34581705315457e-08,6.68124313934033,450.20942169330294,6.637179149873955e-06,3.594774208562031e-06,0.3220765212987162,1450.3928044908996,0.01853491260311187,-958.8811567554258
615,0.6568796678896215,93.44876674630311,0.304122192599997,93.05195586992912,0.09268868377397818,1639.255550021486,1618.547689917943,20.70786010354131,0.13785917622427354,0.10549556445904369,1.025497517625198,1.1077892020786494e-06,1.0920080039199034e-06,1.5781198158746135e-08,0.00012303162762256878,0.00012297072513670713,6.090248478934179e-08,10.701164615100486,535.39474327969,7.850524197979136e-06,3.0635706709729066e-06,0.27326737352860714,1340.5623559090561,0.01924200766078937,-80.00154237024617
616,0.6831395701408134,104.7709881204615,0.33958542109880946,103.94430094284652,0.4871017565161643,1624.671597798913,1605.4750319668149,19.19656583209804,0.1675738015483382,0.12086109624351171,1.1484922413451422,1.7584980388353764e-06,1.7420862748905058e-06,1.6411763944870658e-08,0.00020134714199097388,0.00020128213866240776,6.500332692389176e-08,8.906884558702023,360.7951361547136,7.983297883537083e-06,3.0617711309987765e-06,0.3048379300783386,1414.9838158724076,0.01954964426047383,-2242.437512531884
617,0.5756227332847239,80.47970262290946,0.23399115596080633,80.01359871480221,0.2321127521464477,1449.9242687930193,1432.8584035107706,17.065865282249206,0.21102337855143644,0.09360501964085084,0.8866586460702741,6.434147252181317e-07,6.275848128240824e-07,1.5829912394049357e-08,7.156546413847877e-05,7.151052963110243e-05,5.493450592534315e-08,4.064563048266198,736.1683267884097,6.2744258311059314e-06,2.6878316611431523e-06,0.25048330228302146,1130.755705561446,0.019102307964170975,797.0882908548738
618,0.6074831689758359,92.86162294884824,0.2818722539943313,92.25252758801814,0.3272231068357561,1429.1764852501772,1411.6415348281487,17.534950422028448,0.20277579596723308,0.11017662427791769,1.0471430353461395,2.421404036194457e-06,2.4086280617431547e-06,1.2775974451302332e-08,0.0002813585752785438,0.00028130723049473203,5.134478261611958e-08,6.313294448251215,577.2918305564281,7.353695816304361e-06,3.4280225139955084e-06,0.2849308052587963,1296.9344489249204,0.01920117390174733,-2142.3281117256083
619,0.5900986485559058,74.03699219430217,0.19829803419547315,73.63313797369307,0.2055561864136314,1649.12320154049,1622.2186936652854,26.904507875206132,0.10900527199591703,0.09287196603320202,0.9223893029452913,-9.491751313893201e-07,-9.627935384635381e-07,1.3618407074218164e-08,-0.00011992886654332876,-0.00011998526268888457,5.6396144179730396e-08,6.944639882136187,18.371386005129953,5.9526101003108e-06,3.228842357881618e-06,0.26927250607528397,1002.5582310854869,0.020610631925091643,1458.7633537603033
620,0.6865089208772335,93.76694791154176,0.31135010684468667,93.18791158907928,0.26768621561778466,1330.45817700327,1311.6753651087568,18.782811894511983,0.129517197624208,0.11166699030548012,1.0822631675192933,1.54756221115219e-06,1.5347122817261314e-06,1.284992942605899e-08,0.00017899622146513476,0.00017894131147828902,5.4909985374872727e-08,6.843382704168637,187.53220486661874,8.142750047257367e-06,2.693727562377051e-06,0.3015707646941965,1300.2398202690295,0.021251045208019213,-301.1809060145715
621,0.661513632123566,96.54481834921936,0.2757397422333263,95.96473909804133,0.30433950894469175,2016.7541713903008,1997.7194662267498,19.034705163548328,0.11431056708684596,0.11672677337839184,1.1021010445047221,1.6925588501830319e-06,1.679075495738478e-06,1.3483354444554161e-08,0.00019182150107733498,0.0001917640350846022,5.7465991053468234e-08,11.07890566457252,407.54976496919244,6.5074655451377985e-06,3.397338798255929e-06,0.30386933927446713,1375.5672489539124,0.02000083460157028,2703.1109341913834
622,0.8017247930540086,151.84737325102722,0.42039669150774467,150.9939413719088,0.4330351876106943,1683.6149208515474,1659.6673619638382,23.947558887706403,0.16970665490022005,0.15678933609371062,1.4243320185803172,-8.990817093800964e-07,-9.187671636185253e-07,1.9685454238429047e-08,-0.00010908204771048127,-0.00010915290229437161,7.085458228192297e-08,46.87441005384903,300.30822185115375,1.071477736572595e-05,5.725140462950549e-06,0.3813638938520518,2080.313270067929,0.02085854259118545,-1292.740008569861
623,0.5782416764810995,73.3289668419448,0.21837767576983932,72.88685170954501,0.2237374566299585,1451.4623930789883,1431.3210882030746,20.141304875913743,0.10105010944203636,0.09379259264513426,0.9375009127856586,-5.743902906323715e-07,-5.907315962915621e-07,1.6341305659190605e-08,-7.349399143945032e-05,-7.354832760060842e-05,5.433615978123927e-08,7.759179839992203,369.49376384556393,5.696865674894904e-06,3.100755442868913e-06,0.2615043885119038,988.9992413140671,0.01995802904822949,1615.1801173314816
624,0.7027334558724398,104.6821697252061,0.3377510642112382,104.0715530966759,0.27286556431893894,1515.2428988228153,1493.512817312305,21.73008151051191,0.11330840783602249,0.12658839281330714,1.243375710016113,7.417903864128198e-07,7.259837843694274e-07,1.580660204339227e-08,8.543749551009139e-05,8.537944835898486e-05,5.8047149581320116e-08,9.15919045069083,551.1022664708879,8.164751804566721e-06,3.025512120569431e-06,0.31844131079268373,1467.3325990186102,0.01984709415811357,113.79543832119452
625,0.620301850629263,91.01726123322486,0.27229262908838964,90.51732604413682,0.22764255999966593,1626.836065411437,1609.9462659723154,16.88979943912052,0.10018043493220959,0.10267819259937797,0.9951411200665271,1.3823818557054213e-06,1.3655045985789922e-06,1.6877257126429606e-08,0.00016031702112578254,0.0001602588534229528,5.816770174765028e-08,6.440226382766883,393.0064703201352,7.419792134158258e-06,3.6478676939002358e-06,0.2818918813970826,1296.5376119453995,0.018852589623091946,-159.37858347681322
626,0.5934760792254428,73.64903608791029,0.1896777777654542,73.25523454934127,0.20412376080356975,1385.1912869992334,1370.8456334740492,14.345653525182193,0.09055602839334383,0.08781970220946603,0.9269871002574149,1.3291909588770458e-06,1.314829544505822e-06,1.4361414371224426e-08,0.00015523241864562922,0.0001551835363907841,4.888225365103231e-08,8.786970580747056,90.33358699747427,6.258471591067448e-06,2.419413975556569e-06,0.2471868907217197,997.0143051794009,0.018596266005995964,149.98904505281462
627,0.6345579653792349,100.56484321996406,0.33451951222382753,99.96930562831906,0.26101807942114486,1727.0906635947392,1707.3045137578567,19.78614983688322,0.15645849711065432,0.12216664912008351,1.1493559579308865,1.3986286589488495e-06,1.3858611939253234e-06,1.2767465023526435e-08,0.00015602485128395942,0.0001559645706528639,6.028062883736234e-08,9.539676668485114,389.6001285615084,7.513049241256735e-06,3.1975405798975756e-06,0.3155291926907913,1397.4933991727025,0.01891095342706747,687.2659651543254
628,0.6261800738604043,107.88914114174726,0.31671512222973675,107.2142345029906,0.3581915165269087,1671.7231527825707,1649.8874503672932,21.835702415279457,0.17420215088775912,0.11731425736536608,1.088521264280595,7.003019886320666e-07,6.836080670134201e-07,1.6693921618646476e-08,7.457193274387178e-05,7.451466199596194e-05,5.727074645029782e-08,8.382379858695936,236.17940373474363,7.4595227621722735e-06,2.7417257498638483e-06,0.2862550250045723,1509.3151855068284,0.01806729161882923,3069.026364096924
629,0.602291810936826,76.75090952729832,0.29609742866936667,76.22447309795415,0.23033900067481947,1455.771732868158,1436.7365462060711,19.03518666208922,0.1089507582685813,0.09565911574377436,0.9088919899129054,2.8496157260888176e-07,2.703436277573987e-07,1.4617944851482925e-08,3.174881758773038e-05,3.1695640795776495e-05,5.317679124416559e-08,4.233620410260553,259.5291505373925,6.369469730257394e-06,4.486727632510447e-06,0.25284082803492,1053.1948863333164,0.018595299555405894,-1036.698557354939
630,0.6460667157669114,100.02786510042885,0.2614813695866278,99.38103549686441,0.38534823397780443,1281.3162989809518,1260.6406961308217,20.67560285013209,0.10880737018917501,0.11527863597618301,1.096974688836037,-1.3466072933701293e-06,-1.3616370454209894e-06,1.5029752050860593e-08,-0.0001620607007077056,-0.00016211457204008448,5.387133091951427e-08,6.415755978842547,270.44064570386394,8.128965585047568e-06,2.4854059380713626e-06,0.28902192565013485,1434.014302976626,0.018800776665395667,1447.8809997032877
631,0.7390506145958965,128.5916224186862,0.4071332844891051,127.72147466648939,0.4630144677076836,1744.4720317777299,1720.9943448298693,23.47768694786165,0.1432132424189526,0.14242704953214078,1.3150681513745217,1.919072098221474e-06,1.9021684650151829e-06,1.6903633206290317e-08,0.00021424609537297275,0.00021417049859482162,7.559677618620026e-08,17.680850556625092,-140.1806113800719,8.920157952823417e-06,4.649177753605793e-06,0.3544194427627503,1746.4635894093058,0.020038955426142903,3937.493195536874
632,0.7179608143909973,119.52972753371716,0.36233720046944906,118.62603048225438,0.5413598509933458,1513.297361334905,1486.1642580818739,27.133103253032317,0.15145411731036426,0.1468090064440429,1.3801100086846534,2.48485626123749e-06,2.4667347068262878e-06,1.8121554411202052e-08,0.00028767592788111725,0.0002876121848199674,6.374305995337872e-08,16.3727659863861,687.8117433664704,9.951217847915624e-06,4.023543754414165e-06,0.37417733028177785,1623.5117344227501,0.02025826518944848,-2161.9165710433335
633,0.5667376934050444,69.23551347733822,0.2179330589279206,68.68146348843922,0.33611692997108356,1309.6605438249921,1286.534554978763,23.125988846229465,0.19488501307967562,0.08578717954538151,0.8966400806904617,-9.706632142981552e-07,-9.874195633707114e-07,1.6756349072556415e-08,-0.00011964458010104037,-0.00011969521300645698,5.063290400898661e-08,46.20331861953456,400.8965478116474,5.111801503287168e-06,2.942868024961887e-06,0.24421671903829675,950.4298452883942,0.018311728236585684,-657.2326158404212
634,0.6483108348907448,97.20707031804807,0.31290954012124483,96.61707307779805,0.2770877001287802,1567.024292823148,1546.5730689376776,20.451223885471165,0.15866840681852395,0.11885579042662636,1.1222519709705776,8.389354795475355e-07,8.22554494326648e-07,1.6380985220887275e-08,9.235928832588795e-05,9.229828523471633e-05,6.100308981602053e-08,11.847818036788823,372.7542109209756,6.525997344692389e-06,3.5559835423295176e-06,0.3071980952871417,1369.1654028348566,0.018460261138096228,2181.996944905346
635,0.6220368591817929,79.77988586869844,0.2621349400828105,79.25911969755744,0.2586312310582037,1538.521598905891,1516.0395960442568,22.482002861632544,0.08065490837145353,0.10339043584078073,1.0375232559893783,-9.618711038889091e-07,-9.769634833787096e-07,1.5092379489801502e-08,-0.00011594675646133699,-0.00011599775738670758,5.1000923915077195e-08,6.009412374238116,-67.7829953201708,7.2188034544139165e-06,3.528226320739043e-06,0.28427835577420457,1134.8848060247792,0.01805065041769856,-2183.9158667439187
636,0.6068644055107033,72.7501343448199,0.20299472232050123,72.2345629977647,0.3125766247347089,1331.2417450568807,1314.735142180279,16.50660287660318,0.12850461468361277,0.09231562838329516,0.9988099746427378,-8.404497494009545e-07,-8.550508218914672e-07,1.4601072490512792e-08,-0.00010243518963300504,-0.00010249029522951533,5.510559520689959e-08,5.151463667640356,399.68232329088363,6.494593043401645e-06,2.70662936595357e-06,0.26775176457894795,1021.3140530686294,0.018143493632084253,-204.01681772675875
637,0.5985536711065813,87.25300589084509,0.27860780045099015,86.76125309643894,0.2131449939551746,1388.5041522220924,1370.3863854467447,18.11776677534879,0.15426553975812166,0.1108065194933109,1.078439796552954,1.0446122467654604e-06,1.0314349005202952e-06,1.3177346245164949e-08,0.0001184053413694031,0.0001183549710324906,5.0370335589116144e-08,41.91939452911799,694.3037110861937,7.176109254491164e-06,3.4009738367186394e-06,0.28869008823065456,1213.7288963252258,0.01858854436318777,2024.7793700807415
638,0.5971632430862739,90.06785451554609,0.3239294713623883,89.50395966428795,0.23996537989575112,1705.6252892188675,1681.9890439477385,23.636245271130935,0.09953228625362848,0.09942985090613733,1.0384052932258057,-9.442247589755428e-07,-9.617638514425803e-07,1.7539092467037677e-08,-0.00011811727125603648,-0.00011817546446669845,5.8193208612008426e-08,13.380262728908505,537.2575367150998,6.175118183433224e-06,2.701618802658792e-06,0.2775680013605315,1231.9451509843923,0.019130047143423083,-2207.0136723306314
639,0.713415001747691,112.68317419791997,0.33993147299118665,111.98176666654464,0.36147605838411884,1644.548167797779,1616.9723672318908,27.575800565886905,0.2832258487652628,0.12344717045417848,1.1262805986376152,-1.455271245997984e-07,-1.6221050599600698e-07,1.6683381396208585e-08,-1.9596759894165828e-05,-1.96613779515297e-05,6.461805570008199e-08,7.295290804244328,682.8168144548806,8.091268293426574e-06,3.41120917043937e-06,0.3067250999257143,1586.7122907742375,0.019626330135706218,-3592.5028674829373
640,0.6012569057543963,74.09998404879444,0.22682707752086348,73.71567874325027,0.15747822802328745,1344.2360693794426,1327.7201715013196,16.515897878122995,0.12050017472448513,0.09799487115959227,1.0031750572171507,1.5095801084843042e-06,1.4957682793197265e-06,1.3811829164577693e-08,0.000173225782249535,0.00017317505702372856,5.0725223570445926e-08,13.543661654646085,99.52338315881765,5.81467238240122e-06,2.89567869322269e-06,0.27363994073125064,1039.2032448645523,0.019419439182082693,2034.8371706854123
641,0.6801242609769443,126.55525609215056,0.4745920649891332,125.73692203434835,0.34374199281304374,1267.798984893277,1246.2911282628045,21.507856630475043,0.18000989602228004,0.1331773951526965,1.1652623253017882,3.2344800359499973e-07,3.070222448681361e-07,1.642575872686371e-08,3.230133350937382e-05,3.224104806781515e-05,6.028544029152441e-08,10.671933486095073,507.3853445712475,8.920138872171084e-06,3.07444385557481e-06,0.3181117204351255,1807.958654022667,0.018293158633747683,-48.80707399854873
642,0.6301399734910038,85.6591542265552,0.2354717110157006,85.23752337739865,0.18615913814082913,1540.1363097905428,1518.9001435659889,21.236166224551155,0.12313649714835319,0.10297792923105725,0.961946340773178,1.3123296067419523e-06,1.2945871899552199e-06,1.7742416786733037e-08,0.00015282205675892088,0.00015276784446919067,5.42122879813257e-08,56.21442862077581,366.23191170896956,6.347630405581884e-06,3.1375463444953855e-06,0.27218479477351043,1206.035284472506,0.019330089389524355,731.4405991421772
643,0.5526111752251941,64.43894823687513,0.19327625746639637,64.14734848657531,0.09832349283342462,1394.8840160852455,1377.2393041255918,17.644711959652692,0.07282747858995754,0.08436512608707081,0.8556291009291862,1.1806678255355652e-06,1.165560558116006e-06,1.5107267419559437e-08,0.0001372411604018269,0.0001371944156131185,4.674478716301575e-08,8.476511151628129,319.8934935777946,4.643256231421028e-06,3.1731344893571402e-06,0.23924979298315124,919.9121966992107,0.02004458425092347,226.39421748434324
644,0.6155567431268395,68.98666997557858,0.17684614168809887,68.57249529337018,0.23732854052030503,1460.6042524224622,1443.7226823800033,16.88157004245712,0.09563557266662732,0.09766810847839533,1.0084578907277262,-1.6867586326325874e-07,-1.8320492606189347e-07,1.4529062798634656e-08,-2.443823033571256e-05,-2.448827327682828e-05,5.004294026550671e-08,9.735424021454767,495.07214450502255,7.643513801075506e-06,2.5147281461044367e-06,0.27014740708019747,972.7947181594885,0.018716430364408627,128.8971585496256
645,0.6150476586853809,91.47109254092997,0.26756361038438253,90.92740618914053,0.27612274140505627,1922.714298739034,1900.2350803580687,22.47921838096469,0.09858413943828516,0.10708704108823996,1.0415672354073187,-2.5052958404838664e-06,-2.5190724836410375e-06,1.3776643157170537e-08,-0.00029633083078780696,-0.00029638517921906377,5.434842969589297e-08,8.286251007151844,1287.7895092562826,6.481240328189401e-06,3.118277024342081e-06,0.2705598314667274,1261.2438865577642,0.020166080867296432,2278.389345651274
646,0.6000585064853451,76.95702113371779,0.18714120770839654,76.46948613531441,0.30039379069498023,1640.9025611442046,1622.4838117611155,18.418749383087338,0.10794556729137927,0.109037051732112,1.03526754775695,9.807547651356673e-07,9.668590242062718e-07,1.3895740929395313e-08,0.00011053656296168001,0.00011048134579321798,5.521716729359244e-08,4.126021920565435,491.61428613923914,6.008343297272367e-06,2.593365568227708e-06,0.2926136144937192,1068.3795245633014,0.02034689392507979,724.0623648994988
647,0.6266836206246856,97.84772750841967,0.26288584867517495,97.33918857989335,0.24565307985115187,1501.4000937849316,1477.7377239242257,23.66236986070403,0.23285824787741763,0.1109043908387826,1.034106143683071,9.205264197064085e-07,9.038845656870554e-07,1.6641854019353175e-08,0.00010147445789309658,0.00010141345946795271,6.099842334381703e-08,24.200320908279725,351.12590713050207,7.245713173873258e-06,3.988484116259515e-06,0.2840908490964797,1362.3421038196668,0.019480156762508513,370.3422131762054
648,0.6347834548487433,85.50220436495997,0.2241076533094111,85.04407215166374,0.2340245599868268,1349.7291048778052,1331.831220885856,17.89788399194701,0.09022291984441476,0.10869965746005554,1.0162168479179736,5.0977155417809364e-08,3.443880077620816e-08,1.653835464160121e-08,1.9349691616334853e-06,1.8822987925565246e-06,5.267036815057146e-08,9.47014050605718,377.7863086067056,8.40439262455675e-06,5.176733037062996e-06,0.2884615898053524,1209.5710210122652,0.01852823836076413,2068.2951477241695
649,0.5602431248557059,73.47812223712047,0.2239530270926998,73.05468002314018,0.19948918688759196,1318.8952993370426,1298.5444153099718,20.350884027072137,0.1094677040113967,0.08805665162555149,0.944296478455601,-3.96973600051887e-08,-5.440939354085357e-08,1.47120335356649e-08,-1.1832502395146832e-05,-1.1884970104731133e-05,5.24677084853885e-08,5.161820873202171,771.0849220710197,7.348368320480066e-06,2.4799337071923897e-06,0.24465201653011345,1049.871726712684,0.01901128784941486,781.0684608449192
650,0.5961516748968785,76.90072929181459,0.24509354795788776,76.41696327460184,0.23867246925485747,1348.4997426939356,1328.928416803244,19.571325890693323,0.16508514007419528,0.09446395651559432,0.9661985441703891,4.4308397623218993e-07,4.2741714154015006e-07,1.5666834692039868e-08,4.9025223035864245e-05,4.8970673270047434e-05,5.454976454054262e-08,11.392264542744568,387.43719028170784,6.04811195580425e-06,2.5272365383094426e-06,0.26466196422052624,1080.9951475172036,0.01762641066853759,626.3422476540982
651,0.5575179951441134,63.72978030651004,0.16960294649329846,63.30600592522124,0.254171434795493,1344.8247521792423,1329.2842713556188,15.54048082362629,0.0977743163068619,0.08240726819721103,0.8841851431169944,5.254088129930138e-07,5.122362422214516e-07,1.3172570771562327e-08,5.9081704653103254e-05,5.902896013518755e-05,5.274451691371611e-08,4.074882803153972,668.4468276802314,6.3771239553016065e-06,2.75360608887799e-06,0.2304841686782642,877.8530360170336,0.018619700650049153,-98.3130334998823
652,0.6697277886184267,103.9717639677207,0.36723546229163434,103.25913407009867,0.3453944353303881,1579.6570244245897,1555.8838140427863,23.773210381805775,0.1243919062291361,0.10584323336199365,0.9825464616742812,-1.722957960895472e-06,-1.740422034903921e-06,1.7464074008448916e-08,-0.00020908603949198364,-0.00020915360942395453,6.756993074764406e-08,38.16261059353759,469.03435433591,7.93544089099968e-06,3.7063242580549975e-06,0.27580650378360666,1456.4545662707142,0.018256163465604346,-1391.7938536708534
653,0.6745565083704568,109.48065023139912,0.34414861806898206,108.70915225664706,0.4273493566830871,1664.49474802778,1645.283249905489,19.211498122290813,0.12236961520619205,0.12430278970095075,1.1329373049271954,2.364116189724441e-07,2.21706007129302e-07,1.4705611843142071e-08,2.5078170432426374e-05,2.502148752231401e-05,5.668290906634095e-08,8.852991121888149,355.66630320816967,7.898931562897854e-06,4.0656205598106565e-06,0.31163298551713275,1553.8649827579109,0.01946192473046524,-349.921921237059
654,0.6511267662807322,101.92382606557996,0.32171924418771286,101.26621031039221,0.3358965110000414,1563.2908050576489,1544.4198213259117,18.870983731735784,0.07534414195944099,0.11788383764640786,1.1177740403078678,-9.05259006973227e-07,-9.217135744793933e-07,1.64545675061663e-08,-0.00010889290120280864,-0.00010895191411484982,5.901291068563498e-08,11.41160535616551,387.782928571683,6.906213399529602e-06,2.930793613713899e-06,0.29969950863557343,1359.9069689946928,0.0206417189367832,1933.4038532015657
655,0.6071714193938821,87.1569894363945,0.2410434129324911,86.69198611882933,0.22395990463266185,1185.1660646633961,1162.1549320656309,23.011132597767613,0.0956914831774917,0.10557827564577447,1.0467502250977767,1.371375975205436e-06,1.3557166206732463e-06,1.565935453218998e-08,0.0001573580338036899,0.00015730438462613778,5.364917605127414e-08,3.7229391798841807,767.9085762658125,7.17737407199868e-06,2.6255974876987206e-06,0.280881290781248,1206.3300290832585,0.0194337621055799,1200.458782145477
656,0.5775751554508276,85.3858670616598,0.2730081837696451,84.78968268683157,0.3231761910585751,1250.549538427664,1226.4564270876213,24.093111340044327,0.132642873925622,0.098517569359986,1.03203057726998,1.6503929026000544e-07,1.5011579629511398e-07,1.4923493964891463e-08,1.4466759763280416e-05,1.441062930287012e-05,5.613045952645966e-08,9.649014314013574,333.4128466419529,5.9578584488255736e-06,3.2046192247841387e-06,0.2693867196025778,1188.0852918877447,0.0189406214276036,628.7302994448182
657,0.6499622158157463,84.44778068566272,0.251886897360768,83.89240414083277,0.30348964746920165,1916.029388596176,1898.89210049872,17.13728809745767,0.2132050515725419,0.10798204081485295,1.1251992960013528,5.90534734605491e-07,5.762294225308888e-07,1.4305312074602266e-08,6.358561720029926e-05,6.353435620674614e-05,5.1260992480138795e-08,8.919323712721678,119.82848515153265,7.349575423161682e-06,3.628519428114295e-06,0.29246333659546314,1209.465183645567,0.019259883321338277,-2051.394350187289
658,0.5528918629839427,70.71361971478719,0.1938991929679011,70.30397769967396,0.21574282214531804,1318.7727747360202,1304.2519011657278,14.520873570291682,0.09206681279350482,0.08257809770551842,0.8511561652990277,-2.6465874099304435e-07,-2.799471570516284e-07,1.528841605858393e-08,-3.3529418420074105e-05,-3.357659960971536e-05,4.7181188576577e-08,4.9326334589652685,617.304431905357,5.768687871578989e-06,2.429448800260632e-06,0.22940308692744785,983.6053992491798,0.017368675021530847,347.1706311459311
659,0.6619505614771439,83.74222988958498,0.24390479881860364,83.27176451079715,0.22656057996919915,1623.58293986462,1602.6724527247231,20.91048713989758,0.0911182524119644,0.1186995766695069,1.2176025737175626,-6.693261634091467e-07,-6.864593745656918e-07,1.7133211156545383e-08,-8.892820919263672e-05,-8.89869584863079e-05,5.87492922368366e-08,13.461854364320574,703.7320350852048,6.8097815389303795e-06,3.3056468949372223e-06,0.30900531412189775,1142.147932093107,0.018183678222360486,-1673.1406919639812
660,0.686404743598435,108.6856197713859,0.35053595312438307,107.99878658158279,0.336297236678705,1639.1765606728982,1616.129883360911,23.046677311986603,0.1690297278271302,0.13515376376050167,1.277787788083948,-2.4254191549764446e-08,-4.1347503849863054e-08,1.7093312300098595e-08,-9.256324042783148e-06,-9.314129759500526e-06,5.780571556735187e-08,11.652129502290784,480.3424413195987,7.842052713378773e-06,3.4492125854253395e-06,0.33267862289376454,1521.6594791517584,0.019107181058968005,-1553.2363265632557
661,0.5893687604570459,75.4938249218944,0.22791221533029085,75.07200867213771,0.1939040344263911,1334.6054467717283,1313.1792107375625,21.426236034167708,0.16151350216595126,0.09153347687197826,0.9219200703399983,-1.4288065400578834e-07,-1.5419844516906064e-07,1.1317791163272261e-08,-1.7616130199343367e-05,-1.7671042686293757e-05,5.491248561514301e-08,5.301131645998173,690.504369862004,5.711337688627929e-06,2.999521688159596e-06,0.2586779615636529,1048.2122730849449,0.019440093526206164,-658.3804317140384
662,0.586281550551048,71.82471539880692,0.21954730234320666,71.37209777997403,0.23307031648967233,1412.5945908572814,1392.8794153583133,19.715175498967593,0.12169692022017317,0.086496249389913,0.926416878151886,8.090794081065638e-07,7.953616975120274e-07,1.3717710594536281e-08,9.076386408844766e-05,9.071200594103747e-05,5.1858146452552175e-08,8.098755333542423,649.6544710928588,6.482425408813699e-06,2.574380018490312e-06,0.242041404256431,987.2277482571872,0.019070004365795208,-75.49956967714388
663,0.7141742094326892,126.72329377826404,0.4161046021349391,125.92213682713185,0.3850523489972518,1232.9523527969902,1211.1495182377241,21.802834559267104,0.1770474707248198,0.1309216965281398,1.2541657952234857,-2.417407470709721e-06,-2.435466602638343e-06,1.8059131928623705e-08,-0.0002907427369762623,-0.0002908101249646508,6.738798692196274e-08,12.310045654096026,666.1989605926469,8.790280371883808e-06,2.824842686346517e-06,0.3204990031536802,1751.511864068702,0.01854087722481498,2199.6634680546413
664,0.6509954564806861,86.86446674383458,0.22473353433437457,86.34219550824301,0.29753770125719303,1495.7963037928691,1475.42335891233,20.37294488054106,0.12194896009662905,0.11590523085500458,1.1288959114724801,1.1107950770480158e-06,1.0897146032054678e-06,2.1080473842547444e-08,0.00012792469200248872,0.00012786910726196444,5.558473880525078e-08,6.031681651853674,255.5086944843294,6.446561083677353e-06,3.373717859521095e-06,0.3167050650622825,1227.4776015289217,0.02077511656138654,-223.1283954153114
665,0.6402360944971852,85.91188696141367,0.2581439718833739,85.4147305242417,0.23901246528858597,1573.2421571954067,1554.4200818451434,18.822075350263805,0.1466618312770156,0.10696521818006101,1.0746397809863137,-1.482752545710522e-06,-1.4956860788693783e-06,1.2933533158856564e-08,-0.00018035116891905334,-0.0001804043971281984,5.322820772254733e-08,8.353380693457346,244.11046238867578,6.770129427991292e-06,3.3102520580923137e-06,0.29519620547138403,1202.258821188927,0.017312512734632995,2982.4551471063714
666,0.6137436247992714,87.01676575119451,0.26138407791527846,86.52106646730618,0.2343152059730445,1273.2540534233883,1256.3117672204169,16.94228620297226,0.1657989440804178,0.10718572826734082,1.0239246823171828,9.470894314370459e-07,9.347418560631225e-07,1.234757537392355e-08,0.000107240532843573,0.00010718706650615384,5.3466336031303424e-08,17.70571830514332,236.05205245522762,6.669311702846732e-06,2.298273913433549e-06,0.2718324874735409,1231.0957916796326,0.018353337534363096,-2434.471209105908
667,0.7472289013426315,130.15847146528964,0.425695567245307,129.45793433055636,0.27484156748802263,1634.387651163384,1611.6931068224399,22.694544340945257,0.18689598912223152,0.1336395648578913,1.1980534271191667,-5.358602466851486e-07,-5.662758110720001e-07,3.0415564386851547e-08,-7.37035169478195e-05,-7.377409167857176e-05,7.057472841749518e-08,10.221876048899187,649.5117686176236,8.703677456868067e-06,3.511036173321064e-06,0.3242473180533961,1801.5241571719425,0.019010615171855948,-3219.5482633964602
668,0.6862765882462043,99.7590770078795,0.30274201302765796,99.17586021911269,0.28047477573914426,2051.4413818500457,2034.1728108858692,17.26857096417565,0.21432510602076726,0.12097808742905827,1.1679296733237012,-1.5880833944992264e-06,-1.6046250351370617e-06,1.6541640637835722e-08,-0.00019463701890891905,-0.00019469212420033928,5.510529025026585e-08,10.826953989824142,866.8392889233924,7.091609738501857e-06,2.4488276159074866e-06,0.3178414240595728,1408.6919211479014,0.01987978989754772,-424.866661473101
669,0.7528876194106969,131.90580309064202,0.49760017836242343,130.95044182364384,0.45776108863576237,1814.268191818376,1788.416866064745,25.851325753630242,0.143818064460645,0.1382098094573067,1.2344493490885673,5.11714760952803e-06,5.096048237659143e-06,2.1099371868888884e-08,0.0005957751481501429,0.0005957060277054799,6.912044312434074e-08,19.59908323581554,393.2586586230125,9.416050843389085e-06,3.2760463257691274e-06,0.3320595820740515,1860.7295322424618,0.018117236526839532,4575.767917153335
670,0.6621903742613643,82.20377584737338,0.2124323023710383,81.70684013560837,0.2845034093939623,1267.784712986766,1250.5372471702592,17.247465816506722,0.10286215422482513,0.11152011363512628,1.088550381349143,-2.4587637918522097e-06,-2.471105203606276e-06,1.234141175406585e-08,-0.00029207320171921024,-0.0002921342374764781,6.103575590814583e-08,10.10157101773671,594.0629583631827,6.500343462395139e-06,2.9945366765402727e-06,0.30181158955584236,1135.7480971894897,0.019206118635937745,-1442.2706511760953
671,0.6618922674854839,99.85155719434225,0.30618725100334204,99.17952658635146,0.36584335698746057,1299.364330813012,1280.8883622103235,18.47596860268555,0.1843284111372065,0.12262783787585067,1.1562332738859484,-5.603913859920015e-07,-5.751339652542123e-07,1.474257926221074e-08,-7.150493154008614e-05,-7.156080325154076e-05,5.587171012946935e-08,17.41186743377222,428.10596814760197,8.009088486204569e-06,2.665568217985508e-06,0.31344624881629174,1384.7700006763437,0.01777046920361625,-1630.1543860967577
672,0.7365652003299548,142.10049589675083,0.3763939768987337,141.17855557105239,0.5455463487996771,1744.092990326551,1712.950925981347,31.142064345201295,0.11378649670862022,0.1442708352741754,1.2588158909641742,3.235853585793118e-07,3.0604081811134413e-07,1.754454046796769e-08,3.097165625365622e-05,3.0892381484946316e-05,7.92747672764505e-08,18.747375585831556,602.3684654765161,8.704908107430633e-06,2.996765331378221e-06,0.35192582103106196,2118.895086451218,0.0192613387142729,-693.8260748838511
673,0.6669352802392963,103.34085319359122,0.31908673759622563,102.73519227378915,0.28657418220581266,1305.356938221491,1282.3645442923946,22.992393929096174,0.2038693535349341,0.12339221682933284,1.1508656261483086,9.230916734733397e-08,7.742905362746887e-08,1.4880113719865071e-08,6.467959108605906e-06,6.406839503895496e-06,6.111960389507173e-08,6.735909729697281,391.91031350161165,7.650764913265899e-06,5.077615167304776e-06,0.3123395226713177,1473.2309344660953,0.019154023633939136,352.9500888861585
674,0.6309495629993284,90.0270062529402,0.27364617105207467,89.61144289734973,0.14191718453839966,1251.4040863509217,1231.8972515847495,19.506834766173117,0.13670225983712286,0.10579731084271204,1.0618163707832944,2.2459157385664276e-07,2.0864879908925463e-07,1.5942774767388213e-08,2.30887146112605e-05,2.3029100754725915e-05,5.961385523309855e-08,11.649893162018463,364.04246470195955,7.267158537468415e-06,2.854505065453943e-06,0.2737050852564296,1275.212197392863,0.0183331013505379,-574.6998720422707
675,0.6302861785749584,93.62227451918714,0.31904927593980836,92.97004007131251,0.3331851719348026,1573.2216696864373,1546.4084432293375,26.813226457100154,0.08823864894795222,0.10825933157569441,1.0731589658027898,-3.413109056051618e-07,-3.5932499515920824e-07,1.801408955404638e-08,-4.80480337927758e-05,-4.810435517924675e-05,5.6321385248019676e-08,6.00781049595695,403.10129937172485,6.208257853655966e-06,2.7152211022434796e-06,0.2844739510731916,1336.9329134368159,0.019697012749151813,2039.8525907453914
676,0.613618793068206,77.77125623596456,0.24493266646341885,77.31100320707147,0.2153203624296694,1490.5568241675544,1471.558587580929,18.99823658662506,0.09048026014909187,0.09547150353795969,0.9560046259447872,-1.635478257392743e-06,-1.6493772875255631e-06,1.3899030132820238e-08,-0.00019879155612424762,-0.00019884495843021895,5.3402304792552676e-08,14.143046100484597,346.881925231725,6.291214549527507e-06,3.305219817132039e-06,0.2604608276889343,1073.3458302424726,0.01833821328095959,-1305.6805933950454
677,0.7394801781882552,140.61171109189794,0.4832049201328414,139.664485342443,0.4640208293220871,1511.745464695142,1489.6999588122753,22.045505882866323,0.1509519741312035,0.14583183195406302,1.2875304111020704,1.469439112893181e-06,1.4501214514239505e-06,1.9317661469230222e-08,0.0001716681191715164,0.00017160563544599058,6.248372390322433e-08,9.866653092750457,577.4668939246515,9.765289900306501e-06,3.8872641161528665e-06,0.34986948405240076,2013.807269554614,0.018922090407122314,608.010212993333
678,0.7106603137696837,111.2344138435304,0.4249536920033046,110.48170799751071,0.32775215401639085,1737.7218700942867,1718.16483355009,19.55703654419426,0.10354341679830235,0.13014330226577783,1.2378521712632944,-3.711554786735597e-07,-3.870395925661319e-07,1.5884113892572315e-08,-4.8174363157402306e-05,-4.823434233840422e-05,5.997917937048771e-08,10.356075858271822,479.4589185391397,7.430648274235902e-06,2.990134861060614e-06,0.3437889551810075,1508.581064402797,0.020336339580911078,-998.835507659529
679,0.5993842132901203,75.54773357138332,0.19517246221040338,75.11825749373142,0.2343036154414956,1472.7535280163224,1458.0722603564031,14.681267659919488,0.10283574965760699,0.09846209275551872,1.0238327302314343,1.1239675664902595e-06,1.1127664607640155e-06,1.1201105726243914e-08,0.000129018209236757,0.00012896901342791692,4.919580760723266e-08,20.759487793062263,515.2049854933367,6.236478399061606e-06,3.3858287506712115e-06,0.2703512061455485,1038.019822460431,0.01846477775913975,706.3773649837203
680,0.6088520877429627,77.8874729096047,0.1916844421621715,77.40577379860201,0.2900146688405286,1692.230928555421,1675.7606957986634,16.470232756760495,0.1370474700289122,0.09283786507073812,0.8900028207204206,-1.1228360281530577e-07,-1.2672891154418343e-07,1.4445308728877696e-08,-1.807392152108658e-05,-1.812440853774175e-05,5.0487015613586685e-08,5.061905120783713,745.7012335122762,6.2400486782882285e-06,2.473452208104033e-06,0.25719847367433973,1079.6700128093864,0.01791015226458534,-794.5624746774556
681,0.6828432570631612,99.07378389833292,0.284824631925644,98.54786709656616,0.241092169841122,1301.6521079902932,1278.8132912404162,22.838816749877456,0.12171584904828384,0.1142529875763069,1.0549430149611634,-5.157355764364324e-08,-7.101187023003581e-08,1.9438312586392563e-08,-1.2775104545923234e-05,-1.2832625943476462e-05,5.752139595675866e-08,26.255191484266533,509.8022565667336,8.045228501832287e-06,4.087581499067543e-06,0.2951748748492217,1448.7188295081842,0.018802307902569877,1166.5140480591763
682,0.6858243263812768,114.74421528777738,0.32508145906289715,114.16459081841292,0.2545430103015478,1599.7450192462584,1578.637836871077,21.107182375180322,0.12069355796118426,0.13178983752500004,1.1811161549099363,1.494796200543554e-07,1.3374310633689322e-07,1.5736513717462163e-08,5.6373300485896535e-06,5.577570046186763e-06,5.976000140702309e-08,7.07890937489532,552.9071890873801,8.681430156703835e-06,2.7969673362789963e-06,0.3229687433436788,1634.703374072985,0.019232516463519124,2374.8907764639807
683,0.5929682196389638,76.10825387759502,0.2059412033341256,75.73303928208637,0.16927339217451884,1479.8269497875226,1461.2511362864748,18.575813501046454,0.12937356353496302,0.09606906647881984,0.9669277175713402,1.7393406653078446e-06,1.7276957065920573e-06,1.1644958715787847e-08,0.00019823130832714197,0.00019817888442010158,5.24239057954218e-08,5.096386666876915,265.8107091351977,6.937712396746081e-06,3.7296104909435976e-06,0.26717731075208984,1031.6831015577936,0.01960112312320953,426.7688186599953
684,0.606790712899123,85.07697826957026,0.235517617081604,84.55616058170419,0.2853000707844778,1346.6622954337308,1321.0456903350143,25.616605098719024,0.16474322423055804,0.09947729277483379,0.9719272130009788,6.830667851393072e-07,6.678590886185337e-07,1.5207696520773414e-08,7.561466371622742e-05,7.555360494042703e-05,6.105877478819274e-08,41.3035949667652,375.2770140954719,6.688769962428925e-06,3.508341122714342e-06,0.27708662880283463,1142.69752195339,0.01884741760496813,-1732.872516899508
685,0.5847042209688366,89.96738195137442,0.3016115333735885,89.49242259154572,0.17334782645512226,1227.6982334631643,1206.3908934652493,21.30733999791366,0.1327284503086832,0.09703692299176205,0.8897365879292114,-1.7021587042096402e-07,-1.9046527699968575e-07,2.0249406578721836e-08,-3.0135773741802998e-05,-3.0191096882087133e-05,5.53231391019258e-08,5.610056382928962,528.5192798851987,7.09010431199875e-06,3.2123808872025092e-06,0.26424700931413886,1256.2212253724247,0.01738314262203395,-2763.7620660801294
686,0.6401183753095891,88.24060814234981,0.23199801158125233,87.78915196553884,0.21945816522972691,1411.1808042173807,1387.8934300664073,23.287374150973175,0.10232659001392239,0.1024052847884567,0.9397366107553591,8.924568460773465e-07,8.784094893470325e-07,1.4047356730314156e-08,9.939351984023819e-05,9.933641882140793e-05,5.710101784234464e-08,5.119769167487023,241.3542342860658,7.578370588059117e-06,2.6255107742941076e-06,0.26533682167079403,1207.6838898643055,0.01835935619614136,1663.8584023615622
687,0.6044232865799852,72.175928219472,0.20538205947813726,71.82183056778675,0.14871559220710256,2201.625956739468,2178.2474612490996,23.37849549036824,0.07788362173015194,0.0989306263903015,1.0198840377831166,-5.630563118487229e-07,-5.78253933218274e-07,1.5197621369551283e-08,-7.27681590562839e-05,-7.282086651076319e-05,5.2707452823056206e-08,5.097302117828917,-44.05440465198382,5.500848512453084e-06,2.4792816345985806e-06,0.2718184242607197,1007.2280017659876,0.019562929648546303,-109.36861290809611
688,0.6046903072270547,88.01900184031994,0.3665571638205955,87.33508131964695,0.31736335685240596,1096.3777900560851,1070.9685681552726,25.409221900814302,0.10622509884998675,0.10643580407577154,0.9993163099246325,2.40752784277922e-07,2.2601663894081267e-07,1.4736145337109439e-08,2.087836831306274e-05,2.0819741294598556e-05,5.862701706166896e-08,5.07806490116687,359.4789815429839,6.7631941695079684e-06,3.9462057131304646e-06,0.2794419258628143,1195.4045024740767,0.018966461005251904,563.5434524421653
689,0.5807104157625721,74.05176264227656,0.19824287809953953,73.58124292254224,0.2722768416347809,1474.4639485895343,1451.5737612199966,22.89018736953503,0.0571329044300329,0.08307168212111177,0.8006300525937639,8.46984242374357e-07,8.34901740194031e-07,1.2082502180326416e-08,9.578192479784067e-05,9.572930922758845e-05,5.2615569032932784e-08,18.515650771482708,332.7010063558573,5.715812183175231e-06,2.5161365340772495e-06,0.22509798439455733,1020.1751304277109,0.01652615029009359,-751.2427196094322
690,0.6735620370880626,90.55979256724834,0.3399343679395491,89.91187869459489,0.3079795047138861,1713.6087427445254,1693.9403699391753,19.668372805348397,0.08732564831449646,0.10720484786627288,1.0723811364532012,-4.1799352958372295e-07,-4.3562198168059173e-07,1.7628452096868868e-08,-5.254190499788141e-05,-5.259793063758769e-05,5.6025638829449257e-08,36.121588474827306,278.68790693661447,7.840323419149846e-06,3.199105002173752e-06,0.2834019490041105,1275.76285864994,0.018768881302954208,806.7435942885386
691,0.5981380851794618,86.0019993266666,0.2470951385019557,85.56325643085303,0.1916477573116138,1431.5100020589584,1415.373025222364,16.13697683659316,0.22284465371270468,0.09760684379609665,0.9133093603645193,6.087679709058426e-07,5.934315460349477e-07,1.5336424870894754e-08,6.44700315443521e-05,6.44189360805298e-05,5.1095462654745315e-08,18.98936143437499,171.54616193296573,6.196352591585664e-06,2.912461059476823e-06,0.26468973317184363,1186.6940038216817,0.017917634810433722,1905.2107649268728
692,0.6374757417589012,69.77664886416682,0.20219006307623502,69.37679130518463,0.19766749590595925,1794.4004985625388,1777.8373366953722,16.5631618671667,0.16244219715745975,0.11997353127986422,1.2350524934725835,-4.1190472047881316e-07,-4.2447553647729037e-07,1.2570815998477172e-08,-5.1515029043358624e-05,-5.1568512981814075e-05,5.348393739299888e-08,59.384463287981134,239.0595325086696,6.5135058731289e-06,2.3304128332268604e-06,0.3243939221768398,982.6371107185805,0.01889640164132352,-2783.5379594341393
693,0.6456473937918928,100.54183590714925,0.2787252077751411,100.01131975173973,0.25179094763439336,1610.2480167864596,1591.5949906273336,18.653026159124803,0.09723737194624986,0.11454553002657338,1.1044628843712803,6.111068392072746e-08,4.4540996351555526e-08,1.6569687569171963e-08,-1.6938831122968782e-06,-1.7597336546973586e-06,6.585054061198199e-08,16.269070223181952,456.7448705069939,7.178155713797e-06,3.3188655842196308e-06,0.2978490839494079,1313.9855526394056,0.01876923607886296,717.0247611822488
694,0.6256823116464488,77.0651772863039,0.2459478598426117,76.56534542604152,0.25388400041979237,1420.6651483976555,1404.1149894277346,16.550158969921945,0.12094759134278849,0.09371724389175072,0.9196995611459885,2.3368762334479972e-07,2.1493559180288364e-07,1.8752031541916107e-08,2.3039862281579205e-05,2.2990867468120822e-05,4.8994812422267374e-08,8.657991751413416,355.8472456537187,5.569452988168033e-06,3.5877883752592578e-06,0.2530851455990515,1056.2191069681378,0.019808521789034368,-1615.2625986724306
695,0.5783785419287572,74.78295176252693,0.2166703609255749,74.29042378165066,0.27585761995068675,1300.526176521842,1286.2886445380313,14.237531983810765,0.09011790389384931,0.10139094619248203,1.0100727752501668,6.513672985293476e-07,6.382103650171235e-07,1.3156933512223951e-08,7.31616220914323e-05,7.311393588971978e-05,4.768620066116861e-08,11.907371367370867,606.1943147042193,6.135411369882046e-06,3.6058404273254145e-06,0.2777582510574836,1063.5490105326817,0.01835637707805259,2133.145493639149
696,0.5985550707495179,78.49099168278727,0.21862346826889037,78.12048039980724,0.1518878147111358,1587.5320351451205,1567.8449897100884,19.6870454350305,0.10736878301761074,0.09839167068264752,1.0044344966960899,-3.712010574792404e-07,-3.8984355546035916e-07,1.8642497981118655e-08,-4.482348594196556e-05,-4.487724290244457e-05,5.37569587582816e-08,3.7910567358838447,281.74724355229154,5.3615109781273345e-06,2.985001994950942e-06,0.2713215131321626,1067.110572236667,0.019925138319531823,-380.5653738379333
697,0.6493265465746298,91.78935012231216,0.2511488509953248,91.22943509233288,0.3087661789839333,1250.9787486844425,1229.5879759458358,21.39077273861,0.1703514528077598,0.11114264346423541,1.0557110563232759,-3.665512640240332e-07,-3.810213778321894e-07,1.4470113808156226e-08,-4.9194595573556716e-05,-4.924516014640138e-05,5.056457152209374e-08,8.202920112742568,267.8138934763001,8.20018840139811e-06,2.75700273611168e-06,0.2805215849250257,1306.198492575687,0.018697263857582448,-482.66684787786653
698,0.747003219225029,131.0348406330193,0.4542355339683788,130.14755678318534,0.4330483158655428,1636.7779478511377,1612.1309744646508,24.646973386486835,0.15857533093432102,0.13647765971259374,1.3190955424462456,-7.054157055548471e-08,-9.213003113559788e-08,2.1588460580113178e-08,-1.3660710415107661e-05,-1.373171503507603e-05,7.100461891880758e-08,11.087687428381486,516.4811215155569,9.929571774550542e-06,4.51851168188747e-06,0.34264729733665056,1827.271686286851,0.018783967342098726,437.5583914345225
699,0.6189664142543891,77.72551380551772,0.1973081304428224,77.20347556985642,0.32473010521847673,1630.509576725436,1612.9618995931553,17.547677132282974,0.09361063460619828,0.09036264087923007,0.9381970329819427,1.3098140578621303e-06,1.2926454978652112e-06,1.7168559996918923e-08,0.0001508002620692573,0.00015074744249116368,5.281957670463438e-08,5.928695574865461,437.3029467545817,6.331676810561339e-06,3.0644922644177778e-06,0.2550054659829612,1061.4959655799528,0.019417480496294954,89.10393895555899
700,0.5536654786075061,64.91102962700197,0.2018625000031576,64.55698761435208,0.15217951264672624,1498.9956286606016,1480.1321508051242,18.863477855476113,0.06425725238276205,0.09109013202300856,0.905430993986218,-1.2207485164435419e-06,-1.236949918411796e-06,1.620140196825424e-08,-0.00014840373354739104,-0.0001484580702113599,5.433666300220214e-08,10.262628476573601,306.79363785109047,5.436250221215581e-06,2.585466076918922e-06,0.2549512700423251,927.4687800715096,0.018786876594482013,1381.5844942232507
701,0.5402297744569596,71.46338364102678,0.2157389643510237,70.93819282767377,0.3094518490019745,1165.0210736056254,1148.7933667915297,16.22770681409703,0.09618064334472179,0.08831581339143486,0.8640794871771881,-4.925318675230041e-07,-5.060174185424527e-07,1.3485551019448575e-08,-6.266206436257269e-05,-6.271002756939909e-05,4.796320526212988e-08,3.662308567531541,261.2854635516527,4.580825946481478e-06,3.679258139770142e-06,0.24201865379279636,986.6050163258254,0.018192797618832173,397.9211900503833
702,0.606953895258315,82.32534962827837,0.26560560885580675,81.77971502087325,0.2800289985493174,1798.8982692439351,1776.510337816822,22.387931427112015,0.10925892983868858,0.1014978258263675,0.9926004457313891,-9.398199636738179e-07,-9.552656791302448e-07,1.5445715456427105e-08,-0.00011785073172407474,-0.00011790324145685318,5.250973133570018e-08,6.053615205808137,372.33436981166204,5.738050418332403e-06,2.2314985714257807e-06,0.27173282899525314,1143.9205066717911,0.020163502067405,382.93542396972407
703,0.6657754357779143,93.15196837679039,0.31030122048473247,92.57637227723163,0.26529487907401766,1286.6279391214798,1259.476587479425,27.15135164205458,0.15074703798259662,0.10919787860999576,1.0736581248607393,4.46406995522582e-07,4.304309310034265e-07,1.5976064519155487e-08,4.970166214457886e-05,4.964434400605588e-05,5.731813749340216e-08,7.244155621767525,435.1066002110301,7.6533076143206e-06,3.109941378988646e-06,0.2835462791771347,1327.6931455943425,0.018394602831126452,465.77138476129767
704,0.6246273036325738,82.42101219847204,0.20925144621096742,81.94521740534321,0.2665433469178795,1644.8345833652697,1626.3954895508502,18.439093814422232,0.08145960674194551,0.10442804688386458,0.9816915913914177,3.1129438046664833e-07,2.9510173095936547e-07,1.619264950728269e-08,3.163341319646959e-05,3.158308899540914e-05,5.032419943313521e-08,29.721754314852326,257.3061531697901,6.5516568700750165e-06,2.898210831677808e-06,0.2786419492090282,1136.3063054248719,0.020001065772765735,1208.9061422733794
705,0.6938078536903503,121.2798267927372,0.43613660183258685,120.37827152781375,0.46541866309086366,1416.6632397223477,1382.8643011573035,33.798938565043365,0.12622245747764144,0.12266998772501131,1.0521140427859708,-3.8387576115620875e-07,-4.0092904861661507e-07,1.7053287460406138e-08,-4.9221630474165356e-05,-4.9287313872489405e-05,6.568339718124503e-08,12.358632507856498,481.22835439407794,8.800296009095675e-06,3.273743852478564e-06,0.29484444077432853,1705.4574946059997,0.01804897650656494,1347.5928592605524
706,0.6166350719093883,88.10256865040071,0.29144495327187603,87.53198599439173,0.2791377027371117,1401.7239421976255,1383.6340195087926,18.08992268883205,0.08144210848396514,0.10256727620364284,1.0034630004277045,-4.2296568616389135e-07,-4.396355996730564e-07,1.66699135091651e-08,-5.441944478962599e-05,-5.447691963272943e-05,5.747484217572882e-08,4.63756504559604,328.450730098734,7.168612692443932e-06,2.8827128791187305e-06,0.2769601324376617,1278.030165262255,0.018530931666016503,1353.2016999792868
707,0.6751736410754702,110.4891514461391,0.45740737907716256,109.70386058759445,0.3278834794675149,2061.3453530816237,2027.6149746190183,33.73037846260708,0.19526136865967353,0.12699029450403415,1.1892121541135683,6.594402228636275e-07,6.419613191950663e-07,1.7478903668561076e-08,7.178716386461371e-05,7.171932348651439e-05,6.784037700416712e-08,6.985847126532883,467.48795744058066,8.235408803365044e-06,3.504219179824751e-06,0.3190798739560114,1564.3868206032334,0.018077055649470986,-1829.4844017096402
708,0.5358009432658459,67.14492502828755,0.1879857906815941,66.72953749528735,0.22740174231860355,1598.716137665845,1578.5556987686425,20.160438897203093,0.14675940066399001,0.09025408506950804,0.9047037620770602,7.381648227689312e-07,7.221602961564271e-07,1.6004526612504117e-08,8.406125208670102e-05,8.401336507944139e-05,4.7887006054205674e-08,5.695209378547627,278.8350098399521,5.3098515822929265e-06,2.132578722265155e-06,0.24925461789799244,918.1826005327962,0.01788483628901118,-1681.6296667303504
709,0.5827179538161559,76.42612207106832,0.24341390402162308,75.89608751001,0.2866206570366962,1553.639946305507,1534.8808419723077,18.759104333200778,0.14045483513754578,0.09337166664584187,0.9009483080141036,-1.941324008479956e-06,-1.956399947898871e-06,1.507593941891504e-08,-0.00023760098766812256,-0.00023764994219058498,4.895452102384996e-08,3.159206844873833,744.07792162402,5.135047363552357e-06,2.292463368385886e-06,0.2559681912401242,1048.3107267806697,0.020981588416319013,802.1179406578813
710,0.6071102502810418,79.9003941343818,0.2369676494303624,79.44883555920308,0.21459092574835276,1386.045304687664,1367.6843531873453,18.36095150031761,0.10987464773136434,0.10004419848806922,0.969167522072145,9.193621604233096e-07,9.04159750398582e-07,1.5202410024727702e-08,0.00010551488955294607,0.0001054631493717015,5.174017973520454e-08,7.349958304692342,394.4941832927561,6.1213861014990335e-06,3.482998524662342e-06,0.2690917242968709,1142.7670119700304,0.019284795143847684,-436.5976373983649
711,0.7558375847396601,133.34574400884333,0.4738650974217456,132.46100250390327,0.4108764075182835,1666.3959948332265,1646.6347027964578,19.761292036766534,0.13617161499868702,0.14483143851777505,1.3228495888751717,-1.7760935479215249e-06,-1.7954018064795335e-06,1.930825855800873e-08,-0.00021726988714539287,-0.0002173321070655821,6.221991901522434e-08,9.474842732180651,666.6606052332532,9.50880384876315e-06,4.026646062186153e-06,0.3525875100248039,1883.1469832977214,0.01890292314701346,-2347.3297532590186
712,0.7009636520799979,99.47679421181253,0.24739753933479855,98.84340170180765,0.3859949706700723,1553.7790578343918,1532.5216751789726,21.257382655420663,0.14711701786029388,0.11984069990653239,1.2133094281709094,2.819055524424906e-07,2.679018344738427e-07,1.4003717968647938e-08,2.958828739166683e-05,2.9534457716992098e-05,5.382967332193779e-08,4.5472374052103754,557.3298814595814,6.950953363898567e-06,3.718261125121372e-06,0.3177169752247147,1357.0490697138002,0.018399569048327794,-385.6742324583429
713,0.643776133459086,80.30273314660226,0.23603302932507583,79.79972106428197,0.26697905299523095,1948.468196502442,1929.6241229249993,18.844073577443055,0.06708890620040356,0.10723999420664738,1.0956138563908417,-5.421976981339725e-07,-5.576209742809451e-07,1.5423276146972816e-08,-7.147992044756307e-05,-7.153249726772743e-05,5.257681814586533e-08,11.528329504726077,439.40668525509636,5.471102913822726e-06,2.4740677751153975e-06,0.2949411176441949,1125.56145187212,0.020287625133823945,1111.937920305485
714,0.6506884768109886,101.11286588076821,0.27431958731698547,100.55247384747649,0.28607244597471343,1599.3362568645025,1579.6343907577061,19.701866106798143,0.1801992037499449,0.11240855103036182,1.0292610834686131,-1.962325073709113e-06,-1.9766910306687706e-06,1.4365956959658731e-08,-0.00024119446773408827,-0.0002412555860561823,6.111832078140014e-08,9.159439719351251,698.8698100940907,7.856034199930747e-06,3.6269271562499766e-06,0.2909045165894103,1460.8500381003955,0.018120362281086818,793.6524133452622
715,0.6176307183160656,79.37473830220209,0.20456361717724994,78.92718427993677,0.24299040508807004,1537.861312017008,1522.5801778141013,15.28113420290715,0.0905997494150545,0.0986643135495973,0.9806342194771769,1.180127249605785e-06,1.1671492271121662e-06,1.2978022493618559e-08,0.00013554218589437658,0.00013549202347049754,5.016242279410785e-08,17.884344715952178,415.6954894812556,6.3972810696409545e-06,2.331894297638881e-06,0.2616372529953476,1120.9513853554508,0.017925410948405055,-993.242807205479
716,0.6665144093654983,108.74984624393556,0.34889162659445694,108.11423475321969,0.2867198641214161,1343.6434594648072,1318.5708598372846,25.072599627522546,0.11397439200424356,0.12331948204973288,1.2165335889885327,-2.444144309537549e-06,-2.460535800247284e-06,1.6391490709735185e-08,-0.000293312082516693,-0.0002933718295525685,5.974703436203852e-08,28.40397178751892,700.2114460679129,8.142638452101536e-06,3.3008807253589623e-06,0.32371971026019264,1519.9302771775037,0.01850076971158949,-1042.181868512882
717,0.6475245823395396,94.50566925540346,0.30193467217570563,93.96196046097772,0.24177412225003667,1415.1225496467782,1395.6704865652478,19.45206308153013,0.08784820469702549,0.12153060510556868,1.1549034976357422,1.0619221454814073e-07,8.661470578390185e-08,1.9577508764238958e-08,3.474009371400477e-06,3.416346402275016e-06,5.7662968094151293e-08,4.989316299372137,615.9096592217212,7.740612293270546e-06,3.74430669239901e-06,0.3100718269081821,1348.345648949029,0.019384269959896023,740.4106056869241
718,0.6572281804856189,101.06244395643985,0.2957034727909821,100.52523015598123,0.241510327667647,1711.8166238101226,1694.2648203916744,17.551803418448745,0.18740566040284143,0.11775889356181918,1.1049916704592673,7.067081375411243e-07,6.91318551894479e-07,1.538958564664524e-08,8.150223635263438e-05,8.14482975099186e-05,5.393884157983135e-08,13.816054412655754,595.6210848706537,6.997021166880096e-06,3.7737087339005017e-06,0.29566105565828915,1509.7845441027412,0.018344581537036844,322.75600877548277
719,0.598841633647764,82.85617913786594,0.284646921605947,82.28843306596224,0.2830991502977731,1514.573648890603,1493.4530084519427,21.12064043865774,0.07594501361756546,0.10516840593900656,1.050078229984515,-1.3087586732566376e-06,-1.323383495795575e-06,1.4624822538937322e-08,-0.00016098690315263634,-0.00016104142538054983,5.452222672062702e-08,7.387937325746142,385.4107334648083,6.630300861537231e-06,2.9164448640774496e-06,0.28243694960609483,1126.1929519333378,0.018997827259590573,854.515026762856
720,0.6529029383040365,95.31227098431364,0.29270009899468924,94.74757629826973,0.2719945870492195,1320.0034615596335,1294.0885925589487,25.91486900068462,0.06942615523564019,0.11552654037989118,1.1404443073688937,1.3041729022863816e-07,1.133541443120714e-07,1.7063145916566873e-08,8.963722440793962e-06,8.907281411784117e-06,5.644102777377594e-08,9.09719654772378,603.5310157916368,5.864643816975354e-06,2.9053995562796007e-06,0.29819026469625665,1373.795969043364,0.016881019621932034,716.2180286095681
721,0.6957904736897603,96.73766199763176,0.3003743609726357,96.11340124417276,0.3238863924863702,1981.433762425607,1963.200397107996,18.23336531761032,0.2505417916932039,0.1320875415796568,1.2986583538458087,9.850582588983685e-07,9.667693934631077e-07,1.828886543526049e-08,0.00010828643530322759,0.00010822446523754895,6.197006431965496e-08,10.073014327104683,538.5949625555673,7.256141939042157e-06,2.9723240353812164e-06,0.34402502236531396,1343.5401085878764,0.020596552296499045,-1003.7357727600465
722,0.6185554817150619,100.8002278884825,0.33519175329902856,100.13179126032854,0.3332448748549372,1870.2617529724148,1852.2574676492513,18.004285323164638,0.091066818852607,0.10385012067896583,0.9306790465588034,-7.122654595444064e-07,-7.333905820484168e-07,2.1125122504010267e-08,-8.802455297088642e-05,-8.808448045260673e-05,5.992748047419633e-08,15.020021466797091,56.835243132976764,7.931846556886673e-06,3.1962801321925176e-06,0.26204540262647696,1406.56596502194,0.019131389445116935,-4884.339051093513
723,0.5901063897658257,77.8327074853416,0.2424148393705053,77.38706655851105,0.20322608746006626,1384.0465659793838,1364.0957889792026,19.950777000183738,0.1114445071626981,0.09563885085308545,0.9538502586296421,2.0445535299809384e-06,2.0302584664144695e-06,1.4295063566469129e-08,0.00023601113680870163,0.00023595370271290686,5.743409460257828e-08,48.015130870353474,632.6371623455983,6.79864355404001e-06,3.4018559881821193e-06,0.25769724318611587,1070.240806661738,0.018343242983899652,2654.18691266299
724,0.6220020658919017,101.09084547177649,0.35761905696538454,100.45811252530422,0.2751138895068678,1771.3554909240304,1750.9054892812057,20.450001642824947,1.0094020600434874,0.11587445015436873,1.0782006585110206,-6.759393565556023e-07,-6.898167736264552e-07,1.3877417070852989e-08,-8.747277304836731e-05,-8.753199126985141e-05,5.921822014926255e-08,23.10549111849682,304.4996849146647,7.860189146953875e-06,3.0604433391488382e-06,0.2982688128609508,1421.7138284891562,0.018201157617241583,1663.624691964138
725,0.62184107444339,79.0004729058,0.2442617561992807,78.5574705791407,0.1987405704600226,1647.4949711131812,1625.3568707829158,22.138100330264432,0.10284877211482935,0.10380585357353309,1.030584832979497,-7.961654963870827e-07,-8.090944168749662e-07,1.2928920487883816e-08,-9.736733440179012e-05,-9.7421318673268e-05,5.398427010245356e-08,10.635700672929751,366.7966047228614,6.590685118577918e-06,2.7206750326816287e-06,0.2747411907916159,1111.4436093820104,0.01970348129752725,-521.5213896385794
726,0.6350774180505492,97.66941599845646,0.3031678580331287,97.15034490144629,0.21590323897703323,1453.248941832811,1434.535179921404,18.713761911404983,0.1724940625434168,0.1118077962918881,1.0994751600272283,-2.0493058470771233e-07,-2.2142054922127027e-07,1.6489964513557974e-08,-3.2360077357874496e-05,-3.241779436440591e-05,5.77170056345835e-08,9.317420291647403,629.1133362531115,6.565154846570438e-06,3.707107022973734e-06,0.2856377011985196,1358.9105642118889,0.018617447102928803,251.5389076687061
727,0.6932906841339859,108.44441830878023,0.32154380559414475,107.78737519617074,0.33549930701535946,1304.3935546264167,1280.045861075701,24.34769355071654,0.11090296443699002,0.12058998300365265,1.1511861604695819,7.540319908655494e-07,7.39368968048583e-07,1.4663022816966309e-08,8.328779346863965e-05,8.322929936844644e-05,5.849409904460623e-08,10.987503870325309,604.7973316888402,7.985115277045726e-06,3.110555218005971e-06,0.3066358853016901,1570.3260173235565,0.018668999913470066,-153.12662171578995
728,0.6681176823198532,105.67950039666597,0.28342277444200503,105.08302081332496,0.31305680889903176,1422.827497260731,1403.585933675676,19.241563585054166,0.22367359754099878,0.11194902351571602,1.05877810121995,-7.692904867423651e-07,-7.863736824874736e-07,1.708319574510858e-08,-9.131381498982043e-05,-9.137566128599628e-05,6.184629493683437e-08,24.180465804555237,530.853433797731,6.7707062023523145e-06,3.871376586393082e-06,0.2855896978713865,1508.6624570220547,0.01988785912588254,1757.957165247084
729,0.6205144811916005,83.87730618099624,0.2549598492047301,83.25708774802072,0.3652585837707803,1408.3089010935778,1392.9413229915633,15.367578102015766,0.12276869542254686,0.097364389620244,0.9363421716834727,8.45139283083796e-08,6.946512582968841e-08,1.5048802478691122e-08,1.3218479155795857e-06,1.2637346272511105e-06,5.811328724779579e-08,5.908718037461379,351.87458107954706,6.4109924776929515e-06,3.282098949247537e-06,0.2580591658103718,1184.380432911845,0.018716911605869708,972.2672695453148
730,0.6529907390359996,100.05204576906965,0.27464478861957176,99.53976425626135,0.23763672418873835,1438.0426114023944,1419.417552617304,18.62505878509009,0.09759247614469908,0.1146037464225567,1.0926388472912012,-8.456617027714444e-07,-8.62643566009405e-07,1.6981863237960753e-08,-0.00010517388761882072,-0.0001052352539155655,6.136629505487308e-08,9.541576902941411,664.446564306627,7.689780463927698e-06,3.7105761907384644e-06,0.2985283865611107,1348.6336393843999,0.019506823470106682,-625.7566101744451
731,0.6391656982276226,98.7347652938624,0.3573144837925112,98.03673918846965,0.3407116216002224,1561.1252723577775,1544.0061105019358,17.119161855841543,0.2562329598916602,0.1164020440668959,1.127637152623921,3.558213449227444e-07,3.4130177001688564e-07,1.4519574905858769e-08,3.5488335097426474e-05,3.543162794202347e-05,5.670715420956582e-08,27.67632225194017,284.4314485939849,6.725379745518551e-06,2.608422300760298e-06,0.29544798343567985,1355.1418954605435,0.018753877032162827,-572.2175575694455
732,0.6879596816046994,110.5459159050555,0.28819362705292734,109.90694584040989,0.350776437592685,1744.0222529464634,1722.4717668730282,21.550486073433007,0.1426184795693591,0.13953854788160144,1.3031262663874736,-1.0678320050797752e-06,-1.0852996196059996e-06,1.746761452622424e-08,-0.00012926134237746474,-0.00012932487287101746,6.353049245848025e-08,13.883497539059993,469.36038707268153,8.453046477574233e-06,5.150513438985967e-06,0.34364839845797573,1535.9076589865263,0.01995556407487386,1602.2376594421294
733,0.6629041795997639,115.72607537774725,0.31374790025798055,115.05166225732165,0.3606652201676085,1479.3412108799373,1457.3463416429859,21.99486923695137,0.11607157945093526,0.12518560769852347,1.1188597026331097,1.9619514517937446e-06,1.941702066950979e-06,2.0249384842764866e-08,0.00022812112940057776,0.00022805663050390687,6.449889525002606e-08,10.412724470650558,567.0326237839357,7.4950123089956885e-06,2.998172909324233e-06,0.31154565534532885,1594.9746922537279,0.0191513247535572,-787.8942205642124
734,0.6499902310868537,89.446463562462,0.268862812333136,88.98389402263948,0.19370672748937448,1791.0024227545393,1773.3962183793599,17.60620437517973,0.1067805014650529,0.10009637451372247,0.9815472575775327,-2.5761090703556373e-07,-2.730273027476228e-07,1.5416395712058923e-08,-3.5700036123307796e-05,-3.575381649718752e-05,5.378037275686803e-08,7.529720758378437,428.8302635062931,6.52484631639297e-06,2.5947885342108496e-06,0.2685580597721063,1252.1225654112234,0.018507031524099726,2502.4990740457324
735,0.6028902100839026,86.99345662627819,0.27341280022040215,86.50785524289022,0.2121885831675739,1467.025891308581,1449.8854809693128,17.14041033926885,0.08142497861833048,0.10460898627677073,1.0348309597304823,-2.1601656301876145e-06,-2.1725865311253652e-06,1.2420900937750368e-08,-0.0002573905806783539,-0.00025744366009986235,5.307942010354452e-08,15.88754381361409,142.21834688833678,6.681755329019246e-06,2.6826557831871464e-06,0.276744170590725,1192.063089778881,0.01857340226075054,2016.170417356654
736,0.5641098167738882,72.40749493569325,0.2901325733510643,71.86146067161674,0.25590169072545843,1471.2328434724147,1452.586328066969,18.646515405447047,0.23501206345055384,0.0901601814502841,0.9035215117253135,-1.5053251085412774e-06,-1.5186518683014748e-06,1.3326759760197146e-08,-0.0001877838395602439,-0.00018783493113919193,5.1091577431408325e-08,6.614677322322874,399.7281369741954,6.0664233602327055e-06,2.595843976719093e-06,0.24649146289957555,1013.4216811077091,0.01815910370539535,-261.73002907117916
737,0.6218068671014185,82.52584998711113,0.23909560354455234,82.0440445025743,0.24270988099229676,1485.2789348680403,1470.464191224184,14.814743643857566,0.09290648041282806,0.0984413828189751,1.0030831566425238,4.436158403077383e-07,4.298180825416657e-07,1.3797757766072618e-08,4.7171432094548584e-05,4.7116224428026884e-05,5.520766529715586e-08,12.743457688586034,148.3622392662508,5.519445035651666e-06,2.7973843979349102e-06,0.271850132129122,1127.6687325227522,0.01897756694090447,521.6121421944626
738,0.6506561728474443,116.37036814027775,0.33733535805688214,115.67639843928032,0.3566343429405496,1943.4547649601507,1912.0092207051187,31.445544255032374,0.1600429624520696,0.11616439247791728,1.0716958268267975,-1.0630492043071327e-06,-1.0791467925876228e-06,1.6097588280489988e-08,-0.00013682471108558144,-0.0001368858337942225,6.112270728797877e-08,12.208825714572475,603.5797267398669,8.904050265777263e-06,4.3435729386261785e-06,0.29373395935983493,1677.797853077324,0.020136930479274864,-845.5557756385388
739,0.7082400878437881,110.53765209909868,0.30530088945466544,109.9758065749289,0.2565446347151256,1489.8322181060578,1470.021874452871,19.810343653186628,0.14366956260336924,0.12427544607659834,1.1727904289404305,-1.8995299635448685e-06,-1.9160099229602264e-06,1.647995941535811e-08,-0.0002328184302195391,-0.0002328759534707779,5.7523250304102753e-08,8.156636717548949,845.9458075397998,8.875733444886236e-06,3.770702887946837e-06,0.31624480063301874,1568.594390198334,0.017566908759185745,-1446.143158961906
740,0.685917042175502,107.06078268741226,0.31355700431339767,106.40643896724333,0.34078671585553644,1512.4201263763794,1491.15502999981,21.26509637656948,0.23536022788513394,0.12981515884366823,1.2198456020966624,9.907541103789152e-08,8.333863258066608e-08,1.5736778457225413e-08,9.027356557463361e-06,8.9710556477035e-06,5.6300908512351085e-08,39.61127641674041,648.3005017114883,8.3668153079433e-06,5.768937361727481e-06,0.3071112063768589,1560.7446729315625,0.01968541593843281,761.0182093159565
741,0.6057754253599534,87.46328357952383,0.256799211935209,86.8958294976379,0.3106548699507223,1455.393295683628,1437.2950741917539,18.09822149187529,0.12627732089099145,0.1003202838254845,1.008607827085652,-8.070188393980421e-07,-8.253483099416011e-07,1.8329470543558723e-08,-9.949582382975766e-05,-9.95531817509727e-05,5.735791976360205e-08,9.982070674061815,439.48740861603403,5.529341345536891e-06,3.4883070932000793e-06,0.2738500067756673,1194.1298503879107,0.018458963739553764,460.3478818894182
742,0.6691268974250085,92.00405379161101,0.2609450964894273,91.43161643863284,0.31149225648873635,1612.0565230588809,1594.125177224574,17.931345834307795,0.0868780314294977,0.11063523726653779,1.1103470473009467,-2.0996177097073483e-06,-2.1163349071284247e-06,1.671719742107555e-08,-0.00025869610468217996,-0.0002587572606130249,6.115592979920662e-08,6.990068079179721,596.8333212709156,7.923821139424823e-06,2.5877188326564314e-06,0.2965371647370248,1233.9562650295152,0.019793439096622654,-576.1659861932021
743,0.6191954114375681,96.56096039178055,0.36509614652940586,95.93044406359836,0.26542018165277265,1410.2661616453163,1388.4915769576962,21.77458468761944,0.40452249686703384,0.11023841582304722,1.0353341230934971,7.851692526172762e-07,7.709227175647805e-07,1.4246535052495635e-08,8.602010583952437e-05,8.59631215502085e-05,5.69842870318913e-08,8.172704366229372,424.4418431553441,6.19876895781128e-06,2.866991947188903e-06,0.28485392637911294,1354.13853432482,0.019326218978652745,-52.12401392078391
744,0.6137524722767296,84.27994352606308,0.2640191342034014,83.8208541010562,0.19507029080347557,1158.0651427453124,1142.1850929062464,15.88004983906714,0.13245570990090946,0.1039716481454773,0.9980026552359892,8.014120889002773e-07,7.886943617382502e-07,1.2717727162027145e-08,9.007525982849944e-05,9.002498748549992e-05,5.027234144455732e-08,16.4256658721644,380.49602168124443,7.179313044848057e-06,3.2415894963591704e-06,0.27267140063273787,1179.1293870390516,0.01755092805960224,-124.98877572715719
745,0.5799381870546408,68.05736089039934,0.18763826933367014,67.58721716647382,0.2825054545918195,1172.891942516119,1153.5950651183218,19.296877397799815,0.08178701027716283,0.08621938608077773,0.88131875513541,9.375523277162965e-09,-3.437626519632055e-09,1.2813149796795014e-08,-3.341825603524393e-06,-3.3907021319659485e-06,4.887652716848805e-08,12.154586612265238,563.1886729230595,4.882720800825867e-06,2.4409880196601697e-06,0.24757373198881008,941.8371443137478,0.019545165948708143,-91.8267719060641
746,0.6066728133379391,92.48528548869008,0.28027115776551287,91.97305756584035,0.2319567650842215,1397.5596608467167,1379.2115296222287,18.348131224489357,0.13091971012991108,0.11218816295166736,1.086153006311423,-3.7349703620492914e-07,-3.9041378336324243e-07,1.6916747158313277e-08,-4.98099352919096e-05,-4.986671704477997e-05,5.6781751730658186e-08,15.260148539147707,457.6640594785229,6.9471405733389585e-06,3.571824960104931e-06,0.2897797172820329,1310.6706804919813,0.017556160833871067,-127.61198980970585
747,0.6108293653687367,95.1058962393852,0.3166488710154608,94.53604027231803,0.253207096051716,1240.862021702745,1220.2812868866408,20.580734816105014,0.13503643176572705,0.11465112095363118,1.1093523144135145,-1.0416508363925952e-06,-1.0598554752189764e-06,1.820463882638078e-08,-0.0001300374358860671,-0.0001300921269961395,5.4691108792865956e-08,5.147909910752231,-217.59372491424392,7.806877402040966e-06,2.6269066923290904e-06,0.3058440531127533,1294.0823603354074,0.01800703471880424,-736.50812856013
748,0.6161154670166552,70.45221675234863,0.1809762166651598,70.06055252679786,0.21068800888561914,1381.529981593676,1364.3965098351716,17.13347175850698,0.0737497892073076,0.09859553546645616,1.0591793435527594,-6.95221932898268e-07,-7.113305407706021e-07,1.6108607872334085e-08,-9.010047956689137e-05,-9.015320157868845e-05,5.2722010406700915e-08,4.49758079048244,538.0214886607743,5.991187965860628e-06,2.688090620638833e-06,0.27871234894636476,967.0091468660336,0.019174539684816038,70.22207215748858
749,0.5566266005834437,71.45026457989005,0.18853668869022788,71.04804543286355,0.21368245833627758,1600.2967165779503,1582.7299106157366,17.566805962211767,0.1691491085281832,0.0889215352095288,0.9324028487504268,1.6847627317038572e-06,1.6716899737541183e-06,1.3072757949739108e-08,0.0001954254058508269,0.0001953734069729831,5.1998876687934234e-08,14.138768371831448,474.081756332339,5.719642723859061e-06,5.070623184118543e-06,0.24767621083338787,986.859932057651,0.020143085403037594,-640.1212210432968
750,0.6163130011306842,88.28277005512106,0.24774164388171888,87.7723214910607,0.26270692017864467,1589.1727265820834,1569.1599395475605,20.012787034525815,0.3260526640290815,0.10669779031499199,1.0220224995544547,6.185243312046445e-07,5.997318538465783e-07,1.8792477358066288e-08,6.707326303042319e-05,6.701881097842531e-05,5.445205041052984e-08,20.42781692522885,281.5420626775812,6.079960362150933e-06,3.3025038388738613e-06,0.28080186199686724,1248.8348557362876,0.01843871301194079,-930.0108875809929
751,0.6227772148117314,99.48613372845526,0.33271581481545365,98.79880041345196,0.35461750018782884,1435.2728580919472,1408.6841716881388,26.588686403808897,0.5567391803472018,0.12091079367807067,1.110438055052576,-5.993386484510331e-07,-6.170759875443163e-07,1.7737339093283025e-08,-7.902785600406176e-05,-7.908784608252901e-05,5.999007770438121e-08,9.577092399274587,538.6194448984279,7.391637358031476e-06,2.602657678612922e-06,0.30372218887659486,1370.1847369142042,0.017672454912538445,-2805.2531693900855
752,0.5818865207914126,74.34521827281456,0.20454202175640263,73.91974894175786,0.22092730930029336,1442.7057304094162,1424.1624963698835,18.543234039533687,0.10738554274062723,0.09843839644183795,0.9798455622406234,-1.0577332199849119e-06,-1.0714960458325415e-06,1.3762825847629041e-08,-0.00012881564839810258,-0.00012886696766376246,5.131926437389402e-08,8.544006851436869,502.86756048757275,5.811498696887087e-06,3.365355292387516e-06,0.26729289998723427,1020.9637287783326,0.020446935864586666,-189.52997713687728
753,0.5818495167523035,72.10311934955656,0.22074215880588088,71.72489244371825,0.15748474703244,1528.7720624645483,1511.2017246964563,17.570337768093108,0.11061683371220293,0.10020943729463054,1.0103346626653091,1.2136265723399882e-06,1.1967983055896105e-06,1.6828266750377626e-08,0.00013635817826924875,0.00013631172219511674,4.645607243502244e-08,13.270605766726401,485.13485828984534,5.00249340761244e-06,3.5493107109831585e-06,0.2770381654828392,990.1412479188064,0.017962546702579706,2480.6752361167564
754,0.5575848810229822,80.1247439864527,0.21772951536374355,79.66611335341418,0.24090111767477468,1312.472356754066,1289.0842157381578,23.388141015910193,0.0904977738814127,0.08657568677792712,0.8596366209195265,-2.210147897788387e-06,-2.2219472895909696e-06,1.1799391802581458e-08,-0.0002667708719893113,-0.0002668243048676353,5.3432877691850446e-08,10.325702401187758,479.27764997234766,6.6880176454715844e-06,2.664928115751683e-06,0.23313703533988528,1116.5618532645678,0.01809837338640452,435.00546748369743
755,0.6908816585787086,118.74295782584656,0.3570895428547036,118.03838453515526,0.3474837478365915,1430.160721279839,1406.9725819676376,23.188139312200327,0.146337323618852,0.12387711969643267,1.1636102542810347,1.2494635218493568e-06,1.2334789218273272e-06,1.59846000220297e-08,0.00013576631852797372,0.0001356998072396376,6.651128696844326e-08,79.01889550817236,619.5164697415468,8.334723932415274e-06,3.180201711776748e-06,0.3102073833404136,1658.8916724820006,0.01804990332228857,113.38748503015086
756,0.6196128204364572,91.34982317881538,0.29908888561254193,90.84290022206937,0.207834071133479,1558.9165920651483,1542.0071595409636,16.909432524186457,0.12414223773335999,0.1208644161481352,1.1521704236206582,6.734530853441691e-07,6.56424036113301e-07,1.702904923086806e-08,7.600955858735993e-05,7.595467820706097e-05,5.4880379111290287e-08,15.146678516203885,462.12757186101857,6.587463712582338e-06,2.4747063473438806e-06,0.3221685879469549,1245.9000288407815,0.01809716162986906,-480.306463955425
757,0.6557864358355852,100.57192527490037,0.30697019489363175,100.00570588687454,0.2592491931321852,1433.148607901064,1416.1246891979695,17.02391870309513,0.21630094331871652,0.11115273849235854,1.0549768251413805,-7.518047571534574e-07,-7.693972875537632e-07,1.7592530400305756e-08,-9.7052934494226e-05,-9.711697098689448e-05,6.403649160926274e-08,8.085440103346064,182.09799913592204,7.676789484328737e-06,2.9483659098118094e-06,0.29863055346855844,1422.212254519743,0.01906489860789599,403.5799079775388
758,0.6102650197005932,83.87314160460527,0.21295095724884425,83.44631451294568,0.21387613441071807,1389.830035582844,1373.776345274004,16.053690308838654,0.12683496409903922,0.09489015359234569,0.9055591955735407,1.418921678032449e-06,1.4074085496821252e-06,1.1513128350324075e-08,0.0001639382287953669,0.00016388450136215946,5.3727432254564986e-08,22.70811230462445,525.1595276262773,6.592001472247527e-06,2.561645702816667e-06,0.24845211878285256,1172.1484576972236,0.018167028252454642,2103.1364201322103
759,0.5535347701568623,69.66218370844992,0.18764775930116584,69.2725548809676,0.2019810681811488,1258.5613287007309,1243.41398007781,15.147348622919646,0.11962691598632945,0.07910014327757592,0.7662498244590594,7.627853154609238e-07,7.507615448758642e-07,1.2023770585059532e-08,8.752643144532427e-05,8.747537003725641e-05,5.1061407076187434e-08,2.970188938949834,40.26741983019008,6.4996372529129885e-06,2.6664090769653138e-06,0.22536852431977017,953.9975887165056,0.016724731670839342,-2101.9199408138993
760,0.6841391004125073,128.94841078501804,0.45707774678695495,128.34353092857035,0.1478021096607411,1608.8987867664264,1585.6863560797021,23.212430686727114,0.14340693325556889,0.13419207636133743,1.184244827638339,1.3975561822736512e-07,1.237814522890807e-07,1.5974165938284446e-08,1.1613661411433075e-05,1.155116560306206e-05,6.249580709482827e-08,12.414265354474674,480.42273714572025,7.831365417861285e-06,3.2809614411984812e-06,0.3261775781898112,1780.264635558125,0.01818422651920763,-435.82962513367966
761,0.611026283697162,81.09626475163329,0.22169874590828495,80.7386652619105,0.13590074381452194,1859.5444703202722,1839.867462666774,19.67700765349879,0.09482432319935279,0.10615904873818871,1.044887530908642,7.362084719736707e-07,7.206415530299897e-07,1.5566918943681048e-08,8.473010193955299e-05,8.467714059255275e-05,5.2961345821494376e-08,7.323849299911313,619.8147618614871,6.390006182574018e-06,2.6831005748781715e-06,0.28813297158918966,1135.2923352607681,0.021228959418727072,-1445.4192537257404
762,0.6622582715447664,108.08986583346466,0.3202479306026998,107.41331311382933,0.35630478903261775,1514.6008434320586,1494.9397625616268,19.661080870431945,0.26829918380447415,0.11967646197605915,1.1575384925239773,-6.255493815653498e-07,-6.42044528615513e-07,1.6495147050163068e-08,-7.98691458641891e-05,-7.993341128048343e-05,6.426541490402088e-08,10.264195189048714,264.1531418679884,8.739467892194648e-06,2.765317627529605e-06,0.30514523944966176,1575.1394868273176,0.0193237621153488,508.10061833821965
763,0.676384071589922,113.03391855885823,0.3702080585852332,112.29645356185448,0.36725693841852736,1670.6402804692357,1650.1484463849702,20.491834084267765,0.14871690539486856,0.12387366041500042,1.0702024972204796,1.1970127076571567e-06,1.1777477382955462e-06,1.926496936161035e-08,0.0001353304588057727,0.00013526792230973697,6.253649479188988e-08,37.96100758957627,755.4768495180309,1.1114669173595773e-05,5.293482613383882e-06,0.30514873675223775,1592.4287115681677,0.01920396541201294,727.4455279769645
764,0.6013507704858905,83.80301435269875,0.25363986222616214,83.30191702605552,0.2474574644170581,1401.351868664058,1382.1733457598418,19.178522904217115,0.10477773347819556,0.0957878036749289,0.9148764644700114,-6.307031404461136e-07,-6.454207698685567e-07,1.4717629422442862e-08,-8.373624830068645e-05,-8.378713650233388e-05,5.0888200453879226e-08,15.421000586617136,803.5153884766078,6.333939205014624e-06,2.5784897966174106e-06,0.2580188780236351,1164.9450814464458,0.018198672172795253,649.4638499949251
765,0.593529756740693,84.94933414661035,0.23971693331776317,84.49705979985868,0.21255741343389647,1489.5440917836938,1465.8212142597947,23.722877523899186,0.09332448843174304,0.0944970811898387,0.9179946826444323,1.3948649985868023e-06,1.3787118441209783e-06,1.6153154465823994e-08,0.00016477582781528115,0.00016472254338732286,5.3284426938210405e-08,4.092511412879485,193.5193443735648,6.693074078197606e-06,2.796807669195656e-06,0.2567969618535738,1163.7341532488178,0.018236695407502296,658.7816220622663
766,0.6418137329291488,81.6205304717233,0.2435283258340536,81.0643493840722,0.3126527618170188,1516.579483065048,1496.971729870539,19.60775319451282,0.1444401806953639,0.10448767202826735,1.0264569952084202,1.3489711247708876e-06,1.3343606351317453e-06,1.4610489639142313e-08,0.00015923138263361695,0.00015918174890633866,4.963372587843057e-08,8.58952974328994,684.0719007918631,6.459752046080719e-06,3.470055459049183e-06,0.2844093581019594,1114.121317219254,0.020034367278498215,172.30554844476865
767,0.5800253553729073,85.81134060938354,0.2670692055170791,85.38656078872131,0.15771061514512777,1413.698218030008,1390.6149609767506,23.083257053258592,0.1133026704471888,0.09697739636936806,0.9396795606611481,-5.199232231096302e-07,-5.334118533715158e-07,1.3488630261885616e-08,-6.845664868844036e-05,-6.851176871162222e-05,5.512002143481588e-08,38.1945816930179,436.8752182629992,6.220159414095311e-06,2.5982443192345704e-06,0.26124341825143754,1217.6630184211758,0.01852647643026514,341.4741062242392
768,0.6198367592008835,87.77150056161466,0.2614969680773619,87.20614765756969,0.3038559359676043,1388.903243885431,1371.1188623298997,17.784381555531493,0.10872466224778493,0.10457674594864955,1.0150454741578936,2.3878207177276584e-06,2.3719980630126112e-06,1.5822654715047785e-08,0.0002772994006266851,0.0002772431249048597,5.627572062175404e-08,9.31411308331379,-51.38616583910971,6.964648691586712e-06,3.024706060022614e-06,0.28340150346103676,1195.9576962662584,0.019476072149468372,717.1306103572169
769,0.6163763775734284,90.93692849555349,0.2782393280448341,90.42362135951156,0.23506780799708565,1744.9793859905324,1725.7987340406314,19.1806519498996,0.06388351004774351,0.1092516045421592,1.0681139108419395,2.2216757203338537e-06,2.207362398477509e-06,1.4313321856344058e-08,0.0002591242616521919,0.0002590676648922093,5.659675917089292e-08,8.466594736010379,6.787607026274793,6.711085420987231e-06,2.4043637972574003e-06,0.28785040478588914,1248.6409706227362,0.018951498240407545,515.3194733454184
770,0.5954233642650383,90.97637084288871,0.22422727078734384,90.6502305344845,0.10191303761685296,1271.2019922704849,1248.0775708164372,23.12442145404762,0.06998270204364106,0.10678542393910875,1.0130739512751978,-3.391072329124261e-08,-4.7050322695261734e-08,1.3139599404019137e-08,-6.84419588787097e-06,-6.902549457712472e-06,5.8353568568063125e-08,7.662110442131913,653.6714166787283,6.8496288963823475e-06,3.4311789049527854e-06,0.2806559183654933,1275.4430144972598,0.017192753657064512,342.5235689019064
771,0.6077158409333231,80.7880420710994,0.2643160273573928,80.25923435689404,0.2644916868479632,1706.9493749719531,1688.4843349657374,18.465040006214718,0.13306796537978588,0.09522627903686555,0.9679933712507256,3.239781977432169e-07,3.0778299684122297e-07,1.6195200901993846e-08,3.299305855141968e-05,3.294085019567669e-05,5.2208354118318526e-08,6.56237636910161,357.1721271610429,7.628463588577033e-06,2.9200059513738914e-06,0.2615260644489535,1083.0553874927564,0.018526683441144182,619.657962897003
772,0.6742984827897697,95.13582940492202,0.27006510842883424,94.56429262758301,0.30147166891018023,1792.05990093224,1778.151353432259,13.908547499980454,0.13450316704570797,0.12472990493761349,1.1950068948061476,1.8728895768420935e-06,1.8591365597365496e-06,1.37530171055436e-08,0.0002170452129157623,0.0002169919964607404,5.3216453546769615e-08,26.258390742177877,319.6318631707435,6.724243162016701e-06,3.7902199088082163e-06,0.3261632555593429,1301.3018380831018,0.019223046586806458,2177.9034202289076
773,0.5556821892084293,74.71517255742057,0.2278677539951542,74.21327335206266,0.27403145136278284,1159.8630545498656,1143.536264260101,16.32679028976523,0.10318218831908146,0.0807579778235411,0.7758756297964057,1.4345181528715789e-06,1.4207427667329475e-06,1.3775386138631048e-08,0.00016325809157212803,0.00016320317979660418,5.491177407996719e-08,11.551805391394385,422.5567690112323,5.776148228180808e-06,2.838399999946127e-06,0.2259629113644178,1048.0458623557565,0.017009205443831464,-937.0739698796351
774,0.6738113657092852,102.86428201321552,0.3780332675307505,102.20169047870598,0.2845582669787581,1603.810418241256,1582.3816352235824,21.428783017673023,0.15711912235846762,0.12788663276696577,1.2040999974567657,-4.1766602550566256e-07,-4.319658789748345e-07,1.4299853469171814e-08,-5.282856931536282e-05,-5.2888813199155345e-05,6.024388258554849e-08,8.935715981517538,443.2402909232626,7.336027062661357e-06,3.4252757092679834e-06,0.31599444382557146,1470.2573881582643,0.01891040317511923,516.1128816361161
775,0.6072622315736221,85.93946683965056,0.2329510315880915,85.53462824116806,0.17188756689441814,1308.7767933212672,1291.1982154869918,17.578577834276818,0.09239605846560014,0.10537399328399968,0.9776141432316829,-1.297291577413218e-06,-1.3131650100057557e-06,1.587343259253767e-08,-0.00015564642823717088,-0.00015570197036128726,5.554212266650509e-08,19.414451956829897,484.86364587517966,5.854007590567544e-06,2.964281038414477e-06,0.2759645433513393,1269.504073164015,0.018864594669839946,200.62161334361372
776,0.5791132043069156,80.21478563342254,0.23809663195802827,79.64697933389711,0.32970966756739994,1195.7108979380193,1171.8742070278536,23.836690910167476,0.12119924292067298,0.09975505285434863,0.9717912526855266,1.2902119353406459e-06,1.2748366790343013e-06,1.5375256306344284e-08,0.00014483714573985517,0.00014478289671011058,5.424902866239696e-08,8.07597290331314,221.39355703600359,6.237714887847661e-06,3.2481159442237993e-06,0.2669113436701445,1075.1853476918548,0.017391388806270485,-1260.6617725706928
777,0.5364370744837385,78.17283883527212,0.20579251435246226,77.62339517001547,0.3436511509042094,1747.4053441020474,1733.2758282683358,14.129515833711228,0.10180886501327863,0.09295756853314258,0.9264620622524838,-6.339805807376153e-07,-6.477220187832323e-07,1.3741438045616906e-08,-7.858813062360034e-05,-7.864015366404601e-05,5.202303866085963e-08,6.726559157812523,677.3348403608483,6.434242208710212e-06,2.344934273607093e-06,0.2503798329161459,1075.8632867002166,0.019145160226672703,-939.3139790403184
778,0.6877712225556716,95.35623020690822,0.305051721828506,94.76645832540618,0.2847201596735216,1475.469069338222,1453.8873518449846,21.581717493236447,0.1995830858725469,0.12091637914577731,1.1219084265802763,-9.891203239533442e-07,-1.0054712850963028e-06,1.635096114295861e-08,-0.00012238706154515328,-0.00012244034305918336,5.3281512574522235e-08,9.496582582239721,534.7411525279786,7.285069718823217e-06,2.80311331184659e-06,0.31523019378617717,1328.8626492912838,0.019002275328059405,2124.745843690973
779,0.6098627127016722,84.43797840028219,0.24326102659355517,83.90656554501943,0.28815182866919026,1781.0852784914414,1762.1332217011777,18.952056790264347,0.09814509093244635,0.10902474577464036,1.0963955476869611,5.948025280674907e-07,5.799805423803889e-07,1.4821985687101965e-08,6.990070867172215e-05,6.984582550610188e-05,5.488316428935752e-08,6.616359349243814,580.8373629736753,5.634779342577666e-06,2.9028273571734834e-06,0.2878008350845475,1162.7636940281684,0.021137430788054332,1323.1233869516363
780,0.5760009690977894,67.80951603746556,0.1973651298147205,67.42216119189236,0.1899897157584766,1155.5091616358634,1137.6766637140981,17.83249792176787,0.19451840948321614,0.08756568787257353,0.9160760369265865,-6.00673185046426e-08,-7.364948943069349e-08,1.3582170926050939e-08,-9.045328687962389e-06,-9.093917706059483e-06,4.858901722307931e-08,5.223030045750872,177.25090124589903,5.049531746826877e-06,2.222916995503907e-06,0.2455009188684153,944.1961200192785,0.018016434565658095,-432.7826996917029
781,0.6040811515225405,74.68125839250888,0.22509662152489884,74.27395390041417,0.18220787056986643,1635.7348805651663,1616.2390196304548,19.49586093471405,0.07549735821935,0.0900462112193742,0.9111000951838396,4.5437066717293116e-08,3.06133130894425e-08,1.4823753627850647e-08,-1.5778751736674234e-06,-1.6333211749516591e-06,5.5445999301454455e-08,26.037069625773242,340.56945699724054,5.942111041634724e-06,3.3163758425896607e-06,0.25729995290862046,1037.231297221458,0.02041167633728764,736.6459956808067
782,0.5785320244536909,74.69160170881135,0.1992770404568485,74.2563488339867,0.23597583436778707,1374.8083111292583,1360.0568973194308,14.751413809828954,0.10495643533889824,0.10501790013039279,1.0726569331876474,-1.5210643525408358e-06,-1.5357760356955671e-06,1.4711683154731325e-08,-0.0001849931839971368,-0.00018504668047594755,5.349647743735696e-08,10.794543215637646,399.24641900423154,6.9964892371954305e-06,2.729895609008804e-06,0.2841707939416433,1067.8764892203449,0.018529178397373322,-455.8557388679292
783,0.5374720041750927,66.94375154393205,0.15526228159058061,66.7124180171793,0.07607124516216521,1384.5158959707078,1366.735451651304,17.78044431940466,0.11068917510938796,0.09090101391565363,0.9084621662812702,1.0903021792271797e-06,1.0764310376244003e-06,1.3871141602779588e-08,0.00012658487962918124,0.00012652920741784292,5.567221003364937e-08,7.3269435872254,736.1924385668174,5.030268273798825e-06,2.669366026948836e-06,0.25699648315476664,954.0978623395738,0.01759570961641143,900.9810763281639
784,0.7090198079980938,117.0806367698618,0.4158893177382657,116.18972780957534,0.4750196425481851,1401.459519355442,1374.3573358641834,27.102183491259964,0.31759586599284856,0.12966818615995437,1.1878392498430803,-1.1198197270950317e-06,-1.135786175462345e-06,1.5966448367313504e-08,-0.00013794240116733682,-0.00013800236640013115,5.996523170561779e-08,33.81661905981036,642.9022867815938,9.239838793046365e-06,2.8732537642014605e-06,0.3277508565391706,1597.6642807684605,0.01893418833083522,1027.719350220712
785,0.5598343293389776,76.31498179033517,0.2010043261193108,75.87701921190805,0.23695825230779663,1090.3717839335266,1073.7364794924122,16.635304441114716,0.09098120798028937,0.09578295951133932,0.9282735307959981,-2.1159266320350282e-07,-2.273722586334202e-07,1.5779595429917458e-08,-2.7968634601389576e-05,-2.8020999056948033e-05,5.236445423348358e-08,8.55616624792804,619.7216497409547,6.43131285635833e-06,3.1438563940803043e-06,0.2532203800041011,1023.9024709507414,0.017344064295198486,-928.700462429566
786,0.6770330820894979,103.23328715437195,0.36493289554809805,102.40249627884934,0.46585797997451506,1330.9301566907104,1308.7333431102008,22.196813580510742,0.08314040274503916,0.12674506061054916,1.1908797407515859,-9.000278660279745e-07,-9.144831842697461e-07,1.4455318241771818e-08,-0.00010994769340307501,-0.00011000464409367835,5.6950689083277654e-08,12.32912435836907,555.1726428660827,7.291090433459583e-06,2.8174689559896693e-06,0.32424815284605335,1421.215936060131,0.018692677853771066,-3041.4684320584092
787,0.6733180351238123,112.49895470724557,0.3144849288443226,111.9792991570462,0.2051706213550624,1580.2811702324188,1556.987275956094,23.29389427632691,0.22206073992660413,0.1285324127520583,1.1937893635106922,8.31687237249506e-07,8.155913766272322e-07,1.6095860622274047e-08,9.404226134038299e-05,9.39766592598814e-05,6.560207889630247e-08,19.299100573761596,627.5203742724902,8.084134454743925e-06,3.5664059401777827e-06,0.31929392061964523,1609.5595174691846,0.019406689186809996,287.91670558520855
788,0.6464255576955833,91.32374279773275,0.26652029110094405,90.7113405600238,0.3458819466080005,1647.5728663400475,1628.4233575676458,19.14950877240162,0.11288918560648079,0.10871277477417811,1.061638889677783,1.5571184037528849e-06,1.5389262104443003e-06,1.819219330858479e-08,0.0001749443332389674,0.00017488956839088995,5.476484699626303e-08,11.293950299250733,331.7552155275024,6.609774922140002e-06,4.458879178418858e-06,0.28334555139285017,1256.2186641017831,0.01975819278414804,71.5058769882271
789,0.6238949293330132,105.5488217767878,0.35553315173571143,104.71012864880618,0.4831599762459207,2191.805528158678,2166.3777022634094,25.427825895265745,0.11165498570711258,0.11583981215220171,1.1002912833893752,-8.35832843629265e-07,-8.484699288441099e-07,1.2637085214844836e-08,-0.00010780010414208092,-0.00010785901141636674,5.890727307192938e-08,50.02747766689789,-237.7647390373576,7.889554110778586e-06,4.372394151104711e-06,0.30546005558405004,1456.6279948437088,0.019670670417675343,893.61550072295
790,0.679842170559743,111.34372119707389,0.38496130184775706,110.56680286510404,0.3919570301220723,1380.1044032913132,1358.6060073950118,21.49839589630218,0.10969929264220389,0.1243472139847277,1.1762532473732268,8.636416130795506e-07,8.489898870813667e-07,1.4651725998184089e-08,9.631968446038031e-05,9.62592811222105e-05,6.040333691170237e-08,10.900240097513024,734.8149435491491,8.383934803520124e-06,4.129000492514441e-06,0.31166419421885505,1568.5307225156057,0.01970011941578793,-2086.1896252320075
791,0.5866283986169788,88.31976768348251,0.27082436571029583,87.70836045377625,0.3405828639959402,1607.4689329582775,1589.0411233797595,18.427809578514953,0.1029998955210247,0.09739327599860584,0.9137274500494393,-1.5160236938132322e-07,-1.6766541113746738e-07,1.6063041756144253e-08,-2.300728829596948e-05,-2.3058578711319488e-05,5.129041437422902e-08,14.492376910188373,517.7001890037828,5.8880902688481445e-06,3.43398003091801e-06,0.2502673570895689,1270.4307197645842,0.018893285920920953,314.7614320880384
792,0.6395702522789694,80.5649455530541,0.2277291594110103,80.01248353773232,0.32473285591078105,1498.389082211918,1483.461051922243,14.928030289674304,0.08948143658945147,0.10107288081769857,0.9881613851340945,1.5228930036812635e-06,1.5044325578946184e-06,1.846044578664568e-08,0.00017767098570954786,0.00017761453761317063,5.6448095069099456e-08,5.230960498190572,451.8606454905412,6.824726690468404e-06,3.027422822253502e-06,0.27223637128551087,1101.3742249482414,0.018388574024198683,1475.6160737270948
793,0.600186114650559,83.28765303174393,0.2601567685836712,82.86919864172046,0.15829762143980958,1115.1173485576217,1094.1968353297661,20.920513227853917,0.12222796669208447,0.10346050033843156,1.0434492984275674,-8.793164599549956e-07,-8.935390271751188e-07,1.4222567220123167e-08,-0.00010799040443319294,-0.0001080416583137006,5.125387932928541e-08,7.279678757861314,474.99998868470897,6.842842504826566e-06,3.444057342520606e-06,0.27923562882266384,1112.8518012030765,0.017757693678125384,-918.9849478037177
794,0.5449727663670451,70.41384731390816,0.21734646377812653,70.12542754546422,0.0710733046658116,1288.2961879521251,1266.290179647669,22.00600830445685,0.09917530911464938,0.08964283254151081,0.9034661891888798,-9.477053171704092e-07,-9.613665394643558e-07,1.3661222293947378e-08,-0.0001135633012069488,-0.00011361004575694746,4.674454876222647e-08,11.762326426713727,669.0393359488129,5.6275137733902965e-06,2.256205958685375e-06,0.2508006948204773,960.8928157562087,0.018793618741713196,203.78890800792578
795,0.6356726820035091,85.34591247435013,0.26694967868352315,84.69552778112809,0.3834350145385202,1562.9498344582419,1542.1274766331578,20.82235782508328,0.15316602817238925,0.10262903464211318,0.9787716142555307,-4.565323095537094e-08,-6.246911937249436e-08,1.6815888417123427e-08,-1.2820719004919536e-05,-1.2875456831093661e-05,5.4737824840818525e-08,23.42010568188412,689.8848705402668,6.152304587651997e-06,2.6978752231175877e-06,0.27152435153746934,1198.232062231746,0.018201452579951767,-1126.8405982488948
796,0.6758643444022782,117.68279969550788,0.344538573177112,117.0743016952647,0.26395942706608416,1535.896298844587,1513.1006276902651,22.795671154319773,0.1404803610403751,0.12878773793470608,1.1631297740324602,-1.2320030209207258e-06,-1.2466280631802847e-06,1.4625042259558877e-08,-0.00015233705659839947,-0.00015240263653498604,6.557993543913633e-08,7.254913977402444,640.1483431599711,8.129442633441474e-06,3.8381066718968265e-06,0.31377377936594447,1692.4850856591006,0.01884158413820859,-1193.7573476967227
797,0.643644275949654,85.9536265995859,0.22946727436052142,85.54815281297587,0.17600651224949923,1506.1596329887473,1487.0753180040542,19.08431498469346,0.11694594872342659,0.11238451617109783,1.1502838288830342,-1.8606619892684615e-06,-1.8782929953833756e-06,1.7631006114914038e-08,-0.00022551803886915886,-0.00022557615211693015,5.8113246357225225e-08,3.596306991968642,733.3932868498299,6.3968369275809605e-06,3.6387514584636774e-06,0.30281123713103697,1188.4377664806661,0.019954315065256897,1077.7701777799666
798,0.659249956367435,99.53518373550689,0.3465104144103174,98.94455948704311,0.24411383405347625,1467.0199400546996,1448.3826457322625,18.63729432243898,0.11777876029897472,0.11377131876825787,1.1037668466894124,1.2917585876644165e-06,1.2776255161743601e-06,1.4133071490055899e-08,0.00014770805204150959,0.0001476493575826573,5.8694457981616516e-08,9.718398188576737,153.61740935695295,8.219442413523102e-06,3.864468749597346e-06,0.29893977320282183,1416.9955184720711,0.019063844316530416,-385.4077930878193
799,0.6085727896976644,85.63552478768219,0.2484908652714342,85.13170315773621,0.25533076467455657,1426.3468856897557,1407.0642886270123,19.282597062745722,0.1328189069497155,0.09838956813189369,0.9340633033708242,-1.7009380814258222e-06,-1.713602525075718e-06,1.2664443649895908e-08,-0.0002074770171715834,-0.00020753016939715254,5.315222380633783e-08,5.986687476899746,535.221701539896,7.74331030440866e-06,3.145574862688531e-06,0.27188862925851404,1156.0156653862043,0.017986565684540726,203.84000663723054
800,0.5920250113122537,74.2611726233386,0.2401979542508823,73.73229521449811,0.2886794545896134,1385.8819474553297,1367.8142234138363,18.067724041494714,0.08336186679193786,0.09121610011875157,0.9055897692673293,7.924938199388634e-07,7.781859108562369e-07,1.4307909082626748e-08,8.818178312916414e-05,8.812848889758625e-05,5.32942302183686e-08,11.792853016234218,180.6709758841495,5.501753609627593e-06,4.042095061680676e-06,0.2523119231516246,995.5203801536453,0.018406533828596854,1124.5622769427064
801,0.5759608270421405,81.8948337775429,0.22366999050375633,81.42033723748109,0.25082654955807177,1429.5529247559157,1412.3031782436808,17.24974651223653,0.11029405047845721,0.09972054453276719,0.9695140651367011,-3.1581482108235695e-07,-3.286564246602147e-07,1.2841603577857523e-08,-4.273836916919685e-05,-4.2790897898133126e-05,5.252872747086972e-08,10.467798892810956,566.5134328774927,7.378588787686936e-06,2.4497150610003087e-06,0.26814202073496146,1146.575883353185,0.017919107271924264,550.571348588539
802,0.618169931433495,81.38312430980955,0.24299719361590744,80.92178159894587,0.21834551724777554,1296.1086234258964,1278.3310041297175,17.777619296181978,0.10486673700793418,0.10071049652728051,1.0189103955183303,7.553208504932603e-07,7.379299866437028e-07,1.739086384955765e-08,7.909352547137992e-05,7.903814716657499e-05,5.537830344701395e-08,8.751219950448151,195.51028493997447,4.828565716534793e-06,2.507264054629226e-06,0.2747963180203821,1114.4340265299088,0.017814072468589678,999.5701613060555
803,0.6396638057978326,98.47686861995521,0.3540296785653126,97.70187238376013,0.4209665576297797,1603.6396096992257,1584.267478037466,19.372131661760488,0.16840238523157014,0.1116846286127595,1.0564737708106893,-3.704794539020337e-07,-3.8517913859888555e-07,1.4699684696851798e-08,-5.466420202238688e-05,-5.4719770602767255e-05,5.556857941102638e-08,12.589980930082778,366.03268796094875,6.692730082024374e-06,3.283874143937774e-06,0.2898212246666371,1397.0310864847797,0.019114895860250967,939.2644502649164
804,0.6016701945044952,76.49796411255626,0.24648190054685712,76.01323814467221,0.2382440673371936,1023.0777738859107,1000.5903842829682,22.48738960294225,0.09237862927751103,0.09709189007624962,0.949764150028754,-1.258232043510385e-06,-1.2735484044074214e-06,1.531636089703661e-08,-0.00015559639750870649,-0.00015564798772390348,5.159021409074355e-08,6.38131795072046,318.65825471269375,6.1024405844513644e-06,2.9960601618774357e-06,0.26169703960667906,1038.0086204577174,0.01737956696351452,-554.9689295080971
805,0.6412398424928591,93.08429670981332,0.27376014507869395,92.59295349823859,0.2175830664959865,1855.6761276435343,1838.6123344110924,17.06379323244149,0.3014191202591001,0.10687846899748137,0.9885453298316584,9.526486290899365e-07,9.379563313684019e-07,1.4692297721534889e-08,0.00010237698256297736,0.00010231989683421663,5.7085727343664164e-08,7.938539915246434,525.9170496117964,8.764651792083034e-06,2.975826513913479e-06,0.2803166284122889,1276.979672511204,0.016708634505273517,-806.5039703570292
806,0.630818391004926,95.61275995884888,0.2957137020017758,95.1759386287413,0.14110762810579972,1429.9080645607612,1407.425697565712,22.482366995051798,0.20000917390568582,0.11486464135380443,1.117445107184835,1.5706540779405331e-06,1.5531504335742323e-06,1.750364436630093e-08,0.00018107976225197468,0.00018101451347626946,6.524877453101182e-08,8.315663810610792,434.9593676687211,8.218398688906276e-06,2.9887734107805794e-06,0.29342710665446453,1364.3215344711855,0.019030301539613294,-1087.8818744293094
807,0.7319225196335615,123.66985567637323,0.3653264901372577,122.81842424473146,0.4861049415044892,1716.684855290674,1692.1403400690383,24.54451522163608,0.1005054142411463,0.13830081414351653,1.264985230956695,2.5904750063236354e-06,2.5698645483185e-06,2.0610458005135717e-08,0.0002961078252641635,0.00029603900236373264,6.882289901759872e-08,18.521105073564733,476.4956649024016,1.001704918306381e-05,3.1424208661010738e-06,0.34763571825131484,1717.8578269415966,0.018391854320116353,-961.9492239686806
808,0.6900915140804055,112.86274172305912,0.3553719961185134,112.36990245015312,0.13746727678751094,1345.5847173025816,1321.2928495957617,24.291867706822313,0.12816112932856868,0.12287229833618021,1.1797168143562633,-3.5476665292955454e-06,-3.5672679235487227e-06,1.9601394253177024e-08,-0.00042220797312052515,-0.0004222744139059502,6.644078424892558e-08,15.310909730095018,933.2719455170278,8.67778344768508e-06,3.5697560312885265e-06,0.3100067831748343,1556.2475725034756,0.018995856127375067,1135.03786318126
809,0.613802301984105,76.905359480394,0.21519082101886744,76.45671557995577,0.23345307941935262,1348.7296636799674,1324.8044568403361,23.925206839630615,0.20056219715375947,0.10113183489573967,0.9704535302764496,2.461313162298612e-07,2.31483957030805e-07,1.4647359199056146e-08,2.269271022419289e-05,2.2642097108074235e-05,5.0613114765220974e-08,5.285855661270633,109.78569513111428,6.640965647367747e-06,3.312531288273282e-06,0.2707360569641334,1071.942151939708,0.01990678920224084,-1912.687436809414
810,0.6540469949546086,83.57838297714832,0.26990483432941703,83.05708726738058,0.2513908754383239,1489.294829443424,1469.3876240802194,19.907205363207098,0.22318308975759427,0.10086617296143947,1.0536213641827272,-1.0875554229934177e-06,-1.1027826999592134e-06,1.5227276965795566e-08,-0.00013563189608482214,-0.00013568820341434916,5.6307327340929535e-08,15.899926716438863,446.5716480914094,7.855822976951612e-06,3.183857485198864e-06,0.27278413271953084,1209.273228779031,0.02018153420494232,-1741.066265234811
811,0.6847362103810116,106.36359296705926,0.43223300211956217,105.57267794028444,0.3586820246552491,1786.2392247956354,1768.361870055574,17.877354740059506,0.12307970317319754,0.12075194867172072,1.0967726002482918,1.2073027793338082e-06,1.1938745339310052e-06,1.342824540280291e-08,0.00013537485326305988,0.00013531277348631767,6.20797752429633e-08,6.983050955105551,100.98643412469936,7.215958953895832e-06,2.644910190361806e-06,0.3153312078224791,1445.4346060583725,0.018898860649931265,1128.0581470349753
812,0.5923487953711514,95.16316181924427,0.33441795117745493,94.54561170463872,0.28313216342807646,1510.2280145111167,1492.9504891279416,17.277525383173618,0.24240430517829886,0.1101407391760319,1.0687988005360398,4.2825490544125397e-07,4.1344266865293627e-07,1.4812236788317536e-08,4.6390660790430425e-05,4.6335313979379344e-05,5.534680971747741e-08,22.56876864824113,635.3601592514638,7.264022732061345e-06,3.395638831475244e-06,0.2975905202602711,1365.170127789077,0.018617517380360642,-1065.5531216234704
813,0.6811571182862447,95.7143167089537,0.27825876852813475,95.16917156986034,0.2668863705652412,1496.379069162231,1477.2228076703807,19.156261491850515,0.21638386705947715,0.11489654761061169,1.123078431787997,5.992169360083005e-07,5.830203485847087e-07,1.6196587423591777e-08,6.728170816930744e-05,6.722543979467765e-05,5.6268373844889704e-08,6.72846267899778,-80.05190421099438,7.07551474682851e-06,3.537920465108949e-06,0.2951722942669293,1323.9206389766316,0.017880645936666006,915.8364297404951
814,0.651593106424115,116.05774055220849,0.39408936052134347,115.45094706937017,0.2127041223169682,1491.8466614555416,1467.1124491482224,24.7342123073194,0.15747659361355065,0.1121118554522996,1.0317329477213009,-5.543915403770576e-07,-5.72365814249747e-07,1.7974273872689377e-08,-7.13054621665233e-05,-7.13781722437433e-05,7.271007558476976e-08,7.898647370089478,619.0423813555353,8.752631829157121e-06,2.5980695404502977e-06,0.28008015109163437,1640.6596122987355,0.018388076004462364,159.71235218466245
815,0.6521123151940088,92.89174577571707,0.2883782805850963,92.24025249684364,0.3631149982883577,1376.2131033137982,1356.4552582789338,19.7578450348662,0.08951420076621779,0.11007729435060529,1.0353253565741762,3.310460554067397e-07,3.111797216879578e-07,1.9866333718781827e-08,3.459861992650712e-05,3.4543360155301996e-05,5.525977008393745e-08,13.60681537819595,462.78763420054764,7.160292059282282e-06,3.0997530535124776e-06,0.2903347221895642,1337.0709732553585,0.01927565167175531,-844.0232987070085
816,0.5896377750343235,68.3472939103194,0.18873383893760987,67.95679356764867,0.20176650373308988,1766.292484326084,1748.226096504226,18.066387821855525,0.07723185953208933,0.08877880902235288,0.9285739834526006,-5.25078226307262e-07,-5.393956103031312e-07,1.4317383995869202e-08,-6.87983658177808e-05,-6.884576792094501e-05,4.7402102149558254e-08,23.538984573439826,280.4989008910333,5.714327960721507e-06,3.1592830511912228e-06,0.2483584581956939,975.7614518291678,0.019458891178981433,625.5686242495249
817,0.5436324629233726,70.19233076369457,0.18706454358132754,69.80770369320446,0.1975625269087899,1484.515580611429,1466.4826926874762,18.03288792395288,0.07552036212893425,0.08830550322321606,0.8634685103429234,4.0034631923630054e-07,3.867020399273835e-07,1.3644279308916975e-08,4.691298014234846e-05,4.686724652927612e-05,4.573361221087785e-08,7.682412703244493,541.5342180313884,5.053146581657558e-06,2.5605136319363825e-06,0.24537072322571252,1014.7091771337638,0.019246977143367823,154.04726711284093
818,0.64934307978289,91.71359429247522,0.252453906684208,91.20914905776888,0.2519913280221195,1366.842431735907,1343.9073521951866,22.935079540722313,0.15746546444301987,0.11796585400735138,1.1398854182379248,2.0814912582657413e-07,1.9081322833387816e-07,1.7335897492695978e-08,1.7719225716174942e-05,1.7657595375958438e-05,6.163033868476466e-08,13.845992126192339,424.6873862799476,6.647151610867138e-06,2.6682065335640884e-06,0.29947037860893333,1288.2886618258801,0.020428799109352774,984.2206906916326
819,0.5891294245186594,70.46237429209597,0.20251677094011333,70.04833422536706,0.211523295788798,1292.5117299936078,1272.1635198853505,20.348210108257163,0.1272749264781124,0.09047187905720455,0.9649025054459117,-2.230773159669629e-07,-2.371932413413843e-07,1.411592537442141e-08,-3.435718067369556e-05,-3.4406581961486694e-05,4.94012862397391e-08,12.984138069425239,-200.37300463444083,5.575293640030155e-06,3.017914019623143e-06,0.2514483157200076,1013.4156322089714,0.019436588269866373,875.1372517342497
820,0.5892298879056707,79.4544301547658,0.24546133395295,79.03352414783872,0.17544467297412322,1645.710303206055,1625.4527385038436,20.257564702214392,0.19538020882925564,0.09708670415919268,0.9521912213551768,1.2201228697526697e-06,1.198450331141536e-06,2.1672538611133798e-08,0.00013709875702233416,0.00013704193246812587,5.682455312729701e-08,6.849678218491555,371.1439333071324,5.402667466462902e-06,2.295208747836005e-06,0.2572870895665306,1118.2225161447238,0.018879079772721873,153.8665798910224
821,0.6835316498063473,99.56629239126157,0.32904234661443765,98.97569842610226,0.26155161854486825,1694.4471529227737,1678.9736397462318,15.47351317654088,0.12469725773978059,0.11700508566764577,1.117547864481994,1.1652260889517143e-07,1.0161280969985285e-07,1.490979919531855e-08,7.2971304800058975e-06,7.237607989652646e-06,5.9522489344195956e-08,144.51201410039792,352.28148031523205,8.335530610294053e-06,2.8809048820728596e-06,0.30493090227449227,1406.9982938874991,0.019560286141052343,-1370.0696819598197
822,0.6494407538349043,94.48325647633416,0.2273025542783837,94.05705184267225,0.19890207938352994,1563.096979614817,1541.8083305835553,21.288649031261418,0.15290908697028693,0.11081913717996258,1.0263011895439962,5.996915222922565e-07,5.796606697714649e-07,2.0030852520791628e-08,6.459321649329329e-05,6.453860680276752e-05,5.4609689233553765e-08,15.422733715341108,649.4079910761859,7.3003619237825895e-06,4.135483301382316e-06,0.282134296774076,1346.97026027735,0.019359320613222184,-487.86139009148246
823,0.5919376267385488,74.66011355897743,0.22946352295745043,74.13778838148875,0.29286165453123225,1734.8180895217617,1710.2990869250875,24.519002596675687,0.1407943736230536,0.09788595722520307,0.9728750358603565,1.274792360296459e-06,1.2605501477189543e-06,1.4242212577504287e-08,0.00014464569405577983,0.00014459751007944095,4.818397435737618e-08,5.815048018155482,414.15614187292033,6.08675155116072e-06,2.5343188589534436e-06,0.2681227589668988,1030.884364998216,0.01888153536032213,-1185.3698958912828
824,0.6554756836258019,86.88199990949965,0.2377718206456502,86.32286017125483,0.32136791759916644,1863.442496514395,1843.7841132615322,19.658383252861423,0.10946402779554021,0.11120087985506727,1.1681878491896875,-5.775578461021892e-07,-5.947958253195313e-07,1.723797921734227e-08,-7.477114641491138e-05,-7.482264032162734e-05,5.149390487842718e-08,8.981058598527046,379.6559826802909,6.1665848547274385e-06,4.7918693875128164e-06,0.2996283299219003,1230.190339631417,0.01912493638227557,155.95373344597465
825,0.6365800036226735,104.7518915396586,0.2806186308509358,104.30175727913512,0.16951562967255043,1387.4695979017056,1366.8066874635742,20.662910438133128,0.11806601555473792,0.11231029758103378,1.0604262938416806,1.8132334991342414e-08,3.3705271045212806e-09,1.4761807886821084e-08,-4.716627344444008e-06,-4.773722890312007e-06,5.7095543857396455e-08,10.305368816459067,596.1274819767773,8.01982108260606e-06,4.76832634726565e-06,0.2951289047616846,1475.324202872748,0.018332094976042525,-232.80602290530078
826,0.650869994104517,126.84402278226554,0.42471136632792167,125.99598105380035,0.42333036213727776,1198.1475199569177,1175.980159105548,22.167360851368716,0.10256278663644078,0.12358449609343823,1.1443142289849881,1.2349168145901193e-08,-1.016752414777373e-08,2.251669229367489e-08,-4.252794115331079e-06,-4.317658829831362e-06,6.486471338100677e-08,9.696378572766978,444.0891533983036,9.970203641222387e-06,3.0918382188258988e-06,0.3072395379794778,1763.319819728586,0.017651100222043945,1396.8435742900328
827,0.542097326255427,65.24121163440955,0.1896623153312767,64.78148305340028,0.27006626567800607,1589.274852265325,1569.8168314891839,19.458020776139104,0.07498532064929608,0.08343963309146665,0.8562806532886448,2.462222770354439e-07,2.3444775228806294e-07,1.1774524747381078e-08,2.5155323615532703e-05,2.5105221056331325e-05,5.0102558630996175e-08,4.190316985516432,-96.69052670190798,6.783577020240374e-06,2.6987462503543346e-06,0.23796826896897227,921.4416805362548,0.01958189527005224,31.706817881102324
828,0.6127293590731199,94.558529992369,0.35849709831838245,93.88554744339572,0.31448545065488825,1705.3087973861666,1687.2964559717898,18.012341414377296,0.12330285350870794,0.11743421222609064,1.1050721388155913,3.959017461444087e-07,3.771734125040298e-07,1.8728333640378922e-08,4.008010435458945e-05,4.0025891848598164e-05,5.421250483319623e-08,32.083882435912834,568.2651389398399,7.418071402780879e-06,3.6911225298819286e-06,0.30818942357183904,1271.042178839545,0.01802853929790603,1056.1966018492749
829,0.6538215478166296,88.87015975970519,0.2797465462103565,88.34617248229134,0.24424073120350137,1817.9570435357034,1795.5822973041325,22.374746231571052,0.10450069239235318,0.11349210354818996,1.1338823428776579,8.088415841634441e-07,7.947126056981982e-07,1.4128978465245863e-08,8.926484570709118e-05,8.920758563593475e-05,5.726007020789067e-08,11.610372098207709,198.7193319379131,5.876257417044063e-06,4.976307877680364e-06,0.3026633488696358,1205.3787719314314,0.020656494972085347,2343.5844299030396
830,0.6004775230830932,94.6567780122772,0.29062439316157646,94.12709678445688,0.23905683465873237,1482.3784753800749,1461.6742814858071,20.704193894267053,0.13434575617840017,0.10649744481085963,1.004403079524742,3.4646650963844255e-07,3.2713862515074105e-07,1.932788448770145e-08,3.7105976796061636e-05,3.704339408062595e-05,6.258271424352619e-08,5.319770618862311,703.4493965349437,7.46710321401875e-06,3.2825753470925593e-06,0.2726078692572078,1311.1681703384074,0.01992738786285523,-252.88787705562936
831,0.6901800245204812,112.78758526567219,0.3983333358348995,111.9785864444193,0.4106654854179962,1336.2448520372627,1314.3278028183195,21.917049218942942,0.3015258823591671,0.12624151456526347,1.1375641874526405,2.3227583717079085e-06,2.307286849771696e-06,1.5471521936212292e-08,0.000272549392485087,0.0002724880183840762,6.13740996175617e-08,23.565019694332992,498.9547568242109,8.977930169065364e-06,3.2891939108543834e-06,0.3257630205798028,1533.7647395870522,0.01823478819395704,2753.553416349787
832,0.5505604221998516,68.55165866771617,0.20763684490927428,68.10942560646063,0.23459621634626626,1472.6892410260268,1451.5681850679925,21.121055958035413,0.11076770123171523,0.09235608011601389,0.9561231427891789,9.64116047557761e-07,9.516592936678195e-07,1.245675388994138e-08,0.0001089289239579565,0.0001088813404777592,4.75834789911096e-08,5.7206212680008095,429.8017906757447,5.5303246617163305e-06,2.533200180989509e-06,0.25374430100465994,951.8312271290376,0.017968809540093344,342.27089698017517
833,0.5897779812363189,88.18311538414115,0.31033458286474735,87.5537715802867,0.31900922098968315,1708.982792679641,1683.7697466054035,25.213046074237997,0.17499206725963373,0.10701768927204515,1.0349480953762886,6.454499785156401e-07,6.30508045811429e-07,1.4941932704211136e-08,7.259798446100489e-05,7.254336412307447e-05,5.4620336880401046e-08,32.69186554539503,608.0839989755626,6.398608213531624e-06,3.983787515888703e-06,0.27929019995104915,1225.0782120299234,0.018713271795993247,2448.062821087613
834,0.6622066580950884,87.951783376969,0.26211161325079474,87.41195712778963,0.27771463592858925,1998.1346493563028,1980.41397437668,17.720674979623272,0.13872599772627178,0.10870811425535837,1.1701058406942215,1.1950819034205488e-06,1.1789802396180546e-06,1.6101663802494558e-08,0.00013282328057463857,0.00013276864244464882,5.4638128340068466e-08,15.478366734592283,-239.28608225961523,6.376637461611136e-06,4.505104387978465e-06,0.2934924559731483,1226.9375076734782,0.02178972059133555,382.3695475504792
835,0.6663124383638198,112.7762045616323,0.35371135001959,112.29608722162786,0.12640598998484737,1833.2642709995955,1816.12199109095,17.142279908646938,0.12157418715720437,0.11567689590326627,1.0623999226068142,-1.2695157100207943e-06,-1.2856257245895393e-06,1.6110014568744985e-08,-0.00014997438380517377,-0.0001500404040557504,6.602024949245925e-08,120.6998332274537,565.3139423428573,7.90853665866196e-06,4.48719937367492e-06,0.2937064429569322,1573.501119903157,0.021224142354619547,-339.50819716202386
836,0.6653448657210244,93.45129093995195,0.2730706896241779,92.81717127423362,0.36104897609414643,1461.3395191286415,1445.1302978503531,16.209221278289732,0.12853109329125884,0.11543005785610597,1.1124779922799832,2.120647242314123e-07,1.9942676135122103e-07,1.2637962880191337e-08,1.691607987878148e-05,1.685561463327307e-05,6.046524454567945e-08,14.52261600101506,399.3751423628389,7.353657920626596e-06,2.708120464831897e-06,0.3014294137543064,1303.9015343671872,0.019156776413046105,347.08244083678073
837,0.5513249809947814,78.61729173741857,0.24863540515834434,78.1985178158244,0.17013851643581776,1700.5378602253436,1673.3998962737132,27.137963951631775,0.10056794317629678,0.0986553541032499,0.9588946903886806,1.341754004177598e-06,1.3260379277935074e-06,1.571607638409009e-08,0.00015186983340484845,0.00015181980586965384,5.002753416374703e-08,3.9803307167466953,162.54412972962163,5.992780993142263e-06,3.326071358638743e-06,0.2611865333455953,1142.146967464109,0.018005234056343956,616.0506209306732
838,0.5844907083009944,80.20215128263695,0.20432267877956234,79.57051664481621,0.42731195904118224,1309.9697606408238,1292.756140532725,17.213620108099086,0.15399861586524252,0.10250605794667747,1.0780019132178893,3.2704424804456807e-07,3.125079305564897e-07,1.4536317488078503e-08,3.6203565817369445e-05,3.6151100349467024e-05,5.246546666862994e-08,24.372824200235492,-73.88222630846032,5.651127260817954e-06,2.5348044744034814e-06,0.27191981531704684,1124.7049278734294,0.020425428207081226,487.39912931699655
839,0.7280516478622671,123.89412684384439,0.3347919931176196,123.34145986698411,0.21787498374268172,1947.3628196840075,1918.498581108739,28.86423857526854,0.15915450740980533,0.1428127124770949,1.2853150701341491,-3.370970938172063e-07,-3.5556316033064716e-07,1.846606651344111e-08,-4.839401745182963e-05,-4.845921061639087e-05,6.519316344496036e-08,12.362165430784234,556.2553748899503,9.838359506005377e-06,3.2786402196782796e-06,0.34867920850848466,1692.8826054136348,0.019889791220650738,-2276.1227601083156
840,0.603918050374659,74.02079344641731,0.2400084309859285,73.53128703648021,0.24949797895118098,1304.8122730649843,1287.404495603096,17.407777461888205,0.1332242982850601,0.0985630262630825,0.9638355689623492,-4.860899519708481e-07,-5.009074096895996e-07,1.481745771875154e-08,-6.056660111026259e-05,-6.0615485337068963e-05,4.8884224909745256e-08,5.147805729617099,71.9945208457303,5.642699574334874e-06,2.601966339702051e-06,0.2731591775699736,1019.4498900232493,0.01943845871049537,230.66516733341996
841,0.5912344292289913,82.31815596155985,0.2069904897803347,81.75116197329655,0.36000349848294855,1711.8454928560911,1691.516977374446,20.328515481647706,0.09478201814406227,0.11643592048784661,1.1380857003346831,-2.7676099570842057e-07,-2.888185505491723e-07,1.205755484075176e-08,-3.709574368223596e-05,-3.714782033546641e-05,5.207665223976985e-08,4.70942247979425,427.8842656515658,6.397951638714605e-06,2.3212889563462754e-06,0.3058233264511443,1165.7191175663272,0.018283430280063292,-771.4092283840255
842,0.5859100435228217,78.73714432038773,0.2362044907891248,78.32014752740935,0.1807923021892538,1759.5820808909082,1740.9680919012985,18.613988989609737,0.14515278205137913,0.09368966107345966,0.9081477920587776,4.042404509911016e-07,3.904538497050043e-07,1.378660128609716e-08,4.1010195219671194e-05,4.0956427677636685e-05,5.376754106112473e-08,5.17675820495031,62.11363630892989,5.868305097340113e-06,2.731803930053821e-06,0.2632505634382513,1127.8850968062443,0.01900276125465837,-549.805005823473
843,0.7569851222929768,143.72672556315737,0.5053090541339006,142.69859090350536,0.5228256055181133,1991.5588909474384,1968.9866707281267,22.57222021931052,0.22188413148094446,0.16278340528596502,1.460049062087501,6.319585480487145e-07,6.094085328667592e-07,2.2550015181955004e-08,5.768493099289427e-05,5.761229577622416e-05,7.263521500421963e-08,14.231615898457235,537.308979591968,9.345586027212959e-06,3.3556600403301283e-06,0.3734955469961234,2047.4949961874836,0.017722478177097423,435.0002154009562
844,0.5342980353788253,65.7803262129752,0.1653113281693301,65.42357561879427,0.1914392660115961,1376.7568810812868,1360.5550090419426,16.201872039343616,0.1046285353925286,0.09138092938604822,0.9037882018687559,5.935571981782204e-07,5.805949474912304e-07,1.2962250686990118e-08,6.416802331431695e-05,6.411993700022235e-05,4.8086312512693616e-08,4.094512555693724,569.784842498292,5.238928464493529e-06,2.3415538121491662e-06,0.24889954035151834,951.5738409743808,0.01819745761880894,767.4262252800145
845,0.6538950309857784,102.28072603291571,0.31671517580912645,101.7332737903586,0.2307370667479814,1610.8574783104332,1590.32171736718,20.53576094325458,0.09293811097278908,0.12367019486922244,1.2117581562911988,-1.0881329154415105e-06,-1.1026441016965156e-06,1.4511186255004718e-08,-0.00013573643686625895,-0.00013579656635600245,6.012948783196418e-08,8.484228355355627,483.4475402430915,7.261880753200572e-06,4.058571875685125e-06,0.3127667637012831,1418.3033872251601,0.020063708734095395,813.111519453334
846,0.6595482982694693,102.72710128204226,0.32906717664511026,101.94466673259683,0.45336737280032735,1728.155461454096,1709.9608655268032,18.19459592729168,0.16328649491972946,0.12108951792353621,1.1253602583216407,1.9056032927308508e-06,1.8913230587826582e-06,1.4280233948193297e-08,0.00022722633472613138,0.00022717007542535897,5.625929913071231e-08,33.660621932106125,568.0697627828024,7.473616550065743e-06,3.095539231054765e-06,0.3057503632026023,1451.343185932532,0.018599516818733872,1294.0841579044354
847,0.5779119180587172,74.0887803075308,0.21615348776608362,73.57752822531906,0.2950985944456759,1648.8106215090559,1628.492377563415,20.318243945639338,0.17118029013442046,0.097820498493172,0.9596368534888424,-1.6543163861727188e-06,-1.6691486867270641e-06,1.4832300554345748e-08,-0.00020101726761134205,-0.00020106541621787898,4.814860540795895e-08,5.467471712515483,438.3247766483933,5.95686008140293e-06,2.7472100935105603e-06,0.26186576284222673,1052.2317082737272,0.01864932576147538,911.616892654507
848,0.58393827113495,68.08058457580654,0.18388361762565952,67.69500226593426,0.20169869224660344,1514.716576633686,1499.2080006675562,15.508575966130559,0.12998400402818508,0.09112817167866409,0.9252939018394648,5.165806570709846e-07,5.024977665481664e-07,1.4082890522818284e-08,5.720745907244385e-05,5.7160655926048965e-05,4.6803145391318504e-08,3.7078403099882595,158.83199431682226,4.729296816242402e-06,2.8827675450589896e-06,0.25590725459416735,925.0942074399846,0.018508063935920648,-1054.955119078175
849,0.6935409517104459,127.11232587039561,0.4394202083346558,126.11367024579023,0.5592354162707249,1442.6899235719777,1420.4821482044972,22.207775367480792,0.27680767748822854,0.13522457689450224,1.2391829994448054,1.0708711715428087e-07,9.157898791580552e-08,1.5508129238475403e-08,5.930804016241968e-06,5.866976888412393e-06,6.382712661258304e-08,125.34545639782942,460.62500826698226,7.892530479955564e-06,4.1627018109217e-06,0.3253916220819141,1757.6098990705689,0.017878750235744267,-2271.6177611930507
850,0.5977261160136709,74.9242662284114,0.1872652785165627,74.62103978996021,0.11596115993461319,1243.0476013453015,1223.524766482749,19.522834862553715,0.0866645511360439,0.09608109522598024,0.9656766492847467,1.1612728707415964e-08,-1.7337222456551118e-09,1.3346450953071077e-08,-3.2299376439805343e-06,-3.2807228092919496e-06,5.0785164173737655e-08,14.501097579107558,226.2996491683106,6.071328308793166e-06,2.284458046738161e-06,0.2774660771753024,1028.5736653537392,0.018785009861034836,-599.2768427798328
851,0.6185862450439957,84.68761192207452,0.2348155319693985,84.17267067945352,0.2801257106516155,1820.624945682275,1799.0233585991716,21.60158708310575,0.11728876631351676,0.10040325939770196,1.0002030577623788,2.8241136037660335e-07,2.6816817899189306e-07,1.4243181384710344e-08,2.991649258242987e-05,2.9861007197546667e-05,5.548538366431968e-08,8.604667490309161,330.43971525487507,5.553522317964343e-06,2.841074617345404e-06,0.2652655893558313,1181.4379840771555,0.01969678715460969,1532.844004460865
852,0.7020976267241985,118.0217946199355,0.4017961090253787,117.06708785939725,0.5529106515128634,1784.2137407520302,1765.409830254667,18.80391049736176,0.12310262146104174,0.13287087740567333,1.2412703797768485,-2.0371064649122228e-07,-2.1907072655900707e-07,1.5360080067784744e-08,-3.109554490104936e-05,-3.1154278040607255e-05,5.8733138031434516e-08,10.27467810119652,531.1346799567032,9.12518195146927e-06,3.1240007926125484e-06,0.33413781550396726,1663.1996841407276,0.019192216120265778,1157.9997050195088
853,0.5728658775737306,81.02105257294716,0.2299488274205398,80.59628601249604,0.1948177330305616,1263.8260772388587,1247.2868285782904,16.539248660571975,0.11669674957581055,0.09519905928506582,0.9177283659363682,-1.095463747200657e-06,-1.1095360064526551e-06,1.407225925199779e-08,-0.0001328022591681649,-0.00013284939058728963,4.713141782719581e-08,4.245859470345312,440.85934949261565,7.3191437737484995e-06,2.496020668474706e-06,0.26565674276398193,1147.472381006176,0.018214674398771082,1200.2601617714572
854,0.6174353782185135,90.59663202662028,0.2617118720458627,90.05109040899082,0.2838297455835881,1398.8237719633553,1376.8024360179834,22.02133594537329,0.11622375666866289,0.11302358057830572,1.0820860010209206,-6.537819660554935e-07,-6.677401066656047e-07,1.3958140610111386e-08,-8.252100494398175e-05,-8.257635641028346e-05,5.535146512519966e-08,6.198675434203523,712.4978724352842,7.136543069862885e-06,2.8162013556716583e-06,0.2982198047099527,1264.1217416167626,0.019648863853668454,-750.5693266692069
855,0.6062299871847748,87.004041577571,0.29177831707274665,86.41597926926283,0.2962839912354254,1146.4710472837346,1123.8994164385451,22.571630845189127,0.22257355008932553,0.1040611539025038,1.0668901292535493,-4.3139237799536593e-07,-4.432764795683112e-07,1.1884101572945245e-08,-5.6108888661863205e-05,-5.616611251567444e-05,5.7223852342194325e-08,10.153399309410268,749.4608939033484,7.1730374965919806e-06,3.5048138954588805e-06,0.28238787814926025,1187.7741769570214,0.018252561162269806,359.06722943979184
856,0.6360653213349939,94.36465226532441,0.2780717610176736,93.70226110250204,0.3843194018046895,1758.2927168767778,1736.9642609095044,21.3284559672732,0.07381816476191806,0.1075416353962111,1.027155940749286,2.062893473759239e-07,1.925735005931454e-07,1.3715846782778428e-08,1.8600111968420546e-05,1.853505167918837e-05,6.506028770563462e-08,24.75381596869229,696.2465525745218,6.960578890521289e-06,2.8553721159829038e-06,0.2824930111223682,1324.1591593161102,0.020462829751466682,1514.442004200093
857,0.5538271930780647,73.18319605057778,0.2026558755868975,72.74860902296733,0.2319311520235591,1682.000025159912,1662.2443722023802,19.755652957530202,0.07761669857615294,0.08405736005715832,0.8227488170512715,1.3011083237099897e-06,1.287148547367507e-06,1.395977634248262e-08,0.00015157252211375508,0.00015152163934596818,5.088276627839676e-08,4.880021808357943,56.56991994444466,5.598129260105205e-06,2.4070043763132495e-06,0.23833810739201086,1003.6940139523227,0.01860304355116249,508.0584966349452
858,0.7357399457847144,132.9768653919999,0.43167403710204416,132.1219901611936,0.42320119370426196,1283.438869455132,1262.4210313757,21.017838079431574,0.1905277986823358,0.13817225353804408,1.2380615534399346,8.143117644358965e-07,7.95890270046215e-07,1.842149438968142e-08,8.894340387938705e-05,8.88760708704998e-05,6.733300780902422e-08,26.415512311051607,722.2719336305245,9.71765394114209e-06,3.4229351655832612e-06,0.33322929225414416,1944.410738596307,0.01988516703690247,582.7071899820367
859,0.6239978405310204,88.3337806927477,0.3000939227816338,87.77646745992554,0.25721931004052856,1366.9935681021987,1339.057724545762,27.935843556435234,0.11848251467287953,0.10746955682484761,1.0687921453018612,-1.0736381851194896e-06,-1.0892356299588583e-06,1.559744483936922e-08,-0.00012998709975355248,-0.00013004251422930803,5.541447446021918e-08,13.23526845188539,-393.49856568447694,6.644959387530998e-06,2.739340772724846e-06,0.2729342927864556,1254.9829158350376,0.01746376868642742,-1574.5395667656849
860,0.5841405465006337,85.68935233918363,0.27516348709161514,85.12308754881668,0.2911013032753355,1528.1425894985696,1509.50738403784,18.635205460729136,0.1212357576463649,0.09730369690558419,0.9371253572633247,1.3728968229355607e-06,1.357154641719259e-06,1.5742181216301974e-08,0.0001559030359476004,0.0001558512229488459,5.1812997551706914e-08,6.6580145785122316,365.89383446501887,5.995675198496956e-06,2.6293298462924077e-06,0.25937873194870675,1154.0570909450482,0.017084442848136643,1748.3902010849451
861,0.5361417231454434,67.78449967735861,0.19663542037069703,67.44317187728583,0.14469237970208096,1386.7074747464237,1364.2503854923275,22.45708925409517,0.09550888345944626,0.08394458883868505,0.8613452188354356,5.126757337545613e-07,5.004806824269854e-07,1.2195051327575716e-08,5.8200018484397307e-05,5.8151760912887006e-05,4.825756998475393e-08,5.246488442071759,226.06973351147275,6.283276446187157e-06,3.4201646317883217e-06,0.2363179947231542,933.9865182645397,0.017347314827375664,-1632.8062946298378
862,0.577958755283609,72.20763304559782,0.2153655887232054,71.73357572649758,0.2586917303770499,1556.2271129965752,1534.52742865047,21.699684346103588,0.08838618811742968,0.09576545833503702,0.9438793453922318,-1.2033927481588154e-06,-1.2183517384298496e-06,1.4958990271033585e-08,-0.00014397884659333294,-0.00014402932722739736,5.048063249279081e-08,5.318366816317612,322.76860681446715,5.739165261995769e-06,2.5871669020929e-06,0.25955016033183237,1019.1243560575617,0.018385724373688104,1508.319669272074
863,0.6652117546268508,82.49044396383404,0.21469135809805992,82.05472073380106,0.2210318719349177,1696.4618579818414,1673.4242992040763,23.037558777764975,0.15741406347313555,0.1060137599456723,1.056476801901216,-3.993433780570775e-07,-4.2212658406938087e-07,2.2783206012303394e-08,-4.9691061430698184e-05,-4.97418188156281e-05,5.0757383682531256e-08,7.268818747089949,216.29696620351055,6.27832476203124e-06,3.310024188195777e-06,0.2966599195163395,1132.158421850382,0.021720488771234767,805.993082424764
864,0.6032260987461758,79.46009435188581,0.2157744102338814,78.96322804713039,0.2810918945215436,1302.0973801840214,1280.9954983896077,21.101881794410048,0.1049466794232452,0.09892644168050696,0.9807260003984546,2.1621539358864555e-07,2.0047306519158567e-07,1.574232839705985e-08,2.1441971710183366e-05,2.1388870526082818e-05,5.3101183219681915e-08,19.21713764552306,388.9847539066146,6.751145291155084e-06,3.1171761088895677e-06,0.27552145627344937,1166.7263509244185,0.018455161962563207,-1106.3503276709343
865,0.6432637773695217,102.35502188950248,0.322729449188837,101.56572001731266,0.4665724230009917,1343.410889272909,1322.1314147264502,21.279474546458285,0.13754929775840655,0.11073532807563276,1.0330905112447062,8.425820361114513e-08,6.589304092442778e-08,1.836516268671738e-08,1.5759977968174828e-06,1.519253965472024e-06,5.6743829866223475e-08,8.701096135916469,123.22259023186139,7.341657256038374e-06,3.0110479514766932e-06,0.2791715267904393,1428.7382294175704,0.01765176707273558,-2543.1085286826237
866,0.6173995978358994,99.57536040073923,0.32507243814836295,98.97790775920016,0.272380203390722,1548.07393876237,1527.8420024416355,20.23193632073177,0.10077909011811673,0.11354481483539039,1.0450426665703074,-6.25445991996241e-07,-6.439884386393942e-07,1.8542446643153108e-08,-7.667391343358297e-05,-7.673336994862039e-05,5.945651342146412e-08,8.369571254543231,651.4944026131457,7.110423477159943e-06,2.605609674762413e-06,0.29079242041934367,1410.4737547857865,0.017660425852834453,1103.1537054034707
867,0.5933097667701646,79.92852316946369,0.2760070166583168,79.35815950406784,0.2943566487375454,1669.3836908539893,1645.8949561278582,23.488734726131117,0.09822150392267853,0.09069678343591506,0.8484181758355014,1.0362955445317885e-06,1.0204661450144592e-06,1.5829399517329294e-08,0.00011658848030030101,0.00011653522379977484,5.3256499630055195e-08,6.75888633043115,409.6770560710424,7.051455978383498e-06,3.115062941928585e-06,0.2363041445559443,1114.942873993652,0.017915722294653335,-294.359141613284
868,0.6353715048879485,87.56463729860397,0.294561488326758,86.95757275463812,0.3125030556390912,1456.9821070489322,1437.2275059454391,19.754601103492693,0.09362920210797475,0.11229764632764981,1.1120508043419204,8.175652520972983e-07,8.005752939729469e-07,1.698995812435143e-08,8.937150858071673e-05,8.932221258683496e-05,4.929599238730678e-08,10.699397009686518,355.58057452371753,9.447170916704551e-06,3.073324096689781e-06,0.2971171131777955,1219.4023795924259,0.01912492232142166,-1349.851124398483
869,0.6754669472659222,82.9489353990298,0.26238591155138613,82.33802500347784,0.3485244840005618,1365.153525080736,1350.6737750047384,14.479750075999739,0.08276000953054505,0.09964767083394287,0.9997417626696327,1.0618149359926123e-06,1.0480005695139735e-06,1.3814366478638861e-08,0.00011611057522251335,0.00011605657914583581,5.3996075062179124e-08,8.838041328920422,320.675679654013,6.559215433166747e-06,3.0443160241130627e-06,0.2722044032155669,1214.6018092717638,0.017779798154708905,-326.21339648940557
870,0.6212138133521414,78.85362873667717,0.22638410509896165,78.40562444240354,0.2216201891746728,1469.8407592274732,1454.0433700412145,15.797389186259677,0.12811688034689217,0.10070398159794323,1.0155778471264636,-1.0513305354849746e-06,-1.066625931060945e-06,1.5295395575970667e-08,-0.00012916716461284296,-0.0001292182969818274,5.113236736633079e-08,9.965448232234905,456.83005440677505,6.264429589885904e-06,2.691099100402686e-06,0.2670834447069595,1097.6013418713858,0.01934666894303784,441.7865752755897
871,0.5816273275471721,71.60724075013628,0.20894869892030518,71.1209746892911,0.27731736192486905,1600.289765887792,1577.28037375403,23.009392133761974,0.09359968906949644,0.09091092931543818,0.9367781978942354,9.512222360866973e-07,9.379746276060211e-07,1.324760848067616e-08,0.00010673663192451486,0.00010668338069495331,5.325122752804891e-08,3.9770403697825953,228.92142669321862,6.4482884138298695e-06,2.5160533036482085e-06,0.2490542344706154,1003.3920462615766,0.018966792552100424,-74.81302911860257
872,0.6346148584094556,83.66460856805097,0.22797180614308077,83.14330817470606,0.2933285872018202,1200.1846004539705,1184.9770488305787,15.207551623393373,0.11096698682424902,0.1107153444715603,1.1010116735482016,-2.1724667885275577e-06,-2.1865699619913828e-06,1.4103173463825974e-08,-0.00026155192171580573,-0.0002616066910349945,5.47693175455477e-08,14.70441189893246,405.83618685295846,6.6477831792297824e-06,3.0997879161147752e-06,0.2996037493800941,1159.5298742380191,0.018139699388989704,2208.613093567059
873,0.6416891764733196,91.9709539243041,0.2936324765418273,91.30216817760783,0.37515327015443795,1419.3230137079895,1403.3582827700377,15.964730937952789,0.11355755190865043,0.11827442061263327,1.133685909799463,-8.002440933923487e-07,-8.138741651185965e-07,1.36300717262479e-08,-0.00010065260228023168,-0.00010070551078448341,5.290850288992314e-08,16.266980155356624,322.2167939524586,7.71836116850007e-06,2.549432702875331e-06,0.29748366701647183,1278.345147710096,0.018904576998356598,-3057.4274064584897
874,0.7408052563118218,130.9032195592503,0.3711807656875121,130.25692631105812,0.2751124825046388,1700.6305720842945,1661.4300461517203,39.200525932572184,0.11499357397854812,0.15057735811837764,1.394598058930105,3.0611210716405784e-07,2.8890697880852017e-07,1.7205128355537512e-08,3.144127381025061e-05,3.138065704190314e-05,6.061676700429133e-08,10.251288748195721,578.3769914650533,9.67525045072265e-06,3.1638988652694428e-06,0.37571285965316276,1894.0825484860777,0.020729546868855787,945.7542852714614
875,0.6268026628984442,98.1092535929424,0.252099827380147,97.60097084570957,0.2561829198526759,1523.7942188554555,1504.8840277701079,18.910191085348274,0.10380549668357182,0.1043882033707389,1.0044088816003203,1.3183943476368626e-06,1.3028405038711502e-06,1.555384376571268e-08,0.0001514076460360577,0.00015135451423989958,5.313179466207262e-08,18.82144737922402,416.965703684073,6.682408595383742e-06,2.7403737887981327e-06,0.2682232002216828,1400.6693108452832,0.01769558820210824,-2075.8073726817674
876,0.5711455017985876,78.0122141310249,0.25802178484669797,77.51274850633091,0.2414438398473018,1338.8154649055318,1321.4173129080912,17.39815199744101,0.15228557598928325,0.08431042192702769,0.798311849710066,-4.6747835251093774e-07,-4.809207537937045e-07,1.3442401282766881e-08,-6.495513977440118e-05,-6.500305580518304e-05,4.791602994498597e-08,4.1251697171851776,357.10220084925334,6.526509496895022e-06,2.6878576927708745e-06,0.2297996618305444,1078.5402715732544,0.01713271353387792,-1307.5858166905055
877,0.6038164688291566,81.87006366603329,0.24908542745560197,81.34035104593833,0.2806271926393536,1352.046590140377,1326.1630127590051,25.88357738137122,0.11107302534806704,0.10023657488646817,0.9630723989777812,-3.8051404349707293e-07,-3.939395221429055e-07,1.3425478645832819e-08,-4.932616343756506e-05,-4.937619079472472e-05,5.002735608641783e-08,8.739611615948114,208.06999766254452,6.39244715365012e-06,2.697826764069728e-06,0.2628919498106306,1155.6605964858547,0.018849360767033484,-505.5885012323779
878,0.6498231534826848,99.1925842647806,0.2929712571581721,98.55970423002441,0.33990877759802385,1352.184756906638,1331.7138606780527,20.47089622858563,0.17215559418423557,0.10996624663403858,1.0344996968479634,-4.2758572030950803e-07,-4.4456736482877805e-07,1.6981644519269937e-08,-5.960934924375293e-05,-5.966971960470942e-05,6.03703592906406e-08,4.785196657431213,517.3323331144489,6.145247732555832e-06,2.790774417937421e-06,0.28334761204082554,1340.4936470348423,0.022063424288366974,-55.47781289134946
879,0.6560364102488485,83.33607624936795,0.2231950466705446,82.95247928276062,0.16040191993675612,1383.6481413684521,1361.9185287384912,21.72961262996337,0.1704225997486982,0.11579637723008007,1.1766744381478365,5.493163908283084e-07,5.357249690016664e-07,1.3591421826641958e-08,5.896875145525262e-05,5.8912012490500124e-05,5.673896316988129e-08,14.172278491699263,-162.16669402188052,7.3868634776383655e-06,2.6700445373810487e-06,0.3129048894843284,1127.4919848197314,0.019770912972372524,-41.504985090359696
880,0.6816050140558824,109.84803956898693,0.33963946703017855,109.1888387830962,0.3195613188605705,1352.9017022943947,1332.84800905593,20.053693238465115,0.12134809909586303,0.12639925283613715,1.1853964183228378,2.3244859838121377e-06,2.306344464746308e-06,1.8141519065830408e-08,0.0002708473495793514,0.00027078908573718906,5.8263841173082465e-08,9.162992315992955,797.4309819377767,7.047546982252974e-06,3.3508523468678345e-06,0.32153666035941264,1537.2812754552085,0.020331581618833507,460.95154689582705
881,0.5519958968461528,71.92846090323764,0.21191984805639894,71.43853813267341,0.27800292250781256,1357.5482939822548,1342.7128917689881,14.835402213267093,0.11162589017573737,0.09231369950750568,0.9130667888277972,-1.526282622863078e-06,-1.5417462646534233e-06,1.546364179034507e-08,-0.00018396054986901506,-0.00018401092807805779,5.03782078064732e-08,4.348683654780627,313.7137296622859,5.343942550925886e-06,4.203458622672329e-06,0.26064602020282784,1005.4852634469729,0.018601962551313155,731.0443345963358
882,0.5711898571035662,73.31471616974558,0.21622181639910626,72.93073129802916,0.16776305531731328,1323.7285640641976,1304.3153183112652,19.41324575293199,0.15540284068265192,0.09835995126086894,1.0270743081867486,1.1285876536278571e-06,1.1149863187856953e-06,1.3601334842161448e-08,0.00012827057949285322,0.0001282172482970471,5.333119464503378e-08,6.77301233453378,273.36761734325376,5.616677369928875e-06,3.5533194349217014e-06,0.26498190982264846,988.2995113751567,0.018048026800529506,664.8736984526076
883,0.6381881323687688,102.02180446983664,0.33144449297064155,101.44157253103239,0.2487874458335938,1647.9355434784816,1626.622269266984,21.313274211498502,0.1448078160828887,0.10120484247864765,0.9515608657959314,-1.1541789088301889e-06,-1.169139067045177e-06,1.496015821498825e-08,-0.00014216556372059015,-0.00014222412366274653,5.855994110077044e-08,18.778648661426217,491.2403485897964,6.293576470102707e-06,2.8378781540551056e-06,0.2648229281743833,1373.4842599895405,0.018577254526444594,163.16677138561863
884,0.5874233298740436,87.15353572670888,0.2640699878473944,86.65684503183002,0.23262070703147741,1456.2778061853794,1438.538616801266,17.739189384112663,0.08809737355830395,0.10352566786726972,1.0124681776763593,8.474022005212572e-07,8.31434925458108e-07,1.5967275063148995e-08,9.37272249599696e-05,9.36676258329562e-05,5.959912558569455e-08,5.7680663750884,479.4720043667411,6.098363752616404e-06,2.781048560422296e-06,0.27216910006911854,1211.4588502887193,0.0190105734741321,-1319.5277892388804
885,0.6238317851447482,91.88225421144031,0.3029443993441192,91.25917536881055,0.32013444328563645,1439.0838697595416,1404.1421146550663,34.94175510447392,0.11697616564887783,0.11570815128971693,1.1358128523196145,-3.0886458863749814e-08,-5.129225908945098e-08,2.0405800225701154e-08,-1.2286668428645122e-05,-1.2340152378711098e-05,5.348394811501428e-08,6.751574890444255,528.9435844944533,6.415416976517162e-06,2.962200962841788e-06,0.31067817137774223,1241.2370439793294,0.019857356035141115,-949.4115982543444
886,0.5983607957987768,82.6459526304647,0.25529115740386676,82.14892048238377,0.24174099067706367,1518.1116329296729,1500.297184866296,17.8144480633781,0.2243971137236552,0.10049963949260324,0.995647241975722,3.9184705226442765e-07,3.7799990622079126e-07,1.3847146043636259e-08,4.5029953971855536e-05,4.497811482610317e-05,5.183914481588886e-08,4.332295911752506,959.1094912147005,5.907034397456242e-06,3.21640685779069e-06,0.27562948186578434,1149.674422299081,0.01915260170426264,-1214.0906612366707
887,0.6197422162107428,85.53902920132681,0.2539240490493272,85.04214213939917,0.24296301287833377,1146.628825640766,1127.9459628033826,18.682862837381784,0.12222047468605626,0.10477503098604239,1.0227257229717819,3.875211753244251e-07,3.7031724886148234e-07,1.720392646294282e-08,3.989906951698198e-05,3.984481112217072e-05,5.42583933172843e-08,102.3633439583661,635.349864697828,6.498487331129897e-06,2.612241296463203e-06,0.2841589894287477,1176.178708603922,0.017634118418142653,-748.6914725900533
888,0.6491317219447278,96.4076968464953,0.27444912396859356,95.92085591932924,0.21239180319743423,1542.6431684231916,1523.0649487871478,19.578219636041126,0.09132971647729649,0.12038303776406702,1.1400909206818977,3.7378050705280423e-07,3.5741688139006814e-07,1.6363625662735902e-08,4.0631938080480195e-05,4.057513916502784e-05,5.67989142470813e-08,4.930479362911663,836.6902382230534,6.211923065645975e-06,3.5799902625912634e-06,0.3100042407026463,1333.991654146223,0.0193893887010106,-1333.884625814262
889,0.6295413381184034,97.17296766789053,0.3213737298688446,96.63868944706132,0.2129044909603402,1611.9753229092946,1594.5130858803625,17.462237028932684,0.20671421487863334,0.10531218989011973,0.9986905927985563,-2.9490016490433683e-07,-3.10094127967806e-07,1.519396306346928e-08,-4.30495088218312e-05,-4.3107205990526664e-05,5.769716750444398e-08,15.401085172838437,412.9217392957048,6.993897633007891e-06,3.3213899798578524e-06,0.2743953948234169,1356.5233489406328,0.01983682411682513,2216.807955325021
890,0.6076687112929231,73.47412304089708,0.2230113816451392,72.9410031003976,0.31010855885435307,1261.9318222475936,1243.7014281661984,18.23039408139549,0.11512945946617605,0.10111053140989862,1.0604505154299269,6.878100563177724e-07,6.724119803657835e-07,1.5398075951988873e-08,7.737491277004518e-05,7.732036760456137e-05,5.45451642483285e-08,3.741677510171546,377.61688109323325,6.294361023097704e-06,2.7257783591656603e-06,0.2810188093045821,1001.5940673822877,0.020135609049659702,524.4378785365952
891,0.6337540611092303,102.11157087223212,0.31027328717549135,101.52015081439562,0.28114677066100646,1532.1993937817117,1508.9801233840606,23.21927039765118,0.16881442308623276,0.12203966618196337,1.155367750382981,-2.559944284641118e-07,-2.7134410718013634e-07,1.5349678716024497e-08,-3.19189180936147e-05,-3.1973296781394165e-05,5.437868636753737e-08,5.751820699121927,626.6303528279774,8.502344990600506e-06,2.6459520212019073e-06,0.3123411331637722,1477.3134904542826,0.019914957895821147,-2711.406213929862
892,0.675838557230153,97.7958989585123,0.3197010206176598,97.25060475170521,0.22559318618942936,1568.8261942247952,1553.0878451679132,15.73834905688168,0.10695411603032313,0.11596190060439256,1.1647153456551342,-7.906081548351791e-07,-8.128379092448603e-07,2.222975440968115e-08,-9.780283261962099e-05,-9.786351769059461e-05,6.068506989070208e-08,10.351806386695145,500.38890214099564,7.3506691845093e-06,3.2854812124422704e-06,0.3099934423059184,1347.7032107162004,0.019458218969879298,-3695.1618712116287
893,0.56095575419288,72.78821764043701,0.18162365587157936,72.30663103130024,0.29996295326519107,1457.2680907442912,1439.6045101780003,17.66358056629058,0.09953482786727925,0.09116027492452322,0.9003399626219878,2.0079829470145725e-06,1.9906332067098187e-06,1.7349740304753425e-08,0.0002309846501355213,0.00023093310796134885,5.154217262074968e-08,23.147688874872088,709.1332027000198,6.952063389545034e-06,2.4900694107846865e-06,0.25471132963784665,1007.1249406503853,0.018580228906454332,2032.0251097593246
894,0.6341351174995508,105.67813415495648,0.34122706540609976,105.1508046987059,0.18610239084449226,1588.3130421731687,1568.9960791122885,19.31696306088153,0.1458159895004295,0.11987750404901706,1.1282156456653922,2.740539442318212e-07,2.530813601220764e-07,2.0972584109744717e-08,2.8444291221905573e-05,2.8382588750843085e-05,6.170246969096801e-08,22.510566398894806,412.71158184658003,7.632298231508998e-06,3.1468954495273e-06,0.3061361228652475,1456.1135345860066,0.018889351105089373,1695.955534276014
895,0.6017511243736087,90.85485139078278,0.271649373361202,90.23670505216658,0.3464969652550096,1317.2318732977978,1293.567166889848,23.664706407951517,0.10203406086434241,0.10716647985794962,1.0304346760167327,-4.078294456238977e-07,-4.2038499611351753e-07,1.2555550489619741e-08,-5.3411095469418484e-05,-5.3464778297248706e-05,5.3682826973607915e-08,6.059975472673866,474.22432277264284,8.174274473491136e-06,2.7196844559874854e-06,0.2726786747903646,1287.9587827183805,0.01767490340177742,-280.19598114067776
896,0.7389912560727981,122.31708041682361,0.3590323869291582,121.5193507829662,0.43869724692827355,1395.68465819612,1373.2846069162233,22.400051279897824,0.27830631986871723,0.13429721345768109,1.2570758467172127,-3.454868590126859e-07,-3.6213751434267175e-07,1.66506553299859e-08,-5.1760739982877924e-05,-5.182352803475193e-05,6.278805061536671e-08,13.251322429807395,790.5726780822253,9.75554291298653e-06,3.719533764223824e-06,0.3337212963944019,1729.6848221073024,0.02194380924056356,1152.2311896061874
897,0.5930397073877793,79.00220729089624,0.23666763246063197,78.48032361710915,0.28521604132647943,1366.537793821033,1344.7200658849556,21.81772793607585,0.19595648793444595,0.09910237719457421,1.01505543934926,1.8260144943448807e-06,1.809428939474611e-06,1.6585554870270268e-08,0.00020877292802101743,0.0002087190399893407,5.388803030646564e-08,15.434536621773503,627.6992927680557,6.163218331236034e-06,3.602200345693824e-06,0.2676209713452765,1121.4307159126365,0.018792616284349275,1079.8259208129857
898,0.6750013797166834,94.36285684467263,0.2827346574245819,93.8959820907899,0.18414009645817855,1352.2580258915732,1330.975839330974,21.282186560601897,0.2412846073331752,0.11605666230024453,1.1602291787798138,-6.905052332608971e-07,-7.051325379099106e-07,1.4627304649013456e-08,-8.753442018318692e-05,-8.759092949814346e-05,5.6509313778105036e-08,6.7629722053102705,436.0529373766266,6.712021319800499e-06,3.5907083509142994e-06,0.3084285918073252,1317.5396928185091,0.019119407186391536,1820.3170779390312
899,0.6945459266594575,97.70777038950193,0.3041026458984982,97.0856284919786,0.3180392516248357,1611.3044775590356,1585.1015327955383,26.202944763500504,0.15266830543544951,0.11159897217519683,1.1492274697097093,4.79969569417253e-07,4.6289993004285273e-07,1.7069639374399922e-08,5.3512412718784365e-05,5.345678609550467e-05,5.5626622012614515e-08,7.200610966131906,444.36664126945794,7.26952731090688e-06,3.7059915478302326e-06,0.2865657364673727,1330.3937491153656,0.01858919544227183,-4567.384116766887
900,0.6068048630176086,79.18285105780619,0.24900019838192028,78.6198314819891,0.31401937743519104,1653.7506933992925,1626.6489945923095,27.101698806980878,0.1126589985574554,0.09247067714856932,0.8815975446696387,6.527100919668154e-07,6.378481822554085e-07,1.4861909711406611e-08,7.318812351514743e-05,7.313534855039839e-05,5.277496328625822e-08,12.964876906092053,383.02628346606645,6.098877338577468e-06,3.2176345157446045e-06,0.2490759818205962,1095.9921576848,0.018187465145541117,1330.4909256895698
901,0.6222246766975461,87.40267966101743,0.245367207434227,86.81161804534105,0.3456944082421672,1335.4879925374305,1315.6075241552142,19.88046838221532,0.6840695427357837,0.10184836776616069,1.0006367965122498,7.728723017169745e-07,7.577507861826268e-07,1.5121515534347693e-08,8.618178562602399e-05,8.612925999793436e-05,5.25256264166877e-08,7.879884063348812,554.43602295515,7.1747295177919855e-06,3.2439743446281773e-06,0.2717546664497015,1231.9558452316558,0.01775107139727736,-2939.6399690513426
902,0.7428815905381992,146.04388217525343,0.3872359994526733,145.33615333639824,0.32049283940251383,1545.213530018345,1523.034845386466,22.17868463187609,0.18768334049435903,0.15121677367457884,1.3791963024875575,-2.606770838860421e-06,-2.626224464136737e-06,1.945362527631705e-08,-0.00031799712649243863,-0.00031807903659781416,8.191010374113999e-08,45.021146017086345,612.9579182808038,9.226804768587014e-06,4.068845249050261e-06,0.3585201580569103,2092.1800971055445,0.01946675984472773,1368.737870478606
903,0.6468238457715646,97.6305540515483,0.29234977990807365,96.98765641882798,0.35054785281224077,1331.757935229946,1311.8854287553402,19.872506474606645,0.08017988286361476,0.11311649550645497,1.0508687350421586,-3.864982348420756e-07,-4.0215086960668673e-07,1.565263476461094e-08,-5.0009201736282087e-05,-5.0064959260223873e-05,5.575752252522812e-08,14.34980477053393,468.91589772151906,7.691398193338123e-06,5.294105024903983e-06,0.2906911318959515,1374.6972700771557,0.01874804999797659,-713.369066675943
904,0.5930419779375157,85.05162886446574,0.2513208749372431,84.52231720783243,0.2779907816960526,1159.8714603584558,1138.222499174859,21.648961183596953,0.10161376235337687,0.10080702105754727,1.0016058145011382,-2.9933114690226293e-07,-3.1507522360140914e-07,1.5744076699146275e-08,-4.031815524613961e-05,-4.037213736382994e-05,5.3982116295576664e-08,11.353892912789028,513.0153398426537,6.101204638944576e-06,2.3579404589023763e-06,0.2752516679127466,1184.406448839466,0.016338830818558244,-186.97069720867512
905,0.640490619925326,94.19852204717921,0.26463918656811786,93.65185129908414,0.2820315615269524,1468.049771971522,1447.1116680675086,20.938103904014127,0.10984725814997498,0.12280171034878537,1.1585286239234325,2.759545163496369e-07,2.5612619334049556e-07,1.9828323009141326e-08,2.4512707554227636e-05,2.4452419859129955e-05,6.028769381333392e-08,8.555829643536253,573.3894028436237,6.978152330035133e-06,3.085979940671245e-06,0.3203869327148946,1348.8805296087294,0.020043291818070033,-218.84124990103737
906,0.6402419054751083,88.73204042390557,0.2451699066094058,88.2701864454754,0.21668407182076807,2024.6914858667844,2005.211964495645,19.479521371143043,0.22989128767807612,0.10632281783121335,1.0684442595694468,-1.2534607392943206e-06,-1.2694774329715476e-06,1.6016693677227768e-08,-0.00014997561705203338,-0.00015004059556229866,6.497850878925709e-08,12.123529938955054,648.9754266529048,7.843500177166342e-06,3.169282585762479e-06,0.2835265885646571,1248.0998373646091,0.02086094855388378,660.712846049686
907,0.6943856214528009,103.84938798394967,0.3476712092523194,103.12775715930809,0.37395961538927636,1567.6886813087392,1541.803553407133,25.885127901607586,0.07660646891038614,0.11531235583116049,1.1094038022564612,5.471793778961355e-07,5.288986591953777e-07,1.8280718700758056e-08,6.262002953577497e-05,6.255817689804631e-05,6.18526362305432e-08,13.998393680999264,563.665161843985,6.979157373726368e-06,4.545200979662855e-06,0.3026491548156149,1443.253513376398,0.018590715904330413,1374.7742958025447
908,0.6218052956581709,85.16726280270409,0.25872720822710965,84.43824598657918,0.470289607897806,1773.4555736602765,1749.754128753241,23.701444907035874,0.08694771735247019,0.10467716708840848,1.0548332358474768,6.506778002246896e-07,6.337587363727906e-07,1.6919063851898878e-08,7.372084609235101e-05,7.366685754695964e-05,5.398854400871338e-08,18.371115108497012,607.8190361384345,7.20233524985497e-06,3.885016495034537e-06,0.27525673243264315,1224.2860171363031,0.0179711289059276,40.219974030638696
909,0.5315436339249207,72.17991123112294,0.24290575493965044,71.8282046401769,0.10880083600638014,1612.660576378895,1593.5803411034667,19.080235275426933,0.08368832621009624,0.08453570403306357,0.8270573899232605,-7.586145456079917e-08,-9.017717740225499e-08,1.4315722841455847e-08,-1.5387134611068935e-05,-1.5436963768732517e-05,4.982915651665709e-08,13.49408732648757,245.74396009230588,5.844688167066144e-06,2.944200114247281e-06,0.2308624354656912,983.2623079804349,0.018180429635332822,-208.33640031351388
910,0.7279853523923365,134.5271672823478,0.428342883863909,133.88759020804457,0.21123419043928565,2054.6188208873323,2025.2172099304148,29.401610956917622,0.26581030797481753,0.1410458482341446,1.2492261093795356,1.2620629225543e-07,1.0923811923117808e-07,1.696817302425183e-08,6.2012780053454175e-06,6.133165886150737e-06,6.81121176675121e-08,14.744666357161538,767.5657844778618,8.061469081891602e-06,3.5242082441517027e-06,0.3445769933386151,1881.9344373583594,0.021391316687803762,2396.6656545944315
911,0.7373651067764015,135.57489772747917,0.43597326724544255,134.85339150894401,0.2855329512896902,1615.1182633280723,1588.1239675534712,26.994295774600822,0.17288223722818935,0.15574618556496192,1.3767637670963466,3.4610256448234836e-07,3.2710397131212086e-07,1.899859317022757e-08,3.858161385906431e-05,3.8515938622795265e-05,6.567523476124773e-08,6.109330007081654,439.8969288970785,9.732743262084213e-06,3.322672050610513e-06,0.3757187293925158,1947.0982594230666,0.018628821415215095,-315.8326546569333
912,0.6963506128612545,103.38138024114869,0.3314983622906147,102.84151279555452,0.20836908330352705,1529.4667242016083,1502.8113912965737,26.655332905033486,0.16665247256668855,0.12782196722066316,1.2431352214033264,-5.969815083800503e-07,-6.115548799008091e-07,1.457337152075852e-08,-7.881759404537886e-05,-7.888536819979548e-05,6.777415288499887e-08,16.034906546128063,322.1774957930699,7.455143533758935e-06,3.036521985154427e-06,0.3147862380156743,1438.8294230558445,0.01904919176842381,1597.199334157911
913,0.537922875387294,65.95122323583733,0.20070282390233377,65.52164927186459,0.22887114007041456,1310.7104085257292,1293.9988481727432,16.71156035299031,0.18937916153091272,0.08131443890871068,0.8313929102330356,-9.947349353256424e-07,-1.0083936669044604e-06,1.3658731578817389e-08,-0.00012407622098566999,-0.0001241288574518721,5.263646508176073e-08,5.472016313147897,486.4250289895839,5.394354915999446e-06,2.2224694521051312e-06,0.2392350506940168,920.8459699537939,0.019153105183649426,-59.749113808284164
914,0.6629758435785439,91.30532370860756,0.26819200871629045,90.70727189721475,0.3298598026765083,1457.4039671122753,1439.6729433822154,17.73102373006198,0.41691993408849115,0.11407767682899404,1.0990551714427181,-6.410028881953674e-07,-6.556882935736464e-07,1.4685405378279014e-08,-8.678252497520645e-05,-8.683743600855285e-05,5.491103214769578e-08,8.026781332629502,517.5303682117502,7.69060317784462e-06,5.072739476633143e-06,0.3045328467438782,1314.0072609993808,0.01935964802869542,88.06856093958777
915,0.7382193766774201,124.65041142410007,0.48402783592439874,123.87862631815982,0.2877572700158596,2020.353000786323,1997.7077582879326,22.645242498392594,0.21128880713760867,0.13260648116893234,1.229438280034228,-2.0999568992926705e-06,-2.1196558312900764e-06,1.9698931997405725e-08,-0.0002521995356122098,-0.00025226929730038777,6.97616867237741e-08,31.04259331970194,587.2214825396798,8.102972655382424e-06,4.054529828419391e-06,0.3208143409488339,1748.782419762662,0.020203587371459653,5253.070430823431
916,0.6943642376347728,92.03118091536341,0.2723697622073983,91.62976616412867,0.12904498902733805,1403.2868074704465,1387.5591886186728,15.727618851774132,0.07938478324487228,0.12938731838888612,1.3118030239178078,-9.051561799643289e-07,-9.170265801686425e-07,1.1870400204313753e-08,-0.0001106343150127484,-0.00011068635727580767,5.204226197263139e-08,3.752151395823785,654.6432486239688,5.715523273248904e-06,3.1568766075854384e-06,0.3346963067993184,1263.588255405746,0.019548408546901066,2.1338436690602975
917,0.5714989762147401,74.73781487972653,0.20673035158585665,74.3216475412798,0.20943698686087156,1225.2627559542536,1208.511955629436,16.75080032481785,0.21475525589926064,0.1018034175248998,1.0114338104539449,-1.6309909053325975e-06,-1.6492617994210673e-06,1.827089408847005e-08,-0.00019844363611921188,-0.00019849680488868087,5.3168768130635155e-08,8.220129916371327,665.03099192423,5.933748660472381e-06,2.377395881868676e-06,0.2844683989420051,1036.929232435973,0.019498647850796833,1294.2921819867843
918,0.6155425224611318,79.55842667925243,0.23360482748286357,79.09824785225585,0.22657399951371276,2183.685883603923,2165.290000039446,18.395883564479636,0.14505440848986192,0.10388467235257609,1.0987992819959924,5.802829553211223e-07,5.672387724315727e-07,1.3044182889549921e-08,6.063544147790748e-05,6.05829711511519e-05,5.247032564298369e-08,16.093781782155816,471.8052801118133,5.736808946623353e-06,2.663765018305863e-06,0.2855231905303726,1094.2656834483444,0.018772916344895172,-1265.9650876294727
919,0.7014607537174549,117.18173212073029,0.39629714854101095,116.67715506441463,0.10827990777464744,1715.0319501318133,1686.071122453597,28.960827678216724,0.12926537982234396,0.12705670148408882,1.16696777855273,-8.320956550888395e-07,-8.481682712989833e-07,1.6072616210144025e-08,-0.00010634632382583377,-0.00010641015805895055,6.383423197113379e-08,33.051365614623926,982.2652296318865,7.848928066381256e-06,3.930644817304943e-06,0.31306977680988207,1632.1985117289814,0.019766500404399066,-351.99600614693554
920,0.6150324636517203,71.87749007902156,0.20463147077212324,71.36412918191758,0.30872942633185796,1162.4624457940686,1146.0261094095224,16.43633638454618,0.08656067265740357,0.09294842160032028,0.9595969527813338,4.4877632823256364e-07,4.340555180355738e-07,1.4720810196989823e-08,4.737096895060629e-05,4.7319779184823256e-05,5.118976426739878e-08,22.68116150733748,439.23902177088473,5.932262043540082e-06,3.682288355106035e-06,0.2624760399159259,982.9056852442739,0.017878833574348274,289.7966180563744
921,0.6254495159952324,82.08051381840461,0.23791690098883583,81.56384265963106,0.27875425778472923,1544.0533770491572,1521.3333399659396,22.720037083216397,0.08656618280766677,0.09691506417725246,1.0525403953893868,1.2867037716838594e-06,1.2736918692625917e-06,1.3011902421267938e-08,0.00014671616142374378,0.0001466624444901565,5.371693184187606e-08,13.42353325006507,715.813539340962,7.110498656672072e-06,3.4954704628193613e-06,0.2557651286438332,1149.7110056222677,0.020938832233617317,907.7295945882506
922,0.615176913063646,93.01218461370287,0.31760232811858485,92.41488010451006,0.2797021810742322,1786.346450449263,1766.84905639687,19.497394052394,0.08600475551839654,0.10315442630445161,0.9808290104535519,-5.036211982111502e-07,-5.197552869189675e-07,1.6134088707817112e-08,-6.890122393105517e-05,-6.896037734412741e-05,5.9153412072451743e-08,8.349302925016865,1184.4058778502101,7.013425692023142e-06,2.5042265541855714e-06,0.2734682829358792,1250.2233556784252,0.01912217125036136,-2425.830870614307
923,0.6547378648287803,95.81652966131003,0.3272262093861898,95.19520001907863,0.2941034328451927,1667.6699545859663,1638.920755830575,28.749198755392246,0.16494965484557228,0.12520648874018026,1.234056362974391,1.8902882996966151e-07,1.703542581653761e-07,1.8674571804285506e-08,1.778965023880839e-05,1.7731247492640463e-05,5.840274435782223e-08,7.616927937080869,59.818264819747384,6.691369216617514e-06,3.3729058858506845e-06,0.330109116741415,1369.2726569021086,0.02019249902850209,-620.413411052763
924,0.7668861871638919,147.51190369570412,0.5168097385594842,146.46008553151393,0.5350084256306997,1270.5276735528846,1247.0416263783222,23.486047174563573,0.15707281822835795,0.16035133986588648,1.4316187413833985,-8.394372377230297e-09,-2.668093039457332e-08,1.828655801734304e-08,-4.72056739058662e-06,-4.787697882478551e-06,6.71304907330302e-08,79.92638033573805,834.2357967291383,8.596281246143664e-06,3.3737815731829525e-06,0.37214892801791183,2034.5677290765962,0.01752391343748449,2148.4605543564358
925,0.5879162382133887,83.36628262192023,0.22813447694203107,82.89648768935064,0.24166045562754007,1587.2985288574857,1569.0208692511544,18.277659606331373,0.11512744556972247,0.10638990018560773,1.0662043195218753,-2.190530849951216e-06,-2.208227900776166e-06,1.769705082494988e-08,-0.0002640277803182718,-0.0002640793200588203,5.153973877801799e-08,35.56752892661402,719.8225644633808,5.88176157820709e-06,3.192144630237781e-06,0.2844693424002666,1160.1383751778983,0.019112422292630576,-1373.459456460023
926,0.6145637559039059,72.54243491410978,0.21521299150747464,72.01339459988394,0.31382732271835717,1961.7422915464272,1941.002311867168,20.739979679257804,0.07874843759400432,0.08956757701366756,0.9357804232198247,1.0791282773466207e-06,1.0664033752249975e-06,1.2724902121623755e-08,0.00012433259996608528,0.0001242820284454457,5.0571518977779626e-08,17.772338639221186,352.1530495604873,5.179380199952086e-06,3.2331530068636973e-06,0.25987322921170325,967.149186726259,0.018778362490212964,-4070.236545259271
927,0.7120302931918283,110.45461301669664,0.36291849554544636,109.75079231706246,0.3409022040887391,1701.1821862293205,1665.90798820132,35.27419802799835,0.18489481115086395,0.11906627821335533,1.0920661123771223,8.262889700283496e-07,8.107275364780637e-07,1.556143355028609e-08,9.244765279380914e-05,9.237935340044879e-05,6.829939195554153e-08,68.47319395350365,483.2089422681924,8.118412269347561e-06,3.1139877281730278e-06,0.3023891910149115,1573.1157592696022,0.020081517212030928,1417.2734045702637
928,0.5727856838822057,77.6932841337827,0.1911409332163793,77.23756577583498,0.2645774247313376,1421.5651184145245,1402.5029420315238,19.062176383001304,0.11428347404060772,0.09886915134700838,0.9470003970266567,-5.903614593852454e-07,-6.03272465995145e-07,1.2911006609899419e-08,-7.470900388409386e-05,-7.475963865102092e-05,5.063476579094202e-08,34.55579751242863,275.1722720494511,6.922331867280102e-06,4.830704496831706e-06,0.2606976338865353,1107.6722243007334,0.019079366106916018,-1373.2587271293596
929,0.6708208254856586,116.50222599893317,0.3467321924400556,115.67375210706645,0.4817416994266587,1462.749481656463,1431.8959203353147,30.853561321147644,0.1446595735963093,0.1344372007628338,1.2189614890804321,1.222905103141196e-06,1.2096007050985749e-06,1.330439804262035e-08,0.00013807017100995352,0.00013800611971759958,6.40512911115328e-08,16.97328255953965,326.3307531513819,9.12332063342858e-06,2.5550436689845535e-06,0.3265698793851858,1638.5266827340345,0.01815065833127483,-1889.0666332471046
930,0.7325513599428293,114.31896722669535,0.3622767785648488,113.5885282608037,0.36816218732679457,1429.4066150923245,1399.0757192857004,30.330895806626145,0.15234881111072682,0.12889861541300668,1.2251983550830918,-1.7377341370748392e-07,-1.899040077789751e-07,1.613059407149106e-08,-2.4169019531758147e-05,-2.4230719935947592e-05,6.170040299309216e-08,13.648032266807832,436.81917376127524,9.004371730532897e-06,3.1068379544314323e-06,0.3278308475205953,1592.9134222597525,0.02000405764949267,2807.4296692151765
931,0.651917388163832,87.28880069494772,0.26437283365244707,86.76823331975703,0.2561945415382535,1303.2842128563827,1283.9512224916052,19.332990364777576,0.09907654026935012,0.09888740883093436,0.992377303194068,1.1391596824916216e-06,1.1240148233745593e-06,1.5144859117063297e-08,0.00012936701236847525,0.0001293149584251323,5.2053941304138305e-08,62.6088163468141,490.0945443256231,6.097251641001622e-06,2.7553926667489467e-06,0.27034241104287293,1213.5436017291904,0.019857623536532996,-786.8564507758783
932,0.7318319754692101,122.82634685550745,0.39026718115156434,121.96820816322496,0.4678715111309058,1927.8513860376925,1901.8654897451004,25.98589629259207,0.22192861135619507,0.14146505392119038,1.2978812416432706,-4.255007292718472e-07,-4.437479983747865e-07,1.8247269102939187e-08,-5.212336525849862e-05,-5.2196902476853387e-05,7.353721697603071e-08,52.83054301782688,-209.81304356888575,1.1888527146312838e-05,3.2921299260566264e-06,0.3477229943983161,1754.2441423337314,0.01918118115843371,69.85098999558613
933,0.5808717024215111,59.51163874659249,0.15372942202729348,59.12996792242584,0.22794140213935643,1332.1694277493168,1320.3827251517102,11.786702597604785,0.1018634455194711,0.08655220964531693,0.9088628920086345,-9.523153995986082e-07,-9.65684058952858e-07,1.3368659354249454e-08,-0.00011653628125497432,-0.00011658130127306135,4.502001694359041e-08,6.566650068425828,56.70680500719666,5.151151286968235e-06,2.5848243294750917e-06,0.24152509900281466,826.9728899578392,0.01800035011810441,1047.664164510068
934,0.6274774732883109,88.5709264329597,0.22337230960773324,88.15547614136747,0.19207798198450424,1649.104320865459,1630.1525527567187,18.951768108743224,0.09344318178541955,0.10895502359286965,1.1083495191099244,-6.771488961861942e-07,-6.902720048307693e-07,1.3123108644575141e-08,-8.716974064946476e-05,-8.722824983084693e-05,5.850918038537191e-08,8.27253795536199,397.3421157643779,8.004302703692458e-06,3.4977383069118655e-06,0.2884793366356139,1194.0151209309406,0.020173876286433606,1514.9881224285273
935,0.6137424820584433,76.10825969135202,0.2295308243317691,75.60430142134356,0.2744274456766939,1497.4436663071333,1478.4773089746843,18.966357332449704,0.12667081641894626,0.09996512132232267,1.00645549151424,2.0398909232208582e-07,1.9151984096140904e-07,1.2469251360676758e-08,2.2140548439425664e-05,2.2080251851299654e-05,6.029658623413635e-08,5.199390726825499,137.41517625660717,6.334362791346261e-06,2.830031565805924e-06,0.2781335738164257,1055.8331035977867,0.018756861865909847,167.77860694480114
936,0.6143623452700083,72.31646827244904,0.22684863833261892,71.85571238236122,0.23390725175520302,1499.4945119230435,1482.3220798130924,17.172432109951615,0.1203072031128233,0.10258289075029171,1.0495415740487708,-6.062322831912338e-07,-6.211524007759578e-07,1.4920117584723964e-08,-7.522645956684559e-05,-7.527465948998512e-05,4.819992149801716e-08,3.8271279344082645,670.5711542691864,5.999402515453064e-06,2.935470448645428e-06,0.27619307381922886,998.903144256206,0.01759775227838103,-239.58778787958363
937,0.6980816169584194,116.15305739627522,0.36235302874372916,115.34678892936542,0.4439154381660676,1713.7458582387005,1687.8412759938187,25.904582244883404,0.23645392951696925,0.12440001604226328,1.1300342348319403,1.309313845697067e-06,1.293306972174544e-06,1.6006873522522335e-08,0.00014419297249478453,0.00014411371657163915,7.92559212819695e-08,7.1369517829756735,115.51355861509785,7.367862437108909e-06,3.8637765362877555e-06,0.3180958057357154,1568.9910154145007,0.020934490709411797,-936.3290351882351
938,0.6169497030847662,84.02149939825036,0.23794708892258454,83.49726252294352,0.2862897863842695,1318.6624052994628,1301.9782916451477,16.68411365431604,0.16123623479049384,0.10017859349027237,0.9891112471471495,-3.000424331286311e-07,-3.1354512912949483e-07,1.350269600086389e-08,-3.8612226532148334e-05,-3.866133477850104e-05,4.910824513218327e-08,19.604994738331413,392.84619493838903,7.347460153244658e-06,4.57392397076053e-06,0.2578989321783441,1151.1094225701192,0.018251803653529776,326.6745018970905
939,0.6236960420252654,86.42300308238482,0.23753798752214944,85.95219957069673,0.2332655241659525,1717.9091623221589,1700.1586445282676,17.750517793891646,0.12319674525392471,0.11404192159969537,1.1438770613243427,4.804744953400753e-07,4.6369660785265955e-07,1.6777887487415865e-08,4.929013286933373e-05,4.923760141824553e-05,5.253145021286762e-08,8.825628286375345,380.9987324897756,6.164297962209948e-06,2.9681772508460018e-06,0.3047624747778788,1198.4169683029133,0.019810051014643896,824.8828884670947
940,0.5500273400385827,64.642131575212,0.17116193516867537,64.25031554350717,0.2206540965361559,1128.9847835090818,1112.1728067150086,16.811976794073214,0.15624984886990984,0.08462367120720125,0.8903001601924029,6.647791713508209e-07,6.498158569598517e-07,1.4963314390969382e-08,7.723917489858936e-05,7.718683644105111e-05,5.233845637140805e-08,4.103330119686758,628.654554865703,5.817410479337893e-06,2.4959742402374323e-06,0.24953152804119075,898.2923961374829,0.018897844184982217,31.489718888384232
941,0.7571327375245336,132.20875422772426,0.4824259660082189,131.24250259691038,0.4838256648056399,1607.2928561020376,1581.8895859850497,25.403270116988555,0.5489332482626681,0.13806195980523442,1.2722650635006136,5.139144752433854e-07,4.963342171596465e-07,1.7580258083738913e-08,4.750895664296074e-05,4.743693438228876e-05,7.202225910708911e-08,10.683878065758663,1139.326800486039,9.86346813017402e-06,3.916985517885199e-06,0.34596298003695763,1876.1566397171594,0.019639505762798472,2871.905368150976
942,0.5612404360433637,71.69558084926102,0.20189668827108284,71.31520793324671,0.17847622774323169,1361.8412946088977,1344.376592678844,17.464701930053458,0.1201418200006894,0.08661038918878991,0.9019873210453309,8.398666854780118e-07,8.280731702808131e-07,1.1793515197198742e-08,9.218581981008536e-05,9.213369353197826e-05,5.2126276877891564e-08,8.69371505936663,583.9085712670864,5.8650587752229e-06,3.6198703372323243e-06,0.24331522975870168,998.3527157922508,0.01919666000269392,-867.1920834433004
943,0.5734867424403274,76.70677235066644,0.22861568142939886,76.24434435339998,0.23381231583703865,1272.9680611383524,1252.5692720149934,20.398789123358824,0.20839270369838825,0.09726126415577654,0.9633401405187844,8.649008784383605e-07,8.530596428099165e-07,1.1841235628443958e-08,9.894383338444528e-05,9.889277282283027e-05,5.106056046874841e-08,51.585470964308676,280.00844535856936,5.9683989469728585e-06,2.380203630823127e-06,0.2627535573387054,1073.1840908011727,0.01858200616829042,2704.1466939921265
944,0.6438886292080459,86.53250083635555,0.3179192541919567,85.90224837063263,0.312333211530951,1590.8821023989078,1567.2412537244709,23.64084867443643,0.13255294936370896,0.11377429951293916,1.1219928216673731,-6.222966839737329e-07,-6.377744281195524e-07,1.547774414581927e-08,-8.251210991800387e-05,-8.25636844986842e-05,5.157457954826831e-08,6.851029398327602,301.2197166618641,6.04451989170819e-06,3.6493319955322197e-06,0.3080951257216071,1191.93638234413,0.018272589116463598,-387.6254377093319
945,0.6516263429228673,92.03680161316028,0.34590899349671594,91.33908986940259,0.35180275026098556,1464.4317818635498,1443.4967539107465,20.935027952803573,0.12276666450536072,0.11185142229987712,1.0763794537483182,6.436392395267501e-07,6.257404718519025e-07,1.7898767674847523e-08,6.917591148198235e-05,6.91187160098089e-05,5.719547144420376e-08,6.867009064105343,202.024224579908,7.755675905446127e-06,3.190399052268065e-06,0.2971127211913299,1309.946499383571,0.019488546125265026,-769.3928452621294
946,0.5918732689028928,81.36934870889748,0.20934958084179472,80.86272017774554,0.29727895031015494,1673.5202034872123,1657.7887011601335,15.731502327076958,0.12032572157451543,0.10441456193570856,1.0500616460471353,-1.1038818571354135e-06,-1.1176345425878756e-06,1.3752685452462038e-08,-0.00013802253764173673,-0.00013807364169325255,5.110405015957442e-08,9.17537984215326,299.24492065815696,5.96680926602015e-06,2.8659725825759744e-06,0.2795094671866536,1103.1055934223764,0.01965897073734057,-1475.9300032096944
947,0.6773421948162779,90.79454098452796,0.2352314688326594,90.29456484266227,0.2647446730330127,1268.6112517643367,1248.4057202327122,20.205531531624636,0.07917988009207567,0.1129973709130283,1.1245126722994023,-7.431831146691424e-07,-7.579436362551197e-07,1.47605215859776e-08,-9.558612475973281e-05,-9.564696447872132e-05,6.083971671603023e-08,5.753581230525889,304.076043425825,5.984974131756776e-06,3.047172787533727e-06,0.29733568395050974,1230.813272682811,0.01788000118072981,193.09746791464931
948,0.634154134749263,72.2546657289815,0.19279931335744993,71.86710866501065,0.19475775061339684,1991.6540481363504,1969.1685641600645,22.48548397628442,0.07644739565944658,0.10670834790408075,1.0889675268516867,3.6502832110386935e-07,3.5138416868145097e-07,1.3644152422418319e-08,3.909790468476809e-05,3.9046105732085134e-05,5.179895113966992e-08,16.33794874455107,468.3146183044346,4.9016529190816286e-06,2.9025252017473677e-06,0.30046649790831764,1024.7972638020701,0.020751862162499957,374.1447476052599
949,0.6233408756846198,85.18230791154276,0.289691158849286,84.59827886166306,0.294337891030417,1530.1695313293383,1512.1121247189553,18.05740661038323,0.07780895512787994,0.10770980555634711,1.0781660625711558,3.0102266639672616e-07,2.8903205863552823e-07,1.1990607761197891e-08,3.267909223349457e-05,3.2627389585546655e-05,5.170264706290689e-08,6.3400192503607995,394.31543021160337,6.903822759516779e-06,3.2191626771526587e-06,0.2857809639905715,1149.395516938589,0.01855101303151606,-796.2707847385464
950,0.6584994390094422,127.83150194828414,0.3876726496135691,127.08454872144884,0.3592805772217347,1698.2726130290978,1675.176430996777,23.096182032319273,0.14397136664726712,0.13506013274453407,1.1856854703826782,-1.1324335437251326e-06,-1.1500774420737725e-06,1.764389834863995e-08,-0.00014313123333648217,-0.00014319730512684118,6.607178928696545e-08,13.375251700222599,311.6681831418599,7.989454745393664e-06,4.572010502814512e-06,0.33256450613421057,1792.7151598890214,0.019392919614906086,-2314.5617546705216
951,0.741664469232585,129.35203432675948,0.4398132126228531,128.53040636657474,0.3818147475618914,1249.5980414942094,1223.9788541735068,25.619187320705198,0.17092642147301468,0.1391912931785864,1.2458447952852139,-3.849737233049332e-06,-3.863365662544707e-06,1.3628429495374513e-08,-0.00046433426099659776,-0.000464400886186094,6.662518841677265e-08,20.78734522624311,677.6060702248715,9.407987532324056e-06,3.1593154042959884e-06,0.3325718949403505,1870.599336826513,0.018000068691589988,2214.4375798259825
952,0.5691791266224369,75.77174022395052,0.20880988115196858,75.31408677276201,0.2488435700365509,1273.2329803118,1251.2757338812735,21.957246430526222,0.09815986268263935,0.09848969774308647,0.9584330758630358,-5.829348415162036e-07,-5.989463803376215e-07,1.6011538821417903e-08,-7.965443248266277e-05,-7.970399494695125e-05,4.956246304753939e-08,11.11750797959237,134.2996470463036,6.5482270144691065e-06,2.5365815484082406e-06,0.26315130611470705,1019.8424319057253,0.017524997228694102,2037.728368878852
953,0.6443677792004753,94.68230881676273,0.29474419571312094,94.0772916638891,0.3102729571605053,1259.4971863257322,1238.5284121300633,20.968774195670438,0.09807156891632207,0.10592238302252031,1.0307563473437473,2.2136332810045704e-07,2.0613955907497687e-07,1.522376902548028e-08,2.171996437745662e-05,2.166480810183992e-05,5.5156273875953854e-08,7.172137751822842,592.8475816043383,7.456328391007166e-06,3.9742845002316545e-06,0.27391851896402064,1340.6364669887291,0.019630940783603227,-774.1829157761604
954,0.5701106541763185,65.45475048262479,0.17587228892630286,65.07719851552511,0.20167967817336133,1598.4621360028686,1584.1647530875941,14.297382915274666,0.12153127864687024,0.08363102828115805,0.8621077433876292,-9.453894594425023e-07,-9.58527577805086e-07,1.3138118362583878e-08,-0.00012005427520799207,-0.00012010223293277604,4.795772342920646e-08,3.9068478958618,155.08060920212966,5.442833406963208e-06,2.736647606603036e-06,0.23666699595193516,919.1660502806146,0.01726262913172398,1590.7270797927122
955,0.6368736618786159,79.31883753038892,0.2450911735369882,78.78674804092326,0.2869983159286602,1149.0055636022,1130.2340492022938,18.77151439990688,0.0922318710644204,0.09122151616073003,0.9208339534968643,1.192990464191089e-07,1.0581005556714058e-07,1.3488990851968308e-08,4.640724603971735e-06,4.585666403704629e-06,5.5058199188519434e-08,10.768896009023589,269.7719027599913,6.443220928160308e-06,2.4647348096016816e-06,0.25482895555432056,1121.1021405921265,0.019824424217068277,160.56121899764184
956,0.5833504127533937,81.9545433608947,0.23846290924476904,81.4649417537621,0.2511386978878297,1432.0654557895753,1409.054927910447,23.01052787912726,0.09234768195549536,0.09825123081278127,0.9406450510523615,-1.3140486918484032e-06,-1.3286784822484506e-06,1.4629790400047654e-08,-0.0001643611949801547,-0.00016441342761856114,5.223263754421147e-08,7.912024029068142,485.5658986253842,5.863724687994197e-06,2.6229193140179066e-06,0.26453011764370643,1134.7613593142319,0.018829250280526014,170.20875173628156
957,0.5717778177207384,66.11239273374363,0.17435874793098835,65.82322910850469,0.11480487730795086,1446.4350783670043,1428.6441899644703,17.790888402534595,0.10099231928766945,0.09081614869217038,0.9383943181525064,-8.354542295018928e-07,-8.497036973462904e-07,1.4249467844397739e-08,-0.00010404056393813813,-0.00010408894860772805,4.838466881844531e-08,5.462807675718691,265.44169421199047,4.922143655876664e-06,3.101017746912565e-06,0.2506598253064528,910.647855789095,0.018260222993476006,-1616.910007411323
958,0.7336417897000124,122.22545647136454,0.4266309680362711,121.34473964503029,0.4540858582979807,1335.0447054794383,1315.5912437971954,19.45346168224268,0.2678871895696885,0.12899149056350473,1.2191345534808642,-1.4556548027840008e-06,-1.4726605191209645e-06,1.7005716336964115e-08,-0.00017577005842023738,-0.00017583871828311546,6.865986136498088e-08,13.007598687213417,835.5519090226558,8.774570665663407e-06,4.237249908622159e-06,0.32483585741277343,1698.6296005484996,0.01982086186082912,-4381.9803679233155
959,0.6618139243209292,85.66544207691483,0.2719652616336151,85.05439050657581,0.33908630870540374,1578.2009507702953,1560.4523807763458,17.748569993951186,0.09513978631176817,0.11175431316692028,1.0938636489321878,1.799456234044171e-06,1.7866222700354977e-06,1.2833964008673051e-08,0.00021019605080071894,0.00021014221241805563,5.383838158104409e-08,3.961352643359492,460.9853261330148,6.559865854336491e-06,2.4941621507344025e-06,0.30202194913188135,1210.4914628537863,0.018657283210706484,-3163.553205072847
960,0.6550399580143829,88.35583151185061,0.3304787803459375,87.89561254069862,0.12974019080606905,1572.7665677616574,1551.8702289069304,20.89633885472631,0.17787479824931376,0.11532348810889533,1.1174731411701286,-1.1315452930014408e-06,-1.1448696218638021e-06,1.3324328862361929e-08,-0.00013844338079354064,-0.00013849840748434705,5.502668911002645e-08,13.55653455155258,450.1121398181386,7.488046611653299e-06,3.4568963237842142e-06,0.3027758985248523,1248.8394003608826,0.019929939102762594,1320.1130824907414
961,0.7010160806503534,120.80795380635719,0.345309729092585,120.13190487416237,0.3307392031022374,1567.436859769738,1546.997992837388,20.438866932349736,0.31793822737866295,0.12997410516077357,1.1674629269127796,-1.503367917987605e-08,-3.5065755488676504e-08,2.003207630880044e-08,-9.648478981226838e-06,-9.711647695807812e-06,6.316871353540565e-08,11.898771634274002,408.6743046874171,7.986312795193843e-06,2.95724975718128e-06,0.32118522976920627,1758.5195487467531,0.01924440395084382,617.3220827301375
962,0.5989272465407187,86.95993351043543,0.241041323310055,86.45950464040179,0.25938754672358244,1491.2471904716674,1475.4874200868787,15.75977038479192,0.23167679688646292,0.10409670574058136,1.0425716791762325,-1.502451634515857e-06,-1.5170631720799562e-06,1.4611537564099266e-08,-0.00018323312720943842,-0.00018328143020461456,4.83029939576384e-08,7.219472707348894,705.1714412221761,6.5281386330857884e-06,2.46596177103553e-06,0.2697168393030458,1239.433023752292,0.019597982952496876,2140.307621073156
963,0.5924923628136065,83.5327544733351,0.3153115579067084,82.94981954618451,0.2676233692438806,1346.3225636728969,1317.1456197400325,29.176943932864674,0.09800859938877995,0.09773756563813674,0.9703394750800665,8.237932282855989e-07,8.087548840168521e-07,1.503834426874712e-08,9.437843519737342e-05,9.432527888949748e-05,5.315630692305425e-08,20.1194811997064,541.5872725062959,6.757382244263415e-06,2.666791236706069e-06,0.26445135398483965,1142.488502921477,0.017805158325909884,1428.7490802417087
964,0.7806269941630344,143.60102081645616,0.5081315566250273,142.3906302227334,0.7022590370978556,1668.3537743493978,1619.2659469011421,49.08782744825458,0.3172964163849121,0.14773012117469736,1.3452489912811136,-7.689405318639699e-07,-7.923751876444494e-07,2.3434655780479117e-08,-9.516691728786352e-05,-9.523975430930698e-05,7.283702028036388e-08,9.46689003088919,690.0915426230309,9.545160187006349e-06,3.519081154052403e-06,0.35211939328528574,2029.516862583077,0.020259486133461718,1691.399858411114
965,0.6001371589396843,82.68471862405156,0.19967895979044242,82.25357934149795,0.23146032276315137,1472.4970555470866,1453.9248574912535,18.572198055834694,0.09269627452910707,0.10538226089453674,1.0294403992812378,-3.092357129454836e-07,-3.254918357659092e-07,1.62561228204256e-08,-4.210457681091768e-05,-4.2154739351677595e-05,5.016253947126758e-08,23.043794826467156,451.33869417849814,7.299765473033614e-06,2.5579092365788667e-06,0.27962539836083666,1140.2115206729013,0.02000375248279287,-1788.310361068914
966,0.636498703360621,76.62851061573798,0.20502410409789257,76.26005335058322,0.1634331610568841,1506.2458649914568,1488.051351811224,18.19451318023415,0.11103752315480947,0.10226368460385182,1.0475430127748193,1.7769539007332872e-07,1.5859482881821123e-07,1.910056125511753e-08,1.5692490432810602e-05,1.563761688177757e-05,5.4873549350896975e-08,6.01315382658801,280.42659621265926,5.724913135768326e-06,2.6063840036738827e-06,0.2848370883797952,1033.9781716819427,0.0195292751327969,339.12041861831676
967,0.5529329292659808,68.7774533342719,0.2124121521856921,68.36385769799172,0.20118348409447617,1463.7576414523817,1445.4261493835404,18.33149206884103,0.12374821491582882,0.08653623874221551,0.9031186413682655,2.273850769867506e-08,4.912391214292801e-09,1.7826116484382264e-08,-2.63385604316133e-06,-2.687252401695432e-06,5.3396357516195896e-08,18.607994234450494,203.5802677198648,6.278037048951133e-06,2.5251863934280316e-06,0.23753995602226113,932.4740178718479,0.01835742983681384,-186.5422964125355
968,0.57594555355939,86.70842219242914,0.21683131013708845,86.1689014627216,0.3226894195704355,1297.8140101730432,1281.1031591878173,16.71085098522548,0.11283676893170362,0.09744039734859933,0.9440498530600675,-6.004318368180843e-07,-6.210851343187408e-07,2.065329750065627e-08,-7.772614515394353e-05,-7.778028525762719e-05,5.414010252995782e-08,6.307570169662554,501.47410965281995,6.3689308258570775e-06,2.7925625628399853e-06,0.2618330128145464,1182.1445613158483,0.01829361034880929,-2070.2393124615483
969,0.6423430634795111,81.30008821291413,0.23931022859025058,80.84213016587064,0.21864781845325967,1477.4538294712754,1450.28171555274,27.17211391853579,0.12093365807387903,0.10930884708140665,1.0706474558108379,1.5609713648952984e-07,1.4088719565067502e-07,1.5209940838854867e-08,1.4295330989194905e-05,1.4242276846417844e-05,5.3054141517886964e-08,5.830586782728205,143.14473290202955,6.243296636753975e-06,2.7654124052331283e-06,0.2966132653418681,1186.9010304395783,0.01832261487160529,-737.9022721606489
970,0.7414295509969812,114.71687198075719,0.31424243212119984,114.10084690473151,0.30178264390449133,1429.4106684754233,1411.4671904993588,17.94347797606412,0.4103671579997867,0.1359294695847064,1.2798776100782523,1.679497844888116e-07,1.5261610649305188e-07,1.5333677995759654e-08,1.9629528162021576e-05,1.9568705157493384e-05,6.082300325749747e-08,9.586259023602274,509.70968135708364,8.111905221449974e-06,2.9799503690862653e-06,0.3417348707331206,1616.4160308590772,0.01808049103648703,1843.7768172586693
971,0.607969777407774,78.24821855706017,0.21942907594121008,77.81877610706982,0.21001337404912385,1256.1978364479016,1238.6876356207574,17.51020082714502,0.12673398951538659,0.09616468369393465,0.9037512721292661,2.2253400034973763e-07,2.100786504100539e-07,1.2455349939683722e-08,2.4149499600726914e-05,2.4099552546304112e-05,4.994705262987122e-08,10.162454233813417,303.92977815371745,5.926939539739042e-06,2.6850185909847842e-06,0.26288466666509214,1074.6395262716615,0.018059480161124856,-1344.2113299804842
972,0.6036998193681065,70.81585311749085,0.2270329146407763,70.39482419391324,0.19399600893683472,1390.7179072441195,1370.1036594814445,20.61424776267628,0.24800518216944803,0.09405479885025042,0.9343607057416462,-7.383285918795577e-08,-9.145861718406116e-08,1.7625757996105436e-08,-1.3602404324620904e-05,-1.3650576298385574e-05,4.817197242472763e-08,9.454644616186961,469.4051471854907,5.5298703344895126e-06,3.876025036019821e-06,0.2528832290246856,1001.0168228450009,0.01827499037542461,-116.22696294925845
973,0.6229601183258863,94.78663158286594,0.2842850039276379,94.10637834003919,0.3959682388991093,1697.0677999568936,1675.033053489161,22.034746467733203,0.15486668730577213,0.1072916688768032,1.0468502287021233,-1.291232340226936e-06,-1.305536157254632e-06,1.4303817027696596e-08,-0.00015843810967616255,-0.00015849587302508268,5.7763347711524306e-08,12.48737300675067,1136.8158419040276,6.100954133114096e-06,3.014343888388633e-06,0.27863978998606154,1318.0096276880531,0.020991537831008003,267.22118087840863
974,0.6036591540171562,91.53746581013088,0.279769312188153,90.95493822762856,0.30275827031416647,1880.6270879306633,1863.8019197772956,16.825168153367024,0.07536336648034546,0.11062332086866207,1.0362856588684244,4.856119380512434e-07,4.6578661929389185e-07,1.9825318757351824e-08,5.2197667109251244e-05,5.214093640747613e-05,5.6730700133484654e-08,21.088072389258674,-237.4466891880452,7.174787165932968e-06,2.805197531193099e-06,0.28524047035485606,1287.1039334357379,0.019365869375784463,1045.4646481518394
975,0.5690146260718603,67.77383171346237,0.20144707982396717,67.3498233074444,0.22256132619401972,1320.8082112105992,1306.721802504332,14.086408706269136,0.1514800294900614,0.08554976051391887,0.8963147723220825,3.4373178237362234e-07,3.2682187655584625e-07,1.6909905817776148e-08,3.5403599504060164e-05,3.535241898169934e-05,5.118052146997078e-08,16.742429919966405,463.65782726279986,5.167046937106407e-06,3.586403940268183e-06,0.23651897407489292,952.9025462187092,0.0175909099278809,-2323.7833013055388
976,0.727049982844651,123.02083736061002,0.4189323830750372,122.10995892239171,0.4919460551432924,1289.6067304525748,1263.9810465363319,25.625683916244164,0.20872101069113078,0.14673843714788298,1.2808532577262692,7.426937101057452e-07,7.273556837903355e-07,1.533802631540944e-08,8.600867231749994e-05,8.594319627074317e-05,6.547604587215813e-08,14.800258843289399,830.2360039499068,8.526170287326057e-06,4.733330230874999e-06,0.3470140258405965,1711.543378717294,0.01823220958951187,1685.327038536354
977,0.6826708948507353,120.00487647542975,0.3853348538970803,119.45719751461039,0.16234410692228363,2070.678253948405,2047.5913990389504,23.08685490945071,0.1044981213922776,0.12692460659030314,1.158326592606592,9.888269093770962e-07,9.710201251744114e-07,1.78067842026849e-08,0.00011268847477103145,0.00011262700489627073,6.146987318127062e-08,39.70296712432971,414.010354576636,9.10587077659147e-06,4.2757942162542725e-06,0.3076377348272262,1723.7248042418494,0.021767596213014457,-2260.133219900392
978,0.6165272317201536,73.5226821610572,0.2628922329426801,73.09731918099199,0.16247074712253362,1469.460648310703,1454.429736612757,15.03091169794659,0.07094546502754058,0.0917248864074248,0.9331529779338357,1.1403764079298093e-08,-3.519754480523755e-09,1.492351855982186e-08,-6.604724227780453e-06,-6.656939401597945e-06,5.2215172567317075e-08,10.189496568002372,-274.0320005075081,6.486776561064181e-06,4.002495253971625e-06,0.2577717199464086,1044.8907583341543,0.01780806129621071,-388.62106094503906
979,0.6323917847593877,106.0011796158248,0.3409959762269996,105.4012668620235,0.2589167775742824,1534.8474102647813,1514.3326974801266,20.51471278465541,0.15033777439069373,0.10789024465942165,0.9892115314907874,2.206403545783337e-06,2.1917546400230157e-06,1.464890576032113e-08,0.00025774878097724823,0.00025768996192431214,5.881905183613881e-08,16.128375463786156,141.08024113001912,7.6210387146071295e-06,3.5062251843494103e-06,0.2743195480910301,1452.6220608556719,0.01682281724892749,-556.2692479010984
980,0.5920318821462331,77.68973660177366,0.20424726105868762,77.28971778982591,0.19577155088905526,1699.1335498499554,1678.6408717654615,20.492678084492468,0.10041792063339228,0.09916196008911264,0.9420528941454746,-2.796597315221822e-07,-2.9431654909596204e-07,1.4656817573779794e-08,-3.666927393776601e-05,-3.6719820149103516e-05,5.05462102408707e-08,4.383071975540201,-51.082098650262665,6.236772152600715e-06,2.425844618441099e-06,0.26118636413482194,1065.7186647260098,0.018334520747379048,-2205.515574893572
981,0.5899796084073018,72.6427852333781,0.2225804233586292,72.1119598247403,0.30824498527917266,1495.9369175783736,1478.9922649222779,16.944652656095553,0.11348994145512374,0.08899478539863741,0.9039204176832428,8.036207851965503e-07,7.873168537009819e-07,1.6303931495568394e-08,8.872251480869553e-05,8.867265666621428e-05,4.9858141373264124e-08,10.234195057190998,561.5633764986164,5.6883545696763095e-06,3.2017770638013113e-06,0.2508351836208248,1009.4558073174587,0.018826524992776605,-1327.525423495419
982,0.6661304894971092,111.26036179653609,0.49038164438391796,110.50850187655323,0.261478275598956,1682.367469971975,1661.5289649671608,20.838505004814674,0.1465484543398748,0.1257877097713974,1.1939210486473766,1.8011139439665335e-06,1.7845350480698056e-06,1.657889589672812e-08,0.00020887225507590362,0.00020881072381320225,6.153126149063984e-08,9.054507978240837,604.8238132611457,8.456825249198442e-06,3.51215186328029e-06,0.31746124408229665,1539.50407509687,0.01968927093289106,-5650.271235904114
983,0.6606047871082643,110.53908114328782,0.400188531308673,109.79983891567659,0.3390536963025572,1284.6229075299034,1258.5089864230765,26.113921106825735,0.3908822025460374,0.11678586782548075,1.085767238206486,6.046134475640714e-07,5.888858039869825e-07,1.5727643577089032e-08,6.740021158011343e-05,6.73393866018623e-05,6.082497667784301e-08,48.578042180590614,461.6594381620525,9.108674412549926e-06,3.322188301182775e-06,0.2872967316613478,1549.2129979898177,0.017844759864460567,785.3486878013573
984,0.7233938824896089,130.23371973319482,0.37443813820580385,129.6302229363245,0.22905865866452832,1727.1933971205551,1704.3764959337295,22.81690118682211,0.36715839468611483,0.1520130815454211,1.3613507067024069,3.4968056374361006e-06,3.479968975350865e-06,1.6836662085235958e-08,0.00040358932224994205,0.00040352535206760896,6.39701810309033e-08,12.193940724104303,534.3923312803943,9.164583359885535e-06,3.6168764162587894e-06,0.36149442169908363,1823.4174156161826,0.017820505891950836,861.8506670827846
985,0.6235440208342141,91.61090020139982,0.24172064711100463,91.23193661361249,0.1372429406763063,1603.571251135583,1583.9768884356836,19.59436269990014,0.13563600746567916,0.10122484314394767,0.9710259717390668,9.175524680654739e-07,9.023349287143678e-07,1.5217539351106217e-08,0.00010585881546894896,0.00010580377357271208,5.5041895171278976e-08,8.523551510924827,339.0787404113936,7.865054513606091e-06,2.682055060618474e-06,0.2647524847157649,1303.571550249867,0.018012819337013753,-819.9399569696907
986,0.5630006312467731,70.54757274460171,0.20499344815452242,70.09840687497122,0.24417242147595816,2302.187367709693,2283.6601136597515,18.52725404994315,0.1702421501414388,0.09058456152115363,0.9178573510056095,5.461041260349739e-07,5.339726648289192e-07,1.2131461206054867e-08,5.568241055101446e-05,5.5630387492315274e-05,5.202305754883412e-08,12.325554785020667,502.33816278750885,5.763666986844753e-06,2.2944438899368344e-06,0.2634515810466795,938.1455751828847,0.020175395584100635,951.0898784333767
987,0.6531366710203619,97.3124301529344,0.30468577493485927,96.67500415927579,0.3327402187237606,1415.6390023967922,1397.503550862214,18.135451534578255,0.09268417246750828,0.11241129393188055,1.0265327997555487,1.5670606765269073e-06,1.5519300933688688e-06,1.5130583158038356e-08,0.0001805766770887988,0.0001805182673662344,5.840972040794821e-08,6.015743602387738,546.0384480540064,6.389640515481776e-06,2.553699965979369e-06,0.28853283696881904,1388.7184104560004,0.018267603652128542,2651.5923762104103
988,0.645874077916843,97.56850633028718,0.3258678559582116,97.0269320584968,0.21570641583215955,1227.485665622964,1206.4110882165717,21.07457740639312,0.07480086625261871,0.10863303645072113,1.0905249826403143,1.7988806733372794e-07,1.6046895902776705e-07,1.941910830596087e-08,1.51503500949497e-05,1.5092290803801426e-05,5.8059289850081796e-08,12.326105248537097,722.8551083601058,7.3410932894503916e-06,3.984260186218245e-06,0.290740988803224,1337.8811293021947,0.019282251155246836,2720.0693869761526
989,0.6225392352929201,88.70798917340717,0.264257807084892,88.22552833786646,0.218203028455835,1190.4525609979555,1174.1386342336618,16.31392676429631,0.14703666392569303,0.11180789627450832,1.1098646046390137,1.1140459962780982e-07,9.390926885905497e-08,1.7495330768754875e-08,9.013202004893873e-06,8.95685055644558e-06,5.635144688376001e-08,19.490339349566444,491.23849209437884,6.564332568058194e-06,3.9457624028269584e-06,0.29602346511806105,1205.3455199893003,0.019332140303911106,-1883.8610860750669
990,0.6508200914387893,85.15709369304837,0.24253683059061357,84.61905260804734,0.29550425441041955,1166.3327174845892,1150.2617854004052,16.070932084183156,0.08414121263596451,0.1101386257436729,1.1211954090967913,-1.6022176189222975e-07,-1.7609007110184979e-07,1.5868309209619994e-08,-2.2267940536275936e-05,-2.2320967522803065e-05,5.302698500718999e-08,29.28733974475028,571.5184735816483,5.633784776449829e-06,3.03567426265541e-06,0.29459194227129715,1204.1131407805992,0.018500844863813738,1591.9824910813768
991,0.6027825130201095,78.91817331623517,0.23381664351609388,78.35024624920881,0.3341104235102661,1518.0599707327376,1488.0004819548967,30.059488777840713,0.07047446932086386,0.10684926201620984,1.0882008453525214,-7.43172331481116e-07,-7.587355893514295e-07,1.5563257870313143e-08,-9.460086791082117e-05,-9.464959940223312e-05,4.873149033870918e-08,8.48098647519199,468.449036554828,6.731870763012287e-06,2.9356244946079215e-06,0.2943637796736763,1072.610347590959,0.019575673601729973,-2.6947930746864586
992,0.6618236447636745,109.07821240160989,0.3504546116382519,108.29680680686275,0.43095098310889324,1479.8762757308953,1460.9742187244597,18.902057006436525,0.13581764501827343,0.12524816885692105,1.1294092627660446,1.1637956795846932e-06,1.1475759296781457e-06,1.6219749906547486e-08,0.00013885460014092653,0.00013880057802902695,5.4022110510938494e-08,16.63856907972135,132.1113730485512,7.303655475913843e-06,2.588170332237613e-06,0.31561715505070964,1482.2372276781666,0.018575751380119607,183.57488977154935
993,0.5922685804101867,68.11448689119196,0.19083462789926284,67.67275837115673,0.2508938921359529,1422.7913909309036,1402.2731502288252,20.51824070207737,0.10011397360109801,0.09710892508432624,0.9873618498563534,-7.461914861481162e-07,-7.625993041195392e-07,1.6407817971423003e-08,-9.136173975135026e-05,-9.14101690520695e-05,4.842929918529076e-08,32.76620519795727,136.6767743659549,5.563175881169293e-06,3.4776728050239123e-06,0.27061089311087644,961.8540462022379,0.018931078529636124,-429.9633247599122
994,0.5972445281079032,80.41703921292553,0.27402062973200364,79.84465596478937,0.2983626184041756,1360.9312845313846,1338.9750386778535,21.956245853531513,0.10293119932705135,0.0900606832763609,0.9059195122357376,-1.3941426142075836e-06,-1.4106946851746177e-06,1.6552070967034322e-08,-0.00016695407939066128,-0.00016700743271598899,5.3353323975953766e-08,6.6612393578694,578.7595230452933,6.635583227374847e-06,2.8575304261974025e-06,0.24706525645363106,1130.7631653800117,0.01791111239829362,2267.7009156322347
995,0.6139843802846506,78.98333617346705,0.23399991822519733,78.6364776669794,0.11285858826245213,1426.0453257595937,1404.5275250543298,21.517800705263692,0.07395766749402419,0.0965347226936789,0.9387938993516448,1.2449184025620976e-06,1.2273634639999917e-06,1.75549385621058e-08,0.00014497149947827914,0.00014491726267972904,5.4236797723695126e-08,5.808275757768287,485.2469220097332,5.969639441209978e-06,3.242365079967866e-06,0.2565705828652473,1118.1227252812987,0.019420426586759902,-1515.2306495184312
996,0.5694297314159603,80.2201172608444,0.22470270477793328,79.83211939027437,0.16329516579209677,1826.7241695349524,1811.0406656813082,15.683503853647485,0.12139925674857588,0.10074505074956894,0.9786559410033064,3.0386393569126586e-06,3.0249536744277035e-06,1.3685682484953759e-08,0.0003576789925601367,0.0003576243720267304,5.4620532509537884e-08,14.646247284089295,-11.697068570651345,6.245717531927486e-06,2.5177034197240987e-06,0.2688003520814223,1137.7349987783489,0.019217582416202444,19.571120608630736
997,0.630974459110386,84.9414138277043,0.27798254817650414,84.34618755655976,0.3172437229680446,1205.3646915405075,1192.0495559542958,13.315135586213586,0.10021814437131692,0.10946951961029087,1.0220836577668302,1.7720145836832598e-06,1.755360741083959e-06,1.665384259930095e-08,0.0002053337415264037,0.00020528388545800353,4.9856067135899996e-08,4.529911817182522,397.0148305750861,6.133628430182431e-06,4.224952742668607e-06,0.2776484088122057,1212.2005495159922,0.01972280674314723,310.34356033210497
998,0.5861185142871002,87.56923931935066,0.2396424447466301,87.07508348291618,0.2545133916878357,1887.6345840501126,1866.5187212474939,21.115862802620832,0.09281402315224825,0.10439031523869116,0.9824555226618223,5.653507953536171e-07,5.490064364195597e-07,1.6344358934057363e-08,6.481012036170591e-05,6.475698853621298e-05,5.313182396349509e-08,7.12704772916917,592.9966581259004,7.440077889943947e-06,3.3896194377892854e-06,0.286313538358904,1237.133179305837,0.019438271617334024,1622.2552930239945
999,0.6122325980253728,83.00274755535617,0.2549339840278928,82.53398412298722,0.21382944834107237,1395.949706565799,1376.5359245859586,19.41378197983872,0.16991437707555765,0.09975454219708395,0.9632248296092589,-2.771073178900283e-07,-2.9182535160503686e-07,1.471803371500864e-08,-3.776167631891651e-05,-3.781546357129078e-05,5.3787251115280755e-08,27.26443392084066,122.95209598003791,6.2036066763849285e-06,2.7722319675995066e-06,0.2678448768562747,1139.889470697039,0.01965080978260319,2106.185303251561
1000,0.719402014955056,117.17985574113125,0.4436530961549914,116.40999046276754,0.3262121822086999,1415.3615267722164,1394.3382490143372,21.023277757880045,0.11476870061583355,0.13000002394236798,1.1765191539813558,-4.557530088560734e-07,-4.7457501030625393e-07,1.8822001450180523e-08,-6.398096430765285e-05,-6.404912974023598e-05,6.816543105348966e-08,12.452649730824193,-119.79895296053918,1.0354274142874864e-05,3.617929303686655e-06,0.3278296759728964,1630.07231784008,0.01900600959344064,-1014.6947014754151
